tree
version=v4
num_class=1
num_tree_per_iteration=1
label_index=0
max_feature_idx=15
objective=binary sigmoid:1
feature_names=Column_0 Column_1 Column_2 Column_3 Column_4 Column_5 Column_6 Column_7 Column_8 Column_9 Column_10 Column_11 Column_12 Column_13 Column_14 Column_15
feature_infos=[37:99] [12:97] [1:5] [1.875:43.125] [0:0.96875] [0.125:2.25] [0.125:6.6979166670000003] [0:6.3151041670000003] [0.125:84.75] [0.125:84.75] [0:82.5] [0:78.052083332999999] [0:1] [0:1] [0:1] [0.018835291000000001:0.96999999999999997]
tree_sizes=1259 1282 1283 1288 1172 1287 1399 1393 1397 1402 1399 1293 1405 1494 1401 1390 1395 1502 1388 1494 1497 1393 1502 1605 1496 1496 1706 1706 1709 1495 1602 1715 1714 1386 1498 1713 1597 1498 1705 1705 1495 1717 1706 1702 1713 1708 1713 1615 1596 1612 1723 1613 1497 1724 1728 1500 1626 1629 1614 1726 1731 1736 1623 1736 1738 1628 1737 1634 1628 1738 1625 1623 1738 1629 1628 1733 1626 1635 1733 1639 1733 1421 1403 1633 1405 1631 1627 1745 1636 1726 1631 1518 1637 1315 1414 1639 1311 1093 1638 1435 1096 1533 1637 1527 1314 1428 1643 1422 1327 1095 1535 1319 1532 1317 990 1532 1526 1640 1426 1420

Tree=0
num_leaves=11
num_cat=0
split_feature=9 1 1 0 9 15 6 8 0 3
split_gain=263.651 9.20888 5.4617 10.3972 1.39045 0.511074 0.310297 0.648975 1.42109e-14 1.42109e-14
threshold=0.29166666650000006 64.500000000000014 66.500000000000014 83.000000000000014 0.52083333350000005 0.40115435900000002 0.18750000000000003 0.43750000000000006 71.500000000000014 18.687500000000004
decision_type=2 2 2 2 2 2 2 2 2 2
left_child=2 4 6 -4 -2 8 7 -1 -6 -8
right_child=1 -3 3 -5 5 -7 9 -9 -10 -11
leaf_value=0.2258741575948453 0.05270755309133715 0.10535020086040364 0.13022022367862177 0.22587415759484536 0.025000896370775905 0.041070757268701394 0.22587415759484533 0.20578683147243843 0.025000896370775835 0.22587415759484536
leaf_weight=8.7119609117507952 7.2184818983077994 4.9782633781433097 5.2271765470504743 6.2228292226791382 11.947832107543951 6.2228292226791373 9.2097872495651263 7.4673950672149649 12.196745276451109 11.201092600822447
leaf_count=35 29 20 21 25 48 25 37 30 49 45
internal_value=0.13206 0.0414467 0.212344 0.182206 0.0329826 0.0282939 0.221775 0.216603 0.0250009 0.225874
internal_weight=90.6044 42.5642 48.0402 11.45 37.5859 30.3674 36.5902 16.1794 24.1446 20.4109
internal_count=364 171 193 46 151 122 147 65 97 82
is_linear=0
shrinkage=1


Tree=1
num_leaves=11
num_cat=0
split_feature=9 1 1 9 4 1 15 1 1 8
split_gain=238.28 8.24162 5.14185 1.24475 0.701322 1.66956 0.457638 0.171359 0.000524101 2.84217e-14
threshold=0.29166666650000006 64.500000000000014 70.500000000000014 0.52083333350000005 0.66145833350000005 55.500000000000007 0.40115435900000002 45.500000000000007 62.500000000000007 0.79166666650000017
decision_type=2 2 2 2 2 2 2 2 2 2
left_child=2 3 4 -2 7 -6 9 -1 -9 -5
right_child=1 -3 -4 6 5 -7 -8 8 -10 -11
leaf_value=0.079929369463233257 -0.075100693693662623 -0.025332806638506546 0.03934697346436019 -0.10126580105212667 0.090064660790849571 0.052557374253818678 -0.086089542826200113 0.090062214891713691 0.090624028122277211 -0.10126580105212675
leaf_weight=4.9388988614082363 7.2449669390916815 4.9861523509025565 7.6772441118955603 8.4986720979213768 6.914671838283537 5.1967952847480774 6.247365102171897 17.533517822623256 5.4388606846332541 15.747539475560187
leaf_count=20 29 20 31 34 28 21 25 71 22 63
internal_value=1.30017e-05 -0.0857481 0.0768289 -0.0937303 0.0840187 0.073971 -0.0981566 0.0883787 0.0901952 -0.101266
internal_weight=90.4247 42.7247 47.7 37.7385 40.0227 12.1115 30.4936 27.9113 22.9724 24.2462
internal_count=364 171 193 151 162 49 122 113 93 97
is_linear=0
shrinkage=0.05


Tree=2
num_leaves=11
num_cat=0
split_feature=9 1 1 9 4 1 15 1 6 0
split_gain=216.16 7.4669 4.7788 1.1382 0.656724 1.55772 0.419795 0.160308 0.000419071 1.42109e-14
threshold=0.29166666650000006 64.500000000000014 70.500000000000014 0.52083333350000005 0.66145833350000005 55.500000000000007 0.40115435900000002 45.500000000000007 0.41406250000000006 80.500000000000014
decision_type=2 2 2 2 2 2 2 2 2 2
left_child=2 3 4 -2 7 -6 9 -1 -9 -5
right_child=1 -3 -4 6 5 -7 -8 8 -10 -11
leaf_value=0.076746788197594673 -0.07130312233859519 -0.024037170718841219 0.037536385957027553 -0.096328539798973808 0.086614088562314798 0.050230948232090206 -0.081790870118991804 0.086895875749445461 0.08645236841126662 -0.096328539798973836
leaf_weight=4.8877887725830105 7.2490912228822699 4.9920049309730521 7.6459764242172232 19.22203582525254 6.8326526284217817 5.1663744002580643 6.2468342483043662 14.167442262172701 8.5351273417472822 4.99273657798767
leaf_count=20 29 20 31 77 28 21 25 58 35 20
internal_value=2.25751e-05 -0.0815027 0.0737247 -0.0891097 0.0807139 0.0709487 -0.0933473 0.0849607 0.0867291 -0.0963285
internal_weight=89.9381 42.7027 47.2354 37.7107 39.5894 11.999 30.4616 27.5904 22.7026 24.2148
internal_count=364 171 193 151 162 49 122 113 93 97
is_linear=0
shrinkage=0.05


Tree=3
num_leaves=11
num_cat=0
split_feature=9 1 1 0 9 15 6 8 7 1
split_gain=196.743 6.83575 4.51909 9.67691 1.05946 0.392943 0.283607 0.621981 0.000315065 0.000100177
threshold=0.29166666650000006 64.500000000000014 66.500000000000014 83.000000000000014 0.52083333350000005 0.40115435900000002 0.18750000000000003 0.43750000000000006 0.86718750000000011 45.500000000000007
decision_type=2 2 2 2 2 2 2 2 2 2
left_child=2 4 6 -4 -2 -6 7 -1 -8 -10
right_child=1 -3 3 -5 5 -7 8 -9 9 -11
leaf_value=0.083923985699916007 -0.06788116793941032 -0.022816148742797027 -0.0068983431357359792 0.086101446855591596 -0.092073983305722501 -0.077980659067241928 0.08396559093245462 0.063949595198748196 0.083720662575694216 0.083434009938319967
leaf_weight=8.4266092628240568 7.2341113090515128 4.9960848689079276 5.1779382824897748 6.0833877772092819 24.070300519466404 6.2249410897493354 6.9837126284837749 7.2509735375642768 5.051320016384123 7.6846163719892502
leaf_count=35 29 20 21 25 97 25 29 30 21 32
internal_value=3.01145e-05 -0.0777587 0.0709283 0.0433403 -0.085073 -0.0891781 0.0797051 0.0746857 0.0836957 0.0835477
internal_weight=89.184 42.5254 46.6586 11.2613 37.5294 30.2952 35.3972 15.6776 19.7196 12.7359
internal_count=364 171 193 46 151 122 147 65 82 53
is_linear=0
shrinkage=0.05


Tree=4
num_leaves=10
num_cat=0
split_feature=9 1 1 9 4 1 15 1 1
split_gain=179.608 6.31372 4.3634 1.00101 0.614934 1.43467 0.374086 0.160209 0.00120515
threshold=0.29166666650000006 64.500000000000014 70.500000000000014 0.52083333350000005 0.66145833350000005 55.500000000000007 0.40115435900000002 45.500000000000007 62.500000000000007
decision_type=2 2 2 2 2 2 2 2 2
left_child=2 3 4 -2 7 -6 -5 -1 -9
right_child=1 -3 -4 6 5 -7 -8 8 -10
leaf_value=0.071086153886573925 -0.064773381323487852 -0.021664003991270529 0.033646302408953901 -0.08837306025193721 0.081015875332736229 0.045681385965210562 -0.074572563837096428 0.08100893658126912 0.0818788691528963
leaf_weight=4.7460328340530422 7.2028857618570319 4.9986255168914786 7.5450049936771384 23.83023771643639 6.614962235093115 5.0779753029346466 6.1849255114793769 16.772810608148578 5.2202069759368888
leaf_count=20 29 20 31 97 28 21 25 71 22
internal_value=3.7129e-05 -0.0744261 0.0684102 -0.0815124 0.0752351 0.0656709 -0.0855293 0.0794175 0.0812154
internal_weight=88.1937 42.2167 45.977 37.218 38.432 11.6929 30.0152 26.7391 21.993
internal_count=364 171 193 151 162 49 122 113 93
is_linear=0
shrinkage=0.05


Tree=5
num_leaves=11
num_cat=0
split_feature=9 1 1 9 4 1 15 1 1 0
split_gain=164.34 5.87597 4.14567 0.957701 0.593335 1.37426 0.361212 0.154885 0.000956694 1.42109e-14
threshold=0.29166666650000006 64.500000000000014 70.500000000000014 0.52083333350000005 0.66145833350000005 55.500000000000007 0.40115435900000002 45.500000000000007 62.500000000000007 75.500000000000014
decision_type=2 2 2 2 2 2 2 2 2 2
left_child=2 3 4 -2 7 -6 9 -1 -9 -5
right_child=1 -3 -4 6 5 -7 -8 8 -10 -11
leaf_value=0.06873381387972298 -0.061930852694166719 -0.020575677126694045 0.032145262145405432 -0.08512743743221303 0.078602485616591319 0.043780768522559306 -0.071499057286003503 0.078596280988269276 0.079379146053513303 -0.085127437432213071
leaf_weight=4.6650881916284588 7.1579244136810294 4.9998345971107474 7.5035255402326575 15.753995403647428 6.4805518388748151 5.0346107929944992 6.1296258121728888 16.431894153356556 5.1179423481225959 7.7558131217956534
leaf_count=20 29 20 31 65 28 21 25 71 22 32
internal_value=4.18106e-05 -0.0714345 0.0660881 -0.078345 0.0728384 0.0633779 -0.082309 0.076994 0.0787822 -0.0851274
internal_weight=87.0308 41.7972 45.2336 36.7974 37.7301 11.5152 29.6394 26.2149 21.5498 23.5098
internal_count=364 171 193 151 162 49 122 113 93 97
is_linear=0
shrinkage=0.05


Tree=6
num_leaves=12
num_cat=0
split_feature=9 1 1 15 9 15 6 8 7 1 0
split_gain=150.694 5.50425 3.99845 9.37777 0.925907 0.352928 0.279049 0.626344 0.000753015 0.00023394 7.10543e-15
threshold=0.29166666650000006 64.500000000000014 66.500000000000014 0.96000000000000008 0.52083333350000005 0.40115435900000002 0.18750000000000003 0.43750000000000006 0.86718750000000011 45.500000000000007 72.500000000000014
decision_type=2 2 2 2 2 2 2 2 2 2 2
left_child=2 4 6 -4 -2 10 7 -1 -8 -10 -6
right_child=1 -3 3 -5 5 -7 8 -9 9 -11 -12
leaf_value=0.07700212172797305 -0.059314186873261711 -0.019546623443668372 -0.010145906935815375 0.082331891576640739 -0.082260870782834603 -0.068706557045377842 0.077062060502941149 0.056423151203859358 0.076668975684248505 0.076217554568274323 -0.082260870782834644
leaf_weight=7.9593990892171842 7.1014320105314246 4.9998971819877616 5.290332764387129 5.6895867884159088 11.680342540144926 6.0615286231040946 6.5993980467319515 6.9052707850933075 4.7630434334278089 7.2210786193609238 11.441968202590941
leaf_count=35 29 20 22 24 49 25 29 30 21 32 48
internal_value=4.55688e-05 -0.0687287 0.0639546 0.0377743 -0.0755057 -0.0794456 0.0725487 0.0674423 0.0766332 0.076397 -0.0822609
internal_weight=85.7133 41.2852 44.4281 10.9799 36.2853 29.1838 33.4482 14.8647 18.5835 11.9841 23.1223
internal_count=364 171 193 46 151 122 147 65 82 53 97
is_linear=0
shrinkage=0.05


Tree=7
num_leaves=12
num_cat=0
split_feature=9 1 1 0 13 6 6 8 15 7 1
split_gain=138.45 5.18488 3.84746 9.20397 0.917219 0.597242 0.27468 0.60822 0.0214644 0.000602167 0.000185935
threshold=0.29166666650000006 64.500000000000014 66.500000000000014 83.000000000000014 1.0000000180025095e-35 0.57421875000000011 0.18750000000000003 0.43750000000000006 0.45251721600000006 0.86718750000000011 45.500000000000007
decision_type=2 2 2 2 2 2 2 2 2 2 2
left_child=2 4 6 -4 5 -2 7 -1 -7 -8 -11
right_child=1 -3 3 -5 -6 8 9 -9 -10 10 -12
leaf_value=0.075003689969496676 -0.064540291954606699 -0.01857279158305403 -0.01288317304596342 0.079292108948884221 -0.054050242198895454 -0.079713286662033311 0.0750576503300769 0.054518950156521598 -0.083485986589051348 0.074701042074696231 0.074293566387019033
leaf_weight=7.7677487879991514 7.9146359413862255 4.9989759922027579 5.082206115126608 5.7977957874536514 5.444618120789527 17.535595223307613 6.4408640414476421 6.7920256704092026 4.8026789724826804 4.6470315903425199 7.0422070324420929
leaf_count=35 33 20 21 25 23 75 29 30 20 21 32
internal_value=4.97973e-05 -0.0662641 0.0619904 0.0362357 -0.0729426 -0.0763427 0.0705622 0.0654477 -0.0805244 0.0746695 0.0744556
internal_weight=84.2664 40.6965 43.5699 10.88 35.6975 30.2529 32.6899 14.5598 22.3383 18.1301 11.6892
internal_count=364 171 193 46 151 128 147 65 95 82 53
is_linear=0
shrinkage=0.05


Tree=8
num_leaves=12
num_cat=0
split_feature=9 1 1 15 4 8 3 9 1 15 6
split_gain=127.419 4.90484 3.73619 0.937881 0.596151 1.37857 0.315931 0.754594 0.167145 0.00946649 0.00198756
threshold=0.29166666650000006 64.500000000000014 70.500000000000014 0.53043924600000014 0.66145833350000005 0.56250000000000011 17.125000000000004 0.64583333350000005 45.500000000000007 0.35643401500000005 0.41406250000000006
decision_type=2 2 2 2 2 2 2 2 2 2 2
left_child=2 3 4 6 8 -6 7 -2 -1 -8 -10
right_child=1 -3 -4 -5 5 -7 9 -9 10 -11 -12
leaf_value=0.062394392944770206 -0.053253797764171051 -0.017650509960205459 0.02769638388949159 -0.04991947298204364 0.075998059020392972 0.040338718094245489 -0.077582317849738736 -0.077668975244309685 0.073568097322630907 -0.080182170871490335 0.072539741756104364
leaf_weight=4.3700415194034603 5.2251107841730144 4.9972167611122122 7.3284250795841208 4.7411244213581076 5.1373847573995572 5.7369573414325714 12.143208190798761 8.0255873650312406 12.590713337063791 4.919897034764289 7.4960861653089514
leaf_count=20 22 20 31 20 23 26 53 35 58 21 35
internal_value=5.40245e-05 -0.0639931 0.0601864 -0.0705994 0.0669255 0.0571853 -0.0738338 -0.0680414 0.0712563 -0.0783319 0.0731843
internal_weight=82.7118 40.0521 42.6596 35.0549 35.3312 10.8743 30.3138 13.2507 24.4568 17.0631 20.0868
internal_count=364 171 193 151 162 49 131 57 113 74 93
is_linear=0
shrinkage=0.05


Tree=9
num_leaves=12
num_cat=0
split_feature=9 1 8 1 9 6 15 1 4 1 11
split_gain=117.396 4.66102 3.75684 10.8003 0.916457 0.395669 0.367144 0.0886553 0.00243437 0.000541092 9.56429e-05
threshold=0.29166666650000006 64.500000000000014 0.43750000000000006 59.500000000000007 0.52083333350000005 0.57421875000000011 0.40115435900000002 68.500000000000014 0.48437500000000006 45.500000000000007 0.39583333350000005
decision_type=2 2 2 2 2 2 2 2 2 2 2
left_child=2 4 7 5 -2 -4 10 8 -1 -7 -6
right_child=1 -3 3 -5 6 9 -8 -9 -10 -11 -12
leaf_value=0.070981246000454565 -0.052125806194206904 -0.016776481193575596 0.054717646097881212 -0.013638880588636501 -0.075383476595483626 0.07180502717183769 -0.061360604101020483 0.078583572828536952 0.072343769693631862 0.071078678231735734 -0.075606816721311768
leaf_weight=7.2867275923490542 6.8640399426221839 4.9947476387023917 5.4089620560407665 5.9097165763378134 7.1469165086746278 4.8630848675966245 5.7881409376859656 6.9006772190332404 5.9591997414827347 5.4234972298145294 14.557680934667586
leaf_count=35 29 20 25 26 32 23 25 30 28 26 65
internal_value=5.54046e-05 -0.0619079 0.0584564 0.0439732 -0.0684691 0.0656654 -0.0725495 0.0739882 0.0715942 0.0714221 -0.0755333
internal_weight=81.1034 39.3515 41.7519 21.6053 34.3568 15.6955 27.4927 20.1466 13.2459 10.2866 21.7046
internal_count=364 171 193 100 151 74 122 93 63 49 97
is_linear=0
shrinkage=0.05


Tree=10
num_leaves=12
num_cat=0
split_feature=9 1 1 0 13 6 6 8 15 1 1
split_gain=108.309 4.44512 3.7534 8.53663 0.916242 0.600099 0.292783 0.578019 0.0208741 0.00121078 0.000432841
threshold=0.29166666650000006 64.500000000000014 66.500000000000014 83.000000000000014 1.0000000180025095e-35 0.57421875000000011 0.18750000000000003 0.43750000000000006 0.45251721600000006 59.500000000000007 45.500000000000007
decision_type=2 2 2 2 2 2 2 2 2 2 2
left_child=2 4 6 -4 5 -2 7 -1 -7 10 -8
right_child=1 -3 3 -5 -6 8 9 -9 -10 -11 -12
leaf_value=0.070076456077352259 -0.057953951446875235 -0.015947694304193179 -0.016107294128553693 0.074257496502220341 -0.047138408607145944 -0.073559840704451124 0.070267005113747311 0.049409416439754272 -0.077382853958297651 0.070884117875492703 0.069667567208548414
leaf_weight=7.143828436732294 7.5561868548393276 4.9916815757751456 5.0097895562648755 5.4640394151210785 5.1648394465446463 16.327410653233532 5.1303642839193362 6.4267953932285309 4.569938287138938 4.353841319680213 7.2915660291910172
leaf_count=35 33 20 21 25 23 75 25 30 20 21 36
internal_value=5.85887e-05 -0.0599755 0.0568422 0.0310347 -0.0665127 -0.0700295 0.0657494 0.0602889 -0.0743959 0.0701666 0.0699151
internal_weight=79.4303 38.6101 40.8202 10.4738 33.6184 28.4535 30.3464 13.5706 20.8973 16.7758 12.4219
internal_count=364 171 193 46 151 128 147 65 95 82 61
is_linear=0
shrinkage=0.05


Tree=11
num_leaves=11
num_cat=0
split_feature=9 1 1 13 4 1 6 1 15 1
split_gain=100.068 5.49038 3.67354 0.92777 0.614575 1.40718 0.455319 0.188718 0.0166428 0.00271645
threshold=0.29166666650000006 65.500000000000014 70.500000000000014 1.0000000180025095e-35 0.66145833350000005 55.500000000000007 0.57421875000000011 45.500000000000007 0.45251721600000006 62.500000000000007
decision_type=2 2 2 2 2 2 2 2 2 2
left_child=2 3 4 6 7 -6 -2 -1 -8 -9
right_child=1 -3 -4 -5 5 -7 8 9 -10 -11
leaf_value=0.057231699108909385 -0.058519476227599503 -0.0062513460414382604 0.022677863222349409 -0.045490463796155997 0.069090999002282549 0.031765442260818649 -0.071889008775511895 0.068815751582504234 -0.075345194462762277 0.070232749825210036
leaf_weight=4.0415617972612408 7.9249552339315441 4.4893071055412284 7.0687089264392844 5.0863610804080954 5.5902795642614347 4.6052729040384293 15.882811248302461 14.084523275494577 4.4615934044122687 4.4511034339666358
leaf_count=20 35 18 31 23 28 21 75 71 20 22
internal_value=6.20048e-05 -0.0581627 0.0553691 -0.0651494 0.0624202 0.0522313 -0.0686865 0.0670214 -0.072647 0.069156
internal_weight=77.6865 37.845 39.8414 33.3557 32.7727 10.1956 28.2694 22.5772 20.3444 18.5356
internal_count=364 171 193 153 162 49 130 113 95 93
is_linear=0
shrinkage=0.05


Tree=12
num_leaves=12
num_cat=0
split_feature=9 1 8 1 13 6 6 1 15 4 1
split_gain=92.5069 5.21598 3.77918 10.0572 0.901897 0.464874 0.407302 0.0840519 0.0133441 0.00253348 0.000424947
threshold=0.29166666650000006 65.500000000000014 0.43750000000000006 59.500000000000007 1.0000000180025095e-35 0.57421875000000011 0.57421875000000011 68.500000000000014 0.45251721600000006 0.48437500000000006 45.500000000000007
decision_type=2 2 2 2 2 2 2 2 2 2 2
left_child=2 4 7 6 5 -2 -4 9 -7 -1 -8
right_child=1 -3 3 -5 -6 8 10 -9 -10 -11 -12
leaf_value=0.067015004255696273 -0.056634517951387492 -0.0059406967914735062 0.049803604634555396 -0.016828801480682807 -0.043917863292437929 -0.070370671254402287 0.067766797299497791 0.074698078625777917 -0.073506951908642856 0.068467662663974277 0.067092964197158086
leaf_weight=6.6288638412952441 7.7829132676124599 4.4878954589366904 5.0517949461936977 5.7737673521041861 5.007105514407157 15.425812214612963 4.4483502209186536 6.5647072345018378 4.3474012464284888 5.4849347770214081 4.9359994977712631
leaf_count=35 35 18 25 26 23 75 23 30 20 28 26
internal_value=6.27499e-05 -0.0564742 0.0539286 0.0389439 -0.0634388 -0.0669858 0.0612503 0.0701419 -0.0710602 0.0676727 0.0674124
internal_weight=75.9395 37.0511 38.8884 20.2099 32.5632 27.5561 14.4361 18.6785 19.7732 12.1138 9.38435
internal_count=364 171 193 100 153 130 74 93 95 63 49
is_linear=0
shrinkage=0.05


Tree=13
num_leaves=13
num_cat=0
split_feature=9 1 1 8 10 3 9 6 8 7 1 1
split_gain=85.6049 4.96634 3.67304 10.146 0.920774 0.357763 0.727123 0.308711 0.583013 0.012676 0.00295313 0.000331854
threshold=0.29166666650000006 65.500000000000014 66.500000000000014 0.18750000000000003 0.31250000000000006 17.125000000000004 0.64583333350000005 0.18750000000000003 0.43750000000000006 0.96093750000000011 59.500000000000007 45.500000000000007
decision_type=2 2 2 2 2 2 2 2 2 2 2 2
left_child=2 4 7 -4 -2 6 -6 8 -1 -7 11 -9
right_child=1 -3 3 -5 5 9 -8 10 -10 -11 -12 -13
leaf_value=0.0664813051467011 -0.041039355885050144 -0.0056454991147465846 0.071472547786862586 -0.029698369833563488 -0.044392355710619141 -0.07270463476251042 -0.069425102064757771 0.066579586057022938 0.044913915442976043 -0.069489743504216106 0.067831667963991857 0.066029197679836865
leaf_weight=6.5083988457918185 4.5549014061689403 4.4864736199378958 5.59313717484474 4.4496138095855713 5.0340010374784487 4.2393079102039328 6.8458927869796753 4.6741741746664029 6.0426973253488541 11.079470828175543 4.0448560118675223 6.6140987277030945
leaf_count=35 21 18 27 19 23 20 34 25 30 55 21 36
internal_value=6.55492e-05 -0.0548877 0.0525746 0.026647 -0.0618452 -0.0653295 -0.0588177 0.0619126 0.0560977 -0.0703794 0.0666725 0.0662571
internal_weight=74.167 36.24 37.927 10.0428 31.7536 27.1987 11.8799 27.8842 12.5511 15.3188 15.3331 11.2883
internal_count=364 171 193 46 153 132 57 147 65 75 82 61
is_linear=0
shrinkage=0.05


Tree=14
num_leaves=12
num_cat=0
split_feature=9 1 8 1 13 6 6 1 15 4 1
split_gain=79.3169 4.73882 3.63951 12.7806 0.912303 0.851805 0.496845 0.0670969 0.0122036 0.00207452 0.000415109
threshold=0.29166666650000006 65.500000000000014 0.43750000000000006 62.500000000000007 1.0000000180025095e-35 0.57421875000000011 0.57421875000000011 68.500000000000014 0.45251721600000006 0.48437500000000006 50.500000000000007
decision_type=2 2 2 2 2 2 2 2 2 2 2
left_child=2 4 7 5 6 -4 -2 9 -8 -1 -7
right_child=1 -3 3 -5 -6 10 8 -9 -10 -11 -12
leaf_value=0.064879983305756048 -0.053161204950196606 -0.0053649666633316349 0.041046662835709034 -0.04416757296456942 -0.040348064016297099 0.065341381817360489 -0.067729835500226765 0.071947165060695914 -0.070806257837676592 0.066239013472752836 0.066005157352620539
leaf_weight=6.1847395002841967 7.4822013229131761 4.4850496351718894 5.4810896962881115 3.9266149550676337 4.8094233572483054 6.106459900736807 14.492815077304842 6.2598542869091025 4.1456734389066687 5.1431206911802292 3.8343553096055984
leaf_count=35 35 18 28 17 23 34 75 30 20 28 21
internal_value=6.8436e-05 -0.0533955 0.0513307 0.0363668 -0.0603602 0.0568718 -0.064045 0.0677928 -0.0684141 0.065497 0.0655974
internal_weight=72.3514 35.4152 36.9362 19.3485 30.9301 15.4219 26.1207 17.5877 18.6385 11.3279 9.94082
internal_count=364 171 193 100 153 83 130 93 95 63 55
is_linear=0
shrinkage=0.05


Tree=15
num_leaves=12
num_cat=0
split_feature=9 1 1 10 4 1 3 9 1 7 8
split_gain=73.5397 4.52785 3.6218 0.95144 0.653069 1.38441 0.366202 0.747807 0.223664 0.00984757 0.00556659
threshold=0.29166666650000006 65.500000000000014 70.500000000000014 0.31250000000000006 0.66145833350000005 55.500000000000007 17.125000000000004 0.64583333350000005 45.500000000000007 0.96093750000000011 0.43750000000000006
decision_type=2 2 2 2 2 2 2 2 2 2 2
left_child=2 3 4 -2 8 -6 7 -5 -1 -8 -10
right_child=1 -3 -4 6 5 -7 9 -9 10 -11 -12
leaf_value=0.051486816002958007 -0.037409606039844515 -0.0050983736103614218 0.016890638017164415 -0.041058033745411358 0.064849260365101608 0.02606211304867441 -0.070000641935954622 -0.067049882449865428 0.064305137796240586 -0.067087511510759826 0.066146076315863542
leaf_weight=3.5903324037790361 4.3783698976039913 4.4836307466030112 6.6674005538225165 4.853315934538843 4.9238136708736402 4.3180270045995712 4.021161511540412 6.4383527487516403 7.9072681963443783 10.414136707782744 8.542464613914488
leaf_count=20 21 18 31 23 28 21 20 34 46 55 47
internal_value=7.21506e-05 -0.0519748 0.0501496 -0.0589561 0.0577225 0.0467269 -0.062623 -0.0558782 0.0627934 -0.067899 0.0652612
internal_weight=70.5383 34.589 35.9493 30.1053 29.2819 9.24184 25.727 11.2917 20.0401 14.4353 16.4497
internal_count=364 171 193 153 162 49 132 57 113 75 93
is_linear=0
shrinkage=0.05


Tree=16
num_leaves=12
num_cat=0
split_feature=9 1 8 1 9 6 15 1 6 4 0
split_gain=68.1715 5.85816 3.67652 11.8702 1.00164 0.887584 0.409952 0.0602367 0.0152357 0.00209662 0.000326162
threshold=0.29166666650000006 66.500000000000014 0.43750000000000006 62.500000000000007 0.52083333350000005 0.57421875000000011 0.40115435900000002 68.500000000000014 0.9205729170000001 0.48437500000000006 69.500000000000014
decision_type=2 2 2 2 2 2 2 2 2 2 2
left_child=2 4 7 5 -2 -4 8 9 -6 -1 -7
right_child=1 -3 3 -5 6 10 -8 -9 -10 -11 -12
leaf_value=0.063093430399050035 -0.040624602452985527 0.0063101630614533395 0.037968980585505574 -0.043547384228890568 -0.069344478748558216 0.063363360683074438 -0.050620051889379195 0.070004061643585178 -0.065801112628149361 0.064505984201076436 0.063975366883211524
leaf_weight=5.75411105155945 6.3445435911417034 3.9841983318328849 5.2206516712904003 3.9267069846391669 3.843580022454268 3.4934918135404569 5.1891294270753852 6.0148814767599097 14.397195011377333 4.8336793929338455 5.7770970910787582
leaf_count=35 30 16 28 17 20 21 26 30 79 28 34
internal_value=7.16808e-05 -0.0506288 0.0489452 0.0335638 -0.058248 0.0544587 -0.0630202 0.0660083 -0.0665477 0.0637383 0.0637447
internal_weight=68.7793 33.7586 35.0206 18.4179 29.7744 14.4912 23.4299 16.6027 18.2408 10.5878 9.27059
internal_count=364 171 193 100 155 83 125 93 99 63 55
is_linear=0
shrinkage=0.05


Tree=17
num_leaves=13
num_cat=0
split_feature=9 1 8 1 15 6 9 3 1 6 4 6
split_gain=63.2915 5.55642 3.55344 11.964 1.17851 0.901663 0.432486 0.761939 0.0495334 0.0259515 0.00174336 0.000558883
threshold=0.29166666650000006 66.500000000000014 0.43750000000000006 63.500000000000007 0.56493699350000015 0.57421875000000011 0.64583333350000005 17.125000000000004 68.500000000000014 0.9205729170000001 0.48437500000000006 1.8958333330000001
decision_type=2 2 2 2 2 2 2 2 2 2 2 2
left_child=2 4 8 5 6 -4 7 -2 10 -8 -1 -7
right_child=1 -3 3 -5 -6 11 9 -9 -10 -11 -12 -13
leaf_value=0.062292980646605212 -0.038156049682147836 0.005992273799481522 0.036790824528052317 -0.046610125504404562 -0.031197889593158223 0.063449368989557622 -0.069599535888876948 -0.066271230953660887 0.068669720299508061 -0.064909127446016499 0.063605010377666554 0.062660278248452425
leaf_weight=5.5420209467411059 4.6838863343000465 3.9857392311096183 5.1210085898637798 3.7671473026275626 3.8442894220352164 3.9739723801612836 3.9686546623706809 4.9633543640375137 5.8298620879650107 11.478574633598326 4.6614075899124146 5.1543213129043579
leaf_count=35 23 16 28 16 19 24 21 27 30 65 28 32
internal_value=7.48345e-05 -0.0493546 0.0478708 0.0326333 -0.0569776 0.0535832 -0.0609268 -0.0526209 0.0649931 -0.0661142 0.0628924 0.0630038
internal_weight=66.9742 32.9245 34.0497 18.0164 28.9388 14.2493 25.0945 9.64724 16.0333 15.4472 10.2034 9.12829
internal_count=364 171 193 100 155 84 136 50 93 86 63 56
is_linear=0
shrinkage=0.05


Tree=18
num_leaves=12
num_cat=0
split_feature=9 1 1 15 4 1 9 3 1 6 8
split_gain=58.801 5.27614 3.54089 1.15985 0.681597 1.37205 0.43752 0.756057 0.19793 0.0220821 0.00940147
threshold=0.29166666650000006 66.500000000000014 70.500000000000014 0.56493699350000015 0.66145833350000005 55.500000000000007 0.64583333350000005 17.125000000000004 46.500000000000007 0.9205729170000001 0.43750000000000006
decision_type=2 2 2 2 2 2 2 2 2 2 2
left_child=2 3 4 6 8 -6 7 -2 -1 -8 -10
right_child=1 -3 -4 -5 5 -7 9 -9 10 -11 -12
leaf_value=0.050570824303251286 -0.036869162850251574 0.0056906214616968551 0.013323359390433751 -0.030052860706107916 0.062456478575983743 0.022352301520218141 -0.068372907806230551 -0.065233003968724418 0.061817861365053794 -0.063973227559063289 0.064397700841230227
leaf_weight=4.0515636503696504 4.6069879531860405 3.9871299266815177 6.358442857861518 3.7925598472356787 4.4394471943378431 4.1045161485671997 3.8410960882902137 4.7945121228694916 7.0657602995634061 11.074419379234312 7.0599561333656311
leaf_count=25 23 16 31 19 28 21 21 27 46 65 42
internal_value=7.76659e-05 -0.0481357 0.0468583 -0.0557706 0.0548382 0.0431904 -0.0597816 -0.051334 0.060313 -0.0651062 0.0631073
internal_weight=65.1764 32.0967 33.0797 28.1096 26.7212 8.54396 24.317 9.4015 18.1773 14.9155 14.1257
internal_count=364 171 193 155 162 49 136 50 113 86 88
is_linear=0
shrinkage=0.05


Tree=19
num_leaves=13
num_cat=0
split_feature=9 1 8 1 15 6 9 3 1 6 4 1
split_gain=54.5798 5.01508 3.60285 11.0699 1.14348 0.943885 0.443473 0.751654 0.0447827 0.0188293 0.00175147 0.000487503
threshold=0.29166666650000006 66.500000000000014 0.43750000000000006 63.500000000000007 0.56493699350000015 0.57421875000000011 0.64583333350000005 17.125000000000004 68.500000000000014 0.9205729170000001 0.48437500000000006 51.500000000000007
decision_type=2 2 2 2 2 2 2 2 2 2 2 2
left_child=2 4 8 5 6 -4 7 -2 10 -8 -1 -7
right_child=1 -3 3 -5 -6 11 9 -9 -10 -11 -12 -13
leaf_value=0.060870799947851995 -0.035625496844383993 0.005404346199859294 0.033902004076661017 -0.045583256631574129 -0.0289459172551427 0.061245484593794725 -0.067241733914023147 -0.064275610318824311 0.067138829430211974 -0.063108290236327635 0.062233244377685841 0.062042582299217879
leaf_weight=5.1319090574979764 4.5313755720853894 3.9883849620819083 4.8712389618158367 3.7702926248311988 3.7420234382152548 5.5420279055833799 3.7136593759059897 4.6268796473741531 5.5862358808517447 10.675012126564978 4.3654643148183823 2.9335631728172302
leaf_count=35 23 16 28 16 19 37 21 27 30 65 28 19
internal_value=7.62776e-05 -0.0469664 0.04577 0.03007 -0.0546206 0.051441 -0.0587008 -0.0500999 0.0635865 -0.0641751 0.061497 0.0615214
internal_weight=63.4781 31.2773 32.2007 17.1171 27.289 13.3468 23.5469 9.15826 15.0836 14.3887 9.49737 8.47559
internal_count=364 171 193 100 155 84 136 50 93 86 63 56
is_linear=0
shrinkage=0.05


Tree=20
num_leaves=13
num_cat=0
split_feature=9 1 8 1 15 6 9 3 1 6 4 1
split_gain=50.7475 4.77115 3.48887 10.2582 1.12895 0.945204 0.450239 0.748425 0.037087 0.0160849 0.00146556 0.000410175
threshold=0.29166666650000006 66.500000000000014 0.43750000000000006 63.500000000000007 0.56493699350000015 0.57421875000000011 0.64583333350000005 17.125000000000004 68.500000000000014 0.9205729170000001 0.48437500000000006 51.500000000000007
decision_type=2 2 2 2 2 2 2 2 2 2 2 2
left_child=2 4 8 5 6 -4 7 -2 10 -8 -1 -7
right_child=1 -3 3 -5 -6 11 9 -9 -10 -11 -12 -13
leaf_value=0.060228951981702375 -0.034422021345370583 0.0051326311386012888 0.032832442286146894 -0.042988751328944835 -0.027875160538677557 0.06057763713667802 -0.066196181499702397 -0.063390998490268705 0.066040515551728921 -0.062307488678791489 0.061499787409114298 0.061323136992888209
leaf_weight=4.9323223680257815 4.4572274684906095 3.9895176887512198 4.7807645946741131 3.7972207218408576 3.6927528530359259 5.3283807635307294 3.586913898587226 4.461076557636261 5.3999072015285483 10.281569078564642 4.2008216381072998 2.822396531701088
leaf_count=35 23 16 28 16 19 37 21 27 30 65 28 19
internal_value=7.90405e-05 -0.0458412 0.0448348 0.0292661 -0.0535211 0.050483 -0.0576772 -0.0489128 0.0627556 -0.0633133 0.0608135 0.0608358
internal_weight=61.7309 30.4691 31.2618 16.7288 26.4795 12.9315 22.7868 8.9183 14.5331 13.8685 9.13314 8.15078
internal_count=364 171 193 100 155 84 136 50 93 86 63 56
is_linear=0
shrinkage=0.05


Tree=21
num_leaves=12
num_cat=0
split_feature=9 1 1 15 4 8 9 3 1 6 1
split_gain=47.2019 4.54253 3.44924 1.11585 0.709401 1.36385 0.457724 0.746108 0.222212 0.0137622 0.0131225
threshold=0.29166666650000006 66.500000000000014 70.500000000000014 0.56493699350000015 0.66145833350000005 0.56250000000000011 0.64583333350000005 17.125000000000004 46.500000000000007 0.9205729170000001 63.500000000000007
decision_type=2 2 2 2 2 2 2 2 2 2 2
left_child=2 3 4 6 8 -6 7 -2 -1 -8 -10
right_child=1 -3 -4 -5 5 -7 9 -9 10 -11 -12
leaf_value=0.047430213754087222 -0.033256112561289276 0.0048747196197385552 0.010153604632435611 -0.026838923849965796 0.062732005657804416 0.020967034414638128 -0.065227751967232614 -0.062572132855476414 0.060513727100868359 -0.061564830248226766 0.064317117019952588
leaf_weight=3.669080927968035 4.3846900612115949 3.9905397891998282 6.0486849397420874 3.6448043882846823 3.5944802761077872 4.2848790436983109 3.4613436609506598 4.2976259589195251 9.7886487096548063 9.8951055556535703 2.9516982585191718
leaf_count=25 23 16 31 19 23 26 21 27 69 65 19
internal_value=8.16235e-05 -0.044755 0.0439379 -0.0524662 0.0523512 0.0400198 -0.0567044 -0.0477671 0.0582725 -0.0625141 0.0613949
internal_weight=60.0116 29.6741 30.3375 25.6836 24.2888 7.87936 22.0388 8.68232 16.4094 13.3564 12.7403
internal_count=364 171 193 155 162 49 136 50 113 86 88
is_linear=0
shrinkage=0.05


Tree=22
num_leaves=13
num_cat=0
split_feature=9 1 8 1 15 15 9 3 1 1 1 4
split_gain=43.8342 4.32766 3.48172 13.2705 1.10385 0.909342 0.465845 0.744479 0.0338529 0.0119097 0.00230822 0.00101101
threshold=0.29166666650000006 66.500000000000014 0.43750000000000006 65.500000000000014 0.56493699350000015 0.93417306500000008 0.64583333350000005 17.125000000000004 68.500000000000014 54.500000000000007 52.500000000000007 0.48437500000000006
decision_type=2 2 2 2 2 2 2 2 2 2 2 2
left_child=2 4 8 5 6 10 7 -2 11 -8 -4 -1
right_child=1 -3 3 -5 -6 -7 9 -9 -10 -11 -12 -13
leaf_value=0.059071589777585969 -0.032125508270858867 0.0046298829381474886 0.059530400441082244 -0.064408486219382222 -0.025835744863996896 0.03259907125664771 -0.060929323750826894 -0.061812846321618535 0.064722810275342268 -0.064521247560333367 0.061320049213709184 0.060170449173496746
leaf_weight=4.5464566498994845 4.3138813674450009 3.9914622306823722 5.2382850646972638 3.1748176962137213 3.5982206165790549 4.7949849218130112 9.8389220982789976 4.1369654536247253 5.1512197256088248 3.0148969739675513 2.7462698966264725 3.8791752904653549
leaf_count=35 23 16 39 13 19 29 67 27 30 19 19 28
internal_value=7.9679e-05 -0.0437037 0.0429188 0.0270813 -0.0514507 0.0498101 -0.0557768 -0.0466584 0.0615297 -0.0617718 0.0601459 0.0595775
internal_weight=58.4256 28.8943 29.5312 15.9544 24.9029 12.7795 21.3047 8.45085 13.5769 12.8538 7.98455 8.42563
internal_count=364 171 193 100 155 87 136 50 93 86 58 63
is_linear=0
shrinkage=0.05


Tree=23
num_leaves=14
num_cat=0
split_feature=9 9 4 4 8 1 11 3 6 6 1 4 4
split_gain=40.8101 4.19987 5.00935 3.62036 1.43091 4.39176 0.70884 0.438308 0.350073 0.187507 0.0259363 0.00183977 0.000689426
threshold=0.29166666650000006 0.64583333350000005 0.66145833350000005 0.89062500000000011 0.43750000000000006 63.500000000000007 0.39583333350000005 17.125000000000004 2.9036458335000002 0.87890625000000011 68.500000000000014 0.70312500000000011 0.48437500000000006
decision_type=2 2 2 2 2 2 2 2 2 2 2 2 2
left_child=3 2 6 4 10 7 -2 -6 9 -3 12 -11 -1
right_child=1 8 -4 -5 5 -7 -8 -9 -10 11 -12 -13 -14
leaf_value=0.058551367161686463 -0.032374321478450756 -0.074626238143225346 0.020836846878619419 -0.010795356452548597 0.039668904622676915 -0.018804195620099565 -0.061759009068557968 0.059862086351947723 -0.04571216256097782 -0.060071056841262675 0.063740157880874698 -0.061583819213084645 0.059544223241176086
leaf_weight=4.3621723353862816 5.0010941773653048 3.2896254956722251 4.4988825619220725 2.9043467119336119 4.6444840580224973 2.7967522889375678 3.4807286262512207 6.3768583983182907 3.143636241555213 5.5741963535547239 4.6164198517799377 3.1431315988302231 2.9180949628353119
leaf_count=35 26 18 22 17 32 12 23 47 21 40 28 21 22
internal_value=8.29621e-05 -0.0426834 -0.0218117 0.0421203 0.0480969 0.0371529 -0.0444331 0.0513525 -0.0605659 -0.0644548 0.0608084 -0.0606165 0.0589493
internal_weight=56.7504 28.1313 12.9807 28.6191 25.7148 13.8181 8.48182 11.0213 15.1506 12.007 11.8967 8.71733 7.28027
internal_count=364 171 71 193 176 91 49 79 100 79 85 61 57
is_linear=0
shrinkage=0.05


Tree=24
num_leaves=13
num_cat=0
split_feature=9 1 4 8 1 15 9 3 3 1 1 4
split_gain=37.9163 4.09507 3.44937 1.4111 4.14784 1.12493 0.462786 0.73798 0.442185 0.0216622 0.00829474 0.000581014
threshold=0.29166666650000006 66.500000000000014 0.89062500000000011 0.43750000000000006 63.500000000000007 0.56493699350000015 0.64583333350000005 17.125000000000004 17.125000000000004 68.500000000000014 54.500000000000007 0.48437500000000006
decision_type=2 2 2 2 2 2 2 2 2 2 2 2
left_child=2 5 3 9 8 6 7 -2 -5 11 -8 -1
right_child=1 -3 -4 4 -6 -7 10 -9 -10 -11 -12 -13
leaf_value=0.058065161179281358 -0.030410120690980876 0.0052176930435836608 -0.010209572693250908 0.038683800603072707 -0.01781110320918133 -0.02335816869750405 -0.059704836126578287 -0.060672415323318456 0.059292343196058507 0.062902459456136817 -0.062819208963036791 0.058995651903387417
leaf_weight=4.1832896843552643 4.2003240436315625 3.9875836968421927 2.917099989950656 4.527620501816271 2.804840922355651 3.4798526167869559 9.0967229902744275 3.8713398277759552 6.1226615980267525 4.4482646733522415 2.7948299050331107 2.8009328171610832
leaf_count=35 23 16 17 32 12 19 67 27 47 28 19 22
internal_value=8.33822e-05 -0.0416242 0.0412299 0.0472592 0.0362847 -0.0495919 -0.0541648 -0.0449246 0.0505313 0.0601753 -0.0604368 0.0584383
internal_weight=55.2354 27.4307 27.8047 24.8876 13.4551 23.4431 19.9632 8.07166 10.6503 11.4325 11.8916 6.98422
internal_count=364 171 193 176 91 155 136 50 79 85 86 57
is_linear=0
shrinkage=0.05


Tree=25
num_leaves=13
num_cat=0
split_feature=9 9 4 1 4 1 9 8 1 1 1 15
split_gain=35.2584 4.0968 4.60475 3.399 0.714013 1.41807 0.713177 0.357662 0.257892 0.169623 0.0182106 0.00331473
threshold=0.29166666650000006 0.64583333350000005 0.66145833350000005 70.500000000000014 0.66145833350000005 55.500000000000007 0.52083333350000005 7.2500000000000009 46.500000000000007 59.500000000000007 63.500000000000007 0.26594070500000005
decision_type=2 2 2 2 2 2 2 2 2 2 2 2
left_child=3 2 6 4 8 -6 -2 9 -1 11 -10 -3
right_child=1 7 -4 -5 5 -7 -8 -9 10 -11 -12 -13
leaf_value=0.043460929150748819 -0.030014972731006243 -0.059097329388787312 0.020785358350015184 0.0057638037613678833 0.059003750635307654 0.014556704003944754 -0.060183101679497288 -0.044872187054584886 0.058446092355636192 -0.074124728177476867 0.063225308627767235 -0.061240101338062819
leaf_weight=3.2030749469995561 4.7710448205471057 5.1996141076087934 4.478368639945983 5.6213567554950705 3.5604445189237586 3.6181411743164062 3.3238098323345184 3.3539751917123786 8.3942768573760969 2.8125187307596207 2.6138593181967726 2.7643696963787079
leaf_count=25 25 40 22 31 28 21 24 25 69 16 19 19
internal_value=8.4243e-05 -0.0406575 -0.0198959 0.0403623 0.0494549 0.0366016 -0.0424022 -0.0591311 0.0559476 -0.0635689 0.0595809 -0.0598411
internal_weight=53.7149 26.7037 12.5732 27.0112 21.3898 7.17859 8.09485 14.1305 14.2112 10.7765 11.0081 7.96398
internal_count=364 171 71 193 162 49 49 100 113 75 88 59
is_linear=0
shrinkage=0.05


Tree=26
num_leaves=15
num_cat=0
split_feature=9 9 1 8 1 6 1 6 1 1 1 4 15 0
split_gain=32.7294 3.97814 4.54133 3.47948 13.2368 0.87138 0.544119 0.359617 0.162168 0.0220645 0.00231224 0.00159507 0.00127875 6.2717e-05
threshold=0.29166666650000006 0.64583333350000005 55.500000000000007 0.43750000000000006 66.500000000000014 0.57421875000000011 46.500000000000007 2.9036458335000002 59.500000000000007 68.500000000000014 52.500000000000007 0.60937500000000011 0.30442637350000007 70.500000000000014
decision_type=2 2 2 2 2 2 2 2 2 2 2 2 2 2
left_child=3 2 6 9 5 -5 -2 8 12 11 -7 13 -3 -1
right_child=1 7 -4 4 -6 10 -8 -9 -10 -11 -12 -13 -14 -15
leaf_value=0.057461378404936883 -0.033689695252342569 -0.058610761095210309 0.01282879377963673 0.030271387335467567 -0.071527756835790199 0.057731013188008398 -0.062511837862518127 -0.042503176241325907 -0.073340209540569148 0.062231941780920376 0.059649293581477691 0.058863054706450514 -0.059980742689032585 0.057102069489528728
leaf_weight=2.4643856212496775 3.3535300269722956 5.7530592307448369 5.8551800101995468 4.5723189711570722 2.9494517892599097 4.512120820581913 3.2000640481710434 2.8482407107949248 2.6060932278633109 4.60027976334095 2.4099217131733894 2.3853289633989334 2.4197417423129082 2.3945275545120239
leaf_count=22 21 46 29 30 12 39 21 21 15 30 19 19 18 22
internal_value=8.19427e-05 -0.0396539 -0.0191724 0.0394363 0.0229636 0.0472101 -0.0477633 -0.0583042 -0.0624796 0.0595239 0.0583989 0.0578041 -0.0590164 0.0572843
internal_weight=52.3242 26.0359 12.4088 26.2883 14.4438 11.4944 6.55359 13.6271 10.7789 11.8445 6.92204 7.24424 8.1728 4.85891
internal_count=364 171 71 193 100 88 42 100 79 93 58 63 64 44
is_linear=0
shrinkage=0.05


Tree=27
num_leaves=15
num_cat=0
split_feature=9 9 1 8 1 15 1 0 1 1 4 1 4 0
split_gain=30.4755 3.86318 4.23805 3.36315 12.1839 0.877916 0.53907 0.362986 0.135306 0.0184941 0.00208096 0.00197418 0.00146926 4.90335e-05
threshold=0.29166666650000006 0.64583333350000005 55.500000000000007 0.43750000000000006 66.500000000000014 0.93417306500000008 46.500000000000007 60.500000000000007 60.500000000000007 68.500000000000014 0.76562500000000011 52.500000000000007 0.64062500000000011 70.500000000000014
decision_type=2 2 2 2 2 2 2 2 2 2 2 2 2 2
left_child=3 2 6 9 5 11 -2 -3 10 12 -9 -5 13 -1
right_child=1 7 -4 4 -6 -7 -8 8 -10 -11 -12 -13 -14 -15
leaf_value=0.05702920002115585 -0.032658865943777211 -0.041670119007534506 0.01214205303431788 0.057297650641252966 -0.067878916610532011 0.029300515325414278 -0.061770325570635956 -0.05797390817144768 -0.071919783465394335 0.061503122955678072 -0.059663952856552661 0.059107455143665437 0.058440726015374922 0.056707955144172421
leaf_weight=2.4643787890672701 3.2880981639027613 2.8336351439356795 5.8764610961079597 4.3237010538578016 2.9524881690740576 4.4897647649049759 3.0796063542366028 4.8570092096924764 2.5303316786885262 4.4264568090438843 2.9142795205116272 2.3128692954778671 2.1845292374491692 2.2931738123297691
leaf_count=23 21 22 29 39 12 30 21 41 15 30 22 19 18 22
internal_value=8.45615e-05 -0.038684 -0.0184791 0.0387496 0.0224157 0.0463763 -0.046738 -0.0575182 -0.0618775 0.0589776 -0.0586077 0.0579284 0.0573673 0.0568744
internal_weight=50.8268 25.3794 12.2442 25.4474 14.0788 11.1263 6.3677 13.1353 10.3016 11.3685 7.77129 6.63657 6.94208 4.75755
internal_count=364 171 71 193 100 88 42 100 78 93 63 58 63 45
is_linear=0
shrinkage=0.05


Tree=28
num_leaves=15
num_cat=0
split_feature=9 9 4 8 1 6 11 6 1 1 1 4 15 0
split_gain=28.3826 3.75226 4.1723 3.25213 11.2299 0.884342 0.708075 0.361989 0.116484 0.0155267 0.00168675 0.00123904 0.000894354 4.16282e-05
threshold=0.29166666650000006 0.64583333350000005 0.66145833350000005 0.43750000000000006 66.500000000000014 0.57421875000000011 0.39583333350000005 2.9036458335000002 59.500000000000007 68.500000000000014 52.500000000000007 0.64062500000000011 0.30442637350000007 70.500000000000014
decision_type=2 2 2 2 2 2 2 2 2 2 2 2 2 2
left_child=3 2 6 9 5 -5 -2 8 12 11 -7 13 -3 -1
right_child=1 7 -4 4 -6 10 -8 -9 -10 -11 -12 -13 -14 -15
leaf_value=0.056640705395446883 -0.028087020929838849 -0.057704522822308306 0.020749767494446507 0.028351215542215966 -0.064569442556410658 0.056891552761763976 -0.059318672704111543 -0.040396592982784835 -0.070610335678813183 0.060825185599158962 0.058600025970818329 0.057964219619780169 -0.058897124206430819 0.056338204773550705
leaf_weight=2.3598606288433093 4.6801184117794055 5.3088182359933835 4.438453197479248 4.4101516604423505 2.9486969113349906 4.1414451152086258 2.9642429649829865 2.6661012396216384 2.447990708053112 4.2563119828701019 2.2186366766691208 2.094637468457222 2.233353964984417 2.19528778642416
leaf_count=23 26 46 22 30 12 39 23 21 15 30 19 18 18 22
internal_value=8.68266e-05 -0.0377389 -0.0178095 0.0380877 0.0218868 0.0455569 -0.0401977 -0.0567652 -0.0611336 0.0584671 0.0574875 0.0569577 -0.0580577 0.0564949
internal_weight=49.3641 24.7391 12.0828 24.625 13.7189 10.7702 7.64436 12.6563 9.99016 10.9061 6.36008 6.64979 7.54217 4.55515
internal_count=364 171 71 193 100 88 49 100 79 93 58 63 64 45
is_linear=0
shrinkage=0.05


Tree=29
num_leaves=13
num_cat=0
split_feature=9 1 8 1 3 15 6 15 1 1 4 0
split_gain=26.435 3.6764 3.14618 10.3623 1.23806 0.890551 0.735116 0.0195906 0.0130548 0.00144211 0.00104611 3.53722e-05
threshold=0.29166666650000006 66.500000000000014 0.43750000000000006 66.500000000000014 10.354166666500001 0.93417306500000008 0.18750000000000003 0.45251721600000006 68.500000000000014 52.500000000000007 0.64062500000000011 70.500000000000014
decision_type=2 2 2 2 2 2 2 2 2 2 2 2
left_child=2 4 8 5 -2 9 -6 -8 10 -4 11 -1
right_child=1 -3 3 -5 6 -7 7 -9 -10 -11 -12 -13
leaf_value=0.056276073751319294 -0.018663878751778201 0.0073278620732406255 0.056510682768904558 -0.061546034640666547 -0.036110777739503115 0.02742298332810722 -0.057276187328551234 -0.062055192627102379 0.060193725839938199 0.058124371328274631 0.057518072692032976 0.055991047905189273
leaf_weight=2.2589449137449282 3.5555854663252893 3.9461388587951651 3.9653425887227041 2.9390985518693915 5.4466803297400501 4.3334423154592514 8.2777786180376989 2.8942042216658583 4.0901223719120026 2.1272648721933365 2.0075437426567078 2.1008417308330536
leaf_count=23 26 16 39 12 35 30 75 19 30 19 18 22
internal_value=8.8662e-05 -0.036809 0.0374476 0.0213747 -0.0454423 0.04475 -0.0511716 -0.0585142 0.0579895 0.0570741 0.0565736 0.0561387
internal_weight=47.943 24.1204 23.8226 13.3651 20.1742 10.426 16.6187 11.172 10.4575 6.09261 6.36733 4.35979
internal_count=364 171 193 100 155 88 129 94 93 58 63 45
is_linear=0
shrinkage=0.05


Tree=30
num_leaves=14
num_cat=0
split_feature=9 9 1 4 4 8 1 3 1 6 1 4 4
split_gain=24.6279 3.70644 4.23743 3.10556 1.56263 1.27306 3.56991 0.546043 0.410972 0.0997319 0.0100054 0.00126634 0.000303263
threshold=0.29166666650000006 0.64583333350000005 66.500000000000014 0.89062500000000011 0.57291666650000017 0.43750000000000006 64.500000000000014 17.125000000000004 34.500000000000007 0.87890625000000011 68.500000000000014 0.76562500000000011 0.48437500000000006
decision_type=2 2 2 2 2 2 2 2 2 2 2 2 2
left_child=3 2 4 5 -2 10 7 -7 -3 -10 12 -11 -1
right_child=1 8 -4 -5 -6 6 -8 -9 9 11 -12 -13 -14
leaf_value=0.055726226573064121 -0.050809087533362766 -0.036942428653995808 0.035333350926228101 -0.014588119901912623 -0.0074966611353452315 0.032341466110683406 -0.021895916106170275 0.057273534223677806 -0.068814835773752692 -0.056751634703614107 0.059429705306941694 -0.058198605355133951 0.056488398530189547
leaf_weight=3.2236356139183098 5.2476087510585803 2.3469489365816107 2.9949878454208365 2.6049548387527457 3.4524988979101181 3.8069145381450635 2.401249185204505 5.1900892555713654 2.529418081045149 4.7075662687420845 3.6212429255247116 2.2275568395853043 2.1929896846413612
leaf_count=35 39 20 12 17 20 32 10 49 16 45 28 19 22
internal_value=9.18241e-05 -0.0359155 -0.0159627 0.0368267 -0.0336212 0.0433804 0.032268 0.046724 -0.0556717 -0.0603161 0.0573951 -0.0572164 0.0560348
internal_weight=46.5477 23.5066 11.6951 23.0411 8.70011 20.4361 11.3983 8.997 11.8115 9.46454 9.03787 6.93512 5.41663
internal_count=364 171 71 193 59 176 91 81 100 80 85 64 57
is_linear=0
shrinkage=0.05


Tree=31
num_leaves=15
num_cat=0
split_feature=9 9 1 8 1 4 15 1 6 1 1 4 4 0
split_gain=22.9174 3.5803 3.88807 3.02828 9.20945 1.50357 0.914277 0.409524 0.0850038 0.00935139 0.00112254 0.00107248 0.00103786 2.58681e-05
threshold=0.29166666650000006 0.64583333350000005 66.500000000000014 0.43750000000000006 66.500000000000014 0.57291666650000017 0.93417306500000008 34.500000000000007 0.87890625000000011 68.500000000000014 52.500000000000007 0.76562500000000011 0.64062500000000011 70.500000000000014
decision_type=2 2 2 2 2 2 2 2 2 2 2 2 2 2
left_child=3 2 5 9 6 -2 10 -3 -9 12 -5 -10 13 -1
right_child=1 7 -4 4 -6 -7 -8 8 11 -11 -12 -13 -14 -15
leaf_value=0.055611728665643637 -0.049978448355095267 -0.036070602093259775 0.033553779099839857 0.055890702329978614 -0.057897844895484211 -0.0071512166516408023 0.025509445674736175 -0.067723123977755442 -0.056379332957300347 0.059132872268552655 0.057370444828412172 -0.057739683929111642 0.056914516524910953 0.055356922054693593
leaf_weight=2.0678398162126563 5.0725420042872447 2.2850789278745642 2.9961023330688468 3.6622271165251714 2.9193430095911017 3.4386730045080185 4.1629852801561356 2.4438543915748578 4.5067964568734169 3.7849685996770859 1.9716676995158193 2.1353317648172379 1.8777863681316374 1.9217353388667104
leaf_count=23 39 20 12 39 12 20 30 16 45 30 19 19 18 22
internal_value=9.16624e-05 -0.0350939 -0.0154317 0.0360792 0.0200509 -0.0326755 0.0432786 -0.0549916 -0.0597502 0.0571952 0.0564086 -0.0568167 0.0559452 0.055489
internal_weight=45.2469 22.8784 11.5073 22.3686 12.7162 8.51122 9.79688 11.3711 9.08598 9.65233 5.63389 6.64213 5.86736 3.98958
internal_count=364 171 71 193 100 59 88 100 80 93 58 64 63 45
is_linear=0
shrinkage=0.05


Tree=32
num_leaves=15
num_cat=0
split_feature=9 9 1 8 1 0 15 0 6 1 5 1 4 0
split_gain=21.3696 3.45907 3.56819 2.93231 8.51166 1.49756 0.918934 0.460665 0.0730655 0.00789291 0.00157527 0.000961105 0.000879093 2.20288e-05
threshold=0.29166666650000006 0.64583333350000005 66.500000000000014 0.43750000000000006 66.500000000000014 72.500000000000014 0.93417306500000008 58.500000000000007 0.41406250000000006 68.500000000000014 0.41666666650000006 52.500000000000007 0.64062500000000011 70.500000000000014
decision_type=2 2 2 2 2 2 2 2 2 2 2 2 2 2
left_child=3 2 5 9 6 -2 11 -3 -9 12 -10 -5 13 -1
right_child=1 7 -4 4 -6 -7 -8 8 10 -11 -12 -13 -14 -15
leaf_value=0.055308941825013828 -0.01615609157624523 -0.03296214804873128 0.031883282968277714 0.055570805892336796 -0.055388614987708557 -0.060578370370441337 0.024643730064477561 -0.067119190092194067 -0.056121780275479143 0.058614260303410527 -0.057770606981520804 0.056970197639528777 0.056534200076582046 0.055068477081448831
leaf_weight=1.9774856120347997 5.4048011675477046 2.0489644631743422 2.9954363107681266 3.5031639188528043 2.8995149433612815 2.9234459847211838 4.0955139175057411 2.2191488072276098 4.5508080050349236 3.6314203590154648 2.1250106617808342 1.8883508369326589 1.7979172542691229 1.8373438268899915
leaf_count=23 36 19 12 39 12 23 30 15 47 30 19 19 18 22
internal_value=9.26943e-05 -0.0342902 -0.0149169 0.035488 0.0195843 -0.0317495 0.0424982 -0.0543359 -0.0592594 0.0567979 -0.0566466 0.0560609 0.0556227 0.0551931
internal_weight=43.8983 22.2676 11.3237 21.6307 12.3865 8.32825 9.48703 10.9439 8.89497 9.24417 6.67582 5.39151 5.61275 3.81483
internal_count=364 171 71 193 100 59 88 100 81 93 66 58 63 45
is_linear=0
shrinkage=0.05


Tree=33
num_leaves=12
num_cat=0
split_feature=9 1 4 3 8 1 6 3 15 1 4
split_gain=19.9233 3.71358 2.89067 2.14335 1.17284 2.78627 0.695908 0.575385 0.22938 0.00601382 0.000184883
threshold=0.29166666650000006 70.500000000000014 0.89062500000000011 10.354166666500001 0.43750000000000006 64.500000000000014 0.18750000000000003 17.125000000000004 0.56493699350000015 68.500000000000014 0.48437500000000006
decision_type=2 2 2 2 2 2 2 2 2 2 2
left_child=2 3 4 -2 9 7 -5 -6 -8 10 -1
right_child=1 -3 -4 6 5 -7 8 -9 -10 -11 -12
leaf_value=0.05484856039529256 -0.0052606833699240241 0.024521707292171728 -0.015788177913894572 -0.033662855774556265 0.029455170119893931 -0.016915130154216675 -0.05239794765572528 0.056297385027947726 -0.070921542291724787 0.057913353035099951 0.05548475972795467
leaf_weight=2.8175122514367166 3.4645553603768411 2.4473326206207267 2.4783987402915946 5.1744323223829261 3.5211885422468168 2.371968761086463 8.5174210593104345 4.6106238290667534 2.0792497992515555 3.1950670480728149 1.920244827866554
leaf_count=35 27 10 17 36 32 10 85 49 13 28 22
internal_value=9.3696e-05 -0.0334898 0.0349103 -0.0408705 0.0417256 0.0307662 -0.0486932 0.0446743 -0.0560326 0.056237 0.0551064
internal_weight=42.598 21.683 20.915 19.2357 18.4366 10.5038 15.7711 8.13181 10.5967 7.93282 4.73776
internal_count=364 171 193 161 176 91 134 81 98 85 57
is_linear=0
shrinkage=0.05


Tree=34
num_leaves=13
num_cat=0
split_feature=9 1 8 1 3 15 6 15 1 4 1 0
split_gain=18.5067 3.46097 2.82837 7.57977 2.06445 0.941463 0.697767 0.204842 0.00569783 0.000876571 0.000753939 1.61475e-05
threshold=0.29166666650000006 70.500000000000014 0.43750000000000006 66.500000000000014 10.354166666500001 0.93417306500000008 0.18750000000000003 0.52138594850000008 68.500000000000014 0.64062500000000011 52.500000000000007 70.500000000000014
decision_type=2 2 2 2 2 2 2 2 2 2 2 2
left_child=2 4 8 5 -2 10 -6 -8 9 11 -4 -1
right_child=1 -3 3 -5 6 -7 7 -9 -10 -11 -12 -13
leaf_value=0.054755695719528479 -0.0050146756317840761 0.023278557063699912 0.0550591393150687 -0.052363859018008663 -0.032662456203024652 0.022807169817149298 -0.051722246400465903 -0.069163099511853413 0.057751349094312038 0.056042103314078121 0.056348005697667493 0.054540289833732519
leaf_weight=1.8069744557142278 3.4530926346778932 2.4490775018930426 3.2332625016570073 2.8688712269067755 5.0689902305603018 3.9419610202312469 8.07201439142227 2.12719952315092 3.3522880300879478 1.6810651645064352 1.7481091544032095 1.677887290716171
leaf_count=23 27 10 39 12 36 30 84 14 30 18 19 22
internal_value=9.57035e-05 -0.0326162 0.0341927 0.0183344 -0.0399282 0.041064 -0.0478244 -0.0553598 0.0561461 0.0551043 0.0555114 0.054652
internal_weight=41.4808 21.1704 20.3104 11.7922 18.7213 8.92333 15.2682 10.1992 8.51821 5.16593 4.98137 3.48486
internal_count=364 171 193 100 161 88 134 98 93 63 58 45
is_linear=0
shrinkage=0.05


Tree=35
num_leaves=15
num_cat=0
split_feature=9 9 4 8 1 15 3 7 1 1 4 1 9 0
split_gain=17.2285 3.46148 3.3345 2.74059 7.01134 0.943915 0.581238 0.448404 0.0651488 0.00482462 0.000744565 0.000646277 0.000356947 1.37756e-05
threshold=0.29166666650000006 0.64583333350000005 0.66145833350000005 0.43750000000000006 66.500000000000014 0.93417306500000008 17.125000000000004 3.0325520835000002 59.500000000000007 68.500000000000014 0.64062500000000011 52.500000000000007 1.0625000000000002 70.500000000000014
decision_type=2 2 2 2 2 2 2 2 2 2 2 2 2 2
left_child=3 2 6 9 5 11 -2 8 12 10 13 -5 -3 -1
right_child=1 7 -4 4 -6 -7 -8 -9 -10 -11 -12 -13 -14 -15
leaf_value=0.054502866828172583 -0.019479729759219088 -0.05612154586168791 0.022329331769154543 0.054788485158389716 -0.050220129671130459 0.022003526745065411 -0.049405531232904754 -0.031308461118465296 -0.065983099235345385 0.057321103550447311 0.055715020341990024 0.056008627264693037 -0.055319190552376121 0.05429932205487107
leaf_weight=1.7266189604997655 3.2042554095387477 2.1790107339620572 4.2519979178905487 3.0903831347823125 2.8424415290355673 3.8831633254885674 3.2870674431324005 1.9159898757934559 2.0262660905718803 3.2121227383613586 1.6082284972071645 1.6726735457777975 3.8095458298921585 1.6029595062136648
leaf_count=23 21 23 22 39 12 30 28 18 15 30 18 19 44 22
internal_value=9.86721e-05 -0.031759 -0.0120887 0.0336362 0.0179044 0.0403003 -0.0346335 -0.0530386 -0.0582333 0.0558128 0.0548316 0.055217 -0.0556111 0.0544049
internal_weight=40.3127 20.6741 10.7433 19.6386 11.4887 8.64622 6.49132 9.93081 8.01482 8.14993 4.93781 4.76306 5.98856 3.32958
internal_count=364 171 71 193 100 88 49 100 82 93 63 58 67 45
is_linear=0
shrinkage=0.05


Tree=36
num_leaves=14
num_cat=0
split_feature=9 9 1 4 8 1 1 7 1 1 1 9 4
split_gain=16.0419 3.35505 3.22187 2.70179 1.08506 2.30854 0.631008 0.449606 0.333736 0.0557032 0.00364732 0.00030359 0.000113043
threshold=0.29166666650000006 0.64583333350000005 55.500000000000007 0.89062500000000011 0.43750000000000006 59.500000000000007 46.500000000000007 3.0325520835000002 43.500000000000007 59.500000000000007 68.500000000000014 1.0625000000000002 0.48437500000000006
decision_type=2 2 2 2 2 2 2 2 2 2 2 2 2
left_child=3 2 6 4 10 8 -2 9 -6 11 12 -3 -1
right_child=1 7 -4 -5 5 -7 -8 -9 -10 -11 -12 -13 -14
leaf_value=0.05411568753999918 -0.023578492133800023 -0.055789763325325981 0.014978724777096455 -0.017033485244904719 0.03093235440035233 -0.0029485523685030819 -0.058691697135350544 -0.030466056643496012 0.05580955372582385 -0.065086612365659699 0.0566670051015341 -0.055033159917179525 0.054648211799742365
leaf_weight=2.4567881003022256 2.7206023186445254 2.0847535505890828 5.4998716711997986 2.3551572486758223 1.9885994419455508 3.5180463343858719 2.4154544323682785 1.8716613203287122 4.1860857382416725 1.953316658735275 2.8076225891709328 3.6421094834804535 1.676677882671356
leaf_count=35 21 23 29 17 22 21 21 18 48 15 28 44 22
internal_value=9.92524e-05 -0.0309314 -0.0116148 0.0330889 0.0401856 0.029379 -0.040092 -0.0524403 0.0477977 -0.0577955 0.0552763 -0.0553086 0.0543317
internal_weight=39.1767 20.1878 10.6359 18.989 16.6338 9.69273 5.13606 9.55184 6.17469 7.68018 6.94109 5.72686 4.13347
internal_count=364 171 71 193 176 91 42 100 70 82 85 67 57
is_linear=0
shrinkage=0.05


Tree=37
num_leaves=13
num_cat=0
split_feature=9 9 15 1 3 4 1 1 7 8 1 9
split_gain=14.8966 3.24534 3.11699 2.67936 1.30845 0.849873 1.46567 0.560318 0.451215 0.0780455 0.0476445 0.000258391
threshold=0.29166666650000006 0.64583333350000005 0.45251721600000006 70.500000000000014 16.937500000000004 0.66145833350000005 55.500000000000007 45.500000000000007 3.0325520835000002 0.64583333350000005 59.500000000000007 1.0625000000000002
decision_type=2 2 2 2 2 2 2 2 2 2 2 2
left_child=3 2 -2 5 -4 7 -7 -1 10 -9 11 -3
right_child=1 8 4 -5 -6 6 -8 9 -10 -11 -12 -13
leaf_value=0.025711189480428605 0.023796870517053589 -0.055477679670002659 -0.053591060240258628 -0.0029591993822335808 -0.0088301664813718473 0.055525828244588821 0.0020766067041978037 0.054931365402446419 -0.029633251338476236 0.06721670284890309 -0.064246288624318637 -0.054763860968191483
leaf_weight=1.6802038475871102 3.9670754596591014 1.9939520135521869 3.4431608393788338 4.160288803279399 3.1049846336245537 2.3561734631657592 2.8149543404579163 5.79289810359478 1.8291444256901739 1.6641106829047201 1.8817371204495428 3.4810869768261909
leaf_count=20 30 23 21 31 20 28 21 76 18 17 15 44
internal_value=9.7954e-05 -0.0301451 -0.0111777 0.0323592 -0.0323664 0.0426284 0.0264302 0.0517957 -0.0518572 0.057673 -0.0573828 -0.0550238
internal_weight=38.1698 19.7011 10.5152 18.4686 6.54815 14.3083 5.17113 9.13721 9.18592 7.45701 7.35678 5.47504
internal_count=364 171 71 193 41 162 49 113 100 93 82 67
is_linear=0
shrinkage=0.05


Tree=38
num_leaves=15
num_cat=0
split_feature=10 4 9 15 0 0 1 4 0 8 0 1 4 10
split_gain=13.8367 3.57421 2.63674 4.01831 1.29265 3.21549 1.37012 0.667023 0.563876 0.297354 0.180169 0.0396368 0.0106132 0.000243784
threshold=1.0000000180025095e-35 0.89062500000000011 0.64583333350000005 0.45251721600000006 70.500000000000014 80.500000000000014 59.500000000000007 0.48437500000000006 58.500000000000007 0.64583333350000005 65.500000000000014 60.500000000000007 0.29687500000000006 0.66666666650000017
decision_type=2 2 2 2 2 2 2 2 2 2 2 2 2 2
left_child=1 4 3 -2 9 6 -6 -5 -4 10 -1 13 -7 -10
right_child=2 -3 8 7 5 12 -8 -9 11 -11 -12 -13 -14 -15
leaf_value=0.056103488998261952 0.024452877285056532 -0.029866746217696201 -0.023824990689360899 -0.02034000395958082 0.02894167393863924 0.059913208155434043 -0.026946616178106793 -0.052090571305833812 -0.055256971820321625 0.071445805099440082 0.035972876467934921 -0.063435257470757581 0.054840756790372286 -0.05452072185032289
leaf_weight=3.1179644688963917 4.2759348303079623 2.0995973274111739 1.56753536313772 3.036019042134285 1.9167233929038028 1.5731773898005483 2.5630216747522354 3.6342906355857849 1.7651224434375761 2.1020138412714005 1.7272091954946516 1.8217148408293722 2.9933873973786831 3.0970818847417831
leaf_count=35 33 16 18 20 25 17 21 22 21 19 22 15 39 41
internal_value=9.52386e-05 0.0314681 -0.0294725 -0.0133841 0.03952 0.0270632 -0.00303401 -0.0376392 -0.050815 0.0557407 0.0489273 -0.0571448 0.0565882 -0.054788
internal_weight=37.2908 18.0931 19.1977 10.9462 15.9935 9.04631 4.47975 6.67031 8.25145 6.94719 4.84517 6.68392 4.56656 4.8622
internal_count=364 194 170 75 178 102 46 42 95 76 57 77 56 62
is_linear=0
shrinkage=0.05


Tree=39
num_leaves=15
num_cat=0
split_feature=9 9 1 8 1 15 1 5 1 4 1 1 10 4
split_gain=12.83 3.07729 3.04085 2.81924 5.97065 1.06507 0.645088 0.458228 0.035328 0.0041481 0.00176583 0.000755284 0.000103948 5.4825e-05
threshold=0.29166666650000006 0.64583333350000005 55.500000000000007 0.43750000000000006 66.500000000000014 0.93417306500000008 46.500000000000007 0.68750000000000011 60.500000000000007 0.79687500000000011 68.500000000000014 52.500000000000007 1.3125000000000002 0.48437500000000006
decision_type=2 2 2 2 2 2 2 2 2 2 2 2 2 2
left_child=3 2 6 9 5 11 -2 8 12 10 13 -5 -3 -1
right_child=1 7 -4 4 -6 -7 -8 -9 -10 -11 -12 -13 -14 -15
leaf_value=0.053589249259212358 -0.021747528928214084 -0.054676751409279592 0.015544228343978459 0.053966285849018913 -0.048369341570859585 0.0169791910772553 -0.057972150105672471 -0.027616345444397058 -0.062696171262482336 0.057251199210988438 0.055622755019216721 0.055378812200026988 -0.054222925430837801 0.053995965883074995
leaf_weight=2.1822104826569588 2.636748246848585 2.620187468826769 5.4465699195861816 2.6257282905280572 2.7849492579698563 3.5156484022736549 2.3019438609480858 1.7083601504564283 1.7527774944901464 1.6824430450797079 1.9395674243569372 1.4796594344079492 2.4337464570999146 1.3357705958187578
leaf_count=35 21 34 29 39 12 30 21 17 15 16 22 19 34 20
internal_value=9.5388e-05 -0.0284877 -0.0102192 0.0308848 0.0142831 0.0371781 -0.038632 -0.0507687 -0.0565795 0.0550806 0.0544115 0.0544754 -0.0544582 0.0537437
internal_weight=36.4463 18.9003 10.3853 17.546 10.406 7.62104 4.93869 8.51507 6.80671 7.13999 5.45755 4.10539 5.05393 3.51798
internal_count=364 171 71 193 100 88 42 100 83 93 77 58 68 55
is_linear=0
shrinkage=0.05


Tree=40
num_leaves=13
num_cat=0
split_feature=9 1 8 1 3 15 6 10 4 1 1 4
split_gain=11.9446 2.98575 2.72762 5.51713 2.02264 1.05938 0.814508 0.199295 0.00352143 0.00150091 0.000648476 4.6844e-05
threshold=0.29166666650000006 70.500000000000014 0.43750000000000006 66.500000000000014 10.354166666500001 0.93417306500000008 0.18750000000000003 0.22916666650000003 0.79687500000000011 68.500000000000014 52.500000000000007 0.48437500000000006
decision_type=2 2 2 2 2 2 2 2 2 2 2 2
left_child=2 4 8 5 -2 10 -6 -8 9 11 -4 -1
right_child=1 -3 3 -5 6 -7 7 -9 -10 -11 -12 -13
leaf_value=0.053402031094583191 0.00041146924578723526 0.024395643648511548 0.053758319696938867 -0.046465744882227308 -0.027055460329517 0.01632579077319762 -0.069096267810999021 -0.049653278710277859 0.056853046596241609 0.055320248208801472 0.055097259632325681 0.05378679652345382
leaf_weight=2.0828762352466614 3.1517134532332483 2.390099808573722 2.5070880018174635 2.754862442612648 4.487312674522399 3.4746043533086777 1.6352192088961581 6.7936473563313484 1.6113130524754522 1.8548069968819616 1.4145060405135153 1.2754405997693536
leaf_count=35 27 10 39 12 36 30 12 86 16 22 19 20
internal_value=9.49225e-05 -0.0277449 0.0303661 0.0139326 -0.0355009 0.0364292 -0.0442639 -0.0534253 0.0548101 0.0541787 0.0542413 0.0535482
internal_weight=35.4335 18.458 16.9755 10.1511 16.0679 7.3962 12.9162 8.42887 6.82444 5.21312 3.92159 3.35832
internal_count=364 171 193 100 161 88 134 98 93 77 58 55
is_linear=0
shrinkage=0.05


Tree=41
num_leaves=15
num_cat=0
split_feature=9 9 4 8 1 15 3 6 1 4 1 1 10 4
split_gain=11.1078 3.01101 2.94333 2.63973 5.09869 1.05294 0.642724 0.522279 0.0301878 0.00299174 0.00127659 0.000556887 0.000203877 4.00423e-05
threshold=0.29166666650000006 0.64583333350000005 0.66145833350000005 0.43750000000000006 66.500000000000014 0.93417306500000008 17.125000000000004 3.8151041670000008 59.500000000000007 0.79687500000000011 68.500000000000014 52.500000000000007 0.72916666650000017 0.48437500000000006
decision_type=2 2 2 2 2 2 2 2 2 2 2 2 2 2
left_child=3 2 6 9 5 11 -2 8 12 10 13 -5 -3 -1
right_child=1 7 -4 4 -6 -7 -8 -9 -10 -11 -12 -13 -14 -15
leaf_value=0.053225175475752631 -0.014730553884111069 -0.054640450084792097 0.023672143691922828 0.053561981154796795 -0.044661360127231237 0.015691269467411437 -0.047523446869259883 -0.023522114234872726 -0.062007080804645599 0.056479086027838903 0.05503545818792549 0.054831447987987551 -0.053938451134422721 0.053589288561249497
leaf_weight=1.9877100996673136 2.9658936709165591 1.5070380270481099 4.1211677864193916 2.3933367095887648 2.7236568629741669 3.4353757724165916 3.0112014934420586 1.5133671909570692 1.6446539796888826 1.5426197573542593 1.7732458040118215 1.3518775664269922 3.2969682216644287 1.2175950817763803
leaf_count=35 21 20 22 39 12 30 28 16 15 16 22 19 49 20
internal_value=9.72122e-05 -0.0269648 -0.00883667 0.0298527 0.0135882 0.0356827 -0.0312513 -0.0499567 -0.0561603 0.0545551 0.053959 0.0540202 -0.0541587 0.0533635
internal_weight=34.4857 18.0603 10.0983 16.4254 9.90425 7.18059 5.9771 7.96203 6.44866 6.52117 4.97855 3.74521 4.80401 3.20531
internal_count=364 171 71 193 100 88 49 100 84 93 77 58 69 55
is_linear=0
shrinkage=0.05


Tree=42
num_leaves=15
num_cat=0
split_feature=10 4 3 9 1 0 0 3 3 8 3 1 4 9
split_gain=10.357 3.2753 3.25895 1.91206 2.0174 1.35304 3.14666 1.31103 0.362469 0.324087 0.197414 0.0261779 0.0150423 0.000111734
threshold=1.0000000180025095e-35 0.89062500000000011 7.8750000000000009 0.64583333350000005 54.500000000000007 70.500000000000014 80.500000000000014 17.437500000000004 16.937500000000004 0.68750000000000011 14.312500000000002 60.500000000000007 0.29687500000000006 1.1875000000000002
decision_type=2 2 2 2 2 2 2 2 2 2 2 2 2 2
left_child=1 5 -2 4 8 9 7 -7 -4 10 -1 13 -8 -5
right_child=2 -3 3 11 -6 6 12 -9 -10 -11 -12 -13 -14 -15
leaf_value=0.031731017720156914 0.034828585590979108 -0.031749566750488172 -0.059744384457916022 -0.054164942371369262 0.0015644094488717305 -0.035340597180946606 0.060417868243351915 0.021453459195229913 -0.031042481991564182 0.073728743851739609 0.054811561150866363 -0.061332961642031496 0.053892356526047118 -0.053663392311674031
leaf_weight=1.3106535747647301 1.9299975931644464 1.9407516047358502 2.0973333343863469 1.9408502839505661 5.0634552389383316 2.0244673080742359 1.3684749677777293 2.0400750897824764 2.3131935223937035 1.6936030648648737 3.1605579443275928 1.590409781783819 2.4900654330849648 2.5953701697289944
leaf_count=16 16 16 16 28 29 21 17 25 25 16 44 15 39 41
internal_value=9.68914e-05 0.0291459 -0.0264633 -0.0340459 -0.0199694 0.0375349 0.0238665 -0.00683452 -0.0446911 0.0551015 0.0480459 -0.0558132 0.0562067 -0.053878
internal_weight=33.5593 16.0286 17.5306 15.6006 9.47398 14.0879 7.92308 4.06454 4.41053 6.16481 4.47121 6.12663 3.85854 4.53622
internal_count=364 194 170 154 70 178 102 46 41 76 60 84 56 69
is_linear=0
shrinkage=0.05


Tree=43
num_leaves=15
num_cat=0
split_feature=10 4 3 9 1 0 0 3 8 4 3 1 4 9
split_gain=9.5841 3.03735 2.6953 1.93158 1.8489 1.2971 3.01392 1.1738 0.283778 0.226676 0.204162 0.0224347 0.0134788 9.53894e-05
threshold=1.0000000180025095e-35 0.89062500000000011 8.6875000000000018 0.64583333350000005 54.500000000000007 70.500000000000014 80.500000000000014 17.437500000000004 0.68750000000000011 0.45312500000000006 14.312500000000002 60.500000000000007 0.29687500000000006 1.1875000000000002
decision_type=2 2 2 2 2 2 2 2 2 2 2 2 2 2
left_child=1 5 -2 4 9 8 7 -7 10 -4 -1 13 -8 -5
right_child=2 -3 3 11 -6 6 12 -9 -10 -11 -12 -13 -14 -15
leaf_value=0.030763844631580363 0.027789507797283803 -0.030095292359192546 -0.031248500209987526 -0.053946377648416956 0.0014855832069344248 -0.033058923497141637 0.060005369798442114 0.020653939819999495 0.071831591372310918 -0.054605098200909086 0.054559537303960119 -0.060722371633752104 0.053689653018492149 -0.053472118532054295
leaf_weight=1.2849310785531978 2.0695916935801533 1.94494979828596 1.9827528893947581 1.8534846305847157 5.0654610618948936 2.0551651865243912 1.3104564696550371 2.0137787610292435 1.6524758823215959 2.181913435459137 3.0199517905712128 1.5276708640158174 2.3773400709033012 2.4774002619087696
leaf_count=16 17 16 21 28 29 21 17 25 16 19 44 15 39 41
internal_value=9.44216e-05 0.0283789 -0.0257187 -0.0330579 -0.0188054 0.0366718 0.0231958 -0.00647566 0.0542181 -0.0434853 0.0474569 -0.0555127 0.0559339 -0.0536751
internal_weight=32.8173 15.659 17.1583 15.0887 9.23013 13.7141 7.75674 4.06894 5.95736 4.16467 4.30488 5.85856 3.6878 4.33088
internal_count=364 194 170 153 69 178 102 46 76 40 60 84 56 69
is_linear=0
shrinkage=0.05


Tree=44
num_leaves=15
num_cat=0
split_feature=9 9 4 8 1 15 3 8 6 4 4 1 6 0
split_gain=8.89048 2.81765 2.68818 2.685 4.49982 1.12446 0.643982 0.583707 0.0174997 0.00334896 0.000823107 0.000711831 0.000514743 2.49264e-05
threshold=0.29166666650000006 0.64583333350000005 0.66145833350000005 0.43750000000000006 66.500000000000014 0.93417306500000008 17.125000000000004 7.9583333335000006 0.87890625000000011 0.79687500000000011 0.79687500000000011 68.500000000000014 1.8645833330000001 70.500000000000014
decision_type=2 2 2 2 2 2 2 2 2 2 2 2 2 2
left_child=3 2 6 9 5 12 -2 8 -3 11 -10 13 -5 -1
right_child=1 7 -4 4 -6 -7 -8 -9 10 -11 -12 -13 -14 -15
leaf_value=0.052846463869219519 -0.012729088048617571 -0.059983935258329235 0.023731318477705904 0.054262418683239722 -0.043718704807251124 0.012235774701130252 -0.046343325826672631 -0.019082106359154929 -0.053365830681564155 0.056229135248794339 -0.054892018050030446 0.054338047168887842 0.053018178204773551 0.053142515982170041
leaf_weight=1.2589943595230573 2.8581248223781603 1.5804296769201744 4.0656026750802994 1.5442927293479427 2.6680181473493576 3.2317235693335533 2.8412970528006554 1.3575950451195238 2.9787742607295513 1.4718531444668768 1.2559321373701093 1.5627213343977926 1.8002113997936247 1.6334357038140295
leaf_count=25 21 15 22 24 12 30 28 17 51 16 17 22 34 30
internal_value=9.24951e-05 -0.0248077 -0.00732967 0.027892 0.0110492 0.0332689 -0.0294866 -0.0486023 -0.0554941 0.0541613 -0.0538185 0.0534782 0.0535927 0.0530137
internal_weight=32.109 16.9378 9.76502 15.1713 9.24425 6.57623 5.69942 7.17273 5.81514 5.927 4.23471 4.45515 3.3445 2.89243
internal_count=364 171 71 193 100 88 49 100 83 93 68 77 58 55
is_linear=0
shrinkage=0.05


Tree=45
num_leaves=15
num_cat=0
split_feature=10 4 3 9 1 0 0 1 8 9 3 1 4 11
split_gain=8.28793 2.80474 2.77447 1.81713 1.81024 1.27947 2.89543 1.07629 0.262377 0.243154 0.217256 0.0164239 0.0139566 6.43078e-05
threshold=1.0000000180025095e-35 0.89062500000000011 7.8750000000000009 0.64583333350000005 54.500000000000007 70.500000000000014 80.500000000000014 59.500000000000007 0.68750000000000011 0.52083333350000005 13.812500000000002 60.500000000000007 0.29687500000000006 0.10807291650000002
decision_type=2 2 2 2 2 2 2 2 2 2 2 2 2 2
left_child=1 5 -2 4 9 8 7 -7 10 -4 -1 13 -8 -5
right_child=2 -3 3 11 -6 6 12 -9 -10 -11 -12 -13 -14 -15
leaf_value=0.028652814756493686 0.031590002970775313 -0.029657975843536296 -0.031350879836652447 -0.0530180591057147 0.0018477439579530639 0.023813784623921752 0.060007722018007581 -0.029182313166818036 0.070708616104696573 -0.055728485904706582 0.054180746507169336 -0.059602104871320866 0.053314735714111189 -0.053453279867360495
leaf_weight=1.1793650276958958 1.9526962935924554 1.8928540498018254 2.1515280380845052 1.2316269017755979 5.0137779042124748 1.6316991820931437 1.2166021019220354 2.320482149720192 1.5859096199274061 1.9500313997268675 2.8415725491940975 1.409694258123636 2.1649418249726295 2.7303248457610607
leaf_count=15 16 16 18 23 29 25 17 21 16 23 45 15 39 46
internal_value=9.20873e-05 0.0271898 -0.0243581 -0.0318993 -0.0183055 0.0355051 0.0217582 -0.00730232 0.0534861 -0.0429409 0.0466933 -0.0549671 0.0557227 -0.053318
internal_weight=31.2731 14.8334 16.4397 14.487 9.11534 12.9406 7.33373 3.95218 5.60685 4.10156 4.02094 5.37165 3.38154 3.96195
internal_count=364 194 170 154 70 178 102 46 76 41 60 84 56 69
is_linear=0
shrinkage=0.05


Tree=46
num_leaves=15
num_cat=0
split_feature=9 8 8 0 11 6 4 8 6 4 4 1 4 0
split_gain=7.80996 4.38354 3.45682 2.21791 1.96447 2.69473 2.28892 0.572023 0.0125128 0.00238376 0.000738367 0.000520366 5.92448e-05 2.60428e-05
threshold=0.64583333350000005 0.29166666650000006 0.64583333350000005 69.500000000000014 0.39583333350000005 1.1757812500000002 0.58854166650000017 7.9583333335000006 0.87890625000000011 0.79687500000000011 0.79687500000000011 68.500000000000014 0.45312500000000006 70.500000000000014
decision_type=2 2 2 2 2 2 2 2 2 2 2 2 2 2
left_child=1 9 4 -4 6 -6 -3 8 -2 11 12 13 -10 -1
right_child=7 2 3 -5 5 -7 -8 -9 10 -11 -12 -13 -14 -15
leaf_value=0.052592509811469471 -0.058939837581096645 -0.0019538908548173296 0.073680082611531403 0.0092478519730128713 0.050164097577928682 -0.019465304705753188 -0.057522644433003881 -0.018310855802053671 -0.052804923308853863 0.055687407108414091 -0.054558908992242 0.053964870446302653 -0.05327263261475787 0.052915815204710517
leaf_weight=1.1092582866549561 1.457039177417754 3.8259791284799594 2.2326435521244994 3.3242001347243786 2.4207967892289162 3.2618060819804668 3.5938476771116257 1.3265453986823557 1.2525451742112643 1.279797241091728 1.1709768213331697 1.4393673837184904 1.4737047366797922 1.420546408742666
leaf_count=24 15 36 22 33 19 41 24 17 25 15 17 22 26 28
internal_value=8.93496e-05 0.0134446 0.00208931 0.0351356 -0.0119259 0.0101969 -0.028869 -0.0477043 -0.0549867 0.0538109 -0.0535088 0.0532059 -0.0530577 0.0527741
internal_weight=30.5891 23.9082 18.6593 5.55684 13.1024 5.6826 7.41983 6.68081 5.35427 5.24897 3.89723 3.96917 2.72625 2.5298
internal_count=364 264 175 55 120 60 60 100 83 89 68 74 51 52
is_linear=0
shrinkage=0.05


Tree=47
num_leaves=14
num_cat=0
split_feature=9 8 8 0 11 1 4 13 5 4 1 1 0
split_gain=7.30725 4.20429 3.15286 2.0856 1.78295 2.62337 2.10125 0.593282 0.00464565 0.00203198 0.000926945 0.000444092 2.2256e-05
threshold=0.64583333350000005 0.29166666650000006 0.64583333350000005 69.500000000000014 0.39583333350000005 59.500000000000007 0.58854166650000017 1.0000000180025095e-35 0.18750000000000003 0.79687500000000011 50.500000000000007 68.500000000000014 70.500000000000014
decision_type=2 2 2 2 2 2 2 2 2 2 2 2 2
left_child=1 9 4 -4 6 -6 -3 8 10 11 -2 12 -1
right_child=7 2 3 -5 5 -7 -8 -9 -10 -11 -12 -13 -14
leaf_value=0.052459924687158391 -0.052839872472786764 -0.0018563288444706592 0.071775010883069743 0.0088055278542317535 -0.022303962614016362 0.045805650212698501 -0.055245783755440571 -0.016664166131372556 -0.05658342036133053 0.055383957619689284 -0.054626348324461872 0.053757852448277146 0.052765971224794928
leaf_weight=1.0577585250139305 1.9091815762221807 3.8257135488092917 2.1786972358822814 3.3168180026113987 3.0090808905661106 2.6667082086205482 3.5558510571718216 1.276011239737272 2.0669066533446312 1.2238819748163221 1.1717476956546304 1.3743079006671903 1.3550058826804159
leaf_count=24 38 36 22 33 44 16 24 18 25 15 19 22 28
internal_value=8.72541e-05 0.0129742 0.00199811 0.0337698 -0.0113738 0.0096966 -0.0275751 -0.0471844 -0.0547496 0.0536128 -0.0535193 0.0530404 0.0526318
internal_weight=29.9877 23.5638 18.5529 5.49552 13.0574 5.67579 7.38156 6.42385 5.14784 5.01095 3.08093 3.78707 2.41276
internal_count=364 264 175 55 120 60 60 100 82 89 57 74 52
is_linear=0
shrinkage=0.05


Tree=48
num_leaves=14
num_cat=0
split_feature=10 3 4 1 0 0 3 4 1 1 8 4 4
split_gain=6.9069 2.54871 2.52554 1.70682 1.21795 2.75639 1.01277 0.996351 2.25421 0.630697 0.175595 0.199172 0.0126856
threshold=1.0000000180025095e-35 7.8750000000000009 0.89062500000000011 70.500000000000014 70.500000000000014 80.500000000000014 17.437500000000004 0.70312500000000011 51.500000000000007 44.500000000000007 0.68750000000000011 0.60937500000000011 0.29687500000000006
decision_type=2 2 2 2 2 2 2 2 2 2 2 2 2
left_child=2 -2 4 7 10 6 -6 9 -9 -3 11 -1 -7
right_child=1 3 -4 -5 5 12 -8 8 -10 -11 -12 -13 -14
leaf_value=0.053849749442091734 0.031466366590471154 -0.021388083387323863 -0.029768583195772171 0.007583109153726628 -0.03355042253937221 0.059608612150967216 0.018026513896630861 -0.052386305188269935 0.022924986429205835 -0.057594113357059822 0.066756347841026228 0.028697748581556656 0.05291811415064665
leaf_weight=2.6413816288113616 1.8951549790799607 1.5295808240771274 1.7885719537734974 2.4270596355199805 1.9479583725333216 1.1114026233553889 1.8611526787281034 2.2250274755060673 1.795322887599468 5.6303436756134033 1.4655081294476984 1.1211779378354547 1.9543074183166025
leaf_count=46 16 26 16 11 21 17 25 31 17 69 16 14 39
internal_value=8.5394e-05 -0.0228579 0.0256895 -0.0304239 0.0338851 0.0200533 -0.00834965 -0.0386746 -0.0187554 -0.0498594 0.0520737 0.0463549 0.0553436
internal_weight=29.394 15.5025 13.8915 13.6073 12.1029 6.87482 3.80911 11.1803 4.02035 7.15992 5.22807 3.76256 3.06571
internal_count=364 170 194 154 178 102 46 143 48 95 76 60 56
is_linear=0
shrinkage=0.05


Tree=49
num_leaves=14
num_cat=0
split_feature=9 8 8 0 11 6 4 13 5 4 1 1 0
split_gain=6.66012 3.92895 2.755 1.85546 1.62072 2.35985 1.93363 0.606326 0.0043649 0.0020039 0.000712703 0.000313038 3.28563e-05
threshold=0.64583333350000005 0.29166666650000006 0.64583333350000005 69.500000000000014 0.39583333350000005 1.1757812500000002 0.60937500000000011 1.0000000180025095e-35 0.18750000000000003 0.79687500000000011 50.500000000000007 68.500000000000014 70.500000000000014
decision_type=2 2 2 2 2 2 2 2 2 2 2 2 2
left_child=1 9 4 -4 6 -6 -3 8 10 11 -2 12 -1
right_child=7 2 3 -5 5 -7 -8 -9 -10 -11 -12 -13 -14
leaf_value=0.052216234076278026 -0.052612811796840922 -0.0042865327246879399 0.068706349124194127 0.0084182027020578299 0.04721067492153861 -0.018811170298602294 -0.056847590700746534 -0.015160554445077572 -0.056288149802973579 0.055181060893873757 -0.054243239062802873 0.053422079179894999 0.052603506459071886
leaf_weight=0.96191325783730253 1.7644768953323358 4.1543318964540976 2.0955686978995791 3.2641257308423519 2.3764582835137844 3.1441856920719147 3.0231016911566257 1.2297578342258928 1.9826287776231764 1.1724983677268026 1.0808369554579256 1.2611309997737405 1.2717872001230714
leaf_count=24 38 40 22 33 19 41 20 18 25 15 19 22 28
internal_value=8.11943e-05 0.012499 0.00192945 0.0319901 -0.0107587 0.00960909 -0.026425 -0.0465035 -0.0544871 0.0533924 -0.0532322 0.0527923 0.0524367
internal_weight=28.7828 22.7251 18.0578 5.35969 12.6981 5.52064 7.17743 6.0577 4.82794 4.66733 2.84531 3.49483 2.2337
internal_count=364 264 175 55 120 60 60 100 82 89 57 74 52
is_linear=0
shrinkage=0.05


Tree=50
num_leaves=15
num_cat=0
split_feature=9 8 8 6 11 1 4 8 6 4 4 1 4 0
split_gain=6.23058 3.76762 2.51084 1.77148 1.47039 2.25922 1.77757 0.613173 0.00842239 0.00171047 0.000465702 0.000267502 4.48233e-05 2.81161e-05
threshold=0.64583333350000005 0.29166666650000006 0.64583333350000005 0.41406250000000006 0.39583333350000005 59.500000000000007 0.58854166650000017 7.9583333335000006 0.87890625000000011 0.79687500000000011 0.79687500000000011 68.500000000000014 0.45312500000000006 70.500000000000014
decision_type=2 2 2 2 2 2 2 2 2 2 2 2 2 2
left_child=1 9 4 -4 6 -6 -3 8 -2 11 12 13 -10 -1
right_child=7 2 3 -5 5 -7 -8 -9 10 -11 -12 -13 -14 -15
leaf_value=0.052103655829498052 -0.057734380402339205 -0.0011919675256939742 0.0058040293279756376 0.064224454102426165 -0.021408144538056246 0.042676792703865117 -0.051111670354295979 -0.014290754574111606 -0.05233269684869022 0.054907280715852928 -0.053855778540298584 0.053245160363413736 -0.052774093370100465 0.052470558814575241
leaf_weight=0.91692728921771749 1.2804989106953133 3.7030775696039218 3.0426994301378718 2.2625046223402023 2.885089173913002 2.6279590949416161 3.4398098923265934 1.2092299386858938 1.0572431907057769 1.1207354404032228 1.0178501307964323 1.2035101838409898 1.261348024010658 1.2127492241561411
leaf_count=24 15 36 18 37 44 16 24 17 25 15 17 22 26 28
internal_value=7.90698e-05 0.0120524 0.00184443 0.0307185 -0.0102592 0.00913985 -0.0252319 -0.0459859 -0.0542872 0.0532175 -0.0529642 0.0526493 -0.0525728 0.0523126
internal_weight=28.2412 22.4151 17.9611 5.3052 12.6559 5.51305 7.14289 5.82617 4.61694 4.45392 3.33644 3.33319 2.31859 2.12968
internal_count=364 264 175 55 120 60 60 100 83 89 68 74 51 52
is_linear=0
shrinkage=0.05


Tree=51
num_leaves=14
num_cat=0
split_feature=9 8 8 0 11 6 4 13 5 4 1 1 0
split_gain=5.83096 3.60968 2.29829 1.73569 1.33396 2.0912 1.65043 0.63018 0.00341518 0.00146067 0.000538077 0.000228679 2.40676e-05
threshold=0.64583333350000005 0.29166666650000006 0.64583333350000005 69.500000000000014 0.39583333350000005 1.1757812500000002 0.60937500000000011 1.0000000180025095e-35 0.18750000000000003 0.79687500000000011 50.500000000000007 68.500000000000014 70.500000000000014
decision_type=2 2 2 2 2 2 2 2 2 2 2 2 2
left_child=1 9 4 -4 6 -6 -3 8 10 11 -2 12 -1
right_child=7 2 3 -5 5 -7 -8 -9 -10 -11 -12 -13 -14
leaf_value=0.051997009723166933 -0.052357384449768424 -0.0037475429205453235 0.065926163100387541 0.00676316136859831 0.04426562957008319 -0.018074514502810318 -0.052622410062338143 -0.012860721714111501 -0.055741963286692724 0.054649037137466085 -0.053837021745203231 0.053077885995498869 0.052344691458087136
leaf_weight=0.87395192682743772 1.6066080145537847 4.1495465785264987 2.021413315087556 3.2056180536746979 2.3593415319919586 3.12973827496171 2.9590063765645027 1.1720181405544279 1.8309123478829858 1.0709868036210535 0.99493736028671254 1.1483310125768182 1.1563066281378267
leaf_count=24 38 40 22 33 19 41 20 18 25 15 19 22 28
internal_value=7.90354e-05 0.0116426 0.00177017 0.0296429 -0.00979481 0.00872081 -0.0240922 -0.0454661 -0.0540876 0.0530521 -0.0529233 0.052514 0.052195
internal_weight=27.6787 22.0742 17.8247 5.22703 12.5976 5.48908 7.10855 5.60448 4.43246 4.24958 2.60155 3.17859 2.03026
internal_count=364 264 175 55 120 60 60 100 82 89 57 74 52
is_linear=0
shrinkage=0.05


Tree=52
num_leaves=13
num_cat=0
split_feature=9 8 1 1 3 15 8 0 4 1 6 0
split_gain=5.52547 2.23311 3.31257 2.12042 1.81031 1.13168 0.838404 0.816413 0.00330135 0.00025615 0.000256081 2.36233e-05
threshold=0.29166666650000006 0.43750000000000006 66.500000000000014 70.500000000000014 6.7083333335000015 0.93417306500000008 3.7083333335000002 70.500000000000014 0.83854166650000017 68.500000000000014 1.8958333330000001 70.500000000000014
decision_type=2 2 2 2 2 2 2 2 2 2 2 2
left_child=1 8 5 4 -2 10 7 -6 9 11 -3 -1
right_child=3 2 -4 -5 6 -7 -8 -9 -10 -11 -12 -13
leaf_value=0.051965961688093823 0.019740170756628272 0.053386939975853337 -0.039988713765962483 0.024046966206418705 -0.056415753138464655 0.0086051853774516077 -0.0067929503345147413 -0.025628131293519818 0.055859568597720503 0.053046885313876052 0.052419666493003503 0.052305602711454138
leaf_weight=0.88699620962143289 1.6541200205683697 1.3790667448192819 2.4306635558605194 2.2278486490249625 4.9615603610873205 3.0453095361590385 1.9483801722526539 3.804289422929287 0.9336937442421912 1.3403329961001871 1.3581140525639055 1.2108641490340231
leaf_count=25 16 26 12 10 66 30 36 43 12 26 32 30
internal_value=7.6912e-05 0.0243549 0.00898831 -0.0208559 -0.028944 0.0295758 -0.0364601 -0.0430542 0.053223 0.052507 0.052907 0.052162
internal_weight=27.1812 12.585 8.21315 14.5962 12.3683 5.78249 10.7142 8.76585 4.37189 3.43819 2.73718 2.09786
internal_count=364 193 100 171 161 88 145 109 93 81 58 55
is_linear=0
shrinkage=0.05


Tree=53
num_leaves=15
num_cat=0
split_feature=9 8 8 6 11 1 4 11 6 4 3 1 2 0
split_gain=5.34891 3.24727 2.01641 1.65846 1.17387 1.99752 1.54326 0.794659 0.00737703 0.00106164 0.000582709 0.000167194 5.17351e-05 1.76434e-05
threshold=0.64583333350000005 0.29166666650000006 0.64583333350000005 0.41406250000000006 0.39583333350000005 59.500000000000007 0.60937500000000011 3.8906250005000005 0.41406250000000006 0.79687500000000011 12.187500000000002 68.500000000000014 1.5000000000000002 70.500000000000014
decision_type=2 2 2 2 2 2 2 2 2 2 2 2 2 2
left_child=1 9 4 -4 6 -6 -3 8 -2 11 -10 13 -12 -1
right_child=7 2 3 -5 5 -7 -8 -9 10 -11 12 -13 -14 -15
leaf_value=0.051800088233203895 -0.057644137268945274 -0.0026270292789663677 0.0047883813501455215 0.062856463709056939 -0.020741126906098351 0.040421142945642925 -0.050534796757373684 -0.0037520479763803677 -0.05371735738769582 0.054171142559286914 -0.051992845913010045 0.052769648193411615 -0.052496042818648586 0.052112425824833844
leaf_weight=0.79366109892726644 1.020015388727187 4.0565464124083537 3.0054332986474028 2.0810295604169369 2.7728058695793152 2.5743506923317909 2.8705273754894733 0.96439155563712109 1.111429560929537 0.97669839113950718 0.7999424692243341 1.0448428243398664 1.4131660498678682 1.0507341697812078
leaf_count=24 12 40 18 37 44 16 20 15 19 15 22 22 32 28
internal_value=7.69824e-05 0.0113037 0.00207516 0.0285458 -0.00889433 0.00870502 -0.0224796 -0.0448105 -0.0539245 0.052746 -0.0527833 0.0522643 -0.0523142 0.051978
internal_weight=26.5356 21.2266 17.3607 5.08646 12.2742 5.34716 6.92707 5.30895 4.34455 3.86594 3.32454 2.88924 2.21311 1.8444
internal_count=364 264 175 55 120 60 60 100 85 89 73 74 54 52
is_linear=0
shrinkage=0.05


Tree=54
num_leaves=15
num_cat=0
split_feature=9 8 8 0 11 6 4 11 6 4 3 1 2 0
split_gain=5.00412 3.11268 1.84394 1.61138 1.06452 1.86214 1.42745 0.7852 0.00632107 0.000907686 0.000498613 0.000143075 4.42559e-05 1.51148e-05
threshold=0.64583333350000005 0.29166666650000006 0.64583333350000005 69.500000000000014 0.39583333350000005 1.1757812500000002 0.58854166650000017 3.8906250005000005 0.41406250000000006 0.79687500000000011 12.187500000000002 68.500000000000014 1.5000000000000002 70.500000000000014
decision_type=2 2 2 2 2 2 2 2 2 2 2 2 2 2
left_child=1 9 4 -4 6 -6 -3 8 -2 11 -10 13 -12 -1
right_child=7 2 3 -5 5 -7 -8 -9 10 -11 12 -13 -14 -15
leaf_value=0.051709333058591461 -0.057241043672977665 0.00018434005426764378 0.063360173947268533 0.0051176741541074482 0.042312607412138381 -0.017409156965767354 -0.045367442019830451 -0.0035755222949413095 -0.053525266871355018 0.053954069155800283 -0.051891997293449503 0.052628019554585584 -0.052368691593534161 0.052005470461022323
leaf_weight=0.75624534860254033 0.97692826017737289 3.6202620752155799 1.9291931297630061 3.0892051383852959 2.2922772914171219 3.0312149152159691 3.2763067781925201 0.9614804908633231 1.0609227269887926 0.93270762637257565 0.76237028092145953 0.99649235978722561 1.3474315255880354 1.0014929194003341
leaf_count=24 12 36 22 33 19 41 24 15 19 15 22 22 32 28
internal_value=7.60887e-05 0.0109078 0.00198942 0.0275075 -0.00849005 0.00830683 -0.0214556 -0.0442871 -0.0537245 0.0526059 -0.0526411 0.0521494 -0.0521964 0.0518781
internal_weight=26.0345 20.9254 17.2385 5.0184 12.2201 5.32349 6.89657 5.10913 4.14765 3.68694 3.17072 2.75423 2.1098 1.75774
internal_count=364 264 175 55 120 60 60 100 85 89 73 74 54 52
is_linear=0
shrinkage=0.05


Tree=55
num_leaves=13
num_cat=0
split_feature=9 8 1 1 3 6 8 0 4 2 1 0
split_gain=4.68724 1.99365 2.86898 1.86958 1.68806 1.06679 0.829206 0.81599 0.00301228 0.000166934 0.00014127 1.39065e-05
threshold=0.29166666650000006 0.43750000000000006 66.500000000000014 70.500000000000014 6.7083333335000015 0.57421875000000011 3.7083333335000002 70.500000000000014 0.83854166650000017 1.5000000000000002 68.500000000000014 70.500000000000014
decision_type=2 2 2 2 2 2 2 2 2 2 2 2
left_child=1 8 5 4 -2 -3 7 -6 10 -7 11 -1
right_child=3 2 -4 -5 6 9 -8 -9 -10 -11 -12 -13
leaf_value=0.051736021035841441 0.019951986061502825 0.0086070462641593647 -0.037542256778363002 0.022915766178246352 -0.056018748086584393 0.053224595295690229 -0.0048040810689300405 -0.024347526206214012 0.055561967663571292 0.052359840278875552 0.052600997484169257 0.052014501076423116
leaf_weight=0.77676039561629551 1.6136640012264241 3.0403871685266495 2.3343332558870316 2.179422825574874 4.5670220758765918 0.83751437626779113 1.8419280424714077 3.6664385888725519 0.837046518921852 1.672685084864497 1.1628751978278158 1.0601777099072931
leaf_count=25 16 30 12 10 66 17 36 43 12 41 26 30
internal_value=7.34874e-05 0.0233495 0.00896528 -0.0195997 -0.0275267 0.0285243 -0.0351308 -0.0419153 0.0529098 0.0526484 0.0521697 0.0518967
internal_weight=25.5903 11.7218 7.88492 13.8685 11.6891 5.55059 10.0754 8.23346 3.83686 2.5102 2.99981 1.83694
internal_count=364 193 100 171 161 88 145 109 93 58 81 55
is_linear=0
shrinkage=0.05


Tree=56
num_leaves=14
num_cat=0
split_feature=9 8 8 0 15 4 11 6 4 3 1 11 0
split_gain=4.59938 2.80284 1.61657 1.49614 0.974744 2.35655 0.764281 0.00539109 0.000660041 0.000509798 0.000104835 2.91088e-05 1.10975e-05
threshold=0.64583333350000005 0.29166666650000006 0.64583333350000005 69.500000000000014 0.45251721600000006 0.66145833350000005 3.8906250005000005 0.41406250000000006 0.79687500000000011 12.187500000000002 68.500000000000014 0.67187500000000011 70.500000000000014
decision_type=2 2 2 2 2 2 2 2 2 2 2 2 2
left_child=1 8 4 -4 -3 -6 7 -2 10 -9 12 -11 -1
right_child=6 2 3 -5 5 -7 -8 9 -10 11 -12 -13 -14
leaf_value=0.051541544826362896 -0.05687322583078086 0.016125337048772122 0.061656209542772844 0.0047376633823155451 0.0034960027525474933 -0.050335939925336241 -0.0037802126339786489 -0.053396142716888841 0.053550423237472278 -0.05179930970834451 0.052366762200225153 -0.052188622343474947 0.051807865427151573
leaf_weight=0.68637541122735235 0.91926130279898588 3.1604832001030472 1.8673465829342593 3.0244958847761154 5.5363151989877206 3.2127614170312881 0.96348819509148587 1.0204143375158312 0.84927338361740101 0.86124647594988335 0.90595570951700199 1.085042020305991 0.90946050547063351
leaf_count=24 12 29 22 33 69 22 15 19 15 26 22 28 28
internal_value=7.32118e-05 0.0105932 0.00226553 0.026465 -0.00767438 -0.0162717 -0.0436438 -0.0535276 0.052346 -0.0524909 0.0519372 -0.0520163 0.0516933
internal_weight=25.0019 20.1525 16.8014 4.89184 11.9096 8.74908 4.84945 3.88596 3.35107 2.9667 2.50179 1.94629 1.59584
internal_count=364 264 175 55 120 91 100 85 89 73 74 54 52
is_linear=0
shrinkage=0.05


Tree=57
num_leaves=14
num_cat=0
split_feature=9 8 8 0 15 4 11 6 4 3 1 11 0
split_gain=4.29832 2.69023 1.47071 1.39396 0.880587 2.1482 0.755239 0.00462507 0.000564891 0.000436486 8.97879e-05 2.49318e-05 9.51348e-06
threshold=0.64583333350000005 0.29166666650000006 0.64583333350000005 69.500000000000014 0.45251721600000006 0.66145833350000005 3.8906250005000005 0.41406250000000006 0.79687500000000011 12.187500000000002 68.500000000000014 0.67187500000000011 70.500000000000014
decision_type=2 2 2 2 2 2 2 2 2 2 2 2 2
left_child=1 8 4 -4 -3 -6 7 -2 10 -9 12 -11 -1
right_child=6 2 3 -5 5 -7 -8 9 -10 11 -12 -13 -14
leaf_value=0.051464190444575758 -0.056515223361029349 0.015239191600437022 0.059801767524239685 0.0045052499857674237 0.0033219141954450647 -0.048204894848923791 -0.0036024155237353813 -0.053221602543645233 0.0533673925937194 -0.051708557706703656 0.052246553846886507 -0.052077632412010501 0.051716815874091208
leaf_weight=0.65385708399117681 0.87982733920216505 3.1766227446496513 1.8299542628228653 3.0215719938278198 5.5351597256958467 3.1877050139009953 0.96056611090898503 0.97375092655420337 0.81055443733930577 0.82064452208578575 0.86370439454913128 1.0342680588364599 0.86659019254148006
leaf_count=24 12 29 22 33 69 22 15 19 15 26 22 28 28
internal_value=7.01224e-05 0.0101792 0.00215993 0.0253626 -0.00730002 -0.0155082 -0.0431147 -0.0533491 0.0522271 -0.0523644 0.0518394 -0.0519143 0.0516082
internal_weight=24.6148 19.9457 16.751 4.85153 11.8995 8.72286 4.66906 3.70849 3.19471 2.82866 2.38415 1.85491 1.52045
internal_count=364 264 175 55 120 91 100 85 89 73 74 54 52
is_linear=0
shrinkage=0.05


Tree=58
num_leaves=14
num_cat=0
split_feature=9 0 9 15 8 1 6 10 4 6 6 1 3
split_gain=4.02175 1.85652 2.32817 2.10904 1.76511 2.47045 1.03941 0.80665 0.00297832 0.00274967 0.000150595 7.883e-05 1.11036e-05
threshold=0.29166666650000006 80.500000000000014 0.64583333350000005 0.45251721600000006 0.43750000000000006 66.500000000000014 0.57421875000000011 0.52083333350000005 0.83854166650000017 0.41406250000000006 1.6015625000000002 68.500000000000014 22.437500000000004
decision_type=2 2 2 2 2 2 2 2 2 2 2 2 2
left_child=4 2 3 -2 8 6 -6 -4 11 -9 -8 12 -1
right_child=1 -3 7 -5 5 -7 10 9 -10 -11 -12 -13 -14
leaf_value=0.051757562719147415 0.040893289584592936 -0.062605517711265157 0.0012069685841072867 -0.014577620501659581 0.0080833606094488555 -0.035131549363696425 0.053040922989777861 -0.055578393081870119 0.055447240248048424 -0.052263656170639029 0.052198456474454813 0.052223053863660357 0.051483500043303515
leaf_weight=1.0239030048251176 2.7441428825259191 2.0152893569320431 0.87287397682666812 4.5625921078026295 3.0053315758705139 2.2251409590244293 0.81005708128213916 0.86789127439260516 0.75233809277415264 2.2413796428591013 1.5367911271750925 1.007740259170532 0.57831840589642514
leaf_count=34 20 28 12 36 30 12 17 14 12 61 41 26 21
internal_value=6.71367e-05 -0.0183994 -0.0105077 0.00625523 0.0225251 0.00914635 0.0275547 -0.0412655 0.0526755 -0.0531889 0.0524892 0.0518766 0.0516586
internal_weight=24.2438 13.3042 11.2889 7.30673 10.9396 7.57732 5.35218 3.98214 3.3623 3.10927 2.34685 2.60996 1.60222
internal_count=364 171 143 56 193 100 88 87 93 75 58 81 55
is_linear=0
shrinkage=0.05


Tree=59
num_leaves=15
num_cat=0
split_feature=9 8 8 0 8 11 0 0 6 4 3 1 11 0
split_gain=3.75341 2.46977 1.34846 1.28262 0.843104 0.751622 2.86196 2.51082 0.00343639 0.000410671 0.000306193 6.5902e-05 2.39692e-05 7.01433e-06
threshold=0.64583333350000005 0.29166666650000006 0.64583333350000005 69.500000000000014 8.5208333335000024 0.30989583350000005 65.500000000000014 69.500000000000014 0.41406250000000006 0.79687500000000011 12.187500000000002 68.500000000000014 0.67187500000000011 70.500000000000014
decision_type=2 2 2 2 2 2 2 2 2 2 2 2 2 2
left_child=1 9 5 -4 8 7 -7 -3 -2 11 -10 13 -12 -1
right_child=4 2 3 -5 -6 6 -8 -9 10 -11 12 -13 -14 -15
leaf_value=0.051320870345810711 -0.055861317174089722 0.01597998050834443 0.058094062076739644 0.0043612065826648663 0.0024599883596093178 -0.045105253040741415 0.024838951551603441 -0.056255184357440272 -0.052874691071383442 0.053025300206445275 -0.05151957944997021 0.052024615238189513 -0.051895759178134049 0.05154859742871231
leaf_weight=0.59309672005475256 0.80199602805077974 2.2727233432233351 1.7748769596219052 2.967432901263237 0.85412535071372975 2.105900626629591 4.7870337441563606 2.5557823516428471 0.90839704871177707 0.73700159043073643 0.70809512212872494 0.78469366952776898 1.0533924326300619 0.78660347312688828
leaf_count=24 12 23 22 33 12 24 51 22 20 15 25 22 31 28
internal_value=6.42795e-05 0.00947067 0.00197471 0.0244715 -0.0420429 -0.00712713 0.00346989 -0.0222549 -0.0529912 0.0520059 -0.0521291 0.0516588 -0.0517445 0.0514507
internal_weight=23.6912 19.3651 16.4637 4.74231 4.32601 11.7214 6.89293 4.82851 3.47188 2.9014 2.66988 2.16439 1.76149 1.3797
internal_count=364 264 175 55 100 120 75 45 88 89 76 74 56 52
is_linear=0
shrinkage=0.05


Tree=60
num_leaves=15
num_cat=0
split_feature=15 8 11 15 9 0 5 1 8 4 8 1 11 0
split_gain=3.56426 2.3422 1.23315 1.49658 1.23557 1.06375 1.01511 0.00247491 0.000552096 0.000351766 8.82983e-05 5.64837e-05 2.26597e-05 6.0166e-06
threshold=0.36034511950000009 0.29166666650000006 0.39583333350000005 0.88112244900000014 0.18750000000000003 70.500000000000014 0.41666666650000006 54.500000000000007 0.68750000000000011 0.79687500000000011 0.68750000000000011 68.500000000000014 1.4296875000000002 70.500000000000014
decision_type=2 2 2 2 2 2 2 2 2 2 2 2 2 2
left_child=6 9 3 -3 10 -5 7 8 -1 11 -4 13 -10 -2
right_child=1 2 4 5 -6 -7 -8 -9 12 -11 -12 -13 -14 -15
leaf_value=-0.053383424694984027 0.051254857076802808 -0.030753363554960247 0.052494758879284398 0.027851393781020535 0.0045598120152924816 -0.01662710530114812 0.0079227626230100288 -0.055128107664758036 -0.051575842159851906 0.052870589334307098 0.051812749357606762 0.05192237815803883 -0.051948451707721416 0.051470960828992246
leaf_weight=0.70348820276558743 0.56487933918834066 4.3795476742088812 1.1650042198598374 3.0852170251309872 4.4135344661772251 2.3821668401360512 0.84987001866102208 1.0316137280315159 1.0511236581951378 0.70305719971656788 0.80080093443393696 0.74785630963742722 0.66690108738839615 0.74934050813317299
leaf_count=13 24 39 27 28 38 17 15 17 36 15 26 22 19 28
internal_value=5.9275e-05 0.00936898 0.00212042 -0.00897404 0.0192454 0.00847189 -0.0410294 -0.0530773 -0.0522036 0.0519048 0.0522169 0.0515755 -0.0517205 0.0513781
internal_weight=23.2944 18.9914 16.2263 9.84693 6.37934 5.46738 4.303 3.45313 2.42151 2.76513 1.96581 2.06208 1.71802 1.31422
internal_count=364 264 175 84 91 45 100 85 68 89 53 74 55 52
is_linear=0
shrinkage=0.05


Tree=61
num_leaves=15
num_cat=0
split_feature=15 8 11 15 9 4 0 1 4 4 4 8 1 0
split_gain=3.33445 2.24181 1.12922 1.37731 1.20165 1.01196 0.969473 0.00172829 0.000301386 0.000241889 0.000290831 7.55237e-05 4.84228e-05 5.16174e-06
threshold=0.36034511950000009 0.29166666650000006 0.39583333350000005 0.88112244900000014 0.18750000000000003 0.82291666650000017 70.500000000000014 54.500000000000007 0.79687500000000011 0.14062500000000003 0.57291666650000017 0.68750000000000011 68.500000000000014 70.500000000000014
decision_type=2 2 2 2 2 2 2 2 2 2 2 2 2 2
left_child=5 8 3 -3 11 7 -5 9 12 -1 -11 -4 13 -2
right_child=1 2 4 6 -6 -7 -8 -9 -10 10 -12 -13 -14 -15
leaf_value=-0.051542987675303645 0.051192217457768835 -0.02976995298066076 0.052367764035744349 0.026798313842713403 0.0043254090188601883 0.0080244268033422307 -0.015731936456752998 -0.054859131832800626 0.052724144558161393 -0.053314519623974002 -0.05198896364792336 0.051721688048852493 0.051825476285501562 0.05139731667777786
leaf_weight=0.67969424091279851 0.53797074034810355 4.3000643029809016 1.1108058337122191 3.0471242815256119 4.4199100509285927 0.85341312363743771 2.3915809951722622 0.95802003890275944 0.67057933658361424 0.84218424372374989 0.81349123641848564 0.76305269822478283 0.71267948485910881 0.7137902807444334
leaf_count=24 24 39 27 28 38 18 17 17 15 16 25 26 22 28
internal_value=5.95416e-05 0.00906884 0.00204432 -0.00862318 0.0185508 -0.0404974 0.00809634 -0.0530708 0.0518089 -0.0523372 -0.0526632 0.0521047 0.0514965 0.0513092
internal_weight=22.8144 18.6676 16.0325 9.73877 6.29377 4.1468 5.43871 3.29339 2.63502 2.33537 1.65568 1.87386 1.96444 1.25176
internal_count=364 264 175 84 91 100 45 82 89 65 41 53 74 52
is_linear=0
shrinkage=0.05


Tree=62
num_leaves=14
num_cat=0
split_feature=9 8 8 0 11 15 4 6 5 4 1 11 0
split_gain=3.16712 2.14637 1.19063 1.13205 0.922571 0.743131 1.90313 0.00163212 0.000588868 0.000258283 4.15203e-05 2.71299e-05 4.42906e-06
threshold=0.64583333350000005 0.29166666650000006 0.64583333350000005 69.500000000000014 4.2500000000000009 0.45251721600000006 0.66145833350000005 0.87890625000000011 0.68750000000000011 0.79687500000000011 68.500000000000014 1.4296875000000002 70.500000000000014
decision_type=2 2 2 2 2 2 2 2 2 2 2 2 2
left_child=1 9 5 -4 7 -3 -7 -2 11 10 12 -9 -1
right_child=4 2 3 -5 -6 6 -8 8 -10 -11 -12 -13 -14
leaf_value=0.05113277380167356 -0.05462715907228384 0.014142173663012412 0.055929733428573131 0.0044256900387476894 0.0079541484150437488 0.0039006191152426064 -0.045848743541489323 -0.051400818114989505 -0.053296675140361738 0.052585483699603836 0.051733608822834093 -0.051836788525792848 0.051327451145239678
leaf_weight=0.51231350377202678 0.83728358894586552 3.1028265729546538 1.6948048807680596 2.8797056712210178 0.78150703944265831 5.1779472045600397 3.0574576742947102 1.116373594850302 0.67280456982552994 0.63951430097222317 0.67909514345228661 0.52448959089815606 0.679879205301404
leaf_count=24 15 29 22 33 13 69 22 43 13 15 22 16 28
internal_value=5.97092e-05 0.00875432 0.00197527 0.0235074 -0.0406745 -0.00671204 -0.0145692 -0.0527355 -0.052051 0.051718 0.0514215 -0.0515402 0.0512438
internal_weight=22.356 18.4235 15.9127 4.57451 3.93246 11.3382 8.2354 3.15095 2.31367 2.5108 1.87129 1.64086 1.19219
internal_count=364 264 175 55 100 120 91 87 72 89 74 59 52
is_linear=0
shrinkage=0.05


Tree=63
num_leaves=15
num_cat=0
split_feature=15 8 11 15 9 5 3 1 8 4 8 1 11 0
split_gain=3.00641 2.04077 1.02668 1.26278 1.15347 0.968777 0.868903 0.00156903 0.000451564 0.000221393 6.66413e-05 3.56091e-05 1.90773e-05 3.80094e-06
threshold=0.36034511950000009 0.29166666650000006 0.39583333350000005 0.88112244900000014 0.18750000000000003 0.41666666650000006 16.937500000000004 54.500000000000007 0.68750000000000011 0.79687500000000011 0.68750000000000011 68.500000000000014 1.4296875000000002 70.500000000000014
decision_type=2 2 2 2 2 2 2 2 2 2 2 2 2 2
left_child=5 9 3 -3 10 7 -5 8 -1 11 -4 13 -10 -2
right_child=1 2 4 6 -6 -7 -8 -9 12 -11 -12 -13 -14 -15
leaf_value=-0.053084206904855005 0.051076355255839194 -0.028691398570598915 0.052250566237546148 0.027497424758708512 0.0042519279355693112 0.0085309908048804336 -0.012685333482196368 -0.054443707114616526 -0.051359707072866703 0.05245416195205177 0.051626071497502993 0.051646502703846346 -0.051724029470104849 0.051261159311248354
leaf_weight=0.64477622695267589 0.48785239085555365 4.207228993996976 1.0583959324285377 2.7541998624801636 4.4033943973481655 0.81748113222420205 2.6300222687423229 0.92055695503950108 0.9139873571693895 0.60980932228267182 0.71631943155080069 0.6470372900366782 0.59209808520972729 0.64753635041415691
leaf_count=13 24 39 27 22 38 15 23 17 36 15 26 22 19 28
internal_value=5.62541e-05 0.00859939 0.00207139 -0.00816775 0.0179675 -0.0398416 0.00786942 -0.0527163 -0.051977 0.0516318 0.0519985 0.0513505 -0.0515029 0.0511818
internal_weight=22.0507 18.1618 15.7696 9.59145 6.17811 3.8889 5.38422 3.07142 2.15086 2.39224 1.77472 1.78243 1.50609 1.13539
internal_count=364 264 175 84 91 100 45 85 68 89 53 74 55 52
is_linear=0
shrinkage=0.05


Tree=64
num_leaves=15
num_cat=0
split_feature=15 8 4 11 15 9 0 1 9 4 10 8 1 0
split_gain=2.81125 1.95348 0.964469 0.939173 1.16098 1.12023 0.859511 0.00104999 0.000227005 0.000189813 0.000175532 5.70335e-05 3.05446e-05 3.26242e-06
threshold=0.36034511950000009 0.29166666650000006 0.82291666650000017 0.39583333350000005 0.88112244900000014 0.18750000000000003 70.500000000000014 54.500000000000007 0.68750000000000011 0.79687500000000011 2.5208333335000002 0.68750000000000011 68.500000000000014 70.500000000000014
decision_type=2 2 2 2 2 2 2 2 2 2 2 2 2 2
left_child=2 9 7 4 -3 11 -6 8 -1 12 -10 -5 13 -2
right_child=1 3 -4 5 6 -7 -8 -9 10 -11 -12 -13 -14 -15
leaf_value=-0.052926626979054897 0.051022802296110017 -0.027749369849120072 0.0086188793388283762 0.052136478943264092 0.025455201248059608 0.0040337689984148934 -0.014792521499800888 -0.054205569169713141 -0.051346549933176749 0.052329765125658602 -0.052471016991890024 0.051544654171735219 0.051563894244652277 0.051198252972834181
leaf_weight=0.61511007323861511 0.46453433483839324 4.1344361174851638 0.82008766569197167 1.0089247878640879 2.9737858474254608 4.4093106836080551 2.3947007246315479 0.85133326426148404 0.89657724276185014 0.58141266368329514 0.56625074706971645 0.68243325222283591 0.61644205451011647 0.61669334769248962
leaf_count=13 24 39 18 27 28 38 17 17 36 15 16 26 22 28
internal_value=5.61578e-05 0.00830956 -0.0393087 0.0019938 -0.00783478 0.0173036 0.00750205 -0.0527266 -0.0521207 0.05155 -0.0517818 0.0518977 0.051283 0.0511229
internal_weight=21.632 17.8827 3.74936 15.6036 9.50292 6.10067 5.36849 2.92927 2.07794 2.27908 1.46283 1.69136 1.69767 1.08123
internal_count=364 264 100 175 84 91 45 82 65 89 52 53 74 52
is_linear=0
shrinkage=0.05


Tree=65
num_leaves=14
num_cat=0
split_feature=9 8 8 0 13 15 4 3 6 4 1 11 0
split_gain=2.67109 1.86704 1.05436 1.02797 0.986065 0.735694 1.7834 0.00277007 0.000644015 0.00016277 2.62052e-05 2.49233e-05 2.80057e-06
threshold=0.64583333350000005 0.29166666650000006 0.64583333350000005 69.500000000000014 1.0000000180025095e-35 0.45251721600000006 0.66145833350000005 5.9375000000000009 0.87890625000000011 0.79687500000000011 68.500000000000014 0.67187500000000011 70.500000000000014
decision_type=2 2 2 2 2 2 2 2 2 2 2 2 2
left_child=1 9 5 -4 7 -3 -7 -2 -9 10 12 -10 -1
right_child=4 2 3 -5 -6 6 -8 8 11 -11 -12 -13 -14
leaf_value=0.050971963246217625 -0.055489633357274686 0.014574045423151872 0.054056883578516027 0.0041296990330460656 0.01117125410762025 0.0039951087981143834 -0.04481643214766199 -0.053367049452217631 -0.051180719178735103 0.052211902507383404 0.051485541436090722 -0.051593820475273028 0.051138549414780979
leaf_weight=0.44230833090842414 0.76383642479777325 3.0521957613527757 1.6352381948381651 2.7899754643440247 0.76225245557725418 4.9968323446810246 2.9916859231889248 0.58532443270087275 0.66781180351972558 0.55427377671003331 0.58724767342209805 0.80553143844008446 0.58728444017469883
leaf_count=24 10 29 22 33 18 69 22 13 30 15 22 29 28
internal_value=5.62192e-05 0.00805347 0.00195828 0.0225792 -0.0392903 -0.00630674 -0.0142847 -0.0529181 -0.051964 0.0514725 0.051219 -0.0514066 0.051067
internal_weight=21.2218 17.637 15.4659 4.42521 3.58476 11.0407 7.98852 2.8225 2.05867 2.17111 1.61684 1.47334 1.02959
internal_count=364 264 175 55 100 120 91 82 72 89 74 59 52
is_linear=0
shrinkage=0.05


Tree=66
num_leaves=15
num_cat=0
split_feature=15 8 5 11 9 15 3 1 9 4 8 1 11 0
split_gain=2.55345 1.77529 0.929271 0.859327 1.06963 1.0651 0.843385 0.00107517 0.000396397 0.000139606 5.04446e-05 2.2486e-05 1.77154e-05 2.40442e-06
threshold=0.36034511950000009 0.29166666650000006 0.41666666650000006 0.39583333350000005 0.18750000000000003 0.88112244900000014 16.937500000000004 54.500000000000007 0.64583333350000005 0.79687500000000011 0.68750000000000011 68.500000000000014 1.5611979165000003 70.500000000000014
decision_type=2 2 2 2 2 2 2 2 2 2 2 2 2 2
left_child=2 9 7 5 10 -3 -7 8 -1 11 -5 13 -10 -2
right_child=1 3 -4 4 -6 6 -8 -9 12 -11 -12 -13 -14 -15
leaf_value=-0.052939348229459275 0.050923697241084823 -0.026726445396047117 0.0092657040945048272 0.052033106140718349 0.0040718102399821404 0.026795355768670009 -0.013045449060482798 -0.053947541012665502 -0.051209103829358255 0.052100205369488284 0.051460499462660118 0.051411214004789409 -0.051584055365354167 0.05108188134073071
leaf_weight=0.53806780278683053 0.42112542316317847 4.0493518859148008 0.78462754935026158 0.96136752422898897 4.386067021638155 2.7159953638911247 2.5999060571193695 0.82256530225276936 0.9007757920771835 0.52834332920610894 0.64113854244351387 0.55939448811113834 0.48444060795009136 0.55924634076654911
leaf_count=11 24 39 15 27 38 22 23 17 40 15 26 22 17 28
internal_value=5.25402e-05 0.00791005 -0.0387221 0.00205225 0.0168447 -0.0074067 0.00730998 -0.0524347 -0.0517876 0.0513989 0.051804 0.0511583 -0.0513402 0.0510139
internal_weight=20.9524 17.4219 3.53048 15.3538 5.98857 9.36525 5.3159 2.74585 1.92328 2.06811 1.60251 1.53977 1.38522 0.980372
internal_count=364 264 100 175 91 84 45 85 68 89 53 74 57 52
is_linear=0
shrinkage=0.05


Tree=67
num_leaves=14
num_cat=0
split_feature=15 8 4 15 4 14 1 1 9 9 4 1 0
split_gain=2.3868 1.6992 0.922304 0.81226 2.19531 1.18901 0.708356 0.00071018 0.000182183 0.000136528 0.000119761 1.92974e-05 2.06454e-06
threshold=0.36034511950000009 0.29166666650000006 0.82291666650000017 0.45251721600000006 0.66145833350000005 1.0000000180025095e-35 59.500000000000007 54.500000000000007 0.68750000000000011 2.6458333335000002 0.79687500000000011 68.500000000000014 70.500000000000014
decision_type=2 2 2 2 2 2 2 2 2 2 2 2 2
left_child=2 10 7 -3 5 -5 -6 8 -1 -10 11 12 -2
right_child=1 3 -4 4 6 -7 -8 -9 9 -11 -12 -13 -14
leaf_value=-0.052671450055155056 0.050877869681282085 0.027836919481379563 0.0092897256499476812 0.026889780231031554 -0.0070383969526064188 -0.016349648834030724 -0.044666931423854785 -0.053734366514379808 -0.051183022807139579 -0.052235887962579441 0.051994335267677431 0.051340694264082359 0.051028087916332232
leaf_weight=0.56370416842401372 0.40093861427158362 2.5305175539106122 0.78664388135075558 5.2942083934321982 2.1903535546734929 2.2722638063132763 2.9154735058546066 0.76160375773906697 0.78809996321797349 0.50533595867455006 0.50357322394847859 0.5328249353915453 0.53251822665333748
leaf_count=13 24 21 18 78 33 24 19 17 36 16 15 22 28
internal_value=5.241e-05 0.0076354 -0.0381871 0.00197393 -0.00319062 0.0139047 -0.0285246 -0.0524486 -0.0519213 -0.0515944 0.0513291 0.0511006 0.0509636
internal_weight=20.5781 17.1727 3.40539 15.2028 12.6723 7.56647 5.10583 2.61874 1.85714 1.29344 1.96986 1.46628 0.933457
internal_count=364 264 100 175 154 102 52 82 65 52 89 74 52
is_linear=0
shrinkage=0.05


Tree=68
num_leaves=14
num_cat=0
split_feature=9 8 7 8 0 15 4 5 1 4 1 11 0
split_gain=2.26439 1.6231 1.12996 0.911657 0.96548 0.652729 1.52941 0.000787727 0.000135308 0.000102754 1.65636e-05 1.45548e-05 1.77296e-06
threshold=0.64583333350000005 0.29166666650000006 4.2565104170000012 0.64583333350000005 69.500000000000014 0.45251721600000006 0.66145833350000005 0.18750000000000003 52.500000000000007 0.79687500000000011 68.500000000000014 1.5611979165000003 70.500000000000014
decision_type=2 2 2 2 2 2 2 2 2 2 2 2 2
left_child=1 9 7 5 -5 -3 -7 8 11 10 12 -2 -1
right_child=2 3 -4 4 -6 6 -8 -9 -10 -11 -12 -13 -14
leaf_value=0.050834351398052702 -0.051111008227151249 0.013916469770354933 0.022482038058354675 0.052141814965638779 0.0032565121252940629 0.0037167490630700389 -0.042110068327899347 -0.053283790506811805 -0.052253915629694794 0.051893966931233562 0.051273780713612244 -0.05147128641019369 0.050977018236702858
leaf_weight=0.38170286919922236 0.83022433705627896 3.0126429460942727 0.62656923383474339 1.6016254145652045 2.7343254145234823 4.844890471547842 2.9166997484862804 0.97088880836963642 0.43755060806870449 0.47991673834621895 0.50748351216316223 0.42323915846645832 0.50704167596995831
leaf_count=24 40 29 8 22 33 69 22 22 14 15 22 16 28
internal_value=4.80686e-05 0.00740023 -0.0379289 0.00195406 0.0213139 -0.00583706 -0.0135043 -0.0521486 -0.0514969 0.0512628 0.0510459 -0.0512327 0.0509157
internal_weight=20.2748 16.9863 3.28847 15.1102 4.33595 10.7742 7.76159 2.6619 1.69101 1.87614 1.39623 1.25346 0.888745
internal_count=364 264 100 175 55 120 91 92 70 89 74 56 52
is_linear=0
shrinkage=0.05


Tree=69
num_leaves=15
num_cat=0
split_feature=15 8 4 11 9 15 4 1 8 9 4 8 1 0
split_gain=2.14937 1.54931 0.885575 0.724624 1.03677 0.945159 1.27628 0.000502031 0.000169912 0.000134666 8.81759e-05 4.17512e-05 1.4219e-05 1.52271e-06
threshold=0.36034511950000009 0.29166666650000006 0.82291666650000017 0.39583333350000005 0.18750000000000003 0.88112244900000014 0.66145833350000005 54.500000000000007 0.68750000000000011 2.6458333335000002 0.79687500000000011 0.68750000000000011 68.500000000000014 70.500000000000014
decision_type=2 2 2 2 2 2 2 2 2 2 2 2 2 2
left_child=2 10 7 5 11 -3 -7 8 -1 -10 12 -5 13 -2
right_child=1 3 -4 4 -6 6 -8 -9 9 -11 -12 -13 -14 -15
leaf_value=-0.052569673911086981 0.050793023500375345 -0.025336073660158134 0.0094119238350443522 0.051897338984298651 0.0034101470775959129 0.028540250303700356 -0.021289290140073584 -0.053418972365946372 -0.051067998838411038 -0.052156952390999482 0.051798798078558986 0.051356868532562862 0.051210278141480187 0.05092852849001011
leaf_weight=0.54142994992435323 0.36337497550994402 3.936281764879821 0.76409057341516007 0.89751348923891672 4.377964686602354 2.9844483137130737 2.2567031756043434 0.7051817700266837 0.71458522975444771 0.471065454185009 0.45732848905026902 0.5936936791986227 0.48331674374639988 0.48276059236377478
leaf_count=13 24 39 18 27 38 28 17 17 36 16 15 26 22 28
internal_value=4.40164e-05 0.00718125 -0.0375438 0.00195404 0.0156748 -0.00682071 0.00708495 -0.0522948 -0.0518358 -0.0515006 0.0511999 0.0516822 0.0509939 0.0508703
internal_weight=20.0297 16.8334 3.19635 15.0466 5.86917 9.17743 5.24115 2.43226 1.72708 1.18565 1.78678 1.49121 1.32945 0.846136
internal_count=364 264 100 175 91 84 45 82 65 52 89 53 74 52
is_linear=0
shrinkage=0.05


Tree=70
num_leaves=14
num_cat=0
split_feature=9 8 6 8 0 15 4 5 1 4 1 11 0
split_gain=2.00854 1.48154 1.14913 0.802819 0.897962 0.613574 1.33224 0.000628317 0.00011612 7.56781e-05 1.22079e-05 1.08666e-05 1.30794e-06
threshold=0.64583333350000005 0.29166666650000006 5.6940104170000012 0.64583333350000005 69.500000000000014 0.45251721600000006 0.58854166650000017 0.18750000000000003 53.500000000000007 0.79687500000000011 68.500000000000014 1.5611979165000003 70.500000000000014
decision_type=2 2 2 2 2 2 2 2 2 2 2 2 2
left_child=1 9 7 5 -5 -3 -7 8 11 10 12 -2 -1
right_child=2 3 -4 4 -6 6 -8 -9 -10 -11 -12 -13 -14
leaf_value=0.050753772190048063 -0.05101426964585011 0.013699621987733404 0.024818478808539476 0.050351155657773816 0.0027509819943877505 0.0062737873368153597 -0.035671715961760067 -0.053028682299380014 -0.05210590073227276 0.051708547053296916 0.051150006404505767 -0.051334715130851451 0.050882485122182908
leaf_weight=0.34591353964061144 0.75879585370421387 2.996218800544737 0.6055840142071246 1.5647217659279693 2.7011984903365374 4.118340102955699 3.5032934136688709 0.91391611658036698 0.40828262642025936 0.43576443381607521 0.46027316898107529 0.40618084743618965 0.45962113793939352
leaf_count=24 40 29 7 22 33 60 31 22 14 15 22 17 28
internal_value=4.48644e-05 0.00694297 -0.0369471 0.00189016 0.0202105 -0.00547039 -0.0130065 -0.051986 -0.0513803 0.0511402 0.0509446 -0.051126 0.0508272
internal_weight=19.6781 16.5853 3.09276 14.8838 4.26592 10.6179 7.62163 2.48718 1.57326 1.70157 1.26581 1.16498 0.805535
internal_count=364 264 100 175 55 120 91 93 71 89 74 57 52
is_linear=0
shrinkage=0.05


Tree=71
num_leaves=14
num_cat=0
split_feature=15 8 4 15 4 8 2 1 6 8 4 1 0
split_gain=1.93774 1.411 1.1056 0.665525 1.68221 1.01488 0.66003 0.000352506 0.00020046 0.000134958 6.49607e-05 1.04827e-05 1.12356e-06
threshold=0.36034511950000009 0.29166666650000006 0.83854166650000017 0.45251721600000006 0.66145833350000005 0.56250000000000011 2.5000000000000004 54.500000000000007 2.9036458335000002 1.0000000000000002 0.79687500000000011 68.500000000000014 70.500000000000014
decision_type=2 2 2 2 2 2 2 2 2 2 2 2 2
left_child=2 10 7 -3 5 -5 -6 8 9 -1 11 12 -2
right_child=1 3 -4 4 6 -7 -8 -9 -10 -11 -12 -13 -14
leaf_value=-0.052077671596384795 0.050716491170126769 0.025267430962901322 0.023512251599913873 -0.0068489914185018569 -0.0056993190384978807 0.030370954727310814 -0.042284990352486458 -0.053093344535135825 -0.052574198981943203 -0.050976991942808407 0.051622943628004229 0.051092798102647045 0.05083876057515381
leaf_weight=0.45014610793441867 0.3292789058759833 2.535123147070407 0.60470099560916413 3.5521637182682735 2.2937444075942039 3.7809407534077764 2.6651455909013748 0.69543746951967467 0.52096929028630246 0.73033488728106022 0.41518195718526829 0.43830325454473495 0.4375716894865036
leaf_count=14 24 21 14 42 25 60 27 18 14 40 15 22 28
internal_value=4.08546e-05 0.00678295 -0.036903 0.00194169 -0.00286905 0.0123416 -0.0253622 -0.0521449 -0.0517572 -0.0513967 0.0510836 0.0508977 0.0507863
internal_weight=19.449 16.4475 3.00159 14.8271 12.292 7.3331 4.95889 2.39689 1.70145 1.18048 1.62034 1.20515 0.766851
internal_count=364 264 100 175 154 102 52 86 68 54 89 74 52
is_linear=0
shrinkage=0.05


Tree=72
num_leaves=15
num_cat=0
split_feature=15 8 4 11 9 15 4 1 6 8 4 8 1 0
split_gain=1.81087 1.35177 1.05913 0.605669 1.00947 0.854215 1.01681 0.000302887 0.000172068 0.000115892 5.57692e-05 3.66026e-05 9.00227e-06 9.65285e-07
threshold=0.36034511950000009 0.29166666650000006 0.83854166650000017 0.39583333350000005 0.18750000000000003 0.88112244900000014 0.66145833350000005 54.500000000000007 2.9036458335000002 1.0000000000000002 0.79687500000000011 0.68750000000000011 68.500000000000014 70.500000000000014
decision_type=2 2 2 2 2 2 2 2 2 2 2 2 2 2
left_child=2 10 7 5 11 -3 -7 8 9 -1 12 -5 13 -2
right_child=1 3 -4 4 -6 6 -8 -9 -10 -11 -12 -13 -14 -15
leaf_value=-0.051973463326323827 0.050681078145762559 -0.024105493422493292 0.022190627941489287 0.051789648270110414 0.0026984920053300457 0.026450133394413794 -0.018188329046168617 -0.052937865523805208 -0.052444595052717619 -0.050928488167835517 0.05154174059418945 0.051265638189286936 0.051038486830219658 0.050797235134858856
leaf_weight=0.42902909033000802 0.31343312561512238 3.8414978757500631 0.60857750289142121 0.84065571427345165 4.3691378068178892 2.9277092814445496 2.2609421759843826 0.663414399139583 0.49675504118204106 0.69536097627133131 0.39553980715572823 0.55212443321943283 0.41735941171646118 0.41656274255365133
leaf_count=14 24 39 14 27 38 28 17 18 14 40 15 26 22 28
internal_value=3.64733e-05 0.00649406 -0.0364238 0.00184874 0.0145147 -0.00623308 0.00699903 -0.0520379 -0.0516696 -0.0513272 0.0510298 0.0515819 0.0508533 0.0507474
internal_weight=19.2281 16.335 2.89314 14.7921 5.76192 9.03015 5.18865 2.28456 1.62115 1.12439 1.5429 1.39278 1.14736 0.729996
internal_count=364 264 100 175 91 84 45 86 68 54 89 53 74 52
is_linear=0
shrinkage=0.05


Tree=73
num_leaves=14
num_cat=0
split_feature=15 8 4 15 4 8 2 1 6 8 4 1 0
split_gain=1.69411 1.29273 1.16346 0.598372 1.44603 0.884642 0.60855 0.000271603 0.000152693 8.72338e-05 4.78839e-05 7.73175e-06 8.29374e-07
threshold=0.36034511950000009 0.29166666650000006 0.89062500000000011 0.45251721600000006 0.66145833350000005 0.56250000000000011 2.5000000000000004 54.500000000000007 2.9036458335000002 1.0000000000000002 0.79687500000000011 68.500000000000014 70.500000000000014
decision_type=2 2 2 2 2 2 2 2 2 2 2 2 2
left_child=2 10 7 -3 5 -5 -6 8 9 -1 11 12 -2
right_child=1 3 -4 4 6 -7 -8 -9 -10 -11 -12 -13 -14
leaf_value=-0.051771706799814014 0.050647438401325622 0.023819508732720276 0.029331699303874338 -0.0065643073537381431 -0.0048459638549544094 0.028553471397072705 -0.040097577753814444 -0.052790422150455776 -0.052321713372946978 -0.050882435256374287 0.05146469560566589 0.050986923080005631 0.050757795250293808
leaf_weight=0.47267167456448411 0.29833984840661532 2.5444616004824629 0.54851288907229889 3.4944466277956945 2.2855699546635151 3.6837566299363971 2.6365511966869235 0.63277733419090498 0.47360976040363301 0.66203138884156942 0.3767981445416807 0.39739592932164669 0.39654686860740185
leaf_count=17 24 21 11 42 25 60 27 18 14 40 15 22 28
internal_value=3.68873e-05 0.00626479 -0.035938 0.00177935 -0.00285527 0.0114577 -0.0237286 -0.0519129 -0.0515676 -0.0512529 0.0509787 0.050811 0.0507104
internal_weight=18.9035 16.1139 2.7896 14.6448 12.1003 7.1782 4.92212 2.24109 1.60831 1.1347 1.46908 1.09228 0.694887
internal_count=364 264 100 175 154 102 52 89 71 57 89 74 52
is_linear=0
shrinkage=0.05


Tree=74
num_leaves=14
num_cat=0
split_feature=9 8 13 8 0 15 2 3 5 4 6 1 0
split_gain=1.61086 1.22993 1.20634 0.6334 0.871314 0.501059 1.07512 0.00371161 0.000177285 4.11189e-05 2.69697e-05 6.64132e-06 7.12654e-07
threshold=0.64583333350000005 0.29166666650000006 1.0000000180025095e-35 0.64583333350000005 69.500000000000014 0.45251721600000006 2.5000000000000004 3.6875000000000004 0.18750000000000003 0.79687500000000011 1.4492187500000002 68.500000000000014 70.500000000000014
decision_type=2 2 2 2 2 2 2 2 2 2 2 2 2
left_child=1 9 7 5 -5 -3 -7 -2 10 11 -9 12 -1
right_child=2 3 -4 4 -6 6 -8 8 -10 -11 -12 -13 -14
leaf_value=0.050615479403747103 -0.05611091236624817 0.012659577632389006 0.02682581275970837 0.048414581462563042 0.00099770300513843998 0.0050571385935753183 -0.033348912096345489 -0.05137374297743378 -0.052179881391150186 0.051391590391862307 -0.050848430469556852 0.05093796332280795 0.050720331573552019
leaf_weight=0.28396430797875172 0.59392711147665966 2.9413360543549043 0.61131037212908257 1.5230499710887659 2.6624556872993708 4.1680226046591997 3.2376889511942863 0.42182033602148272 0.56037502735853184 0.35891847778111685 0.58068500645458698 0.37836886011064053 0.37747863214462996
leaf_count=24 8 29 18 22 33 54 37 19 17 15 38 22 28
internal_value=3.25174e-05 0.0061497 -0.0351736 0.00183967 0.0182521 -0.00479935 -0.0117335 -0.0527462 -0.0514676 0.0509302 -0.0510695 0.0507709 0.0506753
internal_weight=18.6994 15.9313 2.76812 14.5326 4.18551 10.347 7.40571 2.15681 1.56288 1.39873 1.00251 1.03981 0.661443
internal_count=364 264 100 175 55 120 91 82 74 89 57 74 52
is_linear=0
shrinkage=0.05


Tree=75
num_leaves=15
num_cat=0
split_feature=15 8 4 11 9 15 3 1 9 1 4 8 1 0
split_gain=1.5478 1.1759 1.09065 0.517374 0.976951 0.760681 1.02574 0.00022977 0.000136948 9.68913e-05 3.53136e-05 3.28154e-05 5.70521e-06 6.12417e-07
threshold=0.36034511950000009 0.29166666650000006 0.89062500000000011 0.39583333350000005 0.18750000000000003 0.88112244900000014 16.937500000000004 54.500000000000007 0.64583333350000005 34.500000000000007 0.79687500000000011 0.64583333350000005 68.500000000000014 70.500000000000014
decision_type=2 2 2 2 2 2 2 2 2 2 2 2 2 2
left_child=2 10 7 5 11 -3 -7 8 -1 -10 12 -5 13 -2
right_child=1 3 -4 4 -6 6 -8 -9 9 -11 -12 -13 -14 -15
leaf_value=-0.05223955086103356 0.050585116434062771 -0.022865035414520906 0.028108409532809821 0.05172872733211456 0.0022201237144704494 0.02819196669343435 -0.01650044428464563 -0.052637162106914707 -0.051825745044665063 -0.050831493713535542 0.051322213415747088 0.051226676577263333 0.050891471291176826 0.050684744780479789
leaf_weight=0.42011292092502461 0.27027325052767881 3.7460396625101549 0.53641146980226029 0.70060047879814991 4.3498128913342953 2.67659967020154 2.4672474320977926 0.59090591315180052 0.37491761520504929 0.70733465068042278 0.34186369180679321 0.60788365732878447 0.36023609898984432 0.35931453667581081
leaf_count=11 24 39 11 23 38 22 23 18 14 46 15 30 22 28
internal_value=2.89991e-05 0.0059128 -0.0355015 0.00179629 0.0136151 -0.00572621 0.00675524 -0.0518019 -0.0514734 -0.0511759 0.0508841 0.0514955 0.0507328 0.050642
internal_weight=18.5096 15.8799 2.62968 14.5482 5.6583 8.88989 5.14385 2.09327 1.50237 1.08225 1.33169 1.30848 0.989824 0.629588
internal_count=364 264 100 175 91 84 45 89 71 60 89 53 74 52
is_linear=0
shrinkage=0.05


Tree=76
num_leaves=14
num_cat=0
split_feature=15 8 4 15 4 8 0 1 9 1 4 1 0
split_gain=1.44895 1.12441 1.04023 0.505802 1.32701 0.751988 0.575328 0.000197577 0.000117355 8.33163e-05 3.03315e-05 4.90153e-06 5.26305e-07
threshold=0.36034511950000009 0.29166666650000006 0.89062500000000011 0.45251721600000006 0.66145833350000005 0.56250000000000011 67.500000000000014 54.500000000000007 0.64583333350000005 34.500000000000007 0.79687500000000011 68.500000000000014 70.500000000000014
decision_type=2 2 2 2 2 2 2 2 2 2 2 2 2
left_child=2 10 7 -3 5 -5 -6 8 -1 -10 11 12 -2
right_child=1 3 -4 4 6 -7 -8 -9 9 -11 -12 -13 -14
leaf_value=-0.052126400669929608 0.050556267970219886 0.021909754355531975 0.026556103224238337 -0.0054487991717222673 -0.000436166576719567 0.027238763557755896 -0.036128160669882656 -0.052505378702730782 -0.051735004070259438 -0.050790346428367855 0.051256368550529445 0.05084731896301297 0.050650936490154723
leaf_weight=0.4004693254828483 0.25723487231880315 2.5543621499091378 0.539302373304963 3.4491115640848857 1.8011051341891287 3.5917200827971101 3.0258646290749311 0.56346225179731835 0.35724239703267791 0.67336888425052166 0.32559801079332829 0.34295722097158432 0.34201294090598822
leaf_count=11 24 21 11 42 23 60 29 18 14 46 15 22 28
internal_value=2.94312e-05 0.00569517 -0.0350537 0.00172661 -0.0026175 0.011226 -0.0228103 -0.0517123 -0.0514 -0.0511178 0.0508403 0.0506966 0.0506103
internal_weight=18.2238 15.69 2.53385 14.4222 11.8678 7.04083 4.82697 1.99454 1.43108 1.03061 1.2678 0.942205 0.599248
internal_count=364 264 100 175 154 102 52 89 71 60 89 74 52
is_linear=0
shrinkage=0.05


Tree=77
num_leaves=14
num_cat=0
split_feature=15 8 4 15 4 8 1 1 9 1 4 1 0
split_gain=1.35461 1.07622 0.993085 0.454974 1.2026 0.68334 0.525148 0.000169904 0.000100589 7.1647e-05 2.60548e-05 4.21145e-06 4.52346e-07
threshold=0.36034511950000009 0.29166666650000006 0.89062500000000011 0.45251721600000006 0.66145833350000005 0.56250000000000011 59.500000000000007 54.500000000000007 0.64583333350000005 34.500000000000007 0.79687500000000011 68.500000000000014 70.500000000000014
decision_type=2 2 2 2 2 2 2 2 2 2 2 2 2
left_child=2 10 7 -3 5 -5 -6 8 -1 -10 11 12 -2
right_child=1 3 -4 4 6 -7 -8 -9 9 -11 -12 -13 -14
leaf_value=-0.052019158668024312 0.050528855927535289 0.02074093771129577 0.025093849971206866 -0.0051806626091536823 -0.0029298677394761254 0.02602947046198302 -0.036261564990702919 -0.052380332573013937 -0.051648853916690732 -0.050751262011650727 0.051193864706389716 0.050805385210446641 0.050618817384539619
leaf_weight=0.38170371949672988 0.2448187768459309 2.5631608143448821 0.54211772792041291 3.4463199824094755 2.0918015073984861 3.5711960261687636 2.7160424068570137 0.53722910583019245 0.34037199150770903 0.64100913051515818 0.31008700747042894 0.32649347372353077 0.32553399819880724
leaf_count=11 24 21 11 42 33 60 19 18 14 46 15 22 28
internal_value=2.51912e-05 0.00544765 -0.0345984 0.00164352 -0.00249587 0.0107021 -0.0217596 -0.0516273 -0.0513304 -0.0510626 0.0507988 0.0506622 0.0505802
internal_weight=18.0379 15.5955 2.44243 14.3885 11.8254 7.01752 4.80784 1.90031 1.36308 0.981381 1.20693 0.896846 0.570353
internal_count=364 264 100 175 154 102 52 89 71 60 89 74 52
is_linear=0
shrinkage=0.05


Tree=78
num_leaves=15
num_cat=0
split_feature=9 13 8 8 0 11 0 0 3 5 4 6 1 0
split_gain=1.29769 1.23938 1.0193 0.513871 0.790058 0.422393 2.60711 1.82994 0.00366017 0.000143983 2.23833e-05 2.0144e-05 3.61888e-06 3.88817e-07
threshold=0.64583333350000005 1.0000000180025095e-35 0.29166666650000006 0.64583333350000005 69.500000000000014 0.30989583350000005 65.500000000000014 69.500000000000014 3.6875000000000004 0.18750000000000003 0.79687500000000011 1.4492187500000002 68.500000000000014 70.500000000000014
decision_type=2 2 2 2 2 2 2 2 2 2 2 2 2 2
left_child=2 8 10 5 -5 7 -7 -4 -2 11 12 -10 13 -1
right_child=1 -3 3 4 -6 6 -8 -9 9 -11 -12 -13 -14 -15
leaf_value=0.05050280750522082 -0.056110585865855815 0.030677569154291491 0.018719524541098313 0.045930754723647743 0.00021007258428906044 -0.045957245795287663 0.026511397692972474 -0.046995385739545453 -0.051187231632243306 -0.051962490359294483 0.05113452965043324 -0.05069169058772785 0.050765556919187285 0.050588301206480717
leaf_weight=0.23299590777606016 0.56148782372474615 0.58006779477000225 1.9912530444562415 1.4802883192896832 2.6123412065207958 1.7840963620692489 4.077562877908349 2.2636949606239796 0.36016760300844886 0.52334518544375896 0.29529751371592283 0.47627457231283188 0.31080771517008543 0.30983960442245007
leaf_count=24 8 18 23 22 33 24 51 22 19 17 15 38 22 28
internal_value=2.1109e-05 -0.0333756 0.00546034 0.00179752 0.0167471 -0.00425026 0.00445433 -0.0162418 -0.0527144 -0.051312 0.0507593 -0.0509051 0.0506295 0.0505516
internal_weight=17.8595 2.50134 15.3582 14.2092 4.09263 10.1166 5.86166 4.25495 1.92128 1.35979 1.14894 0.836442 0.853643 0.542836
internal_count=364 100 264 175 55 120 75 45 82 74 89 57 74 52
is_linear=0
shrinkage=0.05


Tree=79
num_leaves=14
num_cat=0
split_feature=15 8 4 11 4 6 15 1 8 1 4 1 0
split_gain=1.24361 0.977643 0.935791 0.429661 0.650527 0.456159 0.505776 0.000149808 9.64675e-05 5.21607e-05 1.92311e-05 3.10989e-06 3.34223e-07
threshold=0.36034511950000009 0.29166666650000006 0.89062500000000011 0.9205729170000001 0.51562500000000011 0.25390625000000006 0.52138594850000008 54.500000000000007 0.64583333350000005 34.500000000000007 0.79687500000000011 68.500000000000014 70.500000000000014
decision_type=2 2 2 2 2 2 2 2 2 2 2 2 2
left_child=2 10 7 5 -5 6 -3 8 -1 -10 11 12 -2
right_child=1 3 -4 4 -6 -7 -8 -9 9 -11 -12 -13 -14
leaf_value=-0.051934874847779505 0.050478054703931678 0.018053905650967112 0.024187035401604221 0.053396037672525931 0.00075021900868096469 -0.021862978948474728 -0.0061342943148195075 -0.052272295983398678 -0.051496905779115101 -0.050700293545916465 0.051078195827067088 0.050727722618611332 0.050559305202576621
leaf_weight=0.36959850043058684 0.22173850517719873 3.3899436555802804 0.52919165231287468 0.93810487864538972 1.5668381555005906 2.3851296678185454 5.9623209126293659 0.50364374835044134 0.3145871264860034 0.59253720659762621 0.28119766619056463 0.29586438369005919 0.29489331506192684
leaf_count=11 24 28 11 27 31 34 55 18 14 46 15 22 28
internal_value=1.45968e-05 0.00516573 -0.0341902 0.0016674 0.0204662 -0.00234455 0.00263328 -0.051542 -0.051254 -0.0509766 0.0507218 0.0505985 0.0505244
internal_weight=17.6456 15.336 2.30956 14.2423 2.50494 11.7374 9.35226 1.78037 1.27672 0.907124 1.09369 0.812496 0.516632
internal_count=364 264 100 175 58 117 83 89 71 60 89 74 52
is_linear=0
shrinkage=0.05


Tree=80
num_leaves=15
num_cat=0
split_feature=9 13 8 8 9 8 6 15 15 0 5 4 4 1
split_gain=1.16578 1.19182 0.928155 0.480468 0.739403 1.62485 0.397026 0.905729 0.664145 0.00395623 0.00022953 1.65243e-05 1.63616e-05 2.67275e-06
threshold=0.64583333350000005 1.0000000180025095e-35 0.29166666650000006 0.64583333350000005 0.35416666650000006 1.4375000000000002 0.18750000000000003 0.68087971850000006 0.53043924600000014 55.500000000000007 0.18750000000000003 0.79687500000000011 0.60937500000000011 68.500000000000014
decision_type=2 2 2 2 2 2 2 2 2 2 2 2 2 2
left_child=2 9 11 6 5 -5 8 -8 -4 -2 12 13 -11 -1
right_child=1 -3 3 4 -6 -7 7 -9 -10 10 -12 -13 -14 -15
leaf_value=0.050498610305839048 -0.057070436709349637 0.029501673700375004 0.018570913908864457 0.036762918917420805 0.044475052067125792 -0.04293601625626612 -0.040563964731843434 0.015690384997900951 -0.012269649314725762 -0.050622458520878072 -0.052123827194697339 0.0510247080491983 -0.051093981304818584 0.05069178284733087
leaf_weight=0.49168033897876984 0.40193418040871565 0.58446335047483433 3.3389111086726171 1.3905211072415107 1.4783393219113348 1.1840818724595008 1.8841044213622811 1.1536481902003286 3.6582793779671192 0.40257896436378338 0.65243564359843731 0.26775681786239147 0.33880783244967461 0.2816294115036726
leaf_count=52 7 18 27 24 8 23 28 30 35 35 20 15 20 22
internal_value=1.13135e-05 -0.0325155 0.00512871 0.00176211 0.0162916 0.000108699 -0.00410613 -0.0192002 0.00244681 -0.0527001 -0.0514399 0.0506862 -0.0508379 0.050569
internal_weight=17.5092 2.38022 15.129 14.0879 4.05294 2.5746 10.0349 3.03775 6.99719 1.79576 1.39382 1.04107 0.741387 0.77331
internal_count=364 100 264 175 55 47 120 58 62 82 75 89 55 74
is_linear=0
shrinkage=0.05


Tree=81
num_leaves=12
num_cat=0
split_feature=10 8 3 9 1 0 5 4 11 1 0
split_gain=1.10847 0.953714 0.520281 0.770356 1.27358 1.21133 0.000237379 1.41995e-05 1.03202e-05 2.29713e-06 2.47237e-07
threshold=0.79166666650000017 0.29166666650000006 7.8750000000000009 0.18750000000000003 55.500000000000007 63.500000000000007 0.18750000000000003 0.79687500000000011 1.4296875000000002 68.500000000000014 70.500000000000014
decision_type=2 2 2 2 2 2 2 2 2 2 2
left_child=1 7 -3 5 -5 -4 8 9 -2 10 -1
right_child=6 2 3 4 -6 -7 -8 -9 -10 -11 -12
leaf_value=0.050432155935401395 -0.050594543988150942 0.024289453073711789 0.054503200417303402 -0.036019735308747615 0.003036182068323112 -0.0026253342728197768 -0.052356172171689641 0.050973915185358001 -0.051021460916197837 0.05065763825592793 0.050505586158220372
leaf_weight=0.20080651994795218 0.31677349377423425 1.9349132329225529 1.2754966826178122 3.4186801556497795 5.3599504069425166 3.4047159748151898 0.41460998728871346 0.25494555570185184 0.25593053456395864 0.26807019673287868 0.26711591379716992
leaf_count=24 29 21 25 70 42 61 12 15 15 22 28
internal_value=6.50037e-06 0.00310688 4.62492e-05 -0.00343908 -0.0121734 0.0129439 -0.051445 0.0506523 -0.0507853 0.0505409 0.0504741
internal_weight=17.372 16.3847 15.3938 13.4588 8.77863 4.68021 0.987314 0.990938 0.572704 0.735993 0.467922
internal_count=364 308 219 198 112 86 56 89 44 74 52
is_linear=0
shrinkage=0.05


Tree=82
num_leaves=12
num_cat=0
split_feature=10 9 3 0 0 1 9 8 1 5 11
split_gain=1.05066 0.588085 1.27885 1.22501 3.28373 1.18548 2.74312 1.00299 0.33807 0.000203871 8.87269e-06
threshold=0.79166666650000017 0.18750000000000003 6.7083333335000015 63.500000000000007 71.500000000000014 55.500000000000007 0.35416666650000006 0.52083333350000005 70.500000000000014 0.18750000000000003 1.4296875000000002
decision_type=2 2 2 2 2 2 2 2 2 2 2
left_child=1 3 -3 -1 -5 7 -7 -4 -6 10 -2
right_child=9 2 5 4 8 6 -8 -9 -10 -11 -12
leaf_value=0.055668877879896467 -0.050565259402129248 0.04095903977513668 0.0063872516267476052 -0.045316843599404487 0.052884389988609865 -0.041947857991693517 0.030234070859876422 -0.052864589536568418 0.012113158633972818 -0.052238031255633116 -0.050970967809471059
leaf_weight=1.4403464095667065 0.30149437766522069 1.3601405862718809 1.0323459031060322 1.9821722381748257 1.7554146088659766 2.1139995446428657 3.4877794864587486 2.317708745598793 0.71574763488024462 0.3952586418017745 0.24368373863399029
leaf_count=31 29 17 17 38 72 25 31 55 22 12 15
internal_value=5.73933e-06 0.00298734 -0.00421343 0.0155863 0.00262235 -0.0110769 0.00299405 -0.0346057 0.0410754 -0.0513734 -0.0507466
internal_weight=17.1461 16.2057 10.312 5.89368 4.45333 8.95183 5.60178 3.35005 2.47116 0.940437 0.545178
internal_count=364 308 145 163 132 128 56 72 94 56 44
is_linear=0
shrinkage=0.05


Tree=83
num_leaves=14
num_cat=0
split_feature=9 13 8 15 15 2 4 9 4 0 3 1 8
split_gain=1.00678 1.1685 0.476269 0.811263 0.460503 0.836046 0.969951 0.549401 0.0177007 0.00447676 0.000214965 4.5937e-05 2.99714e-05
threshold=0.64583333350000005 1.0000000180025095e-35 0.35416666650000006 0.84831299800000004 0.45251721600000006 2.5000000000000004 0.70312500000000011 0.18750000000000003 0.91145833350000005 52.000000000000007 10.354166666500001 54.500000000000007 0.18750000000000003
decision_type=2 2 2 2 2 2 2 2 2 2 2 2 2
left_child=2 9 3 -1 -4 7 -7 -6 12 -2 -11 -12 -5
right_child=1 -3 4 8 5 6 -8 -9 -10 10 11 -13 -14
leaf_value=-0.02830325021593192 -0.057622802213088957 0.029949779589356587 0.018831609771307167 0.05055204047820281 0.022543340240279396 0.0025314552403242077 -0.048231887235353502 -0.0067344166039517419 0.065416824774195553 -0.052382232741734064 -0.050628608100860999 -0.051340361351725664 0.051204761741946138
leaf_weight=0.40772934537381189 0.36687836050987188 0.57637844048440445 3.0371815506368867 0.52362117217853643 3.1460633305832726 1.9436415955424311 1.8241466982290147 3.2655061706900597 0.27942764572799206 0.3666032003238795 0.50288496725261211 0.41276741027832031 0.26481372676789761
leaf_count=15 5 18 33 54 59 31 19 29 5 11 46 20 19
internal_value=5.91837e-06 -0.0313337 0.00475314 0.0316951 0.00174514 -0.00335289 -0.0220452 0.00763175 0.0546036 -0.0527526 -0.0513591 -0.0509495 0.0507713
internal_weight=16.9176 2.22551 14.6921 1.47559 13.2165 10.1794 3.76779 6.41157 1.06786 1.64913 1.28226 0.915652 0.788435
internal_count=364 100 264 93 171 138 50 88 78 82 77 66 73
is_linear=0
shrinkage=0.05


Tree=84
num_leaves=12
num_cat=0
split_feature=10 9 8 15 1 0 0 6 0 5 11
split_gain=0.963812 0.542808 1.88347 2.24038 4.08284 1.32662 2.11078 1.19348 0.0241149 0.000166823 6.72741e-06
threshold=0.79166666650000017 0.29166666650000006 2.5625000000000004 0.51048462200000011 66.500000000000014 80.500000000000014 63.500000000000007 0.41406250000000006 89.500000000000014 0.18750000000000003 1.4296875000000002
decision_type=2 2 2 2 2 2 2 2 2 2 2
left_child=1 5 3 4 -3 6 -1 -8 -7 10 -2
right_child=9 2 -4 -5 -6 8 7 -9 -10 -11 -12
leaf_value=0.055013344334571904 -0.050528873125883361 -0.028479025468977195 0.038117598213368249 -0.062214741471773076 0.072030248328046984 0.051726197581439717 -0.029990055833453766 0.031777191179210747 0.065240734200399456 -0.05209764082857208 -0.050896266935265028
leaf_weight=1.4416774059645838 0.27774748206138689 3.5018604137003404 1.9406353440135715 2.0018945038318634 1.4201497957110403 0.67405855236574985 3.2209098194725811 1.03284126939252 0.64683275716379285 0.36483756266534328 0.22597994469106197
leaf_count=39 29 67 16 24 8 37 59 37 21 12 15
internal_value=2.95862e-06 0.00280794 -0.00541605 -0.0176177 0.00052096 0.0131983 0.00272798 -0.0149925 0.0583442 -0.0512834 -0.0506937
internal_weight=16.7494 15.8809 8.86454 6.9239 4.92201 7.01632 5.69543 4.25375 1.32089 0.868565 0.503727
internal_count=364 308 115 99 75 193 135 96 58 56 44
is_linear=0
shrinkage=0.05


Tree=85
num_leaves=14
num_cat=0
split_feature=8 15 5 11 15 5 6 15 1 8 4 1 3
split_gain=0.94905 0.754002 0.866423 0.370862 0.825332 1.96728 0.354844 0.396045 0.000105586 9.73877e-05 9.6603e-06 1.4573e-06 3.40719e-07
threshold=0.29166666650000006 0.36034511950000009 0.68750000000000011 0.9205729170000001 0.59517605200000012 0.18750000000000003 0.25390625000000006 0.52138594850000008 60.500000000000007 0.64583333350000005 0.79687500000000011 68.500000000000014 12.312500000000002
decision_type=2 2 2 2 2 2 2 2 2 2 2 2 2
left_child=10 2 8 6 -5 -6 7 -3 9 -2 11 12 -1
right_child=1 3 -4 4 5 -7 -8 -9 -10 -11 -12 -13 -14
leaf_value=0.050480760032393435 -0.051692474702407926 0.015683776823273089 0.026110522110449303 0.062175587903062657 0.051163523304118178 -0.059107581199292991 -0.02046085818564243 -0.0060777144529179745 -0.051997675459647154 -0.050684350650916567 0.05085912722034637 0.050580043232200424 0.050388088230122724
leaf_weight=0.16241151886061089 0.35230261273682006 3.3016347698867303 0.48160268366336811 0.76102867722511236 0.8561187391169367 0.76667451485991478 2.2088747806847087 5.700866999104619 0.35587203036993731 0.74859728524461389 0.22674720548093319 0.23407040163874626 0.25477232458069921
leaf_count=18 12 28 9 6 45 7 34 55 14 65 15 22 34
internal_value=4.02089e-06 -0.00285457 -0.0320285 0.00130499 0.0192142 -0.000933098 -0.00250296 0.00190323 -0.051249 -0.051007 0.0505781 0.0504802 0.0504242
internal_weight=16.4116 15.5336 1.93837 13.5952 2.38382 1.62279 11.2114 9.0025 1.45677 1.1009 0.878001 0.651254 0.417184
internal_count=364 275 100 175 58 52 117 83 91 77 89 74 52
is_linear=0
shrinkage=0.05


Tree=86
num_leaves=14
num_cat=0
split_feature=8 9 13 8 9 8 15 4 0 3 4 1 3
split_gain=0.900353 0.720607 1.10403 0.481167 0.684625 1.74456 0.362051 0.752181 0.00400288 0.000207621 8.30269e-06 1.253e-06 2.92968e-07
threshold=0.29166666650000006 0.64583333350000005 1.0000000180025095e-35 0.64583333350000005 0.35416666650000006 1.8125000000000002 0.45251721600000006 0.58854166650000017 52.000000000000007 10.062500000000002 0.79687500000000011 68.500000000000014 12.312500000000002
decision_type=2 2 2 2 2 2 2 2 2 2 2 2 2
left_child=10 3 8 6 5 -5 -2 -8 -3 -10 11 12 -1
right_child=1 2 -4 4 -6 -7 7 -9 9 -11 -12 -13 -14
leaf_value=0.050457112344064414 0.011057080603426583 -0.057347554283011304 0.028628843330614964 0.037331281122499123 0.043743395707100285 -0.046577372212634104 0.0045358804809936988 -0.028974838113933862 -0.052407217724425498 -0.050874039758099454 0.050816639689954805 0.050551479013037505 0.050369022628628558
leaf_weight=0.15456119505688803 2.6435877326875907 0.3552578911185259 0.5776409376412629 1.4094013166613875 1.4340448305010793 1.1052291262894867 3.665762634947896 3.082756083458662 0.29855677206069209 0.84799296595156193 0.2158644013106823 0.22277729120105505 0.24243635125458241
leaf_count=18 29 5 18 28 8 19 60 31 9 68 15 22 34
internal_value=1.19502e-06 -0.00273808 -0.0301154 0.00152926 0.0161741 0.000451791 -0.00462777 -0.010772 -0.0527102 -0.0512733 0.0505496 0.0504566 0.0504033
internal_weight=16.2559 15.4202 2.07945 13.3408 3.94868 2.51463 9.39211 6.74852 1.50181 1.14655 0.835639 0.619775 0.396998
internal_count=364 275 100 175 55 47 120 91 82 77 89 74 52
is_linear=0
shrinkage=0.05


Tree=87
num_leaves=15
num_cat=0
split_feature=8 15 4 11 5 15 15 3 1 8 8 4 1 3
split_gain=0.854085 0.703278 0.819353 0.363299 0.503162 0.336205 0.993111 0.72213 8.49955e-05 5.23002e-05 1.42345e-05 7.13639e-06 1.07736e-06 2.51921e-07
threshold=0.29166666650000006 0.36034511950000009 0.89062500000000011 0.9205729170000001 0.18750000000000003 0.81972026600000014 0.51048462200000011 16.937500000000004 54.500000000000007 0.64583333350000005 0.64583333350000005 0.79687500000000011 68.500000000000014 12.312500000000002
decision_type=2 2 2 2 2 2 2 2 2 2 2 2 2 2
left_child=11 2 8 5 10 6 -3 -7 9 -2 -5 12 13 -1
right_child=1 3 -4 4 -6 7 -8 -9 -10 -11 -12 -13 -14 -15
leaf_value=0.050434637561391674 -0.051536733090358972 0.00485043777168097 0.02542007407315279 0.051321593304208692 0.0022128160224451636 0.025349443531867178 -0.037337141119560338 -0.012037980987501088 -0.051854298888062478 -0.050740659152407268 0.050902453923234052 0.050776281003799245 0.050524332556244458 0.050350900604011588
leaf_weight=0.1470870203338589 0.29772960394620784 3.8581011192873103 0.46803033910691727 0.39341538213193361 1.4985259771347044 2.6268228217959404 2.1850282493978739 2.5407296400517225 0.39612480672076344 0.67197818541899323 0.41756493505090475 0.20549566205590963 0.2120232991874218 0.23069349955767393
leaf_count=18 11 38 11 17 13 25 27 27 18 60 28 15 22 34
internal_value=-4.78586e-07 -0.00261744 -0.0316731 0.00132363 0.0193815 -0.00239646 -0.0104034 0.00696717 -0.0512372 -0.0509851 0.0511058 0.0505225 0.0504341 0.0503835
internal_weight=16.1494 15.3541 1.83386 13.5202 2.30951 11.2107 6.04313 5.16755 1.36583 0.969708 0.81098 0.795299 0.589804 0.377781
internal_count=364 275 100 175 58 117 65 52 89 71 45 89 74 52
is_linear=0
shrinkage=0.05


Tree=88
num_leaves=14
num_cat=0
split_feature=8 15 5 11 4 15 15 0 1 8 4 1 3
split_gain=0.810481 0.660459 0.79215 0.333884 0.488623 0.30548 0.919899 0.666158 7.6674e-05 7.42407e-05 6.13428e-06 9.26423e-07 2.16643e-07
threshold=0.29166666650000006 0.36034511950000009 0.68750000000000011 0.9205729170000001 0.51562500000000011 0.81972026600000014 0.51048462200000011 70.500000000000014 60.500000000000007 0.64583333350000005 0.79687500000000011 68.500000000000014 12.312500000000002
decision_type=2 2 2 2 2 2 2 2 2 2 2 2 2
left_child=10 2 8 5 -5 6 -3 -7 9 -2 11 12 -1
right_child=1 3 -4 4 -6 7 -8 -9 -10 -11 -12 -13 -14
leaf_value=0.050413277656586854 -0.051544111442219348 0.0045987268730233342 0.024967764758209943 0.048796113774617011 0.00085031378280233196 0.02404215652098653 -0.03627555881051376 -0.011917237386007187 -0.051813637845914987 -0.050620052264088278 0.050737941401570223 0.050498536910496675 0.050333674280568758
leaf_weight=0.1399712888523944 0.32312612794339546 3.8656116845086199 0.46303878538310517 0.84765871474519316 1.4242209647782145 2.6607397180050611 2.1377425827085972 2.4962314330041409 0.31951002404093742 0.66407086234539747 0.19561750255525112 0.20178323145955801 0.21951565332710743
leaf_count=18 12 38 9 27 31 32 27 20 14 65 15 22 34
internal_value=-1.23733e-06 -0.00251548 -0.0312274 0.00126742 0.0187393 -0.00228929 -0.00995625 0.00663602 -0.0511404 -0.0509225 0.0504968 0.0504128 0.0503647
internal_weight=15.9588 15.202 1.76975 13.4322 2.27188 11.1603 6.00335 5.15697 1.30671 0.987197 0.756888 0.56127 0.359487
internal_count=364 275 100 175 58 117 65 52 91 77 89 74 52
is_linear=0
shrinkage=0.05


Tree=89
num_leaves=15
num_cat=0
split_feature=9 13 8 10 8 9 8 11 0 0 8 0 6 1
split_gain=0.736815 1.08268 0.36537 1.08372 0.474271 0.668343 1.67778 0.384929 2.3859 1.84132 0.0159079 0.00395461 0.000235875 2.63676e-05
threshold=0.64583333350000005 1.0000000180025095e-35 0.35416666650000006 1.0000000180025095e-35 0.64583333350000005 0.35416666650000006 2.1875000000000004 0.30989583350000005 65.500000000000014 69.500000000000014 0.29166666650000006 52.000000000000007 4.8190104170000012 54.500000000000007
decision_type=2 2 2 2 2 2 2 2 2 2 2 2 2 2
left_child=2 11 3 10 7 6 -6 9 -9 -4 -1 -2 13 -13
right_child=1 -3 4 -5 5 -7 -8 8 -10 -11 -12 12 -14 -15
leaf_value=0.050472397705947261 -0.057377524594083323 0.029315256495428644 0.017627596645763893 -0.061119678680280877 0.036822891781154318 0.043527284201990597 -0.046417250505345287 -0.046248891640575863 0.0255783911014098 -0.056628323777460091 0.065090757594300649 -0.050501909566703244 -0.052518874656378368 -0.051087748255082624
leaf_weight=0.7203135429881502 0.34700793027877885 0.56723942141979922 1.7267257645726188 0.257525235414505 1.3815244049765167 1.4101230800151823 1.0774890119209883 1.675620639696717 3.7292932346463203 1.6163176745176313 0.25093795359134674 0.41909417510032632 0.25694843474775553 0.35456044552847743
leaf_count=89 5 18 23 2 32 8 15 24 51 18 2 49 7 21
internal_value=-4.20402e-06 -0.0288223 0.00404371 0.0300704 0.00150897 0.0160854 0.000348777 -0.00493802 0.00331064 -0.0182742 0.0542493 -0.0527608 -0.0512063 -0.0507704
internal_weight=15.7907 1.94485 13.8459 1.22878 12.6171 3.86914 2.45901 8.74796 5.40491 3.34304 0.971251 1.37761 1.0306 0.773655
internal_count=364 100 264 93 171 55 47 116 75 41 91 82 77 70
is_linear=0
shrinkage=0.05


Tree=90
num_leaves=14
num_cat=0
split_feature=15 4 8 9 11 0 11 2 8 1 8 1 4
split_gain=0.719207 0.748846 0.352376 1.02482 0.376068 1.03939 1.66743 0.898129 0.0135336 6.43846e-05 3.9232e-05 1.52976e-05 4.53944e-06
threshold=0.36034511950000009 0.89062500000000011 0.35416666650000006 0.29166666650000006 0.18880208350000002 63.500000000000007 0.53906250000000011 2.5000000000000004 0.29166666650000006 54.500000000000007 0.64583333350000005 34.500000000000007 0.79687500000000011
decision_type=2 2 2 2 2 2 2 2 2 2 2 2 2
left_child=1 9 3 8 7 -6 -7 -4 12 10 -1 -12 -2
right_child=2 -3 4 -5 5 6 -8 -9 -10 -11 11 -13 -14
leaf_value=-0.051401417373249408 0.050373222607773827 0.024269221361242776 0.0075075867364015397 -0.060487755199431552 -0.022593288954833757 0.048040771312086873 -0.0083986752867707369 -0.033506357189145138 0.064204960218863169 -0.051704803397013492 -0.051018453929890552 -0.050491267137271791 0.050667067165751992
leaf_weight=0.27442009188234873 0.50820687832310685 0.44975831825286139 3.4477054532617313 0.24745974689722061 1.9170096204616127 2.6757512576878071 2.5613442086614668 2.1780357966199517 0.24190892651677132 0.3550043748691678 0.21406647283583879 0.38524745730683208 0.17728345096111298
leaf_count=11 74 11 35 2 29 19 63 25 2 18 14 46 15
internal_value=-9.28642e-06 -0.0309317 0.00371011 0.029915 0.00130108 0.00890701 0.0204375 -0.00837118 0.0540374 -0.051137 -0.0509063 -0.0506796 0.0504492
internal_weight=15.6332 1.6785 13.9547 1.17486 12.7798 7.15411 5.2371 5.62574 0.927399 1.22874 0.873734 0.599314 0.68549
internal_count=364 100 264 93 171 111 82 60 91 89 71 60 89
is_linear=0
shrinkage=0.05


Tree=91
num_leaves=13
num_cat=0
split_feature=15 5 9 4 0 0 6 0 1 1 8 4
split_gain=0.672012 0.724906 0.306088 1.27227 1.15222 2.7252 0.887713 0.820781 0.369561 5.70888e-05 5.69441e-05 3.90653e-06
threshold=0.36034511950000009 0.68750000000000011 0.18750000000000003 0.23437500000000003 63.500000000000007 71.500000000000014 0.62239583350000005 70.500000000000014 70.500000000000014 60.500000000000007 0.64583333350000005 0.76562500000000011
decision_type=2 2 2 2 2 2 2 2 2 2 2 2
left_child=1 9 4 -4 -2 -6 7 -5 -7 10 -1 -12
right_child=2 -3 3 6 5 8 -8 -9 -10 -11 11 -13
leaf_value=-0.051412477664685999 0.054861039698763464 0.023897235155695983 -0.038594942113923003 0.0022701810450596938 -0.042490095991472396 0.053059842138541896 -0.017524630975900405 0.045688801150495451 0.0065743271051956296 -0.051659813546882087 -0.050478034901410895 -0.050755629810041773
leaf_weight=0.29816185124218531 1.254336617887019 0.44467309582978476 1.8836526260711233 2.5362770892679691 1.9508339529857037 1.4878885238431396 2.2709684763103724 1.906779129989445 0.59995524073019613 0.28756862133741379 0.40585340885445476 0.18428662698715925
leaf_count=12 31 9 23 34 38 72 30 14 22 14 50 15
internal_value=-1.32392e-05 -0.0304829 0.00354147 -0.00228214 0.013001 7.68247e-08 0.0079056 0.0209037 0.0397019 -0.0510475 -0.0508493 -0.0505647
internal_weight=15.5112 1.62054 13.8907 8.59768 5.29301 4.03868 6.71402 4.44306 2.08784 1.17587 0.888302 0.59014
internal_count=364 100 264 101 163 132 78 48 94 91 77 65
is_linear=0
shrinkage=0.05


Tree=92
num_leaves=14
num_cat=0
split_feature=15 4 8 9 11 0 11 0 14 1 8 1 4
split_gain=0.628603 0.694534 0.326345 0.981191 0.336494 0.917422 1.43998 0.853652 0.0112656 4.595e-05 2.69729e-05 1.43259e-05 3.56364e-06
threshold=0.36034511950000009 0.89062500000000011 0.35416666650000006 0.29166666650000006 0.18880208350000002 63.500000000000007 0.53906250000000011 70.500000000000014 1.0000000180025095e-35 54.500000000000007 0.64583333350000005 34.500000000000007 0.79687500000000011
decision_type=2 2 2 2 2 2 2 2 2 2 2 2 2
left_child=1 9 3 8 7 -6 -7 -4 -2 10 -1 -12 -10
right_child=2 -3 4 -5 5 6 -8 -9 12 -11 11 -13 -14
leaf_value=-0.051265017409786701 0.063232472633102249 0.022794964582702141 0.0099641284376896736 -0.060340250367895143 -0.021718105138455613 0.044595032052397676 -0.0079959678274911065 -0.029374002205665769 0.050350724074138056 -0.051540804527172496 -0.050975244680390067 -0.050444166826955211 0.050619909697165837
leaf_weight=0.24892989546060629 0.23411584272980579 0.44515527319163073 3.0043811993673426 0.23957997560501099 1.8678076146170495 2.6873930767178535 2.5240937853232026 2.5492801796644926 0.47649832302704453 0.32229469018056989 0.1996505786664784 0.34887843020260334 0.16570792347192764
leaf_count=11 2 11 39 2 29 19 63 21 74 18 14 46 15
internal_value=-8.09308e-06 -0.0300347 0.00340956 0.0293283 0.00112009 0.0083478 0.0191235 -0.00809313 0.0538431 -0.051037 -0.0508334 -0.0506375 0.0504202
internal_weight=15.3138 1.56491 13.7489 1.1159 12.633 7.07929 5.21149 5.55366 0.876322 1.11975 0.797459 0.548529 0.642206
internal_count=364 100 264 93 171 111 82 60 91 89 71 60 89
is_linear=0
shrinkage=0.05


Tree=93
num_leaves=11
num_cat=0
split_feature=11 9 9 1 4 0 11 15 5 6
split_gain=0.639936 1.25274 0.391959 1.38775 1.21367 1.33393 0.428486 0.000278192 0.000113185 3.52815e-06
threshold=4.2500000000000009 0.64583333350000005 0.29166666650000006 55.500000000000007 0.89062500000000011 70.500000000000014 0.39583333350000005 0.40115435900000002 0.29166666650000006 0.9205729170000001
decision_type=2 2 2 2 2 2 2 2 2 2
left_child=1 2 4 6 5 -1 -4 8 9 -3
right_child=-2 7 3 -5 -6 -7 -8 -9 -10 -11
leaf_value=0.047015379434613702 0.041799001104144654 -0.050735048030257981 -0.014428541686164321 0.010844946903338317 -0.043362206264657782 -0.0029887285219426379 -0.055559129280716081 -0.052696884567859974 -0.051737632288691819 -0.050464356658847347
leaf_weight=2.4612655825912935 0.86320935934782106 0.18120753439143189 1.2246764041483404 4.3487900346517563 0.88208087999373663 2.9112509600818157 1.3111039754003284 0.33453955128788948 0.32380561251193285 0.35857636202126741
leaf_count=74 20 15 18 29 15 98 23 10 14 48
internal_value=-1.14474e-05 -0.00252874 0.00193435 -0.00629694 0.0109947 0.0199192 -0.0356948 -0.0514728 -0.0509986 -0.0505552
internal_weight=15.2005 14.3373 13.1392 6.88457 6.2546 5.37252 2.53578 1.19813 0.86359 0.539784
internal_count=364 344 257 70 187 172 41 87 77 63
is_linear=0
shrinkage=0.05


Tree=94
num_leaves=12
num_cat=0
split_feature=11 9 9 1 0 0 4 0 15 5 6
split_gain=0.572224 1.19037 0.359027 1.28724 1.16427 1.78922 0.519818 0.0158195 0.000239288 9.73332e-05 3.03306e-06
threshold=4.2500000000000009 0.64583333350000005 0.29166666650000006 55.500000000000007 80.500000000000014 63.500000000000007 0.39062500000000006 89.500000000000014 0.40115435900000002 0.29166666650000006 0.9205729170000001
decision_type=2 2 2 2 2 2 2 2 2 2 2
left_child=1 2 4 6 5 -1 -4 -6 9 10 -3
right_child=-2 8 3 -5 7 -7 -8 -9 -10 -11 -12
leaf_value=0.054206369104116608 0.039290007889272893 -0.05069885221294345 -0.0094452484986335458 0.010285689170475291 0.051889673434266842 -0.015591266998351084 -0.055627972765337388 0.064148777848043625 -0.052562848930275789 -0.051651532159723616 -0.050441595756974489
leaf_weight=1.1984740588814 0.87217838130891401 0.17248989641666301 1.1039160974323752 4.3557966910302639 0.49683762574568369 3.9256982738152146 1.3598798029124735 0.55950755346566439 0.31901486311107874 0.30851390957832336 0.34123841486871243
leaf_count=39 20 15 17 29 34 93 24 21 10 14 48
internal_value=-1.56035e-05 -0.0024398 0.00185837 -0.00605194 0.0105866 0.000733449 -0.0349356 0.0583829 -0.0514005 -0.0509495 -0.050528
internal_weight=15.0135 14.1414 13.0001 6.81959 6.18052 5.12417 2.4638 1.05635 1.14126 0.822242 0.513728
internal_count=364 344 257 70 187 132 41 55 87 77 63
is_linear=0
shrinkage=0.05


Tree=95
num_leaves=14
num_cat=0
split_feature=15 5 8 9 11 0 11 2 14 1 8 4 4
split_gain=0.520823 0.644226 0.294442 0.937113 0.359962 0.884818 1.26393 0.759198 0.00903902 3.49834e-05 3.0159e-05 3.72311e-06 3.44035e-06
threshold=0.36034511950000009 0.68750000000000011 0.35416666650000006 0.29166666650000006 0.18880208350000002 63.500000000000007 0.53906250000000011 2.5000000000000004 1.0000000180025095e-35 60.500000000000007 0.64583333350000005 0.76562500000000011 0.79687500000000011
decision_type=2 2 2 2 2 2 2 2 2 2 2 2 2
left_child=1 9 3 8 7 -6 -7 -4 -2 10 -1 -12 -10
right_child=2 -3 4 -5 5 6 -8 -9 12 -11 11 -13 -14
leaf_value=-0.051169038939546899 0.062179171123774551 0.022696135338757931 0.0062405560372230853 -0.059959721248383717 -0.021540282869160481 0.042892370321661606 -0.0068268799256289764 -0.032107040695962839 0.050324581867759191 -0.051405129642239138 -0.05040032768840004 -0.050692532832896903 0.05059758980596938
leaf_weight=0.24675848335027761 0.22415349259972461 0.4247173797339201 3.2922269366681558 0.23336873948574066 1.819900977425277 2.6653091534972191 2.4561993507668376 2.1229646308347583 0.43769255024380982 0.24484397051855922 0.34091080212965608 0.16025482770055532 0.15671351458877325
leaf_count=12 2 9 35 2 29 19 63 25 74 14 50 15 15
internal_value=-1.63678e-05 -0.028839 0.00303063 0.0284249 0.000868789 0.00840637 0.0190478 -0.00879319 0.0536231 -0.0508864 -0.0507166 -0.0504938 0.0503966
internal_weight=14.826 1.41749 13.4085 1.05193 12.3566 6.94141 5.12151 5.41519 0.81856 0.992768 0.747924 0.501166 0.594406
internal_count=364 100 264 93 171 111 82 60 91 91 77 65 89
is_linear=0
shrinkage=0.05


Tree=96
num_leaves=11
num_cat=0
split_feature=11 9 9 1 4 0 4 15 5 6
split_gain=0.532709 1.09719 0.345843 1.16569 1.10664 1.25431 0.507307 0.000201296 8.3762e-05 2.35998e-06
threshold=4.2500000000000009 0.64583333350000005 0.29166666650000006 55.500000000000007 0.89062500000000011 70.500000000000014 0.39062500000000006 0.40115435900000002 0.29166666650000006 0.9205729170000001
decision_type=2 2 2 2 2 2 2 2 2 2
left_child=1 2 4 6 5 -1 -4 8 9 -3
right_child=-2 7 3 -5 -6 -7 -8 -9 -10 -11
leaf_value=0.046138776339014032 0.037955813441290093 -0.050637085151235467 -0.0091812168108654901 0.0092938383905016558 -0.042120959679485107 -0.0031789533636032313 -0.055427043713178997 -0.052420044017779624 -0.051562856770336687 -0.0503993274245777
leaf_weight=2.3413041245657933 0.86898402590304691 0.15760823804885038 1.0955100748687985 4.3313297554850578 0.86387210153043259 2.8691884351428598 1.2928561149165032 0.30262189731001854 0.2890067920088768 0.30898620910011232
leaf_count=74 20 15 17 29 15 98 24 10 14 48
internal_value=-1.91459e-05 -0.0024014 0.00164562 -0.00617031 0.0102919 0.0189817 -0.0342147 -0.0513304 -0.050894 -0.0504796
internal_weight=14.7213 13.8523 12.7941 6.7197 6.07436 5.21049 2.38837 1.05822 0.755601 0.466594
internal_count=364 344 257 70 187 172 41 87 77 63
is_linear=0
shrinkage=0.05


Tree=97
num_leaves=9
num_cat=0
split_feature=12 5 9 9 1 4 0 8
split_gain=0.485759 2.55561 0.653313 1.79884 3.15425 1.53212 1.14641 0.569373
threshold=1.0000000180025095e-35 0.41666666650000006 0.29166666650000006 0.35416666650000006 66.500000000000014 0.89062500000000011 70.500000000000014 2.1875000000000004
decision_type=2 2 2 2 2 2 2 2
left_child=1 2 5 -4 -5 6 -1 -2
right_child=7 -3 3 4 -6 -7 -8 -9
leaf_value=0.045352596747962139 0.0097614828679425461 0.086947837290931071 -0.074936746916604319 -0.023224834923231134 0.067722724499877707 -0.059024055552345717 -0.0020262606683252868 -0.055574006501200146
leaf_weight=2.2647531053516978 0.57181384926661916 0.84682629350572902 1.0158018060028551 4.1663803500123322 1.2362288832664488 0.72347890026867379 2.926739132264629 0.79995036777108908
leaf_count=74 18 9 7 105 9 13 102 27
internal_value=-2.26177e-05 0.0029245 -0.00284465 -0.0138918 -0.00241415 0.00914281 0.0186424 -0.0283392
internal_weight=14.552 13.1802 12.3334 6.41841 5.40261 5.91497 5.19149 1.37176
internal_count=364 319 310 121 114 189 176 45
is_linear=0
shrinkage=0.05


Tree=98
num_leaves=14
num_cat=0
split_feature=15 4 8 9 11 0 11 0 14 1 6 9 4
split_gain=0.47016 0.571886 0.315711 0.855632 0.386661 0.823187 1.11745 0.622957 0.00985342 2.9022e-05 1.4937e-05 8.76321e-06 4.0265e-06
threshold=0.36034511950000009 0.89062500000000011 0.35416666650000006 0.29166666650000006 0.18880208350000002 63.500000000000007 0.53906250000000011 70.500000000000014 1.0000000180025095e-35 54.500000000000007 2.9036458335000002 0.68750000000000011 0.79687500000000011
decision_type=2 2 2 2 2 2 2 2 2 2 2 2 2
left_child=1 9 3 8 7 -6 -7 -4 -2 10 11 -1 -10
right_child=2 -3 4 -5 5 6 -8 -9 12 -11 -12 -13 -14
leaf_value=-0.050828359304542096 0.062761875990889976 0.021114597693009621 0.0069967396674402871 -0.058829208734202443 -0.020958177032947778 0.041390598942003261 -0.0059424430310335528 -0.027448484928251457 0.05030430493562154 -0.051300528816851203 -0.051030618639870885 -0.050349369809626315 0.050604207245109251
leaf_weight=0.14383575087413258 0.22546900808811077 0.39844568911939859 2.728277422487734 0.21398280560970306 1.7545595355331896 2.6182773262262344 2.380682329647243 2.5297119282186031 0.40689892205409706 0.26623727544210851 0.20362169342115521 0.28408436244353652 0.15438436437398195
leaf_count=10 2 11 39 2 29 19 63 21 74 18 14 47 15
internal_value=-2.1095e-05 -0.0287376 0.00283953 0.0298218 0.000591509 0.00850707 0.0188489 -0.00957547 0.0539333 -0.0508627 -0.0506781 -0.0505104 0.0503868
internal_weight=14.3085 1.29622 13.0122 1.00074 12.0115 6.75352 4.99896 5.25799 0.786752 0.897779 0.631542 0.42792 0.561283
internal_count=364 100 264 93 171 111 82 60 91 89 71 57 89
is_linear=0
shrinkage=0.05


Tree=99
num_leaves=12
num_cat=0
split_feature=11 9 8 9 8 11 4 14 15 5 6
split_gain=0.482634 0.999981 0.321447 0.808213 0.289959 0.423355 0.315181 0.00835259 0.000151842 7.23284e-05 2.18322e-06
threshold=4.2500000000000009 0.64583333350000005 0.35416666650000006 0.29166666650000006 0.64583333350000005 0.30989583350000005 0.82291666650000017 1.0000000180025095e-35 0.40115435900000002 0.29166666650000006 0.9205729170000001
decision_type=2 2 2 2 2 2 2 2 2 2 2
left_child=1 2 3 7 5 -4 -6 -1 9 10 -3
right_child=-2 8 4 -5 6 -7 -8 -9 -10 -11 -12
leaf_value=0.062029962323644543 0.036548924343711514 -0.050593459903617126 -0.020909572675075122 -0.058343210137922909 0.023198112924851633 0.0029429374689932701 -0.0070316871445921629 0.050365818663585527 -0.052222472177471259 -0.051487769916092711 -0.050352633088158363
leaf_weight=0.21693905815481862 0.84826563810929734 0.14345337543636638 3.0168876815587264 0.20519927516579628 2.1305682864040141 4.8523032693192363 1.4484219867736099 0.52469667489640415 0.28398832213133574 0.268381851259619 0.27358542918227613
leaf_count=2 20 15 41 2 37 73 14 88 10 14 48
internal_value=-2.31685e-05 -0.00234447 0.00148044 0.0294788 -0.000835198 -0.00620163 0.0109641 0.0537777 -0.0512503 -0.0508475 -0.0504355
internal_weight=14.2127 13.3644 12.395 0.946835 11.4482 7.86919 3.57899 0.741636 0.969409 0.685421 0.417039
internal_count=364 344 257 92 165 114 51 90 87 77 63
is_linear=0
shrinkage=0.05


Tree=100
num_leaves=9
num_cat=0
split_feature=12 5 9 9 1 4 0 11
split_gain=0.446641 2.3153 0.592772 1.64579 2.88486 1.49745 1.10843 0.563531
threshold=1.0000000180025095e-35 0.41666666650000006 0.29166666650000006 0.35416666650000006 66.500000000000014 0.89062500000000011 67.500000000000014 0.82812500000000011
decision_type=2 2 2 2 2 2 2 2
left_child=1 2 5 -4 -5 6 -1 -2
right_child=7 -3 3 4 -6 -7 -8 -9
leaf_value=0.054210795355276599 0.011359467411999105 0.083973662063230259 -0.073389927224835574 -0.022500044690275427 0.065979301399103227 -0.059733214262115419 0.003069397043797913 -0.055429052075163604
leaf_weight=1.5057859672233425 0.53719431231729753 0.82233972288668233 0.96751854009926308 4.0603793726768345 1.1916266111657021 0.70093788858503092 3.5748948059044778 0.76644027465954423
leaf_count=53 21 9 7 105 9 13 123 24
internal_value=-2.36939e-05 0.00281094 -0.00275047 -0.0134644 -0.00242498 0.00877494 0.0182264 -0.0279072
internal_weight=14.1271 12.8235 12.0011 6.21952 5.25201 5.78162 5.08068 1.30363
internal_count=364 319 310 121 114 189 176 45
is_linear=0
shrinkage=0.05


Tree=101
num_leaves=13
num_cat=0
split_feature=15 9 11 15 5 6 9 0 5 8 3 1
split_gain=0.437394 0.862003 0.292653 0.646318 1.58298 0.416757 0.559783 1.63326 5.26155e-05 2.50766e-05 8.21648e-06 6.03768e-06
threshold=0.36034511950000009 0.60416666650000017 0.9205729170000001 0.59517605200000012 0.18750000000000003 0.57421875000000011 0.35416666650000006 63.500000000000007 0.29166666650000006 0.64583333350000005 27.062500000000004 55.500000000000007
decision_type=2 2 2 2 2 2 2 2 2 2 2 2
left_child=1 -1 5 -4 10 6 7 -2 9 -3 -5 -11
right_child=2 8 3 4 -6 -7 -8 -9 -10 11 -12 -13
leaf_value=0.053157404705852535 0.05397765134184801 -0.051106976324786516 0.057115907730663655 0.050777995301173121 -0.056152532347969679 -0.029536477903056677 0.016189657694450993 -0.020898047441972298 -0.051497765100879812 -0.050348722275982555 0.051119023492640338 -0.050761996517426793
leaf_weight=0.25226042512804336 0.87585872900672068 0.21958224941045046 0.74620584398508016 0.40157378604635574 0.66558561101555824 1.1205266357865173 4.2437468692660332 4.3230763962492347 0.26598231494426727 0.33760219649411738 0.31529852654784918 0.119713966967538
leaf_count=5 27 12 6 32 7 39 38 96 13 58 19 12
internal_value=-2.07977e-05 -0.0289379 0.00270221 0.0196155 -0.000626025 -0.000706098 0.00271509 -0.00828382 -0.0509019 -0.0506678 0.050928 -0.0504569
internal_weight=13.887 1.19514 12.6919 2.12866 1.38246 10.5632 9.44268 5.19894 0.942881 0.676898 0.716872 0.457316
internal_count=364 100 264 64 58 200 161 123 95 82 51 70
is_linear=0
shrinkage=0.05


Tree=102
num_leaves=14
num_cat=0
split_feature=15 9 11 15 5 15 0 0 4 5 8 3 1
split_gain=0.412428 0.814207 0.27087 0.570394 1.4875 0.383981 1.29226 2.1436 0.779323 4.52333e-05 2.15534e-05 7.0641e-06 5.19518e-06
threshold=0.36034511950000009 0.60416666650000017 0.9205729170000001 0.59517605200000012 0.18750000000000003 0.81972026600000014 63.500000000000007 71.500000000000014 0.64062500000000011 0.29166666650000006 0.64583333350000005 27.062500000000004 55.500000000000007
decision_type=2 2 2 2 2 2 2 2 2 2 2 2 2
left_child=1 -1 5 -4 11 8 -7 -8 -2 10 -3 -5 -12
right_child=2 9 3 4 -6 6 7 -9 -10 -11 12 -13 -14
leaf_value=0.051811488341852785 -0.027890616734051101 -0.051052198475017067 0.053907811275964203 0.050739605113617081 -0.054942214363234189 0.056813170506164204 -0.043992352959802472 0.029160196517602616 0.010182974589964439 -0.051423548021157922 -0.050331637590566206 0.051063671617677643 -0.050724578336859928
leaf_weight=0.24603302404284544 2.8587225796654803 0.20909155905246735 0.75095674768090193 0.38227053498849251 0.64671867713332176 1.1124568451195953 1.8338658381253479 2.2062147441320121 2.5366358617320657 0.25336614996194839 0.32124340091831982 0.30023814644664526 0.11395733035169542
leaf_count=5 35 12 6 32 7 32 37 64 32 13 58 19 12
internal_value=-1.95207e-05 -0.0287712 0.00258444 0.0190742 -0.000605343 -0.000667551 0.00909451 -0.00404507 -0.00999026 -0.0508576 -0.050635 0.0508822 -0.0504345
internal_weight=13.7718 1.14369 12.6281 2.08018 1.32923 10.5479 5.15254 4.04008 5.39536 0.897658 0.644292 0.682509 0.435201
internal_count=364 100 264 64 58 200 133 101 67 95 82 51 70
is_linear=0
shrinkage=0.05


Tree=103
num_leaves=13
num_cat=0
split_feature=15 9 11 10 5 6 9 0 5 8 3 1
split_gain=0.389133 0.769147 0.250309 0.988784 1.53048 0.385019 0.520889 1.43118 3.88892e-05 1.85264e-05 6.07372e-06 4.47037e-06
threshold=0.36034511950000009 0.60416666650000017 0.9205729170000001 0.10416666650000002 0.18750000000000003 0.57421875000000011 0.35416666650000006 63.500000000000007 0.29166666650000006 0.64583333350000005 27.062500000000004 55.500000000000007
decision_type=2 2 2 2 2 2 2 2 2 2 2 2
left_child=1 -1 5 4 10 6 7 -2 9 -3 -4 -11
right_child=2 8 3 -5 -6 -7 -8 -9 -10 11 -12 -13
leaf_value=0.050471789564338357 0.053585562481387287 -0.051000167542022336 0.050703128829464761 0.069801004258628022 -0.054296215180556884 -0.028730731132445099 0.015654404557193854 -0.019350354785436549 -0.051353064252923214 -0.050315392342438925 0.05101109387391637 -0.05068901057666584
leaf_weight=0.24008854478597708 0.7959114972036313 0.19909183867275715 0.3638819737825536 0.64320011064410199 0.74083121493458748 1.091825840063392 4.2228323295712471 4.3409703318029642 0.24133178452029824 0.30567234777845442 0.28588230023160577 0.10847370931878686
leaf_count=5 27 12 32 5 8 39 38 96 13 58 19 12
internal_value=-1.58887e-05 -0.0286003 0.00249027 0.0185391 -0.00517132 -0.000632728 0.00264495 -0.00804962 -0.0508154 -0.0506038 0.0508386 -0.0504133
internal_weight=13.58 1.09466 12.4853 2.0338 1.3906 10.4515 9.35971 5.13688 0.85457 0.613238 0.649764 0.414146
internal_count=364 100 264 64 59 200 161 123 95 82 51 70
is_linear=0
shrinkage=0.05


Tree=104
num_leaves=11
num_cat=0
split_feature=8 15 13 4 9 0 0 8 4 1
split_gain=0.390383 0.493209 0.37266 0.942729 0.717147 1.17618 1.16466 0.00813334 4.08016e-06 1.91233e-07
threshold=0.35416666650000006 0.84831299800000004 1.0000000180025095e-35 0.89062500000000011 0.29166666650000006 67.500000000000014 70.500000000000014 0.29166666650000006 0.79687500000000011 68.500000000000014
decision_type=2 2 2 2 2 2 2 2 2 2
left_child=1 -1 3 4 6 -6 -2 8 9 -3
right_child=2 7 -4 -5 5 -7 -8 -9 -10 -11
leaf_value=-0.028113326581679893 0.043926869776373015 0.050252481704232445 0.020419549936667572 -0.051022922587905688 -0.042657633187448689 0.0048994035864284293 -0.008166485134308208 0.062211697141206536 0.050608382631119601 0.050336156634362354
leaf_weight=0.25080330017954189 1.8867099867202286 0.20606410317122936 1.5770244477316744 1.0335363270714886 2.0671906180214137 3.5037273734342307 2.4875886105000973 0.21570887044072151 0.13673467491753399 0.10212305281311274
leaf_count=15 45 45 31 23 48 76 48 2 14 17
internal_value=-1.48847e-05 0.0315814 -0.00230848 -0.00557321 -0.000849944 -0.0127475 0.0143023 0.054244 0.0503811 0.0502802
internal_weight=13.4672 0.911434 12.5558 10.9788 9.94522 5.57092 4.3743 0.660631 0.444922 0.308187
internal_count=364 93 271 240 217 124 93 78 76 62
is_linear=0
shrinkage=0.05


Tree=105
num_leaves=12
num_cat=0
split_feature=11 9 8 15 8 11 4 8 15 5 6
split_gain=0.379403 0.833889 0.331532 0.487623 0.259352 0.47261 0.287838 0.00692644 0.000156574 3.54556e-05 1.58015e-06
threshold=4.2500000000000009 0.64583333350000005 0.35416666650000006 0.84831299800000004 0.64583333350000005 0.30989583350000005 0.82291666650000017 0.29166666650000006 0.40115435900000002 0.29166666650000006 0.9205729170000001
decision_type=2 2 2 2 2 2 2 2 2 2 2
left_child=1 2 3 -1 5 -4 -6 -5 9 10 -3
right_child=-2 8 4 7 6 -7 -8 -9 -10 -11 -12
leaf_value=-0.029664591557336695 0.033639601928513972 -0.050511345545959277 -0.022676849911380279 0.050362377722850654 0.02221500507936507 0.003423230111506065 -0.007010901470299119 0.061514467905313654 -0.052179171035061346 -0.051185357146603397 -0.050285990019190943
leaf_weight=0.24033659626729509 0.7880223882384606 0.1203945029992618 2.7844208246096951 0.4233758042100817 2.0400377197656785 4.5995279271155596 1.4351245407015083 0.20745519921183586 0.25546607095748186 0.21555888280272484 0.21979251177981496
leaf_count=14 20 15 41 76 37 73 14 2 10 14 48
internal_value=-1.2977e-05 -0.00212748 0.00126301 0.0309403 -0.00111784 -0.00641888 0.0101457 0.0540299 -0.0511546 -0.0506837 -0.0503657
internal_weight=13.3295 12.5415 11.7303 0.871168 10.8591 7.38395 3.47516 0.630831 0.811212 0.555746 0.340187
internal_count=364 344 257 92 165 114 51 78 87 77 63
is_linear=0
shrinkage=0.05


Tree=106
num_leaves=14
num_cat=0
split_feature=15 9 8 15 11 0 0 2 8 5 8 6 4
split_gain=0.353935 0.697537 0.293564 0.44356 0.313701 0.790349 1.10024 0.468214 0.00590155 2.54947e-05 1.67405e-05 3.38076e-06 3.02096e-06
threshold=0.36034511950000009 0.60416666650000017 0.35416666650000006 0.84831299800000004 0.18880208350000002 63.500000000000007 72.500000000000014 2.5000000000000004 0.29166666650000006 0.29166666650000006 0.64583333350000005 0.87890625000000011 0.79687500000000011
decision_type=2 2 2 2 2 2 2 2 2 2 2 2 2
left_child=1 -1 3 -2 7 -6 -7 -4 12 10 -3 -12 -5
right_child=2 9 4 8 5 6 -8 -9 -10 -11 11 -13 -14
leaf_value=0.048684629116468037 -0.025808663828173942 -0.050957200178201524 0.0031319189692930261 0.05025341243834576 -0.021921591738653837 0.044027468642430498 -0.0044062622786748048 -0.028179714735464254 0.060861968849565462 -0.051213544374605936 -0.050618786573064095 -0.050288552569810664 0.050550116239105818
leaf_weight=0.22745536826551027 0.24639054643921454 0.19046452827751637 3.0450035631656629 0.27897760039195418 1.6763360516633836 2.1861700578592718 2.5289502143859863 1.9639632087200878 0.19939939305186272 0.21498767659068108 0.10847155842930079 0.27144817705266178 0.12388812704011798
leaf_count=5 15 12 35 62 29 34 48 25 2 13 12 58 14
internal_value=-1.29368e-05 -0.0284191 0.00233586 0.0307062 0.000223952 0.00756641 0.0180501 -0.00914504 0.0538268 -0.0507495 -0.0505746 -0.0503828 0.0503447
internal_weight=13.2619 1.01283 12.2491 0.848656 11.4004 6.39146 4.71512 5.00897 0.602265 0.785372 0.570384 0.37992 0.402866
internal_count=364 100 264 93 171 111 82 60 78 95 82 70 76
is_linear=0
shrinkage=0.05


Tree=107
num_leaves=12
num_cat=0
split_feature=11 9 9 0 0 1 4 2 15 5 6
split_gain=0.35648 0.776474 0.236394 1.13061 1.28507 0.928685 0.451467 0.0128416 0.000159601 2.61235e-05 1.23078e-06
threshold=4.2500000000000009 0.64583333350000005 0.29166666650000006 80.500000000000014 63.500000000000007 55.500000000000007 0.45312500000000006 3.5000000000000004 0.40115435900000002 0.29166666650000006 0.9205729170000001
decision_type=2 2 2 2 2 2 2 2 2 2 2
left_child=1 2 3 4 -1 6 -4 -5 9 10 -3
right_child=-2 8 5 7 -6 -7 -8 -9 -10 -11 -12
leaf_value=0.052988103125157032 0.032793534098360881 -0.050467084757415348 -0.0099156190564823957 0.052290469349293905 -0.014703501080753245 0.0086888792026946198 -0.055582170761648189 0.063926571756418915 -0.052158846267617215 -0.051071050674178491 -0.050258693135809898
leaf_weight=0.86737055587581924 0.77902746386826116 0.11003448790870685 1.1214864794164898 0.4600874576717614 3.6580761789809912 3.9983698558062315 1.0460006864741442 0.48923451220616698 0.252519934438169 0.19581465446390212 0.19897850463166833
leaf_count=39 20 15 23 31 93 29 18 24 10 14 48
internal_value=-1.4333e-05 -0.00207582 0.00111585 0.00867746 -0.00172938 -0.00559823 -0.0319537 0.0582872 -0.0511326 -0.0506192 -0.0503329
internal_weight=13.177 12.398 11.6406 5.47477 4.52545 6.16586 2.16749 0.949322 0.757348 0.504828 0.309013
internal_count=364 344 257 187 132 70 41 55 87 77 63
is_linear=0
shrinkage=0.05


Tree=108
num_leaves=11
num_cat=0
split_feature=11 15 8 9 15 4 4 14 1 8
split_gain=0.319861 0.563591 0.282791 0.652079 0.22835 0.506559 0.0186643 0.00446676 1.37291e-05 9.11933e-06
threshold=4.2500000000000009 0.36034511950000009 0.35416666650000006 0.29166666650000006 0.45251721600000006 0.66145833350000005 0.82291666650000017 1.0000000180025095e-35 54.500000000000007 0.64583333350000005
decision_type=2 2 2 2 2 2 2 2 2 2
left_child=1 6 3 7 -4 -6 8 -3 9 -1
right_child=-2 2 4 -5 5 -7 -8 -9 -10 -11
leaf_value=-0.050799705462277113 0.030943485335990912 0.059565946704445011 0.013659271972868021 -0.056633546731324293 0.0049583106503541296 -0.019515477957452367 -0.030706786690737023 0.050321395871334544 -0.05104936452511203 -0.050288896428167744
leaf_weight=0.15123500395566125 0.78418762190267521 0.18592692166566749 2.0129795032553366 0.17289827391505241 5.1874634728301299 3.5689239306375384 0.15016116667538881 0.43962474749423563 0.17080383561551571 0.20692202844657004
leaf_count=11 20 2 21 2 93 50 14 88 15 48
internal_value=-1.38311e-05 -0.00199607 0.000602813 0.0293138 -0.00152584 -0.0050167 -0.0462641 0.0530691 -0.0506805 -0.0505046
internal_weight=13.0311 12.2469 11.5678 0.79845 10.7694 8.75639 0.679122 0.625552 0.528961 0.358157
internal_count=364 344 256 92 164 143 88 90 74 59
is_linear=0
shrinkage=0.05


Tree=109
num_leaves=9
num_cat=0
split_feature=12 5 11 9 9 1 4 0
split_gain=0.315562 1.777 0.552105 0.44976 1.47588 2.45108 1.36624 0.926254
threshold=1.0000000180025095e-35 0.41666666650000006 0.82812500000000011 0.29166666650000006 0.35416666650000006 66.500000000000014 0.89062500000000011 70.500000000000014
decision_type=2 2 2 2 2 2 2 2
left_child=1 3 -2 6 -5 -6 7 -1
right_child=2 -3 -4 4 5 -7 -8 -9
leaf_value=0.04385019655300823 0.015669647545708553 0.076670516017247448 -0.055085736808490729 -0.071720950616541879 -0.020613858198102977 0.064345486526249593 -0.060375099949277013 -0.0013785652250802522
leaf_weight=1.924334889976304 0.47670216578990288 0.75399047462269742 0.65387809555977583 0.88543036952614773 3.7840854884125292 1.0944724613800643 0.64518664963543404 2.7491901589091867
leaf_count=74 21 9 24 7 105 9 13 102
internal_value=-1.43124e-05 0.00239628 -0.0252522 -0.00265683 -0.0123325 -0.00155379 0.00782884 0.0172445
internal_weight=12.9673 11.8367 1.13058 11.0827 5.76399 4.87856 5.31871 4.67353
internal_count=364 319 45 310 121 114 189 176
is_linear=0
shrinkage=0.05


Tree=110
num_leaves=13
num_cat=0
split_feature=15 9 11 10 5 6 9 8 5 8 3 1
split_gain=0.310894 0.596013 0.21702 0.798232 1.36028 0.316737 0.516416 1.11317 1.74185e-05 1.08026e-05 4.32184e-06 2.96138e-06
threshold=0.36034511950000009 0.60416666650000017 0.9205729170000001 0.10416666650000002 0.18750000000000003 0.57421875000000011 0.35416666650000006 2.8958333335000002 0.29166666650000006 0.64583333350000005 27.062500000000004 54.500000000000007
decision_type=2 2 2 2 2 2 2 2 2 2 2 2
left_child=1 -1 5 4 10 6 7 -2 9 -3 -4 -11
right_child=2 8 3 -5 -6 -7 -8 -9 -10 11 -12 -13
leaf_value=0.046624985556112927 0.0024400729961269289 -0.050842751651315458 0.050650893478504294 0.063941453183469027 -0.052751823632122788 -0.027141527256537581 0.015293077923638163 -0.059715351559390756 -0.051077069221696116 -0.050254347254122755 0.050923963031711664 -0.050582560746268303
leaf_weight=0.20397826656699258 3.9712777906097454 0.16666259709745646 0.33063550735823699 0.62436155229806889 0.68853994086384773 1.0256091144401569 4.0855196565389633 0.87996484898030747 0.18943247757852077 0.23646204988472164 0.25793607509694993 0.09688505670055747
leaf_count=5 117 12 32 5 8 39 38 6 13 57 19 13
internal_value=-1.20221e-05 -0.0284555 0.00212994 0.017609 -0.00504234 -0.000824465 0.00219576 -0.00883427 -0.0506688 -0.0505141 0.0507706 -0.0503497
internal_weight=12.7573 0.89342 11.8638 1.90147 1.27711 9.96237 8.93676 4.85124 0.689442 0.50001 0.588572 0.333347
internal_count=364 100 264 64 59 200 161 123 95 82 51 70
is_linear=0
shrinkage=0.05


Tree=111
num_leaves=11
num_cat=0
split_feature=8 15 13 4 9 0 8 8 4 1
split_gain=0.310726 0.381252 0.321503 0.790457 0.631909 1.12214 1.04104 0.00419657 3.28986e-06 1.77084e-07
threshold=0.35416666650000006 0.84831299800000004 1.0000000180025095e-35 0.89062500000000011 0.29166666650000006 70.500000000000014 0.64583333350000005 0.29166666650000006 0.83854166650000017 69.500000000000014
decision_type=2 2 2 2 2 2 2 2 2 2
left_child=1 -1 3 4 6 -6 -2 8 9 -3
right_child=2 7 -4 -5 5 -7 -8 -9 -10 -11
leaf_value=-0.024108091831056371 -0.0052301254446270378 0.050204442570794677 0.019827629911924594 -0.048352634723086887 -0.038614504420273393 0.0079534401040951778 0.046315556921759149 0.059609494083901919 0.050578186070279918 0.050292087352680995
leaf_weight=0.22360290656797666 2.6645946763455814 0.18249571975320578 1.4779637306928641 0.95879124663770277 2.2858605543151498 2.9802661153953522 1.5489689880050717 0.18384816125035286 0.09248894639313221 0.084233819041401148
leaf_count=15 53 50 31 23 62 62 40 2 10 16
internal_value=-1.33723e-05 0.0308409 -0.00199845 -0.00508876 -0.000712978 -0.0122602 0.0137188 0.0534656 0.0503212 0.0502321
internal_weight=12.6831 0.76667 11.9164 10.4385 9.47969 5.26613 4.21356 0.543067 0.359218 0.26673
internal_count=364 93 271 240 217 124 93 78 76 66
is_linear=0
shrinkage=0.05


Tree=112
num_leaves=13
num_cat=0
split_feature=15 9 11 10 5 6 9 8 5 8 3 1
split_gain=0.291602 0.556443 0.199126 0.709349 1.25597 0.280154 0.517744 0.997588 1.40454e-05 9.63878e-06 3.7693e-06 2.17149e-06
threshold=0.36034511950000009 0.60416666650000017 0.9205729170000001 0.10416666650000002 0.18750000000000003 0.57421875000000011 0.35416666650000006 2.8958333335000002 0.29166666650000006 0.64583333350000005 27.062500000000004 54.500000000000007
decision_type=2 2 2 2 2 2 2 2 2 2 2 2
left_child=1 -1 5 4 10 6 7 -2 9 -3 -4 -11
right_child=2 8 3 -5 -6 -7 -8 -9 -10 11 -12 -13
leaf_value=0.045537469984074957 0.001779613224375707 -0.050805593109801941 0.050606754060382245 0.060688631423129004 -0.051549228724781432 -0.025852903994916368 0.015136493070897945 -0.056871484891709234 -0.051010599078709529 -0.050244435194963903 0.050870420501936367 -0.050534547808472288
leaf_weight=0.19572704797610718 3.9205124244326708 0.1585142845287919 0.3081393081229169 0.61971833929419506 0.66075311973690987 1.0006074097473163 4.0872092042118311 0.88949130661785591 0.17601077328436077 0.22488816129043698 0.24200129020027816 0.090440059779211879
leaf_count=5 117 12 32 5 8 39 38 6 13 57 19 13
internal_value=-1.17501e-05 -0.0283694 0.00203274 0.0171818 -0.00508441 -0.000769087 0.00205191 -0.00906646 -0.0506292 -0.0504875 0.0507227 -0.0503276
internal_weight=12.574 0.84558 11.7284 1.83061 1.21089 9.89782 8.89721 4.81 0.649853 0.473843 0.550141 0.315328
internal_count=364 100 264 64 59 200 161 123 95 82 51 70
is_linear=0
shrinkage=0.05


Tree=113
num_leaves=11
num_cat=0
split_feature=8 10 13 4 9 0 0 8 4 1
split_gain=0.28977 0.576042 0.263168 0.699955 0.582887 1.06355 1.04759 0.00378026 2.75034e-06 2.28411e-07
threshold=0.35416666650000006 1.0000000180025095e-35 1.0000000180025095e-35 0.89062500000000011 0.29166666650000006 58.500000000000007 67.500000000000014 0.29166666650000006 0.83854166650000017 69.500000000000014
decision_type=2 2 2 2 2 2 2 2 2 2
left_child=1 7 3 4 6 -6 -2 8 9 -1
right_child=2 -3 -4 -5 5 -7 -8 -9 -10 -11
leaf_value=0.050200945204720106 0.053934172929015735 -0.055742831354938085 0.017808710003380329 -0.04572321842165173 -0.054897989684871917 0.0001099484813985269 -0.0021742886517012176 0.05906115516335101 0.050538353353781401 0.050290101383425989
leaf_weight=0.20277043618261892 1.1497977660037522 0.1539476178586483 1.4777307626791305 0.94670705776661712 1.1213708266150204 4.0607676734216511 3.0089901653118432 0.17619976028800011 0.095989938359707594 0.11125306994654238
leaf_count=57 35 2 31 23 25 99 58 2 11 21
internal_value=-1.30431e-05 0.0303319 -0.00192205 -0.0047562 -0.000604175 -0.0117933 0.0133383 0.0529363 0.0503041 0.0502325
internal_weight=12.5055 0.740161 11.7654 10.2876 9.34093 5.18214 4.15879 0.586213 0.410013 0.314024
internal_count=364 93 271 240 217 124 93 91 89 78
is_linear=0
shrinkage=0.05


Tree=114
num_leaves=8
num_cat=0
split_feature=11 11 2 9 11 0 0
split_gain=0.287406 0.345098 0.314452 1.09455 0.269386 1.30091 1.14432
threshold=4.2500000000000009 2.3072916670000003 3.5000000000000004 0.29166666650000006 0.039062500000000007 58.500000000000007 63.500000000000007
decision_type=2 2 2 2 2 2 2
left_child=1 2 4 -4 6 -6 -1
right_child=-2 -3 3 -5 5 -7 -8
leaf_value=0.041847283367500279 0.03083466551306023 -0.036413594095691476 0.059277740886737242 -0.026787364699721147 -0.053187129818339368 0.0130180126850458 -0.028595197745415708
leaf_weight=0.72621119266841061 0.71173879317939359 0.68167976755648929 0.84205303993076153 0.6581720681861043 0.86864909273572255 5.0890706735663116 2.7970859564375132
leaf_count=32 20 34 36 20 21 126 75
internal_value=-1.10308e-05 -0.00189341 0.000249487 0.0215196 -0.00311619 0.00336515 -0.0140758
internal_weight=12.3747 11.6629 10.9812 1.50023 9.48102 5.95772 3.5233
internal_count=364 344 310 56 254 147 107
is_linear=0
shrinkage=0.05


Tree=115
num_leaves=13
num_cat=0
split_feature=15 9 11 10 5 6 9 8 5 8 3 1
split_gain=0.276618 0.511314 0.188964 0.617542 1.14872 0.274783 0.510792 1.46169 1.0113e-05 8.1485e-06 2.53078e-06 1.81383e-06
threshold=0.36034511950000009 0.60416666650000017 0.9205729170000001 0.10416666650000002 0.18750000000000003 0.57421875000000011 0.35416666650000006 4.0416666670000012 0.29166666650000006 0.64583333350000005 27.062500000000004 54.500000000000007
decision_type=2 2 2 2 2 2 2 2 2 2 2 2
left_child=1 -1 5 4 10 6 7 -2 9 -3 -4 -11
right_child=2 8 3 -5 -6 -7 -8 -9 -10 11 -12 -13
leaf_value=0.044540038555492031 0.0031011975602210132 -0.050762095043757387 0.050577541182636659 0.057355148987462093 -0.050112618397128363 -0.025874841040670955 0.015060978113415655 -0.072413408806667842 -0.05092442737464388 -0.05023294872282591 0.050801208246309452 -0.050505319960709311
leaf_weight=0.18384345760569054 3.9530987106263602 0.15057479590177536 0.29001588677056023 0.61687785014510144 0.62783794477581978 0.97975595295429307 4.0536331497132778 0.7647894825786351 0.16057770093902946 0.21318588359281421 0.22427256475202739 0.085694257635623217
leaf_count=5 118 12 32 5 8 39 38 5 13 57 19 13
internal_value=-8.96394e-06 -0.0285553 0.00195991 0.0170438 -0.00472889 -0.000761031 0.00204412 -0.00914004 -0.0505838 -0.0504622 0.0506751 -0.050311
internal_weight=12.3042 0.793876 11.5103 1.759 1.14213 9.75128 8.77152 4.71789 0.610033 0.449455 0.514288 0.29888
internal_count=364 100 264 64 59 200 161 123 95 82 51 70
is_linear=0
shrinkage=0.05


Tree=116
num_leaves=13
num_cat=0
split_feature=8 10 11 6 9 9 1 1 11 8 4 1
split_gain=0.267952 0.537725 0.208315 0.161361 0.911735 0.360404 1.27834 0.689446 0.171971 0.00273527 2.57905e-06 1.63063e-07
threshold=0.35416666650000006 1.0000000180025095e-35 3.8906250005000005 0.9205729170000001 0.18750000000000003 0.35416666650000006 55.500000000000007 66.500000000000014 1.0507812500000002 0.29166666650000006 0.83854166650000017 69.500000000000014
decision_type=2 2 2 2 2 2 2 2 2 2 2 2
left_child=1 9 3 5 -5 7 -7 -2 -6 10 11 -1
right_child=2 -3 -4 4 8 6 -8 -9 -10 -11 -12 -13
leaf_value=0.050194186432767296 0.0049626627422677261 -0.055310510712456074 0.023125605679886724 0.050694517681598397 -0.053584130933817566 -0.025331677370170575 0.030335373876197915 -0.036098249964853821 -0.020237237998909072 0.057991757142472372 0.050523943033450786 0.050272098723901371
leaf_weight=0.19443775177933353 2.6385258734226174 0.14598033204674721 0.77955230860970992 0.4074831467587513 0.62191891076508898 1.6527635308448223 2.7428017354104668 1.6689584814012048 1.0218729553744195 0.16398113779723644 0.092097197892144322 0.10258822119794786
leaf_count=57 41 2 26 38 45 33 30 13 45 2 11 21
internal_value=-1.06615e-05 0.030047 -0.0018325 -0.00364164 -0.0162571 -0.00066824 0.00940417 -0.0109466 -0.0328538 0.0525753 0.0502928 0.0502211
internal_weight=12.233 0.699085 11.5339 10.7543 2.05128 8.70305 4.39557 4.30748 1.64379 0.553104 0.389123 0.297026
internal_count=364 93 271 245 128 117 63 54 90 91 89 78
is_linear=0
shrinkage=0.05


Tree=117
num_leaves=14
num_cat=0
split_feature=15 9 11 10 5 15 0 0 4 11 3 4 1
split_gain=0.258504 0.569709 0.16507 0.566133 1.04501 0.260206 0.984904 1.73992 0.66234 9.83542e-06 1.84217e-06 1.64435e-06 5.95512e-07
threshold=0.36034511950000009 0.52083333350000005 0.9205729170000001 0.10416666650000002 0.18750000000000003 0.81972026600000014 63.500000000000007 71.500000000000014 0.64062500000000011 1.2187499995000002 27.062500000000004 0.51562500000000011 52.500000000000007
decision_type=2 2 2 2 2 2 2 2 2 2 2 2 2
left_child=1 -1 5 4 10 8 -7 -8 -2 12 -4 -11 -3
right_child=2 9 3 -5 -6 6 7 -9 -10 11 -12 -13 -14
leaf_value=0.057063528898796824 -0.025821098721416927 -0.050236684300091733 0.050524021506914957 0.054440572961713722 -0.048773916233045028 0.055852526027275931 -0.039000608776180445 0.028731024675375496 0.010746109659445812 -0.050823192382689321 0.050724247089665525 -0.050616892374680512 -0.050411304053518159
leaf_weight=0.15479674842208702 2.6329600904136878 0.12808556377422065 0.26421501208096632 0.61725150048732746 0.60917301289737225 0.86856483726296563 1.7915909914299848 2.0141035607084632 2.3378897183574736 0.2131701079197228 0.20324378903023899 0.17661974777001888 0.078901935718022287
leaf_count=4 35 38 32 5 8 32 37 64 32 21 19 23 14
internal_value=-1.31922e-05 -0.0284108 0.00186907 0.0162646 -0.00562231 -0.000659095 0.00780993 -0.00315471 -0.00862281 -0.0505818 0.0506111 -0.0507297 -0.0503032
internal_weight=12.0906 0.751574 11.339 1.69388 1.07663 9.64511 4.67426 3.80569 4.97085 0.596777 0.467459 0.38979 0.206987
internal_count=364 100 264 64 59 200 133 101 67 96 51 44 52
is_linear=0
shrinkage=0.05


Tree=118
num_leaves=12
num_cat=0
split_feature=15 9 4 9 15 0 8 3 11 4 1
split_gain=0.245001 0.540683 0.160482 1.60502 0.579186 1.15087 0.965236 0.000374712 8.46363e-06 1.41474e-06 5.12308e-07
threshold=0.36034511950000009 0.52083333350000005 0.23437500000000003 0.18750000000000003 0.51048462200000011 63.500000000000007 0.64583333350000005 24.187500000000004 1.2187499995000002 0.51562500000000011 52.500000000000007
decision_type=2 2 2 2 2 2 2 2 2 2 2
left_child=1 -1 3 7 -4 -6 -7 -2 10 -10 -3
right_child=2 8 4 -5 5 6 -8 -9 9 -11 -12
leaf_value=0.056689405855717315 0.052159691146262871 -0.050225123611561132 0.024603555357688281 -0.037916861585482964 0.041593278593703764 -0.034944475342918897 0.0083053403669335734 0.05449833671462892 -0.050782821841498862 -0.050586687881334372 -0.050391158836753693
leaf_weight=0.14819437870755869 0.3931717406958336 0.12186609453056008 2.6166380220092815 1.5805485156597567 1.1617501022992653 2.600534814177081 2.5599678070284426 0.30349446670152247 0.20293081179261208 0.16810368490405381 0.075083091040141881
leaf_count=4 33 38 30 23 32 91 43 12 21 23 14
internal_value=-9.01135e-06 -0.0283622 0.00180142 -0.0100481 0.00482014 -0.00336778 -0.0134896 0.0531785 -0.0505533 -0.050694 -0.0502884
internal_weight=11.9323 0.716178 11.2161 2.27721 8.93889 6.32225 5.1605 0.696666 0.567984 0.371034 0.196949
internal_count=364 100 264 68 196 166 134 45 96 44 52
is_linear=0
shrinkage=0.05


Tree=119
num_leaves=12
num_cat=0
split_feature=15 9 4 9 15 4 4 3 11 4 1
split_gain=0.232101 0.5132 0.14702 1.49918 0.519692 1.1544 1.1325 0.000319433 7.28321e-06 1.21721e-06 4.40742e-07
threshold=0.36034511950000009 0.52083333350000005 0.23437500000000003 0.18750000000000003 0.51048462200000011 0.26562500000000006 0.66145833350000005 24.187500000000004 1.2187499995000002 0.51562500000000011 52.500000000000007
decision_type=2 2 2 2 2 2 2 2 2 2 2
left_child=1 -1 3 7 -4 -6 -7 -2 10 -10 -3
right_child=2 8 4 -5 5 6 -8 -9 9 -11 -12
leaf_value=0.056336389303031822 0.052058000569313923 -0.050214129254421071 0.023253500193173335 -0.036736937230601001 -0.060748491651344494 0.035161535344374654 -0.012068310084373588 0.054268437129257469 -0.050744440784360183 -0.050557967804034626 -0.05037200542919669
leaf_weight=0.14182782592251975 0.37470867298543398 0.11594735679682344 2.6297814506106061 1.5505241337232289 0.76574525912292291 1.9712619443889705 3.5640137962764129 0.28988494479563087 0.19317608408164233 0.1599937176797539 0.071447718772105873
leaf_count=4 33 38 30 23 7 82 77 12 21 23 14
internal_value=-9.40591e-06 -0.028316 0.00172363 -0.00980685 0.00458354 -0.00320851 0.00475152 0.0530222 -0.0505263 -0.05066 -0.0502743
internal_weight=11.8283 0.682393 11.1459 2.21512 8.9308 6.30102 5.53528 0.664594 0.540565 0.35317 0.187395
internal_count=364 100 264 68 196 166 159 45 96 44 52
is_linear=0
shrinkage=0.05


end of trees

feature_importances:
Column_1=294
Column_4=193
Column_9=181
Column_8=179
Column_0=139
Column_15=128
Column_6=89
Column_11=80
Column_3=66
Column_5=46
Column_10=24
Column_13=18
Column_2=12
Column_7=9
Column_14=6
Column_12=3

parameters:
[boosting: gbdt]
[objective: binary]
[metric: binary_logloss]
[tree_learner: serial]
[device_type: cpu]
[data_sample_strategy: bagging]
[data: ]
[valid: ]
[num_iterations: 120]
[learning_rate: 0.05]
[num_leaves: 15]
[num_threads: 4]
[seed: 7]
[deterministic: 0]
[force_col_wise: 0]
[force_row_wise: 0]
[histogram_pool_size: -1]
[max_depth: 5]
[min_data_in_leaf: 20]
[min_sum_hessian_in_leaf: 0.001]
[bagging_fraction: 1]
[pos_bagging_fraction: 1]
[neg_bagging_fraction: 1]
[bagging_freq: 0]
[bagging_seed: 17422]
[bagging_by_query: 0]
[feature_fraction: 1]
[feature_fraction_bynode: 1]
[feature_fraction_seed: 7040]
[extra_trees: 0]
[extra_seed: 6516]
[early_stopping_round: 0]
[early_stopping_min_delta: 0]
[first_metric_only: 0]
[max_delta_step: 0]
[lambda_l1: 0]
[lambda_l2: 0]
[linear_lambda: 0]
[min_gain_to_split: 0]
[drop_rate: 0.1]
[max_drop: 50]
[skip_drop: 0.5]
[xgboost_dart_mode: 0]
[uniform_drop: 0]
[drop_seed: 15215]
[top_rate: 0.2]
[other_rate: 0.1]
[min_data_per_group: 100]
[max_cat_threshold: 32]
[cat_l2: 10]
[cat_smooth: 10]
[max_cat_to_onehot: 4]
[top_k: 20]
[monotone_constraints: ]
[monotone_constraints_method: basic]
[monotone_penalty: 0]
[feature_contri: ]
[forcedsplits_filename: ]
[refit_decay_rate: 0.9]
[cegb_tradeoff: 1]
[cegb_penalty_split: 0]
[cegb_penalty_feature_lazy: ]
[cegb_penalty_feature_coupled: ]
[path_smooth: 0]
[interaction_constraints: ]
[verbosity: -1]
[saved_feature_importance_type: 0]
[use_quantized_grad: 0]
[num_grad_quant_bins: 4]
[quant_train_renew_leaf: 0]
[stochastic_rounding: 1]
[linear_tree: 0]
[max_bin: 255]
[max_bin_by_feature: ]
[min_data_in_bin: 3]
[bin_construct_sample_cnt: 200000]
[data_random_seed: 61]
[is_enable_sparse: 1]
[enable_bundle: 1]
[use_missing: 1]
[zero_as_missing: 0]
[feature_pre_filter: 1]
[pre_partition: 0]
[two_round: 0]
[header: 0]
[label_column: ]
[weight_column: ]
[group_column: ]
[ignore_column: ]
[categorical_feature: ]
[forcedbins_filename: ]
[precise_float_parser: 0]
[parser_config_file: ]
[objective_seed: 15521]
[num_class: 1]
[is_unbalance: 0]
[scale_pos_weight: 1]
[sigmoid: 1]
[boost_from_average: 1]
[reg_sqrt: 0]
[alpha: 0.9]
[fair_c: 1]
[poisson_max_delta_step: 0.7]
[tweedie_variance_power: 1.5]
[lambdarank_truncation_level: 30]
[lambdarank_norm: 1]
[label_gain: ]
[lambdarank_position_bias_regularization: 0]
[eval_at: ]
[multi_error_top_k: 1]
[auc_mu_weights: ]
[num_machines: 1]
[local_listen_port: 12400]
[time_out: 120]
[machine_list_filename: ]
[machines: ]
[gpu_platform_id: -1]
[gpu_device_id: -1]
[gpu_device_id_list: ]
[gpu_use_dp: 0]
[num_gpu: 1]

end of parameters

pandas_categorical:null
