hand,pitch,onset_ql,reference_part,reference_voice,reference_pitch,reference_onset_ql
RH,63,0.000000,P1,1,63,0.000000
RH,62,2.000000,P1,1,62,1.000000
RH,65,2.000000,P1,1,65,1.000000
RH,61,2.666667,P1,5,61,1.500000
RH,67,2.666667,P1,1,67,1.500000
RH,63,2.750000,P1,1,63,1.500000
RH,60,3.125000,P1,5,60,2.000000
RH,63,3.125000,P1,1,63,2.000000
RH,68,3.125000,P1,1,68,2.000000
LH,55,3.750000,P1,5,55,2.500000
RH,63,3.750000,P1,1,63,2.500000
RH,72,4.500000,P1,1,72,3.000000
LH,56,4.625000,P1,5,56,3.000000
RH,63,4.625000,P1,1,63,3.000000
LH,51,6.250000,P1,5,51,4.000000
LH,59,6.250000,P1,5,59,4.000000
RH,62,6.250000,P1,5,62,4.000000
RH,65,6.250000,P1,1,65,4.000000
RH,68,6.250000,P1,1,68,4.000000
RH,77,6.250000,P1,1,77,4.000000
RH,60,7.375000,P1,5,60,4.500000
RH,63,7.375000,P1,1,63,4.500000
RH,68,7.375000,P1,1,68,4.500000
RH,75,7.375000,P1,1,75,4.500000
RH,61,10.333333,P1,5,61,6.000000
RH,63,10.333333,P1,2,63,6.000000
RH,67,10.333333,P1,2,67,6.000000
RH,60,11.000000,P1,5,60,6.500000
LH,58,11.500000,P1,5,58,7.000000
LH,58,11.875000,P1,5,58,7.500000
RH,67,12.000000,P1,2,67,7.500000
RH,73,12.000000,P1,2,73,7.500000
RH,63,12.125000,P1,2,63,7.500000
LH,58,12.250000,P1,5,58,7.500000
LH,57,12.750000,P1,5,57,8.000000
LH,58,13.333333,P1,5,58,8.500000
RH,60,14.000000,P1,5,60,9.000000
RH,72,14.000000,P1,1,72,9.000000
RH,63,14.125000,P1,1,63,9.000000
RH,68,14.125000,P1,1,68,9.000000
LH,56,14.875000,P1,5,56,9.500000
LH,51,16.500000,P1,5,51,10.250000
LH,51,17.000000,P1,5,51,10.500000
LH,39,20.000000,P1,5,39,12.000000
LH,55,20.000000,P1,3,55,12.000000
RH,61,20.000000,P1,2,61,12.000000
RH,63,20.000000,P1,1,63,12.000000
LH,41,21.666667,P1,5,41,13.000000
LH,43,22.250000,P1,5,43,13.500000
LH,58,22.250000,P1,2,58,13.500000
LH,44,22.750000,P1,5,44,14.000000
RH,60,22.750000,P1,2,60,14.000000
LH,46,23.333333,P1,5,46,14.500000
LH,55,23.333333,P1,2,55,14.500000
LH,48,24.000000,P1,5,48,15.000000
LH,56,24.000000,P1,1,56,15.000000
LH,53,25.500000,P1,5,53,16.000000
LH,56,25.500000,P1,1,56,16.000000
LH,59,25.500000,P1,1,59,16.000000
RH,62,25.500000,P1,1,62,16.000000
LH,51,26.625000,P1,5,51,16.500000
LH,56,26.625000,P1,1,56,16.500000
RH,60,26.625000,P1,1,60,16.500000
RH,63,26.625000,P1,1,63,16.500000
RH,60,29.625000,P1,6,60,18.500000
RH,68,29.625000,P1,1,68,18.500000
RH,63,29.750000,P1,6,63,18.500000
RH,70,30.250000,P1,1,70,19.000000
RH,61,30.333333,P1,6,61,19.000000
RH,63,30.333333,P1,6,63,19.000000
RH,63,31.000000,P1,6,63,19.500000
RH,68,31.000000,P1,6,68,19.500000
RH,72,31.000000,P1,1,72,19.500000
RH,70,32.333333,P1,1,70,20.500000
RH,61,32.375000,P1,1,61,20.500000
RH,63,32.375000,P1,1,63,20.500000
RH,68,33.333333,P1,1,68,21.000000
RH,72,33.333333,P1,1,72,21.000000
LH,44,33.375000,P1,5,44,21.000000
RH,63,33.375000,P1,1,63,21.000000
RH,60,35.125000,P1,1,60,22.000000
RH,63,35.125000,P1,1,63,22.000000
RH,68,36.375000,P1,1,68,22.500000
LH,56,36.500000,P1,5,56,22.500000
RH,60,36.500000,P1,1,60,22.500000
RH,63,36.500000,P1,1,63,22.500000
LH,32,39.500000,P1,5,32,24.000000
LH,44,39.500000,P1,5,44,24.000000
RH,80,39.500000,P1,1,80,24.000000
RH,92,39.500000,P1,1,92,24.000000
RH,66,40.750000,P1,5,66,25.000000
RH,75,40.750000,P1,5,75,25.000000
RH,68,40.875000,P1,5,68,25.000000
RH,65,41.625000,P1,5,65,25.500000
RH,68,41.625000,P1,5,68,25.500000
RH,74,41.625000,P1,5,74,25.500000
LH,32,43.500000,P1,5,32,27.000000
LH,44,43.500000,P1,5,44,27.000000
RH,68,43.500000,P1,1,68,27.000000
RH,80,43.500000,P1,1,80,27.000000
LH,52,44.750000,P1,5,52,28.000000
LH,56,44.750000,P1,5,56,28.000000
RH,61,44.750000,P1,5,61,28.000000
LH,51,45.625000,P1,5,51,28.500000
RH,60,45.625000,P1,5,60,28.500000
RH,60,46.500000,P1,1,60,29.250000
RH,72,46.500000,P1,1,72,29.250000
RH,65,46.750000,P1,1,65,29.500000
RH,77,46.750000,P1,1,77,29.500000
LH,27,47.500000,P1,5,27,30.000000
LH,39,47.500000,P1,5,39,30.000000
RH,63,48.375000,P1,1,63,30.750000
RH,75,48.375000,P1,1,75,30.750000
LH,51,48.625000,P1,5,51,31.000000
RH,60,48.625000,P1,5,60,31.000000
RH,63,48.625000,P1,1,63,31.000000
RH,75,48.625000,P1,1,75,30.750000
LH,50,49.375000,P1,5,50,31.500000
LH,59,49.375000,P1,5,59,31.500000
LH,53,49.500000,P1,5,53,31.500000
RH,63,50.333333,P1,1,63,32.250000
RH,75,50.333333,P1,1,75,32.250000
RH,63,50.500000,P1,1,63,32.500000
RH,75,50.500000,P1,1,75,32.500000
LH,39,51.125000,P1,5,39,33.000000
RH,63,52.125000,P1,1,63,33.750000
RH,75,52.125000,P1,1,75,33.750000
LH,50,52.375000,P1,5,50,34.000000
LH,53,52.375000,P1,5,53,34.000000
LH,59,52.375000,P1,5,59,34.000000
RH,63,52.375000,P1,1,63,34.000000
RH,75,52.375000,P1,1,75,34.000000
LH,49,53.250000,P1,5,49,34.500000
LH,55,53.250000,P1,5,55,34.500000
LH,58,53.250000,P1,5,58,34.500000
RH,63,54.250000,P1,1,63,35.250000
RH,75,54.250000,P1,1,75,35.250000
LH,32,55.125000,P1,5,32,36.000000
LH,44,55.125000,P1,5,44,36.000000
RH,80,55.125000,P1,1,80,36.000000
RH,92,55.125000,P1,1,92,36.000000
RH,68,56.250000,P1,5,68,36.750000
RH,75,56.250000,P1,5,75,36.750000
RH,66,56.333333,P1,5,66,36.750000
RH,66,56.500000,P1,5,66,37.000000
RH,75,56.500000,P1,5,75,37.000000
RH,68,56.625000,P1,5,68,37.000000
RH,65,57.375000,P1,5,65,37.500000
RH,68,57.375000,P1,5,68,37.500000
RH,74,57.375000,P1,5,74,37.500000
LH,32,59.333333,P1,5,32,39.000000
LH,44,59.333333,P1,5,44,39.000000
RH,68,59.333333,P1,1,68,39.000000
RH,80,59.333333,P1,1,80,39.000000
LH,52,60.333333,P1,5,52,39.750000
LH,56,60.333333,P1,5,56,39.750000
RH,61,60.333333,P1,5,61,39.750000
LH,56,60.625000,P1,5,56,40.000000
RH,61,60.625000,P1,5,61,40.000000
LH,52,60.666667,P1,5,52,40.000000
LH,51,61.500000,P1,5,51,40.500000
RH,60,61.500000,P1,5,60,40.500000
RH,60,62.000000,P1,1,60,40.687500
RH,72,62.000000,P1,1,72,40.687500
RH,61,62.125000,P1,1,61,40.875000
RH,73,62.125000,P1,1,73,40.875000
RH,62,62.375000,P1,1,62,41.062500
RH,74,62.375000,P1,1,74,41.062500
LH,27,64.750000,P1,5,27,42.000000
LH,39,64.750000,P1,5,39,42.000000
RH,65,64.750000,P1,1,65,42.000000
RH,77,64.750000,P1,1,77,42.000000
RH,63,66.000000,P1,1,63,42.750000
RH,75,66.000000,P1,1,75,42.750000
LH,51,66.250000,P1,5,51,43.000000
RH,60,66.250000,P1,5,60,43.000000
RH,63,66.250000,P1,1,63,43.000000
RH,75,66.250000,P1,1,75,43.000000
LH,50,67.000000,P1,5,50,43.500000
LH,53,67.000000,P1,5,53,43.500000
LH,59,67.000000,P1,5,59,43.500000
RH,75,67.875000,P1,1,75,44.250000
RH,63,68.000000,P1,1,63,44.250000
RH,63,68.125000,P1,1,63,44.500000
RH,75,68.125000,P1,1,75,44.500000
LH,39,68.750000,P1,5,39,45.000000
RH,63,69.750000,P1,1,63,45.750000
RH,75,69.750000,P1,1,75,45.750000
LH,53,70.000000,P1,5,53,46.000000
RH,63,70.000000,P1,1,63,45.750000
RH,75,70.000000,P1,1,75,45.750000
LH,49,71.000000,P1,5,49,46.500000
LH,55,71.000000,P1,5,55,46.500000
LH,58,71.000000,P1,5,58,46.500000
RH,63,72.250000,P1,1,63,47.250000
RH,75,72.250000,P1,1,75,47.250000
RH,75,72.500000,P1,1,75,47.500000
RH,63,72.625000,P1,1,63,47.500000
LH,32,73.625000,P1,5,32,48.000000
LH,44,73.625000,P1,5,44,48.000000
RH,68,74.625000,P1,1,68,48.750000
LH,48,74.875000,P1,5,48,49.000000
LH,54,74.875000,P1,5,54,49.000000
RH,77,74.875000,P1,1,77,49.000000
LH,56,75.000000,P1,5,56,49.000000
RH,65,75.000000,P1,1,65,49.000000
LH,47,75.750000,P1,5,47,49.500000
LH,53,75.750000,P1,5,53,49.500000
LH,56,75.750000,P1,5,56,49.500000
RH,63,76.500000,P1,1,63,50.250000
RH,75,76.500000,P1,1,75,50.250000
RH,62,76.875000,P1,1,62,50.500000
RH,74,76.875000,P1,1,74,50.500000
LH,32,77.500000,P1,5,32,51.000000
LH,44,77.500000,P1,5,44,51.000000
RH,73,78.333333,P1,1,73,51.750000
LH,44,78.625000,P1,5,44,52.000000
LH,51,78.625000,P1,5,51,52.000000
LH,58,78.625000,P1,5,58,52.000000
RH,61,78.625000,P1,1,61,52.000000
RH,67,78.625000,P1,1,67,52.000000
RH,73,78.625000,P1,1,73,52.000000
LH,44,79.375000,P1,5,44,52.500000
LH,51,79.375000,P1,5,51,52.500000
LH,56,79.375000,P1,5,56,52.500000
RH,60,80.125000,P1,1,60,53.250000
RH,68,80.125000,P1,1,68,53.250000
RH,61,80.500000,P1,1,61,53.500000
LH,29,81.250000,P1,5,29,54.000000
LH,41,81.250000,P1,5,41,54.000000
RH,60,81.250000,P1,1,60,54.000000
RH,68,81.250000,P1,1,68,54.000000
RH,72,81.250000,P1,1,72,54.000000
RH,70,82.250000,P1,1,70,54.750000
LH,43,82.500000,P1,5,43,55.000000
LH,55,82.500000,P1,5,55,55.000000
LH,58,82.500000,P1,2,58,55.000000
RH,68,82.500000,P1,2,68,55.000000
RH,70,82.500000,P1,1,70,54.750000
RH,62,82.625000,P1,2,62,55.000000
LH,41,83.500000,P1,5,41,55.500000
LH,53,83.500000,P1,5,53,55.500000
LH,58,84.375000,P1,2,58,56.250000
RH,62,84.375000,P1,2,62,56.250000
RH,68,84.375000,P1,2,68,56.250000
LH,58,84.750000,P1,2,58,56.500000
RH,62,84.750000,P1,2,62,56.500000
RH,68,84.750000,P1,2,68,56.500000
LH,27,85.500000,P1,5,27,57.000000
LH,39,85.500000,P1,5,39,57.000000
LH,58,86.375000,P1,2,58,57.750000
RH,61,86.375000,P1,2,61,57.750000
RH,67,86.375000,P1,2,67,57.750000
LH,41,86.666667,P1,5,41,58.000000
LH,53,86.666667,P1,5,53,58.000000
RH,67,86.666667,P1,2,67,57.750000
LH,58,86.750000,P1,2,58,58.000000
RH,61,86.750000,P1,2,61,58.000000
LH,39,87.500000,P1,5,39,58.500000
LH,51,87.500000,P1,5,51,58.500000
LH,55,88.333333,P1,1,55,59.250000
RH,61,88.333333,P1,1,61,59.250000
RH,63,88.333333,P1,1,63,59.250000
LH,55,88.625000,P1,1,55,59.250000
RH,61,88.625000,P1,1,61,59.250000
RH,63,88.625000,P1,1,63,59.250000
LH,32,89.500000,P1,5,32,60.000000
LH,44,89.500000,P1,5,44,60.000000
LH,56,89.500000,P1,1,56,60.000000
RH,60,89.500000,P1,1,60,60.000000
RH,68,89.500000,P1,1,68,60.000000
LH,54,90.500000,P1,5,54,60.750000
LH,56,90.500000,P1,5,56,60.750000
RH,66,90.500000,P1,5,66,60.750000
RH,75,90.500000,P1,1,75,60.750000
RH,80,90.500000,P1,1,80,60.750000
RH,87,90.500000,P1,1,87,60.750000
LH,54,90.750000,P1,5,54,61.000000
LH,56,90.750000,P1,5,56,61.000000
RH,66,90.750000,P1,5,66,61.000000
RH,75,90.750000,P1,1,75,61.000000
RH,80,90.750000,P1,1,80,61.000000
RH,87,90.750000,P1,1,87,61.000000
LH,53,91.625000,P1,5,53,61.500000
LH,56,91.625000,P1,5,56,61.500000
RH,65,91.625000,P1,5,65,61.500000
RH,80,92.750000,P1,1,80,62.500000
RH,92,92.750000,P1,1,92,62.500000
LH,32,93.625000,P1,5,32,63.000000
LH,44,93.625000,P1,5,44,63.000000
LH,56,94.500000,P1,5,56,63.750000
RH,64,94.500000,P1,5,64,63.750000
RH,73,94.500000,P1,1,73,63.750000
RH,80,94.500000,P1,1,80,63.750000
RH,85,94.500000,P1,1,85,63.750000
LH,52,94.625000,P1,5,52,63.750000
RH,64,94.750000,P1,5,64,64.000000
RH,73,94.750000,P1,1,73,64.000000
RH,80,94.750000,P1,1,80,64.000000
RH,85,94.750000,P1,1,85,64.000000
LH,52,94.875000,P1,5,52,64.000000
LH,56,94.875000,P1,5,56,64.000000
LH,51,95.500000,P1,5,51,64.500000
LH,56,95.500000,P1,5,56,64.500000
RH,63,95.500000,P1,5,63,64.500000
LH,29,97.500000,P1,5,29,66.000000
LH,41,97.500000,P1,5,41,66.000000
RH,72,97.500000,P1,1,72,66.000000
RH,80,97.500000,P1,1,80,66.000000
RH,84,97.500000,P1,1,84,66.000000
LH,55,98.625000,P1,5,55,66.750000
RH,67,98.625000,P1,5,67,66.750000
RH,70,98.625000,P1,1,70,66.750000
RH,74,98.625000,P1,1,74,66.750000
RH,80,98.625000,P1,1,80,66.750000
RH,82,98.625000,P1,1,82,66.750000
LH,55,98.875000,P1,5,55,67.000000
RH,67,98.875000,P1,5,67,67.000000
RH,70,98.875000,P1,1,70,67.000000
RH,74,98.875000,P1,1,74,67.000000
RH,80,98.875000,P1,1,80,67.000000
RH,82,98.875000,P1,1,82,67.000000
LH,53,99.750000,P1,5,53,67.500000
RH,65,99.750000,P1,5,65,67.500000
RH,70,100.666667,P1,2,70,68.250000
RH,74,100.666667,P1,2,74,68.250000
RH,80,100.666667,P1,2,80,68.250000
RH,70,101.000000,P1,2,70,68.500000
RH,74,101.000000,P1,2,74,68.500000
RH,80,101.000000,P1,2,80,68.500000
LH,27,101.666667,P1,5,27,69.000000
LH,39,101.666667,P1,5,39,69.000000
LH,53,102.750000,P1,5,53,69.750000
RH,65,102.750000,P1,5,65,69.750000
RH,70,102.750000,P1,2,70,69.750000
RH,73,102.750000,P1,2,73,69.750000
RH,79,102.750000,P1,2,79,69.750000
RH,73,103.000000,P1,2,73,70.000000
RH,79,103.000000,P1,2,79,70.000000
LH,53,103.125000,P1,5,53,70.000000
RH,65,103.125000,P1,5,65,70.000000
RH,70,103.125000,P1,2,70,70.000000
LH,51,103.875000,P1,5,51,70.500000
RH,63,103.875000,P1,5,63,70.500000
RH,67,104.875000,P1,1,67,71.250000
RH,73,104.875000,P1,1,73,71.250000
RH,75,104.875000,P1,1,75,71.250000
RH,67,105.000000,P1,1,67,71.250000
RH,75,105.000000,P1,1,75,71.250000
RH,73,105.125000,P1,1,73,71.500000
LH,32,105.875000,P1,5,32,72.000000
LH,44,105.875000,P1,5,44,72.000000
RH,68,105.875000,P1,1,68,72.000000
RH,72,105.875000,P1,1,72,72.000000
RH,80,105.875000,P1,1,80,72.000000
LH,54,106.875000,P1,5,54,72.750000
RH,66,106.875000,P1,5,66,72.750000
RH,78,106.875000,P1,1,78,72.750000
RH,90,106.875000,P1,1,90,72.750000
LH,54,107.125000,P1,5,54,73.000000
RH,66,107.125000,P1,5,66,73.000000
RH,78,107.125000,P1,1,78,73.000000
RH,90,107.125000,P1,1,90,73.000000
LH,54,108.000000,P1,5,54,73.500000
RH,66,108.000000,P1,5,66,73.500000
RH,78,108.000000,P1,1,78,73.500000
RH,90,108.000000,P1,1,90,73.500000
LH,58,109.750000,P1,5,58,75.000000
RH,60,109.750000,P1,5,60,75.000000
RH,63,109.750000,P1,5,63,75.000000
RH,63,111.250000,P1,5,63,76.500000
RH,65,111.250000,P1,1,65,76.500000
RH,60,111.625000,P1,5,60,76.750000
LH,57,111.750000,P1,5,57,77.000000
RH,72,111.750000,P1,1,72,77.000000
LH,53,112.000000,P1,5,53,77.250000
RH,77,112.000000,P1,1,77,77.250000
LH,34,112.875000,P1,5,34,78.000000
LH,46,112.875000,P1,5,46,78.000000
RH,82,112.875000,P1,1,82,78.000000
RH,94,112.875000,P1,1,94,78.000000
LH,56,113.875000,P1,5,56,78.750000
RH,62,113.875000,P1,5,62,78.750000
RH,65,113.875000,P1,5,65,78.750000
RH,68,113.875000,P1,1,68,78.750000
RH,80,113.875000,P1,1,80,78.750000
LH,56,114.000000,P1,5,56,79.000000
RH,65,114.000000,P1,5,65,79.000000
RH,68,114.000000,P1,1,68,79.000000
RH,80,114.000000,P1,1,80,79.000000
RH,62,114.125000,P1,5,62,79.000000
LH,56,114.750000,P1,5,56,79.500000
RH,62,114.750000,P1,5,62,79.500000
RH,65,114.750000,P1,5,65,79.500000
RH,68,114.750000,P1,1,68,79.500000
RH,80,114.750000,P1,1,80,79.500000
LH,35,115.625000,P1,5,35,80.250000
LH,47,115.625000,P1,5,47,80.250000
LH,35,115.750000,P1,5,35,80.500000
LH,47,115.750000,P1,5,47,80.500000
LH,35,116.500000,P1,5,35,81.000000
LH,47,116.500000,P1,5,47,81.000000
RH,65,118.000000,P1,5,65,82.500000
RH,67,118.000000,P1,1,67,82.500000
RH,62,118.333333,P1,5,62,82.750000
RH,71,118.333333,P1,1,71,82.750000
LH,59,118.500000,P1,5,59,83.000000
RH,74,118.500000,P1,1,74,83.000000
LH,55,118.750000,P1,5,55,83.250000
RH,79,118.750000,P1,1,79,83.250000
LH,43,119.000000,P1,5,43,83.500000
LH,36,119.750000,P1,5,36,84.000000
LH,48,119.750000,P1,5,48,84.000000
RH,84,119.750000,P1,1,84,84.000000
RH,96,119.750000,P1,1,96,84.000000
LH,55,120.750000,P1,5,55,85.000000
RH,64,120.750000,P1,5,64,85.000000
RH,68,120.750000,P1,1,68,85.000000
RH,65,121.375000,P1,5,65,85.500000
RH,67,121.375000,P1,1,67,85.500000
RH,62,121.625000,P1,5,62,85.750000
RH,71,121.625000,P1,1,71,85.750000
LH,59,121.750000,P1,5,59,86.000000
RH,74,121.750000,P1,1,74,86.000000
LH,55,122.000000,P1,5,55,86.250000
RH,79,122.000000,P1,1,79,86.250000
LH,36,123.000000,P1,5,36,87.000000
LH,48,123.000000,P1,5,48,87.000000
RH,84,123.000000,P1,1,84,87.000000
RH,96,123.000000,P1,1,96,87.000000
RH,68,124.000000,P1,1,68,88.000000
LH,55,124.125000,P1,5,55,88.000000
RH,64,124.125000,P1,5,64,88.000000
RH,65,124.666667,P1,5,65,88.500000
RH,67,124.666667,P1,1,67,88.500000
RH,62,124.875000,P1,5,62,88.750000
RH,71,124.875000,P1,1,71,88.750000
LH,59,125.125000,P1,5,59,89.000000
RH,74,125.125000,P1,1,74,89.000000
LH,48,126.500000,P1,5,48,90.000000
RH,88,126.500000,P1,1,88,90.000000
RH,96,126.500000,P1,1,96,90.000000
RH,100,126.500000,P1,1,100,90.000000
LH,36,126.625000,P1,5,36,90.000000
RH,64,127.625000,P1,5,64,91.000000
RH,69,127.625000,P1,1,69,91.000000
LH,55,127.666667,P1,5,55,91.000000
RH,65,128.125000,P1,5,65,91.500000
RH,67,128.125000,P1,1,67,91.500000
RH,62,128.375000,P1,5,62,91.750000
RH,71,128.375000,P1,1,71,91.750000
LH,59,128.625000,P1,5,59,92.000000
RH,74,128.625000,P1,1,74,92.000000
RH,79,128.875000,P1,1,79,92.250000
LH,43,129.250000,P1,5,43,92.500000
LH,36,129.875000,P1,5,36,93.000000
LH,48,129.875000,P1,5,48,93.000000
RH,88,129.875000,P1,1,88,93.000000
RH,96,129.875000,P1,1,96,93.000000
RH,100,129.875000,P1,1,100,93.000000
RH,69,131.000000,P1,1,69,94.000000
LH,55,131.125000,P1,5,55,94.000000
RH,64,131.125000,P1,5,64,94.000000
RH,65,131.666667,P1,5,65,94.500000
RH,67,131.666667,P1,1,67,94.500000
RH,62,131.875000,P1,5,62,94.750000
RH,71,131.875000,P1,1,71,94.750000
LH,59,132.125000,P1,5,59,95.000000
RH,74,132.125000,P1,1,74,95.000000
LH,36,133.750000,P1,5,36,96.000000
LH,48,133.750000,P1,5,48,96.000000
RH,88,133.750000,P1,1,88,96.000000
RH,96,133.750000,P1,1,96,96.000000
RH,100,133.750000,P1,1,100,96.000000
RH,67,135.125000,P1,1,67,96.750000
RH,74,135.125000,P1,1,74,96.750000
RH,72,135.375000,P1,1,72,97.000000
RH,67,135.666667,P1,1,67,97.250000
RH,64,136.125000,P1,5,64,97.500000
RH,72,136.125000,P1,1,72,97.500000
RH,77,136.125000,P1,1,77,97.500000
RH,76,136.375000,P1,1,76,97.750000
RH,72,136.666667,P1,1,72,98.000000
RH,76,136.875000,P1,1,76,98.250000
RH,81,136.875000,P1,1,81,98.250000
RH,79,137.125000,P1,1,79,98.500000
RH,76,137.375000,P1,1,76,98.750000
RH,79,137.625000,P1,1,79,99.000000
RH,86,137.625000,P1,1,86,99.000000
RH,84,137.875000,P1,1,84,99.250000
RH,79,138.125000,P1,1,79,99.500000
RH,84,138.333333,P1,1,84,99.750000
RH,89,138.333333,P1,1,89,99.750000
RH,88,138.625000,P1,1,88,100.000000
RH,84,138.750000,P1,1,84,100.250000
LH,55,139.125000,P1,6,55,100.500000
RH,60,139.125000,P1,6,60,100.500000
RH,65,139.125000,P1,5,65,100.500000
RH,93,139.125000,P1,1,93,100.500000
RH,91,139.500000,P1,1,91,100.750000
RH,91,140.000000,P1,1,91,101.250000
RH,98,140.000000,P1,1,98,101.250000
RH,64,140.333333,P1,5,64,101.500000
RH,96,140.333333,P1,1,96,101.500000
RH,91,140.625000,P1,1,91,101.750000
LH,48,141.125000,P1,5,48,102.000000
RH,60,141.125000,P1,5,60,102.000000
RH,96,141.125000,P1,1,96,102.000000
RH,101,141.125000,P1,1,101,102.000000
LH,52,141.250000,P1,5,52,102.000000
RH,100,141.625000,P1,1,100,102.250000
RH,91,142.250000,P1,1,91,102.750000
RH,88,142.375000,P1,1,88,103.000000
RH,84,142.666667,P1,1,84,103.250000
RH,79,142.875000,P1,1,79,103.500000
RH,76,143.125000,P1,1,76,103.750000
RH,72,143.375000,P1,1,72,104.000000
RH,67,143.666667,P1,1,67,104.250000
LH,24,144.875000,P1,5,24,105.000000
LH,36,144.875000,P1,5,36,105.000000
LH,25,148.125000,P1,5,25,107.000000
LH,37,148.125000,P1,5,37,107.000000
LH,39,150.000000,P1,5,39,108.000000
RH,63,150.000000,P1,1,63,108.000000
LH,27,150.125000,P1,5,27,108.000000
RH,65,152.250000,P1,1,65,109.000000
RH,61,152.875000,P1,5,61,109.500000
RH,67,152.875000,P1,1,67,109.500000
RH,63,153.000000,P1,1,63,109.500000
RH,68,153.375000,P1,1,68,110.000000
RH,60,153.500000,P1,5,60,110.000000
RH,63,153.500000,P1,1,63,110.000000
LH,55,154.000000,P1,5,55,110.500000
RH,63,154.000000,P1,1,63,110.500000
LH,56,154.750000,P1,5,56,111.000000
RH,63,154.750000,P1,1,63,111.000000
RH,72,154.750000,P1,1,72,111.000000
LH,51,156.333333,P1,5,51,112.000000
LH,59,156.333333,P1,5,59,112.000000
RH,62,156.333333,P1,5,62,112.000000
RH,65,156.333333,P1,1,65,112.000000
RH,68,156.333333,P1,1,68,112.000000
RH,77,156.333333,P1,1,77,112.000000
RH,60,157.375000,P1,5,60,112.500000
RH,63,157.375000,P1,1,63,112.500000
RH,68,157.375000,P1,1,68,112.500000
RH,75,157.375000,P1,1,75,112.500000
RH,61,160.000000,P1,5,61,114.000000
RH,63,160.000000,P1,2,63,114.000000
RH,67,160.000000,P1,2,67,114.000000
RH,60,160.666667,P1,5,60,114.500000
LH,58,161.000000,P1,5,58,115.000000
LH,58,161.375000,P1,5,58,115.500000
RH,63,161.625000,P1,2,63,115.500000
RH,67,161.625000,P1,2,67,115.500000
RH,73,161.625000,P1,2,73,115.500000
LH,57,162.250000,P1,5,57,116.000000
LH,58,162.750000,P1,5,58,116.500000
RH,60,163.500000,P1,5,60,117.000000
RH,72,163.500000,P1,2,72,117.000000
RH,63,163.625000,P1,2,63,117.000000
RH,68,163.625000,P1,2,68,117.000000
LH,56,164.375000,P1,5,56,117.500000
LH,51,166.000000,P1,5,51,118.250000
LH,51,166.500000,P1,5,51,118.500000
LH,39,169.250000,P1,5,39,120.000000
LH,55,169.250000,P1,2,55,120.000000
RH,61,169.250000,P1,2,61,120.000000
RH,63,169.250000,P1,1,63,120.000000
LH,41,170.666667,P1,5,41,121.000000
LH,56,170.666667,P1,2,56,121.000000
LH,43,171.375000,P1,5,43,121.500000
LH,58,171.375000,P1,2,58,121.500000
LH,44,171.875000,P1,5,44,122.000000
RH,60,171.875000,P1,2,60,122.000000
LH,55,172.375000,P1,2,55,122.500000
LH,46,172.500000,P1,5,46,122.500000
LH,48,172.875000,P1,5,48,123.000000
LH,56,172.875000,P1,2,56,123.000000
LH,41,173.625000,P1,5,41,123.500000
LH,57,173.625000,P1,2,57,123.500000
RH,63,173.625000,P1,1,63,123.500000
RH,65,173.625000,P1,1,65,123.500000
LH,43,174.250000,P1,5,43,124.000000
LH,58,174.250000,P1,2,58,124.000000
LH,45,174.750000,P1,5,45,124.500000
RH,60,174.750000,P1,2,60,124.500000
RH,61,175.125000,P1,2,61,125.000000
LH,46,175.250000,P1,5,46,125.000000
LH,48,175.666667,P1,5,48,125.500000
LH,57,175.666667,P1,2,57,125.500000
LH,49,176.125000,P1,5,49,126.000000
LH,58,176.125000,P1,2,58,126.000000
RH,70,176.666667,P1,1,70,126.500000
LH,44,176.750000,P1,5,44,126.500000
RH,60,176.750000,P1,2,60,126.500000
RH,66,176.750000,P1,1,66,126.500000
RH,61,177.333333,P1,2,61,127.000000
LH,46,177.375000,P1,5,46,127.000000
LH,48,177.750000,P1,5,48,127.500000
RH,63,177.750000,P1,2,63,127.500000
RH,68,177.750000,P1,1,68,127.500000
LH,49,178.250000,P1,5,49,128.000000
RH,65,178.250000,P1,2,65,128.000000
LH,51,178.666667,P1,5,51,128.500000
RH,60,178.666667,P1,2,60,128.500000
LH,53,179.000000,P1,5,53,129.000000
RH,61,179.000000,P1,2,61,129.000000
LH,46,179.625000,P1,5,46,129.500000
RH,62,179.625000,P1,2,62,129.500000
RH,68,179.625000,P1,1,68,129.500000
RH,72,179.625000,P1,1,72,129.500000
LH,48,180.250000,P1,5,48,130.000000
RH,63,180.250000,P1,2,63,130.000000
LH,50,180.666667,P1,5,50,130.500000
RH,65,180.666667,P1,2,65,130.500000
RH,70,180.666667,P1,1,70,130.500000
LH,51,181.125000,P1,5,51,131.000000
RH,67,181.125000,P1,2,67,131.000000
LH,53,181.666667,P1,5,53,131.500000
RH,62,181.666667,P1,2,62,131.500000
LH,51,182.375000,P1,6,51,132.000000
RH,63,182.375000,P1,1,63,132.000000
RH,67,182.375000,P1,1,67,132.000000
RH,75,182.375000,P1,1,75,132.000000
RH,62,183.500000,P1,5,62,133.000000
RH,65,183.500000,P1,1,65,133.000000
RH,70,183.500000,P1,1,70,133.000000
RH,77,183.500000,P1,1,77,133.000000
RH,61,184.125000,P1,5,61,133.500000
RH,63,184.125000,P1,5,63,133.500000
RH,67,184.125000,P1,1,67,133.500000
RH,75,184.125000,P1,1,75,133.500000
RH,79,184.125000,P1,1,79,133.500000
RH,60,184.666667,P1,5,60,134.000000
RH,63,184.666667,P1,5,63,134.000000
RH,68,184.666667,P1,1,68,134.000000
RH,75,184.666667,P1,1,75,134.000000
RH,80,184.666667,P1,1,80,134.000000
LH,55,185.250000,P1,5,55,134.500000
RH,63,185.250000,P1,5,63,134.500000
RH,70,185.250000,P1,1,70,134.500000
RH,75,185.250000,P1,1,75,134.500000
RH,82,185.250000,P1,1,82,134.500000
LH,56,186.000000,P1,5,56,135.000000
RH,63,186.000000,P1,5,63,135.000000
RH,72,186.000000,P1,1,72,135.000000
RH,75,186.000000,P1,1,75,135.000000
RH,84,186.000000,P1,1,84,135.000000
RH,63,187.375000,P1,5,63,136.000000
RH,71,187.375000,P1,5,71,136.000000
RH,74,187.375000,P1,5,74,136.000000
RH,77,187.375000,P1,1,77,136.000000
RH,80,187.375000,P1,1,80,136.000000
RH,89,187.375000,P1,1,89,136.000000
RH,83,189.666667,P1,5,83,137.100000
RH,86,189.750000,P1,5,86,137.200000
RH,89,189.875000,P1,5,89,137.300000
RH,92,189.875000,P1,5,92,137.400000
RH,101,190.000000,P1,1,101,137.500000
RH,84,191.125000,P1,5,84,138.000000
RH,87,191.125000,P1,1,87,138.000000
RH,92,191.125000,P1,1,92,138.000000
RH,99,191.125000,P1,1,99,138.000000
LH,27,194.375000,P1,5,27,139.500000
LH,39,194.375000,P1,5,39,139.500000
LH,44,197.375000,P1,1,44,141.500000
LH,32,197.500000,P1,5,32,141.500000
LH,34,198.000000,P1,5,34,142.000000
LH,46,198.000000,P1,1,46,142.000000
LH,36,198.666667,P1,5,36,142.500000
LH,48,198.666667,P1,1,48,142.500000
LH,34,200.000000,P1,5,34,143.500000
LH,46,200.000000,P1,1,46,143.500000
LH,36,200.875000,P1,5,36,144.000000
LH,48,200.875000,P1,1,48,144.000000
LH,32,202.666667,P1,5,32,145.000000
LH,44,202.666667,P1,1,44,145.000000
LH,32,204.000000,P1,5,32,145.500000
LH,44,204.000000,P1,5,44,145.500000
RH,72,207.375000,P1,5,72,147.000000
RH,80,207.375000,P1,1,80,147.000000
RH,92,207.375000,P1,1,92,147.000000
RH,60,207.500000,P1,5,60,147.000000
RH,63,207.500000,P1,5,63,147.000000
RH,68,207.500000,P1,5,68,147.000000
RH,84,216.375000,P1,1,84,154.000000
RH,72,217.125000,P1,1,72,154.500000
RH,84,218.125000,P1,1,84,155.500000
RH,72,218.666667,P1,1,72,156.000000
RH,84,219.750000,P1,1,84,157.000000
RH,72,220.500000,P1,1,72,157.500000
RH,84,222.000000,P1,1,84,158.500000
LH,36,223.000000,P1,5,36,159.000000
RH,72,223.000000,P1,1,72,159.000000
LH,55,224.375000,P1,5,55,160.000000
RH,65,224.375000,P1,5,65,160.000000
RH,70,224.375000,P1,1,70,160.000000
RH,81,224.375000,P1,1,81,160.000000
RH,60,224.500000,P1,5,60,160.000000
LH,48,225.000000,P1,5,48,160.500000
RH,72,225.000000,P1,1,72,160.500000
LH,55,226.125000,P1,5,55,161.500000
RH,60,226.125000,P1,5,60,161.500000
RH,64,226.125000,P1,5,64,161.500000
RH,70,226.125000,P1,1,70,161.500000
RH,79,226.125000,P1,1,79,161.500000
LH,53,226.750000,P1,5,53,162.000000
RH,72,226.750000,P1,1,72,162.000000
RH,60,227.750000,P1,5,60,163.000000
RH,65,227.750000,P1,5,65,163.000000
RH,69,227.750000,P1,1,69,163.000000
RH,77,227.750000,P1,1,77,163.000000
LH,50,228.333333,P1,5,50,163.500000
RH,67,228.750000,P1,1,67,164.000000
RH,76,228.750000,P1,1,76,164.000000
LH,57,229.250000,P1,5,57,164.500000
RH,60,229.250000,P1,5,60,164.500000
RH,74,229.250000,P1,1,74,164.500000
RH,65,229.333333,P1,1,65,164.500000
LH,43,229.750000,P1,5,43,165.000000
RH,67,229.750000,P1,1,67,165.000000
RH,60,230.750000,P1,5,60,166.000000
RH,76,230.750000,P1,1,76,166.000000
LH,50,230.875000,P1,5,50,166.000000
LH,55,230.875000,P1,5,55,166.000000
RH,65,230.875000,P1,1,65,166.000000
LH,43,231.500000,P1,5,43,166.500000
RH,67,231.500000,P1,1,67,166.500000
LH,55,232.500000,P1,5,55,167.500000
LH,59,232.500000,P1,5,59,167.500000
RH,65,232.500000,P1,1,65,167.500000
RH,74,232.500000,P1,1,74,167.500000
LH,36,233.250000,P1,5,36,168.000000
RH,67,233.250000,P1,1,67,168.000000
RH,64,234.333333,P1,1,64,169.000000
RH,72,234.333333,P1,1,72,169.000000
LH,55,234.375000,P1,5,55,169.000000
RH,60,234.375000,P1,5,60,169.000000
LH,48,234.875000,P1,7,48,169.500000
LH,56,235.375000,P1,6,56,170.000000
RH,65,235.375000,P1,1,65,170.000000
RH,71,235.375000,P1,1,71,170.000000
LH,55,236.000000,P1,6,55,170.500000
RH,64,236.000000,P1,1,64,170.500000
RH,72,236.000000,P1,1,72,170.500000
LH,48,236.666667,P1,5,48,171.000000
LH,55,237.750000,P1,5,55,172.000000
RH,65,237.750000,P1,5,65,172.000000
RH,70,237.750000,P1,1,70,172.000000
RH,81,237.750000,P1,1,81,172.000000
RH,60,237.875000,P1,5,60,172.000000
LH,48,238.375000,P1,5,48,172.500000
RH,72,238.375000,P1,1,72,172.500000
LH,55,239.375000,P1,5,55,173.500000
RH,60,239.375000,P1,5,60,173.500000
RH,64,239.375000,P1,5,64,173.500000
RH,70,239.375000,P1,1,70,173.500000
RH,79,239.375000,P1,1,79,173.500000
LH,53,240.000000,P1,5,53,174.000000
RH,72,240.000000,P1,1,72,174.000000
RH,60,240.875000,P1,5,60,175.000000
RH,65,240.875000,P1,5,65,175.000000
RH,69,240.875000,P1,1,69,175.000000
RH,77,240.875000,P1,1,77,175.000000
LH,50,241.500000,P1,5,50,175.500000
RH,67,242.000000,P1,1,67,176.000000
RH,76,242.000000,P1,1,76,176.000000
LH,57,242.500000,P1,5,57,176.500000
RH,60,242.500000,P1,5,60,176.500000
RH,65,242.500000,P1,1,65,176.500000
RH,74,242.500000,P1,1,74,176.500000
LH,43,243.000000,P1,5,43,177.000000
RH,67,243.000000,P1,1,67,177.000000
LH,50,244.000000,P1,5,50,178.000000
LH,55,244.000000,P1,5,55,178.000000
RH,60,244.000000,P1,5,60,178.000000
RH,76,244.000000,P1,1,76,178.000000
RH,65,244.125000,P1,1,65,178.000000
LH,43,244.666667,P1,5,43,178.500000
RH,67,244.666667,P1,1,67,178.500000
LH,55,245.750000,P1,5,55,179.500000
LH,59,245.750000,P1,5,59,179.500000
RH,65,245.750000,P1,1,65,179.500000
RH,74,245.750000,P1,1,74,179.500000
LH,36,246.500000,P1,5,36,180.000000
RH,67,246.500000,P1,1,67,180.000000
LH,55,247.625000,P1,5,55,181.000000
RH,60,247.625000,P1,5,60,181.000000
RH,64,247.625000,P1,1,64,181.000000
RH,72,247.625000,P1,1,72,181.000000
LH,48,248.250000,P1,7,48,181.500000
LH,56,248.666667,P1,6,56,182.000000
RH,65,248.666667,P1,1,65,182.000000
RH,71,248.666667,P1,1,71,182.000000
LH,55,249.250000,P1,6,55,182.500000
RH,64,249.250000,P1,1,64,182.500000
RH,72,249.250000,P1,1,72,182.500000
LH,48,249.750000,P1,5,48,183.000000
LH,55,250.875000,P1,5,55,184.000000
RH,60,250.875000,P1,5,60,184.000000
RH,64,250.875000,P1,1,64,184.000000
RH,72,250.875000,P1,1,72,184.000000
LH,48,251.375000,P1,7,48,184.500000
LH,56,252.000000,P1,6,56,185.000000
RH,65,252.000000,P1,1,65,185.000000
RH,71,252.000000,P1,1,71,185.000000
LH,55,252.750000,P1,6,55,185.500000
RH,64,252.750000,P1,1,64,185.500000
RH,72,252.750000,P1,1,72,185.500000
LH,48,253.375000,P1,5,48,186.000000
LH,55,254.375000,P1,5,55,187.000000
RH,60,254.375000,P1,5,60,187.000000
RH,64,254.375000,P1,2,64,187.000000
RH,72,254.375000,P1,1,72,187.000000
LH,48,255.125000,P1,5,48,187.500000
RH,65,255.125000,P1,2,65,187.500000
LH,56,256.250000,P1,5,56,188.500000
RH,60,256.250000,P1,5,60,188.500000
RH,62,256.250000,P1,2,62,188.500000
RH,72,256.250000,P1,1,72,188.500000
LH,48,256.875000,P1,5,48,189.000000
RH,68,256.875000,P1,2,68,189.000000
LH,56,258.000000,P1,5,56,190.000000
RH,62,258.000000,P1,5,62,190.000000
RH,65,258.000000,P1,2,65,190.000000
RH,72,258.000000,P1,1,72,190.000000
RH,67,258.750000,P1,2,67,190.500000
LH,48,258.875000,P1,5,48,190.500000
LH,41,261.125000,P1,5,41,192.000000
RH,68,261.125000,P1,2,68,192.000000
LH,48,262.500000,P1,5,48,193.000000
LH,56,262.500000,P1,5,56,193.000000
RH,60,262.500000,P1,5,60,193.000000
RH,65,262.500000,P1,2,65,193.000000
RH,72,262.500000,P1,1,72,193.000000
LH,41,263.125000,P1,5,41,193.500000
LH,53,264.000000,P1,5,53,194.500000
RH,60,264.000000,P1,5,60,194.500000
RH,65,264.000000,P1,5,65,194.500000
RH,77,264.000000,P1,1,77,194.500000
RH,68,264.125000,P1,1,68,194.500000
LH,41,264.750000,P1,5,41,195.000000
LH,53,265.875000,P1,5,53,196.000000
RH,61,265.875000,P1,5,61,196.000000
RH,65,265.875000,P1,5,65,196.000000
RH,73,265.875000,P1,1,73,196.000000
RH,70,266.000000,P1,2,70,196.000000
LH,41,266.375000,P1,5,41,196.500000
RH,68,266.375000,P1,2,68,196.500000
RH,72,266.375000,P1,1,72,196.500000
RH,65,266.750000,P1,2,65,197.000000
RH,68,266.750000,P1,1,68,197.000000
LH,53,267.250000,P1,5,53,197.500000
RH,60,267.250000,P1,5,60,197.500000
RH,67,267.250000,P1,1,67,197.500000
RH,70,267.250000,P1,1,70,197.500000
RH,68,267.750000,P1,2,68,198.000000
RH,72,267.750000,P1,1,72,198.000000
LH,41,267.875000,P1,5,41,198.000000
LH,53,267.875000,P1,5,53,198.000000
LH,52,268.875000,P1,5,52,199.000000
RH,68,268.875000,P1,1,68,199.000000
LH,39,269.625000,P1,5,39,199.500000
RH,72,270.625000,P1,1,72,200.500000
LH,51,270.666667,P1,5,51,200.500000
RH,60,270.666667,P1,5,60,200.500000
RH,63,270.666667,P1,1,63,200.500000
RH,68,270.666667,P1,1,68,200.500000
LH,39,271.250000,P1,5,39,201.000000
RH,72,271.875000,P1,1,72,201.750000
LH,51,272.125000,P1,5,51,202.000000
RH,60,272.125000,P1,5,60,202.000000
RH,63,272.125000,P1,1,63,202.000000
RH,68,272.250000,P1,1,68,202.000000
LH,39,272.875000,P1,5,39,202.500000
RH,75,272.875000,P1,1,75,202.500000
LH,51,273.666667,P1,5,51,203.250000
RH,60,273.666667,P1,5,60,203.250000
RH,63,273.666667,P1,1,63,203.250000
RH,68,273.666667,P1,1,68,203.250000
LH,51,274.000000,P1,5,51,203.250000
LH,58,274.000000,P1,5,58,203.500000
RH,61,274.000000,P1,1,61,203.500000
RH,67,274.000000,P1,1,67,203.500000
RH,70,274.000000,P1,1,70,203.500000
LH,44,274.750000,P1,5,44,204.000000
LH,56,274.750000,P1,5,56,204.000000
RH,60,274.750000,P1,1,60,204.000000
RH,68,274.750000,P1,1,68,204.000000
RH,72,274.750000,P1,1,72,204.000000
LH,43,275.875000,P1,5,43,205.000000
LH,55,275.875000,P1,5,55,205.000000
RH,64,275.875000,P1,1,64,205.000000
RH,70,275.875000,P1,1,70,205.000000
RH,72,275.875000,P1,1,72,205.000000
LH,41,276.625000,P1,5,41,205.500000
LH,48,277.500000,P1,5,48,206.500000
LH,56,277.500000,P1,5,56,206.500000
RH,60,277.500000,P1,5,60,206.500000
RH,65,277.500000,P1,1,65,206.500000
RH,72,277.500000,P1,1,72,206.500000
RH,68,277.625000,P1,1,68,206.500000
LH,41,278.125000,P1,5,41,207.000000
RH,65,279.000000,P1,5,65,208.000000
RH,77,279.000000,P1,1,77,208.000000
LH,53,279.125000,P1,5,53,208.000000
RH,60,279.125000,P1,5,60,208.000000
RH,68,279.125000,P1,1,68,208.000000
LH,41,279.875000,P1,5,41,208.500000
RH,75,280.375000,P1,1,75,209.000000
LH,53,280.875000,P1,5,53,209.500000
RH,61,280.875000,P1,5,61,209.500000
RH,65,280.875000,P1,5,65,209.500000
RH,70,280.875000,P1,1,70,209.500000
RH,73,280.875000,P1,1,73,209.500000
LH,53,281.333333,P1,5,53,210.000000
RH,60,281.333333,P1,5,60,210.000000
RH,68,281.333333,P1,1,68,210.000000
RH,72,281.333333,P1,1,72,210.000000
LH,51,281.750000,P1,5,51,210.500000
RH,67,281.750000,P1,1,67,210.500000
RH,72,281.750000,P1,1,72,210.500000
LH,53,282.250000,P1,5,53,211.000000
RH,65,282.250000,P1,1,65,211.000000
RH,68,282.250000,P1,1,68,211.000000
RH,74,282.250000,P1,1,74,211.000000
LH,55,282.750000,P1,5,55,211.500000
RH,63,282.750000,P1,1,63,211.500000
RH,67,282.750000,P1,1,67,211.500000
LH,56,283.250000,P1,5,56,212.000000
LH,55,283.666667,P1,5,55,212.500000
RH,67,283.666667,P1,1,67,212.500000
RH,60,283.750000,P1,1,60,212.500000
RH,63,283.750000,P1,1,63,212.500000
LH,51,284.250000,P1,5,51,213.000000
LH,50,284.666667,P1,5,50,213.500000
LH,48,285.250000,P1,5,48,214.000000
RH,60,285.250000,P1,1,60,214.000000
RH,63,285.250000,P1,1,63,214.000000
RH,67,285.333333,P1,1,67,214.000000
LH,43,286.000000,P1,5,43,214.500000
RH,62,286.000000,P1,1,62,214.500000
RH,62,287.333333,P1,1,62,215.500000
RH,67,287.333333,P1,1,67,215.500000
LH,59,287.375000,P1,1,59,215.500000
LH,36,288.250000,P1,5,36,216.000000
RH,60,288.250000,P1,1,60,216.000000
RH,64,288.250000,P1,1,64,216.000000
RH,60,288.500000,P1,1,60,216.000000
RH,79,289.625000,P1,1,79,217.000000
LH,58,289.666667,P1,5,58,217.000000
RH,60,289.666667,P1,5,60,217.000000
RH,67,289.666667,P1,5,67,217.000000
RH,72,289.666667,P1,1,72,217.000000
RH,70,289.750000,P1,1,70,217.000000
LH,48,290.500000,P1,5,48,217.500000
LH,56,291.500000,P1,5,56,218.500000
RH,60,291.500000,P1,5,60,218.500000
RH,65,291.500000,P1,5,65,218.500000
RH,68,291.500000,P1,1,68,218.500000
RH,72,291.500000,P1,1,72,218.500000
RH,77,291.500000,P1,1,77,218.500000
LH,48,292.125000,P1,5,48,219.000000
LH,55,293.125000,P1,5,55,220.000000
LH,58,293.125000,P1,5,58,220.000000
RH,63,293.125000,P1,5,63,220.000000
RH,67,293.125000,P1,1,67,220.000000
RH,70,293.125000,P1,1,70,220.000000
RH,75,293.125000,P1,1,75,220.000000
LH,48,293.625000,P1,5,48,220.500000
RH,68,294.125000,P1,1,68,221.000000
LH,53,294.500000,P1,5,53,221.500000
RH,61,294.500000,P1,5,61,221.500000
RH,65,294.500000,P1,1,65,221.500000
RH,73,294.500000,P1,1,73,221.500000
LH,56,294.625000,P1,5,56,221.500000
LH,48,295.125000,P1,5,48,222.000000
RH,64,295.125000,P1,1,64,222.000000
RH,72,295.125000,P1,1,72,222.000000
RH,67,296.125000,P1,5,67,223.000000
RH,72,296.125000,P1,1,72,223.000000
RH,79,296.125000,P1,1,79,223.000000
LH,58,296.250000,P1,5,58,223.000000
RH,60,296.250000,P1,5,60,223.000000
RH,70,296.250000,P1,1,70,223.000000
LH,48,296.750000,P1,5,48,223.500000
RH,72,297.666667,P1,1,72,224.500000
RH,77,297.666667,P1,1,77,224.500000
LH,56,297.750000,P1,5,56,224.500000
RH,60,297.750000,P1,5,60,224.500000
RH,65,297.750000,P1,5,65,224.500000
RH,68,297.750000,P1,1,68,224.500000
LH,48,298.333333,P1,5,48,225.000000
LH,55,299.250000,P1,5,55,226.000000
LH,58,299.250000,P1,5,58,226.000000
RH,63,299.250000,P1,5,63,226.000000
RH,67,299.250000,P1,1,67,226.000000
RH,70,299.250000,P1,1,70,226.000000
RH,75,299.250000,P1,1,75,226.000000
LH,48,299.875000,P1,5,48,226.500000
RH,68,300.250000,P1,1,68,227.000000
LH,53,300.750000,P1,5,53,227.500000
LH,56,300.750000,P1,5,56,227.500000
RH,61,300.750000,P1,5,61,227.500000
RH,65,300.750000,P1,1,65,227.500000
RH,73,300.750000,P1,1,73,227.500000
LH,48,301.375000,P1,5,48,228.000000
RH,64,301.375000,P1,1,64,228.000000
RH,72,301.375000,P1,1,72,228.000000
LH,52,302.500000,P1,5,52,229.000000
RH,60,302.500000,P1,5,60,229.000000
RH,72,302.500000,P1,1,72,229.000000
RH,84,302.500000,P1,1,84,229.000000
LH,48,303.125000,P1,5,48,229.500000
LH,53,304.000000,P1,5,53,230.500000
RH,60,304.000000,P1,5,60,230.500000
RH,62,304.000000,P1,5,62,230.500000
RH,72,304.000000,P1,1,72,230.500000
RH,74,304.000000,P1,1,74,230.500000
RH,84,304.000000,P1,1,84,230.500000
LH,48,304.625000,P1,5,48,231.000000
LH,56,305.500000,P1,5,56,232.000000
RH,60,305.500000,P1,5,60,232.000000
RH,65,305.500000,P1,5,65,232.000000
RH,72,305.500000,P1,1,72,232.000000
RH,77,305.500000,P1,1,77,232.000000
RH,84,305.500000,P1,1,84,232.000000
LH,48,306.125000,P1,5,48,232.500000
LH,55,307.000000,P1,5,55,233.500000
RH,60,307.000000,P1,5,60,233.500000
RH,64,307.000000,P1,5,64,233.500000
RH,72,307.000000,P1,1,72,233.500000
RH,76,307.000000,P1,1,76,233.500000
RH,84,307.000000,P1,1,84,233.500000
LH,48,307.625000,P1,5,48,234.000000
LH,53,308.625000,P1,5,53,235.000000
RH,60,308.625000,P1,5,60,235.000000
RH,62,308.625000,P1,5,62,235.000000
RH,72,308.625000,P1,1,72,235.000000
RH,74,308.625000,P1,1,74,235.000000
RH,84,308.625000,P1,1,84,235.000000
LH,48,309.125000,P1,5,48,235.500000
LH,55,310.125000,P1,5,55,236.500000
RH,60,310.125000,P1,5,60,236.500000
RH,64,310.125000,P1,5,64,236.500000
RH,72,310.125000,P1,1,72,236.500000
RH,76,310.125000,P1,1,76,236.500000
RH,84,310.125000,P1,1,84,236.500000
LH,48,310.666667,P1,5,48,237.000000
RH,60,311.625000,P1,5,60,238.000000
RH,72,311.625000,P1,1,72,238.000000
RH,80,311.625000,P1,1,80,238.000000
RH,84,311.625000,P1,1,84,238.000000
LH,36,312.333333,P1,5,36,238.500000
LH,48,312.333333,P1,5,48,238.500000
LH,29,314.375000,P1,5,29,240.000000
LH,41,314.375000,P1,5,41,240.000000
LH,53,315.500000,P1,5,53,241.000000
LH,56,315.500000,P1,5,56,241.000000
RH,60,315.500000,P1,5,60,241.000000
RH,65,315.500000,P1,5,65,241.000000
RH,72,315.500000,P1,1,72,241.000000
RH,77,315.500000,P1,1,77,241.000000
RH,84,315.500000,P1,1,84,241.000000
LH,41,316.000000,P1,5,41,241.500000
LH,53,316.000000,P1,5,53,241.500000
LH,53,316.875000,P1,5,53,242.500000
LH,56,316.875000,P1,5,56,242.500000
RH,60,316.875000,P1,5,60,242.500000
RH,65,316.875000,P1,5,65,242.500000
RH,89,316.875000,P1,1,89,242.500000
LH,41,317.666667,P1,5,41,243.000000
LH,53,317.666667,P1,5,53,243.000000
LH,53,318.875000,P1,5,53,244.000000
LH,58,318.875000,P1,5,58,244.000000
RH,61,318.875000,P1,5,61,244.000000
RH,65,318.875000,P1,5,65,244.000000
RH,73,318.875000,P1,1,73,244.000000
RH,82,318.875000,P1,1,82,244.000000
RH,85,318.875000,P1,1,85,244.000000
LH,41,319.375000,P1,5,41,244.500000
LH,53,319.375000,P1,5,53,244.500000
RH,72,319.375000,P1,1,72,244.500000
RH,80,319.375000,P1,1,80,244.500000
RH,84,319.375000,P1,1,84,244.500000
RH,68,319.875000,P1,1,68,245.000000
RH,77,319.875000,P1,1,77,245.000000
RH,80,319.875000,P1,1,80,245.000000
LH,48,320.250000,P1,5,48,245.500000
RH,60,320.250000,P1,5,60,245.500000
RH,70,320.250000,P1,1,70,245.500000
RH,79,320.250000,P1,1,79,245.500000
RH,82,320.250000,P1,1,82,245.500000
LH,41,320.750000,P1,5,41,246.000000
LH,53,320.750000,P1,5,53,246.000000
RH,72,320.750000,P1,1,72,246.000000
RH,80,320.750000,P1,1,80,246.000000
RH,84,320.750000,P1,1,84,246.000000
LH,40,321.750000,P1,5,40,247.000000
LH,52,321.750000,P1,5,52,247.000000
RH,72,321.750000,P1,1,72,247.000000
RH,80,321.750000,P1,1,80,247.000000
RH,84,321.750000,P1,1,84,247.000000
LH,39,322.500000,P1,5,39,247.500000
LH,51,322.500000,P1,5,51,247.500000
LH,51,323.500000,P1,5,51,248.500000
LH,56,323.500000,P1,5,56,248.500000
RH,63,323.500000,P1,5,63,248.500000
RH,72,323.500000,P1,1,72,248.500000
RH,80,323.500000,P1,1,80,248.500000
RH,84,323.500000,P1,1,84,248.500000
RH,60,323.625000,P1,5,60,248.500000
LH,39,324.000000,P1,5,39,249.000000
LH,51,324.000000,P1,5,51,249.000000
LH,56,324.666667,P1,5,56,249.750000
RH,80,324.666667,P1,1,80,249.750000
RH,80,324.875000,P1,1,80,249.750000
RH,63,325.000000,P1,5,63,250.000000
LH,39,325.666667,P1,5,39,250.500000
LH,51,325.666667,P1,5,51,250.500000
RH,75,325.666667,P1,1,75,250.500000
RH,80,325.666667,P1,1,80,250.500000
RH,87,325.666667,P1,1,87,250.500000
LH,51,326.375000,P1,5,51,251.250000
RH,63,326.375000,P1,5,63,251.250000
RH,68,326.375000,P1,1,68,251.250000
RH,80,326.375000,P1,1,80,251.250000
LH,51,326.625000,P1,5,51,251.500000
RH,61,326.625000,P1,5,61,251.500000
RH,63,326.625000,P1,5,63,251.250000
RH,70,326.625000,P1,1,70,251.500000
RH,82,326.625000,P1,1,82,251.500000
LH,55,326.666667,P1,5,55,251.500000
LH,44,327.333333,P1,5,44,252.000000
LH,56,327.333333,P1,5,56,252.000000
RH,72,327.333333,P1,1,72,252.000000
RH,75,327.333333,P1,1,75,252.000000
RH,84,327.333333,P1,1,84,252.000000
LH,43,328.333333,P1,5,43,253.000000
LH,55,328.333333,P1,5,55,253.000000
RH,72,328.333333,P1,1,72,253.000000
RH,76,328.333333,P1,1,76,253.000000
RH,82,328.333333,P1,1,82,253.000000
RH,84,328.333333,P1,1,84,253.000000
LH,41,329.125000,P1,5,41,253.500000
LH,53,329.125000,P1,5,53,253.500000
LH,48,330.000000,P1,5,48,254.500000
LH,53,330.000000,P1,5,53,254.500000
LH,56,330.000000,P1,5,56,254.500000
RH,60,330.000000,P1,5,60,254.500000
RH,72,330.000000,P1,1,72,254.500000
RH,80,330.000000,P1,1,80,254.500000
RH,84,330.000000,P1,1,84,254.500000
RH,77,330.125000,P1,1,77,254.500000
LH,29,330.750000,P1,5,29,255.000000
LH,41,330.750000,P1,5,41,255.000000
LH,53,331.750000,P1,5,53,256.000000
LH,56,331.750000,P1,5,56,256.000000
RH,65,331.750000,P1,5,65,256.000000
RH,77,331.750000,P1,1,77,256.000000
RH,80,331.750000,P1,1,80,256.000000
RH,89,331.750000,P1,1,89,256.000000
LH,56,333.500000,P1,5,56,257.500000
LH,51,333.750000,P1,5,51,257.500000
LH,56,333.750000,P1,5,56,257.500000
RH,63,333.750000,P1,5,63,257.500000
RH,75,333.750000,P1,1,75,257.500000
RH,80,333.750000,P1,1,80,257.500000
RH,87,333.750000,P1,1,87,257.500000
LH,50,334.250000,P1,5,50,258.000000
LH,56,334.250000,P1,5,56,258.000000
RH,62,334.250000,P1,5,62,258.000000
RH,74,334.250000,P1,1,74,258.000000
RH,80,334.250000,P1,1,80,258.000000
RH,86,334.250000,P1,1,86,258.000000
LH,49,334.875000,P1,5,49,258.750000
LH,56,334.875000,P1,5,56,258.750000
RH,61,334.875000,P1,5,61,258.750000
RH,73,334.875000,P1,1,73,258.750000
RH,80,334.875000,P1,1,80,258.750000
RH,85,334.875000,P1,1,85,258.750000
LH,48,335.125000,P1,5,48,259.000000
LH,56,335.125000,P1,5,56,259.000000
RH,60,335.125000,P1,5,60,259.000000
RH,72,335.125000,P1,1,72,259.000000
RH,80,335.125000,P1,1,80,259.000000
RH,84,335.125000,P1,1,84,259.000000
LH,48,335.625000,P1,5,48,259.500000
LH,56,335.625000,P1,5,56,259.500000
RH,60,335.625000,P1,5,60,259.500000
RH,72,335.625000,P1,1,72,259.500000
RH,80,335.625000,P1,1,80,259.500000
RH,84,335.625000,P1,1,84,259.500000
LH,43,336.125000,P1,5,43,260.000000
LH,48,336.125000,P1,5,48,260.000000
LH,55,336.125000,P1,5,55,260.000000
RH,67,336.125000,P1,1,67,260.000000
RH,72,336.125000,P1,1,72,260.000000
RH,79,336.125000,P1,1,79,260.000000
LH,46,336.625000,P1,5,46,260.500000
LH,48,336.625000,P1,5,48,260.500000
LH,58,336.625000,P1,5,58,260.500000
RH,70,336.625000,P1,1,70,260.500000
RH,72,336.625000,P1,1,72,260.500000
RH,82,336.625000,P1,1,82,260.500000
LH,44,337.333333,P1,5,44,261.000000
LH,48,337.333333,P1,5,48,261.000000
LH,56,337.333333,P1,5,56,261.000000
RH,68,337.333333,P1,1,68,261.000000
RH,72,337.333333,P1,1,72,261.000000
RH,80,337.333333,P1,1,80,261.000000
LH,32,338.375000,P1,5,32,262.000000
LH,44,338.375000,P1,5,44,262.000000
RH,60,338.375000,P1,2,60,262.000000
RH,67,340.125000,P1,1,67,263.000000
RH,66,340.625000,P1,1,66,263.500000
RH,61,341.333333,P1,1,61,264.000000
RH,65,341.333333,P1,2,65,264.000000
LH,37,341.375000,P1,5,37,264.000000
LH,49,341.375000,P1,5,49,264.000000
LH,53,341.375000,P1,2,53,264.000000
RH,60,342.000000,P1,1,60,264.500000
LH,58,342.500000,P1,1,58,265.000000
LH,56,342.875000,P1,1,56,265.500000
LH,55,343.375000,P1,1,55,266.000000
RH,67,343.375000,P1,1,67,266.000000
LH,58,343.875000,P1,1,58,266.500000
RH,70,343.875000,P1,1,70,266.500000
LH,56,344.375000,P1,1,56,267.000000
RH,68,344.375000,P1,1,68,267.000000
LH,44,345.500000,P1,5,44,268.000000
LH,54,345.500000,P1,2,54,268.000000
RH,60,345.500000,P1,2,60,268.000000
RH,68,345.500000,P1,1,68,268.000000
LH,32,345.625000,P1,5,32,268.000000
RH,67,346.625000,P1,1,67,269.000000
RH,66,347.000000,P1,1,66,269.500000
LH,37,347.625000,P1,5,37,270.000000
LH,49,347.625000,P1,5,49,270.000000
LH,53,347.625000,P1,2,53,270.000000
RH,61,347.625000,P1,2,61,270.000000
RH,65,347.625000,P1,1,65,270.000000
LH,43,348.666667,P1,5,43,271.000000
RH,65,348.666667,P1,1,65,271.000000
LH,31,348.750000,P1,5,31,271.000000
LH,53,348.750000,P1,2,53,271.000000
RH,61,348.750000,P1,2,61,271.000000
RH,64,349.750000,P1,1,64,272.000000
RH,67,350.125000,P1,1,67,272.500000
RH,65,350.750000,P1,1,65,273.000000
LH,31,351.875000,P1,5,31,274.000000
LH,43,351.875000,P1,5,43,274.000000
LH,53,351.875000,P1,2,53,274.000000
RH,61,351.875000,P1,1,61,274.000000
RH,65,351.875000,P1,1,65,274.000000
LH,32,352.875000,P1,5,32,275.000000
LH,44,352.875000,P1,5,44,275.000000
RH,60,352.875000,P1,1,60,275.000000
RH,63,352.875000,P1,1,63,275.000000
LH,34,353.375000,P1,5,34,275.500000
LH,46,353.375000,P1,5,46,275.500000
LH,58,353.375000,P1,1,58,275.500000
RH,61,353.375000,P1,1,61,275.500000
LH,48,354.000000,P1,5,48,276.000000
LH,52,354.000000,P1,2,52,276.000000
RH,60,354.000000,P1,1,60,276.000000
LH,36,354.125000,P1,5,36,276.000000
LH,59,355.250000,P1,2,59,277.000000
RH,65,355.250000,P1,1,65,277.000000
LH,31,355.333333,P1,5,31,277.000000
LH,43,355.333333,P1,5,43,277.000000
LH,53,355.333333,P1,2,53,277.000000
RH,63,356.375000,P1,1,63,278.000000
RH,61,356.875000,P1,1,61,278.500000
LH,36,357.625000,P1,5,36,279.000000
LH,52,357.625000,P1,2,52,279.000000
RH,60,357.625000,P1,1,60,279.000000
LH,31,358.875000,P1,6,31,280.000000
LH,43,358.875000,P1,5,43,280.000000
LH,53,358.875000,P1,2,53,280.000000
RH,61,358.875000,P1,1,61,280.000000
RH,65,358.875000,P1,1,65,280.000000
LH,36,362.000000,P1,5,36,282.000000
LH,52,362.000000,P1,1,52,282.000000
RH,60,362.000000,P1,1,60,282.000000
LH,53,363.250000,P1,1,53,283.000000
RH,62,363.250000,P1,1,62,283.000000
LH,48,363.875000,P1,5,48,283.500000
RH,60,363.875000,P1,1,60,283.500000
RH,65,363.875000,P1,1,65,283.500000
LH,56,364.000000,P1,1,56,283.500000
LH,55,365.000000,P1,1,55,284.500000
RH,60,365.000000,P1,1,60,284.500000
RH,64,365.000000,P1,1,64,284.500000
LH,53,365.625000,P1,5,53,285.000000
RH,60,365.625000,P1,1,60,285.000000
RH,62,365.625000,P1,1,62,285.000000
LH,55,366.750000,P1,5,55,286.000000
RH,64,366.750000,P1,1,64,286.000000
RH,60,366.875000,P1,1,60,286.000000
RH,60,367.375000,P1,5,60,286.500000
RH,64,367.375000,P1,1,64,286.500000
RH,68,367.375000,P1,1,68,286.500000
LH,58,368.625000,P1,5,58,287.500000
RH,67,368.625000,P1,1,67,287.500000
RH,64,368.666667,P1,1,64,287.500000
LH,48,369.375000,P1,5,48,288.000000
LH,55,369.375000,P1,5,55,288.000000
LH,58,369.375000,P1,5,58,288.000000
RH,60,369.375000,P1,5,60,288.000000
RH,64,369.375000,P1,1,64,288.000000
RH,72,369.375000,P1,1,72,288.000000
LH,55,370.500000,P1,5,55,289.000000
LH,58,370.500000,P1,5,58,289.000000
RH,62,370.500000,P1,5,62,289.000000
RH,65,370.500000,P1,1,65,289.000000
RH,72,370.500000,P1,1,72,289.000000
RH,74,370.500000,P1,1,74,289.000000
LH,48,371.125000,P1,5,48,289.500000
LH,55,371.125000,P1,5,55,289.500000
LH,58,371.125000,P1,5,58,289.500000
RH,68,371.125000,P1,1,68,289.500000
RH,72,371.125000,P1,1,72,289.500000
RH,77,371.125000,P1,1,77,289.500000
RH,65,371.250000,P1,5,65,289.500000
LH,55,372.250000,P1,5,55,290.500000
RH,67,372.250000,P1,1,67,290.500000
RH,76,372.250000,P1,1,76,290.500000
LH,48,372.333333,P1,5,48,290.500000
LH,58,372.333333,P1,5,58,290.500000
RH,64,372.333333,P1,5,64,290.500000
RH,72,372.333333,P1,1,72,290.500000
LH,48,373.000000,P1,5,48,291.000000
LH,53,373.000000,P1,5,53,291.000000
LH,58,373.000000,P1,5,58,291.000000
RH,62,373.000000,P1,5,62,291.000000
RH,65,373.000000,P1,1,65,291.000000
RH,72,373.000000,P1,1,72,291.000000
RH,74,373.000000,P1,1,74,291.000000
RH,67,374.375000,P1,1,67,292.000000
RH,72,374.375000,P1,1,72,292.000000
RH,76,374.375000,P1,1,76,292.000000
RH,60,375.125000,P1,5,60,292.500000
RH,68,375.125000,P1,5,68,292.500000
RH,60,376.750000,P1,5,60,293.500000
RH,67,376.750000,P1,5,67,293.500000
RH,70,376.750000,P1,1,70,293.500000
RH,79,376.750000,P1,1,79,293.500000
LH,58,376.875000,P1,5,58,293.500000
RH,72,376.875000,P1,1,72,293.500000
LH,53,377.750000,P1,5,53,294.000000
RH,60,377.750000,P1,5,60,294.000000
RH,65,377.750000,P1,5,65,294.000000
RH,68,377.750000,P1,1,68,294.000000
RH,72,377.750000,P1,1,72,294.000000
RH,77,377.750000,P1,1,77,294.000000
LH,56,379.125000,P1,1,56,295.500000
RH,68,379.125000,P1,1,68,295.500000
LH,59,380.875000,P1,2,59,296.500000
RH,62,380.875000,P1,2,62,296.500000
LH,40,381.000000,P1,5,40,296.500000
LH,52,381.000000,P1,5,52,296.500000
RH,60,381.875000,P1,5,60,297.000000
RH,63,381.875000,P1,5,63,297.000000
RH,60,382.000000,P1,5,60,297.000000
LH,56,383.250000,P1,5,56,298.000000
RH,65,383.250000,P1,1,65,298.000000
LH,55,383.875000,P1,5,55,298.500000
RH,63,383.875000,P1,1,63,298.500000
RH,72,384.333333,P1,1,72,299.000000
LH,53,384.375000,P1,5,53,299.000000
LH,55,384.875000,P1,5,55,299.500000
RH,61,384.875000,P1,2,61,299.500000
RH,63,384.875000,P1,2,63,299.500000
RH,70,384.875000,P1,1,70,299.500000
RH,60,385.625000,P1,2,60,300.000000
RH,68,385.625000,P1,1,68,300.000000
RH,62,387.625000,P1,5,62,301.500000
RH,65,387.625000,P1,2,65,301.500000
RH,72,387.625000,P1,1,72,301.500000
RH,63,389.125000,P1,5,63,302.500000
RH,66,389.125000,P1,2,66,302.500000
LH,55,390.000000,P1,6,55,303.000000
RH,67,390.000000,P1,2,67,303.000000
RH,62,390.750000,P1,5,62,303.500000
RH,65,390.750000,P1,2,65,303.500000
RH,71,390.750000,P1,1,71,303.500000
RH,60,391.375000,P1,5,60,304.000000
RH,69,391.375000,P1,1,69,304.000000
LH,59,392.000000,P1,5,59,304.500000
RH,67,392.000000,P1,1,67,304.500000
LH,57,392.750000,P1,5,57,305.000000
RH,76,392.750000,P1,1,76,305.000000
RH,74,393.666667,P1,1,74,305.500000
LH,59,393.750000,P1,5,59,305.500000
RH,65,393.750000,P1,2,65,305.500000
RH,67,393.750000,P1,2,67,305.500000
LH,48,394.875000,P1,6,48,306.000000
RH,72,394.875000,P1,1,72,306.000000
RH,60,395.000000,P1,5,60,306.000000
RH,64,395.000000,P1,2,64,306.000000
RH,84,396.666667,P1,1,84,307.000000
RH,72,397.375000,P1,1,72,307.500000
RH,84,398.500000,P1,1,84,308.500000
RH,72,399.125000,P1,1,72,309.000000
RH,84,400.125000,P1,1,84,310.000000
RH,72,400.875000,P1,1,72,310.500000
RH,84,402.250000,P1,1,84,311.500000
LH,36,403.375000,P1,5,36,312.000000
RH,72,403.375000,P1,1,72,312.000000
LH,55,404.750000,P1,5,55,313.000000
RH,65,404.750000,P1,5,65,313.000000
RH,70,404.750000,P1,1,70,313.000000
RH,81,404.750000,P1,1,81,313.000000
RH,60,404.875000,P1,5,60,313.000000
LH,48,405.500000,P1,5,48,313.500000
RH,72,405.500000,P1,1,72,313.500000
LH,55,406.500000,P1,5,55,314.500000
RH,60,406.500000,P1,5,60,314.500000
RH,64,406.500000,P1,5,64,314.500000
RH,70,406.500000,P1,1,70,314.500000
RH,79,406.500000,P1,1,79,314.500000
LH,53,407.125000,P1,5,53,315.000000
RH,72,407.125000,P1,1,72,315.000000
RH,60,408.125000,P1,5,60,316.000000
RH,65,408.125000,P1,5,65,316.000000
RH,69,408.125000,P1,1,69,316.000000
RH,77,408.125000,P1,1,77,316.000000
LH,50,408.750000,P1,5,50,316.500000
RH,67,409.250000,P1,1,67,317.000000
RH,76,409.250000,P1,1,76,317.000000
LH,57,409.666667,P1,5,57,317.500000
RH,60,409.666667,P1,5,60,317.500000
RH,74,409.666667,P1,1,74,317.500000
RH,65,409.750000,P1,1,65,317.500000
LH,43,410.250000,P1,5,43,318.000000
RH,67,410.250000,P1,1,67,318.000000
RH,60,411.250000,P1,5,60,319.000000
RH,76,411.250000,P1,1,76,319.000000
LH,50,411.333333,P1,5,50,319.000000
LH,55,411.333333,P1,5,55,319.000000
RH,65,411.333333,P1,1,65,319.000000
LH,43,411.875000,P1,5,43,319.500000
RH,67,411.875000,P1,1,67,319.500000
LH,55,413.000000,P1,5,55,320.500000
LH,59,413.000000,P1,5,59,320.500000
RH,65,413.000000,P1,1,65,320.500000
RH,74,413.000000,P1,1,74,320.500000
LH,36,413.750000,P1,5,36,321.000000
RH,67,413.750000,P1,1,67,321.000000
LH,55,414.875000,P1,5,55,322.000000
RH,60,414.875000,P1,5,60,322.000000
RH,64,414.875000,P1,1,64,322.000000
RH,72,414.875000,P1,1,72,322.000000
LH,48,415.500000,P1,7,48,322.500000
LH,56,416.000000,P1,6,56,323.000000
RH,65,416.000000,P1,1,65,323.000000
RH,71,416.000000,P1,1,71,323.000000
LH,55,416.666667,P1,6,55,323.500000
RH,64,416.666667,P1,1,64,323.500000
RH,72,416.666667,P1,1,72,323.500000
LH,48,417.500000,P1,5,48,324.000000
RH,62,418.625000,P1,5,62,325.000000
RH,81,418.625000,P1,1,81,325.000000
LH,55,418.666667,P1,5,55,325.000000
RH,70,418.666667,P1,1,70,325.000000
LH,48,419.250000,P1,5,48,325.500000
RH,72,419.250000,P1,1,72,325.500000
LH,55,420.250000,P1,5,55,326.500000
RH,64,420.250000,P1,5,64,326.500000
RH,70,420.250000,P1,1,70,326.500000
RH,79,420.250000,P1,1,79,326.500000
LH,53,420.875000,P1,5,53,327.000000
RH,72,420.875000,P1,1,72,327.000000
RH,60,421.875000,P1,5,60,328.000000
RH,65,421.875000,P1,5,65,328.000000
RH,69,421.875000,P1,1,69,328.000000
RH,77,421.875000,P1,1,77,328.000000
LH,50,422.375000,P1,5,50,328.500000
RH,67,422.875000,P1,1,67,329.000000
RH,76,422.875000,P1,1,76,329.000000
RH,69,423.625000,P1,5,69,329.500000
RH,74,423.625000,P1,1,74,329.500000
RH,60,423.666667,P1,5,60,329.500000
RH,65,423.666667,P1,1,65,329.500000
LH,43,424.625000,P1,5,43,330.000000
RH,67,424.625000,P1,1,67,330.000000
LH,57,425.875000,P1,5,57,331.000000
RH,76,425.875000,P1,1,76,331.000000
LH,50,426.000000,P1,5,50,331.000000
RH,65,426.000000,P1,1,65,331.000000
LH,43,426.625000,P1,5,43,331.500000
RH,67,426.625000,P1,1,67,331.500000
LH,59,427.625000,P1,5,59,332.500000
RH,65,427.625000,P1,1,65,332.500000
RH,74,427.625000,P1,1,74,332.500000
LH,50,427.750000,P1,5,50,332.500000
LH,36,428.375000,P1,5,36,333.000000
RH,67,428.375000,P1,1,67,333.000000
LH,55,429.500000,P1,5,55,334.000000
RH,60,429.500000,P1,5,60,334.000000
RH,64,429.500000,P1,1,64,334.000000
RH,72,429.500000,P1,1,72,334.000000
LH,48,430.125000,P1,7,48,334.500000
LH,56,430.625000,P1,6,56,335.000000
RH,65,430.625000,P1,1,65,335.000000
RH,71,430.625000,P1,1,71,335.000000
LH,55,431.125000,P1,6,55,335.500000
RH,64,431.125000,P1,1,64,335.500000
RH,72,431.125000,P1,1,72,335.500000
LH,48,431.750000,P1,5,48,336.000000
LH,55,432.750000,P1,5,55,337.000000
RH,60,432.750000,P1,5,60,337.000000
RH,64,432.750000,P1,1,64,337.000000
RH,72,432.750000,P1,1,72,337.000000
LH,48,433.333333,P1,7,48,337.500000
LH,56,433.875000,P1,6,56,338.000000
RH,65,433.875000,P1,1,65,338.000000
RH,71,433.875000,P1,1,71,338.000000
LH,55,434.666667,P1,6,55,338.500000
RH,64,434.666667,P1,1,64,338.500000
RH,72,434.666667,P1,1,72,338.500000
LH,48,435.375000,P1,6,48,339.000000
LH,55,436.500000,P1,5,55,340.000000
RH,60,436.500000,P1,5,60,340.000000
RH,64,436.500000,P1,1,64,340.000000
RH,72,436.500000,P1,1,72,340.000000
LH,48,437.125000,P1,5,48,340.500000
RH,60,438.250000,P1,5,60,341.500000
RH,64,438.250000,P1,1,64,341.500000
RH,72,438.250000,P1,1,72,341.500000
LH,55,438.333333,P1,5,55,341.500000
LH,48,439.000000,P1,5,48,342.000000
LH,55,440.125000,P1,5,55,343.000000
RH,60,440.125000,P1,5,60,343.000000
RH,64,440.125000,P1,1,64,343.000000
RH,72,440.125000,P1,1,72,343.000000
LH,48,441.000000,P1,5,48,343.500000
LH,44,444.000000,P1,5,44,345.000000
LH,51,446.000000,P1,5,51,346.000000
LH,56,446.000000,P1,5,56,346.000000
RH,63,446.000000,P1,5,63,346.000000
LH,52,447.125000,P1,5,52,346.500000
LH,56,447.125000,P1,5,56,346.500000
RH,64,447.125000,P1,5,64,346.500000
RH,80,448.333333,P1,1,80,347.500000
RH,76,448.500000,P1,1,76,347.750000
LH,32,448.666667,P1,5,32,348.000000
RH,74,448.666667,P1,1,74,348.000000
RH,77,449.000000,P1,1,77,348.250000
RH,75,449.125000,P1,1,75,348.500000
RH,72,449.333333,P1,1,72,348.750000
LH,51,449.500000,P1,5,51,349.000000
RH,68,449.500000,P1,1,68,349.000000
RH,65,449.750000,P1,1,65,349.250000
RH,60,450.000000,P1,5,60,349.500000
RH,63,450.000000,P1,1,63,349.500000
LH,58,450.750000,P1,5,58,350.500000
RH,61,450.750000,P1,1,61,350.500000
RH,67,450.750000,P1,1,67,350.500000
LH,44,451.333333,P1,5,44,351.000000
LH,52,452.875000,P1,5,52,352.500000
RH,92,453.875000,P1,1,92,353.500000
RH,88,454.375000,P1,1,88,353.750000
LH,44,454.500000,P1,5,44,354.000000
RH,86,454.625000,P1,1,86,354.000000
RH,89,454.750000,P1,1,89,354.250000
RH,87,455.000000,P1,1,87,354.500000
RH,84,455.125000,P1,1,84,354.750000
LH,53,455.333333,P1,5,53,355.000000
RH,80,455.333333,P1,1,80,355.000000
RH,77,455.500000,P1,1,77,355.250000
RH,60,455.750000,P1,5,60,355.500000
RH,75,455.750000,P1,1,75,355.500000
RH,72,456.000000,P1,1,72,355.750000
RH,68,456.250000,P1,1,68,356.000000
RH,65,456.500000,P1,1,65,356.250000
LH,46,456.666667,P1,5,46,356.500000
LH,56,456.666667,P1,5,56,356.500000
RH,60,456.666667,P1,1,60,356.500000
RH,62,457.000000,P1,1,62,356.750000
LH,39,457.375000,P1,5,39,357.000000
LH,47,459.000000,P1,5,47,358.500000
LH,27,460.500000,P1,5,27,360.000000
RH,71,460.500000,P1,1,71,359.750000
RH,69,460.625000,P1,1,69,360.000000
RH,72,460.875000,P1,1,72,360.250000
RH,70,461.000000,P1,1,70,360.500000
RH,67,461.250000,P1,1,67,360.750000
LH,46,461.375000,P1,5,46,361.000000
RH,63,461.375000,P1,1,63,361.000000
RH,60,461.625000,P1,1,60,361.250000
LH,55,461.875000,P1,5,55,361.500000
LH,58,461.875000,P1,1,58,361.500000
LH,53,462.750000,P1,5,53,362.500000
LH,56,462.750000,P1,1,56,362.500000
RH,62,462.750000,P1,1,62,362.500000
LH,39,463.333333,P1,5,39,363.000000
LH,51,465.000000,P1,5,51,364.500000
RH,87,466.250000,P1,1,87,365.500000
RH,83,466.875000,P1,1,83,365.750000
LH,39,467.000000,P1,5,39,366.000000
RH,81,467.250000,P1,1,81,366.000000
RH,84,467.500000,P1,1,84,366.250000
RH,82,467.666667,P1,1,82,366.500000
RH,79,467.875000,P1,1,79,366.750000
LH,51,468.000000,P1,5,51,367.000000
RH,74,468.125000,P1,1,74,367.000000
RH,75,468.375000,P1,1,75,367.250000
RH,76,468.875000,P1,1,76,367.500000
RH,73,469.875000,P1,1,73,368.250000
RH,70,470.125000,P1,1,70,368.500000
RH,65,470.500000,P1,1,65,368.750000
LH,44,470.666667,P1,5,44,369.000000
RH,63,470.750000,P1,1,63,369.000000
RH,68,471.125000,P1,1,68,369.250000
LH,46,472.333333,P1,5,46,370.500000
RH,75,472.333333,P1,1,75,370.500000
RH,72,472.625000,P1,1,72,370.750000
LH,51,472.875000,P1,5,51,371.000000
LH,55,472.875000,P1,5,55,371.000000
RH,63,472.875000,P1,5,63,371.000000
RH,73,472.875000,P1,1,73,371.000000
RH,70,473.250000,P1,1,70,371.500000
RH,65,473.375000,P1,1,65,371.750000
LH,48,473.625000,P1,5,48,372.000000
RH,63,473.625000,P1,1,63,372.000000
RH,68,473.750000,P1,1,68,372.250000
RH,72,474.000000,P1,1,72,372.500000
LH,51,474.125000,P1,5,51,372.500000
LH,56,474.125000,P1,5,56,372.500000
RH,63,474.125000,P1,5,63,372.500000
RH,75,474.250000,P1,1,75,372.750000
RH,79,474.500000,P1,1,79,373.000000
RH,77,474.666667,P1,1,77,373.250000
RH,75,474.875000,P1,1,75,373.500000
LH,43,475.000000,P1,5,43,373.500000
RH,72,475.125000,P1,1,72,373.750000
RH,73,475.333333,P1,1,73,374.000000
LH,51,475.375000,P1,5,51,374.000000
RH,63,475.375000,P1,5,63,374.000000
LH,58,475.500000,P1,5,58,374.000000
RH,69,475.500000,P1,1,69,374.250000
RH,70,475.750000,P1,1,70,374.500000
LH,44,476.250000,P1,5,44,375.000000
RH,60,476.250000,P1,1,60,375.000000
RH,61,476.500000,P1,1,61,375.250000
RH,63,476.750000,P1,1,63,375.500000
RH,65,477.000000,P1,1,65,375.750000
RH,68,477.375000,P1,1,68,376.250000
RH,66,477.625000,P1,5,66,376.500000
RH,70,477.625000,P1,1,70,376.500000
LH,56,477.666667,P1,6,56,376.500000
RH,60,477.666667,P1,6,60,376.500000
LH,54,477.750000,P1,6,54,376.500000
RH,72,477.875000,P1,1,72,376.750000
RH,73,478.125000,P1,1,73,377.000000
RH,75,478.333333,P1,1,75,377.250000
RH,62,478.500000,P1,5,62,377.500000
RH,77,478.500000,P1,1,77,377.500000
RH,78,478.750000,P1,1,78,377.750000
RH,63,479.125000,P1,5,63,378.000000
RH,84,479.125000,P1,1,84,378.000000
RH,82,479.500000,P1,1,82,378.250000
RH,80,479.666667,P1,1,80,378.500000
RH,82,480.000000,P1,1,82,378.750000
RH,80,480.125000,P1,1,80,379.000000
RH,78,480.375000,P1,1,78,379.250000
RH,64,480.625000,P1,5,64,379.500000
RH,80,480.625000,P1,1,80,379.500000
RH,78,480.875000,P1,1,78,379.750000
RH,77,481.125000,P1,1,77,380.000000
RH,78,481.375000,P1,1,78,380.250000
RH,77,481.625000,P1,1,77,380.500000
RH,76,481.875000,P1,1,76,380.750000
LH,49,482.000000,P1,5,49,381.000000
RH,77,482.125000,P1,1,77,381.000000
RH,78,482.333333,P1,1,78,381.250000
LH,56,482.625000,P1,5,56,381.500000
RH,68,482.625000,P1,5,68,381.500000
RH,79,482.625000,P1,1,79,381.500000
RH,80,482.875000,P1,1,80,381.750000
RH,84,483.125000,P1,1,84,382.000000
RH,82,483.333333,P1,1,82,382.250000
LH,51,483.500000,P1,5,51,382.500000
RH,80,483.500000,P1,1,80,382.500000
RH,77,483.666667,P1,1,77,382.750000
RH,60,483.875000,P1,5,60,383.000000
RH,68,483.875000,P1,5,68,383.000000
RH,78,483.875000,P1,1,78,383.000000
LH,56,484.000000,P1,5,56,383.000000
RH,74,484.125000,P1,1,74,383.250000
RH,75,484.333333,P1,1,75,383.500000
RH,70,484.500000,P1,1,70,383.750000
LH,53,484.666667,P1,5,53,384.000000
RH,68,484.666667,P1,1,68,384.000000
RH,73,484.875000,P1,1,73,384.250000
LH,56,485.125000,P1,5,56,384.500000
RH,61,485.125000,P1,5,61,384.500000
RH,68,485.125000,P1,5,68,384.500000
RH,77,485.125000,P1,1,77,384.500000
RH,80,485.333333,P1,1,80,384.750000
RH,84,485.500000,P1,1,84,385.000000
RH,82,485.750000,P1,1,82,385.250000
LH,48,485.875000,P1,5,48,385.500000
RH,80,485.875000,P1,1,80,385.500000
RH,77,486.125000,P1,1,77,385.750000
LH,56,486.333333,P1,5,56,386.000000
RH,68,486.333333,P1,5,68,386.000000
RH,78,486.333333,P1,1,78,386.000000
RH,63,486.375000,P1,5,63,386.000000
RH,74,486.500000,P1,1,74,386.250000
RH,75,486.666667,P1,1,75,386.500000
RH,66,487.000000,P1,1,66,386.750000
LH,37,487.125000,P1,5,37,387.000000
RH,65,487.125000,P1,1,65,387.000000
RH,67,487.375000,P1,1,67,387.250000
RH,68,487.625000,P1,1,68,387.500000
RH,70,487.750000,P1,1,70,387.750000
RH,72,488.000000,P1,1,72,388.000000
RH,73,488.125000,P1,1,73,388.250000
RH,65,488.375000,P1,5,65,388.500000
RH,68,488.375000,P1,5,68,388.500000
RH,75,488.375000,P1,1,75,388.500000
RH,61,488.500000,P1,6,61,388.500000
RH,76,488.625000,P1,1,76,388.750000
RH,77,488.875000,P1,1,77,389.000000
RH,79,489.000000,P1,1,79,389.250000
LH,57,489.250000,P1,6,57,389.500000
RH,82,489.375000,P1,1,82,389.750000
LH,58,489.625000,P1,6,58,390.000000
RH,84,489.625000,P1,1,84,390.000000
RH,85,489.875000,P1,1,85,390.250000
RH,87,490.000000,P1,1,87,390.500000
RH,88,490.250000,P1,1,88,390.750000
RH,89,490.375000,P1,1,89,391.000000
RH,91,490.500000,P1,1,91,391.250000
RH,60,490.750000,P1,6,60,391.500000
RH,93,490.750000,P1,1,93,391.500000
RH,94,490.875000,P1,1,94,391.750000
RH,96,491.125000,P1,1,96,392.000000
RH,97,491.333333,P1,1,97,392.250000
RH,99,491.500000,P1,1,99,392.500000
RH,100,491.666667,P1,1,100,392.750000
LH,49,492.000000,P1,5,49,393.000000
RH,101,492.000000,P1,1,101,393.000000
RH,100,492.250000,P1,1,100,393.250000
RH,99,492.500000,P1,1,99,393.500000
RH,97,492.666667,P1,1,97,393.750000
RH,65,492.875000,P1,5,65,394.000000
RH,68,492.875000,P1,5,68,394.000000
RH,70,492.875000,P1,5,70,394.000000
RH,96,492.875000,P1,1,96,394.000000
RH,94,493.125000,P1,1,94,394.250000
RH,65,493.500000,P1,5,65,394.500000
RH,68,493.500000,P1,5,68,394.500000
RH,70,493.500000,P1,5,70,394.500000
RH,92,493.500000,P1,1,92,394.500000
RH,91,493.750000,P1,1,91,394.750000
RH,89,494.000000,P1,1,89,395.000000
RH,72,494.125000,P1,5,72,395.250000
RH,88,494.125000,P1,1,88,395.250000
RH,68,494.375000,P1,5,68,395.500000
RH,70,494.375000,P1,5,70,395.500000
RH,73,494.375000,P1,5,73,395.500000
RH,87,494.375000,P1,1,87,395.500000
RH,85,494.625000,P1,1,85,395.750000
RH,68,495.000000,P1,5,68,396.000000
RH,70,495.000000,P1,5,70,396.000000
RH,73,495.000000,P1,5,73,396.000000
RH,84,495.000000,P1,1,84,396.000000
RH,82,495.333333,P1,1,82,396.250000
RH,80,495.625000,P1,1,80,396.500000
RH,79,495.750000,P1,1,79,396.750000
LH,56,496.000000,P1,5,56,397.000000
LH,58,496.000000,P1,5,58,397.000000
RH,61,496.000000,P1,5,61,397.000000
RH,65,496.000000,P1,5,65,397.000000
RH,77,496.125000,P1,1,77,397.000000
RH,76,496.375000,P1,1,76,397.250000
LH,56,496.750000,P1,5,56,397.500000
RH,65,496.750000,P1,5,65,397.500000
RH,75,496.750000,P1,1,75,397.500000
LH,58,496.875000,P1,5,58,397.500000
RH,61,496.875000,P1,5,61,397.500000
RH,73,497.000000,P1,1,73,397.750000
RH,72,497.333333,P1,1,72,398.000000
RH,75,497.500000,P1,1,75,398.250000
RH,73,497.750000,P1,1,73,398.500000
RH,65,498.000000,P1,1,65,398.750000
LH,37,498.250000,P1,5,37,399.000000
LH,49,498.250000,P1,5,49,399.000000
RH,72,498.666667,P1,1,72,399.375000
RH,70,498.875000,P1,1,70,399.500000
RH,72,499.000000,P1,1,72,399.625000
RH,70,499.250000,P1,1,70,400.000000
LH,53,499.333333,P1,5,53,400.000000
RH,69,499.375000,P1,1,69,400.250000
RH,70,499.625000,P1,1,70,400.375000
LH,48,499.750000,P1,5,48,400.500000
RH,73,500.125000,P1,1,73,400.875000
RH,72,500.250000,P1,1,72,401.000000
LH,57,500.333333,P1,5,57,401.000000
RH,63,500.333333,P1,5,63,401.000000
RH,73,500.375000,P1,1,73,401.125000
RH,72,500.625000,P1,1,72,401.250000
LH,53,500.666667,P1,5,53,401.500000
RH,72,500.875000,P1,1,72,401.875000
LH,46,501.125000,P1,5,46,402.000000
RH,75,501.375000,P1,1,75,402.375000
RH,73,501.666667,P1,1,73,402.500000
LH,58,501.750000,P1,5,58,402.500000
RH,61,501.750000,P1,5,61,402.500000
RH,75,501.875000,P1,1,75,402.625000
RH,73,502.000000,P1,1,73,402.750000
LH,53,502.125000,P1,5,53,403.000000
LH,49,502.666667,P1,5,49,403.500000
RH,77,503.000000,P1,2,77,403.625000
RH,76,503.250000,P1,2,76,403.750000
LH,58,503.333333,P1,5,58,404.000000
RH,65,503.333333,P1,5,65,404.000000
RH,77,503.375000,P1,2,77,403.875000
RH,76,503.625000,P1,1,76,404.250000
RH,79,504.333333,P1,1,79,404.500000
RH,77,504.625000,P1,1,77,404.750000
RH,75,504.875000,P1,1,75,405.000000
LH,39,505.000000,P1,5,39,405.000000
LH,51,506.000000,P1,5,51,406.000000
LH,51,506.375000,P1,5,51,406.000000
LH,46,506.625000,P1,5,46,406.250000
LH,41,506.875000,P1,5,41,406.500000
RH,68,506.875000,P1,1,68,406.500000
RH,73,506.875000,P1,2,73,406.500000
RH,80,506.875000,P1,1,80,406.500000
LH,44,507.333333,P1,5,44,406.750000
RH,67,507.625000,P1,1,67,407.000000
RH,79,507.625000,P1,1,79,407.000000
LH,56,507.875000,P1,5,56,407.250000
LH,49,508.000000,P1,5,49,407.500000
RH,65,508.000000,P1,1,65,407.500000
RH,77,508.000000,P1,1,77,407.500000
LH,44,508.125000,P1,5,44,407.750000
LH,43,508.500000,P1,5,43,408.000000
RH,63,508.500000,P1,1,63,408.000000
RH,75,508.500000,P1,1,75,408.000000
LH,49,508.875000,P1,5,49,408.250000
LH,51,509.125000,P1,5,51,408.500000
LH,58,509.333333,P1,5,58,408.750000
LH,51,509.500000,P1,5,51,409.000000
LH,49,509.666667,P1,5,49,409.250000
LH,41,510.000000,P1,5,41,409.500000
RH,68,510.000000,P1,1,68,409.500000
RH,73,510.000000,P1,2,73,409.500000
RH,80,510.000000,P1,1,80,409.500000
LH,44,510.500000,P1,5,44,409.750000
RH,67,510.875000,P1,1,67,410.000000
RH,79,510.875000,P1,1,79,410.000000
LH,56,511.125000,P1,5,56,410.250000
LH,49,511.500000,P1,5,49,410.500000
RH,65,511.500000,P1,1,65,410.500000
RH,77,511.500000,P1,1,77,410.500000
LH,44,511.750000,P1,5,44,410.750000
LH,43,512.125000,P1,5,43,411.000000
RH,63,512.125000,P1,1,63,411.000000
RH,75,512.125000,P1,1,75,411.000000
LH,51,512.750000,P1,5,51,411.500000
LH,58,512.875000,P1,5,58,411.750000
LH,51,513.125000,P1,5,51,412.000000
RH,65,513.125000,P1,2,65,412.000000
RH,73,513.125000,P1,1,73,412.000000
RH,77,513.125000,P1,1,77,412.000000
LH,49,513.375000,P1,5,49,412.250000
LH,45,513.750000,P1,5,45,412.500000
RH,60,514.625000,P1,5,60,413.250000
RH,75,514.625000,P1,1,75,413.500000
RH,72,514.666667,P1,1,72,413.500000
LH,53,514.875000,P1,5,53,413.500000
LH,51,515.000000,P1,5,51,413.750000
LH,46,515.250000,P1,5,46,414.000000
RH,65,515.250000,P1,2,65,414.000000
RH,68,515.250000,P1,2,68,414.000000
LH,53,515.625000,P1,5,53,414.250000
LH,56,515.875000,P1,5,56,414.500000
RH,72,515.875000,P1,1,72,414.500000
RH,61,516.000000,P1,5,61,414.750000
LH,56,516.250000,P1,5,56,415.000000
RH,70,516.250000,P1,1,70,415.000000
LH,39,516.875000,P1,5,39,415.500000
RH,61,516.875000,P1,2,61,415.500000
RH,67,516.875000,P1,2,67,415.500000
RH,72,516.875000,P1,1,72,415.500000
LH,46,517.250000,P1,5,46,415.750000
LH,51,517.500000,P1,5,51,416.000000
LH,55,517.750000,P1,5,55,416.250000
RH,73,517.875000,P1,1,73,416.500000
LH,51,518.000000,P1,5,51,416.500000
LH,46,518.125000,P1,5,46,416.750000
LH,41,518.500000,P1,5,41,417.000000
RH,61,518.500000,P1,1,61,417.000000
RH,68,518.500000,P1,1,68,417.000000
RH,73,518.500000,P1,1,73,417.000000
LH,44,518.875000,P1,5,44,417.250000
LH,49,519.125000,P1,5,49,417.500000
LH,53,519.375000,P1,5,53,417.750000
LH,56,519.750000,P1,5,56,418.000000
RH,80,519.750000,P1,1,80,418.000000
RH,92,519.750000,P1,1,92,418.000000
RH,61,520.125000,P1,5,61,418.250000
RH,85,520.500000,P1,2,85,418.500000
RH,61,520.750000,P1,5,61,418.750000
LH,56,521.125000,P1,5,56,419.000000
RH,79,521.125000,P1,1,79,419.000000
RH,91,521.125000,P1,1,91,419.000000
LH,53,521.625000,P1,5,53,419.250000
LH,49,522.000000,P1,5,49,419.500000
RH,77,522.000000,P1,1,77,419.500000
RH,89,522.000000,P1,1,89,419.500000
LH,44,522.250000,P1,5,44,419.750000
LH,43,522.625000,P1,5,43,420.000000
RH,75,522.625000,P1,1,75,420.000000
RH,87,522.625000,P1,1,87,420.000000
LH,49,522.875000,P1,5,49,420.250000
RH,72,523.125000,P1,1,72,420.500000
RH,84,523.125000,P1,1,84,420.500000
LH,51,523.250000,P1,5,51,420.500000
RH,61,523.375000,P1,5,61,420.750000
LH,51,523.625000,P1,5,51,421.000000
RH,70,523.625000,P1,1,70,421.000000
RH,82,523.625000,P1,1,82,421.000000
LH,49,523.750000,P1,5,49,421.250000
LH,41,524.000000,P1,5,41,421.500000
RH,68,524.000000,P1,1,68,421.500000
RH,73,524.000000,P1,2,73,421.500000
RH,80,524.000000,P1,1,80,421.500000
LH,49,524.250000,P1,5,49,421.750000
LH,56,524.500000,P1,5,56,422.000000
RH,67,524.500000,P1,1,67,422.000000
RH,79,524.500000,P1,1,79,422.000000
RH,61,524.750000,P1,5,61,422.250000
LH,56,524.875000,P1,5,56,422.500000
RH,65,524.875000,P1,1,65,422.500000
RH,77,524.875000,P1,1,77,422.500000
LH,49,525.125000,P1,5,49,422.750000
LH,43,525.375000,P1,5,43,423.000000
RH,63,525.375000,P1,1,63,423.000000
RH,75,525.375000,P1,1,75,423.000000
LH,51,525.750000,P1,5,51,423.250000
LH,58,526.000000,P1,5,58,423.500000
RH,65,526.000000,P1,2,65,423.500000
RH,73,526.000000,P1,1,73,423.500000
RH,77,526.000000,P1,1,77,423.500000
RH,61,526.333333,P1,5,61,423.750000
LH,58,526.500000,P1,5,58,424.000000
LH,51,526.750000,P1,5,51,424.250000
LH,45,527.000000,P1,5,45,424.500000
RH,60,528.000000,P1,5,60,425.250000
RH,72,528.000000,P1,1,72,425.500000
RH,75,528.000000,P1,1,75,425.500000
LH,53,528.125000,P1,5,53,425.500000
LH,51,528.250000,P1,5,51,425.750000
LH,46,528.666667,P1,5,46,426.000000
RH,65,528.666667,P1,2,65,426.000000
RH,68,528.666667,P1,2,68,426.000000
LH,53,529.000000,P1,5,53,426.250000
LH,56,529.333333,P1,5,56,426.500000
RH,72,529.333333,P1,1,72,426.500000
RH,61,529.500000,P1,5,61,426.750000
LH,56,529.666667,P1,5,56,427.000000
RH,70,529.750000,P1,1,70,427.000000
LH,39,530.375000,P1,5,39,427.500000
RH,61,530.375000,P1,1,61,427.500000
RH,67,530.375000,P1,1,67,427.500000
RH,72,530.375000,P1,1,72,427.500000
LH,46,530.875000,P1,5,46,427.750000
LH,51,531.250000,P1,5,51,428.000000
LH,55,531.375000,P1,5,55,428.250000
RH,61,531.750000,P1,1,61,428.500000
RH,63,531.750000,P1,1,63,428.500000
LH,46,532.125000,P1,5,46,428.750000
LH,44,532.750000,P1,5,44,429.000000
RH,60,532.750000,P1,1,60,429.000000
RH,68,532.750000,P1,1,68,429.000000
RH,80,534.125000,P1,1,80,430.000000
RH,68,534.875000,P1,1,68,430.500000
RH,80,535.875000,P1,1,80,431.500000
RH,68,536.500000,P1,1,68,432.000000
RH,80,537.500000,P1,1,80,433.000000
RH,68,538.333333,P1,1,68,433.500000
RH,80,539.666667,P1,1,80,434.500000
LH,32,540.750000,P1,5,32,435.000000
RH,68,540.750000,P1,1,68,435.000000
LH,51,542.250000,P1,5,51,436.000000
LH,56,542.250000,P1,5,56,436.000000
RH,61,542.250000,P1,5,61,436.000000
RH,77,542.250000,P1,1,77,436.000000
RH,66,542.375000,P1,1,66,436.000000
LH,44,543.000000,P1,5,44,436.500000
RH,68,543.000000,P1,1,68,436.500000
LH,51,544.000000,P1,5,51,437.500000
LH,56,544.000000,P1,5,56,437.500000
RH,60,544.000000,P1,5,60,437.500000
RH,66,544.000000,P1,1,66,437.500000
RH,75,544.000000,P1,1,75,437.500000
LH,49,544.625000,P1,5,49,438.000000
RH,68,544.625000,P1,1,68,438.000000
LH,56,545.625000,P1,5,56,439.000000
RH,61,545.625000,P1,5,61,439.000000
RH,73,545.625000,P1,1,73,439.000000
RH,65,545.666667,P1,1,65,439.000000
LH,46,546.250000,P1,5,46,439.500000
RH,63,546.750000,P1,1,63,440.000000
RH,72,546.750000,P1,1,72,440.000000
LH,53,547.125000,P1,5,53,440.500000
LH,56,547.125000,P1,5,56,440.500000
RH,61,547.125000,P1,1,61,440.500000
RH,70,547.125000,P1,1,70,440.500000
LH,39,547.750000,P1,5,39,441.000000
RH,63,547.750000,P1,1,63,441.000000
LH,56,548.666667,P1,5,56,442.000000
RH,61,548.666667,P1,1,61,442.000000
RH,72,548.666667,P1,1,72,442.000000
LH,51,548.750000,P1,5,51,442.000000
LH,39,549.333333,P1,5,39,442.500000
RH,63,549.333333,P1,1,63,442.500000
LH,51,550.500000,P1,5,51,443.500000
LH,55,550.500000,P1,5,55,443.500000
RH,61,550.500000,P1,1,61,443.500000
RH,70,550.500000,P1,1,70,443.500000
LH,32,551.125000,P1,5,32,444.000000
RH,63,551.125000,P1,1,63,444.000000
LH,51,552.333333,P1,5,51,445.000000
RH,60,552.333333,P1,1,60,445.000000
RH,68,552.333333,P1,1,68,445.000000
LH,56,552.375000,P1,5,56,445.000000
LH,44,552.875000,P1,7,44,445.500000
LH,52,553.375000,P1,6,52,446.000000
RH,67,553.375000,P1,1,67,446.000000
RH,61,553.500000,P1,1,61,446.000000
LH,51,554.000000,P1,6,51,446.500000
RH,60,554.000000,P1,1,60,446.500000
RH,68,554.000000,P1,1,68,446.500000
LH,44,554.750000,P1,5,44,447.000000
LH,51,555.875000,P1,5,51,448.000000
LH,58,555.875000,P1,5,58,448.000000
RH,66,555.875000,P1,1,66,448.000000
RH,77,555.875000,P1,1,77,448.000000
LH,44,556.500000,P1,5,44,448.500000
RH,68,556.625000,P1,1,68,448.500000
LH,51,557.625000,P1,5,51,449.500000
RH,60,557.625000,P1,5,60,449.500000
RH,66,557.625000,P1,1,66,449.500000
RH,75,557.625000,P1,1,75,449.500000
LH,49,558.250000,P1,5,49,450.000000
RH,68,558.250000,P1,1,68,450.000000
LH,56,559.250000,P1,5,56,451.000000
RH,61,559.250000,P1,5,61,451.000000
RH,65,559.250000,P1,1,65,451.000000
RH,73,559.250000,P1,1,73,451.000000
LH,46,559.750000,P1,5,46,451.500000
RH,63,560.375000,P1,1,63,452.000000
RH,72,560.375000,P1,1,72,452.000000
RH,65,561.000000,P1,5,65,452.500000
RH,70,561.000000,P1,1,70,452.500000
LH,56,561.125000,P1,5,56,452.500000
RH,61,561.125000,P1,1,61,452.500000
LH,39,562.000000,P1,5,39,453.000000
RH,63,562.000000,P1,1,63,453.000000
LH,46,563.250000,P1,5,46,454.000000
LH,53,563.250000,P1,5,53,454.000000
RH,72,563.250000,P1,1,72,454.000000
RH,61,563.333333,P1,1,61,454.000000
LH,39,563.875000,P1,5,39,454.500000
RH,63,563.875000,P1,1,63,454.500000
LH,46,565.000000,P1,5,46,455.500000
LH,55,565.000000,P1,5,55,455.500000
RH,61,565.000000,P1,1,61,455.500000
RH,70,565.000000,P1,1,70,455.500000
LH,32,565.750000,P1,5,32,456.000000
RH,63,565.750000,P1,1,63,456.000000
LH,51,566.875000,P1,5,51,457.000000
LH,56,566.875000,P1,5,56,457.000000
RH,60,566.875000,P1,1,60,457.000000
RH,68,566.875000,P1,1,68,457.000000
LH,44,567.500000,P1,7,44,457.500000
LH,52,568.000000,P1,6,52,458.000000
RH,61,568.000000,P1,1,61,458.000000
RH,67,568.000000,P1,1,67,458.000000
LH,51,568.500000,P1,6,51,458.500000
RH,60,568.500000,P1,1,60,458.500000
RH,68,568.500000,P1,1,68,458.500000
LH,44,569.125000,P1,5,44,459.000000
LH,51,570.250000,P1,5,51,460.000000
LH,56,570.250000,P1,5,56,460.000000
RH,60,570.250000,P1,1,60,460.000000
RH,68,570.250000,P1,1,68,460.000000
LH,44,570.750000,P1,7,44,460.500000
LH,52,571.375000,P1,6,52,461.000000
RH,61,571.375000,P1,1,61,461.000000
RH,67,571.375000,P1,1,67,461.000000
LH,51,572.125000,P1,6,51,461.500000
RH,60,572.250000,P1,1,60,461.500000
RH,68,572.250000,P1,1,68,461.500000
LH,44,572.875000,P1,5,44,462.000000
LH,51,574.000000,P1,5,51,463.000000
LH,56,574.000000,P1,5,56,463.000000
RH,60,574.000000,P1,2,60,463.000000
RH,68,574.000000,P1,1,68,463.000000
LH,44,574.750000,P1,5,44,463.500000
RH,61,574.750000,P1,2,61,463.500000
LH,52,575.875000,P1,5,52,464.500000
LH,56,575.875000,P1,5,56,464.500000
LH,58,575.875000,P1,2,58,464.500000
RH,68,575.875000,P1,1,68,464.500000
LH,44,576.625000,P1,5,44,465.000000
RH,64,576.625000,P1,2,64,465.000000
LH,52,577.875000,P1,5,52,466.000000
LH,58,577.875000,P1,5,58,466.000000
RH,61,577.875000,P1,2,61,466.000000
RH,68,578.000000,P1,1,68,466.000000
LH,44,578.750000,P1,5,44,466.500000
RH,63,578.750000,P1,2,63,466.500000
RH,68,580.500000,P1,1,68,467.500000
LH,37,581.750000,P1,5,37,468.000000
RH,64,581.750000,P1,6,64,468.000000
LH,36,582.625000,P1,5,36,468.500000
LH,37,582.875000,P1,5,37,468.750000
LH,42,583.250000,P1,5,42,469.000000
RH,68,583.250000,P1,1,68,469.000000
LH,56,583.333333,P1,1,56,469.000000
RH,61,583.333333,P1,1,61,469.000000
LH,40,583.666667,P1,5,40,469.250000
LH,39,583.875000,P1,5,39,469.500000
LH,40,584.250000,P1,5,40,469.750000
LH,45,584.375000,P1,5,45,470.000000
LH,44,584.625000,P1,5,44,470.250000
LH,43,584.875000,P1,5,43,470.500000
RH,61,584.875000,P1,1,61,470.500000
RH,64,584.875000,P1,1,64,470.500000
RH,73,584.875000,P1,1,73,470.500000
LH,44,585.125000,P1,5,44,470.750000
LH,51,585.500000,P1,5,51,471.000000
LH,49,585.750000,P1,5,49,471.250000
LH,48,585.875000,P1,5,48,471.500000
RH,61,585.875000,P1,1,61,471.500000
RH,64,585.875000,P1,1,64,471.500000
RH,71,585.875000,P1,1,71,471.500000
LH,49,586.250000,P1,5,49,471.750000
LH,50,586.375000,P1,5,50,472.000000
RH,66,586.375000,P1,1,66,472.000000
RH,69,586.375000,P1,1,69,472.000000
RH,60,586.500000,P1,1,60,472.000000
LH,51,586.666667,P1,5,51,472.250000
LH,52,586.875000,P1,5,52,472.500000
RH,61,586.875000,P1,1,61,472.500000
RH,68,586.875000,P1,1,68,472.500000
LH,53,587.125000,P1,5,53,472.750000
LH,54,587.333333,P1,5,54,473.000000
RH,61,587.333333,P1,1,61,473.000000
RH,64,587.333333,P1,1,64,473.000000
LH,55,587.500000,P1,5,55,473.250000
LH,56,587.750000,P1,5,56,473.500000
RH,61,587.750000,P1,1,61,473.500000
RH,66,587.750000,P1,1,66,473.500000
LH,57,588.000000,P1,5,57,473.750000
LH,49,588.250000,P1,5,49,474.000000
LH,56,588.250000,P1,5,56,474.000000
RH,64,588.250000,P1,1,64,474.000000
RH,68,588.250000,P1,1,68,474.000000
RH,60,588.875000,P1,5,60,474.500000
RH,61,589.000000,P1,5,61,474.750000
RH,64,589.375000,P1,6,64,475.000000
RH,68,589.375000,P1,1,68,475.000000
RH,63,589.500000,P1,5,63,475.000000
RH,61,589.750000,P1,5,61,475.250000
LH,59,590.000000,P1,5,59,475.500000
RH,60,590.333333,P1,5,60,475.750000
RH,62,590.500000,P1,5,62,476.000000
RH,60,590.875000,P1,5,60,476.250000
RH,64,590.875000,P1,1,64,476.500000
RH,68,590.875000,P1,1,68,476.500000
RH,62,591.125000,P1,5,62,476.500000
RH,60,591.250000,P1,5,60,476.750000
LH,58,591.500000,P1,5,58,477.000000
LH,59,591.750000,P1,5,59,477.250000
RH,64,591.875000,P1,1,64,477.500000
RH,68,591.875000,P1,1,68,477.500000
RH,61,592.000000,P1,5,61,477.500000
LH,59,592.250000,P1,5,59,477.750000
RH,61,592.500000,P1,5,61,478.000000
RH,64,592.500000,P1,1,64,478.000000
RH,66,592.500000,P1,1,66,478.000000
RH,69,592.500000,P1,1,69,478.000000
LH,47,593.125000,P1,5,47,478.500000
RH,63,593.125000,P1,1,63,478.500000
RH,69,593.125000,P1,1,69,478.500000
RH,71,593.125000,P1,1,71,478.500000
LH,49,593.750000,P1,5,49,479.000000
RH,64,593.750000,P1,1,64,479.000000
LH,57,593.875000,P1,1,57,479.000000
LH,47,594.125000,P1,5,47,479.250000
LH,49,594.333333,P1,5,49,479.500000
RH,63,594.333333,P1,1,63,479.500000
RH,66,594.333333,P1,1,66,479.500000
LH,57,594.375000,P1,1,57,479.500000
LH,59,594.375000,P1,1,59,479.500000
LH,47,594.625000,P1,5,47,479.750000
LH,40,595.125000,P1,5,40,480.000000
LH,56,595.125000,P1,1,56,480.000000
RH,64,595.125000,P1,1,64,480.000000
RH,68,595.125000,P1,1,68,480.000000
LH,45,595.750000,P1,5,45,480.500000
LH,44,596.000000,P1,5,44,480.750000
LH,39,596.375000,P1,5,39,481.000000
LH,56,596.375000,P1,1,56,481.000000
RH,60,596.375000,P1,1,60,481.000000
RH,66,596.375000,P1,1,66,481.000000
RH,68,596.375000,P1,1,68,481.000000
LH,44,596.666667,P1,5,44,481.250000
LH,37,597.000000,P1,5,37,481.500000
LH,44,597.333333,P1,5,44,481.750000
LH,43,597.500000,P1,5,43,482.000000
LH,44,597.750000,P1,5,44,482.250000
LH,51,598.000000,P1,5,51,482.500000
LH,56,598.000000,P1,1,56,482.500000
RH,61,598.000000,P1,1,61,482.500000
RH,64,598.000000,P1,1,64,482.500000
RH,68,598.000000,P1,1,68,482.500000
LH,49,598.333333,P1,5,49,482.750000
LH,48,598.500000,P1,5,48,483.000000
LH,49,598.750000,P1,5,49,483.250000
LH,54,598.875000,P1,5,54,483.500000
LH,52,599.125000,P1,5,52,483.750000
RH,64,599.333333,P1,1,64,484.000000
RH,73,599.333333,P1,1,73,484.000000
LH,51,599.375000,P1,5,51,484.000000
RH,61,599.375000,P1,1,61,484.000000
LH,52,599.750000,P1,5,52,484.250000
LH,57,599.875000,P1,5,57,484.500000
LH,56,600.125000,P1,5,56,484.750000
LH,55,600.375000,P1,5,55,485.000000
RH,61,600.375000,P1,1,61,485.000000
RH,64,600.375000,P1,1,64,485.000000
RH,71,600.375000,P1,1,71,485.000000
LH,56,600.625000,P1,5,56,485.250000
RH,63,600.875000,P1,5,63,485.500000
RH,64,600.875000,P1,1,64,485.500000
RH,69,600.875000,P1,1,69,485.500000
RH,61,601.125000,P1,5,61,485.750000
RH,60,601.375000,P1,5,60,486.000000
RH,68,601.375000,P1,1,68,486.000000
RH,61,601.625000,P1,5,61,486.250000
RH,62,601.875000,P1,5,62,486.500000
RH,68,601.875000,P1,1,68,486.500000
RH,63,602.125000,P1,5,63,486.750000
RH,66,602.500000,P1,5,66,487.000000
RH,68,602.500000,P1,1,68,487.000000
RH,70,602.500000,P1,1,70,487.000000
RH,64,602.750000,P1,5,64,487.250000
RH,62,603.250000,P1,5,62,487.500000
RH,68,603.250000,P1,1,68,487.500000
RH,71,603.250000,P1,1,71,487.500000
RH,63,603.625000,P1,5,63,487.750000
RH,64,603.875000,P1,5,64,488.000000
RH,63,604.000000,P1,5,63,488.250000
RH,64,604.333333,P1,1,64,488.500000
RH,68,604.333333,P1,1,68,488.500000
RH,76,604.333333,P1,1,76,488.500000
RH,61,604.375000,P1,5,61,488.500000
LH,56,604.666667,P1,5,56,488.750000
LH,58,605.000000,P1,5,58,489.000000
RH,63,605.000000,P1,1,63,489.000000
RH,75,605.000000,P1,1,75,489.000000
LH,59,605.375000,P1,5,59,489.250000
RH,61,605.625000,P1,5,61,489.500000
LH,59,605.875000,P1,5,59,489.750000
RH,71,606.125000,P1,1,71,490.000000
RH,75,606.125000,P1,1,75,490.000000
RH,63,606.250000,P1,1,63,490.000000
RH,68,606.250000,P1,1,68,490.000000
LH,47,606.500000,P1,5,47,490.250000
LH,51,606.875000,P1,5,51,490.500000
RH,70,606.875000,P1,1,70,490.500000
LH,52,607.625000,P1,5,52,491.000000
LH,51,607.875000,P1,5,51,491.250000
LH,52,608.125000,P1,5,52,491.500000
RH,61,608.125000,P1,1,61,491.500000
RH,75,608.125000,P1,1,75,491.500000
RH,63,608.250000,P1,1,63,491.500000
RH,70,608.250000,P1,1,70,491.500000
LH,51,608.500000,P1,5,51,491.750000
LH,44,609.000000,P1,5,44,492.000000
RH,80,609.000000,P1,1,80,492.000000
RH,68,609.333333,P1,1,68,492.250000
RH,80,609.625000,P1,1,80,492.500000
RH,80,609.875000,P1,1,80,492.750000
RH,63,610.250000,P1,5,63,493.000000
RH,92,610.250000,P1,1,92,493.000000
LH,54,610.333333,P1,5,54,493.000000
LH,56,610.333333,P1,5,56,493.000000
RH,80,610.625000,P1,1,80,493.250000
RH,80,610.875000,P1,1,80,493.500000
RH,68,611.125000,P1,1,68,493.750000
RH,80,611.333333,P1,1,80,494.000000
RH,80,611.625000,P1,1,80,494.250000
RH,61,611.750000,P1,5,61,494.500000
RH,92,611.750000,P1,1,92,494.500000
LH,52,611.875000,P1,5,52,494.500000
LH,56,611.875000,P1,5,56,494.500000
RH,80,612.125000,P1,1,80,494.750000
RH,80,612.333333,P1,1,80,495.000000
RH,68,612.500000,P1,1,68,495.250000
RH,80,612.750000,P1,1,80,495.500000
RH,80,613.000000,P1,1,80,495.750000
LH,51,613.250000,P1,5,51,496.000000
LH,54,613.250000,P1,5,54,496.000000
LH,59,613.250000,P1,5,59,496.000000
RH,92,613.250000,P1,1,92,496.000000
RH,80,613.500000,P1,1,80,496.250000
LH,49,613.875000,P1,6,49,496.500000
LH,57,613.875000,P1,5,57,496.500000
RH,80,613.875000,P1,1,80,496.500000
RH,68,614.125000,P1,1,68,496.750000
LH,52,614.333333,P1,5,52,497.000000
RH,80,614.333333,P1,1,80,497.000000
RH,80,614.500000,P1,1,80,497.250000
LH,54,614.750000,P1,5,54,497.500000
RH,92,614.750000,P1,1,92,497.500000
RH,80,615.000000,P1,1,80,497.750000
LH,44,615.375000,P1,5,44,498.000000
LH,48,615.375000,P1,5,48,498.000000
LH,56,615.375000,P1,5,56,498.000000
RH,80,615.375000,P1,1,80,498.000000
RH,68,615.625000,P1,1,68,498.250000
RH,80,615.875000,P1,1,80,498.500000
RH,80,616.125000,P1,1,80,498.750000
LH,54,616.375000,P1,5,54,499.000000
RH,63,616.375000,P1,5,63,499.000000
RH,92,616.375000,P1,1,92,499.000000
LH,56,616.500000,P1,5,56,499.000000
RH,80,616.666667,P1,1,80,499.250000
RH,80,617.000000,P1,1,80,499.500000
RH,68,617.125000,P1,1,68,499.750000
RH,80,617.375000,P1,1,80,500.000000
RH,80,617.625000,P1,1,80,500.250000
LH,52,617.875000,P1,5,52,500.500000
LH,56,617.875000,P1,5,56,500.500000
RH,61,617.875000,P1,5,61,500.500000
RH,92,617.875000,P1,1,92,500.500000
RH,80,618.125000,P1,1,80,500.750000
RH,80,618.375000,P1,1,80,501.000000
RH,68,618.625000,P1,1,68,501.250000
RH,80,618.750000,P1,1,80,501.500000
RH,80,619.000000,P1,1,80,501.750000
LH,51,619.250000,P1,5,51,502.000000
LH,54,619.250000,P1,5,54,502.000000
LH,59,619.250000,P1,5,59,502.000000
RH,92,619.250000,P1,1,92,502.000000
RH,80,619.500000,P1,1,80,502.250000
LH,49,619.875000,P1,6,49,502.500000
LH,57,619.875000,P1,5,57,502.500000
RH,80,619.875000,P1,1,80,502.500000
RH,68,620.125000,P1,1,68,502.750000
RH,80,620.333333,P1,1,80,503.000000
LH,52,620.375000,P1,5,52,503.000000
RH,80,620.500000,P1,1,80,503.250000
LH,54,620.750000,P1,5,54,503.500000
RH,92,620.750000,P1,1,92,503.500000
RH,80,621.000000,P1,1,80,503.750000
LH,32,621.333333,P1,5,32,504.000000
LH,44,621.333333,P1,5,44,504.000000
RH,80,621.333333,P1,1,80,504.000000
RH,68,621.625000,P1,1,68,504.250000
RH,80,621.875000,P1,1,80,504.500000
RH,80,622.125000,P1,1,80,504.750000
LH,48,622.333333,P1,5,48,505.000000
LH,51,622.333333,P1,5,51,505.000000
LH,56,622.333333,P1,5,56,505.000000
RH,92,622.333333,P1,1,92,505.000000
RH,80,622.625000,P1,1,80,505.250000
RH,80,622.875000,P1,1,80,505.500000
RH,68,623.125000,P1,1,68,505.750000
RH,80,623.333333,P1,1,80,506.000000
RH,80,623.500000,P1,1,80,506.250000
LH,49,623.750000,P1,5,49,506.500000
LH,52,623.750000,P1,5,52,506.500000
LH,58,623.750000,P1,5,58,506.500000
RH,92,623.750000,P1,1,92,506.500000
RH,80,624.000000,P1,1,80,506.750000
RH,80,624.250000,P1,1,80,507.000000
RH,68,624.500000,P1,1,68,507.250000
RH,80,624.666667,P1,1,80,507.500000
RH,80,624.875000,P1,1,80,507.750000
LH,52,625.125000,P1,5,52,508.000000
LH,56,625.125000,P1,5,56,508.000000
RH,61,625.125000,P1,5,61,508.000000
RH,92,625.125000,P1,1,92,508.000000
RH,80,625.375000,P1,1,80,508.250000
RH,80,625.625000,P1,1,80,508.500000
RH,68,625.875000,P1,1,68,508.750000
RH,80,626.000000,P1,1,80,509.000000
RH,80,626.250000,P1,1,80,509.250000
LH,51,626.500000,P1,5,51,509.500000
LH,56,626.500000,P1,5,56,509.500000
RH,60,626.500000,P1,5,60,509.500000
RH,92,626.500000,P1,1,92,509.500000
RH,80,626.750000,P1,1,80,509.750000
LH,44,627.000000,P1,5,44,510.000000
RH,80,627.000000,P1,1,80,510.000000
RH,68,627.250000,P1,1,68,510.250000
RH,80,627.500000,P1,1,80,510.500000
RH,80,627.750000,P1,1,80,510.750000
LH,49,627.875000,P1,5,49,511.000000
LH,56,627.875000,P1,5,56,511.000000
LH,58,627.875000,P1,5,58,511.000000
RH,92,627.875000,P1,1,92,511.000000
RH,80,628.125000,P1,1,80,511.250000
LH,44,628.375000,P1,5,44,511.500000
RH,80,628.375000,P1,1,80,511.500000
RH,68,628.666667,P1,1,68,511.750000
RH,80,628.875000,P1,1,80,512.000000
RH,80,629.125000,P1,1,80,512.250000
LH,51,629.375000,P1,5,51,512.500000
LH,56,629.375000,P1,5,56,512.500000
RH,60,629.375000,P1,5,60,512.500000
RH,92,629.375000,P1,1,92,512.500000
RH,80,629.625000,P1,1,80,512.750000
LH,44,629.875000,P1,5,44,513.000000
RH,80,629.875000,P1,1,80,513.000000
RH,68,630.125000,P1,1,68,513.250000
RH,80,630.375000,P1,1,80,513.500000
RH,80,630.666667,P1,1,80,513.750000
LH,54,630.875000,P1,5,54,514.000000
LH,56,630.875000,P1,5,56,514.000000
RH,60,630.875000,P1,5,60,514.000000
RH,64,630.875000,P1,5,64,514.000000
RH,92,630.875000,P1,1,92,514.000000
RH,80,631.125000,P1,1,80,514.250000
LH,32,631.500000,P1,5,32,514.500000
LH,44,631.500000,P1,5,44,514.500000
RH,80,631.500000,P1,1,80,514.500000
RH,68,631.875000,P1,1,68,514.750000
RH,80,632.125000,P1,1,80,515.000000
RH,80,632.500000,P1,1,80,515.250000
LH,54,632.750000,P1,5,54,515.500000
LH,56,632.750000,P1,5,56,515.500000
RH,60,632.750000,P1,5,60,515.500000
RH,63,632.750000,P1,5,63,515.500000
RH,92,632.750000,P1,1,92,515.500000
LH,37,633.625000,P1,5,37,516.000000
LH,49,633.625000,P1,5,49,516.000000
RH,73,633.625000,P1,1,73,516.000000
RH,76,633.625000,P1,1,76,516.000000
RH,80,633.625000,P1,1,80,516.000000
RH,68,634.000000,P1,1,68,516.250000
RH,73,634.250000,P1,1,73,516.500000
RH,76,634.250000,P1,1,76,516.500000
RH,80,634.250000,P1,1,80,516.500000
RH,80,634.500000,P1,1,80,516.750000
LH,52,634.625000,P1,5,52,517.000000
LH,56,634.625000,P1,5,56,517.000000
RH,61,634.625000,P1,5,61,517.000000
RH,88,634.625000,P1,1,88,517.000000
RH,92,634.625000,P1,1,92,517.000000
RH,85,634.666667,P1,1,85,517.000000
RH,80,634.875000,P1,1,80,517.250000
LH,37,635.125000,P1,5,37,517.500000
LH,49,635.125000,P1,5,49,517.500000
RH,73,635.125000,P1,1,73,517.500000
RH,76,635.125000,P1,1,76,517.500000
RH,80,635.125000,P1,1,80,517.500000
RH,68,635.375000,P1,1,68,517.750000
RH,73,635.625000,P1,1,73,518.000000
RH,80,635.625000,P1,1,80,518.000000
RH,76,635.666667,P1,1,76,518.000000
RH,85,635.875000,P1,1,85,518.250000
RH,61,636.125000,P1,5,61,518.500000
RH,64,636.125000,P1,5,64,518.500000
RH,68,636.125000,P1,5,68,518.500000
RH,73,636.125000,P1,5,73,518.500000
RH,88,636.125000,P1,1,88,518.500000
RH,97,636.125000,P1,1,97,518.500000
RH,85,636.375000,P1,1,85,518.750000
LH,49,636.750000,P1,5,49,519.000000
RH,61,636.750000,P1,5,61,519.000000
RH,93,636.750000,P1,1,93,519.000000
RH,97,636.750000,P1,1,97,519.000000
RH,85,637.125000,P1,1,85,519.250000
RH,92,637.375000,P1,1,92,519.500000
RH,95,637.375000,P1,1,95,519.500000
RH,83,637.666667,P1,1,83,519.750000
RH,61,637.875000,P1,5,61,520.000000
RH,66,637.875000,P1,5,66,520.000000
RH,69,637.875000,P1,5,69,520.000000
RH,73,637.875000,P1,5,73,520.000000
RH,90,637.875000,P1,1,90,520.000000
RH,93,637.875000,P1,1,93,520.000000
RH,81,638.125000,P1,1,81,520.250000
LH,49,638.250000,P1,5,49,520.500000
RH,61,638.250000,P1,5,61,520.500000
RH,88,638.250000,P1,1,88,520.500000
RH,92,638.250000,P1,1,92,520.500000
RH,80,638.500000,P1,1,80,520.750000
RH,85,638.750000,P1,1,85,521.000000
RH,88,638.750000,P1,1,88,521.000000
RH,76,639.000000,P1,1,76,521.250000
LH,56,639.125000,P1,5,56,521.500000
RH,61,639.125000,P1,5,61,521.500000
RH,64,639.125000,P1,5,64,521.500000
RH,68,639.125000,P1,5,68,521.500000
RH,87,639.125000,P1,1,87,521.500000
RH,90,639.125000,P1,1,90,521.500000
RH,78,639.375000,P1,1,78,521.750000
LH,37,639.666667,P1,5,37,522.000000
LH,49,639.666667,P1,5,49,522.000000
RH,85,639.666667,P1,1,85,522.000000
RH,88,639.666667,P1,1,88,522.000000
RH,92,639.666667,P1,1,92,522.000000
RH,80,639.875000,P1,1,80,522.250000
RH,76,640.125000,P1,1,76,522.500000
RH,80,640.125000,P1,1,80,522.500000
RH,73,640.250000,P1,1,73,522.500000
LH,52,640.500000,P1,5,52,523.000000
RH,61,640.500000,P1,5,61,523.000000
RH,64,640.500000,P1,5,64,523.000000
RH,80,640.500000,P1,1,80,523.000000
RH,80,640.750000,P1,1,80,523.250000
LH,36,641.000000,P1,5,36,523.500000
LH,48,641.000000,P1,5,48,523.500000
RH,88,641.000000,P1,1,88,523.500000
RH,92,641.000000,P1,1,92,523.500000
RH,76,641.500000,P1,1,76,524.000000
RH,80,641.500000,P1,1,80,524.000000
RH,68,641.750000,P1,1,68,524.250000
RH,64,641.875000,P1,5,64,524.500000
RH,76,641.875000,P1,1,76,524.500000
RH,80,642.000000,P1,1,80,524.500000
RH,80,642.250000,P1,1,80,524.750000
LH,35,642.625000,P1,5,35,525.000000
LH,47,642.625000,P1,5,47,525.000000
RH,88,642.625000,P1,1,88,525.000000
RH,92,642.625000,P1,1,92,525.000000
RH,80,642.875000,P1,1,80,525.250000
RH,76,643.125000,P1,1,76,525.500000
RH,80,643.125000,P1,1,80,525.500000
RH,68,643.375000,P1,1,68,525.750000
LH,56,643.625000,P1,5,56,526.000000
RH,78,643.625000,P1,1,78,526.000000
RH,81,643.625000,P1,1,81,526.000000
RH,69,643.875000,P1,1,69,526.250000
LH,35,644.125000,P1,5,35,526.500000
LH,47,644.125000,P1,5,47,526.500000
RH,80,644.125000,P1,1,80,526.500000
RH,83,644.125000,P1,1,83,526.500000
RH,71,644.375000,P1,1,71,526.750000
RH,68,644.666667,P1,1,68,527.000000
RH,76,644.666667,P1,1,76,527.000000
RH,64,644.875000,P1,1,64,527.250000
RH,69,645.125000,P1,1,69,527.500000
RH,78,645.125000,P1,1,78,527.500000
LH,59,645.333333,P1,5,59,527.500000
RH,66,645.375000,P1,1,66,527.750000
LH,40,645.750000,P1,5,40,528.000000
LH,52,645.750000,P1,5,52,528.000000
RH,71,645.750000,P1,1,71,528.000000
RH,76,645.750000,P1,1,76,528.000000
RH,80,645.750000,P1,1,80,528.000000
RH,68,646.000000,P1,1,68,528.250000
RH,71,646.250000,P1,1,71,528.500000
RH,80,646.250000,P1,1,80,528.500000
RH,80,646.500000,P1,1,80,528.750000
LH,52,646.625000,P1,5,52,529.000000
LH,56,646.625000,P1,5,56,529.000000
LH,59,646.625000,P1,5,59,529.000000
RH,64,646.625000,P1,5,64,529.000000
RH,92,646.625000,P1,1,92,529.000000
RH,83,646.666667,P1,1,83,529.000000
RH,80,646.875000,P1,1,80,529.250000
RH,88,646.875000,P1,1,88,529.000000
LH,39,647.125000,P1,5,39,529.500000
LH,51,647.125000,P1,5,51,529.500000
RH,72,647.125000,P1,1,72,529.500000
RH,76,647.125000,P1,1,76,529.500000
RH,80,647.125000,P1,1,80,529.500000
RH,68,647.375000,P1,1,68,529.750000
RH,72,647.625000,P1,1,72,530.000000
RH,80,647.625000,P1,1,80,530.000000
RH,80,647.875000,P1,1,80,530.250000
LH,52,648.000000,P1,5,52,530.500000
LH,56,648.000000,P1,5,56,530.500000
RH,60,648.000000,P1,5,60,530.500000
RH,64,648.000000,P1,5,64,530.500000
RH,84,648.000000,P1,1,84,530.500000
RH,92,648.000000,P1,1,92,530.500000
RH,80,648.250000,P1,1,80,530.750000
LH,37,648.500000,P1,5,37,531.000000
LH,49,648.500000,P1,5,49,531.000000
RH,76,648.500000,P1,1,76,531.000000
RH,80,648.500000,P1,1,80,531.000000
RH,73,648.625000,P1,1,73,531.000000
RH,68,648.875000,P1,1,68,531.250000
RH,80,649.000000,P1,1,80,531.500000
RH,85,649.333333,P1,1,85,531.750000
RH,88,649.625000,P1,1,88,532.000000
RH,97,649.625000,P1,1,97,532.000000
RH,85,649.875000,P1,1,85,532.250000
LH,49,650.250000,P1,5,49,532.500000
RH,61,650.250000,P1,5,61,532.500000
RH,93,650.250000,P1,1,93,532.500000
RH,97,650.250000,P1,1,97,532.500000
RH,85,650.500000,P1,1,85,532.750000
RH,92,650.875000,P1,1,92,533.000000
RH,95,650.875000,P1,1,95,533.000000
RH,83,651.000000,P1,1,83,533.250000
RH,90,651.250000,P1,1,90,533.500000
RH,93,651.250000,P1,1,93,533.500000
RH,81,651.500000,P1,1,81,533.750000
LH,49,651.750000,P1,5,49,534.000000
RH,61,651.750000,P1,5,61,534.000000
RH,88,651.750000,P1,1,88,534.000000
RH,92,651.750000,P1,1,92,534.000000
RH,80,652.000000,P1,1,80,534.250000
RH,64,652.250000,P1,5,64,534.500000
RH,73,652.250000,P1,5,73,534.500000
RH,88,652.250000,P1,1,88,534.500000
RH,92,652.250000,P1,1,92,534.500000
RH,80,652.500000,P1,1,80,534.750000
LH,54,652.750000,P1,5,54,535.000000
RH,66,652.750000,P1,5,66,535.000000
RH,88,652.750000,P1,1,88,535.000000
RH,94,652.750000,P1,1,94,535.000000
RH,82,653.000000,P1,1,82,535.250000
LH,47,653.333333,P1,5,47,535.500000
LH,59,653.333333,P1,5,59,535.500000
RH,88,653.333333,P1,1,88,535.500000
RH,95,653.333333,P1,1,95,535.500000
RH,83,653.625000,P1,1,83,535.750000
RH,63,653.875000,P1,5,63,536.000000
RH,71,653.875000,P1,5,71,536.000000
RH,87,653.875000,P1,1,87,536.000000
RH,90,653.875000,P1,1,90,536.000000
RH,78,654.000000,P1,1,78,536.250000
LH,52,654.250000,P1,5,52,536.500000
RH,64,654.250000,P1,5,64,536.500000
RH,86,654.250000,P1,1,86,536.500000
RH,92,654.250000,P1,1,92,536.500000
RH,80,654.500000,P1,1,80,536.750000
LH,45,654.750000,P1,5,45,537.000000
LH,57,654.750000,P1,5,57,537.000000
RH,86,654.750000,P1,1,86,537.000000
RH,93,654.750000,P1,1,93,537.000000
RH,81,654.875000,P1,1,81,537.250000
RH,61,655.125000,P1,5,61,537.500000
RH,69,655.125000,P1,5,69,537.500000
RH,85,655.125000,P1,1,85,537.500000
RH,88,655.125000,P1,1,88,537.500000
RH,76,655.333333,P1,1,76,537.750000
LH,51,655.625000,P1,5,51,538.000000
RH,63,655.625000,P1,5,63,538.000000
RH,85,655.625000,P1,1,85,538.000000
RH,90,655.625000,P1,1,90,538.000000
RH,78,655.750000,P1,1,78,538.250000
LH,44,656.000000,P1,5,44,538.500000
LH,56,656.000000,P1,5,56,538.500000
RH,85,656.000000,P1,1,85,538.500000
RH,92,656.000000,P1,1,92,538.500000
RH,60,656.375000,P1,5,60,539.000000
RH,68,656.375000,P1,5,68,539.000000
RH,87,656.375000,P1,1,87,539.000000
RH,75,656.625000,P1,1,75,539.250000
LH,49,656.750000,P1,5,49,539.500000
RH,61,656.750000,P1,5,61,539.500000
RH,83,656.750000,P1,1,83,539.500000
RH,89,656.750000,P1,1,89,539.500000
RH,77,656.875000,P1,1,77,539.750000
LH,42,657.125000,P1,5,42,540.000000
LH,54,657.125000,P1,5,54,540.000000
RH,83,657.125000,P1,1,83,540.000000
RH,90,657.125000,P1,1,90,540.000000
RH,78,657.375000,P1,1,78,540.250000
LH,58,657.625000,P1,5,58,540.500000
RH,66,657.625000,P1,5,66,540.500000
RH,82,657.625000,P1,1,82,540.500000
RH,85,657.625000,P1,1,85,540.500000
RH,73,657.750000,P1,1,73,540.750000
LH,47,658.000000,P1,5,47,541.000000
LH,59,658.000000,P1,5,59,541.000000
RH,81,658.000000,P1,1,81,541.000000
RH,87,658.000000,P1,1,87,541.000000
RH,75,658.125000,P1,1,75,541.250000
LH,40,658.375000,P1,5,40,541.500000
LH,52,658.375000,P1,5,52,541.500000
RH,81,658.375000,P1,1,81,541.500000
RH,88,658.375000,P1,1,88,541.500000
RH,76,658.625000,P1,1,76,541.750000
LH,56,658.750000,P1,5,56,542.000000
RH,64,658.750000,P1,5,64,542.000000
RH,80,658.750000,P1,1,80,542.000000
RH,83,658.750000,P1,1,83,542.000000
RH,71,659.000000,P1,1,71,542.250000
LH,46,659.250000,P1,5,46,542.500000
LH,58,659.250000,P1,5,58,542.500000
RH,80,659.250000,P1,1,80,542.500000
RH,85,659.250000,P1,1,85,542.500000
RH,73,659.375000,P1,1,73,542.750000
LH,39,659.625000,P1,5,39,543.000000
LH,51,659.625000,P1,5,51,543.000000
RH,80,659.625000,P1,1,80,543.000000
RH,87,659.625000,P1,1,87,543.000000
LH,55,660.000000,P1,5,55,543.500000
RH,63,660.000000,P1,5,63,543.500000
RH,79,660.000000,P1,1,79,543.500000
RH,82,660.000000,P1,1,82,543.500000
LH,44,660.500000,P1,5,44,544.000000
LH,56,660.500000,P1,5,56,544.000000
RH,78,660.500000,P1,1,78,544.000000
RH,84,660.500000,P1,1,84,544.000000
RH,72,660.625000,P1,1,72,544.250000
LH,37,660.875000,P1,5,37,544.500000
LH,49,660.875000,P1,5,49,544.500000
RH,78,660.875000,P1,1,78,544.500000
RH,85,660.875000,P1,1,85,544.500000
RH,73,661.000000,P1,1,73,544.750000
LH,53,661.250000,P1,5,53,545.000000
RH,61,661.250000,P1,5,61,545.000000
RH,77,661.250000,P1,1,77,545.000000
RH,80,661.250000,P1,1,80,545.000000
RH,68,661.500000,P1,1,68,545.250000
LH,42,661.750000,P1,5,42,545.500000
LH,54,661.750000,P1,5,54,545.500000
RH,76,661.750000,P1,1,76,545.500000
RH,82,661.750000,P1,1,82,545.500000
LH,35,662.500000,P1,5,35,546.000000
LH,47,662.500000,P1,5,47,546.000000
RH,71,662.500000,P1,1,71,546.000000
RH,75,662.500000,P1,1,75,546.000000
RH,83,662.500000,P1,1,83,546.000000
LH,59,663.625000,P1,1,59,547.000000
LH,34,664.125000,P1,5,34,547.500000
LH,35,665.000000,P1,5,35,548.250000
LH,59,665.125000,P1,1,59,548.500000
LH,34,665.625000,P1,5,34,549.000000
LH,35,666.500000,P1,5,35,549.750000
LH,59,666.500000,P1,1,59,550.000000
LH,34,667.000000,P1,5,34,550.500000
LH,59,668.000000,P1,1,59,551.500000
LH,34,668.666667,P1,5,34,552.000000
LH,35,669.125000,P1,5,35,552.250000
LH,47,669.375000,P1,5,47,552.500000
LH,35,669.750000,P1,5,35,552.750000
RH,68,669.750000,P1,1,68,553.000000
LH,57,669.875000,P1,1,57,553.000000
RH,63,669.875000,P1,1,63,553.000000
LH,34,670.500000,P1,5,34,553.500000
LH,59,670.500000,P1,1,59,553.500000
LH,57,671.500000,P1,1,57,554.500000
RH,63,671.500000,P1,1,63,554.500000
RH,66,671.500000,P1,1,66,554.500000
LH,34,672.000000,P1,5,34,555.000000
LH,59,672.000000,P1,1,59,555.000000
LH,35,672.375000,P1,5,35,555.250000
LH,47,672.666667,P1,5,47,555.500000
LH,35,673.000000,P1,5,35,555.750000
RH,64,673.000000,P1,1,64,556.000000
LH,47,673.125000,P1,5,47,556.000000
LH,56,673.125000,P1,2,56,556.000000
LH,34,673.625000,P1,5,34,556.500000
RH,64,673.625000,P1,1,64,556.500000
LH,35,674.000000,P1,5,35,556.750000
RH,63,674.125000,P1,1,63,557.000000
LH,47,674.250000,P1,5,47,557.000000
RH,61,674.500000,P1,1,61,557.500000
LH,34,675.125000,P1,5,34,558.000000
LH,55,675.125000,P1,2,55,558.000000
LH,35,675.625000,P1,5,35,558.250000
RH,63,676.125000,P1,1,63,559.000000
LH,52,676.250000,P1,2,52,559.000000
LH,34,676.750000,P1,5,34,559.500000
LH,55,676.750000,P1,2,55,559.500000
LH,35,677.125000,P1,5,35,559.750000
LH,47,677.375000,P1,5,47,560.000000
LH,52,677.750000,P1,2,52,560.500000
RH,61,677.750000,P1,1,61,560.500000
LH,34,678.333333,P1,5,34,561.000000
LH,55,678.333333,P1,2,55,561.000000
LH,35,678.500000,P1,5,35,561.250000
LH,47,678.875000,P1,5,47,561.500000
LH,35,679.125000,P1,5,35,561.750000
LH,59,679.333333,P1,1,59,562.000000
LH,35,679.500000,P1,5,35,562.250000
LH,34,679.875000,P1,5,34,562.500000
LH,47,680.375000,P1,5,47,563.000000
LH,54,680.375000,P1,2,54,563.000000
LH,57,680.375000,P1,2,57,563.000000
LH,52,681.000000,P1,2,52,563.500000
LH,55,681.000000,P1,2,55,563.500000
LH,35,681.750000,P1,5,35,564.000000
LH,47,681.750000,P1,2,47,564.000000
LH,54,681.750000,P1,2,54,564.000000
LH,42,682.125000,P1,5,42,564.250000
LH,54,682.375000,P1,5,54,564.500000
LH,42,682.625000,P1,5,42,564.750000
LH,54,682.666667,P1,5,54,565.000000
RH,61,682.750000,P1,1,61,565.000000
LH,42,682.875000,P1,5,42,565.250000
LH,35,683.250000,P1,5,35,565.500000
LH,57,683.250000,P1,1,57,565.500000
RH,63,683.250000,P1,1,63,565.500000
LH,45,683.500000,P1,5,45,565.750000
RH,64,683.750000,P1,1,64,566.000000
LH,45,683.875000,P1,5,45,566.250000
LH,57,683.875000,P1,5,57,566.000000
LH,57,684.125000,P1,5,57,566.500000
RH,66,684.250000,P1,1,66,566.500000
LH,35,684.750000,P1,5,35,567.000000
LH,56,684.750000,P1,2,56,567.000000
RH,64,684.750000,P1,1,64,567.000000
RH,68,684.750000,P1,1,68,567.000000
LH,44,685.125000,P1,5,44,567.250000
LH,56,685.375000,P1,5,56,567.500000
LH,44,685.875000,P1,5,44,567.750000
LH,35,686.750000,P1,5,35,568.500000
LH,55,687.875000,P1,5,55,569.500000
LH,43,688.125000,P1,5,43,569.750000
LH,35,688.333333,P1,5,35,570.000000
LH,43,688.625000,P1,5,43,570.250000
LH,55,688.875000,P1,5,55,570.500000
LH,43,689.000000,P1,5,43,570.750000
LH,55,689.125000,P1,5,55,571.000000
RH,64,689.250000,P1,1,64,571.000000
RH,71,689.250000,P1,1,71,571.000000
LH,43,689.333333,P1,5,43,571.250000
LH,59,689.333333,P1,1,59,571.000000
LH,35,689.750000,P1,5,35,571.500000
LH,43,690.000000,P1,5,43,571.750000
LH,55,690.250000,P1,5,55,572.000000
LH,43,690.333333,P1,5,43,572.250000
RH,61,690.666667,P1,1,61,572.500000
LH,35,691.125000,P1,5,35,573.000000
RH,61,691.250000,P1,1,61,573.000000
RH,63,691.250000,P1,2,63,573.000000
RH,73,691.250000,P1,1,73,573.000000
LH,42,691.625000,P1,5,42,573.250000
LH,54,691.875000,P1,5,54,573.500000
LH,53,692.125000,P1,5,53,573.750000
LH,59,692.250000,P1,1,59,574.000000
RH,71,692.250000,P1,1,71,574.000000
LH,52,692.333333,P1,5,52,574.000000
LH,51,692.500000,P1,5,51,574.250000
LH,50,692.666667,P1,5,50,574.500000
LH,49,692.875000,P1,5,49,574.750000
LH,48,693.125000,P1,5,48,575.000000
LH,47,693.333333,P1,5,47,575.250000
LH,46,693.500000,P1,5,46,575.500000
RH,60,693.500000,P1,1,60,575.500000
LH,45,693.875000,P1,5,45,575.750000
LH,44,694.000000,P1,5,44,576.000000
LH,43,694.250000,P1,5,43,576.250000
LH,42,694.500000,P1,5,42,576.500000
LH,41,694.750000,P1,5,41,576.750000
LH,40,695.000000,P1,5,40,577.000000
LH,58,695.000000,P1,1,58,577.000000
RH,69,695.000000,P1,1,69,577.000000
LH,39,695.250000,P1,5,39,577.250000
LH,38,695.500000,P1,5,38,577.500000
RH,60,695.500000,P1,1,60,577.500000
LH,37,695.875000,P1,5,37,577.750000
LH,36,696.125000,P1,5,36,578.000000
LH,35,696.250000,P1,5,35,578.250000
RH,67,696.500000,P1,1,67,578.500000
LH,58,696.625000,P1,1,58,578.500000
LH,38,696.666667,P1,5,38,578.500000
LH,36,696.875000,P1,5,36,578.750000
RH,60,697.125000,P1,1,60,579.000000
LH,35,697.250000,P1,5,35,579.000000
LH,36,697.500000,P1,5,36,579.250000
LH,48,697.750000,P1,5,48,579.500000
LH,36,698.000000,P1,5,36,579.750000
LH,48,698.125000,P1,5,48,580.000000
RH,65,698.125000,P1,1,65,580.000000
LH,57,698.250000,P1,2,57,580.000000
LH,36,698.500000,P1,5,36,580.250000
LH,35,698.750000,P1,5,35,580.500000
LH,36,699.000000,P1,5,36,580.750000
LH,48,699.250000,P1,5,48,581.000000
RH,64,699.250000,P1,1,64,581.000000
RH,62,699.666667,P1,1,62,581.500000
LH,48,699.750000,P1,5,48,581.500000
LH,35,700.125000,P1,5,35,582.000000
LH,56,700.125000,P1,2,56,582.000000
LH,36,700.500000,P1,5,36,582.250000
LH,48,700.750000,P1,5,48,582.500000
LH,36,701.000000,P1,5,36,582.750000
LH,53,701.125000,P1,2,53,583.000000
RH,60,701.125000,P1,1,60,583.000000
RH,64,701.125000,P1,1,64,583.000000
LH,48,701.250000,P1,5,48,583.000000
LH,35,701.625000,P1,5,35,583.500000
LH,56,701.750000,P1,2,56,583.500000
LH,36,702.000000,P1,5,36,583.750000
LH,48,702.250000,P1,5,48,584.000000
LH,36,702.500000,P1,5,36,584.250000
LH,53,702.625000,P1,2,53,584.500000
LH,59,702.625000,P1,1,59,584.500000
RH,62,702.625000,P1,1,62,584.500000
LH,48,702.666667,P1,5,48,584.500000
LH,36,703.000000,P1,5,36,584.750000
LH,35,703.250000,P1,5,35,585.000000
LH,56,703.250000,P1,2,56,585.000000
LH,36,703.500000,P1,5,36,585.250000
LH,48,703.750000,P1,5,48,585.500000
LH,36,704.000000,P1,5,36,585.750000
LH,48,704.250000,P1,5,48,586.000000
RH,60,704.250000,P1,1,60,586.000000
LH,36,704.500000,P1,5,36,586.250000
LH,35,704.750000,P1,5,35,586.500000
LH,36,705.000000,P1,5,36,586.750000
LH,48,705.333333,P1,5,48,587.000000
LH,58,705.333333,P1,2,58,587.000000
LH,55,705.375000,P1,2,55,587.000000
LH,36,705.750000,P1,5,36,587.250000
LH,48,706.000000,P1,5,48,587.500000
LH,53,706.000000,P1,2,53,587.500000
LH,56,706.000000,P1,2,56,587.500000
LH,36,706.666667,P1,5,36,588.000000
LH,55,706.666667,P1,2,55,588.000000
LH,48,706.750000,P1,2,48,588.000000
LH,43,707.625000,P1,5,43,588.750000
LH,55,707.750000,P1,5,55,589.000000
RH,62,707.750000,P1,1,62,589.000000
LH,43,708.000000,P1,5,43,589.250000
LH,36,708.250000,P1,5,36,589.500000
RH,64,708.250000,P1,1,64,589.500000
RH,61,708.333333,P1,2,61,589.500000
LH,46,708.625000,P1,5,46,589.750000
LH,58,708.750000,P1,5,58,590.000000
RH,65,708.750000,P1,1,65,590.000000
LH,46,709.000000,P1,5,46,590.250000
LH,58,709.125000,P1,5,58,590.500000
RH,67,709.125000,P1,1,67,590.500000
LH,36,709.750000,P1,5,36,591.000000
RH,60,709.750000,P1,2,60,591.000000
RH,66,709.750000,P1,2,66,591.000000
RH,69,709.750000,P1,1,69,591.000000
LH,45,710.125000,P1,5,45,591.250000
LH,57,710.375000,P1,5,57,591.500000
LH,45,710.500000,P1,5,45,591.750000
LH,57,710.750000,P1,5,57,592.000000
RH,74,710.750000,P1,1,74,592.000000
RH,65,711.375000,P1,1,65,592.500000
LH,44,712.125000,P1,5,44,593.250000
LH,56,712.750000,P1,5,56,593.500000
LH,44,713.000000,P1,5,44,593.750000
LH,36,713.250000,P1,5,36,594.000000
LH,44,713.500000,P1,5,44,594.250000
LH,56,713.750000,P1,5,56,594.500000
LH,44,713.875000,P1,5,44,594.750000
LH,56,714.000000,P1,5,56,595.000000
RH,65,714.125000,P1,1,65,595.000000
RH,72,714.125000,P1,1,72,595.000000
RH,60,714.250000,P1,1,60,595.000000
LH,44,714.375000,P1,5,44,595.250000
LH,36,714.625000,P1,5,36,595.500000
LH,44,714.875000,P1,5,44,595.750000
LH,56,715.125000,P1,5,56,596.000000
LH,44,715.250000,P1,5,44,596.250000
LH,56,715.500000,P1,5,56,596.500000
LH,44,715.750000,P1,5,44,596.750000
LH,36,716.125000,P1,5,36,597.000000
RH,60,716.125000,P1,2,60,597.000000
RH,65,716.125000,P1,1,65,597.000000
RH,71,716.125000,P1,1,71,597.000000
LH,43,716.500000,P1,5,43,597.250000
LH,53,717.250000,P1,5,53,598.000000
LH,52,717.375000,P1,5,52,598.250000
LH,51,717.625000,P1,5,51,598.500000
LH,50,717.750000,P1,5,50,598.750000
LH,49,718.000000,P1,5,49,599.000000
LH,48,718.250000,P1,5,48,599.250000
LH,47,718.375000,P1,5,47,599.500000
RH,62,718.500000,P1,1,62,599.500000
LH,46,718.666667,P1,5,46,599.750000
LH,45,718.875000,P1,5,45,600.000000
LH,44,719.125000,P1,5,44,600.250000
LH,43,719.375000,P1,5,43,600.500000
LH,42,719.625000,P1,5,42,600.750000
LH,41,719.875000,P1,5,41,601.000000
RH,60,719.875000,P1,1,60,601.000000
RH,66,719.875000,P1,1,66,601.000000
RH,70,719.875000,P1,1,70,601.000000
LH,40,720.125000,P1,5,40,601.250000
LH,39,720.375000,P1,5,39,601.500000
RH,62,720.375000,P1,1,62,601.500000
LH,38,720.625000,P1,5,38,601.750000
LH,37,720.875000,P1,5,37,602.000000
RH,60,721.333333,P1,1,60,602.500000
RH,66,721.333333,P1,1,66,602.500000
RH,69,721.333333,P1,1,69,602.500000
LH,39,721.375000,P1,5,39,602.500000
LH,37,722.000000,P1,5,37,603.000000
LH,38,722.333333,P1,5,38,603.250000
LH,50,722.625000,P1,5,50,603.500000
LH,38,722.750000,P1,5,38,603.750000
RH,67,722.875000,P1,1,67,604.000000
LH,50,723.000000,P1,5,50,604.000000
LH,58,723.000000,P1,1,58,604.000000
LH,38,723.375000,P1,5,38,604.250000
LH,37,723.500000,P1,5,37,604.500000
LH,38,723.875000,P1,5,38,604.750000
LH,57,724.000000,P1,1,57,605.000000
RH,60,724.000000,P1,1,60,605.000000
RH,65,724.000000,P1,1,65,605.000000
LH,55,724.375000,P1,1,55,605.500000
RH,63,724.375000,P1,1,63,605.500000
LH,58,724.500000,P1,1,58,605.500000
LH,37,724.875000,P1,5,37,606.000000
LH,54,724.875000,P1,1,54,606.000000
RH,62,724.875000,P1,1,62,606.000000
RH,60,725.000000,P1,1,60,606.000000
LH,55,725.875000,P1,1,55,607.000000
RH,60,725.875000,P1,1,60,607.000000
RH,64,725.875000,P1,1,64,607.000000
LH,50,726.000000,P1,5,50,607.000000
RH,66,726.250000,P1,1,66,607.500000
LH,37,726.375000,P1,5,37,607.500000
LH,57,726.375000,P1,1,57,607.500000
LH,38,726.750000,P1,5,38,607.750000
LH,58,726.750000,P1,1,58,608.000000
RH,62,726.750000,P1,1,62,608.000000
RH,67,726.750000,P1,1,67,608.000000
LH,50,726.875000,P1,5,50,608.000000
LH,38,727.125000,P1,5,38,608.250000
RH,60,727.125000,P1,1,60,608.500000
RH,69,727.125000,P1,1,69,608.500000
RH,66,727.250000,P1,1,66,608.500000
LH,50,727.375000,P1,5,50,608.500000
LH,37,727.750000,P1,5,37,609.000000
LH,58,727.750000,P1,1,58,609.000000
RH,67,727.750000,P1,1,67,609.000000
RH,70,727.750000,P1,1,70,609.000000
LH,38,728.125000,P1,5,38,609.250000
LH,50,728.333333,P1,5,50,609.500000
LH,38,728.500000,P1,5,38,609.750000
LH,50,728.750000,P1,5,50,610.000000
RH,63,728.750000,P1,1,63,610.000000
RH,72,728.750000,P1,1,72,610.000000
RH,75,728.750000,P1,1,75,610.000000
LH,37,729.333333,P1,5,37,610.500000
RH,62,729.333333,P1,1,62,610.500000
RH,70,729.333333,P1,1,70,610.500000
RH,74,729.333333,P1,1,74,610.500000
LH,38,729.666667,P1,5,38,610.750000
LH,50,730.000000,P1,5,50,611.000000
LH,38,730.125000,P1,5,38,611.250000
RH,61,730.375000,P1,1,61,611.500000
RH,67,730.375000,P1,1,67,611.500000
RH,73,730.375000,P1,1,73,611.500000
LH,39,730.750000,P1,5,39,611.750000
RH,63,731.125000,P1,2,63,612.000000
LH,38,731.250000,P1,5,38,612.000000
LH,39,731.500000,P1,5,39,612.250000
LH,51,731.666667,P1,5,51,612.500000
LH,39,731.875000,P1,5,39,612.750000
LH,51,732.125000,P1,5,51,613.000000
RH,61,732.125000,P1,1,61,613.000000
RH,67,732.125000,P1,1,67,613.000000
RH,72,732.125000,P1,1,72,613.000000
LH,39,732.375000,P1,5,39,613.250000
LH,38,732.625000,P1,5,38,613.500000
RH,63,732.625000,P1,2,63,613.500000
LH,39,732.875000,P1,5,39,613.750000
LH,51,733.125000,P1,5,51,614.000000
LH,39,733.333333,P1,5,39,614.250000
LH,51,733.500000,P1,5,51,614.500000
RH,61,733.500000,P1,1,61,614.500000
RH,67,733.500000,P1,1,67,614.500000
RH,70,733.500000,P1,1,70,614.500000
LH,39,733.750000,P1,5,39,614.750000
LH,38,734.125000,P1,5,38,615.000000
RH,63,734.125000,P1,2,63,615.000000
LH,39,734.375000,P1,5,39,615.250000
LH,51,734.625000,P1,5,51,615.500000
LH,39,734.750000,P1,5,39,615.750000
RH,60,734.875000,P1,1,60,616.000000
RH,68,734.875000,P1,1,68,616.000000
LH,51,735.000000,P1,5,51,616.000000
LH,39,735.250000,P1,5,39,616.250000
LH,38,735.500000,P1,5,38,616.500000
LH,39,735.750000,P1,5,39,616.750000
LH,51,736.000000,P1,5,51,617.000000
LH,58,736.000000,P1,1,58,617.000000
RH,61,736.000000,P1,1,61,617.000000
RH,67,736.000000,P1,1,67,617.000000
LH,39,736.250000,P1,5,39,617.250000
LH,51,736.375000,P1,5,51,617.500000
LH,39,736.625000,P1,5,39,617.750000
LH,56,736.625000,P1,1,56,617.750000
RH,65,736.625000,P1,1,65,617.750000
LH,38,736.875000,P1,5,38,618.000000
LH,55,736.875000,P1,1,55,618.000000
RH,61,736.875000,P1,1,61,618.000000
RH,63,736.875000,P1,1,63,618.000000
LH,39,737.250000,P1,5,39,618.250000
LH,51,737.375000,P1,5,51,618.500000
LH,39,737.625000,P1,5,39,618.750000
LH,51,737.750000,P1,5,51,619.000000
LH,56,737.750000,P1,1,56,619.000000
RH,65,737.750000,P1,1,65,619.000000
LH,39,738.000000,P1,5,39,619.250000
LH,38,738.250000,P1,5,38,619.500000
LH,58,738.250000,P1,1,58,619.500000
RH,63,738.250000,P1,1,63,619.500000
RH,67,738.250000,P1,1,67,619.500000
LH,39,738.625000,P1,5,39,619.750000
LH,51,738.750000,P1,5,51,620.000000
RH,60,738.750000,P1,1,60,620.000000
RH,68,738.750000,P1,1,68,620.000000
LH,39,739.000000,P1,5,39,620.250000
LH,51,739.125000,P1,5,51,620.500000
RH,61,739.375000,P1,1,61,620.750000
RH,70,739.375000,P1,1,70,620.750000
RH,67,739.500000,P1,1,67,620.750000
LH,38,739.625000,P1,5,38,621.000000
RH,60,739.625000,P1,1,60,621.000000
RH,72,739.625000,P1,1,72,621.000000
RH,68,739.666667,P1,1,68,621.000000
LH,39,739.875000,P1,5,39,621.250000
LH,51,740.125000,P1,5,51,621.500000
LH,39,740.333333,P1,5,39,621.750000
LH,51,740.500000,P1,5,51,622.000000
RH,65,740.500000,P1,1,65,622.000000
RH,73,740.500000,P1,1,73,622.000000
RH,77,740.500000,P1,1,77,622.000000
LH,39,740.750000,P1,5,39,622.250000
LH,38,741.125000,P1,5,38,622.500000
RH,63,741.125000,P1,1,63,622.500000
RH,72,741.125000,P1,1,72,622.500000
RH,75,741.125000,P1,1,75,622.500000
LH,39,741.500000,P1,5,39,622.750000
LH,51,741.666667,P1,5,51,623.000000
LH,39,741.875000,P1,5,39,623.250000
LH,51,742.000000,P1,5,51,623.500000
RH,62,742.125000,P1,1,62,623.500000
RH,71,742.125000,P1,1,71,623.500000
RH,74,742.125000,P1,1,74,623.500000
LH,27,742.666667,P1,5,27,624.000000
LH,58,743.500000,P1,5,58,625.000000
RH,63,743.625000,P1,1,63,625.000000
RH,72,743.625000,P1,1,72,625.000000
RH,75,743.625000,P1,1,75,625.000000
LH,56,744.000000,P1,5,56,625.250000
RH,64,744.000000,P1,1,64,625.500000
RH,73,744.000000,P1,1,73,625.500000
RH,76,744.000000,P1,1,76,625.500000
LH,51,744.125000,P1,5,51,625.500000
LH,56,744.375000,P1,5,56,625.750000
LH,58,744.500000,P1,5,58,626.000000
RH,65,744.500000,P1,1,65,626.000000
RH,74,744.500000,P1,1,74,626.000000
RH,77,744.500000,P1,1,77,626.000000
LH,59,744.666667,P1,5,59,626.250000
LH,58,744.750000,P1,5,58,626.500000
RH,66,744.750000,P1,1,66,626.500000
RH,75,744.875000,P1,1,75,626.500000
RH,78,744.875000,P1,1,78,626.500000
LH,39,745.333333,P1,5,39,627.000000
RH,67,745.333333,P1,1,67,627.000000
RH,76,745.333333,P1,1,76,627.000000
RH,79,745.333333,P1,1,79,627.000000
RH,68,746.125000,P1,1,68,628.000000
RH,77,746.125000,P1,1,77,628.000000
RH,80,746.125000,P1,1,80,628.000000
RH,69,746.500000,P1,1,69,628.500000
RH,78,746.500000,P1,1,78,628.500000
RH,81,746.500000,P1,1,81,628.500000
LH,51,746.625000,P1,5,51,628.500000
LH,56,746.750000,P1,5,56,628.750000
RH,70,746.875000,P1,1,70,629.000000
RH,79,746.875000,P1,1,79,629.000000
RH,82,746.875000,P1,1,82,629.000000
LH,58,747.000000,P1,5,58,629.000000
RH,71,747.500000,P1,1,71,629.750000
RH,80,747.500000,P1,1,80,629.750000
RH,83,747.500000,P1,1,83,629.750000
LH,39,747.750000,P1,5,39,630.000000
LH,51,747.750000,P1,5,51,630.000000
RH,71,747.750000,P1,1,71,630.000000
RH,80,747.750000,P1,1,80,630.000000
RH,83,747.750000,P1,1,83,630.000000
RH,65,748.333333,P1,1,65,630.500000
RH,74,748.333333,P1,1,74,630.500000
RH,77,748.333333,P1,1,77,630.500000
RH,66,748.750000,P1,1,66,631.000000
LH,58,748.875000,P1,5,58,631.000000
LH,56,749.000000,P1,5,56,631.250000
LH,51,749.125000,P1,5,51,631.500000
RH,67,749.125000,P1,1,67,631.500000
RH,76,749.125000,P1,1,76,631.500000
RH,79,749.125000,P1,1,79,631.500000
LH,56,749.333333,P1,5,56,631.750000
LH,58,749.500000,P1,5,58,632.000000
RH,68,749.500000,P1,1,68,632.000000
RH,77,749.500000,P1,1,77,632.000000
RH,80,749.500000,P1,1,80,632.000000
RH,69,750.000000,P1,1,69,632.500000
RH,78,750.000000,P1,1,78,632.500000
RH,81,750.000000,P1,1,81,632.500000
LH,39,750.333333,P1,5,39,633.000000
LH,51,750.333333,P1,5,51,633.000000
RH,70,750.333333,P1,1,70,633.000000
RH,79,750.333333,P1,1,79,633.000000
RH,82,750.333333,P1,1,82,633.000000
LH,56,750.750000,P1,5,56,633.250000
RH,71,750.875000,P1,1,71,633.500000
RH,80,750.875000,P1,1,80,633.500000
RH,83,750.875000,P1,1,83,633.500000
LH,58,751.000000,P1,5,58,633.500000
LH,59,751.125000,P1,5,59,633.750000
RH,72,751.250000,P1,1,72,634.000000
RH,84,751.250000,P1,1,84,634.000000
LH,58,751.375000,P1,5,58,634.000000
LH,56,751.500000,P1,5,56,634.250000
LH,51,751.750000,P1,5,51,634.500000
RH,62,751.750000,P1,5,62,634.500000
RH,73,751.750000,P1,1,73,634.500000
RH,80,751.750000,P1,1,80,634.500000
RH,85,751.750000,P1,1,85,634.500000
LH,56,752.000000,P1,5,56,634.750000
LH,58,752.250000,P1,5,58,635.000000
RH,74,752.250000,P1,1,74,635.000000
RH,80,752.250000,P1,1,80,635.000000
RH,86,752.250000,P1,1,86,635.000000
LH,59,752.625000,P1,5,59,635.250000
LH,58,752.875000,P1,5,58,635.500000
RH,77,752.875000,P1,1,77,635.500000
RH,89,752.875000,P1,1,89,635.500000
LH,39,753.625000,P1,5,39,636.000000
LH,51,753.625000,P1,5,51,636.000000
RH,87,753.625000,P1,1,87,636.000000
RH,63,754.375000,P1,5,63,636.500000
RH,79,754.375000,P1,2,79,636.500000
RH,82,754.375000,P1,2,82,636.500000
RH,85,754.375000,P1,2,85,636.500000
RH,67,754.875000,P1,5,67,637.000000
RH,77,754.875000,P1,1,77,637.000000
RH,89,754.875000,P1,1,89,637.000000
RH,61,755.333333,P1,5,61,637.500000
RH,63,755.333333,P1,5,63,637.500000
RH,67,755.333333,P1,5,67,637.500000
RH,70,755.333333,P1,5,70,637.500000
RH,79,755.333333,P1,1,79,637.500000
RH,87,755.333333,P1,1,87,637.500000
RH,91,755.333333,P1,1,91,637.500000
RH,85,755.375000,P1,1,85,637.500000
RH,67,755.750000,P1,5,67,638.000000
RH,80,755.750000,P1,1,80,638.000000
RH,92,755.750000,P1,1,92,638.000000
LH,55,756.250000,P1,5,55,638.500000
LH,58,756.250000,P1,5,58,638.500000
RH,61,756.250000,P1,5,61,638.500000
RH,82,756.250000,P1,1,82,638.500000
RH,94,756.250000,P1,1,94,638.500000
LH,32,756.875000,P1,5,32,639.000000
LH,44,756.875000,P1,5,44,639.000000
RH,96,756.875000,P1,1,96,639.000000
RH,63,757.500000,P1,5,63,639.500000
RH,87,757.500000,P1,2,87,639.500000
RH,92,757.500000,P1,2,92,639.500000
LH,56,757.625000,P1,5,56,639.500000
RH,60,758.125000,P1,5,60,640.000000
RH,68,758.125000,P1,5,68,640.000000
RH,89,758.125000,P1,1,89,640.000000
RH,101,758.125000,P1,1,101,640.000000
RH,63,758.750000,P1,5,63,640.500000
RH,72,758.750000,P1,5,72,640.500000
RH,99,758.750000,P1,1,99,640.500000
RH,75,759.125000,P1,5,75,641.000000
RH,92,759.125000,P1,2,92,641.000000
RH,96,759.125000,P1,2,96,641.000000
RH,68,759.333333,P1,5,68,641.000000
RH,72,759.625000,P1,5,72,641.500000
RH,80,759.625000,P1,5,80,641.500000
RH,86,759.625000,P1,1,86,641.500000
RH,98,759.625000,P1,1,98,641.500000
LH,39,760.125000,P1,5,39,642.000000
LH,51,760.125000,P1,5,51,642.000000
RH,85,760.125000,P1,1,85,642.000000
RH,91,760.125000,P1,2,91,642.000000
RH,97,760.125000,P1,1,97,642.000000
LH,51,760.625000,P1,5,51,642.500000
RH,61,760.625000,P1,5,61,642.500000
RH,84,760.625000,P1,1,84,642.500000
RH,96,760.625000,P1,1,96,642.500000
RH,94,760.875000,P1,1,94,643.000000
LH,55,761.000000,P1,5,55,643.000000
RH,63,761.000000,P1,5,63,643.000000
RH,82,761.000000,P1,1,82,643.000000
RH,61,761.333333,P1,5,61,643.500000
RH,67,761.333333,P1,5,67,643.500000
LH,55,761.750000,P1,5,55,644.000000
RH,63,761.750000,P1,5,63,644.000000
RH,81,761.750000,P1,1,81,644.000000
RH,93,761.750000,P1,1,93,644.000000
LH,51,762.125000,P1,5,51,644.500000
RH,61,762.125000,P1,5,61,644.500000
RH,82,762.125000,P1,1,82,644.500000
RH,91,762.125000,P1,1,91,644.500000
RH,94,762.125000,P1,1,94,644.500000
LH,44,762.625000,P1,5,44,645.000000
LH,56,762.625000,P1,5,56,645.000000
RH,84,762.625000,P1,1,84,645.000000
RH,92,762.625000,P1,1,92,645.000000
RH,96,762.625000,P1,1,96,645.000000
LH,51,763.125000,P1,5,51,645.500000
RH,60,763.125000,P1,5,60,645.500000
RH,80,763.125000,P1,1,80,645.500000
RH,92,763.125000,P1,1,92,645.500000
RH,63,763.500000,P1,5,63,646.000000
RH,77,763.500000,P1,1,77,646.000000
RH,89,763.500000,P1,1,89,646.000000
LH,56,763.625000,P1,5,56,646.000000
LH,51,764.000000,P1,5,51,646.500000
RH,60,764.000000,P1,5,60,646.500000
RH,75,764.000000,P1,1,75,646.500000
RH,87,764.000000,P1,1,87,646.500000
LH,56,764.500000,P1,5,56,647.000000
RH,63,764.500000,P1,5,63,647.000000
RH,72,764.500000,P1,1,72,647.000000
RH,84,764.500000,P1,1,84,647.000000
LH,48,765.125000,P1,5,48,647.750000
RH,60,765.125000,P1,5,60,647.750000
RH,65,765.125000,P1,1,65,647.750000
RH,77,765.125000,P1,1,77,647.750000
LH,48,765.375000,P1,5,48,648.000000
RH,60,765.375000,P1,5,60,648.000000
RH,75,765.375000,P1,1,75,648.000000
LH,46,765.875000,P1,5,46,648.500000
LH,58,765.875000,P1,5,58,648.500000
RH,67,765.875000,P1,2,67,648.500000
RH,73,765.875000,P1,2,73,648.500000
LH,56,766.333333,P1,5,56,649.000000
RH,65,766.333333,P1,2,65,649.000000
RH,77,766.333333,P1,1,77,649.000000
LH,44,766.375000,P1,5,44,649.000000
RH,73,766.375000,P1,2,73,649.000000
LH,43,766.750000,P1,5,43,649.500000
LH,55,766.750000,P1,5,55,649.500000
RH,67,766.750000,P1,1,67,649.500000
RH,75,766.750000,P1,1,75,649.500000
RH,79,766.750000,P1,1,79,649.500000
RH,73,766.875000,P1,1,73,649.500000
LH,41,767.250000,P1,5,41,650.000000
LH,53,767.250000,P1,5,53,650.000000
RH,68,767.250000,P1,1,68,650.000000
RH,80,767.250000,P1,1,80,650.000000
LH,39,767.666667,P1,5,39,650.500000
LH,51,767.666667,P1,5,51,650.500000
RH,70,767.666667,P1,1,70,650.500000
RH,82,767.666667,P1,1,82,650.500000
LH,32,768.333333,P1,5,32,651.000000
LH,44,768.333333,P1,5,44,651.000000
RH,84,768.333333,P1,1,84,651.000000
LH,51,768.875000,P1,5,51,651.500000
RH,60,768.875000,P1,5,60,651.500000
RH,75,768.875000,P1,2,75,651.500000
RH,80,768.875000,P1,2,80,651.500000
LH,56,769.375000,P1,5,56,652.000000
RH,63,769.375000,P1,5,63,652.000000
RH,77,769.375000,P1,1,77,652.000000
RH,89,769.375000,P1,1,89,652.000000
RH,60,769.875000,P1,5,60,652.500000
RH,68,769.875000,P1,5,68,652.500000
RH,87,769.875000,P1,1,87,652.500000
RH,80,770.333333,P1,2,80,653.000000
RH,84,770.333333,P1,2,84,653.000000
RH,74,770.666667,P1,1,74,653.500000
RH,86,770.666667,P1,1,86,653.500000
LH,39,771.125000,P1,5,39,654.000000
LH,51,771.125000,P1,5,51,654.000000
RH,73,771.125000,P1,1,73,654.000000
RH,79,771.125000,P1,2,79,654.000000
RH,85,771.125000,P1,1,85,654.000000
LH,51,771.625000,P1,5,51,654.500000
RH,63,771.625000,P1,5,63,654.500000
RH,72,771.625000,P1,1,72,654.500000
RH,84,771.625000,P1,1,84,654.500000
LH,55,772.000000,P1,5,55,655.000000
RH,64,772.000000,P1,5,64,655.000000
RH,70,772.000000,P1,1,70,655.000000
RH,82,772.000000,P1,1,82,655.000000
RH,61,772.375000,P1,5,61,655.500000
RH,65,772.375000,P1,5,65,655.500000
LH,55,772.750000,P1,5,55,656.000000
RH,63,772.750000,P1,5,63,656.000000
RH,69,772.750000,P1,1,69,656.000000
RH,81,772.750000,P1,1,81,656.000000
LH,51,773.250000,P1,5,51,656.500000
RH,61,773.250000,P1,5,61,656.500000
RH,70,773.250000,P1,1,70,656.500000
RH,79,773.250000,P1,1,79,656.500000
RH,82,773.250000,P1,1,82,656.500000
LH,44,773.666667,P1,5,44,657.000000
LH,56,773.666667,P1,5,56,657.000000
RH,71,773.666667,P1,1,71,657.000000
RH,83,773.666667,P1,1,83,657.000000
LH,51,774.125000,P1,5,51,657.500000
RH,60,774.125000,P1,5,60,657.500000
RH,72,774.125000,P1,1,72,657.500000
RH,84,774.125000,P1,1,84,657.500000
LH,56,774.625000,P1,5,56,658.000000
RH,63,774.625000,P1,5,63,658.000000
RH,77,774.625000,P1,1,77,658.000000
RH,89,774.625000,P1,1,89,658.000000
RH,68,775.125000,P1,5,68,658.500000
RH,87,775.125000,P1,1,87,658.500000
RH,60,775.250000,P1,5,60,658.500000
RH,80,775.666667,P1,2,80,659.000000
RH,84,775.666667,P1,2,84,659.000000
RH,74,776.000000,P1,1,74,659.500000
RH,86,776.000000,P1,1,86,659.500000
LH,39,776.500000,P1,5,39,660.000000
LH,51,776.500000,P1,5,51,660.000000
RH,73,776.500000,P1,1,73,660.000000
RH,79,776.500000,P1,2,79,660.000000
RH,85,776.500000,P1,1,85,660.000000
LH,51,777.000000,P1,5,51,660.500000
RH,72,777.000000,P1,1,72,660.500000
RH,84,777.000000,P1,1,84,660.500000
RH,82,777.375000,P1,1,82,661.000000
LH,55,777.500000,P1,5,55,661.000000
RH,70,777.500000,P1,1,70,661.000000
RH,61,777.875000,P1,5,61,661.500000
LH,55,778.333333,P1,5,55,662.000000
RH,63,778.333333,P1,5,63,662.000000
RH,69,778.333333,P1,1,69,662.000000
RH,81,778.333333,P1,1,81,662.000000
LH,51,778.875000,P1,5,51,662.500000
RH,61,778.875000,P1,5,61,662.500000
RH,70,778.875000,P1,1,70,662.500000
RH,79,778.875000,P1,1,79,662.500000
RH,82,778.875000,P1,1,82,662.500000
LH,38,779.500000,P1,5,38,663.000000
LH,50,779.500000,P1,5,50,663.000000
RH,70,779.500000,P1,1,70,663.000000
RH,79,779.500000,P1,1,79,663.000000
RH,82,779.500000,P1,1,82,663.000000
RH,80,781.000000,P1,1,80,664.250000
RH,83,781.000000,P1,1,83,664.250000
RH,92,781.000000,P1,1,92,664.250000
RH,68,781.125000,P1,5,68,664.500000
RH,80,781.125000,P1,1,80,664.500000
RH,83,781.125000,P1,1,83,664.500000
RH,92,781.125000,P1,1,92,664.500000
LH,59,781.250000,P1,5,59,664.500000
RH,65,781.625000,P1,5,65,665.000000
RH,80,781.625000,P1,1,80,665.000000
RH,83,781.625000,P1,1,83,665.000000
RH,92,781.625000,P1,1,92,665.000000
LH,56,781.750000,P1,5,56,665.000000
LH,50,782.125000,P1,5,50,665.500000
LH,59,782.125000,P1,5,59,665.500000
RH,80,782.125000,P1,1,80,665.500000
RH,83,782.125000,P1,1,83,665.500000
RH,92,782.125000,P1,1,92,665.500000
LH,37,782.750000,P1,5,37,666.000000
LH,49,782.750000,P1,5,49,666.000000
RH,80,782.750000,P1,1,80,666.000000
RH,83,782.750000,P1,1,83,666.000000
RH,92,782.750000,P1,1,92,666.000000
LH,55,783.875000,P1,5,55,667.000000
RH,64,783.875000,P1,5,64,667.000000
RH,79,784.000000,P1,1,79,667.250000
RH,70,784.125000,P1,1,70,667.250000
RH,79,784.125000,P1,1,79,667.250000
RH,82,784.125000,P1,1,82,667.250000
LH,49,784.333333,P1,5,49,667.500000
LH,58,784.333333,P1,5,58,667.500000
RH,69,784.333333,P1,1,69,667.500000
RH,78,784.333333,P1,1,78,667.500000
RH,81,784.333333,P1,1,81,667.500000
LH,55,784.875000,P1,5,55,668.000000
RH,64,784.875000,P1,5,64,668.000000
RH,70,784.875000,P1,1,70,668.000000
RH,79,784.875000,P1,1,79,668.000000
RH,82,784.875000,P1,1,82,668.000000
RH,79,785.666667,P1,1,79,668.750000
RH,82,785.666667,P1,1,82,668.750000
RH,91,785.666667,P1,1,91,668.750000
LH,36,786.000000,P1,5,36,669.000000
LH,48,786.000000,P1,5,48,669.000000
RH,79,786.000000,P1,1,79,669.000000
RH,82,786.000000,P1,1,82,669.000000
RH,91,786.000000,P1,1,91,669.000000
RH,78,786.625000,P1,1,78,669.500000
RH,81,786.625000,P1,1,81,669.500000
RH,90,786.625000,P1,1,90,669.500000
LH,54,787.000000,P1,5,54,670.000000
RH,63,787.000000,P1,5,63,670.000000
RH,69,787.250000,P1,1,69,670.250000
RH,78,787.250000,P1,1,78,670.250000
RH,81,787.250000,P1,1,81,670.250000
LH,48,787.500000,P1,5,48,670.500000
LH,57,787.500000,P1,5,57,670.500000
RH,68,787.500000,P1,1,68,670.500000
RH,80,787.500000,P1,1,80,670.500000
LH,54,788.125000,P1,5,54,671.000000
RH,63,788.125000,P1,5,63,671.000000
RH,69,788.125000,P1,1,69,671.000000
RH,78,788.125000,P1,1,78,671.000000
RH,81,788.125000,P1,1,81,671.000000
RH,78,789.000000,P1,1,78,671.750000
RH,81,789.000000,P1,1,81,671.750000
RH,90,789.000000,P1,1,90,671.750000
LH,35,789.375000,P1,5,35,672.000000
LH,47,789.375000,P1,5,47,672.000000
RH,78,789.375000,P1,1,78,672.000000
RH,81,789.375000,P1,1,81,672.000000
RH,90,789.375000,P1,1,90,672.000000
LH,54,790.500000,P1,5,54,673.000000
LH,59,790.500000,P1,5,59,673.000000
RH,66,790.500000,P1,5,66,673.000000
RH,69,790.500000,P1,1,69,673.000000
RH,71,790.500000,P1,1,71,673.000000
RH,75,790.500000,P1,1,75,673.000000
RH,81,790.500000,P1,1,81,673.000000
LH,54,790.750000,P1,5,54,673.000000
LH,59,790.750000,P1,5,59,673.000000
RH,66,790.750000,P1,5,66,673.000000
RH,69,790.750000,P1,1,69,673.000000
RH,71,790.750000,P1,1,71,673.000000
RH,75,790.750000,P1,1,75,673.000000
RH,81,790.750000,P1,1,81,673.000000
LH,54,791.250000,P1,5,54,673.500000
LH,59,791.250000,P1,5,59,673.500000
RH,66,791.250000,P1,5,66,673.500000
RH,69,791.250000,P1,1,69,673.500000
RH,71,791.250000,P1,1,71,673.500000
RH,75,791.250000,P1,1,75,673.500000
RH,81,791.250000,P1,1,81,673.500000
LH,54,791.750000,P1,5,54,674.000000
LH,59,791.750000,P1,5,59,674.000000
RH,66,791.750000,P1,5,66,674.000000
RH,69,791.750000,P1,1,69,674.000000
RH,71,791.750000,P1,1,71,674.000000
RH,83,791.750000,P1,1,83,674.000000
LH,54,792.250000,P1,5,54,674.500000
RH,69,792.250000,P1,1,69,674.500000
RH,71,792.250000,P1,1,71,674.500000
RH,75,792.250000,P1,1,75,674.500000
RH,78,792.250000,P1,1,78,674.500000
LH,40,792.875000,P1,5,40,675.000000
RH,69,792.875000,P1,1,69,675.000000
RH,71,792.875000,P1,1,71,675.000000
RH,75,792.875000,P1,1,75,675.000000
RH,78,792.875000,P1,1,78,675.000000
LH,52,793.500000,P1,5,52,675.500000
LH,59,793.500000,P1,5,59,675.500000
RH,64,793.500000,P1,5,64,675.500000
RH,68,793.500000,P1,1,68,675.500000
RH,76,793.500000,P1,1,76,675.500000
RH,80,793.500000,P1,1,80,675.500000
LH,52,794.000000,P1,5,52,676.000000
LH,59,794.000000,P1,5,59,676.000000
RH,64,794.000000,P1,5,64,676.000000
RH,68,794.000000,P1,1,68,676.000000
RH,75,794.000000,P1,1,75,676.000000
RH,80,794.000000,P1,1,80,676.000000
LH,59,794.500000,P1,5,59,676.500000
RH,64,794.500000,P1,5,64,676.500000
RH,68,794.500000,P1,1,68,676.500000
RH,74,794.500000,P1,1,74,676.500000
RH,80,794.500000,P1,1,80,676.500000
LH,52,794.625000,P1,5,52,676.500000
LH,52,795.000000,P1,5,52,677.000000
LH,58,795.000000,P1,5,58,677.000000
RH,64,795.000000,P1,5,64,677.000000
RH,70,795.000000,P1,1,70,677.000000
RH,74,795.000000,P1,1,74,677.000000
RH,82,795.000000,P1,1,82,677.000000
LH,52,795.666667,P1,5,52,677.500000
LH,56,795.666667,P1,5,56,677.500000
RH,64,795.666667,P1,5,64,677.500000
RH,71,795.666667,P1,1,71,677.500000
RH,83,795.666667,P1,1,83,677.500000
LH,39,796.500000,P1,5,39,678.000000
LH,51,796.500000,P1,5,51,678.000000
RH,72,796.500000,P1,1,72,678.000000
RH,75,796.500000,P1,1,75,678.000000
RH,80,796.500000,P1,1,80,678.000000
RH,84,796.500000,P1,1,84,678.000000
RH,63,797.875000,P1,1,63,679.000000
RH,75,797.875000,P1,1,75,679.000000
LH,51,798.000000,P1,5,51,679.000000
RH,60,798.000000,P1,5,60,679.000000
RH,72,798.000000,P1,1,72,679.000000
LH,51,798.875000,P1,5,51,679.500000
RH,60,798.875000,P1,5,60,679.500000
RH,63,798.875000,P1,1,63,679.500000
RH,68,798.875000,P1,1,68,679.500000
RH,72,798.875000,P1,1,72,679.500000
RH,75,798.875000,P1,1,75,679.500000
LH,51,799.375000,P1,5,51,680.000000
RH,60,799.375000,P1,5,60,680.000000
RH,64,799.375000,P1,1,64,680.000000
RH,72,799.375000,P1,1,72,680.000000
RH,76,799.375000,P1,1,76,680.000000
RH,68,799.500000,P1,1,68,680.000000
LH,51,799.750000,P1,5,51,680.500000
RH,60,799.750000,P1,5,60,680.500000
RH,64,799.750000,P1,1,64,680.500000
RH,68,799.750000,P1,1,68,680.500000
RH,72,799.750000,P1,1,72,680.500000
RH,76,799.750000,P1,1,76,680.500000
LH,51,800.125000,P1,5,51,681.000000
RH,60,800.125000,P1,5,60,681.000000
RH,64,800.125000,P1,1,64,681.000000
RH,68,800.125000,P1,1,68,681.000000
RH,72,800.125000,P1,1,72,681.000000
RH,76,800.125000,P1,1,76,681.000000
LH,51,800.500000,P1,5,51,681.500000
RH,60,800.500000,P1,5,60,681.500000
RH,63,800.500000,P1,5,63,681.500000
RH,65,800.500000,P1,1,65,681.500000
RH,69,800.500000,P1,1,69,681.500000
RH,72,800.500000,P1,1,72,681.500000
RH,77,800.500000,P1,1,77,681.500000
RH,60,800.750000,P1,5,60,682.000000
RH,63,800.750000,P1,5,63,682.000000
RH,65,800.750000,P1,1,65,682.000000
RH,69,800.750000,P1,1,69,682.000000
RH,72,800.750000,P1,1,72,682.000000
RH,77,800.750000,P1,1,77,682.000000
LH,51,800.875000,P1,5,51,682.000000
LH,51,801.125000,P1,5,51,682.500000
RH,60,801.125000,P1,5,60,682.500000
RH,63,801.125000,P1,5,63,682.500000
RH,65,801.125000,P1,1,65,682.500000
RH,69,801.125000,P1,1,69,682.500000
RH,72,801.125000,P1,1,72,682.500000
RH,77,801.125000,P1,1,77,682.500000
LH,51,801.500000,P1,5,51,683.000000
RH,60,801.500000,P1,5,60,683.000000
RH,63,801.500000,P1,5,63,683.000000
RH,66,801.500000,P1,1,66,683.000000
RH,78,801.500000,P1,1,78,683.000000
LH,51,801.750000,P1,5,51,683.500000
RH,66,801.750000,P1,1,66,683.500000
RH,72,801.750000,P1,1,72,683.500000
RH,78,801.750000,P1,1,78,683.500000
LH,27,802.125000,P1,5,27,684.000000
LH,39,802.125000,P1,5,39,684.000000
RH,66,802.125000,P1,1,66,684.000000
RH,72,802.125000,P1,1,72,684.000000
RH,75,802.125000,P1,1,75,684.000000
RH,78,802.125000,P1,1,78,684.000000
LH,51,802.500000,P1,5,51,684.500000
RH,67,802.500000,P1,1,67,684.500000
RH,73,802.500000,P1,1,73,684.500000
RH,75,802.500000,P1,1,75,684.500000
RH,79,802.500000,P1,1,79,684.500000
LH,51,802.875000,P1,5,51,685.000000
RH,61,802.875000,P1,5,61,685.000000
RH,63,802.875000,P1,5,63,685.000000
RH,67,802.875000,P1,1,67,685.000000
RH,73,802.875000,P1,1,73,685.000000
RH,75,802.875000,P1,1,75,685.000000
RH,79,802.875000,P1,1,79,685.000000
RH,63,803.125000,P1,5,63,685.500000
RH,67,803.125000,P1,1,67,685.500000
RH,75,803.125000,P1,1,75,685.500000
RH,79,803.125000,P1,1,79,685.500000
LH,58,803.250000,P1,5,58,685.500000
RH,61,803.250000,P1,5,61,685.500000
RH,73,803.250000,P1,1,73,685.500000
LH,58,803.500000,P1,5,58,686.000000
RH,61,803.500000,P1,5,61,686.000000
RH,65,803.500000,P1,5,65,686.000000
RH,68,803.500000,P1,1,68,686.000000
RH,73,803.500000,P1,1,73,686.000000
RH,80,803.500000,P1,1,80,686.000000
LH,58,803.875000,P1,5,58,686.500000
RH,61,803.875000,P1,5,61,686.500000
RH,65,803.875000,P1,5,65,686.500000
RH,68,803.875000,P1,1,68,686.500000
RH,73,803.875000,P1,1,73,686.500000
RH,80,803.875000,P1,1,80,686.500000
LH,58,804.125000,P1,5,58,687.000000
RH,65,804.125000,P1,5,65,687.000000
RH,68,804.125000,P1,1,68,687.000000
RH,73,804.125000,P1,1,73,687.000000
RH,80,804.125000,P1,1,80,687.000000
LH,58,804.625000,P1,5,58,687.500000
RH,61,804.625000,P1,5,61,687.500000
RH,65,804.625000,P1,5,65,687.500000
RH,68,804.625000,P1,5,68,687.500000
RH,73,804.625000,P1,1,73,687.500000
RH,77,804.625000,P1,1,77,687.500000
RH,84,804.625000,P1,1,84,687.500000
LH,58,805.125000,P1,5,58,688.000000
RH,61,805.125000,P1,5,61,688.000000
RH,65,805.125000,P1,5,65,688.000000
RH,68,805.125000,P1,5,68,688.000000
RH,73,805.125000,P1,1,73,688.000000
RH,77,805.125000,P1,1,77,688.000000
RH,84,805.125000,P1,1,84,688.000000
RH,68,805.500000,P1,5,68,688.500000
RH,73,805.500000,P1,1,73,688.500000
RH,77,805.500000,P1,1,77,688.500000
RH,84,805.500000,P1,1,84,688.500000
LH,58,805.625000,P1,5,58,688.500000
RH,61,805.625000,P1,5,61,688.500000
RH,65,805.625000,P1,5,65,688.500000
LH,58,806.125000,P1,5,58,689.000000
RH,63,806.125000,P1,5,63,689.000000
RH,67,806.125000,P1,5,67,689.000000
RH,73,806.125000,P1,1,73,689.000000
RH,75,806.125000,P1,1,75,689.000000
RH,82,806.125000,P1,1,82,689.000000
LH,58,806.625000,P1,5,58,689.500000
RH,63,806.625000,P1,5,63,689.500000
RH,67,806.625000,P1,5,67,689.500000
RH,73,806.666667,P1,1,73,689.500000
RH,75,806.666667,P1,1,75,689.500000
RH,82,806.666667,P1,1,82,689.500000
LH,32,807.375000,P1,5,32,690.000000
LH,44,807.375000,P1,5,44,690.000000
LH,51,808.333333,P1,5,51,691.000000
LH,56,808.333333,P1,5,56,691.000000
RH,63,808.333333,P1,5,63,691.000000
LH,52,808.750000,P1,5,52,691.500000
LH,56,808.750000,P1,5,56,691.500000
RH,64,808.750000,P1,5,64,691.500000
RH,82,809.000000,P1,1,82,691.750000
RH,80,809.125000,P1,1,80,692.000000
RH,79,809.333333,P1,1,79,692.250000
RH,80,809.500000,P1,1,80,692.500000
RH,76,809.666667,P1,1,76,692.750000
LH,44,809.875000,P1,5,44,693.000000
RH,74,809.875000,P1,1,74,693.000000
RH,77,810.125000,P1,1,77,693.250000
RH,75,810.250000,P1,1,75,693.500000
RH,72,810.375000,P1,1,72,693.750000
LH,51,810.625000,P1,5,51,694.000000
RH,68,810.625000,P1,1,68,694.000000
RH,65,810.750000,P1,1,65,694.250000
RH,60,811.000000,P1,5,60,694.500000
RH,63,811.000000,P1,1,63,694.500000
LH,58,811.750000,P1,5,58,695.500000
RH,61,811.750000,P1,1,61,695.500000
RH,67,811.750000,P1,1,67,695.500000
LH,32,812.250000,P1,5,32,696.000000
LH,44,812.250000,P1,5,44,696.000000
LH,52,813.500000,P1,5,52,697.500000
RH,82,813.750000,P1,1,82,697.750000
RH,80,814.000000,P1,1,80,698.000000
RH,79,814.125000,P1,1,79,698.250000
RH,80,814.333333,P1,1,80,698.500000
RH,76,814.500000,P1,1,76,698.750000
LH,44,814.625000,P1,5,44,699.000000
RH,74,814.625000,P1,1,74,699.000000
RH,77,814.875000,P1,1,77,699.250000
RH,75,815.000000,P1,1,75,699.500000
RH,72,815.125000,P1,1,72,699.750000
RH,68,815.333333,P1,1,68,700.000000
LH,51,815.500000,P1,5,51,700.000000
RH,65,815.500000,P1,1,65,700.250000
RH,63,815.666667,P1,1,63,700.500000
RH,60,815.750000,P1,5,60,700.500000
LH,58,816.500000,P1,5,58,701.500000
RH,61,816.500000,P1,1,61,701.500000
RH,67,816.500000,P1,1,67,701.500000
LH,32,816.875000,P1,5,32,702.000000
RH,60,816.875000,P1,1,60,702.000000
RH,68,817.250000,P1,1,68,702.500000
RH,72,817.500000,P1,1,72,702.750000
LH,51,817.666667,P1,5,51,703.000000
RH,84,817.666667,P1,1,84,703.000000
RH,60,818.125000,P1,5,60,703.500000
RH,68,818.125000,P1,5,68,703.500000
LH,44,819.000000,P1,5,44,705.000000
RH,72,819.250000,P1,1,72,705.000000
RH,75,819.375000,P1,1,75,705.250000
RH,80,819.500000,P1,1,80,705.500000
RH,84,819.750000,P1,1,84,705.750000
RH,63,819.875000,P1,5,63,706.000000
RH,96,819.875000,P1,1,96,706.000000
RH,72,820.375000,P1,5,72,706.500000
RH,80,820.375000,P1,5,80,706.500000
RH,84,821.500000,P1,1,84,708.000000
RH,92,822.875000,P1,1,92,709.250000
RH,89,823.000000,P1,1,89,709.500000
RH,87,823.125000,P1,1,87,709.750000
RH,84,823.375000,P1,1,84,710.000000
RH,80,823.500000,P1,1,80,710.250000
RH,77,823.625000,P1,1,77,710.500000
RH,75,823.750000,P1,1,75,710.750000
RH,72,823.875000,P1,1,72,711.000000
RH,68,824.000000,P1,1,68,711.250000
RH,65,824.250000,P1,1,65,711.500000
RH,63,824.375000,P1,1,63,711.750000
RH,60,824.500000,P1,1,60,712.000000
LH,56,824.666667,P1,1,56,712.250000
LH,56,824.750000,P1,1,56,712.250000
LH,53,824.875000,P1,5,53,712.500000
LH,48,825.125000,P1,5,48,713.000000
LH,44,825.250000,P1,5,44,713.250000
LH,41,825.375000,P1,5,41,713.500000
LH,39,825.500000,P1,5,39,713.750000
LH,32,825.666667,P1,5,32,714.000000
LH,36,826.875000,P1,5,36,715.500000
LH,48,826.875000,P1,5,48,715.500000
RH,60,826.875000,P1,1,60,715.500000
RH,64,826.875000,P1,1,64,715.500000
RH,70,826.875000,P1,1,70,715.500000
RH,72,826.875000,P1,1,72,715.500000
LH,41,828.125000,P1,5,41,717.000000
LH,53,828.125000,P1,5,53,717.000000
RH,60,828.125000,P1,1,60,717.000000
RH,65,828.125000,P1,1,65,717.000000
RH,68,828.125000,P1,1,68,717.000000
RH,72,828.125000,P1,1,72,717.000000
LH,39,829.375000,P1,5,39,718.500000
LH,51,829.375000,P1,5,51,718.500000
RH,61,829.375000,P1,1,61,718.500000
RH,63,829.375000,P1,1,63,718.500000
RH,67,829.375000,P1,1,67,718.500000
RH,73,829.375000,P1,1,73,718.500000
RH,75,829.375000,P1,1,75,718.500000
RH,68,831.250000,P1,1,68,720.000000
RH,72,831.250000,P1,1,72,720.000000
RH,80,831.250000,P1,1,80,720.000000
