hand,pitch,onset_ql,reference_part,reference_voice,reference_pitch,reference_onset_ql
LH,58,1.250000,P1,5,58,0.000000
LH,58,1.375000,P1,5,58,0.250000
LH,58,1.625000,P1,5,58,0.500000
LH,58,1.875000,P1,5,58,0.750000
LH,57,2.000000,P1,5,57,1.000000
LH,58,2.250000,P1,5,58,1.250000
LH,54,2.500000,P1,5,54,1.500000
LH,54,2.666667,P1,5,54,1.750000
LH,57,2.875000,P1,5,57,2.000000
LH,58,3.125000,P1,5,58,2.250000
RH,61,3.333333,P1,5,61,2.500000
LH,56,3.750000,P1,5,56,3.000000
LH,56,3.875000,P1,5,56,3.250000
LH,56,4.125000,P1,5,56,3.500000
LH,56,4.333333,P1,5,56,3.750000
LH,53,4.625000,P1,5,53,4.000000
LH,54,4.750000,P1,5,54,4.250000
LH,56,5.000000,P1,5,56,4.500000
LH,58,5.250000,P1,5,58,4.750000
LH,56,5.375000,P1,5,56,5.000000
LH,53,5.625000,P1,5,53,5.250000
LH,58,6.250000,P1,5,58,6.000000
LH,58,6.500000,P1,5,58,6.250000
LH,58,6.666667,P1,5,58,6.500000
LH,58,7.000000,P1,5,58,6.750000
LH,57,7.125000,P1,5,57,7.000000
LH,58,7.333333,P1,5,58,7.250000
LH,54,7.500000,P1,5,54,7.500000
LH,54,7.750000,P1,5,54,7.750000
LH,57,7.875000,P1,5,57,8.000000
LH,58,8.125000,P1,5,58,8.250000
RH,61,8.375000,P1,5,61,8.500000
LH,56,8.750000,P1,5,56,9.000000
LH,56,9.000000,P1,5,56,9.250000
LH,56,9.125000,P1,5,56,9.500000
LH,56,9.375000,P1,5,56,9.750000
LH,53,9.625000,P1,5,53,10.000000
LH,54,9.750000,P1,5,54,10.250000
LH,56,10.000000,P1,5,56,10.500000
LH,58,10.125000,P1,5,58,10.750000
LH,56,10.333333,P1,5,56,11.000000
LH,53,10.625000,P1,5,53,11.250000
LH,54,11.250000,P1,5,54,12.000000
LH,54,11.500000,P1,5,54,12.250000
LH,57,11.666667,P1,5,57,12.500000
LH,58,11.875000,P1,5,58,12.750000
LH,58,12.125000,P1,5,58,13.000000
RH,60,12.333333,P1,5,60,13.250000
RH,63,12.625000,P1,5,63,13.500000
RH,63,12.750000,P1,5,63,13.750000
RH,61,13.000000,P1,5,61,14.000000
RH,60,13.125000,P1,5,60,14.250000
RH,60,13.375000,P1,5,60,14.500000
LH,58,13.625000,P1,5,58,14.750000
LH,56,13.750000,P1,5,56,15.000000
LH,56,14.000000,P1,5,56,15.250000
LH,56,14.250000,P1,5,56,15.500000
RH,61,14.500000,P1,5,61,15.750000
RH,61,14.666667,P1,5,61,16.000000
RH,60,14.875000,P1,5,60,16.250000
LH,58,15.125000,P1,5,58,16.500000
LH,56,15.250000,P1,5,56,16.750000
LH,58,15.500000,P1,5,58,17.000000
LH,53,15.750000,P1,5,53,17.250000
LH,54,16.375000,P1,5,54,18.000000
LH,54,16.625000,P1,5,54,18.250000
LH,57,16.875000,P1,5,57,18.500000
LH,58,17.125000,P1,5,58,18.750000
LH,58,17.333333,P1,5,58,19.000000
RH,60,17.500000,P1,5,60,19.250000
RH,63,17.750000,P1,5,63,19.500000
RH,63,18.000000,P1,5,63,19.750000
RH,61,18.125000,P1,5,61,20.000000
RH,60,18.333333,P1,5,60,20.250000
RH,60,18.625000,P1,5,60,20.500000
LH,58,18.750000,P1,5,58,20.750000
LH,56,19.000000,P1,5,56,21.000000
LH,56,19.250000,P1,5,56,21.250000
LH,56,19.375000,P1,5,56,21.500000
RH,61,19.625000,P1,5,61,21.750000
RH,61,19.875000,P1,5,61,22.000000
RH,60,20.000000,P1,5,60,22.250000
LH,58,20.250000,P1,5,58,22.500000
LH,56,20.500000,P1,5,56,22.750000
LH,58,20.666667,P1,5,58,23.000000
LH,53,21.000000,P1,5,53,23.250000
LH,56,21.750000,P1,5,56,24.000000
RH,61,21.750000,P1,5,61,24.000000
RH,66,21.750000,P1,2,66,24.000000
RH,70,21.750000,P1,1,70,24.000000
RH,66,21.875000,P1,2,66,24.250000
RH,70,21.875000,P1,1,70,24.250000
RH,66,22.125000,P1,2,66,24.500000
RH,70,22.125000,P1,1,70,24.500000
LH,49,22.375000,P1,5,49,24.750000
LH,56,22.375000,P1,5,56,24.750000
RH,70,22.375000,P1,1,70,24.750000
RH,65,22.666667,P1,2,65,25.000000
RH,66,22.875000,P1,2,66,25.250000
RH,70,22.875000,P1,1,70,25.250000
RH,62,23.125000,P1,2,62,25.500000
RH,63,23.333333,P1,2,63,25.750000
RH,66,23.333333,P1,1,66,25.750000
RH,65,23.500000,P1,2,65,26.000000
LH,37,23.750000,P1,5,37,26.250000
LH,49,23.750000,P1,5,49,26.250000
RH,66,23.750000,P1,2,66,26.250000
RH,70,23.750000,P1,1,70,26.250000
RH,73,24.000000,P1,1,73,26.500000
RH,68,24.125000,P1,2,68,26.750000
RH,72,24.125000,P1,1,72,26.750000
LH,56,24.375000,P1,5,56,27.000000
RH,61,24.375000,P1,5,61,27.000000
RH,65,24.375000,P1,2,65,27.000000
RH,68,24.375000,P1,1,68,27.000000
RH,65,24.625000,P1,2,65,27.250000
RH,68,24.625000,P1,1,68,27.250000
RH,65,24.875000,P1,2,65,27.500000
RH,68,24.875000,P1,1,68,27.500000
LH,49,25.125000,P1,5,49,27.750000
LH,56,25.125000,P1,5,56,27.750000
RH,65,25.125000,P1,2,65,27.750000
RH,68,25.125000,P1,1,68,27.750000
RH,61,25.333333,P1,2,61,28.000000
RH,63,25.500000,P1,2,63,28.250000
RH,66,25.500000,P1,1,66,28.250000
RH,65,25.750000,P1,2,65,28.500000
RH,66,26.000000,P1,2,66,28.750000
RH,70,26.000000,P1,1,70,28.750000
RH,65,26.125000,P1,2,65,29.000000
LH,37,26.375000,P1,5,37,29.250000
LH,49,26.375000,P1,5,49,29.250000
RH,61,26.375000,P1,2,61,29.250000
RH,65,26.375000,P1,1,65,29.250000
LH,56,27.125000,P1,5,56,30.000000
RH,61,27.125000,P1,5,61,30.000000
RH,66,27.125000,P1,2,66,30.000000
RH,70,27.125000,P1,1,70,30.000000
RH,66,27.375000,P1,2,66,30.250000
RH,70,27.375000,P1,1,70,30.250000
RH,66,27.625000,P1,2,66,30.500000
RH,70,27.625000,P1,1,70,30.500000
LH,56,27.750000,P1,5,56,30.750000
RH,66,27.750000,P1,2,66,30.750000
LH,49,27.875000,P1,5,49,30.750000
RH,65,28.000000,P1,2,65,31.000000
RH,66,28.250000,P1,2,66,31.250000
RH,70,28.250000,P1,1,70,31.250000
RH,62,28.500000,P1,2,62,31.500000
RH,63,28.666667,P1,2,63,31.750000
RH,66,28.666667,P1,1,66,31.750000
RH,65,28.875000,P1,2,65,32.000000
LH,37,29.125000,P1,5,37,32.250000
LH,49,29.125000,P1,5,49,32.250000
RH,66,29.125000,P1,2,66,32.250000
RH,70,29.125000,P1,1,70,32.250000
RH,73,29.375000,P1,1,73,32.500000
RH,68,29.500000,P1,2,68,32.750000
RH,72,29.500000,P1,1,72,32.750000
LH,56,29.750000,P1,5,56,33.000000
RH,61,29.750000,P1,5,61,33.000000
RH,65,29.750000,P1,2,65,33.000000
RH,68,29.750000,P1,1,68,33.000000
RH,65,30.000000,P1,2,65,33.250000
RH,68,30.000000,P1,1,68,33.250000
RH,65,30.250000,P1,2,65,33.500000
RH,68,30.250000,P1,1,68,33.500000
LH,49,30.375000,P1,5,49,33.750000
LH,56,30.375000,P1,5,56,33.750000
RH,65,30.375000,P1,2,65,33.750000
RH,68,30.375000,P1,1,68,33.750000
RH,61,30.666667,P1,2,61,34.000000
RH,63,30.875000,P1,2,63,34.250000
RH,66,30.875000,P1,1,66,34.250000
RH,65,31.125000,P1,2,65,34.500000
RH,66,31.333333,P1,2,66,34.750000
RH,70,31.333333,P1,1,70,34.750000
RH,65,31.500000,P1,2,65,35.000000
LH,37,31.750000,P1,5,37,35.250000
LH,49,31.750000,P1,5,49,35.250000
RH,61,31.750000,P1,2,61,35.250000
RH,65,31.750000,P1,1,65,35.250000
LH,49,32.500000,P1,5,49,36.000000
LH,54,32.500000,P1,5,54,36.000000
LH,58,32.500000,P1,5,58,36.000000
RH,62,32.500000,P1,2,62,36.000000
RH,63,32.666667,P1,2,63,36.250000
RH,66,32.666667,P1,1,66,36.250000
RH,65,32.875000,P1,2,65,36.500000
LH,37,33.000000,P1,5,37,36.750000
LH,49,33.000000,P1,5,49,36.750000
RH,66,33.000000,P1,2,66,36.750000
RH,70,33.000000,P1,1,70,36.750000
RH,69,33.125000,P1,2,69,37.000000
RH,69,33.250000,P1,2,69,37.000000
RH,70,33.500000,P1,2,70,37.250000
RH,73,33.500000,P1,1,73,37.250000
LH,56,33.666667,P1,5,56,37.500000
RH,63,33.666667,P1,5,63,37.500000
RH,66,33.666667,P1,5,66,37.500000
RH,71,33.666667,P1,2,71,37.500000
RH,72,33.875000,P1,2,72,37.750000
RH,75,33.875000,P1,1,75,37.750000
RH,73,34.000000,P1,1,73,38.000000
RH,70,34.125000,P1,2,70,38.000000
LH,37,34.333333,P1,5,37,38.250000
LH,49,34.333333,P1,5,49,38.250000
RH,68,34.333333,P1,2,68,38.250000
RH,72,34.333333,P1,1,72,38.250000
RH,67,34.625000,P1,2,67,38.500000
RH,66,34.750000,P1,2,66,38.750000
RH,70,34.750000,P1,1,70,38.750000
LH,49,35.000000,P1,5,49,39.000000
LH,56,35.000000,P1,5,56,39.000000
RH,61,35.000000,P1,5,61,39.000000
RH,64,35.000000,P1,2,64,39.000000
RH,65,35.250000,P1,2,65,39.250000
RH,68,35.250000,P1,1,68,39.250000
RH,67,35.500000,P1,2,67,39.500000
RH,61,35.625000,P1,5,61,39.750000
RH,63,35.625000,P1,5,63,39.750000
RH,66,35.625000,P1,5,66,39.750000
RH,73,35.625000,P1,1,73,39.750000
RH,68,35.666667,P1,2,68,39.750000
RH,69,35.875000,P1,2,69,40.000000
RH,72,36.125000,P1,1,72,40.250000
RH,65,36.250000,P1,5,65,40.500000
RH,68,36.500000,P1,1,68,40.750000
RH,70,36.875000,P1,1,70,41.000000
LH,49,37.000000,P1,5,49,41.250000
LH,56,37.000000,P1,5,56,41.250000
LH,59,37.000000,P1,5,59,41.250000
RH,62,37.000000,P1,2,62,41.250000
RH,65,37.000000,P1,1,65,41.250000
LH,49,37.875000,P1,5,49,42.000000
LH,54,37.875000,P1,5,54,42.000000
LH,58,37.875000,P1,5,58,42.000000
RH,62,37.875000,P1,2,62,42.000000
RH,63,38.125000,P1,2,63,42.250000
RH,66,38.125000,P1,1,66,42.250000
RH,65,38.333333,P1,2,65,42.500000
LH,37,38.500000,P1,5,37,42.750000
LH,49,38.500000,P1,5,49,42.750000
RH,66,38.500000,P1,2,66,42.750000
RH,70,38.500000,P1,1,70,42.750000
RH,69,38.666667,P1,2,69,43.000000
RH,70,38.875000,P1,2,70,43.250000
RH,73,38.875000,P1,1,73,43.250000
LH,56,39.125000,P1,5,56,43.500000
RH,63,39.125000,P1,5,63,43.500000
RH,66,39.125000,P1,5,66,43.500000
RH,71,39.125000,P1,2,71,43.500000
RH,72,39.333333,P1,2,72,43.750000
RH,75,39.333333,P1,1,75,43.750000
RH,70,39.500000,P1,2,70,44.000000
RH,73,39.500000,P1,1,73,44.000000
LH,37,39.750000,P1,5,37,44.250000
LH,49,39.750000,P1,5,49,44.250000
RH,68,39.750000,P1,2,68,44.250000
RH,72,39.750000,P1,1,72,44.250000
RH,67,39.875000,P1,2,67,44.500000
RH,66,40.125000,P1,2,66,44.750000
RH,70,40.125000,P1,1,70,44.750000
LH,49,40.333333,P1,5,49,45.000000
LH,56,40.333333,P1,5,56,45.000000
RH,61,40.333333,P1,5,61,45.000000
RH,64,40.333333,P1,2,64,45.000000
RH,65,40.625000,P1,2,65,45.250000
RH,68,40.625000,P1,1,68,45.250000
RH,67,40.750000,P1,2,67,45.500000
RH,61,41.000000,P1,5,61,45.750000
RH,63,41.000000,P1,5,63,45.750000
RH,66,41.000000,P1,5,66,45.750000
RH,68,41.000000,P1,2,68,45.750000
RH,73,41.000000,P1,1,73,45.750000
RH,69,41.250000,P1,2,69,46.000000
RH,72,41.500000,P1,1,72,46.250000
RH,65,41.750000,P1,5,65,46.500000
RH,68,42.000000,P1,1,68,46.750000
RH,70,42.375000,P1,1,70,47.000000
LH,46,42.750000,P1,5,46,47.250000
LH,55,42.750000,P1,5,55,47.250000
RH,61,42.750000,P1,2,61,47.250000
RH,65,42.750000,P1,1,65,47.250000
LH,53,43.500000,P1,5,53,48.000000
RH,60,43.666667,P1,2,60,48.000000
RH,65,43.666667,P1,1,65,48.000000
LH,53,43.875000,P1,5,53,48.250000
RH,60,43.875000,P1,2,60,48.250000
RH,60,44.125000,P1,2,60,48.500000
RH,65,44.125000,P1,1,65,48.500000
LH,58,44.333333,P1,2,58,48.750000
RH,65,44.333333,P1,1,65,48.750000
LH,53,44.625000,P1,5,53,49.000000
LH,58,44.625000,P1,2,58,49.000000
RH,60,44.750000,P1,2,60,49.250000
RH,65,44.750000,P1,1,65,49.250000
RH,61,45.000000,P1,2,61,49.500000
RH,65,45.000000,P1,1,65,49.500000
LH,53,45.250000,P1,5,53,49.750000
RH,61,45.250000,P1,2,61,49.750000
RH,63,45.500000,P1,2,63,50.000000
RH,65,45.500000,P1,1,65,50.000000
RH,60,45.666667,P1,2,60,50.250000
RH,65,45.666667,P1,1,65,50.250000
LH,53,45.875000,P1,5,53,50.500000
RH,60,45.875000,P1,2,60,50.500000
RH,61,46.125000,P1,2,61,50.750000
RH,65,46.125000,P1,1,65,50.750000
LH,58,46.333333,P1,2,58,51.000000
RH,63,46.333333,P1,1,63,51.000000
LH,51,46.500000,P1,5,51,51.250000
LH,58,46.500000,P1,2,58,51.250000
LH,56,46.750000,P1,2,56,51.500000
RH,63,46.750000,P1,1,63,51.500000
RH,63,47.000000,P1,1,63,51.750000
LH,51,47.125000,P1,5,51,52.000000
RH,61,47.125000,P1,2,61,52.000000
RH,60,47.375000,P1,2,60,52.250000
RH,63,47.375000,P1,1,63,52.250000
LH,58,47.625000,P1,2,58,52.500000
RH,63,47.625000,P1,1,63,52.500000
LH,51,47.875000,P1,5,51,52.750000
LH,58,47.875000,P1,2,58,52.750000
RH,60,48.000000,P1,2,60,53.000000
RH,63,48.000000,P1,1,63,53.000000
RH,61,48.250000,P1,2,61,53.250000
RH,63,48.250000,P1,1,63,53.250000
LH,51,48.375000,P1,5,51,53.500000
LH,58,48.666667,P1,2,58,53.750000
RH,63,48.666667,P1,1,63,53.750000
RH,60,48.875000,P1,2,60,54.000000
RH,65,48.875000,P1,1,65,54.000000
LH,53,49.125000,P1,5,53,54.250000
RH,60,49.125000,P1,2,60,54.250000
RH,60,49.333333,P1,2,60,54.500000
RH,65,49.333333,P1,1,65,54.500000
LH,58,49.500000,P1,2,58,54.750000
RH,65,49.500000,P1,1,65,54.750000
LH,53,49.666667,P1,5,53,55.000000
LH,58,49.666667,P1,2,58,55.000000
RH,60,50.000000,P1,2,60,55.250000
RH,65,50.000000,P1,1,65,55.250000
RH,61,50.125000,P1,2,61,55.500000
RH,65,50.125000,P1,1,65,55.500000
LH,53,50.375000,P1,5,53,55.750000
RH,61,50.375000,P1,2,61,55.750000
RH,63,50.625000,P1,2,63,56.000000
RH,65,50.625000,P1,1,65,56.000000
RH,60,50.875000,P1,2,60,56.250000
RH,65,50.875000,P1,1,65,56.250000
LH,53,51.000000,P1,5,53,56.500000
RH,61,51.250000,P1,2,61,56.750000
RH,65,51.250000,P1,1,65,56.750000
LH,58,51.500000,P1,2,58,57.000000
RH,63,51.500000,P1,1,63,57.000000
LH,51,51.666667,P1,5,51,57.250000
LH,58,51.666667,P1,2,58,57.250000
LH,56,51.875000,P1,2,56,57.500000
RH,63,51.875000,P1,1,63,57.500000
RH,61,52.125000,P1,2,61,57.750000
RH,63,52.125000,P1,1,63,57.750000
LH,51,52.333333,P1,5,51,58.000000
RH,61,52.333333,P1,2,61,58.000000
RH,60,52.500000,P1,2,60,58.250000
RH,63,52.500000,P1,1,63,58.250000
LH,58,52.750000,P1,2,58,58.500000
RH,63,52.750000,P1,1,63,58.500000
LH,51,53.000000,P1,5,51,58.750000
LH,58,53.000000,P1,2,58,58.750000
RH,60,53.250000,P1,2,60,59.000000
RH,63,53.250000,P1,1,63,59.000000
RH,61,53.375000,P1,2,61,59.250000
RH,63,53.375000,P1,1,63,59.250000
LH,51,53.625000,P1,5,51,59.500000
RH,61,53.625000,P1,2,61,59.500000
LH,58,53.875000,P1,2,58,59.750000
RH,63,53.875000,P1,1,63,59.750000
LH,53,54.125000,P1,5,53,60.000000
RH,60,54.125000,P1,2,60,60.000000
RH,60,54.250000,P1,2,60,60.250000
RH,65,54.500000,P1,2,65,60.500000
RH,72,54.500000,P1,2,72,60.500000
LH,53,54.750000,P1,5,53,60.750000
LH,58,54.750000,P1,2,58,60.750000
LH,58,54.875000,P1,2,58,61.000000
RH,65,54.875000,P1,1,65,61.000000
RH,70,54.875000,P1,2,70,61.000000
RH,60,55.125000,P1,2,60,61.250000
RH,72,55.125000,P1,2,72,61.250000
LH,53,55.333333,P1,5,53,61.500000
RH,61,55.333333,P1,2,61,61.500000
RH,61,55.500000,P1,2,61,61.750000
RH,65,55.500000,P1,1,65,61.750000
RH,73,55.500000,P1,2,73,61.750000
RH,63,55.750000,P1,2,63,62.000000
RH,75,55.750000,P1,2,75,62.000000
LH,53,56.000000,P1,5,53,62.250000
RH,60,56.000000,P1,2,60,62.250000
RH,60,56.125000,P1,2,60,62.500000
RH,65,56.125000,P1,1,65,62.500000
RH,72,56.125000,P1,2,72,62.500000
RH,61,56.375000,P1,2,61,62.750000
RH,73,56.375000,P1,2,73,62.750000
LH,51,56.625000,P1,5,51,63.000000
LH,58,56.625000,P1,2,58,63.000000
LH,58,56.750000,P1,2,58,63.250000
RH,63,56.750000,P1,1,63,63.250000
RH,70,56.750000,P1,2,70,63.250000
LH,56,57.000000,P1,2,56,63.500000
RH,68,57.000000,P1,2,68,63.500000
LH,51,57.250000,P1,5,51,63.750000
RH,61,57.250000,P1,2,61,63.750000
RH,61,57.375000,P1,2,61,64.000000
RH,63,57.375000,P1,1,63,64.000000
RH,73,57.375000,P1,2,73,64.000000
RH,60,57.625000,P1,2,60,64.250000
RH,72,57.625000,P1,2,72,64.250000
LH,51,57.875000,P1,5,51,64.500000
LH,58,57.875000,P1,2,58,64.500000
LH,58,58.000000,P1,2,58,64.750000
RH,70,58.000000,P1,2,70,64.750000
RH,60,58.250000,P1,2,60,65.000000
RH,72,58.250000,P1,2,72,65.000000
LH,51,58.500000,P1,5,51,65.250000
RH,61,58.500000,P1,2,61,65.250000
RH,61,58.666667,P1,2,61,65.500000
RH,73,58.666667,P1,2,73,65.500000
LH,58,58.875000,P1,2,58,65.750000
RH,70,58.875000,P1,2,70,65.750000
LH,53,59.125000,P1,5,53,66.000000
RH,60,59.125000,P1,2,60,66.000000
RH,60,59.375000,P1,2,60,66.250000
LH,41,59.500000,P1,5,41,66.500000
LH,53,59.500000,P1,5,53,66.500000
RH,65,59.500000,P1,2,65,66.500000
RH,72,59.500000,P1,2,72,66.500000
LH,58,60.000000,P1,2,58,67.000000
RH,65,60.000000,P1,1,65,67.000000
RH,70,60.000000,P1,2,70,67.000000
LH,53,60.125000,P1,5,53,67.250000
RH,60,60.125000,P1,2,60,67.250000
RH,72,60.125000,P1,2,72,67.250000
LH,53,60.375000,P1,5,53,67.500000
RH,61,60.375000,P1,2,61,67.500000
RH,61,60.625000,P1,2,61,67.750000
RH,65,60.625000,P1,1,65,67.750000
RH,73,60.625000,P1,2,73,67.750000
LH,41,60.875000,P1,5,41,68.000000
LH,53,60.875000,P1,5,53,68.000000
RH,63,60.875000,P1,2,63,68.000000
RH,75,60.875000,P1,2,75,68.000000
LH,53,61.000000,P1,5,53,68.250000
RH,60,61.000000,P1,2,60,68.250000
RH,60,61.250000,P1,2,60,68.500000
RH,65,61.250000,P1,1,65,68.500000
RH,72,61.250000,P1,2,72,68.500000
LH,41,61.375000,P1,5,41,68.750000
LH,53,61.375000,P1,5,53,68.750000
RH,61,61.375000,P1,2,61,68.750000
RH,73,61.375000,P1,2,73,68.750000
LH,51,61.666667,P1,5,51,69.000000
LH,58,61.666667,P1,2,58,69.000000
LH,58,61.875000,P1,2,58,69.250000
RH,63,61.875000,P1,1,63,69.250000
RH,70,61.875000,P1,2,70,69.250000
LH,39,62.000000,P1,5,39,69.500000
LH,56,62.000000,P1,2,56,69.500000
RH,68,62.000000,P1,2,68,69.500000
LH,51,62.250000,P1,5,51,69.750000
RH,61,62.250000,P1,2,61,69.750000
RH,61,62.500000,P1,2,61,70.000000
RH,73,62.500000,P1,2,73,70.000000
LH,51,62.666667,P1,5,51,70.250000
RH,72,62.666667,P1,2,72,70.250000
LH,39,62.750000,P1,5,39,70.250000
RH,60,62.750000,P1,2,60,70.250000
LH,51,62.875000,P1,5,51,70.500000
LH,58,62.875000,P1,2,58,70.500000
LH,58,63.125000,P1,2,58,70.750000
RH,70,63.125000,P1,2,70,70.750000
LH,39,63.250000,P1,5,39,71.000000
RH,60,63.250000,P1,2,60,71.000000
RH,72,63.250000,P1,2,72,71.000000
LH,51,63.500000,P1,5,51,71.250000
RH,61,63.500000,P1,2,61,71.250000
RH,61,63.750000,P1,2,61,71.500000
RH,73,64.000000,P1,2,73,71.750000
RH,63,64.125000,P1,2,63,71.750000
RH,61,64.250000,P1,5,61,72.000000
RH,66,64.250000,P1,2,66,72.000000
RH,70,64.250000,P1,1,70,72.000000
LH,54,64.500000,P1,5,54,72.250000
RH,66,64.500000,P1,2,66,72.250000
RH,70,64.500000,P1,1,70,72.250000
LH,51,64.666667,P1,5,51,72.500000
RH,66,64.666667,P1,2,66,72.500000
RH,70,64.666667,P1,1,70,72.500000
LH,37,65.000000,P1,7,37,72.750000
RH,66,65.000000,P1,2,66,72.750000
RH,70,65.000000,P1,1,70,72.750000
RH,65,65.250000,P1,2,65,73.000000
RH,63,65.375000,P1,5,63,73.250000
RH,66,65.500000,P1,2,66,73.250000
RH,70,65.500000,P1,1,70,73.250000
LH,56,65.625000,P1,6,56,73.500000
RH,62,65.666667,P1,2,62,73.500000
LH,54,65.875000,P1,6,54,73.750000
LH,58,65.875000,P1,5,58,73.750000
RH,63,65.875000,P1,2,63,73.750000
RH,66,65.875000,P1,1,66,73.750000
LH,53,66.000000,P1,6,53,74.000000
LH,56,66.000000,P1,5,56,74.000000
RH,65,66.000000,P1,2,65,74.000000
LH,51,66.250000,P1,6,51,74.250000
LH,54,66.250000,P1,5,54,74.250000
RH,66,66.250000,P1,2,66,74.250000
RH,70,66.250000,P1,1,70,74.250000
LH,58,66.375000,P1,5,58,74.500000
RH,73,66.500000,P1,1,73,74.500000
RH,72,66.666667,P1,1,72,74.750000
RH,61,66.875000,P1,5,61,75.000000
RH,65,66.875000,P1,2,65,75.000000
RH,68,66.875000,P1,1,68,75.000000
LH,56,67.125000,P1,5,56,75.250000
RH,65,67.125000,P1,2,65,75.250000
RH,68,67.125000,P1,1,68,75.250000
LH,53,67.333333,P1,5,53,75.500000
RH,65,67.375000,P1,2,65,75.500000
RH,68,67.375000,P1,1,68,75.500000
LH,37,67.625000,P1,6,37,75.750000
RH,65,67.625000,P1,2,65,75.750000
RH,68,67.625000,P1,1,68,75.750000
LH,53,67.875000,P1,5,53,76.000000
RH,61,67.875000,P1,2,61,76.000000
LH,56,68.000000,P1,5,56,76.250000
RH,63,68.000000,P1,2,63,76.250000
RH,66,68.000000,P1,1,66,76.250000
RH,61,68.250000,P1,5,61,76.500000
RH,65,68.250000,P1,2,65,76.500000
LH,49,68.500000,P1,5,49,76.750000
RH,66,68.500000,P1,2,66,76.750000
RH,70,68.500000,P1,1,70,76.750000
RH,68,68.666667,P1,1,68,77.000000
LH,56,68.750000,P1,5,56,77.000000
RH,61,68.875000,P1,2,61,77.250000
RH,65,68.875000,P1,5,65,77.250000
RH,73,69.666667,P1,5,73,78.000000
RH,81,69.666667,P1,1,81,78.000000
RH,66,69.875000,P1,5,66,78.250000
RH,78,69.875000,P1,2,78,78.250000
RH,81,69.875000,P1,1,81,78.250000
RH,63,70.125000,P1,5,63,78.500000
RH,78,70.125000,P1,2,78,78.500000
RH,81,70.125000,P1,1,81,78.500000
LH,49,70.333333,P1,7,49,78.750000
RH,78,70.333333,P1,2,78,78.750000
RH,81,70.333333,P1,1,81,78.750000
RH,77,70.625000,P1,2,77,79.000000
RH,75,70.750000,P1,5,75,79.250000
RH,81,70.750000,P1,1,81,79.250000
RH,78,70.875000,P1,2,78,79.250000
RH,68,71.000000,P1,6,68,79.500000
RH,74,71.000000,P1,2,74,79.500000
RH,65,71.250000,P1,6,65,80.000000
RH,66,71.250000,P1,6,66,79.750000
RH,69,71.250000,P1,5,69,79.750000
RH,75,71.250000,P1,2,75,79.750000
RH,78,71.250000,P1,1,78,79.750000
RH,68,71.500000,P1,5,68,80.000000
RH,77,71.500000,P1,2,77,80.000000
RH,63,71.625000,P1,6,63,80.250000
RH,66,71.625000,P1,5,66,80.250000
RH,78,71.666667,P1,2,78,80.250000
RH,81,71.666667,P1,1,81,80.250000
RH,69,71.875000,P1,5,69,80.500000
RH,85,71.875000,P1,1,85,80.500000
RH,68,72.125000,P1,5,68,80.750000
RH,84,72.125000,P1,1,84,80.750000
RH,73,72.333333,P1,5,73,81.000000
RH,76,72.333333,P1,2,76,81.000000
RH,80,72.333333,P1,1,80,81.000000
RH,68,72.500000,P1,5,68,81.250000
RH,76,72.500000,P1,2,76,81.250000
RH,80,72.500000,P1,1,80,81.250000
RH,64,72.750000,P1,5,64,81.500000
RH,76,72.750000,P1,2,76,81.500000
RH,80,72.750000,P1,1,80,81.500000
LH,49,73.000000,P1,6,49,81.750000
RH,76,73.000000,P1,2,76,81.750000
RH,80,73.000000,P1,1,80,81.750000
RH,73,73.250000,P1,2,73,82.000000
RH,68,73.375000,P1,5,68,82.250000
RH,75,73.375000,P1,2,75,82.250000
RH,78,73.375000,P1,1,78,82.250000
RH,73,73.625000,P1,5,73,82.500000
RH,76,73.625000,P1,2,76,82.500000
RH,61,73.750000,P1,5,61,82.750000
RH,78,73.750000,P1,2,78,82.750000
RH,81,73.750000,P1,1,81,82.750000
RH,68,74.000000,P1,5,68,83.000000
RH,80,74.000000,P1,1,80,83.000000
RH,73,74.250000,P1,2,73,83.250000
RH,76,74.250000,P1,5,76,83.250000
LH,56,75.000000,P1,5,56,84.000000
LH,59,75.000000,P1,5,59,84.000000
RH,62,75.000000,P1,2,62,84.000000
LH,54,75.250000,P1,5,54,84.250000
RH,63,75.250000,P1,2,63,84.250000
RH,66,75.250000,P1,1,66,84.250000
LH,58,75.333333,P1,5,58,84.250000
RH,65,75.375000,P1,2,65,84.500000
LH,53,75.500000,P1,5,53,84.500000
LH,56,75.500000,P1,5,56,84.500000
LH,54,75.625000,P1,5,54,84.750000
RH,66,75.625000,P1,2,66,84.750000
RH,70,75.750000,P1,1,70,84.750000
RH,69,75.875000,P1,2,69,85.000000
LH,37,76.000000,P1,6,37,85.250000
LH,49,76.000000,P1,6,49,85.250000
RH,70,76.000000,P1,2,70,85.250000
RH,73,76.000000,P1,1,73,85.250000
LH,55,76.250000,P1,5,55,85.500000
RH,71,76.250000,P1,2,71,85.500000
LH,56,76.500000,P1,5,56,85.750000
RH,72,76.500000,P1,2,72,85.750000
RH,75,76.500000,P1,1,75,85.750000
RH,73,76.625000,P1,1,73,86.000000
LH,57,76.666667,P1,5,57,86.000000
RH,70,76.666667,P1,2,70,86.000000
LH,58,76.875000,P1,5,58,86.250000
RH,68,76.875000,P1,2,68,86.250000
RH,72,76.875000,P1,1,72,86.250000
LH,59,77.125000,P1,5,59,86.500000
RH,67,77.125000,P1,2,67,86.500000
RH,66,77.333333,P1,2,66,86.750000
RH,70,77.333333,P1,1,70,86.750000
RH,64,77.500000,P1,2,64,87.000000
RH,65,77.750000,P1,2,65,87.250000
RH,68,77.750000,P1,1,68,87.250000
LH,49,78.000000,P1,6,49,87.500000
RH,67,78.000000,P1,2,67,87.500000
RH,68,78.125000,P1,2,68,87.750000
RH,73,78.125000,P1,1,73,87.750000
LH,54,78.250000,P1,6,54,88.000000
RH,69,78.333333,P1,2,69,88.000000
LH,49,78.500000,P1,6,49,88.250000
RH,72,78.500000,P1,1,72,88.250000
RH,61,78.750000,P1,2,61,88.500000
RH,70,78.750000,P1,1,70,88.500000
LH,53,79.000000,P1,6,53,88.750000
RH,68,79.000000,P1,1,68,88.750000
LH,49,79.125000,P1,6,49,89.000000
LH,56,79.375000,P1,5,56,89.250000
LH,59,79.375000,P1,5,59,89.250000
RH,62,79.375000,P1,2,62,89.250000
RH,65,79.375000,P1,1,65,89.250000
RH,68,80.125000,P1,5,68,90.000000
RH,71,80.125000,P1,5,71,90.000000
RH,74,80.125000,P1,2,74,90.000000
RH,66,80.333333,P1,5,66,90.250000
RH,69,80.333333,P1,5,69,90.250000
RH,75,80.333333,P1,2,75,90.250000
RH,78,80.333333,P1,1,78,90.250000
RH,65,80.500000,P1,5,65,90.500000
RH,68,80.500000,P1,5,68,90.500000
RH,77,80.500000,P1,2,77,90.500000
RH,66,80.666667,P1,5,66,90.750000
RH,81,80.666667,P1,1,81,90.750000
RH,78,80.750000,P1,2,78,90.750000
RH,80,81.000000,P1,2,80,91.000000
RH,81,81.125000,P1,2,81,91.250000
RH,85,81.125000,P1,1,85,91.250000
RH,67,81.375000,P1,5,67,91.500000
RH,83,81.375000,P1,2,83,91.500000
RH,68,81.500000,P1,5,68,91.750000
RH,84,81.500000,P1,2,84,91.750000
RH,87,81.500000,P1,1,87,91.750000
RH,69,81.750000,P1,5,69,92.000000
RH,81,81.750000,P1,2,81,92.000000
RH,70,82.000000,P1,5,70,92.250000
RH,80,82.000000,P1,2,80,92.250000
RH,84,82.000000,P1,1,84,92.250000
RH,71,82.125000,P1,5,71,92.500000
RH,79,82.125000,P1,2,79,92.500000
RH,72,82.333333,P1,5,72,92.750000
RH,75,82.625000,P1,2,75,93.000000
RH,68,82.750000,P1,6,68,93.250000
RH,76,82.750000,P1,2,76,93.250000
RH,80,82.750000,P1,1,80,93.250000
RH,61,83.125000,P1,6,61,93.500000
RH,85,83.375000,P1,1,85,93.750000
RH,74,83.500000,P1,5,74,93.750000
RH,68,83.875000,P1,6,68,94.000000
RH,80,83.875000,P1,2,80,94.000000
RH,64,84.125000,P1,6,64,94.250000
RH,83,84.125000,P1,1,83,94.250000
RH,81,84.250000,P1,1,81,94.500000
RH,76,84.333333,P1,2,76,94.500000
RH,64,84.500000,P1,6,64,94.750000
RH,80,84.500000,P1,1,80,94.750000
LH,57,84.666667,P1,6,57,95.000000
RH,81,84.666667,P1,1,81,95.000000
RH,64,84.875000,P1,5,64,95.250000
RH,76,84.875000,P1,1,76,95.250000
LH,42,85.500000,P1,5,42,96.000000
LH,45,85.500000,P1,5,45,96.000000
LH,50,85.500000,P1,1,50,96.000000
LH,54,85.500000,P1,1,54,96.000000
LH,57,85.750000,P1,1,57,96.250000
RH,62,85.750000,P1,1,62,96.250000
RH,66,86.000000,P1,1,66,96.500000
RH,69,86.000000,P1,1,69,96.500000
RH,78,86.250000,P1,1,78,96.750000
RH,65,86.375000,P1,1,65,97.000000
RH,61,86.500000,P1,1,61,97.000000
RH,62,86.666667,P1,1,62,97.250000
RH,66,86.666667,P1,1,66,97.250000
LH,58,86.875000,P1,5,58,97.500000
RH,61,86.875000,P1,5,61,97.500000
LH,59,87.125000,P1,5,59,97.750000
RH,61,87.250000,P1,5,61,98.000000
RH,65,87.250000,P1,5,65,98.000000
RH,62,87.500000,P1,2,62,98.250000
RH,66,87.500000,P1,1,66,98.250000
RH,69,87.666667,P1,1,69,98.500000
RH,64,87.875000,P1,2,64,98.750000
LH,44,88.125000,P1,5,44,99.000000
LH,51,88.125000,P1,5,51,99.000000
RH,60,88.333333,P1,1,60,99.250000
RH,63,88.333333,P1,1,63,99.250000
RH,66,88.625000,P1,1,66,99.500000
RH,72,88.625000,P1,1,72,99.500000
RH,75,88.750000,P1,5,75,99.750000
RH,78,88.750000,P1,1,78,99.750000
RH,60,89.000000,P1,1,60,100.000000
RH,63,89.000000,P1,1,63,100.000000
RH,61,89.250000,P1,1,61,100.250000
RH,64,89.250000,P1,1,64,100.250000
RH,63,89.375000,P1,1,63,100.500000
RH,66,89.375000,P1,1,66,100.500000
RH,64,89.625000,P1,1,64,100.750000
RH,68,89.625000,P1,1,68,100.750000
RH,63,89.875000,P1,1,63,101.000000
RH,66,89.875000,P1,1,66,101.000000
RH,60,90.000000,P1,5,60,101.250000
RH,63,90.000000,P1,5,63,101.250000
LH,54,90.750000,P1,5,54,102.000000
LH,57,90.750000,P1,5,57,102.000000
RH,62,90.750000,P1,1,62,102.000000
RH,66,90.750000,P1,1,66,102.000000
RH,69,90.875000,P1,1,69,102.250000
RH,74,91.000000,P1,1,74,102.250000
RH,78,91.250000,P1,1,78,102.500000
RH,81,91.250000,P1,1,81,102.500000
RH,86,91.333333,P1,5,86,102.750000
RH,90,91.333333,P1,1,90,102.750000
RH,77,91.500000,P1,1,77,103.000000
RH,73,91.625000,P1,1,73,103.000000
RH,74,91.750000,P1,1,74,103.250000
RH,78,91.750000,P1,1,78,103.250000
RH,70,92.000000,P1,1,70,103.500000
RH,73,92.000000,P1,1,73,103.500000
RH,71,92.250000,P1,1,71,103.750000
RH,74,92.250000,P1,1,74,103.750000
RH,73,92.375000,P1,1,73,104.000000
RH,77,92.375000,P1,1,77,104.000000
RH,74,92.625000,P1,2,74,104.250000
RH,78,92.625000,P1,1,78,104.250000
RH,81,92.750000,P1,1,81,104.500000
RH,76,93.000000,P1,2,76,104.750000
RH,80,93.000000,P1,1,80,104.750000
LH,56,93.250000,P1,5,56,105.000000
RH,68,93.250000,P1,1,68,105.000000
RH,72,93.375000,P1,1,72,105.250000
RH,75,93.375000,P1,1,75,105.250000
RH,78,93.625000,P1,1,78,105.500000
RH,84,93.625000,P1,1,84,105.500000
RH,87,93.875000,P1,5,87,105.750000
RH,90,93.875000,P1,1,90,105.750000
RH,72,94.000000,P1,1,72,106.000000
RH,75,94.000000,P1,1,75,106.000000
RH,73,94.250000,P1,1,73,106.250000
RH,76,94.250000,P1,1,76,106.250000
RH,75,94.500000,P1,1,75,106.500000
RH,78,94.500000,P1,1,78,106.500000
RH,76,94.666667,P1,1,76,106.750000
RH,80,94.666667,P1,1,80,106.750000
RH,75,94.875000,P1,1,75,107.000000
RH,78,94.875000,P1,1,78,107.000000
RH,75,95.125000,P1,5,75,107.250000
LH,42,95.750000,P1,5,42,108.000000
LH,50,95.750000,P1,5,50,108.000000
LH,57,96.000000,P1,1,57,108.250000
RH,62,96.000000,P1,1,62,108.250000
RH,61,96.125000,P1,1,61,108.500000
RH,64,96.125000,P1,1,64,108.500000
LH,50,96.375000,P1,5,50,108.750000
RH,62,96.375000,P1,1,62,108.750000
RH,62,96.625000,P1,1,62,109.000000
RH,66,96.625000,P1,1,66,109.000000
RH,64,96.750000,P1,1,64,109.250000
RH,68,96.750000,P1,1,68,109.250000
RH,66,97.000000,P1,1,66,109.500000
RH,66,97.250000,P1,1,66,109.750000
RH,69,97.250000,P1,1,69,109.750000
RH,64,97.375000,P1,1,64,110.000000
RH,68,97.375000,P1,1,68,110.000000
LH,57,97.625000,P1,5,57,110.250000
RH,62,97.625000,P1,1,62,110.250000
RH,62,97.750000,P1,1,62,110.500000
RH,66,97.750000,P1,1,66,110.500000
RH,61,98.000000,P1,1,61,110.750000
RH,64,98.000000,P1,1,64,110.750000
RH,60,98.375000,P1,1,60,111.250000
RH,68,98.375000,P1,1,68,111.250000
RH,63,98.500000,P1,1,63,111.500000
RH,70,98.625000,P1,1,70,111.500000
LH,56,98.750000,P1,5,56,111.750000
RH,68,99.000000,P1,1,68,112.000000
RH,72,99.000000,P1,1,72,112.000000
RH,70,99.250000,P1,1,70,112.250000
RH,73,99.250000,P1,1,73,112.250000
RH,68,99.375000,P1,5,68,112.500000
RH,72,99.375000,P1,1,72,112.500000
RH,72,99.625000,P1,1,72,112.750000
RH,75,99.625000,P1,1,75,112.750000
RH,73,99.750000,P1,1,73,113.000000
RH,76,99.750000,P1,1,76,113.000000
RH,75,100.000000,P1,5,75,113.250000
RH,78,100.000000,P1,5,78,113.250000
LH,54,100.625000,P1,5,54,114.000000
RH,74,100.875000,P1,1,74,114.250000
RH,73,101.000000,P1,1,73,114.500000
RH,76,101.000000,P1,1,76,114.500000
RH,62,101.250000,P1,5,62,114.750000
RH,74,101.250000,P1,1,74,114.750000
RH,74,101.375000,P1,1,74,115.000000
RH,78,101.375000,P1,1,78,115.000000
RH,76,101.625000,P1,1,76,115.250000
RH,80,101.625000,P1,1,80,115.250000
RH,78,101.750000,P1,1,78,115.500000
RH,78,102.000000,P1,1,78,115.750000
RH,81,102.000000,P1,1,81,115.750000
RH,76,102.250000,P1,1,76,116.000000
RH,80,102.250000,P1,1,80,116.000000
RH,69,102.375000,P1,5,69,116.250000
RH,74,102.375000,P1,1,74,116.250000
RH,74,102.625000,P1,1,74,116.500000
RH,78,102.625000,P1,1,78,116.500000
RH,76,102.750000,P1,1,76,116.750000
RH,73,102.875000,P1,1,73,116.750000
LH,56,103.000000,P1,5,56,117.000000
RH,72,103.250000,P1,1,72,117.250000
RH,80,103.250000,P1,1,80,117.250000
RH,75,103.333333,P1,1,75,117.500000
RH,82,103.375000,P1,1,82,117.500000
RH,68,103.625000,P1,5,68,117.750000
RH,80,103.750000,P1,1,80,118.000000
RH,84,103.750000,P1,1,84,118.000000
RH,82,104.000000,P1,1,82,118.250000
RH,85,104.000000,P1,1,85,118.250000
RH,80,104.125000,P1,5,80,118.500000
RH,84,104.125000,P1,1,84,118.500000
RH,84,104.375000,P1,1,84,118.750000
RH,87,104.375000,P1,1,87,118.750000
RH,85,104.500000,P1,1,85,119.000000
RH,88,104.500000,P1,1,88,119.000000
RH,87,104.750000,P1,5,87,119.250000
RH,90,104.750000,P1,5,90,119.250000
RH,66,105.375000,P1,5,66,120.000000
RH,81,105.625000,P1,1,81,120.250000
RH,86,105.625000,P1,1,86,120.250000
RH,85,105.750000,P1,1,85,120.500000
RH,88,105.750000,P1,1,88,120.500000
RH,74,106.000000,P1,5,74,120.750000
RH,86,106.000000,P1,1,86,120.750000
RH,86,106.250000,P1,1,86,121.000000
RH,88,106.375000,P1,1,88,121.250000
RH,92,106.375000,P1,1,92,121.250000
RH,90,106.625000,P1,1,90,121.500000
RH,90,106.750000,P1,1,90,121.750000
RH,93,106.750000,P1,1,93,121.750000
RH,88,107.000000,P1,1,88,122.000000
RH,92,107.000000,P1,1,92,122.000000
RH,86,107.125000,P1,1,86,122.250000
RH,85,107.375000,P1,1,85,122.500000
RH,88,107.375000,P1,1,88,122.500000
RH,83,107.625000,P1,1,83,122.750000
RH,86,107.625000,P1,1,86,122.750000
RH,76,107.750000,P1,5,76,123.000000
RH,79,107.750000,P1,5,79,123.000000
RH,82,108.000000,P1,1,82,123.250000
RH,85,108.000000,P1,1,85,123.250000
RH,77,108.125000,P1,5,77,123.500000
RH,80,108.125000,P1,5,80,123.500000
RH,83,108.125000,P1,1,83,123.500000
RH,86,108.125000,P1,1,86,123.500000
RH,78,108.375000,P1,5,78,123.750000
RH,81,108.375000,P1,5,81,123.750000
RH,84,108.625000,P1,1,84,124.000000
RH,87,108.625000,P1,1,87,124.000000
RH,79,108.750000,P1,5,79,124.250000
RH,85,108.750000,P1,1,85,124.250000
RH,88,108.750000,P1,1,88,124.250000
RH,80,109.000000,P1,5,80,124.500000
RH,83,109.000000,P1,5,83,124.500000
RH,86,109.250000,P1,1,86,124.750000
RH,89,109.250000,P1,1,89,124.750000
RH,81,109.375000,P1,5,81,125.000000
RH,84,109.375000,P1,5,84,125.000000
RH,87,109.375000,P1,1,87,125.000000
RH,90,109.375000,P1,1,90,125.000000
RH,82,109.625000,P1,5,82,125.250000
RH,85,109.625000,P1,5,85,125.250000
RH,88,109.750000,P1,1,88,125.500000
RH,91,109.750000,P1,1,91,125.500000
RH,83,110.000000,P1,5,83,125.750000
RH,86,110.000000,P1,5,86,125.750000
RH,89,110.000000,P1,1,89,125.750000
RH,92,110.000000,P1,1,92,125.750000
RH,84,110.250000,P1,5,84,126.000000
RH,87,110.250000,P1,5,87,126.000000
RH,90,110.375000,P1,1,90,126.250000
RH,93,110.375000,P1,1,93,126.250000
RH,85,110.625000,P1,5,85,126.500000
RH,88,110.625000,P1,5,88,126.500000
RH,91,110.625000,P1,1,91,126.500000
RH,94,110.625000,P1,1,94,126.500000
RH,86,110.875000,P1,5,86,126.750000
RH,89,110.875000,P1,5,89,126.750000
RH,92,111.000000,P1,1,92,127.000000
RH,95,111.000000,P1,1,95,127.000000
RH,87,111.250000,P1,5,87,127.250000
RH,90,111.250000,P1,5,90,127.250000
RH,93,111.250000,P1,1,93,127.250000
RH,96,111.250000,P1,1,96,127.250000
RH,88,111.500000,P1,5,88,127.500000
RH,91,111.500000,P1,5,91,127.500000
RH,94,111.500000,P1,1,94,127.500000
RH,95,111.625000,P1,1,95,127.750000
RH,96,111.666667,P1,1,96,128.000000
RH,91,112.000000,P1,5,91,128.250000
RH,94,112.000000,P1,5,94,128.250000
RH,100,112.000000,P1,1,100,128.250000
LH,42,115.250000,P1,5,42,132.000000
RH,60,115.250000,P1,1,60,132.000000
RH,60,116.375000,P1,1,60,132.500000
LH,58,116.750000,P1,1,58,132.750000
LH,44,117.125000,P1,5,44,133.000000
RH,60,117.250000,P1,1,60,133.250000
LH,42,117.375000,P1,5,42,133.250000
RH,61,117.500000,P1,1,61,133.500000
LH,44,117.875000,P1,5,44,133.750000
LH,56,118.125000,P1,5,56,134.000000
RH,63,118.125000,P1,1,63,134.000000
RH,60,118.333333,P1,1,60,134.250000
LH,44,118.500000,P1,5,44,134.500000
LH,42,118.875000,P1,5,42,134.750000
RH,61,118.875000,P1,1,61,134.750000
LH,41,119.125000,P1,5,41,135.000000
LH,58,119.125000,P1,1,58,135.000000
LH,44,119.375000,P1,5,44,135.250000
RH,61,119.875000,P1,1,61,135.750000
LH,44,120.125000,P1,5,44,136.000000
RH,60,120.375000,P1,1,60,136.250000
LH,41,120.500000,P1,5,41,136.250000
LH,56,120.666667,P1,2,56,136.500000
LH,58,120.666667,P1,1,58,136.500000
LH,44,121.000000,P1,5,44,136.750000
RH,60,121.250000,P1,1,60,137.000000
LH,55,121.500000,P1,2,55,137.250000
RH,61,121.500000,P1,1,61,137.250000
LH,44,121.750000,P1,5,44,137.500000
RH,61,122.125000,P1,1,61,137.750000
LH,39,122.500000,P1,5,39,138.000000
RH,60,122.500000,P1,1,60,138.000000
LH,54,122.625000,P1,2,54,138.000000
RH,60,123.333333,P1,1,60,138.500000
LH,58,123.500000,P1,1,58,138.750000
LH,44,123.875000,P1,5,44,139.000000
RH,60,124.000000,P1,1,60,139.250000
LH,39,124.125000,P1,5,39,139.250000
RH,61,124.250000,P1,1,61,139.500000
LH,54,124.333333,P1,2,54,139.500000
LH,44,124.666667,P1,5,44,139.750000
RH,63,124.750000,P1,1,63,140.000000
LH,54,125.000000,P1,2,54,140.250000
RH,60,125.000000,P1,1,60,140.250000
LH,44,125.250000,P1,5,44,140.500000
LH,39,125.375000,P1,5,39,140.750000
RH,61,125.375000,P1,1,61,140.750000
LH,37,125.750000,P1,5,37,141.000000
LH,53,125.750000,P1,2,53,141.000000
LH,58,125.750000,P1,1,58,141.000000
LH,44,126.125000,P1,5,44,141.250000
RH,61,126.500000,P1,1,61,141.750000
LH,57,126.750000,P1,5,57,142.000000
LH,45,127.000000,P1,5,45,142.250000
RH,60,127.000000,P1,1,60,142.250000
LH,37,127.250000,P1,5,37,142.500000
LH,53,127.250000,P1,2,53,142.500000
LH,58,127.250000,P1,1,58,142.500000
LH,46,127.625000,P1,5,46,142.750000
RH,60,127.750000,P1,1,60,143.000000
LH,53,128.000000,P1,2,53,143.250000
LH,58,128.000000,P1,5,58,143.000000
RH,61,128.000000,P1,1,61,143.250000
LH,46,128.666667,P1,5,46,143.500000
LH,37,129.000000,P1,5,37,143.750000
LH,59,129.125000,P1,2,59,144.000000
RH,65,129.125000,P1,1,65,144.000000
RH,65,129.875000,P1,1,65,144.500000
RH,63,130.125000,P1,1,63,144.750000
LH,49,130.500000,P1,5,49,145.000000
RH,65,130.625000,P1,1,65,145.250000
LH,47,130.750000,P1,5,47,145.250000
LH,56,130.875000,P1,2,56,145.500000
RH,66,130.875000,P1,1,66,145.500000
LH,49,131.250000,P1,5,49,145.750000
LH,59,131.250000,P1,5,59,146.000000
RH,68,131.250000,P1,1,68,146.000000
RH,65,131.500000,P1,1,65,146.250000
RH,66,132.000000,P1,1,66,146.750000
LH,46,132.250000,P1,5,46,147.000000
LH,54,132.250000,P1,2,54,147.000000
RH,63,132.250000,P1,1,63,147.000000
LH,49,132.500000,P1,5,49,147.250000
RH,61,132.666667,P1,1,61,147.500000
LH,58,132.750000,P1,5,58,147.500000
RH,66,132.875000,P1,1,66,147.750000
LH,50,133.125000,P1,5,50,148.000000
LH,46,133.375000,P1,5,46,148.250000
RH,65,133.375000,P1,1,65,148.250000
LH,54,133.666667,P1,2,54,148.500000
RH,63,133.666667,P1,1,63,148.500000
LH,51,134.000000,P1,5,51,148.750000
RH,65,134.250000,P1,1,65,149.000000
LH,58,134.375000,P1,5,58,149.000000
RH,63,134.500000,P1,2,63,149.250000
RH,66,134.500000,P1,1,66,149.250000
LH,51,134.875000,P1,5,51,149.500000
LH,46,135.125000,P1,5,46,149.750000
RH,66,135.125000,P1,1,66,149.750000
RH,61,135.625000,P1,2,61,150.000000
RH,67,135.625000,P1,1,67,150.000000
LH,52,136.000000,P1,5,52,150.250000
RH,67,136.250000,P1,1,67,150.500000
LH,58,136.333333,P1,5,58,150.500000
RH,65,136.500000,P1,1,65,150.750000
LH,52,136.666667,P1,5,52,151.000000
LH,46,136.875000,P1,5,46,151.250000
RH,67,136.875000,P1,1,67,151.250000
RH,61,137.125000,P1,2,61,151.500000
RH,68,137.125000,P1,1,68,151.500000
LH,52,137.375000,P1,5,52,151.750000
LH,58,137.625000,P1,5,58,152.000000
RH,70,137.625000,P1,1,70,152.000000
RH,67,137.875000,P1,1,67,152.250000
LH,52,138.000000,P1,5,52,152.500000
LH,46,138.250000,P1,5,46,152.750000
RH,68,138.250000,P1,1,68,152.750000
RH,61,138.625000,P1,2,61,153.000000
RH,65,138.625000,P1,1,65,153.000000
LH,53,138.875000,P1,5,53,153.250000
LH,58,139.125000,P1,5,58,153.500000
RH,64,139.125000,P1,1,64,153.500000
RH,68,139.250000,P1,1,68,153.750000
LH,53,139.625000,P1,5,53,154.000000
RH,67,139.750000,P1,1,67,154.250000
LH,46,139.875000,P1,5,46,154.250000
RH,61,140.000000,P1,2,61,154.500000
RH,65,140.000000,P1,1,65,154.500000
LH,53,140.333333,P1,5,53,154.750000
RH,64,140.625000,P1,1,64,155.000000
RH,67,140.625000,P1,1,67,155.000000
LH,58,140.666667,P1,5,58,155.000000
RH,65,141.000000,P1,1,65,155.250000
RH,68,141.000000,P1,1,68,155.250000
RH,67,141.750000,P1,1,67,155.750000
RH,70,141.750000,P1,1,70,155.750000
LH,37,142.375000,P1,5,37,156.000000
RH,60,143.125000,P1,1,60,156.250000
RH,61,143.500000,P1,1,61,156.500000
RH,60,143.666667,P1,1,60,156.750000
RH,63,143.666667,P1,1,63,156.750000
RH,66,143.666667,P1,1,66,156.750000
RH,72,143.666667,P1,1,72,156.750000
LH,58,143.875000,P1,1,58,157.000000
RH,60,144.125000,P1,1,60,157.250000
RH,63,144.125000,P1,1,63,157.250000
RH,66,144.125000,P1,1,66,157.250000
RH,72,144.125000,P1,1,72,157.250000
RH,61,144.333333,P1,1,61,157.500000
RH,63,144.625000,P1,1,63,157.750000
RH,66,144.625000,P1,1,66,157.750000
RH,75,144.625000,P1,1,75,157.750000
RH,61,144.875000,P1,1,61,158.000000
RH,60,145.125000,P1,1,60,158.250000
RH,63,145.125000,P1,1,63,158.250000
RH,66,145.125000,P1,1,66,158.250000
RH,72,145.125000,P1,1,72,158.250000
RH,61,145.333333,P1,1,61,158.500000
RH,60,145.500000,P1,1,60,158.750000
RH,63,145.500000,P1,1,63,158.750000
RH,66,145.500000,P1,1,66,158.750000
RH,72,145.500000,P1,1,72,158.750000
LH,37,145.750000,P1,5,37,159.000000
LH,58,146.000000,P1,1,58,159.250000
RH,61,146.000000,P1,1,61,159.250000
RH,65,146.000000,P1,1,65,159.250000
RH,70,146.000000,P1,1,70,159.250000
LH,56,146.250000,P1,1,56,159.500000
RH,61,146.500000,P1,1,61,159.750000
RH,65,146.500000,P1,1,65,159.750000
RH,68,146.500000,P1,1,68,159.750000
RH,73,146.500000,P1,1,73,159.750000
RH,60,146.750000,P1,1,60,160.000000
RH,61,146.875000,P1,1,61,160.250000
RH,65,146.875000,P1,1,65,160.250000
RH,68,146.875000,P1,1,68,160.250000
RH,73,147.000000,P1,1,73,160.250000
LH,57,147.250000,P1,1,57,160.500000
LH,58,147.375000,P1,1,58,160.750000
RH,64,147.375000,P1,1,64,160.750000
RH,67,147.375000,P1,1,67,160.750000
RH,70,147.375000,P1,1,70,160.750000
RH,60,147.666667,P1,1,60,161.000000
RH,61,147.875000,P1,1,61,161.250000
RH,67,147.875000,P1,1,67,161.250000
RH,73,147.875000,P1,1,73,161.250000
RH,60,148.125000,P1,1,60,161.500000
LH,58,148.250000,P1,1,58,161.750000
RH,64,148.250000,P1,1,64,161.750000
RH,70,148.250000,P1,1,70,161.750000
LH,37,148.625000,P1,5,37,162.000000
RH,60,148.875000,P1,1,60,162.250000
RH,63,148.875000,P1,1,63,162.250000
RH,66,148.875000,P1,1,66,162.250000
RH,72,148.875000,P1,1,72,162.250000
RH,61,149.125000,P1,1,61,162.500000
RH,60,149.333333,P1,1,60,162.750000
RH,63,149.333333,P1,1,63,162.750000
RH,66,149.333333,P1,1,66,162.750000
RH,72,149.333333,P1,1,72,162.750000
LH,58,149.500000,P1,1,58,163.000000
RH,60,149.750000,P1,1,60,163.250000
RH,63,149.750000,P1,1,63,163.250000
RH,66,149.750000,P1,1,66,163.250000
RH,72,149.750000,P1,1,72,163.250000
RH,61,149.875000,P1,1,61,163.500000
RH,63,150.125000,P1,1,63,163.750000
RH,66,150.125000,P1,1,66,163.750000
RH,75,150.125000,P1,1,75,163.750000
RH,61,150.333333,P1,1,61,164.000000
RH,60,150.625000,P1,1,60,164.250000
RH,72,150.625000,P1,1,72,164.250000
RH,63,150.666667,P1,1,63,164.250000
RH,61,150.750000,P1,1,61,164.500000
RH,60,151.000000,P1,1,60,164.750000
RH,63,151.000000,P1,1,63,164.750000
RH,66,151.000000,P1,1,66,164.750000
RH,72,151.000000,P1,1,72,164.750000
LH,37,151.250000,P1,5,37,165.000000
LH,58,151.500000,P1,1,58,165.250000
RH,61,151.500000,P1,1,61,165.250000
RH,65,151.500000,P1,1,65,165.250000
RH,70,151.500000,P1,1,70,165.250000
LH,56,151.666667,P1,1,56,165.500000
RH,61,151.875000,P1,1,61,165.750000
RH,65,151.875000,P1,1,65,165.750000
RH,68,151.875000,P1,1,68,165.750000
RH,73,151.875000,P1,1,73,165.750000
RH,60,152.125000,P1,1,60,166.000000
RH,61,152.250000,P1,1,61,166.250000
RH,65,152.250000,P1,1,65,166.250000
RH,68,152.250000,P1,1,68,166.250000
RH,73,152.250000,P1,1,73,166.250000
LH,57,152.500000,P1,1,57,166.500000
LH,58,152.750000,P1,1,58,166.750000
RH,64,152.750000,P1,1,64,166.750000
RH,67,152.750000,P1,1,67,166.750000
RH,70,152.750000,P1,1,70,166.750000
RH,60,153.000000,P1,1,60,167.000000
RH,61,153.125000,P1,1,61,167.250000
RH,73,153.125000,P1,1,73,167.250000
RH,60,153.375000,P1,1,60,167.500000
LH,58,153.625000,P1,1,58,167.750000
RH,66,153.625000,P1,1,66,167.750000
RH,70,153.625000,P1,1,70,167.750000
LH,49,153.875000,P1,5,49,168.000000
LH,56,153.875000,P1,5,56,168.000000
RH,65,154.125000,P1,1,65,168.250000
RH,77,154.125000,P1,1,77,168.250000
RH,71,154.250000,P1,1,71,168.250000
RH,66,154.500000,P1,1,66,168.500000
RH,65,154.666667,P1,1,65,168.750000
RH,68,154.666667,P1,1,68,168.750000
RH,71,154.666667,P1,1,71,168.750000
RH,77,154.666667,P1,1,77,168.750000
RH,63,154.875000,P1,1,63,169.000000
RH,65,155.000000,P1,1,65,169.250000
RH,68,155.000000,P1,1,68,169.250000
RH,71,155.000000,P1,1,71,169.250000
RH,77,155.000000,P1,1,77,169.250000
RH,66,155.250000,P1,1,66,169.500000
RH,68,155.500000,P1,1,68,169.750000
RH,71,155.500000,P1,1,71,169.750000
RH,80,155.500000,P1,1,80,169.750000
RH,66,155.666667,P1,1,66,170.000000
RH,65,155.875000,P1,1,65,170.250000
RH,68,155.875000,P1,1,68,170.250000
RH,71,155.875000,P1,1,71,170.250000
RH,77,155.875000,P1,1,77,170.250000
RH,66,156.125000,P1,1,66,170.500000
RH,65,156.333333,P1,1,65,170.750000
RH,68,156.333333,P1,1,68,170.750000
RH,71,156.333333,P1,1,71,170.750000
RH,77,156.333333,P1,1,77,170.750000
LH,49,156.625000,P1,5,49,171.000000
LH,54,156.625000,P1,5,54,171.000000
RH,63,156.875000,P1,1,63,171.250000
RH,75,156.875000,P1,1,75,171.250000
RH,61,157.125000,P1,1,61,171.500000
RH,66,157.250000,P1,1,66,171.750000
RH,70,157.250000,P1,1,70,171.750000
RH,73,157.250000,P1,1,73,171.750000
RH,78,157.250000,P1,1,78,171.750000
RH,65,157.500000,P1,1,65,172.000000
RH,66,157.666667,P1,1,66,172.250000
RH,70,157.666667,P1,1,70,172.250000
RH,73,157.666667,P1,1,73,172.250000
RH,78,157.666667,P1,1,78,172.250000
RH,62,157.875000,P1,1,62,172.500000
RH,63,158.125000,P1,1,63,172.750000
RH,66,158.125000,P1,1,66,172.750000
RH,70,158.125000,P1,1,70,172.750000
RH,75,158.125000,P1,1,75,172.750000
RH,65,158.333333,P1,1,65,173.000000
RH,66,158.500000,P1,1,66,173.250000
RH,70,158.500000,P1,1,70,173.250000
RH,78,158.500000,P1,1,78,173.250000
RH,65,158.750000,P1,1,65,173.500000
RH,63,159.000000,P1,1,63,173.750000
RH,66,159.000000,P1,1,66,173.750000
RH,75,159.000000,P1,1,75,173.750000
RH,70,159.125000,P1,1,70,173.750000
LH,49,159.250000,P1,5,49,174.000000
LH,52,159.250000,P1,5,52,174.000000
RH,67,159.625000,P1,1,67,174.250000
RH,70,159.625000,P1,1,70,174.250000
RH,73,159.625000,P1,1,73,174.250000
RH,79,159.625000,P1,1,79,174.250000
RH,68,159.875000,P1,1,68,174.500000
RH,67,160.000000,P1,1,67,174.750000
RH,70,160.000000,P1,1,70,174.750000
RH,73,160.000000,P1,1,73,174.750000
RH,79,160.000000,P1,1,79,174.750000
RH,65,160.250000,P1,1,65,175.000000
RH,67,160.375000,P1,1,67,175.250000
RH,70,160.375000,P1,1,70,175.250000
RH,73,160.375000,P1,1,73,175.250000
RH,79,160.375000,P1,1,79,175.250000
RH,68,160.625000,P1,1,68,175.500000
RH,70,160.750000,P1,1,70,175.750000
RH,73,160.750000,P1,1,73,175.750000
RH,82,160.750000,P1,1,82,175.750000
RH,68,161.000000,P1,1,68,176.000000
RH,67,161.250000,P1,1,67,176.250000
RH,70,161.250000,P1,1,70,176.250000
RH,79,161.250000,P1,1,79,176.250000
RH,68,161.375000,P1,1,68,176.500000
RH,67,161.625000,P1,1,67,176.750000
RH,70,161.625000,P1,1,70,176.750000
RH,73,161.625000,P1,1,73,176.750000
RH,79,161.625000,P1,1,79,176.750000
LH,49,161.875000,P1,5,49,177.000000
LH,53,161.875000,P1,5,53,177.000000
RH,65,162.125000,P1,1,65,177.250000
RH,70,162.125000,P1,1,70,177.250000
RH,73,162.125000,P1,1,73,177.250000
RH,77,162.125000,P1,1,77,177.250000
RH,64,162.333333,P1,1,64,177.500000
RH,68,162.500000,P1,1,68,177.750000
RH,70,162.500000,P1,1,70,177.750000
RH,73,162.500000,P1,1,73,177.750000
RH,80,162.500000,P1,1,80,177.750000
RH,67,162.750000,P1,1,67,178.000000
RH,68,162.875000,P1,1,68,178.250000
RH,70,162.875000,P1,1,70,178.250000
RH,73,162.875000,P1,1,73,178.250000
RH,80,162.875000,P1,1,80,178.250000
RH,64,163.125000,P1,1,64,178.500000
RH,65,163.333333,P1,1,65,178.750000
RH,77,163.333333,P1,1,77,178.750000
RH,66,163.500000,P1,1,66,179.000000
RH,67,163.750000,P1,1,67,179.250000
RH,79,163.750000,P1,1,79,179.250000
RH,68,164.000000,P1,1,68,179.500000
RH,69,164.125000,P1,1,69,179.750000
RH,81,164.125000,P1,1,81,179.750000
LH,44,164.375000,P1,5,44,180.000000
LH,49,164.375000,P1,5,49,180.000000
LH,58,164.625000,P1,1,58,180.250000
RH,61,164.625000,P1,1,61,180.250000
RH,70,164.875000,P1,1,70,180.500000
RH,78,165.125000,P1,5,78,180.750000
RH,65,165.250000,P1,1,65,181.000000
RH,69,165.250000,P1,1,69,181.000000
RH,66,165.500000,P1,1,66,181.250000
RH,70,165.500000,P1,1,70,181.250000
RH,62,165.750000,P1,1,62,181.500000
RH,65,165.750000,P1,1,65,181.500000
RH,63,166.000000,P1,1,63,181.750000
RH,66,166.000000,P1,1,66,181.750000
RH,65,166.125000,P1,1,65,182.000000
RH,69,166.125000,P1,1,69,182.000000
RH,66,166.333333,P1,5,66,182.250000
RH,70,166.333333,P1,1,70,182.250000
RH,73,166.500000,P1,1,73,182.500000
RH,68,166.750000,P1,5,68,182.750000
RH,72,166.750000,P1,1,72,182.750000
LH,44,167.000000,P1,5,44,183.000000
LH,49,167.000000,P1,5,49,183.000000
LH,56,167.250000,P1,1,56,183.250000
RH,68,167.500000,P1,1,68,183.500000
RH,77,167.666667,P1,5,77,183.750000
RH,80,167.666667,P1,1,80,183.750000
RH,61,167.875000,P1,1,61,184.000000
RH,65,167.875000,P1,1,65,184.000000
RH,63,168.000000,P1,1,63,184.250000
RH,66,168.000000,P1,1,66,184.250000
RH,68,168.250000,P1,1,68,184.500000
RH,66,168.500000,P1,1,66,184.750000
RH,70,168.500000,P1,1,70,184.750000
RH,65,168.666667,P1,1,65,185.000000
RH,68,168.666667,P1,1,68,185.000000
RH,61,168.875000,P1,5,61,185.250000
RH,65,168.875000,P1,5,65,185.250000
LH,56,169.625000,P1,5,56,186.000000
RH,61,169.625000,P1,5,61,186.000000
RH,70,169.875000,P1,1,70,186.250000
RH,73,169.875000,P1,1,73,186.250000
RH,82,170.000000,P1,1,82,186.500000
RH,90,170.250000,P1,1,90,186.750000
RH,94,170.250000,P1,1,94,186.750000
RH,77,170.375000,P1,1,77,187.000000
RH,81,170.375000,P1,1,81,187.000000
RH,78,170.666667,P1,1,78,187.250000
RH,82,170.666667,P1,1,82,187.250000
RH,74,171.000000,P1,1,74,187.500000
RH,77,171.000000,P1,1,77,187.500000
RH,75,171.125000,P1,1,75,187.750000
RH,78,171.125000,P1,1,78,187.750000
RH,77,171.375000,P1,1,77,188.000000
RH,81,171.375000,P1,1,81,188.000000
RH,78,171.500000,P1,5,78,188.250000
RH,82,171.500000,P1,1,82,188.250000
RH,85,171.750000,P1,1,85,188.500000
RH,80,172.000000,P1,5,80,188.750000
RH,84,172.000000,P1,1,84,188.750000
LH,56,172.250000,P1,5,56,189.000000
RH,61,172.250000,P1,5,61,189.000000
RH,68,172.375000,P1,1,68,189.250000
RH,73,172.375000,P1,1,73,189.250000
RH,80,172.666667,P1,1,80,189.500000
RH,89,172.875000,P1,1,89,189.750000
RH,92,172.875000,P1,1,92,189.750000
RH,73,173.125000,P1,1,73,190.000000
RH,77,173.125000,P1,1,77,190.000000
RH,78,173.250000,P1,1,78,190.250000
RH,80,173.500000,P1,1,80,190.500000
RH,82,173.666667,P1,1,82,190.750000
RH,78,173.750000,P1,1,78,190.750000
RH,77,173.875000,P1,1,77,191.000000
RH,80,173.875000,P1,1,80,191.000000
RH,73,174.125000,P1,5,73,191.250000
RH,77,174.125000,P1,5,77,191.250000
LH,54,174.875000,P1,5,54,192.000000
LH,58,174.875000,P1,5,58,192.000000
RH,63,174.875000,P1,5,63,192.000000
RH,66,175.125000,P1,1,66,192.250000
RH,78,175.125000,P1,1,78,192.250000
LH,49,175.250000,P1,6,49,192.375000
RH,68,175.250000,P1,1,68,192.500000
RH,80,175.250000,P1,1,80,192.500000
LH,54,175.500000,P1,5,54,192.750000
LH,58,175.500000,P1,5,58,192.750000
RH,63,175.500000,P1,5,63,192.750000
RH,69,175.666667,P1,1,69,193.000000
RH,75,175.666667,P1,1,75,193.000000
RH,78,175.666667,P1,1,78,193.000000
RH,81,175.666667,P1,1,81,193.000000
LH,37,175.875000,P1,6,37,193.125000
RH,70,176.000000,P1,1,70,193.250000
RH,82,176.000000,P1,1,82,193.250000
LH,56,176.250000,P1,5,56,193.500000
RH,60,176.250000,P1,5,60,193.500000
RH,66,176.250000,P1,5,66,193.500000
RH,75,176.500000,P1,1,75,193.500000
RH,87,176.500000,P1,1,87,193.500000
LH,49,176.750000,P1,6,49,193.875000
RH,66,177.000000,P1,5,66,194.250000
LH,56,177.125000,P1,5,56,194.250000
RH,60,177.125000,P1,5,60,194.250000
RH,72,177.250000,P1,1,72,194.250000
RH,83,177.250000,P1,1,83,194.500000
RH,84,177.250000,P1,1,84,194.250000
RH,71,177.500000,P1,1,71,194.500000
RH,83,177.500000,P1,1,83,194.500000
RH,70,177.666667,P1,1,70,194.750000
RH,82,177.666667,P1,1,82,194.750000
LH,56,177.750000,P1,5,56,195.000000
RH,61,177.750000,P1,5,61,195.000000
RH,65,177.750000,P1,5,65,195.000000
RH,69,177.875000,P1,1,69,195.000000
RH,81,177.875000,P1,1,81,195.000000
LH,49,178.125000,P1,6,49,195.375000
RH,68,178.125000,P1,1,68,195.250000
RH,80,178.250000,P1,1,80,195.250000
RH,73,178.333333,P1,1,73,195.500000
RH,85,178.333333,P1,1,85,195.500000
LH,57,178.500000,P1,5,57,195.750000
RH,63,178.500000,P1,5,63,195.750000
RH,66,178.500000,P1,5,66,195.750000
RH,72,178.750000,P1,1,72,196.000000
RH,84,178.750000,P1,1,84,196.000000
LH,37,179.000000,P1,6,37,196.125000
RH,71,179.000000,P1,1,71,196.250000
RH,83,179.000000,P1,1,83,196.250000
LH,58,179.333333,P1,5,58,196.500000
RH,65,179.333333,P1,5,65,196.500000
RH,70,179.333333,P1,1,70,196.500000
RH,82,179.333333,P1,1,82,196.500000
RH,61,179.375000,P1,5,61,196.500000
RH,68,179.500000,P1,1,68,196.750000
RH,80,179.500000,P1,1,80,196.750000
LH,49,179.625000,P1,6,49,196.875000
RH,70,179.666667,P1,1,70,197.000000
RH,82,179.666667,P1,1,82,197.000000
LH,56,180.000000,P1,5,56,197.250000
LH,59,180.000000,P1,5,59,197.250000
RH,62,180.000000,P1,5,62,197.250000
RH,65,180.000000,P1,1,65,197.250000
RH,68,180.000000,P1,1,68,197.250000
RH,74,180.000000,P1,1,74,197.250000
RH,77,180.000000,P1,1,77,197.250000
LH,54,180.666667,P1,5,54,198.000000
LH,58,180.666667,P1,5,58,198.000000
RH,63,180.666667,P1,5,63,198.000000
RH,78,180.875000,P1,1,78,198.250000
RH,90,180.875000,P1,1,90,198.250000
LH,49,181.000000,P1,6,49,198.375000
RH,80,181.000000,P1,1,80,198.500000
RH,92,181.000000,P1,1,92,198.500000
LH,54,181.250000,P1,5,54,198.750000
LH,58,181.250000,P1,5,58,198.750000
RH,63,181.250000,P1,5,63,198.750000
RH,81,181.500000,P1,1,81,199.000000
RH,93,181.500000,P1,1,93,199.000000
LH,37,181.625000,P1,6,37,199.125000
RH,82,181.666667,P1,1,82,199.250000
RH,94,181.666667,P1,1,94,199.250000
LH,56,182.000000,P1,5,56,199.500000
RH,60,182.000000,P1,5,60,199.500000
RH,66,182.000000,P1,5,66,199.500000
RH,87,182.125000,P1,1,87,199.500000
RH,99,182.125000,P1,1,99,199.500000
LH,49,182.375000,P1,6,49,199.875000
LH,56,182.750000,P1,5,56,200.250000
RH,66,182.750000,P1,5,66,200.250000
LH,37,183.125000,P1,6,37,200.625000
RH,82,183.375000,P1,1,82,200.750000
RH,94,183.375000,P1,1,94,200.750000
LH,56,183.500000,P1,5,56,201.000000
RH,61,183.500000,P1,5,61,201.000000
RH,65,183.500000,P1,5,65,201.000000
RH,81,183.625000,P1,1,81,201.000000
RH,93,183.625000,P1,1,93,201.000000
LH,49,183.750000,P1,6,49,201.375000
RH,80,183.750000,P1,1,80,201.250000
RH,85,184.000000,P1,1,85,201.500000
RH,97,184.000000,P1,1,97,201.500000
LH,57,184.125000,P1,5,57,201.750000
RH,63,184.125000,P1,5,63,201.750000
RH,66,184.125000,P1,5,66,201.750000
LH,37,184.625000,P1,6,37,202.125000
RH,83,184.750000,P1,1,83,202.250000
RH,95,184.750000,P1,1,95,202.250000
LH,58,185.000000,P1,5,58,202.500000
RH,61,185.000000,P1,5,61,202.500000
RH,65,185.000000,P1,5,65,202.500000
RH,82,185.000000,P1,1,82,202.500000
RH,94,185.000000,P1,1,94,202.500000
RH,92,185.333333,P1,1,92,202.750000
RH,80,185.375000,P1,1,80,202.750000
RH,82,185.666667,P1,1,82,203.000000
RH,94,185.666667,P1,1,94,203.000000
LH,59,186.375000,P1,5,59,203.250000
RH,62,186.375000,P1,5,62,203.250000
RH,68,186.375000,P1,5,68,203.250000
RH,71,186.375000,P1,5,71,203.250000
RH,77,186.375000,P1,1,77,203.250000
RH,80,186.375000,P1,1,80,203.250000
RH,86,186.375000,P1,1,86,203.250000
RH,89,186.375000,P1,1,89,203.250000
LH,37,188.750000,P1,5,37,204.000000
LH,50,188.750000,P1,2,50,204.000000
LH,44,189.000000,P1,5,44,204.250000
LH,51,189.000000,P1,2,51,204.250000
LH,54,189.000000,P1,1,54,204.250000
LH,37,189.250000,P1,5,37,204.500000
LH,53,189.250000,P1,2,53,204.500000
LH,44,189.375000,P1,5,44,204.750000
LH,54,189.375000,P1,2,54,204.750000
LH,58,189.375000,P1,1,58,204.750000
LH,37,189.625000,P1,5,37,205.000000
LH,57,189.625000,P1,2,57,205.000000
LH,44,189.750000,P1,5,44,205.250000
LH,58,189.750000,P1,2,58,205.250000
RH,61,189.750000,P1,1,61,205.250000
LH,37,190.000000,P1,5,37,205.500000
LH,59,190.000000,P1,2,59,205.500000
LH,44,190.250000,P1,5,44,205.750000
RH,60,190.250000,P1,2,60,205.750000
RH,63,190.250000,P1,1,63,205.750000
RH,61,190.375000,P1,1,61,206.000000
LH,49,190.500000,P1,5,49,206.000000
LH,58,190.500000,P1,2,58,206.000000
LH,56,190.666667,P1,5,56,206.250000
RH,60,190.750000,P1,1,60,206.250000
LH,55,190.875000,P1,2,55,206.500000
LH,44,191.125000,P1,5,44,206.750000
LH,54,191.125000,P1,2,54,206.750000
LH,58,191.125000,P1,1,58,206.750000
LH,37,191.333333,P1,5,37,207.000000
LH,52,191.333333,P1,2,52,207.000000
LH,44,191.500000,P1,5,44,207.250000
LH,56,191.500000,P1,1,56,207.250000
LH,53,191.625000,P1,2,53,207.250000
LH,37,191.750000,P1,5,37,207.500000
LH,55,191.750000,P1,2,55,207.500000
LH,44,191.875000,P1,5,44,207.750000
LH,56,192.000000,P1,2,56,207.750000
RH,60,192.000000,P1,1,60,207.750000
LH,37,192.125000,P1,5,37,208.000000
LH,59,192.125000,P1,2,59,208.000000
LH,44,192.333333,P1,5,44,208.250000
RH,60,192.375000,P1,2,60,208.250000
RH,63,192.375000,P1,1,63,208.250000
LH,37,192.500000,P1,5,37,208.500000
RH,60,192.625000,P1,2,60,208.500000
LH,44,192.750000,P1,5,44,208.750000
RH,61,192.750000,P1,2,61,208.750000
RH,65,192.750000,P1,1,65,208.750000
LH,49,192.875000,P1,5,49,209.000000
RH,63,192.875000,P1,1,63,209.000000
RH,60,193.000000,P1,2,60,209.000000
LH,56,193.125000,P1,5,56,209.250000
RH,61,193.125000,P1,1,61,209.250000
LH,58,193.250000,P1,2,58,209.250000
LH,49,193.375000,P1,5,49,209.500000
LH,57,193.375000,P1,2,57,209.500000
LH,44,193.625000,P1,5,44,209.750000
LH,56,193.625000,P1,2,56,209.750000
RH,60,193.625000,P1,1,60,209.750000
LH,37,193.875000,P1,5,37,210.000000
LH,53,193.875000,P1,2,53,210.000000
LH,44,194.125000,P1,5,44,210.250000
LH,54,194.125000,P1,2,54,210.250000
LH,58,194.125000,P1,1,58,210.250000
LH,37,194.250000,P1,5,37,210.500000
LH,57,194.250000,P1,2,57,210.500000
LH,44,194.500000,P1,5,44,210.750000
LH,58,194.500000,P1,2,58,210.750000
RH,61,194.500000,P1,1,61,210.750000
LH,37,194.666667,P1,5,37,211.000000
RH,60,194.666667,P1,2,60,211.000000
LH,44,194.875000,P1,5,44,211.250000
RH,61,194.875000,P1,2,61,211.250000
RH,65,194.875000,P1,1,65,211.250000
LH,37,195.125000,P1,5,37,211.500000
RH,62,195.125000,P1,2,62,211.500000
LH,44,195.250000,P1,5,44,211.750000
RH,63,195.250000,P1,2,63,211.750000
RH,66,195.250000,P1,1,66,211.750000
LH,49,195.500000,P1,5,49,212.000000
RH,61,195.500000,P1,2,61,212.000000
RH,65,195.500000,P1,1,65,212.000000
LH,56,195.750000,P1,5,56,212.250000
RH,60,195.750000,P1,2,60,212.250000
RH,63,195.750000,P1,1,63,212.250000
LH,49,195.875000,P1,5,49,212.500000
LH,59,195.875000,P1,2,59,212.500000
LH,44,196.125000,P1,5,44,212.750000
LH,58,196.125000,P1,2,58,212.750000
RH,61,196.125000,P1,1,61,212.750000
LH,37,196.375000,P1,5,37,213.000000
RH,64,196.375000,P1,2,64,213.000000
LH,44,196.625000,P1,5,44,213.250000
RH,65,196.625000,P1,2,65,213.250000
RH,68,196.625000,P1,1,68,213.250000
RH,66,196.750000,P1,1,66,213.500000
RH,63,196.875000,P1,2,63,213.500000
RH,65,197.000000,P1,1,65,213.750000
RH,61,197.125000,P1,2,61,213.750000
LH,59,197.250000,P1,2,59,214.000000
RH,60,197.375000,P1,2,60,214.250000
RH,63,197.375000,P1,1,63,214.250000
LH,44,197.500000,P1,5,44,214.250000
LH,37,197.666667,P1,5,37,214.500000
RH,65,197.666667,P1,2,65,214.500000
LH,44,197.875000,P1,5,44,214.750000
RH,66,197.875000,P1,2,66,214.750000
RH,70,197.875000,P1,1,70,214.750000
LH,49,198.125000,P1,5,49,215.000000
RH,65,198.125000,P1,2,65,215.000000
LH,56,198.333333,P1,5,56,215.250000
RH,63,198.333333,P1,2,63,215.250000
RH,62,198.500000,P1,2,62,215.500000
LH,49,198.625000,P1,5,49,215.500000
LH,44,198.750000,P1,5,44,215.750000
RH,61,198.750000,P1,2,61,215.750000
RH,65,198.750000,P1,1,65,215.750000
RH,62,199.000000,P1,2,62,216.000000
RH,63,199.250000,P1,2,63,216.250000
RH,66,199.250000,P1,1,66,216.250000
LH,49,199.333333,P1,6,49,216.250000
RH,65,199.500000,P1,2,65,216.500000
LH,42,199.666667,P1,6,42,216.750000
RH,66,199.666667,P1,2,66,216.750000
RH,70,199.666667,P1,1,70,216.750000
RH,69,199.875000,P1,2,69,217.000000
LH,39,200.000000,P1,6,39,217.250000
RH,70,200.000000,P1,2,70,217.250000
RH,73,200.000000,P1,1,73,217.250000
RH,71,200.250000,P1,2,71,217.500000
RH,72,200.500000,P1,2,72,217.750000
RH,75,200.500000,P1,1,75,217.750000
LH,49,200.625000,P1,6,49,217.750000
RH,73,200.625000,P1,1,73,218.000000
RH,70,200.750000,P1,2,70,218.000000
LH,44,201.000000,P1,6,44,218.250000
RH,72,201.000000,P1,1,72,218.250000
RH,67,201.125000,P1,2,67,218.500000
LH,48,201.375000,P1,6,48,218.750000
RH,66,201.375000,P1,2,66,218.750000
RH,70,201.375000,P1,1,70,218.750000
RH,64,201.625000,P1,2,64,219.000000
LH,49,201.875000,P1,6,49,219.250000
RH,65,201.875000,P1,2,65,219.250000
RH,68,201.875000,P1,1,68,219.250000
RH,67,202.000000,P1,2,67,219.500000
LH,44,202.250000,P1,6,44,219.750000
RH,68,202.250000,P1,2,68,219.750000
RH,72,202.250000,P1,1,72,219.750000
RH,71,202.500000,P1,2,71,220.000000
LH,41,202.666667,P1,6,41,220.250000
RH,75,202.666667,P1,1,75,220.250000
RH,72,202.750000,P1,2,72,220.250000
RH,72,203.000000,P1,2,72,220.500000
LH,49,203.125000,P1,6,49,220.750000
RH,73,203.125000,P1,2,73,220.750000
RH,77,203.125000,P1,1,77,220.750000
RH,72,203.375000,P1,2,72,221.000000
LH,46,203.625000,P1,6,46,221.250000
RH,70,203.625000,P1,2,70,221.250000
RH,73,203.625000,P1,1,73,221.250000
RH,69,203.750000,P1,2,69,221.500000
LH,49,204.000000,P1,6,49,221.750000
RH,68,204.000000,P1,2,68,221.750000
RH,72,204.000000,P1,1,72,221.750000
RH,65,204.250000,P1,2,65,222.000000
LH,49,204.500000,P1,6,49,222.250000
RH,66,204.500000,P1,2,66,222.250000
RH,70,204.500000,P1,1,70,222.250000
RH,69,204.666667,P1,2,69,222.500000
LH,46,204.875000,P1,6,46,222.750000
RH,70,204.875000,P1,2,70,222.750000
RH,73,204.875000,P1,1,73,222.750000
RH,72,205.125000,P1,2,72,223.000000
LH,42,205.250000,P1,6,42,223.250000
RH,73,205.250000,P1,2,73,223.250000
RH,77,205.250000,P1,1,77,223.250000
RH,74,205.500000,P1,2,74,223.500000
RH,75,205.750000,P1,2,75,223.750000
RH,78,205.750000,P1,1,78,223.750000
RH,77,205.875000,P1,1,77,224.000000
RH,73,206.000000,P1,2,73,224.000000
LH,51,206.125000,P1,6,51,224.250000
RH,75,206.125000,P1,1,75,224.250000
RH,72,206.250000,P1,2,72,224.250000
RH,71,206.375000,P1,2,71,224.500000
LH,54,206.625000,P1,6,54,224.750000
RH,70,206.625000,P1,2,70,224.750000
RH,73,206.625000,P1,1,73,224.750000
RH,76,206.875000,P1,2,76,225.000000
RH,77,207.125000,P1,2,77,225.250000
RH,80,207.125000,P1,1,80,225.250000
RH,75,207.333333,P1,2,75,225.500000
LH,46,207.500000,P1,6,46,225.750000
RH,73,207.500000,P1,2,73,225.750000
RH,77,207.500000,P1,1,77,225.750000
RH,71,207.750000,P1,2,71,226.000000
RH,72,207.875000,P1,2,72,226.250000
RH,75,207.875000,P1,1,75,226.250000
RH,77,208.125000,P1,2,77,226.500000
RH,78,208.375000,P1,2,78,226.750000
RH,82,208.375000,P1,1,82,226.750000
RH,77,208.625000,P1,2,77,227.000000
LH,48,208.750000,P1,6,48,227.250000
RH,78,208.750000,P1,1,78,227.250000
RH,75,208.875000,P1,2,75,227.250000
RH,74,209.000000,P1,2,74,227.500000
LH,49,209.250000,P1,6,49,227.750000
RH,77,209.250000,P1,1,77,227.750000
LH,54,209.625000,P1,5,54,228.000000
LH,57,209.625000,P1,5,57,228.000000
RH,62,209.625000,P1,5,62,228.000000
RH,74,209.875000,P1,2,74,228.250000
RH,78,209.875000,P1,1,78,228.250000
RH,78,210.125000,P1,2,78,228.500000
LH,37,210.250000,P1,5,37,228.750000
LH,49,210.250000,P1,5,49,228.750000
RH,90,210.250000,P1,1,90,228.750000
RH,77,210.500000,P1,1,77,229.000000
RH,89,210.500000,P1,1,89,229.000000
RH,78,210.750000,P1,1,78,229.250000
RH,86,210.750000,P1,1,86,229.250000
RH,90,210.750000,P1,1,90,229.250000
LH,56,211.000000,P1,5,56,229.500000
RH,62,211.000000,P1,5,62,229.500000
RH,66,211.000000,P1,5,66,229.500000
RH,73,211.125000,P1,1,73,229.500000
RH,82,211.125000,P1,1,82,229.500000
RH,85,211.125000,P1,1,85,229.500000
RH,74,211.333333,P1,1,74,229.750000
RH,86,211.333333,P1,1,86,229.750000
LH,37,211.750000,P1,5,37,230.250000
LH,49,211.750000,P1,5,49,230.250000
RH,78,211.750000,P1,1,78,230.250000
RH,90,211.750000,P1,1,90,230.250000
RH,81,212.000000,P1,1,81,230.500000
RH,93,212.000000,P1,1,93,230.500000
RH,80,212.250000,P1,1,80,230.750000
RH,92,212.250000,P1,1,92,230.750000
LH,57,212.625000,P1,5,57,231.000000
RH,61,212.625000,P1,5,61,231.000000
RH,76,213.000000,P1,1,76,231.250000
RH,76,213.250000,P1,2,76,231.500000
LH,37,213.500000,P1,5,37,231.750000
LH,49,213.500000,P1,5,49,231.750000
RH,85,213.500000,P1,1,85,231.750000
RH,88,213.500000,P1,1,88,231.750000
RH,73,213.750000,P1,1,73,232.000000
RH,85,213.750000,P1,1,85,232.000000
RH,74,214.000000,P1,1,74,232.250000
RH,86,214.000000,P1,1,86,232.250000
LH,56,214.250000,P1,5,56,232.500000
RH,61,214.250000,P1,5,61,232.500000
RH,64,214.250000,P1,5,64,232.500000
RH,68,214.250000,P1,5,68,232.500000
RH,76,214.250000,P1,1,76,232.500000
RH,88,214.250000,P1,1,88,232.500000
RH,78,214.375000,P1,1,78,232.750000
RH,90,214.375000,P1,1,90,232.750000
RH,76,214.625000,P1,1,76,233.000000
RH,88,214.625000,P1,1,88,233.000000
LH,57,214.875000,P1,5,57,233.250000
RH,61,214.875000,P1,5,61,233.250000
RH,64,214.875000,P1,5,64,233.250000
RH,67,214.875000,P1,5,67,233.250000
RH,73,214.875000,P1,1,73,233.250000
RH,81,214.875000,P1,1,81,233.250000
RH,85,214.875000,P1,1,85,233.250000
LH,55,215.750000,P1,5,55,234.000000
LH,58,215.750000,P1,5,58,234.000000
RH,61,215.750000,P1,2,61,234.000000
LH,54,215.875000,P1,5,54,234.250000
LH,57,215.875000,P1,5,57,234.250000
LH,52,216.125000,P1,5,52,234.500000
LH,55,216.125000,P1,5,55,234.500000
RH,64,216.125000,P1,2,64,234.500000
LH,50,216.250000,P1,5,50,234.750000
LH,54,216.333333,P1,5,54,234.750000
RH,69,216.333333,P1,1,69,234.750000
RH,66,216.375000,P1,2,66,234.750000
RH,68,216.500000,P1,2,68,235.000000
LH,37,216.750000,P1,6,37,235.250000
LH,49,216.750000,P1,6,49,235.250000
RH,69,216.750000,P1,2,69,235.250000
RH,74,216.750000,P1,1,74,235.250000
LH,55,217.000000,P1,5,55,235.500000
RH,71,217.000000,P1,2,71,235.500000
LH,56,217.250000,P1,5,56,235.750000
RH,72,217.250000,P1,2,72,235.750000
RH,75,217.250000,P1,1,75,235.750000
LH,57,217.375000,P1,5,57,236.000000
RH,70,217.375000,P1,2,70,236.000000
LH,58,217.625000,P1,5,58,236.250000
RH,68,217.625000,P1,2,68,236.250000
RH,72,217.625000,P1,1,72,236.250000
LH,59,217.750000,P1,5,59,236.500000
RH,67,217.750000,P1,2,67,236.500000
RH,60,218.000000,P1,5,60,236.750000
RH,66,218.000000,P1,2,66,236.750000
RH,70,218.000000,P1,1,70,236.750000
RH,64,218.125000,P1,2,64,237.000000
LH,56,218.375000,P1,6,56,237.250000
RH,65,218.375000,P1,2,65,237.250000
RH,68,218.375000,P1,1,68,237.250000
LH,49,218.666667,P1,6,49,237.500000
RH,67,218.666667,P1,2,67,237.500000
RH,68,218.875000,P1,2,68,237.750000
RH,73,218.875000,P1,1,73,237.750000
LH,54,219.125000,P1,6,54,238.000000
RH,69,219.125000,P1,2,69,238.000000
LH,49,219.250000,P1,6,49,238.250000
RH,72,219.250000,P1,1,72,238.250000
RH,61,219.500000,P1,2,61,238.500000
RH,70,219.500000,P1,1,70,238.500000
LH,53,219.666667,P1,6,53,238.750000
RH,68,219.666667,P1,1,68,238.750000
LH,49,219.875000,P1,6,49,239.000000
RH,70,220.000000,P1,1,70,239.000000
LH,56,220.250000,P1,6,56,239.250000
RH,62,220.250000,P1,2,62,239.250000
RH,65,220.250000,P1,1,65,239.250000
LH,54,221.000000,P1,5,54,240.000000
LH,57,221.000000,P1,5,57,240.000000
RH,62,221.000000,P1,5,62,240.000000
RH,66,221.000000,P1,5,66,240.000000
RH,86,221.333333,P1,2,86,240.250000
RH,90,221.333333,P1,1,90,240.250000
RH,90,221.500000,P1,2,90,240.500000
LH,37,221.750000,P1,5,37,240.750000
LH,49,221.750000,P1,5,49,240.750000
RH,102,221.750000,P1,1,102,240.750000
RH,89,222.000000,P1,1,89,241.000000
RH,101,222.000000,P1,1,101,241.000000
RH,102,222.250000,P1,1,102,241.250000
RH,90,222.333333,P1,1,90,241.250000
LH,56,222.500000,P1,5,56,241.500000
RH,62,222.500000,P1,5,62,241.500000
RH,66,222.500000,P1,5,66,241.500000
RH,68,222.500000,P1,5,68,241.500000
RH,85,222.625000,P1,1,85,241.500000
RH,94,222.625000,P1,1,94,241.500000
RH,97,222.625000,P1,1,97,241.500000
RH,86,222.750000,P1,1,86,241.750000
RH,98,222.750000,P1,1,98,241.750000
LH,37,223.250000,P1,5,37,242.250000
LH,49,223.250000,P1,5,49,242.250000
RH,90,223.250000,P1,1,90,242.250000
RH,98,223.250000,P1,1,98,242.250000
RH,102,223.250000,P1,1,102,242.250000
RH,93,223.500000,P1,1,93,242.500000
RH,105,223.500000,P1,1,105,242.500000
RH,92,223.750000,P1,1,92,242.750000
RH,104,223.750000,P1,1,104,242.750000
LH,57,224.000000,P1,5,57,243.000000
RH,61,224.000000,P1,5,61,243.000000
RH,64,224.000000,P1,5,64,243.000000
RH,69,224.000000,P1,5,69,243.000000
RH,85,224.333333,P1,2,85,243.250000
RH,88,224.333333,P1,1,88,243.250000
RH,88,224.625000,P1,2,88,243.500000
LH,37,224.750000,P1,5,37,243.750000
LH,49,224.750000,P1,5,49,243.750000
RH,97,224.750000,P1,1,97,243.750000
RH,100,224.750000,P1,1,100,243.750000
RH,85,225.000000,P1,1,85,244.000000
RH,97,225.000000,P1,1,97,244.000000
RH,98,225.125000,P1,1,98,244.250000
RH,86,225.250000,P1,1,86,244.250000
RH,98,225.250000,P1,1,98,244.250000
RH,100,225.250000,P1,1,100,244.500000
LH,56,225.375000,P1,5,56,244.500000
RH,64,225.375000,P1,5,64,244.500000
RH,68,225.375000,P1,5,68,244.500000
RH,88,225.500000,P1,1,88,244.500000
RH,100,225.500000,P1,1,100,244.500000
RH,90,225.666667,P1,1,90,244.750000
RH,102,225.666667,P1,1,102,244.750000
RH,88,225.875000,P1,1,88,245.000000
RH,100,225.875000,P1,1,100,245.000000
LH,57,226.125000,P1,5,57,245.250000
RH,61,226.125000,P1,5,61,245.250000
RH,64,226.125000,P1,5,64,245.250000
RH,67,226.125000,P1,5,67,245.250000
RH,85,226.125000,P1,1,85,245.250000
RH,93,226.125000,P1,1,93,245.250000
RH,97,226.125000,P1,1,97,245.250000
RH,67,227.000000,P1,5,67,246.000000
RH,70,227.000000,P1,5,70,246.000000
RH,73,227.000000,P1,2,73,246.000000
RH,66,227.250000,P1,5,66,246.250000
RH,69,227.250000,P1,5,69,246.250000
RH,74,227.250000,P1,2,74,246.250000
RH,78,227.250000,P1,1,78,246.250000
RH,64,227.375000,P1,5,64,246.500000
RH,67,227.375000,P1,5,67,246.500000
RH,76,227.375000,P1,2,76,246.500000
RH,62,227.625000,P1,5,62,246.750000
RH,66,227.625000,P1,5,66,246.750000
RH,81,227.625000,P1,1,81,246.750000
RH,78,227.666667,P1,2,78,246.750000
RH,80,227.875000,P1,2,80,247.000000
LH,49,228.000000,P1,6,49,247.250000
RH,61,228.000000,P1,6,61,247.250000
RH,81,228.000000,P1,2,81,247.250000
RH,86,228.000000,P1,1,86,247.250000
RH,67,228.250000,P1,5,67,247.500000
RH,83,228.250000,P1,2,83,247.500000
RH,68,228.500000,P1,5,68,247.750000
RH,84,228.500000,P1,2,84,247.750000
RH,87,228.500000,P1,1,87,247.750000
RH,69,228.666667,P1,5,69,248.000000
RH,82,228.666667,P1,2,82,248.000000
RH,70,228.875000,P1,5,70,248.250000
RH,80,228.875000,P1,2,80,248.250000
RH,84,228.875000,P1,1,84,248.250000
RH,71,229.125000,P1,5,71,248.500000
RH,79,229.125000,P1,2,79,248.500000
RH,72,229.250000,P1,5,72,248.750000
RH,78,229.250000,P1,2,78,248.750000
RH,82,229.250000,P1,1,82,248.750000
RH,76,229.500000,P1,2,76,249.000000
RH,68,229.750000,P1,6,68,249.250000
RH,77,229.750000,P1,2,77,249.250000
RH,80,229.750000,P1,1,80,249.250000
RH,61,229.875000,P1,6,61,249.500000
RH,79,230.000000,P1,2,79,249.500000
RH,80,230.125000,P1,2,80,249.750000
RH,85,230.125000,P1,1,85,249.750000
RH,85,230.250000,P1,1,85,249.750000
RH,66,230.333333,P1,6,66,250.000000
RH,81,230.333333,P1,2,81,250.000000
RH,61,230.625000,P1,6,61,250.250000
RH,84,230.625000,P1,1,84,250.250000
RH,73,230.750000,P1,2,73,250.500000
RH,82,230.750000,P1,1,82,250.500000
RH,65,231.000000,P1,6,65,250.750000
RH,80,231.000000,P1,1,80,250.750000
RH,61,231.250000,P1,6,61,251.000000
RH,82,231.250000,P1,1,82,251.000000
RH,69,231.375000,P1,5,69,251.250000
RH,73,231.375000,P1,2,73,251.250000
RH,77,231.375000,P1,1,77,251.250000
RH,78,232.125000,P1,5,78,252.000000
RH,82,232.125000,P1,5,82,252.000000
RH,85,232.125000,P1,2,85,252.000000
RH,94,232.125000,P1,1,94,252.000000
RH,94,232.500000,P1,1,94,252.500000
RH,73,232.750000,P1,5,73,252.750000
RH,80,232.750000,P1,5,80,252.750000
RH,85,232.750000,P1,2,85,252.750000
LH,58,233.500000,P1,5,58,253.500000
RH,65,233.500000,P1,5,65,253.500000
RH,70,233.500000,P1,1,70,253.500000
RH,68,233.750000,P1,1,68,253.750000
RH,70,234.000000,P1,1,70,254.000000
LH,58,234.375000,P1,5,58,254.250000
RH,65,234.375000,P1,1,65,254.250000
LH,55,234.500000,P1,5,55,254.250000
RH,61,234.500000,P1,2,61,254.250000
LH,29,235.625000,P1,6,29,255.000000
LH,41,235.625000,P1,6,41,255.000000
LH,53,235.625000,P1,5,53,255.000000
LH,27,236.125000,P1,6,27,255.250000
LH,39,236.125000,P1,6,39,255.250000
LH,51,236.125000,P1,5,51,255.250000
LH,29,236.500000,P1,6,29,255.500000
LH,41,236.500000,P1,6,41,255.500000
LH,53,236.500000,P1,5,53,255.500000
LH,25,237.625000,P1,6,25,255.750000
LH,37,237.625000,P1,6,37,255.750000
LH,49,237.625000,P1,5,49,255.750000
LH,53,240.000000,P1,2,53,256.500000
LH,56,240.000000,P1,2,56,256.500000
RH,61,240.000000,P1,2,61,256.500000
RH,65,240.000000,P1,2,65,256.500000
RH,73,240.000000,P1,1,73,256.500000
RH,85,240.000000,P1,1,85,256.500000
RH,61,244.250000,P1,1,61,261.000000
LH,32,249.500000,P1,6,32,262.500000
LH,59,249.500000,P1,2,59,262.500000
LH,58,251.750000,P1,2,58,264.000000
LH,30,251.875000,P1,6,30,264.000000
LH,42,251.875000,P1,6,42,264.000000
LH,57,254.333333,P1,2,57,265.500000
RH,62,254.333333,P1,1,62,265.500000
LH,29,254.375000,P1,6,29,265.500000
LH,41,254.375000,P1,6,41,265.500000
LH,50,254.375000,P1,5,50,265.500000
LH,59,257.750000,P1,2,59,267.000000
RH,64,257.750000,P1,1,64,267.000000
LH,28,257.875000,P1,6,28,267.000000
LH,40,257.875000,P1,6,40,267.000000
LH,50,257.875000,P1,5,50,267.000000
LH,56,257.875000,P1,3,56,267.000000
LH,58,261.000000,P1,2,58,268.500000
LH,55,264.250000,P1,2,55,270.000000
LH,45,267.375000,P1,7,45,270.500000
LH,49,267.750000,P1,7,49,270.750000
LH,55,268.333333,P1,7,55,271.000000
LH,57,269.125000,P1,7,57,271.250000
RH,65,270.500000,P1,1,65,271.500000
LH,26,274.250000,P1,5,26,273.000000
RH,64,277.500000,P1,1,64,274.500000
LH,54,277.625000,P1,5,54,274.500000
LH,57,277.625000,P1,2,57,274.500000
RH,69,282.250000,P1,1,69,277.000000
RH,69,282.875000,P1,1,69,277.500000
RH,71,284.125000,P1,1,71,278.500000
RH,69,284.500000,P1,1,69,279.000000
RH,69,284.875000,P1,1,69,279.000000
RH,67,286.000000,P1,1,67,279.750000
RH,66,286.333333,P1,1,66,280.000000
RH,64,287.375000,P1,1,64,280.500000
RH,69,287.375000,P1,2,69,280.500000
LH,54,287.500000,P1,5,54,280.500000
LH,57,287.500000,P1,2,57,280.500000
RH,62,289.500000,P1,1,62,281.500000
LH,26,290.250000,P1,6,26,282.000000
RH,66,291.500000,P1,1,66,283.000000
RH,66,292.500000,P1,1,66,283.500000
RH,70,292.500000,P1,2,70,283.500000
LH,54,292.625000,P1,5,54,283.500000
LH,58,292.625000,P1,2,58,283.500000
RH,64,294.000000,P1,1,64,284.500000
RH,64,294.750000,P1,1,64,285.000000
RH,62,297.666667,P1,1,62,286.500000
RH,71,297.666667,P1,2,71,286.500000
LH,54,297.750000,P1,5,54,286.500000
LH,59,297.750000,P1,2,59,286.500000
LH,59,300.125000,P1,1,59,287.500000
LH,26,301.000000,P1,5,26,288.000000
RH,66,303.625000,P1,1,66,289.500000
RH,70,303.625000,P1,2,70,289.500000
LH,54,303.750000,P1,5,54,289.500000
LH,58,303.750000,P1,2,58,289.500000
RH,64,304.875000,P1,1,64,290.500000
RH,64,305.625000,P1,1,64,291.000000
RH,62,308.500000,P1,1,62,292.500000
RH,71,308.500000,P1,2,71,292.500000
LH,59,308.625000,P1,2,59,292.500000
LH,54,308.666667,P1,5,54,292.500000
LH,59,310.875000,P1,1,59,293.500000
LH,45,314.000000,P1,5,45,295.000000
LH,57,314.000000,P1,1,57,295.000000
LH,47,314.750000,P1,5,47,295.500000
LH,59,314.750000,P1,1,59,295.500000
LH,38,317.125000,P1,6,38,297.000000
LH,45,317.125000,P1,5,45,297.000000
LH,57,318.875000,P1,2,57,298.000000
RH,61,319.000000,P1,5,61,298.000000
RH,67,319.000000,P1,5,67,298.000000
RH,69,319.000000,P1,5,69,298.000000
RH,61,319.875000,P1,2,61,298.500000
RH,62,321.000000,P1,2,62,299.250000
RH,64,321.375000,P1,2,64,299.500000
RH,67,321.500000,P1,5,67,299.500000
RH,69,321.500000,P1,5,69,299.500000
RH,61,322.125000,P1,2,61,300.000000
LH,57,323.500000,P1,2,57,301.000000
RH,61,323.500000,P1,5,61,301.000000
RH,67,323.625000,P1,5,67,301.000000
RH,69,323.625000,P1,5,69,301.000000
LH,59,324.375000,P1,2,59,301.500000
LH,38,325.750000,P1,5,38,302.500000
RH,62,325.750000,P1,1,62,302.500000
RH,67,325.750000,P1,1,67,302.500000
RH,69,325.750000,P1,1,69,302.500000
LH,26,326.500000,P1,5,26,303.000000
LH,57,327.875000,P1,2,57,304.000000
RH,61,327.875000,P1,5,61,304.000000
RH,67,327.875000,P1,5,67,304.000000
RH,69,327.875000,P1,5,69,304.000000
RH,61,328.666667,P1,2,61,304.500000
RH,62,329.625000,P1,2,62,305.250000
RH,61,330.250000,P1,2,61,306.000000
LH,59,331.250000,P1,2,59,306.500000
LH,57,331.875000,P1,2,57,307.000000
RH,61,331.875000,P1,5,61,307.000000
RH,67,331.875000,P1,5,67,307.000000
RH,69,331.875000,P1,5,69,307.000000
LH,59,332.875000,P1,2,59,307.500000
LH,38,334.250000,P1,5,38,308.500000
RH,62,334.250000,P1,1,62,308.500000
RH,67,334.250000,P1,1,67,308.500000
RH,69,334.250000,P1,1,69,308.500000
LH,45,334.375000,P1,5,45,308.500000
LH,26,335.125000,P1,5,26,309.000000
LH,38,335.125000,P1,5,38,309.000000
RH,67,336.750000,P1,5,67,310.000000
RH,69,336.750000,P1,5,69,310.000000
RH,61,337.750000,P1,1,61,310.500000
RH,62,339.000000,P1,1,62,311.250000
RH,64,339.333333,P1,1,64,311.500000
RH,61,340.125000,P1,1,61,312.000000
LH,59,340.875000,P1,1,59,312.500000
LH,47,343.500000,P1,6,47,313.500000
LH,50,343.500000,P1,6,50,313.500000
LH,54,343.500000,P1,5,54,313.500000
LH,59,343.500000,P1,1,59,313.500000
LH,59,348.000000,P1,5,59,316.000000
RH,62,348.000000,P1,5,62,316.000000
RH,66,348.000000,P1,1,66,316.000000
RH,71,348.000000,P1,1,71,316.000000
LH,59,349.000000,P1,5,59,316.500000
RH,62,349.000000,P1,5,62,316.500000
RH,64,349.000000,P1,1,64,316.500000
RH,68,349.000000,P1,1,68,316.500000
RH,74,349.000000,P1,1,74,316.500000
LH,38,357.750000,P1,6,38,321.000000
LH,45,357.750000,P1,6,45,321.000000
RH,62,359.375000,P1,6,62,321.666667
LH,57,359.500000,P1,6,57,321.833333
LH,54,359.750000,P1,6,54,322.000000
RH,78,359.750000,P1,2,78,322.000000
RH,90,359.750000,P1,2,90,322.000000
RH,66,360.666667,P1,5,66,322.500000
RH,88,361.000000,P1,2,88,322.500000
RH,76,361.125000,P1,2,76,322.500000
RH,81,361.125000,P1,1,81,322.500000
LH,54,362.000000,P1,6,54,323.000000
RH,66,362.000000,P1,5,66,323.000000
RH,90,362.250000,P1,2,90,323.250000
RH,78,362.375000,P1,2,78,323.250000
LH,57,362.625000,P1,6,57,323.500000
RH,86,362.625000,P1,2,86,323.500000
RH,74,362.750000,P1,2,74,323.500000
LH,38,363.500000,P1,6,38,324.000000
LH,45,363.500000,P1,6,45,324.000000
LH,57,364.666667,P1,6,57,324.833333
RH,62,364.666667,P1,6,62,324.666667
RH,81,364.875000,P1,2,81,325.000000
RH,93,364.875000,P1,2,93,325.000000
LH,54,365.000000,P1,6,54,325.000000
RH,81,365.625000,P1,2,81,325.500000
LH,57,365.666667,P1,6,57,325.500000
RH,66,365.666667,P1,5,66,325.500000
RH,62,365.750000,P1,6,62,325.500000
RH,93,365.875000,P1,2,93,325.500000
LH,54,366.500000,P1,6,54,326.000000
RH,66,366.500000,P1,5,66,326.000000
LH,57,367.000000,P1,6,57,326.500000
RH,62,367.000000,P1,6,62,326.500000
RH,95,367.250000,P1,2,95,326.500000
LH,38,367.750000,P1,6,38,327.000000
LH,45,367.750000,P1,6,45,327.000000
RH,62,368.750000,P1,6,62,327.666667
RH,91,368.875000,P1,2,91,327.750000
LH,54,369.125000,P1,6,54,328.000000
RH,78,369.250000,P1,2,78,328.000000
RH,90,369.250000,P1,2,90,328.000000
LH,57,369.875000,P1,6,57,328.500000
RH,62,369.875000,P1,6,62,328.500000
RH,66,369.875000,P1,5,66,328.500000
RH,76,370.250000,P1,2,76,328.500000
RH,81,370.250000,P1,1,81,328.500000
RH,88,370.250000,P1,2,88,328.500000
LH,54,371.000000,P1,6,54,329.000000
RH,90,371.125000,P1,2,90,329.000000
LH,57,371.666667,P1,6,57,329.500000
RH,62,371.666667,P1,6,62,329.500000
RH,74,371.875000,P1,2,74,329.500000
RH,86,371.875000,P1,2,86,329.500000
LH,38,372.666667,P1,6,38,330.000000
RH,62,373.666667,P1,6,62,330.666667
LH,58,373.750000,P1,6,58,330.833333
LH,54,373.875000,P1,6,54,331.000000
RH,66,373.875000,P1,5,66,331.000000
RH,78,374.000000,P1,2,78,331.000000
RH,90,374.000000,P1,2,90,331.000000
LH,58,374.750000,P1,6,58,331.500000
RH,62,374.750000,P1,6,62,331.500000
RH,66,374.875000,P1,5,66,331.500000
RH,90,374.875000,P1,2,90,331.500000
RH,78,375.000000,P1,2,78,331.500000
RH,82,375.000000,P1,1,82,331.500000
LH,54,375.500000,P1,6,54,332.000000
RH,66,375.625000,P1,5,66,332.000000
LH,58,376.000000,P1,6,58,332.500000
RH,88,376.000000,P1,2,88,332.500000
RH,76,376.125000,P1,2,76,332.500000
RH,88,376.875000,P1,2,88,333.000000
RH,76,377.000000,P1,2,76,333.000000
LH,54,378.125000,P1,6,54,334.000000
RH,73,378.125000,P1,2,73,334.000000
LH,59,379.000000,P1,6,59,334.500000
RH,62,379.000000,P1,6,62,334.500000
RH,66,379.000000,P1,5,66,334.500000
RH,86,379.000000,P1,2,86,334.500000
LH,54,380.000000,P1,6,54,335.000000
RH,85,380.375000,P1,2,85,335.250000
LH,59,380.750000,P1,6,59,335.500000
RH,62,380.750000,P1,6,62,335.500000
RH,83,380.875000,P1,2,83,335.500000
RH,71,381.000000,P1,2,71,335.500000
LH,38,381.750000,P1,6,38,336.000000
RH,62,382.875000,P1,6,62,336.666667
LH,58,383.000000,P1,6,58,336.833333
LH,54,383.125000,P1,6,54,337.000000
RH,78,383.125000,P1,2,78,337.000000
RH,90,383.125000,P1,2,90,337.000000
LH,58,383.750000,P1,6,58,337.500000
RH,62,383.875000,P1,6,62,337.500000
RH,66,383.875000,P1,5,66,337.500000
RH,82,384.000000,P1,1,82,337.500000
RH,90,384.000000,P1,2,90,337.500000
RH,78,384.125000,P1,2,78,337.500000
LH,54,384.750000,P1,6,54,338.000000
RH,66,384.750000,P1,5,66,338.000000
LH,58,385.333333,P1,6,58,338.500000
RH,76,385.375000,P1,2,76,338.500000
RH,88,385.375000,P1,2,88,338.500000
RH,76,386.125000,P1,2,76,339.000000
RH,88,386.125000,P1,2,88,339.000000
RH,62,387.000000,P1,6,62,339.666667
LH,58,387.250000,P1,6,58,339.833333
LH,54,387.500000,P1,6,54,340.000000
RH,85,387.500000,P1,2,85,340.000000
RH,73,387.625000,P1,2,73,340.000000
LH,59,388.125000,P1,6,59,340.500000
RH,62,388.125000,P1,6,62,340.500000
RH,66,388.125000,P1,5,66,340.500000
RH,74,388.333333,P1,2,74,340.500000
LH,54,389.125000,P1,6,54,341.000000
RH,66,389.250000,P1,5,66,341.000000
RH,85,389.500000,P1,2,85,341.250000
LH,59,389.750000,P1,6,59,341.500000
RH,62,389.750000,P1,6,62,341.500000
RH,71,389.750000,P1,2,71,341.500000
RH,83,389.750000,P1,2,83,341.500000
LH,38,390.750000,P1,6,38,342.000000
LH,50,390.750000,P1,6,50,342.000000
LH,57,392.000000,P1,6,57,342.833333
RH,62,392.000000,P1,6,62,342.666667
LH,56,393.375000,P1,6,56,343.500000
RH,62,393.375000,P1,6,62,343.500000
RH,66,393.375000,P1,5,66,343.500000
RH,71,393.375000,P1,1,71,343.500000
RH,83,393.375000,P1,1,83,343.500000
RH,78,393.500000,P1,1,78,343.500000
LH,54,394.500000,P1,6,54,344.000000
RH,66,394.500000,P1,5,66,344.000000
LH,56,395.125000,P1,6,56,344.500000
RH,62,395.125000,P1,6,62,344.500000
RH,66,395.125000,P1,5,66,344.500000
LH,37,396.250000,P1,5,37,345.000000
LH,49,396.250000,P1,5,49,345.000000
RH,73,396.250000,P1,1,73,345.000000
RH,85,396.250000,P1,1,85,345.000000
LH,49,397.625000,P1,5,49,346.000000
LH,58,397.625000,P1,5,58,346.000000
RH,61,397.625000,P1,2,61,346.000000
RH,70,397.625000,P1,1,70,346.000000
RH,73,397.625000,P1,1,73,346.000000
RH,65,398.333333,P1,2,65,346.500000
RH,66,399.125000,P1,2,66,347.250000
LH,49,399.500000,P1,5,49,347.500000
LH,59,399.500000,P1,5,59,347.500000
RH,73,399.500000,P1,1,73,347.500000
RH,65,400.125000,P1,2,65,348.000000
LH,49,401.250000,P1,5,49,349.000000
LH,56,401.250000,P1,5,56,349.000000
RH,61,401.250000,P1,2,61,349.000000
RH,71,401.250000,P1,1,71,349.000000
RH,73,401.250000,P1,1,73,349.000000
LH,59,401.333333,P1,5,59,349.000000
RH,63,401.875000,P1,2,63,349.500000
LH,41,403.000000,P1,5,41,350.500000
LH,49,403.000000,P1,5,49,350.500000
RH,68,403.125000,P1,1,68,350.500000
RH,71,403.125000,P1,1,71,350.500000
RH,73,403.125000,P1,1,73,350.500000
LH,42,403.750000,P1,5,42,351.000000
LH,58,405.000000,P1,5,58,352.000000
RH,61,405.000000,P1,2,61,352.000000
RH,70,405.000000,P1,1,70,352.000000
RH,73,405.000000,P1,1,73,352.000000
RH,65,405.500000,P1,2,65,352.500000
RH,65,406.875000,P1,2,65,354.000000
RH,63,407.875000,P1,2,63,354.500000
LH,49,408.500000,P1,5,49,355.000000
LH,59,408.500000,P1,5,59,355.000000
RH,61,408.500000,P1,2,61,355.000000
RH,65,408.500000,P1,1,65,355.000000
RH,71,408.500000,P1,1,71,355.000000
RH,73,408.500000,P1,1,73,355.000000
RH,63,409.625000,P1,2,63,355.500000
RH,66,411.625000,P1,1,66,356.500000
RH,71,411.625000,P1,1,71,356.500000
RH,73,411.625000,P1,1,73,356.500000
LH,54,411.666667,P1,5,54,356.500000
LH,59,411.666667,P1,5,59,356.500000
LH,53,414.000000,P1,5,53,358.000000
LH,59,414.250000,P1,5,59,358.000000
RH,61,414.250000,P1,2,61,358.000000
RH,73,414.250000,P1,1,73,358.000000
RH,68,414.333333,P1,1,68,358.000000
RH,65,415.125000,P1,2,65,358.500000
RH,66,416.125000,P1,2,66,359.250000
RH,68,416.500000,P1,2,68,359.500000
RH,65,417.333333,P1,1,65,360.000000
RH,63,418.125000,P1,1,63,360.500000
LH,56,419.125000,P1,2,56,361.000000
LH,54,420.500000,P1,5,54,361.500000
LH,59,420.500000,P1,2,59,361.500000
RH,63,420.500000,P1,1,63,361.500000
LH,47,420.625000,P1,6,47,361.500000
LH,44,424.750000,P1,6,44,364.000000
LH,51,424.750000,P1,5,51,364.000000
LH,56,425.000000,P1,2,56,364.000000
LH,59,425.000000,P1,2,59,364.000000
RH,63,425.000000,P1,1,63,364.000000
LH,39,425.750000,P1,5,39,364.500000
LH,54,431.125000,P1,5,54,367.000000
RH,66,431.125000,P1,5,66,367.000000
LH,40,435.375000,P1,5,40,369.000000
RH,79,437.125000,P1,1,79,370.000000
LH,59,437.250000,P1,5,59,370.000000
RH,67,437.375000,P1,2,67,370.000000
RH,71,437.375000,P1,2,71,370.000000
RH,78,438.500000,P1,1,78,370.500000
RH,79,439.375000,P1,1,79,371.000000
LH,59,439.750000,P1,6,59,371.500000
RH,64,439.875000,P1,2,64,371.500000
RH,67,440.000000,P1,5,67,371.500000
RH,71,440.125000,P1,2,71,371.500000
RH,76,440.125000,P1,1,76,371.500000
RH,66,440.750000,P1,5,66,372.000000
RH,67,441.333333,P1,5,67,372.500000
RH,64,442.333333,P1,5,64,373.000000
RH,83,442.875000,P1,1,83,373.500000
RH,83,444.500000,P1,1,83,375.000000
LH,40,444.625000,P1,6,40,375.000000
LH,52,445.750000,P1,6,52,376.000000
RH,81,445.750000,P1,1,81,375.750000
RH,79,446.125000,P1,1,79,376.000000
RH,78,446.666667,P1,1,78,376.500000
RH,71,446.750000,P1,5,71,376.500000
RH,79,447.500000,P1,1,79,377.000000
RH,69,447.666667,P1,5,69,377.250000
RH,67,448.000000,P1,5,67,377.500000
RH,71,448.000000,P1,2,71,377.500000
RH,76,448.000000,P1,1,76,377.500000
RH,66,448.625000,P1,5,66,378.000000
RH,67,449.125000,P1,5,67,378.500000
RH,64,450.666667,P1,5,64,379.500000
RH,79,450.666667,P1,1,79,379.500000
RH,78,451.875000,P1,1,78,380.500000
RH,78,452.666667,P1,1,78,381.000000
RH,62,452.875000,P1,5,62,381.000000
RH,67,452.875000,P1,2,67,381.000000
RH,71,452.875000,P1,2,71,381.000000
LH,59,453.875000,P1,5,59,382.000000
RH,76,454.625000,P1,1,76,382.500000
LH,57,454.750000,P1,6,57,382.500000
RH,61,454.750000,P1,5,61,382.500000
RH,67,454.750000,P1,2,67,382.500000
RH,69,454.875000,P1,2,69,382.500000
LH,59,455.750000,P1,5,59,383.250000
RH,74,455.750000,P1,1,74,383.250000
LH,57,456.125000,P1,5,57,383.500000
RH,73,456.125000,P1,1,73,383.500000
LH,40,456.666667,P1,6,40,384.000000
LH,52,457.250000,P1,6,52,384.500000
LH,59,457.250000,P1,6,59,384.500000
RH,64,457.875000,P1,5,64,385.000000
RH,71,457.875000,P1,2,71,385.000000
RH,67,458.000000,P1,2,67,385.000000
RH,79,458.750000,P1,1,79,385.500000
RH,64,458.875000,P1,5,64,385.500000
RH,78,460.875000,P1,1,78,387.000000
RH,62,461.000000,P1,5,62,387.000000
RH,67,461.000000,P1,2,67,387.000000
RH,71,461.000000,P1,2,71,387.000000
LH,57,463.375000,P1,6,57,388.500000
RH,67,463.375000,P1,2,67,388.500000
LH,45,465.875000,P1,5,45,390.000000
RH,67,467.000000,P1,1,67,391.000000
RH,69,467.000000,P1,1,69,391.000000
RH,61,467.125000,P1,5,61,391.000000
RH,62,467.750000,P1,5,62,391.500000
RH,64,467.750000,P1,5,64,391.500000
RH,71,467.750000,P1,1,71,391.500000
RH,67,467.875000,P1,1,67,391.500000
LH,40,468.875000,P1,5,40,392.500000
LH,33,469.500000,P1,5,33,393.000000
LH,45,469.500000,P1,5,45,393.000000
LH,57,470.666667,P1,6,57,394.000000
RH,67,470.666667,P1,5,67,394.000000
RH,69,470.666667,P1,5,69,394.000000
RH,61,471.333333,P1,6,61,394.500000
RH,62,472.125000,P1,6,62,395.250000
RH,64,472.375000,P1,6,64,395.500000
RH,69,472.375000,P1,5,69,395.500000
RH,67,472.500000,P1,5,67,395.500000
RH,81,474.125000,P1,1,81,396.833333
RH,93,474.666667,P1,1,93,397.333333
RH,91,474.875000,P1,2,91,397.533333
RH,93,474.875000,P1,1,93,397.500000
RH,81,475.375000,P1,1,81,398.000000
RH,69,475.875000,P1,1,69,398.543750
LH,33,476.625000,P1,5,33,399.000000
LH,45,476.625000,P1,5,45,399.000000
LH,57,477.750000,P1,6,57,400.000000
RH,67,477.750000,P1,5,67,400.000000
RH,69,477.750000,P1,5,69,400.000000
RH,61,478.375000,P1,6,61,400.500000
RH,62,479.250000,P1,6,62,401.250000
RH,64,479.500000,P1,6,64,401.500000
RH,67,479.500000,P1,5,67,401.500000
RH,69,479.500000,P1,5,69,401.500000
RH,81,481.000000,P1,1,81,402.833333
RH,93,481.500000,P1,1,93,403.333333
RH,91,481.750000,P1,2,91,403.533333
RH,93,481.750000,P1,1,93,403.500000
RH,81,482.333333,P1,1,81,404.000000
RH,69,482.875000,P1,1,69,404.543750
LH,45,483.500000,P1,5,45,405.000000
LH,57,483.500000,P1,1,57,405.000000
RH,67,484.750000,P1,1,67,406.000000
RH,73,485.375000,P1,1,73,406.500000
RH,61,485.500000,P1,5,61,406.500000
RH,62,486.250000,P1,5,62,407.250000
RH,74,486.250000,P1,1,74,407.250000
RH,64,486.500000,P1,5,64,407.500000
RH,76,486.500000,P1,1,76,407.500000
RH,61,487.125000,P1,1,61,408.000000
RH,81,488.250000,P1,1,81,408.833333
RH,81,488.375000,P1,1,81,408.833333
RH,91,489.375000,P1,2,91,409.533333
RH,95,489.375000,P1,1,95,409.500000
RH,83,490.000000,P1,1,83,410.000000
RH,62,492.250000,P1,5,62,411.666667
RH,67,492.375000,P1,5,67,411.833333
RH,71,492.375000,P1,5,71,412.000000
RH,71,492.625000,P1,5,71,412.000000
RH,74,492.750000,P1,5,74,412.166667
RH,79,492.875000,P1,5,79,412.333333
RH,83,492.875000,P1,1,83,412.333333
LH,54,493.375000,P1,5,54,412.666667
LH,59,493.625000,P1,5,59,412.833333
RH,62,493.750000,P1,5,62,413.000000
RH,66,493.875000,P1,5,66,413.166667
RH,71,494.000000,P1,5,71,413.333333
RH,74,494.000000,P1,1,74,413.333333
RH,74,494.250000,P1,5,74,413.500000
RH,78,494.375000,P1,5,78,413.666667
RH,83,494.500000,P1,5,83,413.833333
RH,86,494.500000,P1,1,86,413.833333
LH,56,495.125000,P1,5,56,414.166667
RH,62,495.333333,P1,5,62,414.333333
RH,64,495.500000,P1,5,64,414.500000
RH,68,495.625000,P1,5,68,414.666667
RH,74,495.750000,P1,5,74,414.833333
RH,76,495.750000,P1,1,76,414.833333
RH,76,496.000000,P1,5,76,415.000000
RH,80,496.125000,P1,5,80,415.166667
RH,86,496.250000,P1,5,86,415.333333
RH,88,496.250000,P1,1,88,415.333333
LH,55,496.875000,P1,5,55,415.666667
RH,61,497.125000,P1,5,61,415.833333
RH,65,497.333333,P1,5,65,416.000000
RH,69,497.500000,P1,5,69,416.166667
RH,73,497.625000,P1,5,73,416.333333
RH,77,497.625000,P1,1,77,416.333333
RH,77,497.875000,P1,1,77,416.333333
LH,38,499.000000,P1,6,38,417.000000
LH,50,499.000000,P1,6,50,417.000000
RH,66,500.000000,P1,2,66,417.500000
RH,69,500.250000,P1,2,69,417.666667
RH,78,500.375000,P1,2,78,417.833333
LH,54,500.625000,P1,5,54,418.000000
LH,57,500.625000,P1,5,57,418.000000
RH,66,500.625000,P1,5,66,418.000000
RH,81,500.875000,P1,2,81,418.166667
RH,90,501.125000,P1,2,90,418.333333
LH,52,501.625000,P1,5,52,418.500000
LH,57,501.625000,P1,5,57,418.500000
RH,64,501.625000,P1,5,64,418.500000
RH,86,501.750000,P1,2,86,418.500000
RH,88,501.750000,P1,1,88,418.500000
RH,76,502.125000,P1,2,76,418.833333
RH,81,502.125000,P1,2,81,418.666667
RH,76,502.375000,P1,2,76,419.000000
RH,81,502.625000,P1,2,81,419.166667
LH,54,502.750000,P1,5,54,419.333333
RH,66,502.750000,P1,5,66,419.333333
RH,78,502.750000,P1,2,78,419.333333
RH,90,502.750000,P1,1,90,419.333333
LH,50,503.000000,P1,5,50,419.500000
RH,62,503.000000,P1,5,62,419.500000
RH,78,503.333333,P1,2,78,419.666667
RH,81,503.333333,P1,2,81,419.666667
RH,74,503.625000,P1,2,74,419.833333
LH,26,504.000000,P1,6,26,420.000000
LH,38,504.000000,P1,6,38,420.000000
RH,69,504.750000,P1,2,69,420.500000
RH,74,504.875000,P1,2,74,420.666667
RH,78,505.000000,P1,2,78,420.833333
RH,81,505.000000,P1,1,81,420.833333
LH,57,505.333333,P1,5,57,421.000000
RH,62,505.333333,P1,5,62,421.000000
RH,66,505.333333,P1,5,66,421.000000
RH,69,505.333333,P1,5,69,421.000000
RH,81,505.333333,P1,2,81,421.000000
RH,86,505.500000,P1,2,86,421.166667
RH,90,505.666667,P1,1,90,421.333333
LH,57,505.875000,P1,5,57,421.500000
RH,62,505.875000,P1,5,62,421.500000
RH,66,505.875000,P1,5,66,421.500000
RH,69,505.875000,P1,5,69,421.500000
RH,90,505.875000,P1,1,90,421.500000
RH,86,506.125000,P1,2,86,421.666667
RH,81,506.250000,P1,2,81,421.833333
LH,38,506.500000,P1,6,38,422.000000
LH,50,506.500000,P1,6,50,422.000000
RH,81,506.500000,P1,2,81,422.000000
RH,86,506.625000,P1,2,86,422.166667
RH,90,506.875000,P1,2,90,422.333333
LH,59,507.125000,P1,5,59,422.500000
RH,62,507.125000,P1,5,62,422.500000
RH,66,507.125000,P1,5,66,422.500000
RH,71,507.125000,P1,5,71,422.500000
RH,86,507.333333,P1,2,86,422.666667
RH,83,507.500000,P1,2,83,422.833333
LH,57,507.875000,P1,5,57,423.000000
RH,62,507.875000,P1,5,62,423.000000
RH,66,507.875000,P1,5,66,423.000000
RH,69,507.875000,P1,5,69,423.000000
RH,86,508.125000,P1,2,86,423.166667
RH,81,508.375000,P1,2,81,423.333333
LH,55,508.625000,P1,5,55,423.500000
RH,67,508.625000,P1,5,67,423.500000
RH,86,508.750000,P1,2,86,423.666667
RH,79,508.875000,P1,2,79,423.833333
LH,54,509.125000,P1,5,54,424.000000
RH,66,509.125000,P1,5,66,424.000000
RH,78,509.250000,P1,2,78,424.333333
RH,86,509.250000,P1,2,86,424.166667
LH,52,509.625000,P1,5,52,424.500000
LH,57,509.625000,P1,5,57,424.500000
RH,64,509.625000,P1,5,64,424.500000
RH,86,509.625000,P1,2,86,424.666667
LH,54,510.125000,P1,5,54,425.000000
RH,66,510.125000,P1,5,66,425.000000
RH,81,510.375000,P1,2,81,425.166667
LH,38,511.500000,P1,6,38,426.000000
LH,50,511.500000,P1,6,50,426.000000
RH,66,512.000000,P1,2,66,426.500000
RH,69,512.250000,P1,2,69,426.666667
RH,78,512.375000,P1,2,78,426.833333
RH,78,512.625000,P1,2,78,427.000000
LH,54,512.666667,P1,5,54,427.000000
LH,57,512.666667,P1,5,57,427.000000
RH,66,512.666667,P1,5,66,427.000000
RH,81,512.750000,P1,2,81,427.166667
RH,90,513.000000,P1,2,90,427.333333
LH,54,513.125000,P1,5,54,427.500000
LH,57,513.125000,P1,5,57,427.500000
RH,66,513.125000,P1,5,66,427.500000
RH,90,513.125000,P1,2,90,427.500000
RH,81,513.333333,P1,2,81,427.666667
RH,78,513.500000,P1,2,78,427.833333
LH,38,513.666667,P1,6,38,428.000000
LH,50,513.666667,P1,6,50,428.000000
RH,78,513.750000,P1,2,78,428.000000
RH,81,513.875000,P1,2,81,428.166667
RH,90,514.000000,P1,2,90,428.333333
LH,52,514.250000,P1,5,52,428.500000
LH,54,514.250000,P1,5,54,428.500000
LH,58,514.250000,P1,5,58,428.500000
RH,64,514.250000,P1,5,64,428.500000
RH,90,514.250000,P1,2,90,428.500000
RH,94,514.375000,P1,2,94,428.666667
RH,102,514.666667,P1,2,102,428.833333
LH,52,514.750000,P1,5,52,429.000000
LH,54,514.750000,P1,5,54,429.000000
LH,58,514.750000,P1,5,58,429.000000
RH,64,514.750000,P1,5,64,429.000000
RH,94,514.875000,P1,1,94,429.166667
RH,90,515.125000,P1,1,90,429.333333
RH,90,515.250000,P1,1,90,429.333333
LH,38,515.333333,P1,6,38,429.500000
LH,50,515.333333,P1,6,50,429.500000
RH,90,515.750000,P1,1,90,429.833333
RH,78,515.875000,P1,1,78,430.000000
RH,85,516.125000,P1,1,85,430.166667
RH,90,516.375000,P1,1,90,430.333333
LH,50,516.750000,P1,5,50,430.500000
LH,54,516.750000,P1,5,54,430.500000
RH,62,516.750000,P1,5,62,430.500000
RH,78,516.750000,P1,1,78,430.500000
RH,85,517.125000,P1,1,85,430.666667
RH,90,517.333333,P1,1,90,430.833333
LH,49,517.500000,P1,5,49,431.000000
RH,61,517.500000,P1,5,61,431.000000
RH,78,517.500000,P1,1,78,431.000000
LH,47,518.000000,P1,5,47,431.500000
LH,59,518.000000,P1,5,59,431.500000
RH,90,518.000000,P1,1,90,431.333333
RH,78,518.125000,P1,1,78,431.500000
RH,90,518.500000,P1,1,90,431.833333
LH,26,518.666667,P1,6,26,432.000000
LH,38,518.666667,P1,6,38,432.000000
RH,66,519.250000,P1,1,66,432.500000
RH,69,519.375000,P1,1,69,432.666667
RH,78,519.500000,P1,1,78,432.833333
LH,54,519.750000,P1,5,54,433.000000
LH,57,519.750000,P1,5,57,433.000000
RH,66,519.750000,P1,5,66,433.000000
RH,78,519.750000,P1,1,78,433.000000
RH,81,519.875000,P1,1,81,433.166667
RH,90,520.125000,P1,1,90,433.333333
LH,54,520.250000,P1,5,54,433.500000
LH,57,520.250000,P1,5,57,433.500000
RH,66,520.250000,P1,5,66,433.500000
RH,90,520.250000,P1,1,90,433.500000
RH,78,520.666667,P1,1,78,433.833333
LH,38,520.750000,P1,6,38,434.000000
LH,50,520.750000,P1,6,50,434.000000
RH,78,520.875000,P1,1,78,434.000000
RH,81,521.000000,P1,1,81,434.166667
RH,90,521.125000,P1,1,90,434.333333
LH,52,521.375000,P1,5,52,434.500000
LH,54,521.375000,P1,5,54,434.500000
LH,58,521.375000,P1,5,58,434.500000
RH,64,521.375000,P1,5,64,434.500000
RH,90,521.375000,P1,1,90,434.500000
RH,94,521.500000,P1,1,94,434.666667
RH,102,521.750000,P1,1,102,434.833333
LH,58,521.875000,P1,5,58,435.000000
RH,64,521.875000,P1,5,64,435.000000
RH,102,521.875000,P1,2,102,435.000000
LH,52,522.000000,P1,5,52,435.000000
LH,54,522.000000,P1,5,54,435.000000
RH,94,522.000000,P1,2,94,435.166667
RH,90,522.375000,P1,2,90,435.333333
LH,38,522.500000,P1,6,38,435.500000
LH,50,522.500000,P1,6,50,435.500000
LH,49,523.000000,P1,5,49,436.000000
LH,54,523.000000,P1,5,54,436.000000
RH,61,523.000000,P1,5,61,436.000000
RH,90,523.250000,P1,2,90,436.166667
RH,97,523.500000,P1,2,97,436.333333
LH,50,523.875000,P1,5,50,436.500000
LH,54,523.875000,P1,5,54,436.500000
RH,62,523.875000,P1,5,62,436.500000
RH,90,524.125000,P1,2,90,436.666667
RH,98,524.375000,P1,2,98,436.833333
LH,49,524.625000,P1,5,49,437.000000
RH,61,524.625000,P1,5,61,437.000000
RH,90,524.750000,P1,2,90,437.166667
RH,97,525.000000,P1,2,97,437.333333
LH,47,525.125000,P1,5,47,437.500000
LH,54,525.125000,P1,5,54,437.500000
LH,59,525.125000,P1,5,59,437.500000
RH,90,525.250000,P1,2,90,437.666667
RH,95,525.333333,P1,2,95,437.833333
LH,38,525.625000,P1,6,38,438.000000
LH,45,525.625000,P1,5,45,438.000000
LH,46,525.875000,P1,5,46,438.166667
LH,49,526.000000,P1,5,49,438.333333
LH,50,526.125000,P1,5,50,438.500000
RH,78,526.125000,P1,1,78,438.500000
RH,86,526.125000,P1,1,86,438.500000
RH,90,526.125000,P1,1,90,438.500000
LH,52,526.375000,P1,5,52,438.666667
LH,53,526.500000,P1,5,53,438.833333
LH,54,526.625000,P1,5,54,439.000000
RH,80,526.625000,P1,1,80,439.000000
RH,90,526.625000,P1,1,90,439.000000
RH,92,526.625000,P1,1,92,439.000000
LH,55,526.750000,P1,5,55,439.166667
LH,56,527.000000,P1,5,56,439.333333
LH,57,527.125000,P1,5,57,439.500000
LH,58,527.333333,P1,5,58,439.666667
RH,61,527.500000,P1,5,61,439.833333
RH,62,527.625000,P1,5,62,440.000000
RH,80,527.666667,P1,1,80,440.000000
RH,92,527.666667,P1,1,92,440.000000
RH,64,527.750000,P1,5,64,440.166667
RH,65,528.000000,P1,5,65,440.333333
RH,66,528.125000,P1,5,66,440.500000
RH,78,528.125000,P1,1,78,440.500000
RH,90,528.125000,P1,1,90,440.500000
LH,38,528.666667,P1,6,38,441.000000
LH,50,528.666667,P1,6,50,441.000000
LH,52,529.125000,P1,5,52,441.500000
LH,54,529.125000,P1,5,54,441.500000
RH,64,529.125000,P1,5,64,441.500000
RH,66,529.125000,P1,1,66,441.500000
RH,67,529.250000,P1,1,67,441.625000
RH,70,529.375000,P1,1,70,441.750000
RH,71,529.500000,P1,1,71,441.875000
RH,73,529.500000,P1,1,73,442.000000
LH,49,529.625000,P1,5,49,442.000000
RH,61,529.625000,P1,5,61,442.000000
RH,74,529.666667,P1,1,74,442.125000
RH,76,529.875000,P1,1,76,442.250000
RH,78,530.000000,P1,1,78,442.375000
LH,50,530.125000,P1,5,50,442.500000
LH,54,530.125000,P1,5,54,442.500000
RH,62,530.125000,P1,5,62,442.500000
RH,79,530.125000,P1,1,79,442.500000
RH,82,530.250000,P1,1,82,442.625000
RH,83,530.375000,P1,1,83,442.750000
RH,85,530.500000,P1,1,85,442.875000
RH,86,530.666667,P1,1,86,443.000000
LH,49,530.750000,P1,5,49,443.000000
RH,61,530.750000,P1,5,61,443.000000
RH,88,530.750000,P1,1,88,443.125000
RH,90,531.000000,P1,1,90,443.250000
RH,91,531.125000,P1,1,91,443.375000
LH,47,531.333333,P1,5,47,443.500000
LH,59,531.333333,P1,5,59,443.500000
RH,94,531.333333,P1,1,94,443.500000
RH,95,531.375000,P1,1,95,443.600000
RH,97,531.500000,P1,1,97,443.700000
RH,98,531.625000,P1,1,98,443.800000
RH,100,531.750000,P1,1,100,443.900000
LH,38,531.875000,P1,6,38,444.000000
LH,45,531.875000,P1,5,45,444.000000
RH,102,531.875000,P1,1,102,444.000000
LH,46,532.000000,P1,5,46,444.166667
LH,49,532.125000,P1,5,49,444.333333
LH,50,532.250000,P1,5,50,444.500000
RH,78,532.250000,P1,1,78,444.500000
RH,90,532.250000,P1,1,90,444.500000
LH,52,532.500000,P1,5,52,444.666667
LH,53,532.625000,P1,5,53,444.833333
LH,54,532.750000,P1,5,54,445.000000
RH,80,532.750000,P1,1,80,445.000000
RH,92,532.750000,P1,1,92,445.000000
LH,55,532.875000,P1,5,55,445.166667
LH,56,533.000000,P1,5,56,445.333333
LH,57,533.125000,P1,5,57,445.500000
RH,93,533.125000,P1,1,93,445.500000
LH,58,533.250000,P1,5,58,445.666667
RH,61,533.500000,P1,5,61,445.833333
RH,62,533.625000,P1,5,62,446.000000
RH,64,533.750000,P1,5,64,446.166667
RH,80,533.750000,P1,1,80,446.000000
RH,92,533.750000,P1,1,92,446.000000
RH,65,534.000000,P1,5,65,446.333333
RH,66,534.125000,P1,5,66,446.500000
RH,78,534.125000,P1,1,78,446.500000
RH,90,534.125000,P1,1,90,446.500000
LH,50,534.666667,P1,6,50,447.000000
LH,38,534.750000,P1,6,38,447.000000
LH,52,535.125000,P1,5,52,447.500000
LH,54,535.125000,P1,5,54,447.500000
RH,64,535.125000,P1,5,64,447.500000
RH,66,535.125000,P1,1,66,447.500000
RH,67,535.125000,P1,1,67,447.625000
RH,70,535.333333,P1,1,70,447.750000
RH,71,535.375000,P1,1,71,447.875000
RH,73,535.500000,P1,1,73,448.000000
LH,49,535.625000,P1,5,49,448.000000
RH,61,535.625000,P1,5,61,448.000000
RH,74,535.625000,P1,1,74,448.125000
RH,76,535.750000,P1,1,76,448.250000
RH,78,535.875000,P1,1,78,448.375000
RH,79,536.000000,P1,1,79,448.500000
LH,50,536.125000,P1,5,50,448.500000
LH,54,536.125000,P1,5,54,448.500000
RH,62,536.125000,P1,5,62,448.500000
RH,82,536.250000,P1,1,82,448.625000
RH,83,536.250000,P1,1,83,448.750000
RH,85,536.375000,P1,1,85,448.875000
LH,49,536.666667,P1,5,49,449.000000
RH,61,536.666667,P1,5,61,449.000000
LH,59,537.250000,P1,5,59,449.500000
LH,42,537.625000,P1,6,42,450.000000
LH,49,537.625000,P1,5,49,450.000000
LH,50,537.750000,P1,5,50,450.166667
LH,53,537.875000,P1,5,53,450.333333
LH,54,538.125000,P1,5,54,450.500000
RH,82,538.125000,P1,1,82,450.500000
RH,94,538.125000,P1,1,94,450.500000
LH,56,538.250000,P1,5,56,450.666667
LH,57,538.375000,P1,5,57,450.833333
LH,58,538.500000,P1,5,58,451.000000
RH,84,538.500000,P1,1,84,451.000000
RH,96,538.500000,P1,1,96,451.000000
LH,59,538.750000,P1,5,59,451.166667
RH,60,538.875000,P1,5,60,451.333333
RH,61,539.000000,P1,5,61,451.500000
RH,62,539.125000,P1,5,62,451.666667
RH,65,539.250000,P1,5,65,451.833333
RH,66,539.500000,P1,5,66,452.000000
RH,84,539.500000,P1,1,84,452.000000
RH,96,539.500000,P1,1,96,452.000000
RH,68,539.625000,P1,5,68,452.166667
RH,69,539.750000,P1,5,69,452.333333
RH,70,539.875000,P1,5,70,452.500000
RH,82,539.875000,P1,1,82,452.500000
RH,94,539.875000,P1,1,94,452.500000
LH,42,540.333333,P1,6,42,453.000000
LH,54,540.333333,P1,6,54,453.000000
RH,70,540.750000,P1,1,70,453.500000
LH,56,540.875000,P1,5,56,453.500000
LH,58,540.875000,P1,5,58,453.500000
RH,68,540.875000,P1,5,68,453.500000
RH,71,540.875000,P1,1,71,453.625000
RH,74,541.000000,P1,1,74,453.750000
RH,75,541.125000,P1,1,75,453.875000
LH,53,541.250000,P1,5,53,454.000000
LH,58,541.250000,P1,5,58,454.000000
RH,65,541.250000,P1,5,65,454.000000
RH,77,541.250000,P1,1,77,454.000000
RH,78,541.500000,P1,1,78,454.125000
RH,80,541.500000,P1,1,80,454.250000
RH,81,541.625000,P1,1,81,454.375000
LH,54,541.750000,P1,5,54,454.500000
LH,58,541.750000,P1,5,58,454.500000
RH,66,541.750000,P1,5,66,454.500000
RH,82,541.750000,P1,1,82,454.500000
RH,83,542.000000,P1,1,83,454.625000
RH,84,542.125000,P1,1,84,454.750000
RH,85,542.125000,P1,1,85,454.875000
LH,53,542.333333,P1,5,53,455.000000
LH,58,542.333333,P1,5,58,455.000000
RH,65,542.333333,P1,5,65,455.000000
RH,86,542.333333,P1,1,86,455.000000
RH,87,542.500000,P1,1,87,455.125000
RH,88,542.625000,P1,1,88,455.250000
RH,89,542.666667,P1,1,89,455.375000
LH,51,542.750000,P1,5,51,455.500000
RH,63,542.750000,P1,5,63,455.500000
RH,90,542.875000,P1,1,90,455.500000
RH,91,542.875000,P1,1,91,455.625000
RH,92,543.000000,P1,1,92,455.750000
LH,30,543.375000,P1,6,30,456.000000
LH,42,543.375000,P1,6,42,456.000000
RH,82,543.375000,P1,1,82,456.000000
RH,94,543.375000,P1,1,94,456.000000
RH,70,544.250000,P1,1,70,456.750000
RH,82,544.250000,P1,1,82,456.750000
LH,54,544.500000,P1,5,54,457.000000
RH,60,544.500000,P1,5,60,457.000000
RH,66,544.500000,P1,5,66,457.000000
RH,72,544.625000,P1,1,72,457.250000
RH,78,544.625000,P1,1,78,457.250000
RH,84,544.625000,P1,1,84,457.250000
LH,54,544.875000,P1,5,54,457.500000
LH,58,544.875000,P1,5,58,457.500000
RH,66,544.875000,P1,5,66,457.500000
RH,73,545.000000,P1,1,73,457.750000
RH,85,545.000000,P1,1,85,457.750000
LH,54,545.125000,P1,5,54,458.000000
RH,60,545.125000,P1,5,60,458.000000
RH,66,545.125000,P1,5,66,458.000000
LH,30,546.250000,P1,6,30,459.000000
LH,42,546.250000,P1,6,42,459.000000
RH,84,546.250000,P1,1,84,459.000000
RH,88,546.250000,P1,1,88,459.000000
RH,94,546.250000,P1,1,94,459.000000
RH,96,546.250000,P1,1,96,459.000000
LH,54,546.875000,P1,5,54,459.500000
RH,66,546.875000,P1,5,66,459.500000
RH,68,547.125000,P1,1,68,459.750000
RH,80,547.125000,P1,1,80,459.750000
LH,58,547.333333,P1,5,58,460.000000
RH,70,547.333333,P1,5,70,460.000000
RH,71,547.500000,P1,1,71,460.250000
RH,83,547.500000,P1,1,83,460.250000
RH,60,547.750000,P1,5,60,460.500000
RH,72,547.750000,P1,5,72,460.500000
RH,73,548.000000,P1,1,73,460.750000
RH,85,548.000000,P1,1,85,460.750000
RH,62,548.125000,P1,5,62,461.000000
RH,74,548.125000,P1,5,74,461.000000
RH,76,548.500000,P1,1,76,461.250000
LH,29,549.375000,P1,5,29,462.000000
LH,41,549.375000,P1,5,41,462.000000
RH,89,549.375000,P1,1,89,462.000000
RH,93,549.375000,P1,1,93,462.000000
RH,101,549.375000,P1,1,101,462.000000
RH,89,550.375000,P1,1,89,463.000000
RH,101,550.666667,P1,1,101,463.250000
RH,77,550.875000,P1,1,77,463.500000
RH,77,551.125000,P1,1,77,463.750000
RH,89,551.333333,P1,1,89,464.000000
RH,65,551.500000,P1,1,65,464.250000
RH,65,551.750000,P1,1,65,464.500000
RH,77,552.000000,P1,1,77,464.750000
LH,53,552.250000,P1,1,53,465.000000
RH,65,552.750000,P1,1,65,465.500000
LH,41,553.000000,P1,1,41,465.750000
LH,41,553.250000,P1,1,41,466.000000
LH,53,553.500000,P1,1,53,466.250000
LH,29,553.625000,P1,1,29,466.500000
LH,41,553.625000,P1,1,41,466.500000
LH,53,553.875000,P1,1,53,466.750000
RH,65,554.125000,P1,1,65,467.000000
RH,65,554.500000,P1,1,65,467.250000
RH,65,554.750000,P1,1,65,467.500000
RH,66,555.000000,P1,1,66,467.750000
RH,63,555.500000,P1,2,63,468.250000
RH,67,555.500000,P1,1,67,468.250000
RH,63,555.750000,P1,2,63,468.500000
RH,67,555.750000,P1,1,67,468.500000
RH,63,556.000000,P1,2,63,468.750000
RH,67,556.000000,P1,1,67,468.750000
RH,62,556.500000,P1,2,62,469.000000
RH,63,556.666667,P1,2,63,469.250000
RH,67,556.666667,P1,1,67,469.250000
LH,59,556.875000,P1,2,59,469.500000
RH,60,557.125000,P1,2,60,469.750000
RH,63,557.125000,P1,1,63,469.750000
RH,62,557.375000,P1,2,62,470.000000
RH,63,557.625000,P1,2,63,470.250000
RH,67,557.625000,P1,1,67,470.250000
RH,70,557.875000,P1,1,70,470.500000
RH,65,558.000000,P1,2,65,470.750000
RH,69,558.000000,P1,1,69,470.750000
RH,62,558.333333,P1,2,62,471.000000
RH,65,558.333333,P1,1,65,471.000000
RH,62,558.625000,P1,2,62,471.250000
RH,65,558.625000,P1,1,65,471.250000
RH,62,558.750000,P1,2,62,471.500000
RH,65,558.750000,P1,1,65,471.500000
RH,62,559.000000,P1,2,62,471.750000
RH,65,559.000000,P1,1,65,471.750000
LH,58,559.250000,P1,2,58,472.000000
RH,60,559.500000,P1,2,60,472.250000
RH,63,559.500000,P1,1,63,472.250000
RH,62,559.750000,P1,2,62,472.500000
RH,63,560.000000,P1,2,63,472.750000
RH,67,560.000000,P1,1,67,472.750000
RH,65,560.125000,P1,1,65,473.000000
RH,62,560.375000,P1,5,62,473.250000
RH,87,561.125000,P1,2,87,474.000000
RH,90,561.125000,P1,1,90,474.000000
RH,87,561.375000,P1,2,87,474.500000
RH,90,561.375000,P1,1,90,474.500000
RH,87,561.625000,P1,2,87,474.750000
RH,90,561.625000,P1,1,90,474.750000
RH,86,562.125000,P1,2,86,475.000000
RH,87,562.333333,P1,2,87,475.250000
RH,90,562.333333,P1,1,90,475.250000
RH,83,562.500000,P1,2,83,475.500000
RH,84,562.750000,P1,2,84,475.750000
RH,87,562.750000,P1,1,87,475.750000
RH,86,563.000000,P1,2,86,476.000000
RH,87,563.125000,P1,2,87,476.250000
RH,90,563.125000,P1,1,90,476.250000
RH,94,563.375000,P1,1,94,476.500000
RH,85,563.875000,P1,2,85,477.000000
RH,89,563.875000,P1,1,89,477.000000
RH,85,564.125000,P1,2,85,477.250000
RH,89,564.125000,P1,1,89,477.250000
RH,85,564.333333,P1,2,85,477.500000
RH,89,564.333333,P1,1,89,477.500000
RH,85,564.500000,P1,2,85,477.750000
RH,82,564.750000,P1,2,82,478.000000
RH,84,565.000000,P1,2,84,478.250000
RH,87,565.000000,P1,1,87,478.250000
RH,85,565.250000,P1,2,85,478.500000
RH,87,565.500000,P1,2,87,478.750000
RH,90,565.500000,P1,1,90,478.750000
RH,89,565.666667,P1,1,89,479.000000
RH,85,565.875000,P1,5,85,479.250000
RH,71,566.625000,P1,2,71,480.000000
RH,68,566.750000,P1,5,68,480.000000
RH,63,566.875000,P1,6,63,480.250000
RH,67,566.875000,P1,5,67,480.250000
RH,72,566.875000,P1,2,72,480.250000
RH,75,566.875000,P1,1,75,480.250000
RH,65,567.125000,P1,5,65,480.500000
RH,74,567.125000,P1,2,74,480.500000
RH,60,567.250000,P1,6,60,480.750000
RH,63,567.250000,P1,5,63,480.750000
RH,75,567.250000,P1,2,75,480.750000
RH,79,567.250000,P1,1,79,480.750000
RH,78,567.500000,P1,2,78,481.000000
LH,52,567.750000,P1,6,52,481.250000
RH,61,567.750000,P1,5,61,481.250000
RH,79,567.750000,P1,2,79,481.250000
RH,82,567.750000,P1,1,82,481.250000
LH,53,568.000000,P1,6,53,481.500000
RH,60,568.000000,P1,5,60,481.500000
RH,80,568.000000,P1,2,80,481.500000
RH,81,568.125000,P1,2,81,481.750000
RH,84,568.125000,P1,1,84,481.750000
LH,54,568.375000,P1,6,54,482.000000
RH,79,568.375000,P1,2,79,482.000000
LH,55,568.625000,P1,6,55,482.250000
RH,77,568.625000,P1,2,77,482.250000
RH,81,568.625000,P1,1,81,482.250000
LH,56,568.750000,P1,6,56,482.500000
RH,76,568.750000,P1,2,76,482.500000
LH,57,569.000000,P1,6,57,482.750000
RH,75,569.000000,P1,2,75,482.750000
RH,79,569.000000,P1,1,79,482.750000
LH,58,569.250000,P1,6,58,483.000000
RH,64,569.250000,P1,5,64,483.000000
RH,73,569.250000,P1,2,73,483.000000
RH,65,569.375000,P1,5,65,483.250000
RH,77,569.500000,P1,1,77,483.250000
RH,66,569.625000,P1,5,66,483.500000
RH,75,569.666667,P1,2,75,483.500000
RH,61,569.875000,P1,6,61,483.750000
RH,67,569.875000,P1,5,67,483.750000
RH,82,569.875000,P1,1,82,483.750000
RH,71,570.000000,P1,3,71,483.750000
RH,76,570.000000,P1,2,76,483.750000
RH,68,570.125000,P1,5,68,484.000000
RH,77,570.250000,P1,2,77,484.000000
RH,66,570.500000,P1,6,66,484.500000
RH,70,570.500000,P1,3,70,484.500000
RH,80,570.500000,P1,1,80,484.250000
RH,78,570.625000,P1,1,78,484.500000
RH,73,570.750000,P1,2,73,484.500000
RH,77,570.875000,P1,1,77,484.750000
RH,78,571.000000,P1,1,78,485.000000
LH,54,571.250000,P1,5,54,485.250000
RH,66,571.250000,P1,2,66,485.250000
RH,73,571.250000,P1,1,73,485.250000
RH,73,572.000000,P1,6,73,486.000000
RH,76,572.000000,P1,5,76,486.000000
RH,79,572.000000,P1,2,79,486.000000
RH,75,572.125000,P1,5,75,486.250000
RH,80,572.125000,P1,2,80,486.250000
RH,83,572.125000,P1,1,83,486.250000
RH,71,572.250000,P1,6,71,486.250000
RH,82,572.375000,P1,2,82,486.500000
RH,73,572.500000,P1,5,73,486.500000
RH,71,572.625000,P1,5,71,486.750000
RH,83,572.625000,P1,2,83,486.750000
RH,87,572.750000,P1,1,87,486.750000
RH,86,572.875000,P1,2,86,487.000000
RH,69,573.000000,P1,5,69,487.250000
RH,87,573.000000,P1,2,87,487.250000
RH,90,573.000000,P1,1,90,487.250000
RH,68,573.250000,P1,5,68,487.500000
RH,88,573.250000,P1,2,88,487.500000
RH,61,573.333333,P1,6,61,487.500000
RH,89,573.500000,P1,2,89,487.750000
RH,92,573.500000,P1,1,92,487.750000
RH,90,573.666667,P1,1,90,488.000000
RH,87,573.750000,P1,2,87,488.000000
RH,62,573.875000,P1,6,62,488.000000
RH,63,574.000000,P1,6,63,488.250000
RH,85,574.000000,P1,2,85,488.250000
RH,89,574.000000,P1,1,89,488.250000
RH,84,574.125000,P1,2,84,488.500000
RH,64,574.250000,P1,6,64,488.500000
RH,65,574.375000,P1,6,65,488.750000
RH,83,574.375000,P1,2,83,488.750000
RH,87,574.375000,P1,1,87,488.750000
RH,66,574.666667,P1,6,66,489.000000
RH,81,574.666667,P1,2,81,489.000000
RH,72,574.750000,P1,5,72,489.000000
RH,82,574.875000,P1,2,82,489.250000
RH,83,575.000000,P1,2,83,489.500000
RH,85,575.000000,P1,1,85,489.250000
RH,69,575.333333,P1,6,69,489.750000
RH,90,575.333333,P1,1,90,489.750000
RH,79,575.375000,P1,3,79,489.750000
RH,84,575.375000,P1,2,84,489.750000
RH,85,575.500000,P1,2,85,490.000000
RH,76,575.625000,P1,5,76,490.000000
RH,88,575.750000,P1,1,88,490.250000
RH,74,576.000000,P1,6,74,490.500000
RH,78,576.000000,P1,3,78,490.500000
RH,81,576.000000,P1,2,81,490.500000
RH,86,576.000000,P1,1,86,490.500000
RH,78,576.666667,P1,6,78,491.250000
RH,81,576.666667,P1,5,81,491.250000
LH,45,577.375000,P1,5,45,492.000000
LH,50,577.375000,P1,5,50,492.000000
LH,55,577.375000,P1,1,55,492.000000
LH,59,577.625000,P1,1,59,492.250000
RH,62,577.666667,P1,1,62,492.250000
RH,71,577.875000,P1,1,71,492.500000
RH,79,578.125000,P1,5,79,492.750000
RH,83,578.125000,P1,1,83,492.750000
RH,66,578.333333,P1,1,66,493.000000
RH,67,578.500000,P1,1,67,493.250000
RH,71,578.500000,P1,1,71,493.250000
RH,63,578.750000,P1,1,63,493.500000
RH,66,578.750000,P1,1,66,493.500000
RH,64,579.000000,P1,1,64,493.750000
RH,67,579.000000,P1,1,67,493.750000
RH,66,579.125000,P1,1,66,494.000000
RH,70,579.125000,P1,1,70,494.000000
RH,67,579.333333,P1,2,67,494.250000
RH,71,579.333333,P1,1,71,494.250000
RH,74,579.500000,P1,1,74,494.500000
RH,69,579.750000,P1,2,69,494.750000
RH,73,579.750000,P1,1,73,494.750000
LH,45,580.000000,P1,5,45,495.000000
LH,50,580.000000,P1,5,50,495.000000
LH,54,580.000000,P1,1,54,495.000000
RH,62,580.250000,P1,1,62,495.250000
RH,69,580.375000,P1,1,69,495.500000
RH,78,580.666667,P1,5,78,495.750000
RH,81,580.666667,P1,1,81,495.750000
RH,62,580.875000,P1,1,62,496.000000
RH,66,580.875000,P1,1,66,496.000000
RH,64,581.125000,P1,1,64,496.250000
RH,67,581.125000,P1,1,67,496.250000
RH,66,581.375000,P1,1,66,496.500000
RH,69,581.375000,P1,1,69,496.500000
RH,67,581.500000,P1,1,67,496.750000
RH,71,581.500000,P1,1,71,496.750000
RH,66,581.750000,P1,1,66,497.000000
RH,69,581.750000,P1,1,69,497.000000
RH,62,582.000000,P1,5,62,497.250000
RH,66,582.000000,P1,5,66,497.250000
LH,57,582.750000,P1,5,57,498.000000
RH,62,582.750000,P1,5,62,498.000000
RH,67,582.750000,P1,1,67,498.000000
RH,71,583.000000,P1,1,71,498.250000
RH,74,583.000000,P1,1,74,498.250000
RH,83,583.250000,P1,1,83,498.500000
RH,79,583.375000,P1,1,79,498.500000
RH,91,583.500000,P1,1,91,498.750000
RH,95,583.500000,P1,1,95,498.750000
RH,78,583.666667,P1,1,78,499.000000
RH,82,583.666667,P1,1,82,499.000000
RH,79,583.875000,P1,1,79,499.250000
RH,83,583.875000,P1,1,83,499.250000
RH,75,584.125000,P1,1,75,499.500000
RH,78,584.125000,P1,1,78,499.500000
RH,76,584.333333,P1,1,76,499.750000
RH,79,584.333333,P1,1,79,499.750000
RH,78,584.500000,P1,1,78,500.000000
RH,82,584.500000,P1,1,82,500.000000
RH,79,584.666667,P1,2,79,500.250000
RH,83,584.666667,P1,1,83,500.250000
RH,86,584.875000,P1,1,86,500.500000
RH,81,585.125000,P1,2,81,500.750000
RH,85,585.125000,P1,1,85,500.750000
LH,57,585.333333,P1,5,57,501.000000
RH,62,585.333333,P1,5,62,501.000000
RH,66,585.333333,P1,1,66,501.000000
RH,74,585.500000,P1,1,74,501.250000
RH,81,585.666667,P1,1,81,501.500000
RH,90,586.000000,P1,5,90,501.750000
RH,93,586.000000,P1,1,93,501.750000
RH,74,586.250000,P1,1,74,502.000000
RH,78,586.250000,P1,1,78,502.000000
RH,76,586.375000,P1,1,76,502.250000
RH,79,586.375000,P1,1,79,502.250000
RH,81,586.666667,P1,1,81,502.500000
RH,79,586.875000,P1,1,79,502.750000
RH,83,586.875000,P1,1,83,502.750000
RH,78,587.125000,P1,1,78,503.000000
RH,81,587.125000,P1,1,81,503.000000
RH,74,587.375000,P1,5,74,503.250000
RH,78,587.375000,P1,5,78,503.250000
LH,50,588.250000,P1,5,50,504.000000
LH,55,588.250000,P1,5,55,504.000000
LH,59,588.250000,P1,5,59,504.000000
RH,63,588.250000,P1,2,63,504.000000
RH,66,588.250000,P1,1,66,504.000000
RH,64,588.500000,P1,2,64,504.250000
RH,67,588.500000,P1,1,67,504.250000
RH,66,588.666667,P1,2,66,504.500000
RH,70,588.666667,P1,1,70,504.500000
LH,38,588.875000,P1,5,38,504.750000
LH,50,588.875000,P1,5,50,504.750000
RH,67,588.875000,P1,2,67,504.750000
RH,71,588.875000,P1,1,71,504.750000
RH,70,589.125000,P1,2,70,505.000000
RH,73,589.125000,P1,1,73,505.000000
RH,71,589.375000,P1,2,71,505.250000
RH,74,589.375000,P1,1,74,505.250000
LH,57,589.625000,P1,5,57,505.500000
RH,64,589.625000,P1,5,64,505.500000
RH,67,589.625000,P1,5,67,505.500000
RH,72,589.625000,P1,2,72,505.500000
RH,75,589.625000,P1,1,75,505.500000
RH,73,589.750000,P1,2,73,505.750000
RH,76,589.875000,P1,1,76,505.750000
RH,71,590.000000,P1,2,71,506.000000
RH,74,590.000000,P1,1,74,506.000000
RH,73,590.250000,P1,1,73,506.250000
LH,38,590.333333,P1,5,38,506.250000
LH,50,590.333333,P1,5,50,506.250000
RH,68,590.500000,P1,2,68,506.500000
RH,67,590.875000,P1,2,67,506.750000
RH,71,590.875000,P1,1,71,506.750000
LH,50,591.125000,P1,5,50,507.000000
LH,57,591.125000,P1,5,57,507.000000
RH,65,591.125000,P1,2,65,507.000000
RH,62,591.333333,P1,5,62,507.000000
RH,66,591.375000,P1,2,66,507.250000
RH,69,591.375000,P1,1,69,507.250000
RH,68,591.625000,P1,2,68,507.500000
RH,62,591.875000,P1,5,62,507.750000
RH,64,591.875000,P1,5,64,507.750000
RH,67,591.875000,P1,5,67,507.750000
RH,69,591.875000,P1,2,69,507.750000
RH,74,591.875000,P1,1,74,507.750000
RH,70,592.125000,P1,2,70,508.000000
RH,73,592.375000,P1,1,73,508.250000
RH,66,592.500000,P1,5,66,508.500000
RH,69,592.875000,P1,1,69,508.750000
RH,71,593.000000,P1,1,71,509.000000
LH,50,593.250000,P1,5,50,509.250000
LH,59,593.333333,P1,5,59,509.250000
RH,62,593.333333,P1,2,62,509.250000
RH,66,593.333333,P1,1,66,509.250000
RH,75,594.125000,P1,2,75,510.000000
RH,78,594.125000,P1,1,78,510.000000
RH,79,594.333333,P1,1,79,510.250000
RH,76,594.375000,P1,2,76,510.250000
RH,78,594.625000,P1,2,78,510.500000
RH,82,594.625000,P1,1,82,510.500000
LH,35,594.875000,P1,5,35,510.750000
LH,47,594.875000,P1,5,47,510.750000
RH,79,594.875000,P1,2,79,510.750000
RH,83,594.875000,P1,1,83,510.750000
RH,82,595.125000,P1,2,82,511.000000
RH,85,595.125000,P1,1,85,511.000000
RH,86,595.333333,P1,1,86,511.250000
LH,52,595.500000,P1,5,52,511.500000
RH,81,595.500000,P1,2,81,511.500000
RH,82,595.875000,P1,2,82,511.750000
RH,86,595.875000,P1,1,86,511.750000
RH,85,596.125000,P1,2,85,512.000000
LH,34,596.375000,P1,5,34,512.250000
LH,46,596.375000,P1,5,46,512.250000
RH,86,596.375000,P1,2,86,512.250000
RH,91,596.375000,P1,1,91,512.250000
RH,90,596.875000,P1,2,90,512.500000
RH,94,597.250000,P1,1,94,512.750000
LH,52,597.500000,P1,5,52,513.000000
RH,85,597.875000,P1,2,85,513.000000
RH,90,599.000000,P1,2,90,513.500000
RH,91,599.333333,P1,2,91,513.750000
RH,94,599.333333,P1,1,94,513.750000
RH,85,599.625000,P1,2,85,514.000000
LH,45,599.750000,P1,6,45,514.125000
RH,91,600.375000,P1,2,91,514.750000
LH,52,600.500000,P1,6,52,514.875000
RH,85,600.666667,P1,2,85,515.000000
LH,55,600.875000,P1,6,55,515.250000
RH,91,600.875000,P1,2,91,515.250000
RH,94,600.875000,P1,1,94,515.250000
LH,57,601.000000,P1,6,57,515.625000
RH,90,601.000000,P1,2,90,515.500000
RH,91,601.333333,P1,2,91,515.750000
RH,94,601.333333,P1,1,94,515.750000
RH,61,601.375000,P1,6,61,516.000000
RH,85,601.500000,P1,2,85,516.000000
RH,64,601.750000,P1,6,64,516.375000
RH,91,601.750000,P1,2,91,516.250000
RH,94,601.750000,P1,1,94,516.250000
RH,90,602.000000,P1,2,90,516.500000
RH,67,602.125000,P1,6,67,516.750000
RH,91,602.250000,P1,2,91,516.750000
RH,94,602.250000,P1,1,94,516.750000
RH,73,602.500000,P1,6,73,517.125000
RH,85,602.500000,P1,2,85,517.000000
RH,91,602.666667,P1,2,91,517.250000
RH,94,602.666667,P1,1,94,517.250000
RH,76,602.875000,P1,6,76,517.500000
RH,90,602.875000,P1,2,90,517.500000
RH,79,603.250000,P1,6,79,517.875000
RH,91,603.250000,P1,2,91,517.750000
RH,94,603.250000,P1,1,94,517.750000
RH,85,603.625000,P1,2,85,518.000000
RH,91,604.125000,P1,2,91,518.250000
RH,94,604.125000,P1,1,94,518.250000
RH,90,604.500000,P1,2,90,518.500000
RH,94,604.875000,P1,1,94,518.750000
RH,91,605.000000,P1,2,91,518.750000
RH,84,605.375000,P1,2,84,519.000000
RH,90,606.500000,P1,2,90,519.500000
RH,91,606.875000,P1,2,91,519.750000
RH,94,606.875000,P1,1,94,519.750000
RH,84,607.125000,P1,2,84,520.000000
LH,48,607.250000,P1,6,48,520.125000
RH,91,607.375000,P1,2,91,520.250000
RH,94,607.375000,P1,1,94,520.250000
LH,52,607.625000,P1,6,52,520.500000
RH,90,607.625000,P1,2,90,520.500000
RH,91,607.875000,P1,2,91,520.750000
RH,94,607.875000,P1,1,94,520.750000
LH,55,608.000000,P1,6,55,520.875000
RH,84,608.000000,P1,2,84,521.000000
LH,58,608.250000,P1,6,58,521.250000
RH,91,608.250000,P1,2,91,521.250000
RH,94,608.250000,P1,1,94,521.250000
RH,60,608.500000,P1,6,60,521.625000
RH,90,608.500000,P1,2,90,521.500000
RH,91,608.750000,P1,2,91,521.750000
RH,94,608.750000,P1,1,94,521.750000
RH,64,608.875000,P1,6,64,522.000000
RH,84,609.000000,P1,2,84,522.000000
RH,67,609.250000,P1,6,67,522.375000
RH,91,609.250000,P1,2,91,522.250000
RH,94,609.250000,P1,1,94,522.250000
RH,90,609.500000,P1,2,90,522.500000
RH,70,609.625000,P1,6,70,522.750000
RH,94,609.625000,P1,1,94,522.750000
RH,91,609.750000,P1,2,91,522.750000
RH,84,609.875000,P1,2,84,523.000000
RH,72,610.000000,P1,6,72,523.125000
RH,91,610.125000,P1,2,91,523.250000
RH,94,610.125000,P1,1,94,523.250000
RH,76,610.333333,P1,6,76,523.500000
RH,90,610.333333,P1,2,90,523.500000
RH,91,610.666667,P1,2,91,523.750000
RH,94,610.666667,P1,1,94,523.750000
RH,79,610.750000,P1,6,79,523.875000
RH,84,610.875000,P1,2,84,524.000000
RH,82,611.250000,P1,6,82,524.250000
RH,94,611.250000,P1,1,94,524.250000
RH,91,611.333333,P1,2,91,524.250000
RH,90,611.666667,P1,2,90,524.500000
RH,91,612.125000,P1,2,91,524.750000
RH,94,612.125000,P1,1,94,524.750000
RH,84,612.875000,P1,2,84,525.000000
RH,89,614.875000,P1,2,89,525.500000
RH,90,615.500000,P1,2,90,525.750000
RH,94,615.500000,P1,1,94,525.750000
RH,84,616.000000,P1,2,84,526.000000
LH,44,616.125000,P1,6,44,526.125000
RH,90,616.375000,P1,2,90,526.250000
RH,94,616.375000,P1,1,94,526.250000
RH,89,616.750000,P1,2,89,526.500000
LH,48,616.875000,P1,6,48,526.500000
RH,90,617.125000,P1,2,90,526.750000
RH,94,617.125000,P1,1,94,526.750000
LH,51,617.250000,P1,6,51,526.875000
RH,84,617.375000,P1,2,84,527.000000
LH,54,617.625000,P1,6,54,527.250000
RH,90,617.625000,P1,2,90,527.250000
RH,94,617.625000,P1,1,94,527.250000
LH,56,617.875000,P1,6,56,527.625000
RH,89,617.875000,P1,2,89,527.500000
RH,90,618.125000,P1,2,90,527.750000
RH,94,618.125000,P1,1,94,527.750000
RH,60,618.250000,P1,6,60,528.000000
RH,84,618.250000,P1,2,84,528.000000
RH,90,618.625000,P1,2,90,528.250000
RH,94,618.625000,P1,1,94,528.250000
RH,63,618.666667,P1,6,63,528.375000
RH,89,618.875000,P1,2,89,528.500000
RH,66,619.000000,P1,6,66,528.750000
RH,90,619.000000,P1,2,90,528.750000
RH,94,619.125000,P1,1,94,528.750000
RH,68,619.250000,P1,6,68,529.125000
RH,84,619.250000,P1,2,84,529.000000
RH,90,619.500000,P1,2,90,529.250000
RH,94,619.500000,P1,1,94,529.250000
RH,72,619.666667,P1,6,72,529.500000
RH,89,619.750000,P1,2,89,529.500000
RH,90,620.000000,P1,2,90,529.750000
RH,94,620.000000,P1,1,94,529.750000
RH,75,620.125000,P1,6,75,529.875000
RH,84,620.250000,P1,2,84,530.000000
RH,90,620.500000,P1,2,90,530.250000
RH,78,620.625000,P1,6,78,530.250000
RH,94,620.625000,P1,1,94,530.250000
RH,89,620.875000,P1,2,89,530.500000
RH,80,621.000000,P1,6,80,530.625000
RH,90,621.250000,P1,2,90,530.750000
RH,94,621.250000,P1,1,94,530.750000
RH,81,621.625000,P1,5,81,531.000000
RH,89,621.625000,P1,2,89,531.000000
RH,84,622.000000,P1,5,84,531.250000
RH,90,622.000000,P1,2,90,531.250000
RH,78,622.250000,P1,5,78,531.500000
RH,86,622.250000,P1,2,86,531.500000
RH,81,622.500000,P1,5,81,531.750000
RH,87,622.500000,P1,2,87,531.750000
RH,90,622.625000,P1,1,90,531.750000
RH,75,622.750000,P1,5,75,532.000000
RH,83,622.750000,P1,2,83,532.000000
RH,78,623.000000,P1,5,78,532.250000
RH,84,623.000000,P1,2,84,532.250000
RH,87,623.000000,P1,1,87,532.250000
RH,80,623.250000,P1,2,80,532.500000
RH,72,623.333333,P1,5,72,532.500000
RH,75,623.500000,P1,5,75,532.750000
RH,84,623.500000,P1,1,84,532.750000
RH,69,623.666667,P1,5,69,533.000000
RH,77,623.750000,P1,2,77,533.000000
RH,72,623.875000,P1,5,72,533.250000
RH,78,623.875000,P1,2,78,533.250000
RH,66,624.000000,P1,5,66,533.500000
RH,74,624.125000,P1,2,74,533.500000
RH,69,624.250000,P1,5,69,533.750000
RH,75,624.250000,P1,2,75,533.750000
RH,78,624.333333,P1,1,78,533.750000
RH,63,624.500000,P1,5,63,534.000000
RH,71,624.500000,P1,2,71,534.000000
RH,66,624.625000,P1,5,66,534.250000
RH,72,624.750000,P1,2,72,534.250000
RH,75,624.750000,P1,1,75,534.250000
RH,60,624.875000,P1,5,60,534.500000
RH,68,624.875000,P1,2,68,534.500000
RH,63,625.000000,P1,5,63,534.750000
RH,69,625.000000,P1,2,69,534.750000
RH,72,625.000000,P1,1,72,534.750000
LH,57,625.125000,P1,5,57,535.000000
RH,65,625.250000,P1,2,65,535.000000
RH,60,625.333333,P1,5,60,535.250000
RH,66,625.333333,P1,2,66,535.250000
LH,54,625.500000,P1,5,54,535.500000
RH,62,625.500000,P1,2,62,535.500000
RH,69,625.500000,P1,1,69,535.250000
LH,57,625.666667,P1,5,57,535.750000
RH,63,625.666667,P1,2,63,535.750000
RH,66,625.750000,P1,1,66,535.750000
LH,51,625.875000,P1,5,51,536.000000
LH,59,625.875000,P1,2,59,536.000000
LH,54,626.000000,P1,5,54,536.250000
RH,60,626.000000,P1,2,60,536.250000
RH,63,626.000000,P1,1,63,536.250000
LH,56,626.250000,P1,2,56,536.500000
LH,48,626.333333,P1,5,48,536.500000
LH,51,626.333333,P1,5,51,536.750000
LH,57,626.375000,P1,2,57,536.750000
RH,60,626.375000,P1,1,60,536.750000
LH,45,626.500000,P1,5,45,537.000000
LH,53,626.500000,P1,2,53,537.000000
LH,48,626.666667,P1,5,48,537.250000
LH,54,626.750000,P1,2,54,537.250000
LH,57,626.750000,P1,1,57,537.250000
LH,42,626.875000,P1,5,42,537.500000
LH,50,626.875000,P1,2,50,537.500000
LH,45,627.000000,P1,5,45,537.750000
LH,51,627.000000,P1,2,51,537.750000
LH,54,627.125000,P1,1,54,537.750000
LH,39,627.250000,P1,5,39,538.000000
LH,47,627.250000,P1,2,47,538.000000
LH,42,627.375000,P1,5,42,538.250000
LH,48,627.375000,P1,2,48,538.250000
LH,51,627.375000,P1,1,51,538.250000
LH,36,627.625000,P1,5,36,538.500000
LH,44,627.625000,P1,2,44,538.500000
LH,39,627.666667,P1,5,39,538.750000
LH,45,627.750000,P1,2,45,538.750000
LH,48,627.750000,P1,1,48,538.750000
LH,33,627.875000,P1,5,33,539.000000
LH,41,627.875000,P1,2,41,539.000000
LH,36,628.000000,P1,5,36,539.250000
LH,42,628.125000,P1,2,42,539.250000
LH,45,628.125000,P1,1,45,539.250000
LH,30,628.250000,P1,5,30,539.500000
LH,38,628.250000,P1,2,38,539.500000
LH,33,628.375000,P1,5,33,539.750000
LH,42,628.375000,P1,1,42,539.750000
LH,39,628.500000,P1,2,39,539.750000
LH,32,628.666667,P1,6,32,540.000000
LH,31,628.875000,P1,6,31,540.250000
LH,32,629.250000,P1,6,32,540.500000
LH,32,629.625000,P1,6,32,541.000000
LH,31,630.000000,P1,6,31,541.250000
LH,32,630.125000,P1,6,32,541.500000
LH,31,630.333333,P1,6,31,541.750000
LH,32,630.625000,P1,6,32,542.000000
LH,32,631.125000,P1,6,32,542.500000
LH,31,631.333333,P1,6,31,542.750000
LH,32,631.500000,P1,6,32,543.000000
LH,31,631.750000,P1,6,31,543.250000
LH,32,632.000000,P1,6,32,543.500000
LH,32,632.500000,P1,6,32,544.000000
LH,31,632.750000,P1,6,31,544.250000
LH,32,633.000000,P1,6,32,544.500000
LH,31,633.125000,P1,6,31,544.750000
LH,32,633.375000,P1,6,32,545.000000
LH,32,633.875000,P1,6,32,545.500000
LH,31,634.333333,P1,6,31,545.750000
RH,60,634.333333,P1,1,60,546.000000
LH,32,634.500000,P1,6,32,546.000000
LH,51,634.500000,P1,2,51,546.000000
LH,54,634.500000,P1,2,54,546.000000
LH,31,634.875000,P1,6,31,546.250000
LH,32,635.125000,P1,6,32,546.500000
RH,60,635.125000,P1,1,60,546.500000
LH,58,635.500000,P1,1,58,546.750000
RH,60,635.666667,P1,1,60,547.000000
LH,32,635.750000,P1,6,32,547.000000
LH,56,635.875000,P1,1,56,547.250000
LH,31,636.000000,P1,6,31,547.250000
LH,32,636.125000,P1,6,32,547.500000
LH,31,636.375000,P1,6,31,547.750000
RH,63,636.625000,P1,1,63,548.000000
LH,32,636.666667,P1,6,32,548.000000
LH,54,636.875000,P1,2,54,548.250000
LH,57,636.875000,P1,2,57,548.250000
LH,32,637.125000,P1,6,32,548.500000
LH,31,637.375000,P1,6,31,548.750000
RH,65,637.375000,P1,1,65,548.750000
LH,32,637.625000,P1,6,32,549.000000
RH,63,637.625000,P1,1,63,549.000000
RH,61,637.750000,P1,1,61,549.250000
LH,31,637.875000,P1,6,31,549.250000
RH,60,638.000000,P1,1,60,549.500000
LH,32,638.125000,P1,6,32,549.500000
LH,54,638.250000,P1,2,54,549.750000
LH,58,638.250000,P1,1,58,549.750000
RH,60,638.500000,P1,1,60,550.000000
LH,32,638.625000,P1,6,32,550.000000
LH,31,638.750000,P1,6,31,550.250000
LH,56,638.750000,P1,1,56,550.250000
LH,32,639.000000,P1,6,32,550.500000
LH,31,639.250000,P1,6,31,550.750000
LH,32,639.500000,P1,6,32,551.000000
RH,60,639.500000,P1,1,60,551.000000
LH,51,639.666667,P1,2,51,551.250000
LH,54,639.666667,P1,2,54,551.250000
RH,60,639.666667,P1,1,60,551.250000
LH,32,640.000000,P1,6,32,551.500000
LH,31,640.250000,P1,6,31,551.750000
LH,58,640.250000,P1,1,58,551.750000
LH,52,640.375000,P1,2,52,552.000000
LH,58,640.375000,P1,1,58,552.000000
LH,32,640.500000,P1,6,32,552.000000
LH,31,640.750000,P1,6,31,552.250000
LH,55,640.875000,P1,1,55,552.500000
LH,32,641.000000,P1,6,32,552.500000
LH,53,641.125000,P1,2,53,552.750000
LH,56,641.125000,P1,1,56,552.750000
LH,55,641.375000,P1,1,55,553.000000
LH,32,641.500000,P1,6,32,553.000000
LH,53,641.625000,P1,1,53,553.250000
LH,31,641.750000,P1,6,31,553.250000
LH,32,642.000000,P1,6,32,553.500000
LH,31,642.250000,P1,6,31,553.750000
RH,60,642.333333,P1,1,60,554.000000
LH,32,642.500000,P1,6,32,554.000000
LH,51,642.625000,P1,2,51,554.250000
LH,54,642.625000,P1,2,54,554.250000
RH,60,642.625000,P1,1,60,554.250000
LH,32,643.000000,P1,6,32,554.500000
LH,31,643.125000,P1,6,31,554.750000
LH,58,643.125000,P1,1,58,554.750000
LH,32,643.333333,P1,6,32,555.000000
LH,52,643.333333,P1,2,52,555.000000
LH,58,643.333333,P1,1,58,555.000000
LH,31,643.625000,P1,6,31,555.250000
LH,32,643.875000,P1,6,32,555.500000
LH,53,644.000000,P1,2,53,555.750000
LH,56,644.000000,P1,1,56,555.750000
LH,32,644.250000,P1,6,32,556.000000
LH,31,644.500000,P1,6,31,556.250000
LH,32,644.666667,P1,6,32,556.500000
LH,56,644.750000,P1,2,56,556.500000
RH,65,644.750000,P1,1,65,556.500000
LH,59,644.875000,P1,2,59,556.500000
LH,32,645.125000,P1,6,32,557.000000
RH,65,645.375000,P1,1,65,557.000000
LH,43,645.625000,P1,6,43,557.500000
RH,63,645.625000,P1,1,63,557.250000
RH,65,645.750000,P1,1,65,557.500000
LH,53,646.000000,P1,2,53,557.750000
RH,61,646.000000,P1,1,61,557.750000
LH,51,646.250000,P1,5,51,558.000000
LH,53,646.500000,P1,5,53,558.250000
LH,49,646.666667,P1,5,49,558.500000
RH,68,646.750000,P1,1,68,558.500000
LH,44,646.875000,P1,5,44,558.750000
LH,59,646.875000,P1,2,59,558.750000
RH,62,646.875000,P1,2,62,558.750000
RH,68,646.875000,P1,1,68,558.750000
LH,43,647.125000,P1,5,43,559.000000
LH,44,647.375000,P1,5,44,559.250000
RH,70,647.375000,P1,1,70,559.250000
LH,32,647.625000,P1,5,32,559.500000
RH,68,647.625000,P1,1,68,559.500000
LH,31,647.875000,P1,5,31,559.750000
RH,66,647.875000,P1,1,66,559.750000
LH,32,648.000000,P1,5,32,560.000000
RH,65,648.125000,P1,1,65,560.000000
LH,44,648.250000,P1,5,44,560.250000
LH,59,648.333333,P1,2,59,560.250000
RH,63,648.333333,P1,1,63,560.250000
LH,43,648.500000,P1,5,43,560.500000
RH,65,648.500000,P1,1,65,560.500000
LH,44,648.666667,P1,5,44,560.750000
LH,53,648.750000,P1,2,53,560.750000
RH,61,648.750000,P1,1,61,560.750000
LH,51,649.000000,P1,5,51,561.000000
LH,53,649.250000,P1,5,53,561.250000
LH,49,649.375000,P1,5,49,561.500000
RH,65,649.375000,P1,1,65,561.500000
LH,44,649.625000,P1,5,44,561.750000
LH,56,649.625000,P1,2,56,561.750000
LH,59,649.625000,P1,2,59,561.750000
RH,65,649.625000,P1,1,65,561.750000
LH,43,649.750000,P1,5,43,562.000000
LH,44,650.125000,P1,5,44,562.250000
RH,63,650.125000,P1,1,63,562.250000
LH,32,650.333333,P1,5,32,562.500000
RH,63,650.333333,P1,1,63,562.500000
LH,57,650.375000,P1,2,57,562.500000
LH,31,650.500000,P1,5,31,562.750000
LH,32,650.750000,P1,5,32,563.000000
RH,60,650.750000,P1,1,60,563.000000
LH,44,650.875000,P1,5,44,563.250000
LH,58,651.000000,P1,2,58,563.250000
RH,61,651.000000,P1,1,61,563.250000
LH,43,651.125000,P1,5,43,563.500000
RH,60,651.333333,P1,1,60,563.500000
LH,58,651.500000,P1,1,58,563.750000
LH,49,651.750000,P1,5,49,564.000000
LH,48,652.000000,P1,5,48,564.250000
LH,46,652.125000,P1,5,46,564.500000
RH,65,652.125000,P1,1,65,564.500000
LH,44,652.333333,P1,5,44,564.750000
LH,56,652.333333,P1,2,56,564.750000
RH,65,652.333333,P1,1,65,564.750000
LH,59,652.375000,P1,2,59,564.750000
LH,43,652.500000,P1,5,43,565.000000
LH,44,652.875000,P1,5,44,565.250000
RH,63,652.875000,P1,1,63,565.250000
LH,32,653.125000,P1,5,32,565.500000
LH,57,653.125000,P1,2,57,565.500000
RH,63,653.125000,P1,1,63,565.500000
LH,31,653.375000,P1,5,31,565.750000
LH,32,653.625000,P1,5,32,566.000000
RH,60,653.625000,P1,1,60,566.000000
LH,44,653.875000,P1,5,44,566.250000
LH,58,653.875000,P1,2,58,566.250000
RH,61,653.875000,P1,1,61,566.250000
LH,43,654.125000,P1,5,43,566.500000
RH,60,654.125000,P1,1,60,566.500000
LH,44,654.375000,P1,5,44,566.750000
LH,32,654.666667,P1,5,32,567.000000
RH,62,654.750000,P1,1,62,567.000000
RH,66,654.750000,P1,1,66,567.000000
RH,71,654.750000,P1,1,71,567.000000
RH,74,654.750000,P1,1,74,567.000000
LH,44,655.000000,P1,5,44,567.250000
LH,44,655.375000,P1,5,44,567.500000
RH,62,655.375000,P1,1,62,567.500000
RH,74,655.375000,P1,1,74,567.500000
LH,50,655.625000,P1,5,50,567.750000
LH,59,655.625000,P1,5,59,567.750000
LH,54,655.666667,P1,5,54,567.750000
RH,61,655.666667,P1,1,61,567.750000
RH,66,655.666667,P1,2,66,567.750000
RH,73,655.666667,P1,1,73,567.750000
LH,44,655.875000,P1,5,44,568.000000
RH,62,655.875000,P1,1,62,568.000000
RH,74,655.875000,P1,1,74,568.000000
LH,44,656.125000,P1,5,44,568.250000
LH,59,656.125000,P1,1,59,568.250000
RH,71,656.125000,P1,1,71,568.250000
LH,32,656.375000,P1,5,32,568.500000
LH,44,656.625000,P1,5,44,568.750000
LH,50,656.875000,P1,5,50,569.000000
RH,66,656.875000,P1,1,66,569.000000
RH,78,656.875000,P1,1,78,569.000000
LH,54,657.125000,P1,5,54,569.250000
LH,59,657.125000,P1,5,59,569.250000
RH,62,657.125000,P1,5,62,569.250000
RH,66,657.125000,P1,1,66,569.250000
RH,71,657.125000,P1,2,71,569.250000
RH,78,657.125000,P1,1,78,569.250000
LH,50,657.375000,P1,5,50,569.500000
LH,44,657.750000,P1,5,44,569.750000
RH,68,657.750000,P1,1,68,569.750000
RH,80,657.750000,P1,1,80,569.750000
LH,32,658.000000,P1,5,32,570.000000
RH,66,658.000000,P1,1,66,570.000000
RH,78,658.000000,P1,1,78,570.000000
LH,44,658.250000,P1,5,44,570.250000
RH,64,658.333333,P1,1,64,570.250000
RH,76,658.333333,P1,1,76,570.250000
LH,44,658.625000,P1,5,44,570.500000
RH,62,658.625000,P1,1,62,570.500000
RH,74,658.625000,P1,1,74,570.500000
LH,50,658.750000,P1,5,50,570.750000
LH,54,658.750000,P1,5,54,570.750000
LH,59,658.750000,P1,5,59,570.750000
RH,61,658.750000,P1,1,61,570.750000
RH,66,658.750000,P1,2,66,570.750000
RH,73,658.750000,P1,1,73,570.750000
LH,44,659.000000,P1,5,44,571.000000
RH,62,659.000000,P1,1,62,571.000000
RH,74,659.000000,P1,1,74,571.000000
LH,44,659.250000,P1,5,44,571.250000
LH,59,659.250000,P1,1,59,571.250000
RH,71,659.250000,P1,1,71,571.250000
LH,32,659.500000,P1,5,32,571.500000
LH,44,659.666667,P1,5,44,571.750000
LH,44,660.000000,P1,5,44,572.000000
RH,62,660.000000,P1,1,62,572.000000
RH,74,660.000000,P1,1,74,572.000000
LH,50,660.125000,P1,5,50,572.250000
LH,54,660.125000,P1,5,54,572.250000
LH,59,660.125000,P1,5,59,572.250000
RH,62,660.125000,P1,1,62,572.250000
RH,66,660.125000,P1,2,66,572.250000
RH,74,660.125000,P1,1,74,572.250000
RH,71,660.250000,P1,2,71,572.250000
LH,44,660.375000,P1,5,44,572.500000
LH,44,660.666667,P1,5,44,572.750000
RH,61,660.666667,P1,1,61,572.750000
RH,73,660.666667,P1,1,73,572.750000
LH,32,660.875000,P1,6,32,573.000000
RH,60,660.875000,P1,1,60,573.000000
RH,63,660.875000,P1,1,63,573.000000
RH,66,660.875000,P1,1,66,573.000000
RH,68,660.875000,P1,1,68,573.000000
RH,72,660.875000,P1,1,72,573.000000
LH,36,661.375000,P1,6,36,573.500000
LH,48,661.375000,P1,6,48,573.500000
LH,34,661.625000,P1,6,34,573.750000
LH,46,661.625000,P1,6,46,573.750000
LH,51,661.625000,P1,5,51,573.750000
LH,54,661.625000,P1,5,54,573.750000
LH,56,661.625000,P1,5,56,573.750000
LH,36,661.875000,P1,6,36,574.000000
LH,48,661.875000,P1,6,48,574.000000
LH,32,662.125000,P1,6,32,574.250000
LH,44,662.125000,P1,6,44,574.250000
LH,56,662.333333,P1,1,56,574.500000
RH,60,662.333333,P1,1,60,574.500000
RH,66,662.333333,P1,1,66,574.500000
RH,68,662.333333,P1,1,68,574.500000
LH,39,662.875000,P1,6,39,575.000000
LH,51,662.875000,P1,6,51,575.000000
LH,39,663.125000,P1,6,39,575.250000
LH,51,663.125000,P1,6,51,575.250000
RH,68,663.125000,P1,1,68,575.250000
RH,72,663.125000,P1,1,72,575.250000
RH,78,663.125000,P1,1,78,575.250000
RH,80,663.125000,P1,1,80,575.250000
LH,41,663.625000,P1,6,41,575.750000
LH,53,663.625000,P1,6,53,575.750000
LH,39,663.875000,P1,5,39,576.000000
LH,51,663.875000,P1,5,51,576.000000
RH,80,663.875000,P1,1,80,576.000000
RH,84,663.875000,P1,1,84,576.000000
RH,90,663.875000,P1,1,90,576.000000
RH,92,663.875000,P1,1,92,576.000000
LH,37,664.125000,P1,5,37,576.250000
LH,49,664.125000,P1,5,49,576.250000
LH,36,664.375000,P1,5,36,576.500000
LH,48,664.375000,P1,5,48,576.500000
LH,34,664.625000,P1,5,34,576.750000
LH,46,664.625000,P1,5,46,576.750000
RH,92,664.625000,P1,1,92,576.750000
RH,96,664.625000,P1,1,96,576.750000
RH,102,664.625000,P1,1,102,576.750000
RH,104,664.625000,P1,1,104,576.750000
LH,36,664.875000,P1,5,36,577.000000
LH,48,664.875000,P1,5,48,577.000000
LH,32,665.125000,P1,5,32,577.250000
LH,44,665.125000,P1,5,44,577.250000
LH,58,665.333333,P1,5,58,577.500000
RH,70,665.333333,P1,5,70,577.500000
RH,60,665.625000,P1,5,60,577.750000
RH,72,665.625000,P1,5,72,577.750000
LH,56,665.750000,P1,5,56,578.000000
RH,68,665.750000,P1,5,68,578.000000
LH,45,666.125000,P1,5,45,578.250000
LH,54,666.125000,P1,6,54,578.250000
LH,57,666.125000,P1,5,57,578.250000
LH,47,666.500000,P1,5,47,578.500000
LH,59,666.500000,P1,5,59,578.500000
LH,44,666.875000,P1,5,44,578.750000
LH,56,666.875000,P1,5,56,578.750000
LH,32,667.500000,P1,5,32,579.000000
RH,74,667.500000,P1,2,74,579.000000
RH,78,667.500000,P1,2,78,579.000000
RH,83,667.500000,P1,2,83,579.000000
RH,86,667.500000,P1,2,86,579.000000
LH,44,667.750000,P1,5,44,579.250000
RH,74,668.125000,P1,2,74,579.500000
RH,86,668.125000,P1,2,86,579.500000
LH,50,668.250000,P1,5,50,579.500000
LH,54,668.250000,P1,5,54,579.750000
LH,59,668.250000,P1,5,59,579.750000
RH,66,668.333333,P1,5,66,579.750000
RH,73,668.333333,P1,2,73,579.750000
RH,78,668.333333,P1,1,78,579.750000
RH,85,668.333333,P1,2,85,579.750000
RH,74,668.500000,P1,2,74,580.000000
RH,86,668.500000,P1,2,86,580.000000
LH,50,668.750000,P1,5,50,580.250000
RH,62,668.750000,P1,5,62,580.250000
RH,71,668.750000,P1,2,71,580.250000
RH,83,668.750000,P1,2,83,580.250000
LH,49,669.000000,P1,5,49,580.500000
RH,61,669.000000,P1,5,61,580.500000
LH,50,669.333333,P1,5,50,580.750000
RH,62,669.333333,P1,5,62,580.750000
LH,47,669.750000,P1,5,47,581.000000
LH,59,669.750000,P1,5,59,581.000000
RH,78,669.750000,P1,2,78,581.000000
RH,90,669.750000,P1,2,90,581.000000
LH,50,670.333333,P1,5,50,581.250000
LH,54,670.333333,P1,5,54,581.250000
LH,59,670.333333,P1,5,59,581.250000
RH,78,670.333333,P1,2,78,581.250000
RH,83,670.333333,P1,1,83,581.250000
RH,90,670.333333,P1,2,90,581.250000
LH,44,671.000000,P1,5,44,581.750000
RH,80,671.000000,P1,2,80,581.750000
RH,92,671.000000,P1,2,92,581.750000
LH,32,671.250000,P1,6,32,582.000000
RH,78,671.333333,P1,2,78,582.000000
RH,90,671.333333,P1,2,90,582.000000
LH,44,671.500000,P1,6,44,582.250000
RH,76,671.625000,P1,2,76,582.250000
RH,88,671.625000,P1,2,88,582.250000
LH,50,671.875000,P1,6,50,582.500000
LH,54,671.875000,P1,6,54,582.750000
LH,59,671.875000,P1,6,59,582.750000
RH,74,671.875000,P1,2,74,582.500000
RH,86,671.875000,P1,2,86,582.500000
RH,73,672.000000,P1,2,73,582.750000
RH,85,672.000000,P1,2,85,582.750000
RH,74,672.250000,P1,2,74,583.000000
RH,86,672.250000,P1,2,86,583.000000
LH,50,672.500000,P1,5,50,583.250000
RH,62,672.500000,P1,5,62,583.250000
RH,71,672.500000,P1,2,71,583.250000
RH,83,672.500000,P1,2,83,583.250000
LH,49,672.750000,P1,5,49,583.500000
RH,61,672.750000,P1,5,61,583.500000
LH,50,673.000000,P1,5,50,583.750000
RH,62,673.000000,P1,5,62,583.750000
LH,47,673.250000,P1,5,47,584.000000
LH,59,673.250000,P1,5,59,584.000000
RH,74,673.250000,P1,2,74,584.000000
RH,86,673.250000,P1,2,86,584.000000
LH,50,673.500000,P1,6,50,584.250000
LH,54,673.500000,P1,6,54,584.250000
LH,59,673.500000,P1,6,59,584.250000
RH,74,673.500000,P1,2,74,584.250000
RH,78,673.500000,P1,1,78,584.250000
RH,83,673.500000,P1,1,83,584.250000
RH,86,673.500000,P1,2,86,584.250000
LH,44,673.750000,P1,6,44,584.500000
RH,73,674.000000,P1,2,73,584.750000
RH,85,674.000000,P1,2,85,584.750000
LH,32,674.125000,P1,5,32,585.000000
RH,72,674.125000,P1,1,72,585.000000
RH,75,674.125000,P1,1,75,585.000000
RH,78,674.125000,P1,1,78,585.000000
RH,80,674.125000,P1,1,80,585.000000
RH,84,674.125000,P1,1,84,585.000000
LH,39,674.375000,P1,5,39,585.250000
LH,51,674.375000,P1,5,51,585.250000
LH,41,674.666667,P1,5,41,585.500000
LH,53,674.666667,P1,5,53,585.500000
RH,60,674.666667,P1,1,60,585.500000
RH,72,674.666667,P1,1,72,585.500000
LH,42,674.875000,P1,5,42,585.750000
LH,54,674.875000,P1,5,54,585.750000
LH,58,674.875000,P1,1,58,585.750000
RH,70,674.875000,P1,1,70,585.750000
RH,60,675.250000,P1,1,60,586.000000
RH,72,675.250000,P1,1,72,586.000000
LH,48,675.500000,P1,5,48,586.250000
LH,56,675.500000,P1,1,56,586.250000
RH,60,675.500000,P1,5,60,586.250000
RH,68,675.500000,P1,1,68,586.250000
LH,46,675.750000,P1,6,46,586.500000
LH,58,675.750000,P1,6,58,586.500000
RH,68,675.750000,P1,1,68,586.500000
RH,78,675.750000,P1,1,78,586.500000
RH,80,675.750000,P1,1,80,586.500000
RH,60,676.000000,P1,6,60,586.750000
LH,44,676.250000,P1,6,44,587.000000
LH,56,676.250000,P1,6,56,587.000000
LH,51,676.500000,P1,6,51,587.250000
RH,63,676.500000,P1,6,63,587.250000
RH,80,676.500000,P1,1,80,587.250000
RH,84,676.500000,P1,1,84,587.250000
RH,90,676.500000,P1,1,90,587.250000
RH,92,676.500000,P1,1,92,587.250000
LH,53,677.000000,P1,6,53,587.750000
RH,65,677.000000,P1,6,65,587.750000
LH,51,677.250000,P1,6,51,588.000000
RH,63,677.250000,P1,6,63,588.000000
RH,92,677.250000,P1,1,92,588.000000
RH,96,677.250000,P1,1,96,588.000000
RH,102,677.250000,P1,1,102,588.000000
RH,104,677.250000,P1,1,104,588.000000
LH,49,677.500000,P1,6,49,588.250000
RH,61,677.500000,P1,6,61,588.250000
LH,48,677.666667,P1,6,48,588.500000
RH,60,677.750000,P1,6,60,588.500000
LH,46,678.125000,P1,6,46,588.750000
LH,58,678.125000,P1,6,58,588.750000
RH,80,678.125000,P1,1,80,588.750000
RH,90,678.125000,P1,1,90,588.750000
RH,92,678.125000,P1,1,92,588.750000
LH,48,678.375000,P1,6,48,589.000000
RH,60,678.375000,P1,6,60,589.000000
LH,56,678.750000,P1,6,56,589.250000
LH,58,679.125000,P1,5,58,589.500000
RH,70,679.125000,P1,1,70,589.500000
RH,78,679.125000,P1,2,78,589.500000
RH,82,679.125000,P1,1,82,589.500000
RH,60,679.625000,P1,5,60,589.750000
RH,72,679.625000,P1,1,72,589.750000
RH,84,679.625000,P1,1,84,589.750000
LH,56,680.125000,P1,5,56,590.000000
RH,68,680.125000,P1,1,68,590.000000
RH,80,680.125000,P1,1,80,590.000000
LH,33,680.750000,P1,6,33,590.250000
LH,45,680.750000,P1,6,45,590.250000
LH,54,680.750000,P1,2,54,590.250000
LH,57,680.750000,P1,5,57,590.250000
LH,35,681.375000,P1,6,35,590.500000
LH,47,681.375000,P1,6,47,590.500000
LH,59,681.375000,P1,5,59,590.500000
LH,32,682.375000,P1,6,32,590.750000
LH,44,682.375000,P1,6,44,590.750000
LH,56,682.375000,P1,5,56,590.750000
LH,37,684.000000,P1,5,37,591.000000
RH,61,685.500000,P1,1,61,591.500000
RH,60,685.750000,P1,1,60,591.750000
RH,63,685.750000,P1,1,63,591.750000
RH,66,685.750000,P1,1,66,591.750000
RH,72,685.750000,P1,1,72,591.750000
LH,58,686.000000,P1,1,58,592.000000
RH,60,686.250000,P1,1,60,592.250000
RH,63,686.250000,P1,1,63,592.250000
RH,66,686.250000,P1,1,66,592.250000
RH,72,686.250000,P1,1,72,592.250000
RH,61,686.500000,P1,1,61,592.500000
RH,63,686.750000,P1,1,63,592.750000
RH,66,686.750000,P1,1,66,592.750000
RH,75,686.750000,P1,1,75,592.750000
RH,61,686.875000,P1,1,61,593.000000
RH,60,687.125000,P1,1,60,593.250000
RH,63,687.125000,P1,1,63,593.250000
RH,66,687.125000,P1,1,66,593.250000
RH,72,687.250000,P1,1,72,593.250000
RH,61,687.375000,P1,1,61,593.500000
RH,60,687.625000,P1,1,60,593.750000
RH,63,687.625000,P1,1,63,593.750000
RH,66,687.625000,P1,1,66,593.750000
RH,72,687.625000,P1,1,72,593.750000
LH,37,687.750000,P1,5,37,594.000000
LH,58,688.000000,P1,1,58,594.250000
RH,61,688.000000,P1,1,61,594.250000
RH,70,688.000000,P1,1,70,594.250000
RH,65,688.125000,P1,1,65,594.250000
LH,56,688.250000,P1,1,56,594.500000
RH,61,688.500000,P1,1,61,594.750000
RH,65,688.500000,P1,1,65,594.750000
RH,68,688.500000,P1,1,68,594.750000
RH,73,688.500000,P1,1,73,594.750000
RH,60,688.750000,P1,1,60,595.000000
RH,61,689.000000,P1,1,61,595.250000
RH,65,689.000000,P1,1,65,595.250000
RH,68,689.000000,P1,1,68,595.250000
RH,73,689.000000,P1,1,73,595.250000
LH,57,689.125000,P1,1,57,595.500000
LH,58,689.375000,P1,1,58,595.750000
RH,64,689.375000,P1,1,64,595.750000
RH,67,689.375000,P1,1,67,595.750000
RH,70,689.375000,P1,1,70,595.750000
RH,60,689.625000,P1,1,60,596.000000
RH,61,689.750000,P1,1,61,596.250000
RH,64,689.750000,P1,1,64,596.250000
RH,73,689.750000,P1,1,73,596.250000
RH,67,689.875000,P1,1,67,596.250000
RH,60,690.000000,P1,1,60,596.500000
LH,58,690.250000,P1,1,58,596.750000
RH,64,690.250000,P1,1,64,596.750000
RH,67,690.250000,P1,1,67,596.750000
RH,70,690.250000,P1,1,70,596.750000
LH,37,690.375000,P1,5,37,597.000000
RH,60,690.750000,P1,1,60,597.250000
RH,63,690.750000,P1,1,63,597.250000
RH,66,690.750000,P1,1,66,597.250000
RH,72,690.750000,P1,1,72,597.250000
RH,61,691.000000,P1,1,61,597.500000
RH,60,691.250000,P1,1,60,597.750000
RH,63,691.250000,P1,1,63,597.750000
RH,66,691.250000,P1,1,66,597.750000
RH,72,691.250000,P1,1,72,597.750000
LH,58,691.375000,P1,1,58,598.000000
RH,60,691.625000,P1,1,60,598.250000
RH,63,691.625000,P1,1,63,598.250000
RH,66,691.625000,P1,1,66,598.250000
RH,72,691.625000,P1,1,72,598.250000
RH,61,691.875000,P1,1,61,598.500000
RH,63,692.125000,P1,1,63,598.750000
RH,66,692.125000,P1,1,66,598.750000
RH,75,692.125000,P1,1,75,598.750000
RH,61,692.250000,P1,1,61,599.000000
RH,60,692.500000,P1,1,60,599.250000
RH,63,692.500000,P1,1,63,599.250000
RH,72,692.500000,P1,1,72,599.250000
RH,61,692.750000,P1,1,61,599.500000
RH,60,692.875000,P1,1,60,599.750000
RH,63,692.875000,P1,1,63,599.750000
RH,66,692.875000,P1,1,66,599.750000
RH,72,692.875000,P1,1,72,599.750000
LH,37,693.125000,P1,5,37,600.000000
LH,58,693.333333,P1,1,58,600.250000
RH,61,693.333333,P1,1,61,600.250000
RH,65,693.333333,P1,1,65,600.250000
RH,70,693.333333,P1,1,70,600.250000
LH,56,693.500000,P1,1,56,600.500000
RH,61,693.750000,P1,1,61,600.750000
RH,65,693.750000,P1,1,65,600.750000
RH,68,693.750000,P1,1,68,600.750000
RH,73,693.750000,P1,1,73,600.750000
RH,60,694.000000,P1,1,60,601.000000
RH,61,694.125000,P1,1,61,601.250000
RH,65,694.125000,P1,1,65,601.250000
RH,68,694.125000,P1,1,68,601.250000
RH,73,694.125000,P1,1,73,601.250000
LH,57,694.375000,P1,1,57,601.500000
LH,58,694.625000,P1,1,58,601.750000
RH,64,694.625000,P1,1,64,601.750000
RH,67,694.625000,P1,1,67,601.750000
RH,70,694.625000,P1,1,70,601.750000
RH,60,694.875000,P1,1,60,602.000000
RH,61,695.000000,P1,1,61,602.250000
RH,73,695.000000,P1,1,73,602.250000
RH,60,695.250000,P1,1,60,602.500000
LH,58,695.375000,P1,1,58,602.750000
RH,70,695.375000,P1,1,70,602.750000
LH,49,695.666667,P1,6,49,603.000000
LH,59,695.666667,P1,1,59,603.000000
RH,65,696.000000,P1,1,65,603.250000
RH,68,696.000000,P1,1,68,603.250000
RH,71,696.000000,P1,1,71,603.250000
RH,77,696.000000,P1,1,77,603.250000
RH,66,696.250000,P1,1,66,603.500000
RH,65,696.375000,P1,1,65,603.750000
RH,68,696.375000,P1,1,68,603.750000
RH,71,696.375000,P1,1,71,603.750000
RH,77,696.375000,P1,1,77,603.750000
RH,63,696.625000,P1,1,63,604.000000
RH,65,696.750000,P1,1,65,604.250000
RH,68,696.750000,P1,1,68,604.250000
RH,71,696.750000,P1,1,71,604.250000
RH,77,696.750000,P1,1,77,604.250000
RH,66,697.000000,P1,1,66,604.500000
RH,68,697.250000,P1,1,68,604.750000
RH,71,697.250000,P1,1,71,604.750000
RH,80,697.250000,P1,1,80,604.750000
RH,66,697.375000,P1,1,66,605.000000
RH,65,697.625000,P1,1,65,605.250000
RH,68,697.625000,P1,1,68,605.250000
RH,71,697.625000,P1,1,71,605.250000
RH,77,697.625000,P1,1,77,605.250000
RH,65,698.000000,P1,1,65,605.750000
RH,68,698.000000,P1,1,68,605.750000
RH,71,698.000000,P1,1,71,605.750000
RH,77,698.000000,P1,1,77,605.750000
LH,49,698.250000,P1,6,49,606.000000
LH,54,698.250000,P1,6,54,606.000000
RH,63,698.500000,P1,1,63,606.250000
RH,66,698.500000,P1,1,66,606.250000
RH,70,698.500000,P1,1,70,606.250000
RH,75,698.500000,P1,1,75,606.250000
RH,61,698.666667,P1,1,61,606.500000
RH,66,698.875000,P1,1,66,606.750000
RH,70,698.875000,P1,1,70,606.750000
RH,73,698.875000,P1,1,73,606.750000
RH,78,698.875000,P1,1,78,606.750000
RH,65,699.125000,P1,1,65,607.000000
RH,66,699.333333,P1,1,66,607.250000
RH,70,699.333333,P1,1,70,607.250000
RH,73,699.333333,P1,1,73,607.250000
RH,78,699.333333,P1,1,78,607.250000
RH,62,699.500000,P1,1,62,607.500000
RH,63,699.666667,P1,1,63,607.750000
RH,66,699.666667,P1,1,66,607.750000
RH,75,699.666667,P1,1,75,607.750000
RH,70,699.750000,P1,1,70,607.750000
RH,65,699.875000,P1,1,65,608.000000
RH,66,700.125000,P1,1,66,608.250000
RH,70,700.125000,P1,1,70,608.250000
RH,78,700.125000,P1,1,78,608.250000
RH,65,700.333333,P1,1,65,608.500000
RH,63,700.500000,P1,1,63,608.750000
RH,66,700.625000,P1,1,66,608.750000
RH,70,700.625000,P1,1,70,608.750000
LH,49,700.750000,P1,6,49,609.000000
LH,52,700.750000,P1,6,52,609.000000
RH,67,701.125000,P1,1,67,609.250000
RH,70,701.125000,P1,1,70,609.250000
RH,73,701.125000,P1,1,73,609.250000
RH,79,701.125000,P1,1,79,609.250000
RH,68,701.333333,P1,1,68,609.500000
RH,67,701.500000,P1,1,67,609.750000
RH,70,701.500000,P1,1,70,609.750000
RH,73,701.500000,P1,1,73,609.750000
RH,79,701.500000,P1,1,79,609.750000
RH,65,701.666667,P1,1,65,610.000000
RH,67,701.875000,P1,1,67,610.250000
RH,70,701.875000,P1,1,70,610.250000
RH,73,701.875000,P1,1,73,610.250000
RH,79,701.875000,P1,1,79,610.250000
RH,68,702.125000,P1,1,68,610.500000
RH,70,702.333333,P1,1,70,610.750000
RH,73,702.333333,P1,1,73,610.750000
RH,82,702.333333,P1,1,82,610.750000
RH,68,702.500000,P1,1,68,611.000000
RH,67,702.666667,P1,1,67,611.250000
RH,70,702.666667,P1,1,70,611.250000
RH,73,702.666667,P1,1,73,611.250000
RH,79,702.666667,P1,1,79,611.250000
RH,68,702.875000,P1,1,68,611.500000
RH,67,703.125000,P1,1,67,611.750000
RH,70,703.125000,P1,1,70,611.750000
RH,73,703.125000,P1,1,73,611.750000
RH,79,703.125000,P1,1,79,611.750000
LH,49,703.333333,P1,6,49,612.000000
LH,53,703.333333,P1,6,53,612.000000
RH,65,703.625000,P1,1,65,612.250000
RH,70,703.625000,P1,1,70,612.250000
RH,73,703.625000,P1,1,73,612.250000
RH,77,703.625000,P1,1,77,612.250000
RH,64,703.750000,P1,1,64,612.500000
RH,68,704.000000,P1,1,68,612.750000
RH,70,704.000000,P1,1,70,612.750000
RH,73,704.000000,P1,1,73,612.750000
RH,80,704.000000,P1,1,80,612.750000
RH,67,704.125000,P1,1,67,613.000000
RH,68,704.333333,P1,1,68,613.250000
RH,70,704.333333,P1,1,70,613.250000
RH,73,704.333333,P1,1,73,613.250000
RH,80,704.333333,P1,1,80,613.250000
RH,64,704.500000,P1,1,64,613.500000
RH,65,704.750000,P1,1,65,613.750000
RH,70,704.750000,P1,1,70,613.750000
RH,73,704.750000,P1,1,73,613.750000
RH,77,704.750000,P1,1,77,613.750000
RH,67,705.000000,P1,1,67,614.000000
RH,68,705.125000,P1,1,68,614.250000
RH,70,705.125000,P1,1,70,614.250000
RH,80,705.125000,P1,1,80,614.250000
RH,67,705.333333,P1,1,67,614.500000
RH,70,705.625000,P1,1,70,614.750000
RH,77,705.625000,P1,1,77,614.750000
RH,73,705.666667,P1,1,73,614.750000
LH,49,706.000000,P1,6,49,615.000000
LH,55,706.000000,P1,6,55,615.000000
LH,58,706.000000,P1,6,58,615.000000
RH,75,706.375000,P1,1,75,615.250000
RH,79,706.375000,P1,1,79,615.250000
RH,87,706.375000,P1,1,87,615.250000
RH,82,706.500000,P1,1,82,615.250000
RH,67,706.750000,P1,1,67,615.500000
RH,70,706.750000,P1,1,70,615.500000
RH,76,706.750000,P1,1,76,615.500000
RH,75,706.875000,P1,1,75,615.750000
RH,79,706.875000,P1,1,79,615.750000
RH,82,706.875000,P1,1,82,615.750000
RH,87,706.875000,P1,1,87,615.750000
RH,67,707.125000,P1,1,67,616.000000
RH,70,707.125000,P1,1,70,616.000000
RH,73,707.125000,P1,1,73,616.000000
RH,75,707.333333,P1,1,75,616.250000
RH,79,707.333333,P1,1,79,616.250000
RH,82,707.333333,P1,1,82,616.250000
RH,87,707.333333,P1,1,87,616.250000
RH,67,707.500000,P1,1,67,616.500000
RH,70,707.500000,P1,1,70,616.500000
RH,76,707.500000,P1,1,76,616.500000
RH,78,707.666667,P1,1,78,616.750000
RH,82,707.666667,P1,1,82,616.750000
RH,85,707.666667,P1,1,85,616.750000
RH,90,707.666667,P1,1,90,616.750000
RH,67,707.875000,P1,1,67,617.000000
RH,70,707.875000,P1,1,70,617.000000
RH,76,707.875000,P1,1,76,617.000000
RH,75,708.125000,P1,1,75,617.250000
RH,79,708.125000,P1,1,79,617.250000
RH,82,708.125000,P1,1,82,617.250000
RH,87,708.125000,P1,1,87,617.250000
RH,67,708.250000,P1,1,67,617.500000
RH,70,708.250000,P1,1,70,617.500000
RH,76,708.250000,P1,1,76,617.500000
RH,75,708.500000,P1,1,75,617.750000
RH,79,708.500000,P1,1,79,617.750000
RH,82,708.500000,P1,1,82,617.750000
RH,87,708.500000,P1,1,87,617.750000
LH,49,708.875000,P1,6,49,618.000000
LH,54,708.875000,P1,6,54,618.000000
RH,64,708.875000,P1,1,64,618.000000
RH,73,709.125000,P1,1,73,618.250000
RH,78,709.125000,P1,1,78,618.250000
RH,82,709.125000,P1,1,82,618.250000
RH,85,709.125000,P1,1,85,618.250000
RH,66,709.375000,P1,1,66,618.500000
RH,70,709.375000,P1,1,70,618.500000
RH,72,709.375000,P1,1,72,618.500000
RH,76,709.625000,P1,1,76,618.750000
RH,82,709.625000,P1,1,82,618.750000
RH,85,709.625000,P1,1,85,618.750000
RH,88,709.625000,P1,1,88,618.750000
RH,66,709.750000,P1,1,66,619.000000
RH,75,709.750000,P1,1,75,619.000000
RH,76,710.000000,P1,1,76,619.250000
RH,82,710.000000,P1,1,82,619.250000
RH,85,710.000000,P1,1,85,619.250000
RH,88,710.000000,P1,1,88,619.250000
RH,66,710.125000,P1,1,66,619.500000
RH,70,710.125000,P1,1,70,619.500000
RH,72,710.125000,P1,1,72,619.500000
RH,73,710.333333,P1,1,73,619.750000
RH,78,710.333333,P1,1,78,619.750000
RH,85,710.333333,P1,1,85,619.750000
RH,82,710.375000,P1,1,82,619.750000
RH,66,710.500000,P1,1,66,620.000000
RH,75,710.500000,P1,1,75,620.000000
RH,76,710.750000,P1,1,76,620.250000
RH,88,710.750000,P1,1,88,620.250000
RH,66,710.875000,P1,1,66,620.500000
RH,70,710.875000,P1,1,70,620.500000
RH,73,711.125000,P1,1,73,620.750000
RH,82,711.125000,P1,1,82,620.750000
RH,85,711.125000,P1,1,85,620.750000
LH,49,711.500000,P1,6,49,621.000000
LH,55,711.500000,P1,6,55,621.000000
LH,58,711.500000,P1,6,58,621.000000
RH,75,711.875000,P1,1,75,621.250000
RH,79,711.875000,P1,1,79,621.250000
RH,82,711.875000,P1,1,82,621.250000
RH,87,711.875000,P1,1,87,621.250000
RH,67,712.000000,P1,1,67,621.500000
RH,70,712.000000,P1,1,70,621.500000
RH,76,712.000000,P1,1,76,621.500000
RH,75,712.250000,P1,1,75,621.750000
RH,79,712.250000,P1,1,79,621.750000
RH,82,712.250000,P1,1,82,621.750000
RH,87,712.250000,P1,1,87,621.750000
RH,67,712.500000,P1,1,67,622.000000
RH,70,712.500000,P1,1,70,622.000000
RH,73,712.500000,P1,1,73,622.000000
RH,75,712.625000,P1,1,75,622.250000
RH,79,712.625000,P1,1,79,622.250000
RH,82,712.625000,P1,1,82,622.250000
RH,87,712.625000,P1,1,87,622.250000
RH,67,712.750000,P1,1,67,622.500000
RH,70,712.750000,P1,1,70,622.500000
RH,76,712.750000,P1,1,76,622.500000
RH,78,713.000000,P1,1,78,622.750000
RH,82,713.000000,P1,1,82,622.750000
RH,85,713.000000,P1,1,85,622.750000
RH,90,713.000000,P1,1,90,622.750000
RH,67,713.250000,P1,1,67,623.000000
RH,70,713.250000,P1,1,70,623.000000
RH,76,713.250000,P1,1,76,623.000000
RH,75,713.375000,P1,1,75,623.250000
RH,79,713.375000,P1,1,79,623.250000
RH,82,713.375000,P1,1,82,623.250000
RH,87,713.375000,P1,1,87,623.250000
RH,67,713.500000,P1,1,67,623.500000
RH,70,713.500000,P1,1,70,623.500000
RH,76,713.500000,P1,1,76,623.500000
RH,75,713.750000,P1,1,75,623.750000
RH,87,713.750000,P1,1,87,623.750000
RH,79,713.875000,P1,1,79,623.750000
RH,82,713.875000,P1,1,82,623.750000
LH,49,714.000000,P1,6,49,624.000000
LH,54,714.000000,P1,6,54,624.000000
LH,58,714.000000,P1,6,58,624.000000
RH,64,714.000000,P1,1,64,624.000000
RH,73,714.375000,P1,1,73,624.250000
RH,78,714.375000,P1,1,78,624.250000
RH,82,714.375000,P1,1,82,624.250000
RH,85,714.375000,P1,1,85,624.250000
RH,72,714.500000,P1,1,72,624.500000
RH,66,714.625000,P1,1,66,624.500000
RH,70,714.625000,P1,1,70,624.500000
RH,72,714.625000,P1,1,72,624.500000
RH,76,714.875000,P1,1,76,624.750000
RH,82,714.875000,P1,1,82,624.750000
RH,85,714.875000,P1,1,85,624.750000
RH,88,714.875000,P1,1,88,624.750000
RH,66,715.000000,P1,1,66,625.000000
RH,75,715.000000,P1,1,75,625.000000
RH,76,715.250000,P1,1,76,625.250000
RH,82,715.250000,P1,1,82,625.250000
RH,85,715.250000,P1,1,85,625.250000
RH,88,715.250000,P1,1,88,625.250000
RH,66,715.375000,P1,1,66,625.500000
RH,70,715.375000,P1,1,70,625.500000
RH,72,715.375000,P1,1,72,625.500000
RH,73,715.625000,P1,1,73,625.750000
RH,78,715.625000,P1,1,78,625.750000
RH,82,715.625000,P1,1,82,625.750000
RH,85,715.625000,P1,1,85,625.750000
RH,66,715.750000,P1,1,66,626.000000
RH,75,715.750000,P1,1,75,626.000000
RH,76,715.875000,P1,1,76,626.250000
RH,88,715.875000,P1,1,88,626.250000
RH,66,716.125000,P1,1,66,626.500000
RH,70,716.125000,P1,1,70,626.500000
RH,73,716.250000,P1,1,73,626.750000
RH,78,716.250000,P1,1,78,626.750000
RH,82,716.250000,P1,1,82,626.750000
RH,85,716.250000,P1,1,85,626.750000
LH,54,716.625000,P1,6,54,627.000000
LH,57,716.666667,P1,6,57,627.000000
RH,83,717.125000,P1,1,83,627.250000
RH,90,717.125000,P1,1,90,627.250000
RH,93,717.125000,P1,1,93,627.250000
RH,95,717.125000,P1,1,95,627.250000
RH,75,717.375000,P1,5,75,627.500000
RH,78,717.375000,P1,5,78,627.500000
RH,84,717.375000,P1,5,84,627.500000
RH,83,717.625000,P1,1,83,627.750000
RH,90,717.625000,P1,1,90,627.750000
RH,93,717.625000,P1,1,93,627.750000
RH,95,717.625000,P1,1,95,627.750000
RH,75,717.750000,P1,5,75,628.000000
RH,78,717.750000,P1,5,78,628.000000
RH,82,717.750000,P1,5,82,628.000000
RH,83,717.875000,P1,1,83,628.250000
RH,90,717.875000,P1,1,90,628.250000
RH,93,717.875000,P1,1,93,628.250000
RH,95,717.875000,P1,1,95,628.250000
RH,75,718.125000,P1,5,75,628.500000
RH,84,718.125000,P1,5,84,628.500000
RH,86,718.250000,P1,1,86,628.750000
RH,90,718.250000,P1,1,90,628.750000
RH,98,718.250000,P1,1,98,628.750000
RH,75,718.375000,P1,5,75,629.000000
RH,84,718.375000,P1,5,84,629.000000
RH,83,718.625000,P1,1,83,629.250000
RH,90,718.625000,P1,1,90,629.250000
RH,93,718.625000,P1,1,93,629.250000
RH,95,718.625000,P1,1,95,629.250000
RH,75,718.750000,P1,5,75,629.500000
RH,78,718.750000,P1,5,78,629.500000
RH,84,718.750000,P1,5,84,629.500000
RH,83,719.000000,P1,1,83,629.750000
RH,90,719.000000,P1,1,90,629.750000
RH,93,719.000000,P1,1,93,629.750000
RH,95,719.000000,P1,1,95,629.750000
LH,48,719.250000,P1,5,48,630.000000
LH,53,719.333333,P1,5,53,630.000000
LH,57,719.375000,P1,5,57,630.000000
RH,69,719.750000,P1,1,69,630.250000
RH,72,719.750000,P1,1,72,630.250000
RH,77,719.875000,P1,1,77,630.500000
RH,81,719.875000,P1,1,81,630.500000
RH,80,720.125000,P1,1,80,630.750000
RH,83,720.125000,P1,1,83,630.750000
RH,81,720.333333,P1,1,81,631.000000
RH,84,720.333333,P1,1,84,631.000000
RH,93,720.333333,P1,1,93,631.000000
RH,76,720.500000,P1,1,76,631.250000
RH,80,720.500000,P1,1,80,631.250000
RH,77,720.666667,P1,1,77,631.500000
RH,81,720.666667,P1,1,81,631.500000
RH,89,720.666667,P1,1,89,631.500000
RH,71,720.875000,P1,1,71,631.750000
RH,74,720.875000,P1,1,74,631.750000
RH,72,721.125000,P1,1,72,632.000000
RH,77,721.125000,P1,1,77,632.000000
RH,84,721.125000,P1,1,84,632.000000
RH,68,721.250000,P1,5,68,632.250000
RH,71,721.250000,P1,5,71,632.250000
RH,69,721.500000,P1,5,69,632.500000
RH,72,721.500000,P1,5,72,632.500000
RH,81,721.500000,P1,1,81,632.500000
RH,77,721.666667,P1,1,77,632.750000
LH,47,721.875000,P1,6,47,633.000000
LH,54,721.875000,P1,6,54,633.000000
LH,57,721.875000,P1,6,57,633.000000
RH,78,722.250000,P1,1,78,633.250000
RH,81,722.250000,P1,1,81,633.250000
RH,83,722.250000,P1,1,83,633.250000
RH,71,722.333333,P1,1,71,633.250000
RH,72,722.333333,P1,1,72,633.500000
RH,63,722.625000,P1,1,63,633.500000
RH,72,722.625000,P1,1,72,633.500000
RH,71,722.750000,P1,1,71,633.750000
RH,78,722.750000,P1,1,78,633.750000
RH,81,722.750000,P1,1,81,633.750000
RH,83,722.750000,P1,1,83,633.750000
RH,63,722.875000,P1,1,63,634.000000
RH,66,722.875000,P1,1,66,634.000000
RH,70,722.875000,P1,1,70,634.000000
RH,71,723.125000,P1,1,71,634.250000
RH,78,723.125000,P1,1,78,634.250000
RH,81,723.125000,P1,1,81,634.250000
RH,83,723.125000,P1,1,83,634.250000
RH,63,723.250000,P1,1,63,634.500000
RH,66,723.250000,P1,1,66,634.500000
RH,72,723.250000,P1,1,72,634.500000
RH,74,723.375000,P1,1,74,634.750000
RH,78,723.375000,P1,1,78,634.750000
RH,86,723.375000,P1,1,86,634.750000
RH,63,723.625000,P1,1,63,635.000000
RH,66,723.625000,P1,1,66,635.000000
RH,72,723.625000,P1,1,72,635.000000
RH,71,723.750000,P1,1,71,635.250000
RH,78,723.750000,P1,1,78,635.250000
RH,81,723.750000,P1,1,81,635.250000
RH,83,723.750000,P1,1,83,635.250000
RH,63,723.875000,P1,1,63,635.500000
RH,66,723.875000,P1,1,66,635.500000
RH,72,723.875000,P1,1,72,635.500000
RH,71,724.125000,P1,1,71,635.750000
RH,72,724.125000,P1,1,72,635.500000
RH,78,724.125000,P1,1,78,635.750000
RH,81,724.125000,P1,1,81,635.750000
RH,83,724.125000,P1,1,83,635.750000
LH,48,724.375000,P1,5,48,636.000000
LH,53,724.500000,P1,5,53,636.000000
LH,57,724.500000,P1,5,57,636.000000
LH,53,724.625000,P1,5,53,636.000000
RH,65,724.625000,P1,1,65,636.000000
RH,69,724.750000,P1,1,69,636.250000
RH,72,724.750000,P1,1,72,636.250000
RH,77,725.000000,P1,1,77,636.500000
RH,81,725.000000,P1,1,81,636.500000
RH,68,725.125000,P1,1,68,636.750000
RH,71,725.125000,P1,1,71,636.750000
RH,69,725.375000,P1,1,69,637.000000
RH,72,725.375000,P1,1,72,637.000000
RH,81,725.375000,P1,1,81,637.000000
RH,64,725.500000,P1,1,64,637.250000
RH,68,725.500000,P1,1,68,637.250000
RH,65,725.750000,P1,1,65,637.500000
RH,69,725.750000,P1,1,69,637.500000
RH,77,725.750000,P1,1,77,637.500000
LH,59,725.875000,P1,1,59,637.750000
RH,62,725.875000,P1,1,62,637.750000
RH,60,726.125000,P1,1,60,638.000000
RH,72,726.125000,P1,1,72,638.000000
LH,56,726.333333,P1,5,56,638.250000
LH,59,726.333333,P1,5,59,638.250000
LH,57,726.500000,P1,5,57,638.500000
RH,60,726.500000,P1,5,60,638.500000
RH,69,726.500000,P1,1,69,638.500000
LH,54,727.000000,P1,5,54,639.000000
LH,57,727.125000,P1,5,57,639.000000
RH,63,727.125000,P1,5,63,639.000000
LH,59,727.500000,P1,5,59,639.250000
RH,66,727.500000,P1,5,66,639.250000
RH,69,727.500000,P1,5,69,639.250000
RH,71,727.500000,P1,5,71,639.250000
LH,51,727.666667,P1,5,51,639.500000
LH,54,727.666667,P1,5,54,639.500000
RH,60,727.666667,P1,5,60,639.500000
LH,59,727.875000,P1,5,59,639.750000
RH,66,727.875000,P1,5,66,639.750000
RH,69,727.875000,P1,5,69,639.750000
RH,71,727.875000,P1,5,71,639.750000
LH,51,728.000000,P1,5,51,640.000000
LH,54,728.000000,P1,5,54,640.000000
LH,58,728.000000,P1,5,58,640.000000
LH,59,728.250000,P1,5,59,640.250000
RH,66,728.250000,P1,5,66,640.250000
RH,69,728.250000,P1,5,69,640.250000
RH,71,728.250000,P1,5,71,640.250000
LH,51,728.375000,P1,5,51,640.500000
RH,60,728.375000,P1,5,60,640.500000
LH,54,728.500000,P1,5,54,640.500000
RH,62,728.625000,P1,5,62,640.750000
RH,66,728.625000,P1,5,66,640.750000
RH,74,728.625000,P1,5,74,640.750000
LH,51,728.750000,P1,5,51,641.000000
RH,60,728.750000,P1,5,60,641.000000
LH,59,729.000000,P1,5,59,641.250000
RH,66,729.000000,P1,5,66,641.250000
RH,71,729.000000,P1,5,71,641.250000
LH,51,729.125000,P1,5,51,641.500000
RH,60,729.125000,P1,5,60,641.500000
LH,59,729.375000,P1,5,59,641.750000
RH,66,729.375000,P1,5,66,641.750000
RH,71,729.375000,P1,5,71,641.750000
LH,57,729.625000,P1,5,57,642.000000
RH,69,729.875000,P1,5,69,642.250000
LH,56,730.000000,P1,5,56,642.500000
LH,57,730.125000,P1,5,57,642.500000
RH,68,730.250000,P1,5,68,642.750000
RH,69,730.250000,P1,5,69,642.750000
LH,55,730.375000,P1,5,55,643.000000
LH,57,730.375000,P1,5,57,643.000000
RH,67,730.625000,P1,5,67,643.250000
RH,69,730.625000,P1,5,69,643.250000
LH,54,730.750000,P1,5,54,643.500000
LH,57,730.750000,P1,5,57,643.500000
RH,66,731.000000,P1,5,66,643.750000
RH,69,731.000000,P1,5,69,643.750000
LH,57,731.125000,P1,5,57,644.000000
RH,65,731.333333,P1,5,65,644.250000
RH,69,731.333333,P1,5,69,644.250000
LH,52,731.500000,P1,5,52,644.500000
LH,57,731.500000,P1,5,57,644.500000
RH,64,731.666667,P1,5,64,644.750000
RH,69,731.666667,P1,5,69,644.750000
LH,51,731.875000,P1,5,51,645.000000
LH,54,731.875000,P1,5,54,645.000000
LH,57,731.875000,P1,5,57,645.000000
RH,63,732.000000,P1,5,63,645.250000
RH,66,732.000000,P1,5,66,645.250000
RH,69,732.000000,P1,5,69,645.250000
LH,52,732.250000,P1,5,52,645.500000
LH,57,732.250000,P1,5,57,645.500000
RH,64,732.375000,P1,5,64,645.750000
RH,66,732.375000,P1,5,66,645.750000
RH,69,732.375000,P1,5,69,645.750000
LH,51,732.666667,P1,5,51,646.000000
LH,54,732.666667,P1,5,54,646.000000
LH,57,732.666667,P1,5,57,646.000000
RH,63,732.750000,P1,5,63,646.250000
RH,66,732.750000,P1,5,66,646.250000
RH,69,732.750000,P1,5,69,646.250000
LH,50,733.000000,P1,5,50,646.500000
LH,57,733.000000,P1,5,57,646.500000
RH,62,733.125000,P1,5,62,646.750000
RH,69,733.125000,P1,5,69,646.750000
LH,49,733.375000,P1,5,49,647.000000
LH,54,733.375000,P1,5,54,647.000000
LH,57,733.375000,P1,5,57,647.000000
RH,61,733.500000,P1,5,61,647.250000
RH,69,733.500000,P1,5,69,647.250000
LH,48,733.666667,P1,5,48,647.500000
LH,57,733.750000,P1,5,57,647.500000
RH,60,733.875000,P1,5,60,647.750000
RH,69,733.875000,P1,5,69,647.750000
LH,47,734.125000,P1,5,47,648.000000
LH,51,734.125000,P1,5,51,648.000000
LH,54,734.125000,P1,5,54,648.000000
LH,57,734.125000,P1,5,57,648.000000
LH,59,734.333333,P1,5,59,648.250000
RH,63,734.333333,P1,5,63,648.250000
RH,69,734.333333,P1,5,69,648.250000
RH,66,734.375000,P1,5,66,648.250000
LH,47,734.500000,P1,5,47,648.500000
LH,51,734.500000,P1,5,51,648.500000
LH,54,734.500000,P1,5,54,648.500000
LH,57,734.500000,P1,5,57,648.500000
LH,59,734.750000,P1,5,59,648.750000
RH,63,734.750000,P1,5,63,648.750000
RH,66,734.750000,P1,5,66,648.750000
RH,69,734.750000,P1,5,69,648.750000
LH,47,734.875000,P1,5,47,649.000000
LH,51,734.875000,P1,5,51,649.000000
LH,54,734.875000,P1,5,54,649.000000
LH,57,734.875000,P1,5,57,649.000000
LH,59,735.125000,P1,5,59,649.250000
RH,63,735.125000,P1,5,63,649.250000
RH,66,735.125000,P1,5,66,649.250000
RH,69,735.125000,P1,5,69,649.250000
LH,47,735.250000,P1,5,47,649.500000
LH,51,735.250000,P1,5,51,649.500000
LH,54,735.250000,P1,5,54,649.500000
LH,57,735.250000,P1,5,57,649.500000
LH,59,735.500000,P1,5,59,649.750000
RH,63,735.500000,P1,5,63,649.750000
RH,66,735.500000,P1,5,66,649.750000
RH,69,735.500000,P1,5,69,649.750000
LH,47,735.625000,P1,5,47,650.000000
LH,51,735.625000,P1,5,51,650.000000
LH,54,735.625000,P1,5,54,650.000000
LH,57,735.625000,P1,5,57,650.000000
LH,59,735.875000,P1,5,59,650.250000
RH,63,735.875000,P1,5,63,650.250000
RH,66,735.875000,P1,5,66,650.250000
RH,69,735.875000,P1,5,69,650.250000
LH,47,736.000000,P1,5,47,650.500000
LH,51,736.000000,P1,5,51,650.500000
LH,54,736.000000,P1,5,54,650.500000
LH,57,736.000000,P1,5,57,650.500000
LH,59,736.250000,P1,5,59,650.750000
RH,63,736.250000,P1,5,63,650.750000
RH,66,736.250000,P1,5,66,650.750000
RH,69,736.250000,P1,5,69,650.750000
LH,48,736.500000,P1,5,48,651.000000
LH,51,736.500000,P1,5,51,651.000000
LH,54,736.500000,P1,5,54,651.000000
LH,58,736.500000,P1,5,58,651.000000
RH,60,736.666667,P1,5,60,651.250000
RH,63,736.875000,P1,5,63,651.500000
RH,66,736.875000,P1,5,66,651.500000
RH,70,736.875000,P1,5,70,651.500000
LH,32,737.250000,P1,5,32,651.750000
LH,44,737.250000,P1,5,44,651.750000
RH,72,737.250000,P1,1,72,651.750000
RH,75,737.250000,P1,1,75,651.750000
RH,82,737.250000,P1,1,82,651.750000
RH,66,737.875000,P1,1,66,652.250000
RH,70,737.875000,P1,1,70,652.250000
RH,62,738.125000,P1,1,62,652.500000
RH,65,738.125000,P1,1,65,652.500000
RH,63,738.333333,P1,1,63,652.750000
RH,66,738.333333,P1,1,66,652.750000
RH,65,738.500000,P1,1,65,653.000000
RH,69,738.500000,P1,1,69,653.000000
RH,66,738.750000,P1,2,66,653.250000
RH,70,738.750000,P1,1,70,653.250000
RH,73,739.000000,P1,1,73,653.500000
RH,68,739.125000,P1,2,68,653.750000
RH,72,739.125000,P1,1,72,653.750000
LH,49,739.250000,P1,5,49,654.000000
LH,56,739.250000,P1,5,56,654.000000
LH,53,739.333333,P1,5,53,654.000000
RH,61,739.500000,P1,5,61,654.250000
RH,65,739.500000,P1,5,65,654.250000
RH,68,740.000000,P1,1,68,654.750000
RH,73,740.000000,P1,1,73,654.750000
RH,80,740.000000,P1,1,80,654.750000
RH,61,740.333333,P1,1,61,655.000000
RH,65,740.333333,P1,1,65,655.000000
RH,63,740.500000,P1,1,63,655.250000
RH,66,740.500000,P1,1,66,655.250000
RH,65,740.750000,P1,1,65,655.500000
RH,68,740.750000,P1,1,68,655.500000
RH,66,740.875000,P1,1,66,655.750000
RH,70,740.875000,P1,1,70,655.750000
RH,65,741.125000,P1,1,65,656.000000
RH,68,741.125000,P1,1,68,656.000000
RH,61,741.333333,P1,5,61,656.250000
RH,65,741.333333,P1,5,65,656.250000
RH,61,742.000000,P1,6,61,657.000000
RH,66,742.000000,P1,5,66,657.000000
RH,70,742.000000,P1,2,70,657.000000
LH,58,742.125000,P1,6,58,657.000000
LH,54,742.250000,P1,6,54,657.250000
RH,73,742.250000,P1,2,73,657.250000
RH,78,742.250000,P1,2,78,657.250000
RH,82,742.250000,P1,1,82,657.250000
LH,44,742.500000,P1,6,44,657.500000
RH,82,742.500000,P1,2,82,657.500000
LH,32,742.666667,P1,6,32,657.750000
RH,85,742.666667,P1,1,85,657.750000
RH,90,742.666667,P1,1,90,657.750000
RH,94,742.666667,P1,1,94,657.750000
RH,69,743.125000,P1,1,69,658.000000
RH,72,743.125000,P1,1,72,658.000000
RH,70,743.375000,P1,1,70,658.250000
RH,73,743.375000,P1,1,73,658.250000
RH,82,743.375000,P1,1,82,658.250000
RH,65,743.625000,P1,1,65,658.500000
RH,69,743.625000,P1,1,69,658.500000
RH,66,743.750000,P1,1,66,658.750000
RH,78,743.750000,P1,1,78,658.750000
RH,69,744.000000,P1,1,69,659.000000
RH,72,744.000000,P1,1,72,659.000000
RH,73,744.250000,P1,1,73,659.250000
RH,73,744.375000,P1,1,73,659.500000
RH,82,744.375000,P1,1,82,659.500000
RH,85,744.375000,P1,1,85,659.500000
RH,72,744.625000,P1,1,72,659.750000
RH,84,744.625000,P1,1,84,659.750000
LH,56,744.875000,P1,6,56,660.000000
RH,61,744.875000,P1,6,61,660.000000
RH,65,744.875000,P1,5,65,660.000000
RH,68,744.875000,P1,2,68,660.000000
LH,53,745.125000,P1,6,53,660.250000
RH,73,745.125000,P1,2,73,660.250000
RH,77,745.125000,P1,2,77,660.250000
RH,80,745.125000,P1,1,80,660.250000
RH,80,745.333333,P1,2,80,660.500000
LH,44,745.375000,P1,6,44,660.500000
LH,32,745.500000,P1,6,32,660.750000
RH,85,745.500000,P1,1,85,660.750000
RH,92,745.500000,P1,1,92,660.750000
RH,61,745.875000,P1,1,61,661.000000
RH,65,745.875000,P1,1,65,661.000000
RH,66,746.000000,P1,1,66,661.250000
RH,78,746.000000,P1,1,78,661.250000
RH,65,746.333333,P1,1,65,661.500000
RH,68,746.333333,P1,1,68,661.500000
RH,70,746.500000,P1,1,70,661.750000
RH,78,746.500000,P1,1,78,661.750000
RH,68,746.750000,P1,1,68,662.000000
RH,77,746.750000,P1,1,77,662.000000
RH,80,746.750000,P1,1,80,662.000000
RH,61,747.000000,P1,5,61,662.250000
RH,65,747.000000,P1,5,65,662.250000
LH,54,747.750000,P1,5,54,663.000000
LH,58,747.750000,P1,5,58,663.000000
RH,63,747.750000,P1,5,63,663.000000
RH,66,748.000000,P1,1,66,663.250000
RH,70,748.000000,P1,1,70,663.250000
RH,75,748.000000,P1,1,75,663.250000
RH,78,748.000000,P1,1,78,663.250000
LH,49,748.125000,P1,6,49,663.375000
RH,68,748.125000,P1,1,68,663.500000
RH,80,748.125000,P1,1,80,663.500000
LH,54,748.375000,P1,5,54,663.750000
LH,58,748.375000,P1,5,58,663.750000
RH,63,748.375000,P1,5,63,663.750000
RH,69,748.625000,P1,1,69,664.000000
RH,75,748.625000,P1,1,75,664.000000
RH,78,748.625000,P1,1,78,664.000000
RH,81,748.625000,P1,1,81,664.000000
LH,37,748.750000,P1,6,37,664.125000
RH,70,748.875000,P1,1,70,664.250000
RH,82,748.875000,P1,1,82,664.250000
LH,56,749.250000,P1,5,56,664.500000
RH,60,749.250000,P1,5,60,664.500000
RH,66,749.250000,P1,5,66,664.500000
RH,75,749.333333,P1,1,75,664.500000
RH,78,749.333333,P1,1,78,664.500000
RH,87,749.333333,P1,1,87,664.500000
LH,49,749.625000,P1,6,49,664.875000
RH,74,749.666667,P1,1,74,664.750000
RH,86,749.666667,P1,1,86,664.750000
RH,73,749.875000,P1,1,73,665.000000
RH,85,749.875000,P1,1,85,665.000000
LH,56,750.000000,P1,5,56,665.250000
RH,66,750.000000,P1,5,66,665.250000
RH,72,750.125000,P1,1,72,665.250000
RH,84,750.125000,P1,1,84,665.250000
LH,37,750.375000,P1,6,37,665.625000
RH,71,750.375000,P1,1,71,665.500000
RH,83,750.375000,P1,1,83,665.500000
RH,70,750.625000,P1,1,70,665.750000
RH,82,750.625000,P1,1,82,665.750000
LH,56,750.750000,P1,5,56,666.000000
RH,65,750.750000,P1,5,65,666.000000
RH,69,750.750000,P1,1,69,666.000000
RH,81,750.750000,P1,1,81,666.000000
LH,49,751.000000,P1,6,49,666.375000
RH,68,751.000000,P1,1,68,666.250000
RH,80,751.000000,P1,1,80,666.250000
RH,73,751.250000,P1,1,73,666.500000
RH,85,751.250000,P1,1,85,666.500000
LH,57,751.500000,P1,5,57,666.750000
RH,63,751.500000,P1,5,63,666.750000
RH,66,751.500000,P1,5,66,666.750000
RH,72,751.666667,P1,1,72,667.000000
RH,84,751.666667,P1,1,84,667.000000
LH,37,751.875000,P1,6,37,667.125000
RH,71,751.875000,P1,1,71,667.250000
RH,83,751.875000,P1,1,83,667.250000
RH,70,752.250000,P1,1,70,667.500000
RH,82,752.250000,P1,1,82,667.500000
LH,58,752.333333,P1,5,58,667.500000
RH,61,752.333333,P1,5,61,667.500000
RH,65,752.333333,P1,5,65,667.500000
RH,68,752.500000,P1,1,68,667.750000
RH,80,752.500000,P1,1,80,667.750000
LH,49,752.625000,P1,6,49,667.875000
RH,70,752.625000,P1,1,70,668.000000
RH,82,752.625000,P1,1,82,668.000000
LH,59,752.875000,P1,5,59,668.250000
RH,62,752.875000,P1,5,62,668.250000
RH,65,752.875000,P1,1,65,668.250000
RH,68,752.875000,P1,1,68,668.250000
RH,74,752.875000,P1,1,74,668.250000
RH,77,752.875000,P1,1,77,668.250000
LH,54,753.625000,P1,5,54,669.000000
LH,58,753.625000,P1,5,58,669.000000
RH,63,753.625000,P1,5,63,669.000000
RH,90,753.750000,P1,1,90,669.250000
LH,49,753.875000,P1,6,49,669.375000
RH,80,754.000000,P1,1,80,669.500000
RH,92,754.000000,P1,1,92,669.500000
LH,54,754.250000,P1,5,54,669.750000
LH,58,754.250000,P1,5,58,669.750000
RH,63,754.250000,P1,5,63,669.750000
RH,81,754.375000,P1,1,81,670.000000
RH,93,754.375000,P1,1,93,670.000000
LH,37,754.625000,P1,6,37,670.125000
RH,82,754.666667,P1,1,82,670.250000
RH,93,754.666667,P1,1,93,670.000000
RH,94,754.666667,P1,1,94,670.250000
LH,55,755.125000,P1,5,55,670.500000
LH,58,755.125000,P1,5,58,670.500000
RH,64,755.125000,P1,5,64,670.500000
RH,87,755.125000,P1,1,87,670.500000
RH,91,755.125000,P1,1,91,670.500000
RH,99,755.125000,P1,1,99,670.500000
LH,49,755.500000,P1,6,49,670.875000
RH,86,755.500000,P1,1,86,670.750000
RH,97,755.500000,P1,1,97,671.000000
RH,98,755.500000,P1,1,98,670.750000
LH,55,755.875000,P1,5,55,671.250000
LH,58,755.875000,P1,5,58,671.250000
RH,64,755.875000,P1,5,64,671.250000
RH,84,756.000000,P1,1,84,671.250000
RH,95,756.000000,P1,1,95,671.500000
LH,37,756.250000,P1,6,37,671.625000
RH,83,756.250000,P1,1,83,671.500000
RH,95,756.250000,P1,1,95,671.500000
RH,82,756.500000,P1,1,82,671.750000
RH,94,756.500000,P1,1,94,671.750000
LH,56,756.625000,P1,5,56,672.000000
LH,59,756.625000,P1,5,59,672.000000
RH,64,756.625000,P1,5,64,672.000000
RH,81,756.625000,P1,1,81,672.000000
RH,93,756.625000,P1,1,93,672.000000
RH,80,756.875000,P1,1,80,672.250000
RH,92,756.875000,P1,1,92,672.250000
LH,35,757.000000,P1,6,35,672.375000
RH,85,757.125000,P1,1,85,672.500000
RH,97,757.125000,P1,1,97,672.500000
RH,63,757.333333,P1,5,63,672.750000
RH,83,757.500000,P1,1,83,673.000000
RH,95,757.500000,P1,1,95,673.000000
RH,81,757.750000,P1,1,81,673.250000
RH,93,757.750000,P1,1,93,673.250000
LH,56,758.125000,P1,5,56,673.500000
LH,59,758.125000,P1,5,59,673.500000
RH,64,758.125000,P1,5,64,673.500000
RH,80,758.125000,P1,1,80,673.500000
RH,88,758.125000,P1,1,88,673.500000
RH,92,758.125000,P1,1,92,673.500000
RH,78,758.375000,P1,1,78,673.750000
RH,90,758.375000,P1,1,90,673.750000
LH,52,758.500000,P1,6,52,673.875000
RH,80,758.750000,P1,1,80,674.000000
RH,92,758.750000,P1,1,92,674.000000
LH,59,759.125000,P1,5,59,674.250000
RH,64,759.125000,P1,5,64,674.250000
RH,68,759.125000,P1,5,68,674.250000
RH,71,759.125000,P1,5,71,674.250000
RH,76,759.125000,P1,1,76,674.250000
RH,80,759.125000,P1,1,80,674.250000
RH,88,759.125000,P1,1,88,674.250000
LH,47,760.250000,P1,5,47,675.000000
LH,52,760.250000,P1,5,52,675.000000
LH,57,760.250000,P1,1,57,675.000000
RH,61,760.500000,P1,1,61,675.250000
RH,64,760.500000,P1,1,64,675.250000
RH,73,760.750000,P1,1,73,675.500000
RH,81,761.000000,P1,5,81,675.750000
RH,85,761.000000,P1,1,85,675.750000
RH,68,761.125000,P1,1,68,676.000000
RH,72,761.125000,P1,1,72,676.000000
RH,69,761.375000,P1,1,69,676.250000
RH,73,761.375000,P1,1,73,676.250000
RH,65,761.625000,P1,1,65,676.500000
RH,68,761.625000,P1,1,68,676.500000
RH,66,761.750000,P1,1,66,676.750000
RH,69,761.750000,P1,1,69,676.750000
RH,68,762.000000,P1,1,68,677.000000
RH,72,762.000000,P1,1,72,677.000000
RH,69,762.250000,P1,2,69,677.250000
RH,73,762.250000,P1,1,73,677.250000
RH,76,762.375000,P1,1,76,677.500000
RH,71,762.625000,P1,2,71,677.750000
RH,75,762.625000,P1,1,75,677.750000
LH,47,762.875000,P1,5,47,678.000000
LH,52,762.875000,P1,5,52,678.000000
LH,56,762.875000,P1,1,56,678.000000
RH,64,763.125000,P1,1,64,678.250000
RH,71,763.333333,P1,1,71,678.500000
RH,80,763.500000,P1,5,80,678.750000
RH,83,763.500000,P1,1,83,678.750000
RH,64,763.750000,P1,1,64,679.000000
RH,66,764.000000,P1,1,66,679.250000
RH,69,764.000000,P1,1,69,679.250000
RH,68,764.125000,P1,1,68,679.500000
RH,71,764.125000,P1,1,71,679.500000
RH,69,764.333333,P1,1,69,679.750000
RH,73,764.333333,P1,1,73,679.750000
RH,71,764.500000,P1,1,71,680.000000
RH,68,764.625000,P1,1,68,680.000000
RH,64,764.750000,P1,5,64,680.250000
RH,68,764.750000,P1,5,68,680.250000
LH,59,765.500000,P1,5,59,681.000000
RH,64,765.500000,P1,5,64,681.000000
RH,69,765.500000,P1,1,69,681.000000
RH,73,765.666667,P1,1,73,681.250000
RH,76,765.666667,P1,1,76,681.250000
RH,85,765.875000,P1,1,85,681.500000
RH,93,766.125000,P1,1,93,681.750000
RH,97,766.125000,P1,1,97,681.750000
RH,80,766.375000,P1,1,80,682.000000
RH,84,766.375000,P1,1,84,682.000000
RH,81,766.500000,P1,1,81,682.250000
RH,85,766.500000,P1,1,85,682.250000
RH,77,766.750000,P1,1,77,682.500000
RH,80,766.750000,P1,1,80,682.500000
RH,78,767.000000,P1,1,78,682.750000
RH,81,767.000000,P1,1,81,682.750000
RH,80,767.250000,P1,1,80,683.000000
RH,84,767.250000,P1,1,84,683.000000
RH,81,767.375000,P1,2,81,683.250000
RH,85,767.375000,P1,1,85,683.250000
RH,88,767.625000,P1,1,88,683.500000
RH,83,767.875000,P1,2,83,683.750000
RH,87,767.875000,P1,1,87,683.750000
LH,59,768.000000,P1,5,59,684.000000
RH,64,768.000000,P1,5,64,684.000000
RH,68,768.000000,P1,1,68,684.000000
RH,76,768.250000,P1,1,76,684.250000
RH,83,768.500000,P1,1,83,684.500000
RH,92,768.750000,P1,1,92,684.750000
RH,95,768.750000,P1,1,95,684.750000
RH,76,769.000000,P1,1,76,685.000000
RH,80,769.000000,P1,1,80,685.000000
RH,78,769.125000,P1,1,78,685.250000
RH,81,769.125000,P1,1,81,685.250000
RH,80,769.333333,P1,1,80,685.500000
RH,83,769.333333,P1,1,83,685.500000
RH,81,769.625000,P1,1,81,685.750000
RH,85,769.625000,P1,1,85,685.750000
RH,83,769.750000,P1,1,83,686.000000
RH,80,769.875000,P1,1,80,686.250000
RH,76,770.000000,P1,1,76,686.250000
LH,57,770.875000,P1,5,57,687.000000
RH,61,770.875000,P1,5,61,687.000000
RH,66,770.875000,P1,5,66,687.000000
RH,69,771.000000,P1,1,69,687.250000
RH,73,771.000000,P1,1,73,687.250000
RH,78,771.000000,P1,1,78,687.250000
RH,81,771.000000,P1,1,81,687.250000
LH,52,771.250000,P1,6,52,687.375000
RH,71,771.250000,P1,1,71,687.500000
RH,83,771.250000,P1,1,83,687.500000
LH,57,771.500000,P1,5,57,687.750000
RH,61,771.500000,P1,5,61,687.750000
RH,66,771.500000,P1,5,66,687.750000
RH,72,771.666667,P1,1,72,688.000000
RH,78,771.666667,P1,1,78,688.000000
RH,84,771.666667,P1,1,84,688.000000
LH,40,771.875000,P1,6,40,688.125000
RH,73,771.875000,P1,1,73,688.250000
RH,85,771.875000,P1,1,85,688.250000
RH,69,772.250000,P1,5,69,688.500000
RH,78,772.250000,P1,1,78,688.500000
RH,81,772.250000,P1,1,81,688.500000
RH,90,772.250000,P1,1,90,688.500000
LH,59,772.333333,P1,5,59,688.500000
RH,63,772.333333,P1,5,63,688.500000
RH,77,772.500000,P1,1,77,688.750000
RH,89,772.500000,P1,1,89,688.750000
LH,52,772.625000,P1,6,52,688.875000
LH,59,772.875000,P1,5,59,689.250000
RH,63,772.875000,P1,5,63,689.250000
RH,69,772.875000,P1,5,69,689.250000
RH,76,772.875000,P1,1,76,689.000000
RH,88,772.875000,P1,1,88,689.000000
RH,75,773.000000,P1,1,75,689.250000
RH,87,773.000000,P1,1,87,689.250000
LH,40,773.250000,P1,6,40,689.625000
RH,74,773.250000,P1,1,74,689.500000
RH,86,773.250000,P1,1,86,689.500000
RH,73,773.500000,P1,1,73,689.750000
RH,85,773.500000,P1,1,85,689.750000
LH,59,773.750000,P1,5,59,690.000000
RH,64,773.750000,P1,5,64,690.000000
RH,68,773.750000,P1,5,68,690.000000
RH,72,773.750000,P1,1,72,690.000000
RH,84,773.750000,P1,1,84,690.000000
LH,52,774.000000,P1,6,52,690.375000
RH,71,774.000000,P1,1,71,690.250000
RH,83,774.000000,P1,1,83,690.250000
RH,76,774.125000,P1,1,76,690.500000
RH,88,774.125000,P1,1,88,690.500000
RH,60,774.375000,P1,5,60,690.750000
RH,66,774.375000,P1,5,66,690.750000
RH,69,774.375000,P1,5,69,690.750000
RH,75,774.625000,P1,1,75,691.000000
RH,87,774.625000,P1,1,87,691.000000
LH,40,774.875000,P1,6,40,691.125000
RH,74,774.875000,P1,1,74,691.250000
RH,86,774.875000,P1,1,86,691.250000
RH,61,775.125000,P1,5,61,691.500000
RH,68,775.125000,P1,5,68,691.500000
RH,73,775.125000,P1,1,73,691.500000
RH,85,775.125000,P1,1,85,691.500000
RH,71,775.333333,P1,1,71,691.750000
RH,83,775.333333,P1,1,83,691.750000
LH,52,775.500000,P1,6,52,691.875000
RH,73,775.500000,P1,1,73,692.000000
RH,85,775.500000,P1,1,85,692.000000
RH,62,775.750000,P1,5,62,692.250000
RH,65,775.750000,P1,5,65,692.250000
RH,68,775.750000,P1,1,68,692.250000
RH,71,775.750000,P1,1,71,692.250000
RH,80,775.750000,P1,1,80,692.250000
RH,61,776.500000,P1,5,61,693.000000
RH,66,776.500000,P1,5,66,693.000000
RH,81,776.750000,P1,1,81,693.250000
RH,85,776.750000,P1,1,85,693.250000
RH,90,776.750000,P1,1,90,693.250000
RH,93,776.750000,P1,1,93,693.250000
LH,52,776.875000,P1,6,52,693.375000
RH,83,776.875000,P1,1,83,693.500000
RH,95,776.875000,P1,1,95,693.500000
RH,61,777.125000,P1,5,61,693.750000
RH,66,777.125000,P1,5,66,693.750000
RH,84,777.375000,P1,1,84,694.000000
RH,90,777.375000,P1,1,90,694.000000
RH,96,777.375000,P1,1,96,694.000000
LH,40,777.625000,P1,6,40,694.125000
RH,85,777.625000,P1,1,85,694.250000
RH,97,777.625000,P1,1,97,694.250000
RH,63,778.000000,P1,5,63,694.500000
RH,69,778.000000,P1,5,69,694.500000
RH,90,778.000000,P1,1,90,694.500000
RH,93,778.000000,P1,1,93,694.500000
RH,102,778.000000,P1,1,102,694.500000
LH,59,778.125000,P1,5,59,694.500000
RH,89,778.250000,P1,1,89,694.750000
RH,101,778.250000,P1,1,101,694.750000
LH,52,778.375000,P1,6,52,694.875000
RH,100,778.500000,P1,1,100,695.000000
RH,88,778.625000,P1,1,88,695.000000
LH,59,778.666667,P1,5,59,695.250000
RH,63,778.666667,P1,5,63,695.250000
RH,69,778.666667,P1,5,69,695.250000
RH,87,778.750000,P1,1,87,695.250000
RH,99,778.750000,P1,1,99,695.250000
RH,86,779.000000,P1,1,86,695.500000
RH,98,779.000000,P1,1,98,695.500000
LH,40,779.125000,P1,6,40,695.625000
RH,85,779.250000,P1,1,85,695.750000
RH,97,779.250000,P1,1,97,695.750000
LH,59,779.500000,P1,5,59,696.000000
RH,64,779.500000,P1,5,64,696.000000
RH,68,779.500000,P1,5,68,696.000000
RH,84,779.500000,P1,1,84,696.000000
RH,96,779.500000,P1,1,96,696.000000
RH,83,779.666667,P1,1,83,696.250000
RH,95,779.666667,P1,1,95,696.250000
LH,52,779.750000,P1,6,52,696.375000
RH,88,779.875000,P1,1,88,696.500000
RH,100,779.875000,P1,1,100,696.500000
RH,60,780.125000,P1,5,60,696.750000
RH,66,780.125000,P1,5,66,696.750000
RH,69,780.125000,P1,5,69,696.750000
RH,87,780.375000,P1,1,87,697.000000
RH,99,780.375000,P1,1,99,697.000000
LH,40,780.625000,P1,6,40,697.125000
RH,86,780.666667,P1,1,86,697.250000
RH,98,780.666667,P1,1,98,697.250000
RH,61,781.000000,P1,5,61,697.500000
RH,64,781.000000,P1,5,64,697.500000
RH,68,781.000000,P1,5,68,697.500000
RH,85,781.000000,P1,1,85,697.500000
RH,97,781.000000,P1,1,97,697.500000
RH,83,781.375000,P1,1,83,697.750000
RH,95,781.375000,P1,1,95,697.750000
RH,62,782.666667,P1,5,62,698.250000
RH,65,782.666667,P1,5,65,698.250000
RH,71,782.666667,P1,5,71,698.250000
RH,74,782.666667,P1,5,74,698.250000
RH,80,782.666667,P1,1,80,698.250000
RH,83,782.666667,P1,1,83,698.250000
RH,89,782.666667,P1,1,89,698.250000
RH,92,782.666667,P1,1,92,698.250000
LH,37,784.625000,P1,6,37,699.000000
LH,44,784.625000,P1,5,44,699.000000
LH,45,785.500000,P1,6,45,699.250000
LH,54,785.500000,P1,1,54,699.250000
LH,49,785.625000,P1,5,49,699.250000
LH,37,786.000000,P1,6,37,699.500000
LH,53,786.000000,P1,5,53,699.500000
LH,45,786.500000,P1,6,45,699.750000
LH,54,786.500000,P1,5,54,699.750000
LH,57,786.500000,P1,1,57,699.750000
LH,56,786.750000,P1,5,56,700.000000
LH,37,787.000000,P1,6,37,700.000000
RH,61,787.125000,P1,1,61,700.250000
LH,45,787.250000,P1,6,45,700.250000
LH,37,787.500000,P1,6,37,700.500000
LH,59,787.500000,P1,2,59,700.500000
LH,44,787.750000,P1,6,44,700.750000
RH,60,787.750000,P1,2,60,700.750000
RH,63,787.750000,P1,1,63,700.750000
LH,49,788.000000,P1,6,49,701.000000
LH,58,788.000000,P1,2,58,701.000000
RH,61,788.000000,P1,1,61,701.000000
RH,60,788.250000,P1,1,60,701.250000
LH,49,788.500000,P1,6,49,701.500000
LH,55,788.500000,P1,2,55,701.500000
LH,44,788.666667,P1,6,44,701.750000
LH,54,788.666667,P1,2,54,701.750000
LH,58,788.666667,P1,1,58,701.750000
LH,37,789.000000,P1,5,37,702.000000
LH,52,789.000000,P1,2,52,702.000000
LH,44,789.125000,P1,5,44,702.250000
LH,53,789.125000,P1,2,53,702.250000
LH,56,789.125000,P1,1,56,702.250000
LH,37,789.375000,P1,5,37,702.500000
LH,55,789.375000,P1,2,55,702.500000
LH,44,789.625000,P1,5,44,702.750000
LH,56,789.625000,P1,2,56,702.750000
RH,60,789.625000,P1,1,60,702.750000
LH,37,789.750000,P1,5,37,703.000000
LH,59,789.750000,P1,2,59,703.000000
LH,44,790.000000,P1,5,44,703.250000
RH,60,790.000000,P1,2,60,703.250000
RH,63,790.000000,P1,1,63,703.250000
LH,37,790.250000,P1,5,37,703.500000
RH,60,790.250000,P1,2,60,703.500000
LH,44,790.375000,P1,5,44,703.750000
RH,65,790.375000,P1,1,65,703.750000
RH,61,790.500000,P1,2,61,703.750000
RH,63,790.625000,P1,1,63,704.000000
LH,49,790.666667,P1,5,49,704.000000
RH,60,790.750000,P1,2,60,704.000000
LH,56,790.875000,P1,5,56,704.250000
LH,58,790.875000,P1,2,58,704.250000
RH,61,790.875000,P1,1,61,704.250000
LH,49,791.125000,P1,5,49,704.500000
LH,57,791.125000,P1,2,57,704.500000
LH,56,791.333333,P1,2,56,704.750000
RH,60,791.333333,P1,1,60,704.750000
LH,44,791.375000,P1,5,44,704.750000
LH,37,791.625000,P1,5,37,705.000000
LH,53,791.625000,P1,2,53,705.000000
LH,54,791.750000,P1,2,54,705.250000
LH,58,791.750000,P1,1,58,705.250000
LH,44,791.875000,P1,5,44,705.250000
LH,37,792.000000,P1,5,37,705.500000
LH,57,792.000000,P1,2,57,705.500000
RH,61,792.125000,P1,1,61,705.750000
LH,44,792.250000,P1,5,44,705.750000
LH,58,792.250000,P1,2,58,705.750000
LH,37,792.375000,P1,5,37,706.000000
RH,60,792.375000,P1,2,60,706.000000
LH,44,792.625000,P1,5,44,706.250000
RH,61,792.625000,P1,2,61,706.250000
RH,65,792.625000,P1,1,65,706.250000
LH,37,792.875000,P1,5,37,706.500000
RH,62,792.875000,P1,2,62,706.500000
LH,44,793.000000,P1,5,44,706.750000
RH,63,793.000000,P1,2,63,706.750000
RH,66,793.000000,P1,1,66,706.750000
RH,65,793.125000,P1,1,65,707.000000
LH,49,793.250000,P1,5,49,707.000000
RH,61,793.250000,P1,2,61,707.000000
LH,56,793.375000,P1,5,56,707.250000
RH,60,793.500000,P1,2,60,707.250000
LH,49,793.625000,P1,5,49,707.500000
LH,44,793.875000,P1,5,44,707.750000
LH,58,793.875000,P1,2,58,707.750000
RH,61,793.875000,P1,1,61,707.750000
LH,37,794.125000,P1,5,37,708.000000
RH,64,794.125000,P1,2,64,708.000000
LH,44,794.333333,P1,5,44,708.250000
RH,65,794.333333,P1,2,65,708.250000
RH,68,794.333333,P1,1,68,708.250000
LH,49,794.500000,P1,5,49,708.500000
RH,66,794.500000,P1,1,66,708.500000
RH,63,794.625000,P1,2,63,708.500000
LH,56,794.750000,P1,5,56,708.750000
RH,61,794.750000,P1,2,61,708.750000
RH,65,794.750000,P1,1,65,708.750000
LH,49,795.000000,P1,5,49,709.000000
LH,59,795.000000,P1,2,59,709.000000
LH,44,795.125000,P1,5,44,709.250000
RH,60,795.125000,P1,2,60,709.250000
RH,63,795.125000,P1,1,63,709.250000
LH,37,795.333333,P1,5,37,709.500000
RH,65,795.375000,P1,2,65,709.500000
LH,44,795.625000,P1,5,44,709.750000
RH,66,795.625000,P1,2,66,709.750000
RH,70,795.625000,P1,1,70,709.750000
RH,68,795.666667,P1,1,68,710.000000
LH,49,795.750000,P1,5,49,710.000000
LH,56,795.875000,P1,5,56,710.250000
RH,65,795.875000,P1,2,65,710.000000
RH,66,796.000000,P1,1,66,710.250000
LH,49,796.125000,P1,5,49,710.500000
RH,62,796.250000,P1,2,62,710.500000
RH,61,796.750000,P1,2,61,711.000000
LH,49,797.000000,P1,6,49,711.250000
RH,62,797.000000,P1,2,62,711.250000
RH,66,797.000000,P1,1,66,711.250000
RH,65,797.250000,P1,2,65,711.500000
LH,45,797.375000,P1,6,45,711.750000
RH,66,797.375000,P1,2,66,711.750000
RH,69,797.375000,P1,1,69,711.750000
RH,68,797.666667,P1,2,68,712.000000
LH,42,797.750000,P1,6,42,712.250000
RH,69,797.750000,P1,2,69,712.250000
RH,74,797.875000,P1,1,74,712.250000
RH,73,798.125000,P1,2,73,712.500000
LH,49,798.333333,P1,6,49,712.750000
RH,74,798.333333,P1,2,74,712.750000
RH,78,798.333333,P1,1,78,712.750000
RH,73,798.625000,P1,2,73,713.000000
LH,50,798.750000,P1,6,50,713.250000
RH,71,798.750000,P1,2,71,713.250000
RH,74,798.750000,P1,1,74,713.250000
RH,70,799.000000,P1,2,70,713.500000
LH,54,799.250000,P1,6,54,713.750000
RH,69,799.250000,P1,2,69,713.750000
RH,73,799.250000,P1,1,73,713.750000
RH,67,799.500000,P1,2,67,714.000000
LH,49,799.750000,P1,6,49,714.250000
RH,68,799.750000,P1,2,68,714.250000
RH,71,799.750000,P1,1,71,714.250000
RH,70,800.000000,P1,2,70,714.500000
LH,47,800.125000,P1,6,47,714.750000
RH,71,800.125000,P1,2,71,714.750000
RH,74,800.125000,P1,1,74,714.750000
RH,73,800.375000,P1,2,73,715.000000
LH,44,800.500000,P1,6,44,715.250000
RH,78,800.500000,P1,1,78,715.250000
RH,74,800.625000,P1,2,74,715.250000
RH,76,800.875000,P1,2,76,715.500000
RH,77,801.000000,P1,2,77,715.750000
RH,80,801.000000,P1,1,80,715.750000
RH,74,801.250000,P1,2,74,716.000000
LH,49,801.500000,P1,6,49,716.250000
RH,73,801.500000,P1,2,73,716.250000
RH,77,801.500000,P1,1,77,716.250000
RH,72,801.666667,P1,2,72,716.500000
LH,53,801.875000,P1,6,53,716.750000
RH,71,801.875000,P1,2,71,716.750000
RH,74,801.875000,P1,1,74,716.750000
LH,57,802.125000,P1,6,57,717.000000
RH,66,802.125000,P1,5,66,717.000000
RH,68,802.125000,P1,2,68,717.000000
RH,61,802.375000,P1,6,61,717.250000
RH,69,802.375000,P1,2,69,717.250000
RH,73,802.375000,P1,1,73,717.250000
LH,54,802.625000,P1,6,54,717.500000
LH,37,802.875000,P1,6,37,717.750000
LH,49,802.875000,P1,6,49,717.750000
RH,77,803.125000,P1,2,77,718.000000
RH,81,803.333333,P1,1,81,718.250000
LH,59,803.500000,P1,6,59,718.500000
RH,66,803.500000,P1,5,66,718.500000
RH,73,803.500000,P1,2,73,718.500000
RH,74,803.666667,P1,2,74,718.750000
RH,78,803.666667,P1,1,78,718.750000
RH,62,803.750000,P1,6,62,718.750000
LH,54,803.875000,P1,6,54,719.000000
RH,77,803.875000,P1,2,77,719.000000
LH,37,804.125000,P1,6,37,719.250000
LH,49,804.125000,P1,6,49,719.250000
RH,82,804.375000,P1,2,82,719.500000
RH,62,804.875000,P1,6,62,720.000000
RH,71,804.875000,P1,5,71,720.000000
RH,79,804.875000,P1,2,79,720.000000
RH,66,805.000000,P1,6,66,720.250000
RH,80,805.000000,P1,2,80,720.250000
LH,56,805.250000,P1,6,56,720.500000
RH,82,805.250000,P1,2,82,720.500000
LH,37,805.500000,P1,6,37,720.750000
LH,49,805.500000,P1,6,49,720.750000
RH,85,805.625000,P1,2,85,721.000000
RH,63,806.125000,P1,6,63,721.500000
RH,72,806.125000,P1,5,72,721.500000
RH,83,806.125000,P1,2,83,721.500000
RH,66,806.333333,P1,6,66,721.750000
RH,84,806.333333,P1,2,84,721.750000
RH,87,806.375000,P1,1,87,721.750000
LH,56,806.500000,P1,6,56,722.000000
LH,37,806.875000,P1,6,37,722.250000
LH,49,806.875000,P1,6,49,722.250000
RH,89,807.125000,P1,2,89,722.500000
RH,91,807.333333,P1,2,91,722.750000
LH,25,807.750000,P1,5,25,723.000000
LH,37,807.750000,P1,5,37,723.000000
RH,89,807.750000,P1,1,89,723.000000
RH,101,807.750000,P1,1,101,723.000000
RH,61,808.666667,P1,5,61,723.500000
RH,65,808.666667,P1,2,65,723.500000
RH,77,808.666667,P1,1,77,723.500000
RH,63,809.125000,P1,5,63,724.000000
RH,75,809.125000,P1,1,75,724.000000
RH,65,809.250000,P1,5,65,724.250000
RH,77,809.250000,P1,1,77,724.250000
LH,49,809.500000,P1,6,49,724.500000
RH,61,809.500000,P1,5,61,724.500000
RH,65,809.500000,P1,2,65,724.500000
RH,68,809.500000,P1,2,68,724.500000
RH,73,809.500000,P1,1,73,724.500000
RH,61,809.750000,P1,1,61,725.000000
LH,37,809.875000,P1,5,37,725.000000
LH,49,809.875000,P1,5,49,725.000000
LH,53,810.333333,P1,5,53,725.500000
RH,61,810.333333,P1,5,61,725.500000
RH,65,810.333333,P1,5,65,725.500000
RH,68,810.333333,P1,1,68,725.500000
RH,73,810.333333,P1,1,73,725.500000
RH,80,810.333333,P1,1,80,725.500000
LH,54,811.000000,P1,5,54,726.500000
RH,66,811.000000,P1,5,66,726.500000
RH,70,811.000000,P1,1,70,726.500000
RH,73,811.000000,P1,1,73,726.500000
RH,82,811.000000,P1,1,82,726.500000
LH,53,811.375000,P1,5,53,727.000000
RH,65,811.375000,P1,5,65,727.000000
RH,68,811.375000,P1,2,68,727.000000
RH,80,811.375000,P1,2,80,727.000000
RH,67,811.666667,P1,2,67,727.250000
RH,79,811.666667,P1,2,79,727.250000
RH,66,811.750000,P1,1,66,727.500000
RH,65,812.000000,P1,1,65,727.750000
RH,77,812.000000,P1,1,77,727.750000
RH,64,812.125000,P1,1,64,728.000000
RH,63,812.250000,P1,1,63,728.250000
RH,75,812.250000,P1,1,75,728.250000
RH,62,812.375000,P1,1,62,728.500000
RH,61,812.625000,P1,1,61,728.750000
RH,73,812.625000,P1,1,73,728.750000
LH,37,812.750000,P1,5,37,729.000000
LH,49,812.750000,P1,5,49,729.000000
LH,49,813.250000,P1,5,49,729.500000
LH,56,813.250000,P1,5,56,729.500000
RH,61,813.250000,P1,5,61,729.500000
RH,65,813.250000,P1,2,65,729.500000
RH,77,813.250000,P1,1,77,729.500000
LH,49,814.000000,P1,5,49,730.500000
LH,56,814.000000,P1,5,56,730.500000
RH,60,814.000000,P1,5,60,730.500000
RH,66,814.000000,P1,2,66,730.500000
RH,75,814.000000,P1,1,75,730.500000
LH,49,814.333333,P1,5,49,731.000000
LH,57,814.333333,P1,5,57,731.000000
RH,60,814.333333,P1,5,60,731.000000
RH,66,814.333333,P1,2,66,731.000000
RH,75,814.333333,P1,1,75,731.000000
RH,74,814.500000,P1,1,74,731.250000
RH,73,814.666667,P1,1,73,731.500000
LH,37,814.750000,P1,5,37,731.500000
LH,49,814.750000,P1,5,49,731.500000
RH,72,814.875000,P1,1,72,731.750000
LH,49,815.000000,P1,5,49,732.000000
RH,61,815.000000,P1,5,61,732.000000
RH,65,815.000000,P1,2,65,732.000000
RH,73,815.000000,P1,1,73,732.000000
RH,72,815.250000,P1,1,72,732.250000
LH,37,815.375000,P1,5,37,732.500000
RH,70,815.375000,P1,1,70,732.500000
LH,49,815.750000,P1,5,49,733.000000
RH,65,816.250000,P1,2,65,733.500000
RH,68,816.250000,P1,1,68,733.500000
RH,63,817.125000,P1,5,63,734.500000
RH,69,817.125000,P1,1,69,734.500000
RH,63,817.500000,P1,5,63,735.000000
RH,65,817.500000,P1,2,65,735.000000
RH,69,817.500000,P1,1,69,735.000000
RH,62,817.666667,P1,5,62,735.250000
RH,70,817.666667,P1,1,70,735.250000
RH,61,817.750000,P1,5,61,735.500000
RH,60,817.875000,P1,5,60,735.750000
RH,71,817.875000,P1,1,71,735.500000
RH,72,818.000000,P1,1,72,735.750000
RH,61,818.125000,P1,5,61,736.000000
RH,60,818.250000,P1,5,60,736.250000
RH,70,818.250000,P1,1,70,736.000000
RH,72,818.375000,P1,1,72,736.250000
LH,58,818.500000,P1,5,58,736.500000
RH,73,818.625000,P1,1,73,736.500000
RH,77,818.875000,P1,1,77,736.750000
RH,82,819.000000,P1,1,82,737.000000
RH,84,819.250000,P1,1,84,737.250000
RH,65,819.333333,P1,5,65,737.500000
LH,56,819.375000,P1,5,56,737.500000
RH,68,819.375000,P1,5,68,737.500000
RH,85,819.375000,P1,1,85,737.500000
RH,89,819.625000,P1,1,89,737.750000
LH,58,819.750000,P1,5,58,738.000000
RH,70,819.750000,P1,5,70,738.000000
RH,94,819.875000,P1,1,94,738.000000
RH,96,820.125000,P1,1,96,738.250000
RH,97,820.333333,P1,1,97,738.500000
LH,37,820.375000,P1,5,37,738.500000
LH,49,820.375000,P1,5,49,738.500000
RH,101,820.666667,P1,1,101,738.750000
LH,36,821.000000,P1,5,36,739.000000
LH,48,821.000000,P1,5,48,739.000000
LH,48,821.500000,P1,5,48,739.500000
RH,60,821.500000,P1,1,60,739.500000
RH,64,821.875000,P1,1,64,740.000000
RH,65,822.000000,P1,1,65,740.250000
RH,69,822.000000,P1,1,69,740.250000
RH,72,822.000000,P1,1,72,740.250000
RH,77,822.000000,P1,1,77,740.250000
RH,65,822.250000,P1,1,65,740.500000
RH,67,822.375000,P1,1,67,740.750000
RH,79,822.375000,P1,1,79,740.750000
RH,64,822.625000,P1,1,64,741.000000
RH,76,822.625000,P1,1,76,741.000000
RH,62,822.750000,P1,1,62,741.250000
RH,62,823.000000,P1,1,62,741.500000
RH,74,823.000000,P1,1,74,741.500000
RH,60,823.125000,P1,1,60,741.750000
RH,74,823.333333,P1,1,74,742.000000
RH,67,823.375000,P1,2,67,742.166667
LH,58,823.625000,P1,2,58,742.500000
RH,62,823.625000,P1,2,62,742.333333
LH,48,823.875000,P1,2,48,742.666667
LH,40,824.000000,P1,2,40,742.833333
LH,41,824.125000,P1,2,41,743.000000
LH,48,824.333333,P1,2,48,743.166667
LH,57,824.500000,P1,2,57,743.333333
RH,60,824.625000,P1,2,60,743.500000
RH,65,824.750000,P1,2,65,743.666667
RH,69,825.000000,P1,2,69,743.833333
RH,72,825.000000,P1,1,72,743.833333
RH,76,825.250000,P1,1,76,744.000000
RH,77,825.500000,P1,1,77,744.250000
RH,81,825.500000,P1,1,81,744.250000
RH,84,825.500000,P1,1,84,744.250000
RH,89,825.500000,P1,1,89,744.250000
RH,77,825.625000,P1,1,77,744.500000
RH,79,825.750000,P1,1,79,744.750000
RH,91,825.750000,P1,1,91,744.750000
RH,76,825.875000,P1,1,76,745.000000
RH,88,825.875000,P1,1,88,745.000000
RH,74,826.125000,P1,1,74,745.250000
RH,74,826.250000,P1,1,74,745.500000
RH,86,826.250000,P1,1,86,745.500000
RH,72,826.500000,P1,1,72,745.750000
RH,82,826.625000,P1,2,82,746.000000
RH,86,826.625000,P1,1,86,746.000000
RH,79,826.750000,P1,2,79,746.166667
RH,74,826.875000,P1,2,74,746.333333
RH,60,827.125000,P1,2,60,746.666667
LH,53,827.500000,P1,5,53,747.000000
RH,72,827.750000,P1,1,72,747.000000
RH,67,828.875000,P1,1,67,747.750000
RH,79,828.875000,P1,1,79,747.750000
RH,79,829.125000,P1,1,79,748.000000
RH,91,829.125000,P1,1,91,748.000000
RH,65,829.250000,P1,1,65,748.250000
RH,77,829.250000,P1,1,77,748.250000
RH,77,829.375000,P1,1,77,748.500000
RH,89,829.375000,P1,1,89,748.500000
RH,62,829.625000,P1,1,62,748.750000
RH,74,829.625000,P1,1,74,748.750000
RH,74,829.666667,P1,1,74,749.000000
RH,86,829.666667,P1,1,86,749.000000
RH,60,829.875000,P1,1,60,749.250000
RH,72,829.875000,P1,1,72,749.250000
RH,72,830.000000,P1,1,72,749.500000
RH,84,830.000000,P1,1,84,749.500000
LH,57,830.250000,P1,1,57,749.750000
RH,69,830.250000,P1,1,69,749.750000
RH,69,830.333333,P1,1,69,750.000000
RH,81,830.333333,P1,1,81,750.000000
LH,55,830.500000,P1,1,55,750.250000
RH,67,830.500000,P1,1,67,750.250000
RH,67,830.666667,P1,1,67,750.500000
RH,79,830.666667,P1,1,79,750.500000
LH,53,830.750000,P1,1,53,750.750000
RH,65,830.750000,P1,1,65,750.750000
RH,65,831.000000,P1,1,65,751.000000
RH,77,831.000000,P1,1,77,751.000000
LH,50,831.125000,P1,1,50,751.250000
RH,62,831.125000,P1,1,62,751.250000
RH,62,831.250000,P1,1,62,751.500000
RH,74,831.250000,P1,1,74,751.500000
LH,48,831.375000,P1,1,48,751.750000
RH,60,831.375000,P1,1,60,751.750000
RH,60,831.625000,P1,1,60,752.000000
RH,72,831.625000,P1,1,72,752.000000
LH,45,831.750000,P1,1,45,752.250000
LH,57,831.750000,P1,1,57,752.250000
LH,57,832.000000,P1,1,57,752.250000
RH,69,832.000000,P1,1,69,752.500000
LH,55,832.333333,P1,1,55,752.750000
LH,53,832.666667,P1,1,53,753.250000
LH,55,833.250000,P1,1,55,753.570833
RH,67,833.250000,P1,1,67,753.570833
LH,57,833.333333,P1,1,57,753.643750
LH,59,833.375000,P1,1,59,753.714583
RH,69,833.375000,P1,1,69,753.643750
RH,60,833.500000,P1,1,60,753.785417
RH,62,833.500000,P1,1,62,753.856250
RH,71,833.500000,P1,1,71,753.714583
RH,72,833.500000,P1,1,72,753.785417
RH,64,833.625000,P1,1,64,753.929167
RH,65,833.625000,P1,1,65,754.000000
RH,67,833.625000,P1,1,67,754.070833
RH,74,833.625000,P1,1,74,753.856250
RH,76,833.625000,P1,1,76,753.929167
RH,77,833.625000,P1,1,77,754.000000
RH,69,833.666667,P1,1,69,754.143750
RH,71,833.666667,P1,1,71,754.214583
RH,79,833.666667,P1,1,79,754.070833
RH,81,833.750000,P1,1,81,754.143750
RH,83,833.750000,P1,1,83,754.214583
RH,84,833.750000,P1,1,84,754.285417
RH,81,833.875000,P1,1,81,754.143750
RH,83,834.000000,P1,1,83,754.214583
RH,84,834.000000,P1,1,84,754.285417
RH,86,834.000000,P1,1,86,754.356250
RH,88,834.000000,P1,1,88,754.429167
RH,89,834.125000,P1,1,89,754.500000
RH,91,834.125000,P1,1,91,754.570833
RH,93,834.250000,P1,1,93,754.643750
LH,25,834.750000,P1,5,25,755.000000
LH,37,834.750000,P1,5,37,755.000000
RH,89,834.750000,P1,1,89,755.000000
RH,101,834.750000,P1,1,101,755.000000
LH,53,835.750000,P1,5,53,755.500000
LH,56,835.750000,P1,5,56,755.500000
RH,61,835.750000,P1,5,61,755.500000
RH,65,835.750000,P1,5,65,755.500000
RH,77,835.750000,P1,1,77,755.500000
RH,80,835.750000,P1,1,80,755.500000
RH,85,835.750000,P1,1,85,755.500000
RH,89,835.750000,P1,1,89,755.500000
LH,51,836.375000,P1,5,51,756.000000
RH,63,836.375000,P1,5,63,756.000000
RH,75,836.375000,P1,1,75,756.000000
RH,87,836.375000,P1,1,87,756.000000
LH,53,836.666667,P1,5,53,756.250000
RH,65,836.666667,P1,5,65,756.250000
RH,77,836.666667,P1,1,77,756.250000
RH,89,836.666667,P1,1,89,756.250000
RH,73,836.875000,P1,1,73,756.500000
RH,85,836.875000,P1,1,85,756.500000
LH,49,837.000000,P1,5,49,756.500000
LH,37,837.375000,P1,5,37,757.000000
LH,49,837.375000,P1,5,49,757.000000
LH,56,838.000000,P1,5,56,757.500000
RH,61,838.000000,P1,5,61,757.500000
RH,65,838.000000,P1,5,65,757.500000
RH,68,838.000000,P1,5,68,757.500000
RH,80,838.000000,P1,1,80,757.500000
RH,85,838.000000,P1,1,85,757.500000
RH,89,838.000000,P1,1,89,757.500000
RH,92,838.000000,P1,1,92,757.500000
LH,58,839.125000,P1,5,58,758.500000
RH,61,839.125000,P1,5,61,758.500000
RH,65,839.125000,P1,5,65,758.500000
RH,70,839.125000,P1,5,70,758.500000
RH,82,839.125000,P1,1,82,758.500000
RH,85,839.125000,P1,1,85,758.500000
RH,89,839.125000,P1,1,89,758.500000
RH,94,839.125000,P1,1,94,758.500000
LH,56,839.750000,P1,5,56,759.000000
RH,61,839.750000,P1,5,61,759.000000
RH,65,839.750000,P1,5,65,759.000000
RH,68,839.750000,P1,5,68,759.000000
RH,80,839.750000,P1,1,80,759.000000
RH,85,839.750000,P1,1,85,759.000000
RH,89,839.750000,P1,1,89,759.000000
RH,92,839.750000,P1,1,92,759.000000
LH,55,840.125000,P1,5,55,759.250000
RH,67,840.125000,P1,5,67,759.250000
RH,79,840.125000,P1,1,79,759.250000
RH,91,840.125000,P1,1,91,759.250000
LH,54,840.500000,P1,5,54,759.500000
RH,66,840.500000,P1,5,66,759.500000
RH,78,840.500000,P1,1,78,759.500000
RH,90,840.500000,P1,1,90,759.500000
LH,53,840.666667,P1,5,53,759.750000
RH,65,840.666667,P1,5,65,759.750000
RH,77,840.666667,P1,1,77,759.750000
RH,89,840.666667,P1,1,89,759.750000
RH,64,840.875000,P1,5,64,760.000000
RH,88,840.875000,P1,1,88,760.000000
RH,76,841.000000,P1,1,76,760.000000
RH,63,841.125000,P1,5,63,760.250000
RH,75,841.125000,P1,1,75,760.250000
RH,87,841.125000,P1,1,87,760.250000
RH,62,841.375000,P1,5,62,760.500000
RH,74,841.375000,P1,1,74,760.500000
RH,86,841.375000,P1,1,86,760.500000
RH,73,841.500000,P1,1,73,760.750000
RH,85,841.500000,P1,1,85,760.750000
LH,37,841.750000,P1,5,37,761.000000
LH,49,841.750000,P1,5,49,761.000000
LH,56,842.333333,P1,5,56,761.500000
RH,61,842.333333,P1,5,61,761.500000
RH,65,842.333333,P1,5,65,761.500000
RH,68,842.333333,P1,5,68,761.500000
RH,77,842.333333,P1,1,77,761.500000
RH,80,842.333333,P1,1,80,761.500000
RH,89,842.333333,P1,1,89,761.500000
LH,57,843.333333,P1,5,57,762.500000
RH,63,843.333333,P1,5,63,762.500000
RH,66,843.333333,P1,5,66,762.500000
RH,75,843.333333,P1,1,75,762.500000
RH,87,843.333333,P1,1,87,762.500000
LH,57,843.750000,P1,5,57,763.000000
RH,63,843.750000,P1,5,63,763.000000
RH,66,843.750000,P1,5,66,763.000000
RH,75,843.750000,P1,1,75,763.000000
RH,78,843.750000,P1,1,78,763.000000
RH,87,843.750000,P1,1,87,763.000000
RH,74,843.875000,P1,1,74,763.250000
RH,74,844.000000,P1,1,74,763.250000
RH,86,844.000000,P1,1,86,763.250000
RH,85,844.125000,P1,1,85,763.500000
LH,37,844.250000,P1,5,37,763.500000
LH,49,844.250000,P1,5,49,763.500000
RH,73,844.250000,P1,1,73,763.500000
RH,85,844.250000,P1,1,85,763.500000
RH,72,844.500000,P1,1,72,763.750000
RH,84,844.500000,P1,1,84,763.750000
RH,65,844.666667,P1,5,65,764.000000
LH,58,844.750000,P1,5,58,764.000000
RH,73,844.750000,P1,1,73,764.000000
RH,85,844.750000,P1,1,85,764.000000
RH,72,845.000000,P1,1,72,764.250000
LH,37,845.125000,P1,5,37,764.500000
LH,49,845.125000,P1,5,49,764.500000
RH,71,845.125000,P1,1,71,764.500000
RH,83,845.125000,P1,1,83,764.500000
RH,70,845.333333,P1,1,70,764.750000
RH,82,845.333333,P1,1,82,764.750000
LH,25,845.500000,P1,5,25,765.000000
LH,37,845.500000,P1,5,37,765.000000
LH,56,846.000000,P1,5,56,765.500000
RH,65,846.000000,P1,5,65,765.500000
RH,68,846.000000,P1,1,68,765.500000
RH,73,846.000000,P1,1,73,765.500000
RH,77,846.000000,P1,1,77,765.500000
RH,80,846.000000,P1,1,80,765.500000
LH,53,846.125000,P1,5,53,765.500000
RH,61,846.125000,P1,5,61,765.500000
LH,51,846.875000,P1,5,51,766.500000
LH,54,846.875000,P1,5,54,766.500000
RH,60,846.875000,P1,5,60,766.500000
RH,63,846.875000,P1,5,63,766.500000
RH,69,846.875000,P1,1,69,766.500000
RH,72,846.875000,P1,1,72,766.500000
RH,78,846.875000,P1,1,78,766.500000
RH,81,846.875000,P1,1,81,766.500000
LH,51,847.250000,P1,5,51,767.000000
RH,63,847.250000,P1,5,63,767.000000
RH,69,847.250000,P1,1,69,767.000000
RH,81,847.250000,P1,1,81,767.000000
RH,60,847.333333,P1,5,60,767.000000
LH,50,847.500000,P1,5,50,767.250000
RH,62,847.500000,P1,5,62,767.250000
RH,70,847.500000,P1,1,70,767.250000
RH,82,847.500000,P1,1,82,767.250000
LH,49,847.750000,P1,5,49,767.500000
RH,61,847.750000,P1,5,61,767.500000
RH,71,847.750000,P1,1,71,767.500000
RH,83,847.750000,P1,1,83,767.500000
RH,60,848.000000,P1,5,60,767.750000
RH,72,848.125000,P1,1,72,767.750000
RH,84,848.125000,P1,1,84,767.750000
LH,49,848.250000,P1,5,49,768.000000
RH,61,848.250000,P1,5,61,768.000000
RH,70,848.250000,P1,1,70,768.000000
RH,82,848.250000,P1,1,82,768.000000
RH,60,848.375000,P1,5,60,768.250000
LH,48,848.500000,P1,5,48,768.250000
RH,60,848.500000,P1,5,60,768.250000
RH,72,848.500000,P1,1,72,768.250000
RH,84,848.500000,P1,1,84,768.250000
RH,73,848.875000,P1,1,73,768.500000
RH,85,848.875000,P1,1,85,768.500000
RH,77,849.125000,P1,1,77,768.750000
RH,89,849.125000,P1,1,89,768.750000
LH,34,849.333333,P1,5,34,769.000000
LH,46,849.333333,P1,5,46,769.000000
LH,36,849.666667,P1,5,36,769.250000
LH,48,849.666667,P1,5,48,769.250000
LH,37,849.875000,P1,5,37,769.500000
LH,49,849.875000,P1,5,49,769.500000
RH,80,849.875000,P1,1,80,769.500000
RH,89,849.875000,P1,1,89,769.500000
RH,92,849.875000,P1,1,92,769.500000
LH,41,850.250000,P1,5,41,769.750000
LH,43,850.375000,P1,5,43,770.000000
LH,55,850.375000,P1,5,55,770.000000
RH,82,850.375000,P1,1,82,770.000000
RH,88,850.375000,P1,1,88,770.000000
RH,94,850.375000,P1,1,94,770.000000
LH,40,850.666667,P1,5,40,770.250000
LH,52,850.666667,P1,5,52,770.250000
LH,39,850.875000,P1,5,39,770.500000
LH,51,850.875000,P1,5,51,770.500000
LH,37,851.000000,P1,5,37,770.750000
LH,49,851.000000,P1,5,49,770.750000
LH,35,851.250000,P1,5,35,771.000000
LH,47,851.250000,P1,5,47,771.000000
RH,83,851.250000,P1,1,83,771.000000
RH,95,851.250000,P1,1,95,771.000000
LH,47,852.250000,P1,5,47,771.500000
LH,59,852.250000,P1,1,59,771.500000
RH,63,852.875000,P1,1,63,772.000000
RH,64,853.000000,P1,1,64,772.250000
RH,68,853.000000,P1,1,68,772.250000
RH,76,853.000000,P1,1,76,772.250000
RH,64,853.250000,P1,1,64,772.500000
RH,66,853.333333,P1,1,66,772.750000
RH,78,853.333333,P1,1,78,772.750000
RH,63,853.625000,P1,1,63,773.000000
RH,75,853.625000,P1,1,75,773.000000
RH,61,854.000000,P1,1,61,773.500000
RH,73,854.000000,P1,1,73,773.500000
LH,59,854.125000,P1,1,59,773.750000
RH,73,854.333333,P1,1,73,774.000000
RH,69,854.375000,P1,2,69,774.000000
RH,66,854.500000,P1,2,66,774.166667
RH,61,854.625000,P1,2,61,774.333333
LH,40,855.375000,P1,2,40,775.000000
LH,47,855.500000,P1,2,47,775.166667
LH,56,855.666667,P1,2,56,775.333333
LH,59,855.750000,P1,2,59,775.500000
RH,64,855.875000,P1,2,64,775.666667
RH,75,856.333333,P1,1,75,776.000000
RH,76,856.500000,P1,1,76,776.250000
RH,88,856.500000,P1,1,88,776.250000
RH,76,856.666667,P1,1,76,776.500000
RH,78,856.875000,P1,1,78,776.750000
RH,90,856.875000,P1,1,90,776.750000
RH,75,857.000000,P1,1,75,777.000000
RH,87,857.000000,P1,1,87,777.000000
RH,73,857.250000,P1,1,73,777.250000
RH,73,857.375000,P1,1,73,777.500000
RH,85,857.375000,P1,1,85,777.500000
RH,71,857.625000,P1,1,71,777.750000
RH,82,857.875000,P1,2,82,778.000000
RH,85,857.875000,P1,1,85,778.000000
RH,73,858.000000,P1,2,73,778.250000
RH,76,858.000000,P1,2,76,778.125000
LH,41,859.375000,P1,5,41,779.250000
LH,44,859.500000,P1,5,44,779.500000
LH,49,859.625000,P1,5,49,779.750000
LH,56,859.666667,P1,1,56,779.750000
LH,48,859.875000,P1,5,48,780.000000
LH,49,860.000000,P1,5,49,780.250000
RH,61,860.000000,P1,5,61,780.250000
LH,49,860.125000,P1,5,49,780.500000
LH,51,860.333333,P1,5,51,780.750000
RH,63,860.333333,P1,5,63,780.750000
LH,48,860.625000,P1,1,48,781.000000
RH,60,860.625000,P1,1,60,781.000000
LH,46,860.750000,P1,1,46,781.250000
LH,58,861.000000,P1,1,58,781.500000
LH,44,861.125000,P1,1,44,781.750000
LH,52,861.333333,P1,2,52,782.000000
LH,58,861.333333,P1,1,58,782.000000
LH,42,861.666667,P1,2,42,782.500000
LH,46,862.375000,P1,5,46,783.250000
LH,50,862.500000,P1,5,50,783.500000
LH,58,862.666667,P1,5,58,783.750000
RH,65,862.666667,P1,1,65,783.750000
LH,57,862.875000,P1,1,57,784.000000
LH,58,863.125000,P1,1,58,784.250000
RH,70,863.125000,P1,1,70,784.250000
LH,58,863.250000,P1,1,58,784.500000
RH,60,863.375000,P1,1,60,784.750000
RH,72,863.375000,P1,1,72,784.750000
LH,57,863.625000,P1,1,57,785.000000
RH,63,863.625000,P1,1,63,785.000000
RH,69,863.625000,P1,1,69,785.000000
RH,60,863.666667,P1,1,60,785.000000
LH,55,863.750000,P1,1,55,785.250000
LH,55,864.000000,P1,1,55,785.500000
RH,67,864.000000,P1,1,67,785.500000
LH,53,864.250000,P1,1,53,785.750000
RH,61,864.333333,P1,5,61,786.000000
RH,67,864.333333,P1,1,67,786.000000
LH,52,864.625000,P1,5,52,786.250000
LH,49,864.750000,P1,5,49,786.500000
LH,49,865.375000,P1,5,49,787.250000
LH,53,865.500000,P1,5,53,787.500000
RH,61,865.625000,P1,5,61,787.750000
RH,60,865.875000,P1,1,60,788.000000
RH,61,866.000000,P1,1,61,788.250000
RH,73,866.000000,P1,1,73,788.250000
RH,61,866.250000,P1,1,61,788.500000
RH,63,866.375000,P1,1,63,788.750000
RH,75,866.375000,P1,1,75,788.750000
RH,60,866.625000,P1,1,60,789.000000
RH,72,866.625000,P1,1,72,789.000000
LH,58,866.750000,P1,1,58,789.250000
LH,58,866.875000,P1,1,58,789.500000
RH,70,866.875000,P1,1,70,789.500000
LH,56,867.125000,P1,1,56,789.750000
RH,64,867.250000,P1,5,64,790.000000
RH,70,867.250000,P1,1,70,790.000000
LH,58,867.500000,P1,5,58,790.250000
LH,54,867.625000,P1,5,54,790.500000
LH,58,868.250000,P1,5,58,791.250000
RH,62,868.375000,P1,5,62,791.500000
RH,70,868.500000,P1,5,70,791.750000
RH,77,868.500000,P1,1,77,791.750000
RH,69,868.750000,P1,1,69,792.000000
RH,70,868.875000,P1,1,70,792.250000
RH,82,868.875000,P1,1,82,792.250000
RH,70,869.125000,P1,1,70,792.500000
RH,72,869.250000,P1,1,72,792.750000
RH,84,869.250000,P1,1,84,792.750000
RH,72,869.500000,P1,1,72,793.000000
RH,81,869.500000,P1,1,81,793.000000
RH,67,869.666667,P1,1,67,793.250000
RH,67,869.875000,P1,1,67,793.500000
RH,79,869.875000,P1,1,79,793.500000
RH,65,870.000000,P1,1,65,793.750000
RH,73,870.125000,P1,5,73,794.000000
RH,79,870.125000,P1,1,79,794.000000
RH,64,870.375000,P1,5,64,794.250000
RH,61,870.500000,P1,5,61,794.500000
LH,44,871.000000,P1,6,44,795.000000
LH,53,871.000000,P1,5,53,795.000000
RH,65,871.250000,P1,5,65,795.500000
RH,73,871.375000,P1,5,73,795.750000
RH,80,871.500000,P1,1,80,795.750000
RH,72,871.666667,P1,1,72,796.000000
RH,73,871.875000,P1,1,73,796.250000
RH,85,871.875000,P1,1,85,796.250000
RH,73,872.000000,P1,1,73,796.250000
RH,72,872.625000,P1,1,72,797.000000
RH,75,872.625000,P1,1,75,797.000000
RH,78,872.625000,P1,1,78,797.000000
RH,84,872.625000,P1,1,84,797.000000
LH,58,872.875000,P1,1,58,797.250000
RH,70,872.875000,P1,1,70,797.250000
RH,70,873.000000,P1,1,70,797.500000
RH,82,873.000000,P1,1,82,797.500000
LH,56,873.125000,P1,1,56,797.750000
RH,68,873.125000,P1,1,68,797.750000
RH,74,873.333333,P1,1,74,798.000000
RH,77,873.333333,P1,1,77,798.000000
RH,80,873.333333,P1,1,80,798.000000
RH,86,873.333333,P1,1,86,798.000000
RH,61,873.500000,P1,1,61,798.250000
RH,73,873.500000,P1,1,73,798.250000
RH,73,873.625000,P1,1,73,798.500000
RH,85,873.625000,P1,1,85,798.500000
LH,59,873.750000,P1,1,59,798.750000
RH,71,873.750000,P1,1,71,798.750000
RH,76,874.000000,P1,1,76,799.000000
RH,79,874.000000,P1,1,79,799.000000
RH,82,874.000000,P1,1,82,799.000000
RH,88,874.000000,P1,1,88,799.000000
RH,63,874.125000,P1,1,63,799.250000
RH,75,874.125000,P1,1,75,799.250000
RH,75,874.250000,P1,1,75,799.500000
RH,87,874.250000,P1,1,87,799.500000
RH,61,874.500000,P1,1,61,799.750000
RH,73,874.500000,P1,1,73,799.750000
RH,77,874.750000,P1,1,77,800.000000
RH,63,874.875000,P1,1,63,800.250000
RH,75,874.875000,P1,1,75,800.250000
RH,66,875.666667,P1,5,66,801.000000
RH,81,875.666667,P1,1,81,801.000000
RH,85,875.666667,P1,1,85,801.000000
RH,87,875.666667,P1,1,87,801.000000
RH,93,875.666667,P1,1,93,801.000000
RH,80,876.125000,P1,1,80,801.500000
RH,92,876.125000,P1,1,92,801.500000
RH,78,876.250000,P1,1,78,801.750000
RH,90,876.250000,P1,1,90,801.750000
RH,63,876.500000,P1,5,63,802.000000
RH,84,876.625000,P1,1,84,802.000000
RH,87,876.625000,P1,1,87,802.000000
RH,90,876.625000,P1,1,90,802.000000
RH,96,876.625000,P1,1,96,802.000000
RH,82,877.125000,P1,1,82,802.500000
RH,94,877.125000,P1,1,94,802.500000
RH,80,877.375000,P1,1,80,802.750000
RH,92,877.375000,P1,1,92,802.750000
LH,37,877.875000,P1,5,37,803.000000
LH,44,877.875000,P1,5,44,803.000000
LH,49,877.875000,P1,5,49,803.000000
RH,85,877.875000,P1,1,85,803.000000
RH,89,877.875000,P1,1,89,803.000000
RH,97,877.875000,P1,1,97,803.000000
LH,56,878.875000,P1,2,56,803.750000
RH,61,878.875000,P1,1,61,803.750000
LH,56,879.125000,P1,2,56,803.750000
RH,61,879.125000,P1,1,61,803.750000
LH,49,879.333333,P1,5,49,804.000000
LH,54,879.333333,P1,2,54,804.000000
LH,49,879.500000,P1,5,49,804.250000
LH,54,879.500000,P1,2,54,804.250000
LH,56,879.750000,P1,2,56,804.500000
RH,61,879.750000,P1,1,61,804.500000
LH,56,879.875000,P1,2,56,804.750000
RH,61,879.875000,P1,1,61,804.750000
LH,49,880.125000,P1,5,49,805.000000
LH,57,880.125000,P1,2,57,805.000000
LH,49,880.250000,P1,5,49,805.250000
LH,57,880.250000,P1,2,57,805.250000
LH,59,880.500000,P1,2,59,805.500000
RH,61,880.500000,P1,1,61,805.500000
LH,59,880.625000,P1,2,59,805.750000
RH,61,880.625000,P1,1,61,805.750000
LH,49,880.875000,P1,5,49,806.000000
LH,56,880.875000,P1,2,56,806.000000
LH,49,881.000000,P1,5,49,806.250000
LH,57,881.125000,P1,2,57,806.500000
RH,61,881.125000,P1,1,61,806.500000
RH,61,881.333333,P1,1,61,806.750000
LH,57,881.375000,P1,2,57,806.750000
LH,47,881.500000,P1,5,47,807.000000
LH,54,881.500000,P1,2,54,807.000000
LH,54,881.750000,P1,2,54,807.250000
LH,52,881.875000,P1,2,52,807.500000
LH,52,882.000000,P1,2,52,807.750000
LH,47,882.250000,P1,5,47,808.000000
LH,57,882.250000,P1,2,57,808.000000
LH,57,882.375000,P1,2,57,808.250000
LH,59,882.375000,P1,1,59,808.250000
LH,56,882.625000,P1,2,56,808.500000
LH,56,882.750000,P1,2,56,808.750000
LH,47,882.875000,P1,5,47,808.750000
LH,47,883.000000,P1,5,47,809.000000
LH,54,883.000000,P1,2,54,809.000000
LH,54,883.125000,P1,2,54,809.250000
LH,56,883.250000,P1,2,56,809.500000
LH,47,883.500000,P1,5,47,809.750000
LH,56,883.500000,P1,2,56,809.750000
LH,59,883.750000,P1,1,59,810.250000
LH,42,884.000000,P1,5,42,810.500000
LH,54,884.000000,P1,5,54,810.500000
RH,69,884.125000,P1,5,69,810.750000
RH,75,884.125000,P1,5,75,810.750000
RH,81,884.125000,P1,5,81,810.750000
LH,37,884.500000,P1,5,37,811.000000
LH,44,884.500000,P1,5,44,811.000000
LH,49,884.500000,P1,5,49,811.000000
RH,73,884.500000,P1,1,73,811.000000
RH,77,884.500000,P1,1,77,811.000000
RH,85,884.500000,P1,1,85,811.000000
LH,56,885.125000,P1,2,56,811.750000
LH,49,885.375000,P1,5,49,812.000000
LH,54,885.375000,P1,2,54,812.000000
LH,49,885.625000,P1,5,49,812.250000
LH,54,885.625000,P1,2,54,812.250000
LH,56,885.750000,P1,2,56,812.500000
RH,61,885.750000,P1,1,61,812.500000
LH,56,885.875000,P1,2,56,812.750000
RH,61,885.875000,P1,1,61,812.750000
LH,49,886.125000,P1,5,49,813.000000
LH,57,886.125000,P1,2,57,813.000000
LH,49,886.250000,P1,5,49,813.250000
LH,57,886.250000,P1,2,57,813.250000
LH,59,886.500000,P1,2,59,813.500000
LH,59,886.625000,P1,2,59,813.750000
RH,61,886.625000,P1,1,61,813.750000
LH,49,886.750000,P1,5,49,814.000000
LH,56,886.750000,P1,2,56,814.000000
LH,49,887.000000,P1,5,49,814.250000
LH,57,887.125000,P1,2,57,814.500000
RH,61,887.125000,P1,1,61,814.500000
LH,57,887.250000,P1,2,57,814.750000
RH,61,887.250000,P1,1,61,814.750000
LH,49,887.500000,P1,5,49,815.000000
LH,54,887.500000,P1,2,54,815.000000
LH,54,887.666667,P1,2,54,815.250000
LH,57,887.750000,P1,1,57,815.500000
LH,52,887.875000,P1,2,52,815.500000
LH,52,888.000000,P1,2,52,815.750000
LH,49,888.125000,P1,5,49,816.000000
LH,55,888.125000,P1,2,55,816.000000
LH,55,888.375000,P1,2,55,816.250000
LH,57,888.375000,P1,1,57,816.250000
LH,54,888.500000,P1,2,54,816.500000
LH,54,888.750000,P1,2,54,816.750000
LH,49,888.875000,P1,5,49,817.000000
LH,52,888.875000,P1,2,52,817.000000
LH,52,889.125000,P1,2,52,817.250000
LH,54,889.125000,P1,2,54,817.500000
LH,49,889.375000,P1,5,49,817.750000
LH,54,889.375000,P1,2,54,817.750000
LH,55,889.500000,P1,2,55,818.000000
LH,55,889.750000,P1,2,55,818.250000
LH,57,889.750000,P1,1,57,818.250000
LH,37,889.875000,P1,6,37,818.500000
LH,57,890.125000,P1,5,57,818.750000
RH,69,890.125000,P1,5,69,818.750000
LH,49,890.375000,P1,5,49,819.000000
LH,54,890.375000,P1,5,54,819.000000
LH,57,890.375000,P1,5,57,819.000000
RH,62,890.375000,P1,5,62,819.000000
RH,66,890.375000,P1,1,66,819.000000
RH,69,890.375000,P1,1,69,819.000000
RH,78,890.500000,P1,1,78,819.000000
RH,62,891.000000,P1,2,62,819.750000
RH,69,891.000000,P1,1,69,819.750000
RH,62,891.125000,P1,2,62,819.750000
RH,69,891.125000,P1,1,69,819.750000
LH,54,891.250000,P1,6,54,820.000000
RH,61,891.250000,P1,5,61,820.000000
LH,54,891.375000,P1,6,54,820.250000
RH,61,891.375000,P1,5,61,820.250000
RH,62,891.625000,P1,5,62,820.500000
RH,69,891.625000,P1,1,69,820.500000
RH,62,891.750000,P1,5,62,820.750000
RH,69,891.750000,P1,1,69,820.750000
LH,54,892.000000,P1,5,54,821.000000
RH,64,892.000000,P1,2,64,821.000000
LH,54,892.125000,P1,5,54,821.250000
RH,64,892.125000,P1,2,64,821.250000
RH,66,892.250000,P1,2,66,821.500000
RH,69,892.250000,P1,1,69,821.500000
RH,69,892.500000,P1,1,69,821.750000
LH,54,892.625000,P1,5,54,822.000000
RH,62,892.625000,P1,2,62,822.000000
LH,54,892.750000,P1,5,54,822.250000
RH,62,892.750000,P1,2,62,822.250000
RH,61,893.000000,P1,2,61,822.500000
RH,69,893.000000,P1,1,69,822.500000
RH,61,893.125000,P1,2,61,822.500000
RH,69,893.125000,P1,1,69,822.500000
LH,49,893.500000,P1,5,49,823.000000
LH,55,893.500000,P1,5,55,823.000000
LH,59,893.500000,P1,5,59,823.000000
RH,62,893.500000,P1,5,62,823.000000
RH,71,893.500000,P1,1,71,823.000000
RH,74,893.500000,P1,1,74,823.000000
RH,79,893.500000,P1,1,79,823.000000
RH,83,893.500000,P1,1,83,823.000000
RH,67,894.125000,P1,2,67,823.750000
RH,74,894.125000,P1,1,74,823.750000
RH,67,894.250000,P1,2,67,823.750000
RH,74,894.250000,P1,1,74,823.750000
LH,59,894.375000,P1,5,59,824.000000
RH,66,894.375000,P1,2,66,824.000000
RH,66,894.625000,P1,2,66,824.250000
RH,67,894.666667,P1,2,67,824.500000
RH,74,894.666667,P1,1,74,824.500000
RH,67,894.875000,P1,2,67,824.750000
RH,74,894.875000,P1,1,74,824.750000
LH,59,895.000000,P1,5,59,825.000000
RH,69,895.000000,P1,2,69,825.000000
LH,59,895.250000,P1,5,59,825.250000
RH,69,895.250000,P1,2,69,825.250000
RH,71,895.375000,P1,2,71,825.500000
RH,74,895.375000,P1,1,74,825.500000
LH,59,895.666667,P1,5,59,826.000000
RH,67,895.666667,P1,2,67,826.000000
LH,53,897.125000,P1,1,53,827.000000
RH,65,897.125000,P1,1,65,827.000000
LH,59,897.375000,P1,5,59,827.250000
RH,61,897.375000,P1,5,61,827.250000
LH,44,897.500000,P1,5,44,827.500000
LH,49,897.500000,P1,5,49,827.500000
LH,54,897.666667,P1,1,54,827.750000
RH,66,897.750000,P1,1,66,827.750000
LH,55,897.875000,P1,1,55,828.000000
RH,67,897.875000,P1,1,67,828.000000
RH,61,898.125000,P1,5,61,828.250000
RH,65,898.125000,P1,5,65,828.250000
RH,71,898.333333,P1,5,71,828.500000
RH,73,898.333333,P1,5,73,828.500000
RH,77,898.333333,P1,5,77,828.500000
LH,56,898.500000,P1,1,56,828.750000
LH,57,898.666667,P1,1,57,829.000000
RH,69,898.666667,P1,1,69,829.000000
RH,61,898.875000,P1,5,61,829.250000
RH,66,898.875000,P1,5,66,829.250000
LH,49,899.125000,P1,6,49,829.500000
LH,54,899.125000,P1,5,54,829.500000
RH,71,899.250000,P1,1,71,829.750000
RH,60,899.375000,P1,1,60,830.000000
RH,72,899.375000,P1,1,72,830.000000
RH,66,899.625000,P1,5,66,830.250000
RH,69,899.625000,P1,5,69,830.250000
RH,78,899.875000,P1,5,78,830.500000
RH,81,899.875000,P1,5,81,830.500000
RH,61,900.000000,P1,1,61,830.750000
RH,73,900.000000,P1,1,73,830.750000
RH,62,900.125000,P1,1,62,831.000000
RH,74,900.125000,P1,1,74,831.000000
RH,66,900.375000,P1,5,66,831.250000
RH,69,900.375000,P1,5,69,831.250000
LH,49,900.625000,P1,6,49,831.500000
RH,64,900.666667,P1,1,64,831.750000
RH,76,900.666667,P1,1,76,831.750000
RH,65,900.875000,P1,1,65,832.000000
RH,77,900.875000,P1,1,77,832.000000
RH,69,901.125000,P1,5,69,832.250000
RH,72,901.125000,P1,5,72,832.250000
RH,86,901.333333,P1,5,86,832.500000
RH,66,901.500000,P1,1,66,832.750000
RH,78,901.500000,P1,1,78,832.750000
RH,68,901.666667,P1,1,68,833.000000
RH,80,901.666667,P1,1,80,833.000000
RH,75,901.875000,P1,5,75,833.250000
RH,78,901.875000,P1,5,78,833.250000
LH,49,902.125000,P1,6,49,833.500000
LH,54,902.125000,P1,5,54,833.500000
LH,56,902.125000,P1,5,56,833.500000
RH,70,902.333333,P1,1,70,833.750000
RH,82,902.333333,P1,1,82,833.750000
RH,71,902.500000,P1,1,71,834.000000
RH,83,902.500000,P1,1,83,834.000000
RH,75,902.750000,P1,5,75,834.250000
RH,78,902.750000,P1,5,78,834.250000
RH,87,903.000000,P1,5,87,834.500000
RH,92,903.000000,P1,5,92,834.500000
RH,72,903.333333,P1,1,72,834.750000
RH,84,903.333333,P1,1,84,834.750000
LH,37,903.875000,P1,5,37,835.000000
LH,49,903.875000,P1,5,49,835.000000
RH,73,903.875000,P1,1,73,835.000000
RH,77,903.875000,P1,1,77,835.000000
RH,85,903.875000,P1,1,85,835.000000
LH,56,904.375000,P1,6,56,835.500000
RH,61,904.375000,P1,5,61,835.500000
RH,61,904.625000,P1,5,61,835.750000
RH,73,904.625000,P1,1,73,835.750000
LH,56,904.875000,P1,6,56,836.000000
LH,59,904.875000,P1,5,59,836.000000
LH,59,905.000000,P1,5,59,836.250000
RH,68,905.000000,P1,1,68,836.250000
RH,71,905.000000,P1,1,71,836.250000
LH,56,905.250000,P1,6,56,836.500000
RH,61,905.250000,P1,5,61,836.500000
RH,61,905.375000,P1,5,61,836.750000
RH,68,905.375000,P1,1,68,836.750000
RH,73,905.375000,P1,1,73,836.750000
LH,54,905.625000,P1,6,54,837.000000
RH,62,905.625000,P1,5,62,837.000000
RH,62,905.750000,P1,5,62,837.250000
RH,66,905.750000,P1,1,66,837.250000
RH,74,905.750000,P1,1,74,837.250000
LH,54,906.000000,P1,6,54,837.500000
RH,64,906.000000,P1,5,64,837.500000
RH,64,906.125000,P1,5,64,837.750000
RH,66,906.125000,P1,1,66,837.750000
RH,76,906.125000,P1,1,76,837.750000
LH,54,906.250000,P1,6,54,838.000000
RH,61,906.250000,P1,5,61,838.000000
RH,73,906.500000,P1,1,73,838.250000
LH,54,906.625000,P1,6,54,838.500000
RH,62,906.625000,P1,5,62,838.500000
RH,62,906.750000,P1,5,62,838.750000
RH,74,906.750000,P1,1,74,838.750000
LH,52,907.000000,P1,6,52,839.000000
LH,59,907.000000,P1,5,59,839.000000
LH,59,907.125000,P1,5,59,839.250000
RH,71,907.125000,P1,1,71,839.250000
LH,57,907.375000,P1,5,57,839.500000
RH,64,907.375000,P1,1,64,839.500000
RH,69,907.375000,P1,1,69,839.500000
LH,57,907.625000,P1,5,57,839.750000
LH,52,907.750000,P1,6,52,840.000000
RH,62,907.750000,P1,5,62,840.000000
RH,74,907.875000,P1,1,74,840.250000
RH,61,908.125000,P1,5,61,840.500000
RH,64,908.125000,P1,1,64,840.500000
RH,73,908.125000,P1,1,73,840.500000
RH,61,908.250000,P1,5,61,840.750000
LH,52,908.500000,P1,6,52,841.000000
LH,59,908.500000,P1,5,59,841.000000
LH,59,908.666667,P1,5,59,841.250000
RH,64,908.666667,P1,1,64,841.250000
RH,61,908.875000,P1,5,61,841.500000
RH,64,908.875000,P1,1,64,841.500000
RH,73,908.875000,P1,1,73,841.500000
LH,52,909.000000,P1,6,52,841.750000
RH,61,909.000000,P1,5,61,841.750000
RH,62,909.125000,P1,5,62,842.000000
RH,62,909.375000,P1,5,62,842.250000
RH,74,909.375000,P1,1,74,842.250000
LH,38,909.500000,P1,5,38,842.500000
LH,50,909.500000,P1,5,50,842.500000
RH,68,909.750000,P1,5,68,842.750000
RH,78,909.750000,P1,5,78,842.750000
RH,80,909.750000,P1,5,80,842.750000
LH,37,909.875000,P1,5,37,843.000000
LH,49,909.875000,P1,5,49,843.000000
RH,73,909.875000,P1,1,73,843.000000
RH,85,909.875000,P1,1,85,843.000000
LH,56,910.250000,P1,6,56,843.500000
RH,61,910.250000,P1,5,61,843.500000
RH,61,910.375000,P1,5,61,843.750000
RH,73,910.375000,P1,1,73,843.750000
LH,56,910.625000,P1,6,56,844.000000
LH,59,910.625000,P1,5,59,844.000000
LH,59,910.875000,P1,5,59,844.250000
RH,68,910.875000,P1,1,68,844.250000
RH,71,910.875000,P1,1,71,844.250000
LH,56,911.000000,P1,6,56,844.500000
RH,61,911.000000,P1,5,61,844.500000
RH,61,911.125000,P1,5,61,844.750000
RH,68,911.125000,P1,1,68,844.750000
RH,73,911.125000,P1,1,73,844.750000
LH,54,911.333333,P1,6,54,845.000000
RH,62,911.333333,P1,5,62,845.000000
RH,62,911.500000,P1,5,62,845.250000
RH,66,911.500000,P1,1,66,845.250000
RH,74,911.500000,P1,1,74,845.250000
LH,54,911.666667,P1,6,54,845.500000
RH,64,911.666667,P1,5,64,845.500000
RH,64,911.875000,P1,5,64,845.750000
RH,76,911.875000,P1,1,76,845.750000
LH,54,912.000000,P1,6,54,846.000000
RH,61,912.000000,P1,5,61,846.000000
RH,61,912.250000,P1,5,61,846.250000
RH,73,912.250000,P1,1,73,846.250000
LH,54,912.333333,P1,6,54,846.500000
RH,62,912.333333,P1,5,62,846.500000
RH,62,912.500000,P1,5,62,846.750000
RH,74,912.500000,P1,1,74,846.750000
LH,52,912.750000,P1,6,52,847.000000
LH,59,912.750000,P1,5,59,847.000000
LH,59,912.875000,P1,5,59,847.250000
RH,64,912.875000,P1,1,64,847.250000
RH,71,912.875000,P1,1,71,847.250000
LH,57,913.125000,P1,5,57,847.500000
RH,64,913.125000,P1,1,64,847.500000
RH,69,913.125000,P1,1,69,847.500000
LH,52,913.333333,P1,6,52,848.000000
RH,60,913.500000,P1,5,60,848.000000
RH,60,913.625000,P1,5,60,848.250000
RH,72,913.625000,P1,1,72,848.250000
LH,59,913.875000,P1,5,59,848.500000
RH,64,913.875000,P1,1,64,848.500000
RH,71,913.875000,P1,1,71,848.500000
LH,52,914.125000,P1,6,52,849.000000
LH,57,914.125000,P1,5,57,849.000000
RH,64,914.333333,P1,1,64,849.250000
RH,69,914.375000,P1,1,69,849.250000
LH,59,914.500000,P1,5,59,849.500000
RH,64,914.500000,P1,1,64,849.500000
RH,71,914.500000,P1,1,71,849.500000
LH,59,914.666667,P1,5,59,849.750000
LH,52,914.750000,P1,6,52,849.750000
RH,60,914.750000,P1,5,60,850.000000
RH,60,915.000000,P1,5,60,850.250000
RH,72,915.000000,P1,1,72,850.250000
LH,38,915.125000,P1,5,38,850.500000
LH,50,915.125000,P1,5,50,850.500000
RH,66,915.333333,P1,5,66,850.750000
RH,74,915.375000,P1,5,74,850.750000
LH,31,915.625000,P1,5,31,851.000000
LH,43,915.625000,P1,5,43,851.000000
RH,71,915.625000,P1,1,71,851.000000
RH,74,915.625000,P1,1,74,851.000000
RH,83,915.625000,P1,1,83,851.000000
RH,67,916.125000,P1,2,67,851.750000
RH,74,916.125000,P1,1,74,851.750000
RH,67,916.250000,P1,2,67,851.750000
RH,74,916.250000,P1,1,74,851.750000
LH,59,916.500000,P1,6,59,852.250000
RH,67,916.750000,P1,5,67,852.500000
RH,74,916.750000,P1,1,74,852.500000
RH,67,916.875000,P1,5,67,852.750000
RH,74,916.875000,P1,1,74,852.750000
LH,59,917.125000,P1,5,59,853.000000
RH,69,917.125000,P1,2,69,853.000000
LH,59,917.250000,P1,5,59,853.250000
RH,69,917.250000,P1,2,69,853.250000
RH,71,917.375000,P1,2,71,853.500000
RH,74,917.375000,P1,1,74,853.500000
RH,71,917.625000,P1,2,71,853.750000
RH,74,917.625000,P1,1,74,853.750000
RH,67,917.750000,P1,2,67,854.000000
RH,67,917.875000,P1,2,67,854.250000
RH,74,918.250000,P1,1,74,854.500000
LH,40,918.750000,P1,5,40,855.000000
LH,43,918.750000,P1,5,43,855.000000
LH,48,918.750000,P1,5,48,855.000000
LH,52,918.750000,P1,5,52,855.000000
RH,76,918.750000,P1,1,76,855.000000
RH,79,918.750000,P1,1,79,855.000000
RH,84,918.750000,P1,1,84,855.000000
RH,88,918.750000,P1,1,88,855.000000
RH,72,919.375000,P1,2,72,855.750000
RH,79,919.375000,P1,1,79,855.750000
RH,72,919.625000,P1,2,72,855.750000
RH,79,919.625000,P1,1,79,855.750000
RH,64,919.750000,P1,6,64,856.000000
RH,71,919.750000,P1,5,71,856.000000
RH,64,920.000000,P1,6,64,856.250000
RH,71,920.000000,P1,5,71,856.250000
RH,79,920.125000,P1,1,79,856.500000
RH,79,920.333333,P1,1,79,856.750000
RH,74,920.375000,P1,2,74,857.000000
RH,64,920.500000,P1,5,64,857.000000
RH,74,920.500000,P1,2,74,857.000000
RH,74,920.666667,P1,2,74,857.250000
RH,76,920.750000,P1,2,76,857.500000
RH,79,920.875000,P1,1,79,857.500000
RH,76,921.000000,P1,2,76,857.750000
RH,79,921.000000,P1,1,79,857.750000
RH,64,921.125000,P1,5,64,858.000000
RH,72,921.125000,P1,2,72,858.000000
RH,72,921.250000,P1,2,72,858.000000
LH,58,922.625000,P1,1,58,859.000000
RH,70,922.625000,P1,1,70,859.000000
RH,64,922.875000,P1,5,64,859.250000
RH,66,922.875000,P1,5,66,859.250000
LH,49,923.000000,P1,6,49,859.500000
LH,54,923.000000,P1,5,54,859.500000
LH,59,923.125000,P1,1,59,859.750000
RH,71,923.125000,P1,1,71,859.750000
RH,60,923.333333,P1,1,60,860.000000
RH,72,923.333333,P1,1,72,860.000000
RH,66,923.625000,P1,5,66,860.250000
RH,70,923.625000,P1,5,70,860.250000
RH,78,923.750000,P1,5,78,860.500000
RH,82,923.750000,P1,5,82,860.500000
RH,61,923.875000,P1,1,61,860.750000
RH,73,923.875000,P1,1,73,860.750000
RH,62,924.125000,P1,1,62,861.000000
RH,74,924.125000,P1,1,74,861.000000
RH,66,924.333333,P1,5,66,861.250000
RH,71,924.333333,P1,5,71,861.250000
LH,49,924.500000,P1,6,49,861.500000
LH,54,924.500000,P1,5,54,861.500000
LH,59,924.500000,P1,5,59,861.500000
RH,64,924.625000,P1,1,64,861.750000
RH,65,924.750000,P1,1,65,862.000000
RH,77,924.750000,P1,1,77,862.000000
RH,74,925.000000,P1,5,74,862.250000
RH,83,925.250000,P1,5,83,862.500000
RH,66,925.375000,P1,1,66,862.750000
RH,78,925.375000,P1,1,78,862.750000
RH,68,925.500000,P1,1,68,863.000000
RH,80,925.500000,P1,1,80,863.000000
LH,49,926.000000,P1,6,49,863.500000
LH,56,926.000000,P1,5,56,863.500000
LH,59,926.000000,P1,5,59,863.500000
RH,64,926.000000,P1,5,64,863.500000
RH,69,926.125000,P1,1,69,863.750000
RH,81,926.125000,P1,1,81,863.750000
RH,70,926.250000,P1,1,70,864.000000
RH,74,926.625000,P1,5,74,864.250000
RH,86,926.750000,P1,5,86,864.500000
RH,88,926.750000,P1,5,88,864.500000
RH,71,926.875000,P1,1,71,864.750000
RH,83,926.875000,P1,1,83,864.750000
RH,72,927.125000,P1,1,72,865.000000
RH,84,927.125000,P1,1,84,865.000000
RH,78,927.375000,P1,5,78,865.250000
RH,80,927.375000,P1,5,80,865.250000
LH,49,927.500000,P1,6,49,865.500000
LH,56,927.500000,P1,5,56,865.500000
RH,63,927.500000,P1,5,63,865.500000
RH,73,927.750000,P1,1,73,865.750000
RH,85,927.750000,P1,1,85,865.750000
RH,85,928.000000,P1,1,85,865.750000
LH,25,929.750000,P1,5,25,867.000000
LH,37,929.750000,P1,5,37,867.000000
LH,44,930.750000,P1,5,44,867.500000
LH,56,930.750000,P1,5,56,867.500000
RH,77,930.750000,P1,1,77,867.500000
RH,80,930.750000,P1,1,80,867.500000
RH,85,930.750000,P1,1,85,867.500000
RH,89,930.750000,P1,1,89,867.500000
LH,49,931.500000,P1,5,49,868.000000
RH,61,931.500000,P1,5,61,868.000000
RH,76,931.500000,P1,1,76,868.000000
RH,88,931.500000,P1,1,88,868.000000
RH,77,931.666667,P1,1,77,868.250000
LH,53,932.000000,P1,5,53,868.500000
RH,65,932.000000,P1,5,65,868.500000
RH,73,932.000000,P1,1,73,868.500000
RH,85,932.000000,P1,1,85,868.500000
LH,37,932.500000,P1,5,37,869.000000
LH,49,932.500000,P1,5,49,869.000000
LH,52,932.875000,P1,5,52,869.250000
LH,43,933.125000,P1,5,43,869.500000
LH,55,933.125000,P1,5,55,869.500000
RH,82,933.125000,P1,1,82,869.500000
RH,88,933.125000,P1,1,88,869.500000
RH,94,933.125000,P1,1,94,869.500000
LH,46,933.375000,P1,5,46,869.750000
LH,58,933.375000,P1,5,58,869.750000
LH,49,933.500000,P1,5,49,870.000000
RH,64,933.750000,P1,5,64,870.250000
LH,55,934.125000,P1,5,55,870.500000
RH,67,934.125000,P1,5,67,870.500000
RH,84,934.125000,P1,1,84,870.500000
RH,88,934.125000,P1,1,88,870.500000
RH,96,934.125000,P1,1,96,870.500000
LH,37,935.000000,P1,5,37,871.000000
RH,80,935.000000,P1,1,80,871.000000
RH,85,935.000000,P1,1,85,871.000000
RH,89,935.000000,P1,1,89,871.000000
RH,92,935.000000,P1,1,92,871.000000
LH,25,935.125000,P1,5,25,871.000000
RH,79,935.500000,P1,1,79,871.250000
RH,91,935.500000,P1,1,91,871.250000
LH,56,935.875000,P1,5,56,871.500000
RH,61,935.875000,P1,5,61,871.500000
RH,65,935.875000,P1,5,65,871.500000
RH,68,935.875000,P1,5,68,871.500000
RH,78,935.875000,P1,1,78,871.500000
RH,90,935.875000,P1,1,90,871.500000
RH,77,936.125000,P1,1,77,871.750000
RH,89,936.125000,P1,1,89,871.750000
RH,76,936.333333,P1,1,76,872.000000
RH,88,936.333333,P1,1,88,872.000000
RH,77,936.500000,P1,1,77,872.250000
RH,89,936.500000,P1,1,89,872.250000
LH,56,936.750000,P1,5,56,872.500000
RH,61,936.750000,P1,5,61,872.500000
RH,75,936.750000,P1,1,75,872.500000
RH,87,936.750000,P1,1,87,872.500000
LH,53,936.875000,P1,5,53,872.500000
RH,65,936.875000,P1,5,65,872.500000
RH,73,937.000000,P1,1,73,872.750000
RH,85,937.000000,P1,1,85,872.750000
LH,37,937.250000,P1,5,37,873.000000
LH,49,937.250000,P1,5,49,873.000000
LH,54,937.666667,P1,5,54,873.250000
LH,45,938.000000,P1,5,45,873.500000
LH,57,938.000000,P1,5,57,873.500000
RH,77,938.000000,P1,1,77,873.500000
RH,81,938.000000,P1,1,81,873.500000
RH,89,938.000000,P1,1,89,873.500000
LH,48,938.250000,P1,5,48,873.750000
RH,60,938.250000,P1,5,60,873.750000
LH,25,939.875000,P1,5,25,875.000000
LH,37,939.875000,P1,5,37,875.000000
RH,75,939.875000,P1,1,75,875.000000
RH,78,939.875000,P1,1,78,875.000000
RH,87,939.875000,P1,1,87,875.000000
RH,74,940.250000,P1,1,74,875.250000
RH,86,940.250000,P1,1,86,875.250000
LH,57,940.625000,P1,5,57,875.500000
RH,66,940.625000,P1,5,66,875.500000
RH,73,940.625000,P1,1,73,875.500000
RH,85,940.625000,P1,1,85,875.500000
RH,72,940.750000,P1,1,72,875.750000
RH,84,940.750000,P1,1,84,875.750000
RH,73,941.000000,P1,1,73,876.000000
RH,85,941.000000,P1,1,85,876.000000
RH,72,941.250000,P1,1,72,876.250000
RH,84,941.250000,P1,1,84,876.250000
RH,70,941.500000,P1,1,70,876.500000
RH,78,941.500000,P1,1,78,876.500000
RH,82,941.500000,P1,1,82,876.500000
LH,37,942.000000,P1,5,37,877.000000
LH,49,942.000000,P1,5,49,877.000000
LH,52,942.375000,P1,5,52,877.250000
LH,43,942.666667,P1,5,43,877.500000
LH,55,942.666667,P1,5,55,877.500000
RH,82,942.666667,P1,1,82,877.500000
RH,88,942.666667,P1,1,88,877.500000
RH,94,942.666667,P1,1,94,877.500000
LH,46,942.875000,P1,5,46,877.750000
LH,58,942.875000,P1,5,58,877.750000
LH,49,943.000000,P1,5,49,878.000000
LH,49,943.125000,P1,5,49,878.000000
RH,61,943.125000,P1,5,61,878.000000
RH,64,943.333333,P1,5,64,878.250000
LH,55,943.500000,P1,5,55,878.500000
RH,67,943.500000,P1,5,67,878.500000
RH,84,943.500000,P1,1,84,878.500000
RH,88,943.500000,P1,1,88,878.500000
RH,96,943.500000,P1,1,96,878.500000
LH,56,944.375000,P1,5,56,879.000000
RH,61,944.375000,P1,5,61,879.000000
RH,65,944.375000,P1,5,65,879.000000
RH,68,944.375000,P1,5,68,879.000000
RH,80,944.375000,P1,1,80,879.000000
RH,89,944.375000,P1,1,89,879.000000
RH,92,944.375000,P1,1,92,879.000000
RH,85,944.500000,P1,1,85,879.000000
RH,79,945.000000,P1,1,79,879.250000
RH,91,945.000000,P1,1,91,879.250000
LH,32,945.375000,P1,5,32,879.500000
LH,44,945.375000,P1,5,44,879.500000
RH,78,945.375000,P1,1,78,879.500000
RH,90,945.375000,P1,1,90,879.500000
RH,77,945.875000,P1,1,77,879.750000
RH,89,945.875000,P1,1,89,879.750000
RH,64,946.375000,P1,5,64,880.000000
RH,76,946.375000,P1,1,76,880.000000
RH,88,946.375000,P1,1,88,880.000000
RH,65,946.875000,P1,5,65,880.250000
RH,77,946.875000,P1,1,77,880.250000
RH,89,946.875000,P1,1,89,880.250000
RH,63,947.333333,P1,5,63,880.500000
RH,75,947.333333,P1,1,75,880.500000
RH,87,947.333333,P1,1,87,880.500000
RH,61,947.666667,P1,5,61,880.750000
RH,73,947.666667,P1,1,73,880.750000
RH,85,947.666667,P1,1,85,880.750000
LH,55,948.125000,P1,5,55,881.000000
RH,67,948.125000,P1,1,67,881.000000
RH,79,948.125000,P1,1,79,881.000000
LH,56,948.375000,P1,5,56,881.250000
RH,68,948.375000,P1,1,68,881.250000
RH,80,948.375000,P1,1,80,881.250000
LH,54,948.666667,P1,5,54,881.500000
RH,66,948.666667,P1,1,66,881.500000
RH,78,948.666667,P1,1,78,881.500000
LH,53,948.875000,P1,5,53,881.750000
RH,65,948.875000,P1,1,65,881.750000
RH,77,948.875000,P1,1,77,881.750000
LH,52,949.125000,P1,5,52,882.000000
RH,64,949.125000,P1,1,64,882.000000
RH,76,949.125000,P1,1,76,882.000000
LH,53,949.333333,P1,5,53,882.250000
RH,77,949.333333,P1,1,77,882.250000
LH,51,949.500000,P1,5,51,882.500000
RH,75,949.500000,P1,1,75,882.500000
RH,63,949.666667,P1,1,63,882.500000
LH,49,949.750000,P1,5,49,882.750000
RH,73,949.750000,P1,1,73,882.750000
LH,43,950.000000,P1,6,43,883.000000
LH,55,950.000000,P1,5,55,883.000000
RH,67,950.000000,P1,1,67,883.000000
LH,44,950.333333,P1,6,44,883.250000
RH,68,950.333333,P1,1,68,883.250000
LH,56,950.375000,P1,5,56,883.250000
LH,42,950.500000,P1,6,42,883.500000
RH,66,950.500000,P1,1,66,883.500000
LH,54,950.666667,P1,5,54,883.500000
LH,41,950.875000,P1,6,41,883.750000
LH,53,950.875000,P1,5,53,883.750000
RH,65,950.875000,P1,1,65,883.750000
LH,40,951.125000,P1,6,40,884.000000
LH,52,951.125000,P1,5,52,884.000000
RH,64,951.125000,P1,1,64,884.000000
LH,41,951.500000,P1,6,41,884.250000
RH,65,951.500000,P1,1,65,884.250000
LH,39,951.875000,P1,6,39,884.500000
RH,63,951.875000,P1,1,63,884.500000
LH,37,952.375000,P1,6,37,884.750000
LH,49,952.375000,P1,5,49,884.750000
RH,61,952.375000,P1,1,61,884.750000
LH,37,953.250000,P1,6,37,885.000000
LH,46,953.250000,P1,5,46,885.000000
LH,47,953.375000,P1,5,47,885.250000
LH,48,953.625000,P1,5,48,885.500000
RH,65,953.625000,P1,1,65,885.500000
LH,54,953.666667,P1,2,54,885.500000
LH,58,953.666667,P1,2,58,885.500000
LH,49,953.750000,P1,5,49,885.750000
LH,49,954.000000,P1,5,49,886.000000
LH,48,954.250000,P1,5,48,886.250000
LH,46,954.500000,P1,5,46,886.750000
LH,47,954.500000,P1,5,47,886.500000
LH,45,954.750000,P1,5,45,887.000000
RH,63,954.750000,P1,1,63,887.000000
LH,37,954.875000,P1,6,37,887.000000
LH,46,954.875000,P1,5,46,887.250000
LH,54,954.875000,P1,2,54,887.000000
RH,62,954.875000,P1,1,62,887.250000
RH,61,955.000000,P1,1,61,887.500000
LH,47,955.125000,P1,5,47,887.500000
LH,48,955.250000,P1,5,48,887.750000
RH,60,955.250000,P1,1,60,887.750000
RH,61,955.375000,P1,1,61,888.000000
LH,37,955.500000,P1,6,37,888.000000
LH,46,955.500000,P1,5,46,888.000000
LH,47,955.625000,P1,5,47,888.250000
RH,60,955.625000,P1,1,60,888.250000
LH,48,955.750000,P1,5,48,888.500000
LH,59,955.750000,P1,1,59,888.500000
LH,49,955.875000,P1,5,49,888.750000
LH,58,955.875000,P1,1,58,888.750000
LH,37,956.125000,P1,6,37,889.000000
LH,46,956.125000,P1,5,46,889.000000
LH,47,956.333333,P1,5,47,889.250000
LH,48,956.500000,P1,5,48,889.500000
LH,54,956.500000,P1,2,54,889.500000
LH,58,956.500000,P1,2,58,889.500000
RH,65,956.500000,P1,1,65,889.500000
LH,49,956.666667,P1,5,49,889.750000
LH,49,956.875000,P1,5,49,890.000000
LH,48,957.125000,P1,5,48,890.250000
LH,47,957.250000,P1,5,47,890.500000
RH,63,957.250000,P1,1,63,890.500000
LH,46,957.375000,P1,5,46,890.750000
LH,37,957.625000,P1,6,37,891.000000
LH,45,957.625000,P1,5,45,891.000000
LH,53,957.625000,P1,2,53,891.000000
RH,63,957.625000,P1,1,63,891.000000
LH,46,957.750000,P1,5,46,891.250000
RH,62,957.750000,P1,1,62,891.250000
LH,47,957.875000,P1,5,47,891.500000
RH,61,957.875000,P1,1,61,891.500000
LH,48,958.000000,P1,5,48,891.750000
RH,60,958.000000,P1,1,60,891.750000
LH,37,958.250000,P1,6,37,892.000000
LH,52,958.250000,P1,2,52,892.000000
RH,61,958.250000,P1,1,61,892.000000
LH,45,958.333333,P1,5,45,892.000000
LH,59,958.375000,P1,1,59,892.250000
LH,47,958.500000,P1,5,47,892.250000
LH,58,958.500000,P1,1,58,892.500000
LH,57,958.750000,P1,1,57,892.750000
LH,37,959.000000,P1,6,37,893.000000
LH,45,959.000000,P1,5,45,893.000000
LH,46,959.125000,P1,5,46,893.250000
LH,47,959.333333,P1,5,47,893.500000
LH,56,959.375000,P1,1,56,893.500000
RH,61,959.375000,P1,2,61,893.500000
RH,68,959.375000,P1,1,68,893.500000
LH,48,959.500000,P1,5,48,893.750000
LH,49,959.666667,P1,5,49,894.000000
LH,48,959.875000,P1,5,48,894.250000
LH,54,960.125000,P1,1,54,894.500000
RH,66,960.125000,P1,1,66,894.500000
LH,45,960.625000,P1,5,45,895.000000
RH,66,960.625000,P1,1,66,895.000000
RH,62,960.666667,P1,2,62,895.000000
LH,54,960.750000,P1,5,54,895.250000
RH,63,960.875000,P1,2,63,895.250000
LH,45,961.000000,P1,5,45,895.500000
RH,61,961.000000,P1,2,61,895.500000
LH,37,961.125000,P1,5,37,895.750000
RH,60,961.125000,P1,2,60,895.750000
LH,45,961.333333,P1,5,45,896.000000
RH,65,961.333333,P1,2,65,896.000000
RH,69,961.333333,P1,1,69,896.000000
RH,66,961.500000,P1,2,66,896.250000
RH,64,961.625000,P1,2,64,896.500000
RH,63,961.750000,P1,2,63,896.750000
RH,69,962.000000,P1,2,69,897.000000
RH,72,962.000000,P1,1,72,897.000000
RH,70,962.125000,P1,2,70,897.250000
RH,68,962.250000,P1,2,68,897.500000
RH,66,962.375000,P1,2,66,897.750000
RH,71,962.666667,P1,2,71,898.000000
RH,75,962.666667,P1,1,75,898.000000
LH,44,962.750000,P1,5,44,898.000000
RH,72,962.750000,P1,2,72,898.250000
LH,44,963.000000,P1,5,44,898.500000
RH,68,963.000000,P1,2,68,898.750000
LH,44,963.333333,P1,5,44,899.000000
RH,74,963.333333,P1,2,74,899.000000
RH,78,963.333333,P1,1,78,899.000000
RH,75,963.500000,P1,2,75,899.250000
RH,73,963.625000,P1,2,73,899.500000
RH,72,963.750000,P1,2,72,899.750000
LH,44,963.875000,P1,5,44,900.000000
RH,81,964.000000,P1,2,81,900.000000
RH,84,964.000000,P1,1,84,900.000000
RH,82,964.250000,P1,2,82,900.250000
RH,80,964.375000,P1,2,80,900.500000
RH,77,965.250000,P1,2,77,901.000000
RH,85,965.250000,P1,2,85,901.000000
RH,89,965.250000,P1,1,89,901.000000
RH,91,966.000000,P1,2,91,901.750000
RH,92,966.000000,P1,1,92,901.500000
RH,97,966.000000,P1,1,97,901.500000
RH,101,966.000000,P1,1,101,901.500000
RH,88,966.250000,P1,2,88,901.750000
RH,91,966.250000,P1,2,91,901.750000
RH,89,966.500000,P1,1,89,902.000000
RH,92,966.500000,P1,1,92,902.000000
RH,97,966.500000,P1,1,97,902.000000
RH,84,966.666667,P1,2,84,902.250000
RH,88,966.666667,P1,2,88,902.250000
RH,85,966.875000,P1,1,85,902.500000
RH,92,966.875000,P1,1,92,902.500000
RH,79,967.000000,P1,2,79,902.750000
RH,82,967.000000,P1,2,82,902.750000
RH,80,967.125000,P1,1,80,903.000000
RH,89,967.125000,P1,1,89,903.000000
RH,85,967.250000,P1,1,85,903.000000
RH,79,967.375000,P1,2,79,903.250000
RH,77,967.500000,P1,1,77,903.500000
RH,85,967.500000,P1,1,85,903.500000
RH,73,967.750000,P1,1,73,904.000000
RH,80,967.875000,P1,1,80,904.000000
RH,67,968.000000,P1,2,67,904.250000
RH,68,968.125000,P1,1,68,904.500000
RH,73,968.125000,P1,1,73,904.500000
RH,65,968.500000,P1,1,65,905.000000
RH,68,968.500000,P1,1,68,905.000000
RH,73,968.500000,P1,1,73,905.000000
LH,49,968.666667,P1,2,49,905.250000
RH,61,968.666667,P1,2,61,905.250000
RH,68,968.875000,P1,1,68,905.500000
RH,77,968.875000,P1,1,77,905.500000
RH,64,969.000000,P1,6,64,905.750000
RH,67,969.000000,P1,6,67,905.750000
RH,65,969.250000,P1,1,65,906.000000
RH,68,969.250000,P1,1,68,906.000000
RH,60,969.375000,P1,6,60,906.250000
RH,61,969.500000,P1,1,61,906.500000
RH,68,969.500000,P1,1,68,906.500000
LH,55,969.625000,P1,6,55,906.750000
LH,58,969.625000,P1,6,58,906.750000
LH,56,969.875000,P1,1,56,907.000000
RH,61,969.875000,P1,1,61,907.000000
RH,65,969.875000,P1,1,65,907.000000
RH,61,970.250000,P1,1,61,907.500000
LH,48,970.375000,P1,6,48,907.750000
LH,52,970.375000,P1,6,52,907.750000
LH,49,970.500000,P1,1,49,908.000000
LH,43,970.666667,P1,6,43,908.250000
LH,46,970.666667,P1,6,46,908.250000
LH,44,970.875000,P1,1,44,908.500000
LH,49,970.875000,P1,1,49,908.500000
LH,43,971.000000,P1,6,43,908.750000
LH,41,971.125000,P1,1,41,909.000000
LH,44,971.125000,P1,1,44,909.000000
LH,49,971.125000,P1,1,49,909.000000
LH,37,971.375000,P1,6,37,909.250000
LH,41,971.500000,P1,5,41,909.500000
LH,53,971.500000,P1,5,53,909.500000
LH,49,971.875000,P1,5,49,910.500000
LH,34,972.000000,P1,6,34,910.750000
LH,46,972.000000,P1,6,46,910.750000
LH,41,972.125000,P1,5,41,911.000000
LH,49,972.125000,P1,5,49,911.000000
LH,53,972.125000,P1,5,53,911.000000
LH,33,972.375000,P1,6,33,911.250000
LH,45,972.375000,P1,6,45,911.250000
LH,41,972.500000,P1,5,41,911.500000
LH,49,972.500000,P1,5,49,911.500000
LH,53,972.500000,P1,5,53,911.500000
LH,32,972.750000,P1,6,32,911.750000
LH,44,972.750000,P1,6,44,911.750000
LH,41,972.875000,P1,5,41,912.000000
LH,49,972.875000,P1,5,49,912.000000
LH,53,972.875000,P1,5,53,912.000000
LH,33,973.000000,P1,6,33,912.250000
LH,45,973.000000,P1,6,45,912.250000
LH,41,973.250000,P1,5,41,912.500000
LH,49,973.250000,P1,5,49,912.500000
LH,53,973.250000,P1,5,53,912.500000
LH,34,973.375000,P1,6,34,912.750000
LH,46,973.375000,P1,6,46,912.750000
LH,41,973.500000,P1,5,41,913.000000
LH,49,973.500000,P1,5,49,913.000000
LH,53,973.500000,P1,5,53,913.000000
LH,33,973.666667,P1,6,33,913.250000
LH,45,973.666667,P1,6,45,913.250000
LH,49,973.875000,P1,5,49,913.500000
LH,53,973.875000,P1,5,53,913.500000
LH,32,974.000000,P1,6,32,913.750000
LH,44,974.000000,P1,6,44,913.750000
LH,49,974.125000,P1,5,49,914.000000
LH,53,974.125000,P1,5,53,914.000000
LH,31,974.333333,P1,6,31,914.250000
LH,43,974.333333,P1,6,43,914.250000
LH,49,974.500000,P1,5,49,914.500000
LH,53,974.500000,P1,5,53,914.500000
LH,30,974.666667,P1,6,30,914.750000
LH,42,974.666667,P1,6,42,914.750000
LH,49,974.750000,P1,5,49,915.000000
LH,53,974.750000,P1,5,53,915.000000
LH,29,975.000000,P1,6,29,915.250000
LH,41,975.000000,P1,6,41,915.250000
LH,49,975.125000,P1,5,49,915.500000
LH,53,975.125000,P1,5,53,915.500000
LH,28,975.250000,P1,6,28,915.750000
LH,40,975.250000,P1,6,40,915.750000
LH,41,975.375000,P1,5,41,916.000000
LH,49,975.375000,P1,5,49,916.000000
LH,53,975.375000,P1,5,53,916.000000
LH,27,975.625000,P1,6,27,916.250000
LH,39,975.625000,P1,6,39,916.250000
LH,41,975.666667,P1,5,41,916.500000
LH,49,975.666667,P1,5,49,916.500000
LH,53,975.666667,P1,5,53,916.500000
LH,41,975.875000,P1,5,41,916.500000
LH,53,975.875000,P1,5,53,916.500000
LH,25,976.250000,P1,6,25,917.000000
LH,37,976.250000,P1,6,37,917.000000
LH,41,976.250000,P1,5,41,917.000000
LH,49,976.250000,P1,5,49,917.000000
LH,53,976.250000,P1,5,53,917.000000
LH,45,977.000000,P1,5,45,918.000000
LH,53,977.000000,P1,5,53,918.000000
RH,65,977.125000,P1,1,65,918.000000
LH,45,977.750000,P1,5,45,919.000000
RH,73,977.875000,P1,1,73,919.000000
RH,76,977.875000,P1,1,76,919.000000
LH,54,978.750000,P1,5,54,920.000000
RH,66,978.750000,P1,5,66,920.000000
RH,81,978.750000,P1,1,81,920.000000
RH,93,978.750000,P1,1,93,920.000000
LH,56,979.875000,P1,5,56,921.000000
RH,65,979.875000,P1,5,65,921.000000
RH,68,979.875000,P1,5,68,921.000000
RH,89,979.875000,P1,1,89,921.000000
RH,92,979.875000,P1,1,92,921.000000
RH,97,979.875000,P1,1,97,921.000000
RH,101,979.875000,P1,1,101,921.000000
RH,65,981.250000,P1,5,65,923.000000
RH,68,981.250000,P1,5,68,923.000000
RH,73,981.250000,P1,5,73,923.000000
RH,77,981.250000,P1,5,77,923.000000
RH,85,981.250000,P1,1,85,923.000000
RH,92,981.250000,P1,1,92,923.000000
RH,97,981.250000,P1,1,97,923.000000
