hand,pitch,onset_ql,reference_part,reference_voice,reference_pitch,reference_onset_ql
LH,48,2.000000,P1,5,48,0.000000
LH,55,2.000000,P1,5,55,0.000000
RH,60,2.000000,P1,1,60,0.000000
LH,59,3.750000,P1,1,59,2.000000
RH,62,3.750000,P1,1,62,2.000000
RH,60,3.875000,P1,1,60,2.250000
RH,64,3.875000,P1,1,64,2.250000
LH,59,4.125000,P1,1,59,2.500000
RH,62,4.125000,P1,1,62,2.500000
RH,60,4.250000,P1,1,60,2.750000
RH,64,4.250000,P1,1,64,2.750000
RH,62,4.375000,P1,1,62,3.000000
RH,65,4.375000,P1,1,65,3.000000
RH,60,4.750000,P1,1,60,3.500000
RH,64,4.750000,P1,1,64,3.500000
LH,43,5.250000,P1,5,43,4.000000
LH,55,5.250000,P1,5,55,4.000000
LH,59,5.250000,P1,1,59,4.000000
RH,62,5.250000,P1,1,62,4.000000
LH,59,6.000000,P1,1,59,5.000000
RH,67,6.000000,P1,1,67,5.000000
LH,43,6.125000,P1,5,43,5.000000
LH,55,6.125000,P1,5,55,5.000000
LH,43,8.750000,P1,5,43,8.000000
LH,59,8.750000,P1,5,59,8.000000
RH,62,8.750000,P1,1,62,8.000000
RH,65,8.750000,P1,1,65,8.000000
RH,61,10.500000,P1,1,61,10.000000
RH,64,10.500000,P1,1,64,10.000000
RH,62,10.666667,P1,1,62,10.250000
RH,65,10.666667,P1,1,65,10.250000
RH,61,10.750000,P1,1,61,10.500000
RH,64,10.875000,P1,1,64,10.500000
RH,62,11.000000,P1,1,62,10.750000
RH,65,11.000000,P1,1,65,10.750000
RH,64,11.125000,P1,1,64,11.000000
RH,67,11.125000,P1,1,67,11.000000
RH,62,11.500000,P1,1,62,11.500000
RH,65,11.500000,P1,1,65,11.500000
LH,48,11.875000,P1,5,48,12.000000
LH,55,11.875000,P1,5,55,12.000000
RH,60,11.875000,P1,1,60,12.000000
RH,64,11.875000,P1,1,64,12.000000
LH,48,12.875000,P1,5,48,13.000000
LH,55,12.875000,P1,5,55,13.000000
RH,64,12.875000,P1,1,64,13.000000
RH,72,12.875000,P1,1,72,13.000000
RH,72,15.625000,P1,1,72,16.000000
LH,55,15.666667,P1,5,55,16.000000
RH,64,15.666667,P1,2,64,16.000000
LH,48,16.500000,P1,6,48,17.000000
LH,50,17.250000,P1,6,50,18.000000
RH,65,17.250000,P1,2,65,18.000000
RH,71,17.250000,P1,1,71,18.000000
RH,72,17.375000,P1,1,72,18.250000
RH,71,17.625000,P1,1,71,18.500000
RH,72,17.750000,P1,1,72,18.750000
LH,43,17.875000,P1,6,43,19.000000
RH,74,17.875000,P1,1,74,19.000000
RH,71,18.333333,P1,1,71,19.500000
RH,67,18.750000,P1,1,67,20.000000
RH,64,19.625000,P1,2,64,21.000000
RH,72,19.625000,P1,1,72,21.000000
LH,48,19.666667,P1,6,48,21.000000
LH,55,19.666667,P1,5,55,21.000000
LH,50,20.500000,P1,6,50,22.000000
RH,65,20.500000,P1,2,65,22.000000
RH,71,20.500000,P1,1,71,22.000000
RH,72,20.625000,P1,1,72,22.250000
RH,71,20.750000,P1,1,71,22.500000
RH,72,20.875000,P1,1,72,22.750000
LH,43,21.125000,P1,6,43,23.000000
RH,74,21.125000,P1,1,74,23.000000
RH,71,21.500000,P1,1,71,23.500000
LH,52,22.000000,P1,6,52,24.000000
RH,67,22.000000,P1,1,67,24.000000
RH,72,22.750000,P1,1,72,25.000000
LH,48,22.875000,P1,6,48,25.000000
LH,53,23.666667,P1,6,53,26.000000
LH,57,23.666667,P1,5,57,26.000000
RH,60,23.666667,P1,2,60,26.000000
LH,50,24.500000,P1,6,50,27.000000
RH,69,24.500000,P1,1,69,27.000000
LH,59,25.333333,P1,2,59,28.000000
RH,62,25.333333,P1,1,62,28.000000
LH,55,25.375000,P1,5,55,28.000000
LH,43,26.125000,P1,5,43,29.000000
RH,67,26.125000,P1,1,67,29.000000
LH,48,27.000000,P1,5,48,30.000000
RH,60,27.000000,P1,2,60,30.000000
RH,64,27.000000,P1,1,64,30.000000
LH,55,27.333333,P1,5,55,30.333333
LH,54,27.500000,P1,5,54,30.666667
LH,53,27.750000,P1,5,53,31.000000
LH,52,28.000000,P1,5,52,31.333333
LH,50,28.250000,P1,5,50,31.666667
LH,48,28.500000,P1,6,48,32.000000
LH,55,29.375000,P1,5,55,33.000000
RH,64,29.375000,P1,2,64,33.000000
RH,67,29.375000,P1,1,67,33.000000
LH,47,30.250000,P1,6,47,34.000000
RH,62,30.250000,P1,2,62,34.000000
LH,48,30.500000,P1,6,48,34.250000
LH,47,30.625000,P1,6,47,34.500000
LH,48,30.875000,P1,6,48,34.750000
LH,50,31.000000,P1,6,50,35.000000
RH,62,31.000000,P1,2,62,35.000000
RH,65,31.000000,P1,1,65,35.000000
LH,47,31.375000,P1,6,47,35.500000
LH,43,31.875000,P1,6,43,36.000000
LH,55,31.875000,P1,5,55,36.000000
RH,60,31.875000,P1,2,60,36.000000
RH,64,31.875000,P1,1,64,36.000000
LH,48,32.666667,P1,6,48,37.000000
LH,55,32.666667,P1,5,55,37.000000
RH,64,32.666667,P1,2,64,37.000000
RH,67,32.666667,P1,1,67,37.000000
LH,47,33.500000,P1,6,47,38.000000
RH,62,33.500000,P1,2,62,38.000000
LH,48,33.750000,P1,6,48,38.250000
LH,47,33.875000,P1,6,47,38.500000
LH,48,34.125000,P1,6,48,38.750000
LH,50,34.250000,P1,6,50,39.000000
RH,62,34.250000,P1,2,62,39.000000
LH,47,34.666667,P1,6,47,39.500000
LH,43,35.125000,P1,5,43,40.000000
LH,55,35.125000,P1,2,55,40.000000
RH,60,35.125000,P1,1,60,40.000000
RH,64,35.125000,P1,1,64,40.000000
LH,48,35.875000,P1,5,48,41.000000
LH,57,36.750000,P1,2,57,42.000000
RH,60,36.750000,P1,1,60,42.000000
RH,64,36.750000,P1,1,64,42.000000
RH,69,36.750000,P1,1,69,42.000000
LH,55,38.500000,P1,2,55,44.000000
RH,60,38.500000,P1,1,60,44.000000
RH,64,38.500000,P1,1,64,44.000000
RH,67,38.500000,P1,1,67,44.000000
LH,43,39.333333,P1,5,43,45.000000
LH,50,40.125000,P1,2,50,46.000000
LH,59,40.125000,P1,1,59,46.000000
LH,53,40.250000,P1,2,53,46.000000
LH,55,40.250000,P1,2,55,46.000000
LH,31,41.000000,P1,5,31,47.000000
LH,43,41.000000,P1,5,43,47.000000
LH,36,42.000000,P1,5,36,48.000000
LH,43,42.000000,P1,5,43,48.000000
LH,48,42.000000,P1,5,48,48.000000
RH,60,42.000000,P1,1,60,48.000000
LH,40,42.125000,P1,5,40,48.000000
RH,64,42.250000,P1,1,64,48.250000
RH,67,42.375000,P1,1,67,48.500000
RH,72,42.625000,P1,1,72,48.750000
RH,60,42.875000,P1,5,60,49.000000
RH,64,42.875000,P1,1,64,49.000000
RH,76,43.000000,P1,1,76,49.250000
RH,60,43.250000,P1,5,60,49.500000
RH,64,43.250000,P1,1,64,49.500000
RH,76,43.375000,P1,1,76,49.750000
RH,60,43.625000,P1,5,60,50.000000
RH,64,43.625000,P1,1,64,50.000000
RH,67,43.875000,P1,1,67,50.250000
RH,72,44.000000,P1,1,72,50.500000
RH,76,44.125000,P1,1,76,50.750000
RH,64,44.375000,P1,5,64,51.000000
RH,67,44.375000,P1,1,67,51.000000
RH,79,44.625000,P1,1,79,51.250000
RH,64,44.750000,P1,5,64,51.500000
RH,67,44.750000,P1,1,67,51.500000
RH,79,45.000000,P1,1,79,51.750000
RH,64,45.125000,P1,5,64,52.000000
RH,67,45.125000,P1,1,67,52.000000
RH,72,45.375000,P1,1,72,52.250000
RH,76,45.625000,P1,1,76,52.500000
RH,79,45.750000,P1,1,79,52.750000
RH,67,46.000000,P1,5,67,53.000000
RH,72,46.000000,P1,1,72,53.000000
RH,84,46.250000,P1,1,84,53.250000
RH,67,46.375000,P1,5,67,53.500000
RH,72,46.375000,P1,1,72,53.500000
RH,84,46.625000,P1,1,84,53.750000
RH,67,46.750000,P1,5,67,54.000000
RH,72,46.750000,P1,1,72,54.000000
RH,76,47.000000,P1,1,76,54.250000
RH,79,47.250000,P1,1,79,54.500000
RH,84,47.375000,P1,1,84,54.750000
RH,72,47.625000,P1,5,72,55.000000
RH,76,47.625000,P1,1,76,55.000000
RH,88,47.875000,P1,1,88,55.250000
RH,72,48.000000,P1,5,72,55.500000
RH,76,48.000000,P1,1,76,55.500000
RH,88,48.250000,P1,1,88,55.750000
RH,72,48.500000,P1,5,72,56.000000
RH,76,48.500000,P1,1,76,56.000000
RH,88,48.666667,P1,1,88,56.250000
RH,71,48.875000,P1,5,71,56.500000
RH,74,48.875000,P1,1,74,56.500000
RH,86,49.000000,P1,1,86,56.750000
RH,71,49.250000,P1,5,71,57.000000
RH,74,49.250000,P1,1,74,57.000000
RH,86,49.500000,P1,1,86,57.250000
RH,69,49.625000,P1,5,69,57.500000
RH,72,49.625000,P1,1,72,57.500000
RH,84,49.875000,P1,1,84,57.750000
RH,69,50.000000,P1,5,69,58.000000
RH,72,50.000000,P1,1,72,58.000000
RH,84,50.250000,P1,1,84,58.250000
RH,67,50.500000,P1,5,67,58.500000
RH,71,50.500000,P1,1,71,58.500000
RH,83,50.625000,P1,1,83,58.750000
RH,67,50.875000,P1,5,67,59.000000
RH,71,50.875000,P1,1,71,59.000000
RH,83,51.000000,P1,1,83,59.250000
RH,65,51.250000,P1,5,65,59.500000
RH,69,51.250000,P1,1,69,59.500000
RH,81,51.500000,P1,1,81,59.750000
RH,65,51.666667,P1,5,65,60.000000
RH,69,51.666667,P1,1,69,60.000000
RH,81,51.875000,P1,1,81,60.250000
RH,64,52.000000,P1,5,64,60.500000
RH,67,52.000000,P1,1,67,60.500000
RH,79,52.250000,P1,1,79,60.750000
RH,64,52.375000,P1,5,64,61.000000
RH,67,52.375000,P1,1,67,61.000000
RH,79,52.625000,P1,1,79,61.250000
RH,62,52.875000,P1,5,62,61.500000
RH,65,52.875000,P1,1,65,61.500000
RH,77,53.000000,P1,1,77,61.750000
RH,62,53.250000,P1,5,62,62.000000
RH,65,53.250000,P1,1,65,62.000000
RH,77,53.375000,P1,1,77,62.250000
RH,60,53.625000,P1,5,60,62.500000
RH,64,53.625000,P1,1,64,62.500000
RH,76,53.750000,P1,1,76,62.750000
RH,60,54.000000,P1,5,60,63.000000
RH,64,54.000000,P1,1,64,63.000000
RH,76,54.125000,P1,1,76,63.250000
LH,59,54.333333,P1,5,59,63.500000
RH,62,54.333333,P1,1,62,63.500000
RH,74,54.500000,P1,1,74,63.750000
LH,36,54.875000,P1,5,36,64.000000
LH,43,54.875000,P1,5,43,64.000000
LH,48,54.875000,P1,5,48,64.000000
RH,60,54.875000,P1,1,60,64.000000
LH,40,55.000000,P1,5,40,64.000000
RH,64,55.125000,P1,1,64,64.250000
RH,67,55.333333,P1,1,67,64.500000
RH,72,55.500000,P1,1,72,64.750000
RH,60,55.750000,P1,5,60,65.000000
RH,64,55.750000,P1,1,64,65.000000
RH,76,55.875000,P1,1,76,65.250000
RH,60,56.125000,P1,5,60,65.500000
RH,64,56.125000,P1,1,64,65.500000
RH,76,56.333333,P1,1,76,65.750000
RH,60,56.500000,P1,5,60,66.000000
RH,64,56.500000,P1,1,64,66.000000
RH,67,56.750000,P1,1,67,66.250000
RH,72,57.000000,P1,1,72,66.500000
RH,76,57.125000,P1,1,76,66.750000
RH,64,57.375000,P1,5,64,67.000000
RH,67,57.375000,P1,1,67,67.000000
RH,79,57.625000,P1,1,79,67.250000
RH,64,57.750000,P1,5,64,67.500000
RH,67,57.750000,P1,1,67,67.500000
RH,79,58.000000,P1,1,79,67.750000
RH,64,58.250000,P1,5,64,68.000000
RH,67,58.250000,P1,1,67,68.000000
RH,72,58.500000,P1,1,72,68.250000
RH,76,58.625000,P1,1,76,68.500000
RH,79,58.875000,P1,1,79,68.750000
RH,67,59.125000,P1,5,67,69.000000
RH,72,59.125000,P1,1,72,69.000000
RH,84,59.250000,P1,1,84,69.250000
RH,67,59.500000,P1,5,67,69.500000
RH,72,59.500000,P1,1,72,69.500000
RH,84,59.666667,P1,1,84,69.750000
RH,67,59.875000,P1,5,67,70.000000
RH,72,59.875000,P1,1,72,70.000000
RH,76,60.125000,P1,1,76,70.250000
RH,79,60.250000,P1,1,79,70.500000
RH,84,60.500000,P1,1,84,70.750000
RH,72,60.750000,P1,5,72,71.000000
RH,76,60.750000,P1,1,76,71.000000
RH,72,61.125000,P1,5,72,71.500000
RH,76,61.125000,P1,1,76,71.500000
RH,88,61.333333,P1,1,88,71.750000
RH,72,61.500000,P1,5,72,72.000000
RH,76,61.500000,P1,1,76,72.000000
RH,88,61.750000,P1,1,88,72.250000
RH,71,61.875000,P1,5,71,72.500000
RH,74,61.875000,P1,1,74,72.500000
RH,86,62.125000,P1,1,86,72.750000
RH,68,62.250000,P1,5,68,73.000000
RH,74,62.250000,P1,1,74,73.000000
RH,86,62.500000,P1,1,86,73.250000
RH,69,62.625000,P1,5,69,73.500000
RH,72,62.625000,P1,1,72,73.500000
RH,84,62.875000,P1,1,84,73.750000
RH,64,63.000000,P1,5,64,74.000000
RH,71,63.000000,P1,1,71,74.000000
RH,83,63.250000,P1,1,83,74.250000
RH,65,63.375000,P1,5,65,74.500000
RH,69,63.375000,P1,1,69,74.500000
RH,81,63.625000,P1,1,81,74.750000
LH,59,63.750000,P1,5,59,75.000000
RH,69,63.750000,P1,1,69,75.000000
RH,81,64.000000,P1,1,81,75.250000
RH,61,64.250000,P1,5,61,75.500000
RH,67,64.250000,P1,1,67,75.500000
RH,79,64.375000,P1,1,79,75.750000
RH,62,64.625000,P1,5,62,76.000000
RH,67,64.625000,P1,1,67,76.000000
RH,79,64.875000,P1,1,79,76.250000
LH,50,65.000000,P1,5,50,76.500000
RH,65,65.000000,P1,1,65,76.500000
RH,77,65.250000,P1,1,77,76.750000
RH,65,65.375000,P1,1,65,77.000000
RH,77,65.625000,P1,1,77,77.250000
LH,52,65.750000,P1,5,52,77.500000
RH,64,65.750000,P1,1,64,77.500000
RH,76,66.000000,P1,1,76,77.750000
LH,53,66.125000,P1,5,53,78.000000
RH,64,66.125000,P1,1,64,78.000000
RH,76,66.375000,P1,1,76,78.250000
RH,62,66.625000,P1,1,62,78.500000
RH,74,66.750000,P1,1,74,78.750000
LH,54,67.000000,P1,5,54,79.000000
RH,62,67.000000,P1,1,62,79.000000
RH,74,67.125000,P1,1,74,79.250000
RH,60,67.333333,P1,1,60,79.500000
RH,72,67.500000,P1,1,72,79.750000
LH,43,67.750000,P1,5,43,80.000000
LH,59,67.750000,P1,1,59,80.000000
RH,71,67.875000,P1,1,71,80.000000
LH,55,68.000000,P1,5,55,80.250000
LH,54,68.250000,P1,5,54,80.500000
LH,55,68.375000,P1,5,55,80.750000
LH,57,68.625000,P1,5,57,81.000000
LH,55,68.750000,P1,5,55,81.250000
LH,54,69.000000,P1,5,54,81.500000
LH,55,69.125000,P1,5,55,81.750000
LH,53,69.375000,P1,5,53,82.000000
LH,55,69.500000,P1,5,55,82.250000
LH,50,69.750000,P1,5,50,82.500000
LH,55,70.000000,P1,5,55,82.750000
LH,53,70.125000,P1,5,53,83.000000
RH,83,70.125000,P1,1,83,83.000000
RH,84,70.250000,P1,2,84,83.000000
LH,55,70.333333,P1,5,55,83.250000
RH,83,70.375000,P1,2,83,83.375000
LH,50,70.500000,P1,5,50,83.500000
RH,81,70.500000,P1,1,81,83.750000
LH,55,70.750000,P1,5,55,83.750000
RH,83,70.750000,P1,1,83,83.875000
LH,52,70.875000,P1,5,52,84.000000
RH,84,70.875000,P1,1,84,84.000000
LH,55,71.125000,P1,5,55,84.250000
LH,48,71.250000,P1,5,48,84.500000
LH,55,71.500000,P1,5,55,84.750000
LH,52,71.625000,P1,5,52,85.000000
LH,55,71.875000,P1,5,55,85.250000
LH,48,72.000000,P1,5,48,85.500000
RH,84,72.000000,P1,1,84,85.500000
RH,83,72.125000,P1,1,83,85.625000
LH,55,72.250000,P1,5,55,85.750000
RH,81,72.250000,P1,1,81,85.750000
RH,79,72.333333,P1,1,79,85.875000
LH,47,72.375000,P1,5,47,86.000000
RH,77,72.500000,P1,1,77,86.000000
LH,55,72.625000,P1,5,55,86.250000
LH,54,72.875000,P1,5,54,86.500000
RH,74,72.875000,P1,1,74,86.500000
RH,77,72.875000,P1,1,77,86.500000
LH,55,73.000000,P1,5,55,86.750000
LH,48,73.250000,P1,5,48,87.000000
RH,72,73.250000,P1,1,72,87.000000
RH,76,73.250000,P1,1,76,87.000000
LH,55,73.500000,P1,5,55,87.250000
LH,54,73.666667,P1,5,54,87.500000
RH,72,73.666667,P1,1,72,87.500000
RH,76,73.666667,P1,1,76,87.500000
LH,55,73.875000,P1,5,55,87.750000
LH,43,74.125000,P1,5,43,88.000000
RH,71,74.125000,P1,1,71,88.000000
RH,74,74.125000,P1,1,74,88.000000
LH,55,74.375000,P1,5,55,88.250000
LH,54,74.500000,P1,5,54,88.500000
LH,55,74.750000,P1,5,55,88.750000
LH,57,74.875000,P1,5,57,89.000000
LH,55,75.125000,P1,5,55,89.250000
LH,54,75.333333,P1,5,54,89.500000
LH,55,75.500000,P1,5,55,89.750000
LH,53,75.750000,P1,5,53,90.000000
LH,55,75.875000,P1,5,55,90.250000
LH,50,76.125000,P1,5,50,90.500000
LH,55,76.333333,P1,5,55,90.750000
LH,53,76.500000,P1,5,53,91.000000
RH,83,76.500000,P1,1,83,91.000000
RH,86,76.500000,P1,1,86,91.000000
RH,88,76.625000,P1,2,88,91.000000
LH,55,76.666667,P1,5,55,91.250000
RH,86,76.750000,P1,2,86,91.125000
LH,50,76.875000,P1,5,50,91.500000
LH,55,77.125000,P1,5,55,91.750000
RH,86,77.125000,P1,2,86,91.625000
RH,88,77.250000,P1,2,88,91.500000
LH,48,78.000000,P1,5,48,92.500000
LH,55,78.250000,P1,5,55,92.750000
LH,52,78.500000,P1,5,52,93.000000
LH,47,78.875000,P1,5,47,94.000000
RH,77,78.875000,P1,1,77,94.000000
LH,55,79.125000,P1,5,55,94.250000
RH,74,79.250000,P1,1,74,94.500000
RH,77,79.250000,P1,1,77,94.500000
LH,48,79.625000,P1,5,48,95.000000
RH,72,79.625000,P1,1,72,95.000000
RH,76,79.625000,P1,1,76,95.000000
LH,55,79.875000,P1,5,55,95.250000
LH,54,80.000000,P1,5,54,95.500000
RH,72,80.000000,P1,1,72,95.500000
RH,76,80.000000,P1,1,76,95.500000
LH,55,80.250000,P1,5,55,95.750000
LH,43,80.500000,P1,5,43,96.000000
RH,71,80.500000,P1,1,71,96.000000
RH,74,80.500000,P1,1,74,96.000000
RH,79,80.750000,P1,1,79,96.250000
RH,78,80.875000,P1,1,78,96.500000
RH,76,81.125000,P1,1,76,96.750000
RH,74,81.333333,P1,1,74,97.000000
RH,72,81.500000,P1,1,72,97.250000
RH,71,81.666667,P1,1,71,97.500000
RH,69,81.875000,P1,1,69,97.750000
RH,67,82.125000,P1,1,67,98.000000
LH,55,82.250000,P1,5,55,98.250000
RH,67,82.250000,P1,1,67,98.250000
LH,54,82.500000,P1,5,54,98.500000
RH,66,82.500000,P1,1,66,98.500000
LH,52,82.625000,P1,5,52,98.750000
RH,64,82.625000,P1,1,64,98.750000
LH,50,82.875000,P1,5,50,99.000000
RH,62,82.875000,P1,1,62,99.000000
LH,48,83.000000,P1,5,48,99.250000
RH,60,83.000000,P1,1,60,99.250000
LH,47,83.250000,P1,5,47,99.500000
LH,59,83.250000,P1,1,59,99.500000
LH,45,83.375000,P1,5,45,99.750000
LH,57,83.375000,P1,1,57,99.750000
LH,43,83.666667,P1,5,43,100.000000
LH,55,83.666667,P1,1,55,100.000000
LH,55,87.375000,P1,5,55,104.000000
LH,58,87.875000,P1,5,58,104.500000
RH,74,88.000000,P1,2,74,104.875000
RH,62,88.125000,P1,5,62,105.000000
RH,76,88.125000,P1,1,76,105.000000
LH,58,88.625000,P1,5,58,105.500000
RH,78,88.625000,P1,1,78,105.500000
RH,62,89.000000,P1,5,62,106.000000
RH,79,89.000000,P1,1,79,106.000000
LH,58,89.333333,P1,5,58,106.500000
RH,81,89.333333,P1,1,81,106.500000
LH,55,89.750000,P1,5,55,107.000000
RH,82,89.750000,P1,1,82,107.000000
LH,58,90.125000,P1,5,58,107.500000
RH,74,90.125000,P1,1,74,107.500000
LH,55,90.500000,P1,5,55,108.000000
LH,57,90.875000,P1,5,57,108.500000
RH,73,90.875000,P1,1,73,108.500000
RH,64,91.333333,P1,5,64,109.000000
RH,73,91.333333,P1,1,73,109.000000
RH,73,91.666667,P1,1,73,109.500000
LH,57,91.750000,P1,5,57,109.500000
RH,64,92.125000,P1,5,64,110.000000
RH,73,92.125000,P1,1,73,110.000000
LH,57,92.500000,P1,5,57,110.500000
LH,55,93.000000,P1,5,55,111.000000
LH,57,93.333333,P1,5,57,111.500000
LH,54,93.750000,P1,5,54,112.000000
RH,72,93.750000,P1,1,72,112.000000
LH,57,94.250000,P1,5,57,112.500000
RH,78,94.250000,P1,1,78,112.500000
RH,62,94.625000,P1,5,62,113.000000
RH,81,94.625000,P1,1,81,113.000000
LH,57,95.000000,P1,5,57,113.500000
RH,78,95.000000,P1,1,78,113.500000
RH,62,95.375000,P1,5,62,114.000000
RH,84,95.375000,P1,1,84,114.000000
LH,57,95.750000,P1,5,57,114.500000
RH,81,95.750000,P1,1,81,114.500000
LH,54,96.125000,P1,5,54,115.000000
RH,78,96.125000,P1,1,78,115.000000
LH,57,96.500000,P1,5,57,115.500000
RH,72,96.500000,P1,1,72,115.500000
LH,53,97.000000,P1,5,53,116.000000
RH,71,97.000000,P1,1,71,116.000000
LH,55,97.375000,P1,5,55,116.500000
RH,80,97.375000,P1,1,80,116.500000
RH,62,97.750000,P1,5,62,117.000000
RH,79,97.750000,P1,1,79,117.000000
LH,55,98.125000,P1,5,55,117.500000
RH,77,98.125000,P1,1,77,117.500000
RH,75,98.500000,P1,1,75,118.000000
RH,62,98.625000,P1,5,62,118.000000
LH,55,98.875000,P1,5,55,118.500000
RH,74,98.875000,P1,1,74,118.500000
RH,72,99.250000,P1,1,72,119.000000
LH,53,99.375000,P1,5,53,119.000000
LH,55,99.666667,P1,5,55,119.500000
RH,71,99.666667,P1,1,71,119.500000
LH,51,100.125000,P1,5,51,120.000000
RH,74,100.125000,P1,1,74,120.000000
LH,55,100.500000,P1,5,55,120.500000
RH,72,100.875000,P1,1,72,121.000000
RH,60,101.000000,P1,5,60,121.000000
LH,55,101.333333,P1,5,55,121.500000
LH,50,101.750000,P1,5,50,122.000000
LH,55,102.125000,P1,5,55,122.500000
LH,58,102.500000,P1,5,58,123.000000
RH,70,102.500000,P1,1,70,123.000000
LH,55,103.000000,P1,5,55,123.500000
LH,49,103.375000,P1,5,49,124.000000
LH,52,103.750000,P1,5,52,124.500000
LH,57,104.125000,P1,5,57,125.000000
RH,69,104.125000,P1,1,69,125.000000
LH,52,104.500000,P1,5,52,125.500000
LH,57,104.875000,P1,5,57,126.000000
LH,52,105.333333,P1,5,52,126.500000
LH,49,105.750000,P1,5,49,127.000000
RH,79,105.750000,P1,1,79,127.000000
LH,52,106.125000,P1,5,52,127.500000
LH,50,106.625000,P1,5,50,128.000000
RH,77,106.625000,P1,1,77,128.000000
LH,53,107.125000,P1,5,53,128.500000
RH,81,107.125000,P1,1,81,128.500000
LH,57,107.500000,P1,5,57,129.000000
RH,83,107.500000,P1,1,83,129.000000
LH,53,107.875000,P1,5,53,129.500000
RH,85,107.875000,P1,1,85,129.500000
LH,57,108.250000,P1,5,57,130.000000
RH,86,108.250000,P1,1,86,130.000000
LH,53,108.666667,P1,5,53,130.500000
RH,88,108.666667,P1,1,88,130.500000
LH,50,109.000000,P1,5,50,131.000000
RH,89,109.000000,P1,1,89,131.000000
RH,81,109.375000,P1,1,81,131.500000
LH,53,109.500000,P1,5,53,131.500000
LH,50,109.875000,P1,5,50,132.000000
LH,52,110.250000,P1,5,52,132.500000
RH,80,110.250000,P1,1,80,132.500000
LH,59,110.666667,P1,5,59,133.000000
RH,80,110.666667,P1,1,80,133.000000
LH,52,111.000000,P1,5,52,133.500000
RH,80,111.000000,P1,1,80,133.500000
LH,59,111.500000,P1,5,59,134.000000
RH,80,111.500000,P1,1,80,134.000000
LH,52,111.875000,P1,5,52,134.500000
LH,50,112.333333,P1,5,50,135.000000
LH,52,112.666667,P1,5,52,135.500000
LH,49,113.125000,P1,5,49,136.000000
RH,79,113.125000,P1,1,79,136.000000
LH,52,113.500000,P1,5,52,136.500000
RH,81,113.500000,P1,1,81,136.500000
LH,57,113.875000,P1,5,57,137.000000
RH,85,113.875000,P1,1,85,137.000000
LH,52,114.333333,P1,5,52,137.500000
RH,81,114.333333,P1,1,81,137.500000
LH,57,114.666667,P1,5,57,138.000000
RH,88,114.750000,P1,1,88,138.000000
LH,52,115.125000,P1,5,52,138.500000
RH,85,115.125000,P1,1,85,138.500000
LH,49,115.500000,P1,5,49,139.000000
RH,81,115.500000,P1,1,81,139.000000
RH,79,115.875000,P1,1,79,139.500000
LH,52,116.000000,P1,5,52,139.500000
LH,48,116.333333,P1,5,48,140.000000
RH,78,116.333333,P1,1,78,140.000000
LH,50,116.750000,P1,5,50,140.500000
RH,87,116.750000,P1,1,87,140.500000
LH,57,117.125000,P1,5,57,141.000000
RH,86,117.125000,P1,1,86,141.000000
LH,50,117.500000,P1,5,50,141.500000
RH,84,117.500000,P1,1,84,141.500000
LH,57,117.875000,P1,5,57,142.000000
RH,82,117.875000,P1,1,82,142.000000
LH,50,118.250000,P1,5,50,142.500000
RH,81,118.250000,P1,1,81,142.500000
RH,79,118.666667,P1,1,79,143.000000
LH,48,118.750000,P1,5,48,143.000000
LH,50,119.125000,P1,5,50,143.500000
LH,46,119.500000,P1,5,46,144.000000
RH,81,119.500000,P1,1,81,144.000000
LH,50,119.875000,P1,5,50,144.500000
LH,55,120.333333,P1,5,55,145.000000
RH,79,120.333333,P1,1,79,145.000000
LH,50,120.666667,P1,5,50,145.500000
LH,45,121.125000,P1,5,45,146.000000
LH,50,121.500000,P1,5,50,146.500000
LH,53,121.875000,P1,5,53,147.000000
RH,77,121.875000,P1,1,77,147.000000
LH,50,122.333333,P1,5,50,147.500000
LH,44,122.750000,P1,5,44,148.000000
LH,47,123.125000,P1,5,47,148.500000
LH,52,123.500000,P1,5,52,149.000000
RH,76,123.500000,P1,1,76,149.000000
LH,56,123.875000,P1,5,56,149.500000
LH,59,124.333333,P1,5,59,150.000000
LH,56,124.666667,P1,5,56,150.500000
LH,52,125.125000,P1,5,52,151.000000
RH,86,125.125000,P1,1,86,151.000000
LH,56,125.500000,P1,5,56,151.500000
LH,57,126.000000,P1,5,57,152.000000
RH,84,126.000000,P1,1,84,152.000000
RH,60,126.333333,P1,5,60,152.500000
RH,64,126.333333,P1,5,64,152.500000
RH,60,126.750000,P1,5,60,153.000000
RH,64,126.750000,P1,5,64,153.000000
RH,81,126.750000,P1,1,81,153.000000
RH,79,127.000000,P1,1,79,153.250000
RH,60,127.125000,P1,5,60,153.500000
RH,64,127.125000,P1,5,64,153.500000
RH,77,127.125000,P1,1,77,153.500000
RH,76,127.375000,P1,1,76,153.750000
RH,60,127.500000,P1,5,60,154.000000
RH,64,127.500000,P1,5,64,154.000000
RH,74,127.500000,P1,1,74,154.000000
RH,72,127.750000,P1,1,72,154.250000
RH,60,127.875000,P1,5,60,154.500000
RH,64,127.875000,P1,5,64,154.500000
RH,71,127.875000,P1,1,71,154.500000
RH,69,128.000000,P1,1,69,154.750000
RH,62,128.250000,P1,5,62,155.000000
RH,64,128.250000,P1,5,64,155.000000
RH,68,128.250000,P1,1,68,155.000000
RH,69,128.500000,P1,1,69,155.250000
RH,62,128.625000,P1,5,62,155.500000
RH,64,128.625000,P1,5,64,155.500000
RH,71,128.625000,P1,1,71,155.500000
RH,68,128.750000,P1,1,68,155.750000
LH,57,129.000000,P1,5,57,156.000000
RH,69,129.000000,P1,1,69,156.000000
RH,60,129.375000,P1,5,60,156.500000
RH,64,129.375000,P1,5,64,156.500000
RH,60,129.750000,P1,5,60,157.000000
RH,64,129.750000,P1,5,64,157.000000
RH,60,130.125000,P1,5,60,157.500000
RH,64,130.125000,P1,5,64,157.500000
LH,50,130.625000,P1,5,50,158.000000
RH,66,130.625000,P1,1,66,158.000000
RH,69,130.625000,P1,1,69,158.000000
RH,78,130.625000,P1,1,78,158.000000
RH,60,131.000000,P1,5,60,158.500000
RH,62,131.000000,P1,5,62,158.500000
RH,60,131.500000,P1,5,60,159.000000
RH,62,131.500000,P1,5,62,159.000000
RH,60,131.875000,P1,5,60,159.500000
RH,62,131.875000,P1,5,62,159.500000
LH,55,132.250000,P1,5,55,160.000000
RH,67,132.250000,P1,1,67,160.000000
RH,70,132.250000,P1,1,70,160.000000
RH,79,132.250000,P1,1,79,160.000000
LH,58,132.666667,P1,5,58,160.500000
RH,62,132.666667,P1,5,62,160.500000
LH,58,133.125000,P1,5,58,161.000000
RH,62,133.125000,P1,5,62,161.000000
RH,79,133.125000,P1,1,79,161.000000
RH,77,133.250000,P1,1,77,161.250000
LH,58,133.500000,P1,5,58,161.500000
RH,62,133.500000,P1,5,62,161.500000
RH,75,133.500000,P1,1,75,161.500000
RH,74,133.666667,P1,1,74,161.750000
LH,58,133.875000,P1,5,58,162.000000
RH,62,133.875000,P1,5,62,162.000000
RH,72,133.875000,P1,1,72,162.000000
RH,70,134.000000,P1,1,70,162.250000
RH,69,134.125000,P1,1,69,162.500000
LH,58,134.250000,P1,5,58,162.500000
RH,62,134.250000,P1,5,62,162.500000
RH,67,134.375000,P1,1,67,162.750000
RH,62,134.500000,P1,5,62,163.000000
RH,66,134.500000,P1,1,66,163.000000
RH,67,134.750000,P1,1,67,163.250000
RH,62,134.875000,P1,5,62,163.500000
RH,69,134.875000,P1,1,69,163.500000
RH,66,135.125000,P1,1,66,163.750000
LH,55,135.250000,P1,5,55,164.000000
RH,67,135.250000,P1,1,67,164.000000
LH,58,135.750000,P1,5,58,164.500000
RH,62,135.750000,P1,5,62,164.500000
LH,58,136.125000,P1,5,58,165.000000
RH,62,136.125000,P1,5,62,165.000000
LH,58,136.500000,P1,5,58,165.500000
RH,62,136.500000,P1,5,62,165.500000
LH,51,137.000000,P1,5,51,166.000000
RH,73,137.000000,P1,1,73,166.000000
RH,79,137.000000,P1,1,79,166.000000
RH,85,137.000000,P1,1,85,166.000000
RH,63,137.375000,P1,5,63,166.500000
RH,63,137.750000,P1,5,63,167.000000
RH,63,138.125000,P1,5,63,167.500000
LH,50,138.625000,P1,5,50,168.000000
RH,62,138.625000,P1,5,62,168.000000
RH,74,138.625000,P1,1,74,168.000000
RH,78,138.625000,P1,1,78,168.000000
LH,54,139.000000,P1,5,54,168.500000
LH,57,139.000000,P1,5,57,168.500000
LH,54,139.500000,P1,5,54,169.000000
LH,57,139.500000,P1,5,57,169.000000
RH,86,139.500000,P1,1,86,169.000000
RH,85,139.625000,P1,1,85,169.250000
LH,54,139.875000,P1,5,54,169.500000
LH,57,139.875000,P1,5,57,169.500000
RH,83,139.875000,P1,1,83,169.500000
RH,81,140.000000,P1,1,81,169.750000
LH,54,140.250000,P1,5,54,170.000000
LH,57,140.250000,P1,5,57,170.000000
RH,79,140.250000,P1,1,79,170.000000
RH,78,140.375000,P1,1,78,170.250000
LH,54,140.625000,P1,5,54,170.500000
LH,57,140.625000,P1,5,57,170.500000
RH,76,140.625000,P1,1,76,170.500000
RH,74,140.750000,P1,1,74,170.750000
RH,64,140.875000,P1,5,64,171.000000
RH,73,140.875000,P1,1,73,171.000000
LH,50,141.000000,P1,5,50,171.000000
RH,74,141.125000,P1,1,74,171.250000
LH,55,141.333333,P1,5,55,171.500000
LH,57,141.333333,P1,5,57,171.500000
RH,76,141.333333,P1,1,76,171.500000
RH,73,141.500000,P1,1,73,171.750000
RH,62,141.666667,P1,5,62,172.000000
RH,74,141.666667,P1,1,74,172.000000
LH,50,141.750000,P1,5,50,172.000000
LH,54,142.125000,P1,5,54,172.500000
LH,57,142.125000,P1,5,57,172.500000
LH,54,142.500000,P1,5,54,173.000000
LH,57,142.500000,P1,5,57,173.000000
RH,74,142.500000,P1,1,74,173.000000
RH,73,142.750000,P1,1,73,173.250000
LH,57,142.875000,P1,5,57,173.500000
RH,71,142.875000,P1,1,71,173.500000
LH,54,143.000000,P1,5,54,173.500000
RH,69,143.125000,P1,1,69,173.750000
LH,54,143.333333,P1,5,54,174.000000
LH,57,143.333333,P1,5,57,174.000000
RH,67,143.333333,P1,1,67,174.000000
RH,66,143.500000,P1,1,66,174.250000
RH,64,143.625000,P1,1,64,174.500000
LH,54,143.666667,P1,5,54,174.500000
LH,57,143.666667,P1,5,57,174.500000
RH,62,143.875000,P1,1,62,174.750000
LH,50,144.000000,P1,5,50,175.000000
RH,61,144.000000,P1,1,61,175.000000
RH,62,144.250000,P1,1,62,175.250000
LH,55,144.375000,P1,5,55,175.500000
LH,57,144.375000,P1,5,57,175.500000
RH,64,144.375000,P1,1,64,175.500000
RH,61,144.500000,P1,1,61,175.750000
LH,57,144.750000,P1,5,57,176.000000
LH,50,144.875000,P1,5,50,176.000000
LH,54,144.875000,P1,5,54,176.000000
RH,64,145.125000,P1,2,64,176.500000
RH,62,145.333333,P1,2,62,176.666667
RH,61,145.375000,P1,2,61,176.833333
RH,67,146.625000,P1,2,67,178.500000
RH,64,146.875000,P1,2,64,178.833333
RH,66,147.125000,P1,1,66,179.000000
RH,71,148.125000,P1,2,71,180.500000
RH,68,148.375000,P1,2,68,180.833333
RH,74,150.000000,P1,1,74,182.000000
RH,72,150.750000,P1,1,72,182.500000
RH,71,151.250000,P1,1,71,183.000000
RH,69,151.625000,P1,1,69,183.500000
LH,43,152.125000,P1,5,43,184.000000
LH,50,152.125000,P1,5,50,184.000000
RH,67,152.125000,P1,1,67,184.000000
RH,62,152.625000,P1,1,62,184.500000
RH,61,153.000000,P1,1,61,185.000000
RH,62,153.375000,P1,1,62,185.500000
RH,67,153.875000,P1,1,67,186.000000
RH,62,154.250000,P1,1,62,186.500000
RH,71,154.625000,P1,1,71,187.000000
RH,62,155.000000,P1,1,62,187.500000
LH,47,155.375000,P1,6,47,188.000000
RH,74,155.500000,P1,1,74,188.000000
LH,50,155.875000,P1,5,50,188.500000
LH,49,156.333333,P1,5,49,189.000000
LH,50,156.666667,P1,5,50,189.500000
LH,55,157.125000,P1,5,55,190.000000
RH,71,157.125000,P1,1,71,190.000000
LH,50,157.500000,P1,5,50,190.500000
LH,59,157.875000,P1,5,59,191.000000
RH,67,157.875000,P1,1,67,191.000000
LH,50,158.250000,P1,5,50,191.500000
LH,48,158.750000,P1,6,48,192.000000
RH,60,158.750000,P1,5,60,192.000000
RH,66,158.750000,P1,1,66,192.000000
RH,62,159.250000,P1,1,62,192.500000
RH,61,159.625000,P1,1,61,193.000000
RH,62,160.000000,P1,1,62,193.500000
LH,57,160.375000,P1,5,57,194.000000
RH,66,160.375000,P1,1,66,194.000000
RH,62,160.750000,P1,1,62,194.500000
LH,54,161.125000,P1,5,54,195.000000
RH,69,161.125000,P1,1,69,195.000000
RH,62,161.500000,P1,1,62,195.500000
LH,45,162.000000,P1,6,45,196.000000
RH,72,162.000000,P1,1,72,196.000000
LH,50,162.500000,P1,5,50,196.500000
LH,49,162.875000,P1,5,49,197.000000
LH,50,163.250000,P1,5,50,197.500000
LH,54,163.625000,P1,5,54,198.000000
RH,69,163.625000,P1,1,69,198.000000
LH,50,164.000000,P1,5,50,198.500000
LH,57,164.375000,P1,5,57,199.000000
RH,66,164.375000,P1,1,66,199.000000
LH,50,164.750000,P1,5,50,199.500000
LH,47,165.250000,P1,5,47,200.000000
LH,59,165.250000,P1,5,59,200.000000
RH,67,165.250000,P1,1,67,200.000000
RH,62,165.666667,P1,1,62,200.500000
RH,61,166.125000,P1,1,61,201.000000
RH,62,166.375000,P1,1,62,201.500000
RH,67,166.875000,P1,1,67,202.000000
RH,62,167.250000,P1,1,62,202.500000
RH,71,167.625000,P1,1,71,203.000000
RH,67,168.000000,P1,1,67,203.500000
LH,43,168.375000,P1,5,43,204.000000
LH,52,168.375000,P1,5,52,204.000000
LH,55,168.375000,P1,5,55,204.000000
RH,74,168.375000,P1,1,74,204.000000
LH,50,168.500000,P1,5,50,204.000000
RH,71,168.750000,P1,1,71,204.500000
RH,79,169.250000,P1,1,79,205.000000
RH,74,169.666667,P1,1,74,205.500000
RH,83,170.375000,P1,1,83,206.000000
RH,81,171.000000,P1,1,81,206.500000
RH,79,171.500000,P1,1,79,207.000000
RH,78,171.875000,P1,1,78,207.500000
LH,52,172.250000,P1,5,52,208.000000
LH,55,172.250000,P1,5,55,208.000000
RH,76,172.250000,P1,1,76,208.000000
LH,45,172.333333,P1,5,45,208.000000
LH,49,172.333333,P1,5,49,208.000000
RH,74,172.625000,P1,1,74,208.500000
RH,73,173.000000,P1,1,73,209.000000
RH,71,173.375000,P1,1,71,209.500000
RH,69,173.750000,P1,1,69,210.000000
RH,67,174.250000,P1,1,67,210.500000
RH,66,174.500000,P1,1,66,211.000000
RH,64,175.000000,P1,1,64,211.500000
LH,50,175.375000,P1,5,50,212.000000
LH,54,175.375000,P1,5,54,212.000000
RH,62,175.375000,P1,1,62,212.000000
RH,61,175.750000,P1,1,61,212.500000
RH,62,176.125000,P1,1,62,213.000000
RH,64,176.500000,P1,1,64,213.500000
RH,62,176.875000,P1,1,62,214.000000
RH,60,177.333333,P1,1,60,214.500000
LH,59,177.750000,P1,1,59,215.000000
LH,57,178.125000,P1,1,57,215.500000
LH,43,178.500000,P1,5,43,216.000000
LH,55,178.666667,P1,1,55,216.000000
LH,50,179.000000,P1,5,50,216.500000
LH,49,179.500000,P1,5,49,217.000000
LH,50,179.750000,P1,5,50,217.500000
LH,55,180.250000,P1,5,55,218.000000
LH,50,180.625000,P1,5,50,218.500000
LH,59,181.000000,P1,5,59,219.000000
LH,50,181.333333,P1,5,50,219.500000
LH,47,181.750000,P1,6,47,220.000000
RH,62,181.750000,P1,5,62,220.000000
RH,74,182.250000,P1,1,74,220.500000
RH,73,182.666667,P1,1,73,221.000000
RH,74,183.000000,P1,1,74,221.500000
LH,59,183.375000,P1,5,59,222.000000
RH,79,183.375000,P1,1,79,222.000000
RH,74,183.750000,P1,1,74,222.500000
LH,55,184.125000,P1,5,55,223.000000
RH,83,184.125000,P1,1,83,223.000000
RH,74,184.625000,P1,1,74,223.500000
LH,45,185.000000,P1,6,45,224.000000
LH,54,185.000000,P1,5,54,224.000000
RH,84,185.000000,P1,1,84,224.000000
LH,50,185.375000,P1,5,50,224.500000
LH,49,185.750000,P1,5,49,225.000000
LH,50,186.125000,P1,5,50,225.500000
LH,54,186.625000,P1,5,54,226.000000
RH,81,186.625000,P1,1,81,226.000000
LH,50,187.000000,P1,5,50,226.500000
LH,57,187.375000,P1,5,57,227.000000
RH,78,187.375000,P1,1,78,227.000000
LH,50,187.750000,P1,5,50,227.500000
LH,48,188.250000,P1,6,48,228.000000
RH,60,188.250000,P1,5,60,228.000000
RH,74,188.500000,P1,1,74,228.500000
RH,73,189.000000,P1,1,73,229.000000
RH,74,189.333333,P1,1,74,229.500000
LH,57,189.750000,P1,5,57,230.000000
RH,78,189.750000,P1,1,78,230.000000
RH,74,190.125000,P1,1,74,230.500000
LH,54,190.500000,P1,5,54,231.000000
RH,81,190.500000,P1,1,81,231.000000
RH,74,190.875000,P1,1,74,231.500000
LH,47,191.333333,P1,5,47,232.000000
LH,50,191.333333,P1,5,50,232.000000
LH,55,191.333333,P1,5,55,232.000000
RH,83,191.333333,P1,1,83,232.000000
RH,79,191.666667,P1,1,79,232.500000
RH,78,192.125000,P1,1,78,233.000000
RH,79,192.500000,P1,1,79,233.500000
RH,83,192.875000,P1,1,83,234.000000
RH,79,193.250000,P1,1,79,234.500000
RH,86,193.625000,P1,1,86,235.000000
RH,83,193.875000,P1,1,83,235.500000
LH,50,194.125000,P1,5,50,236.000000
RH,83,194.125000,P1,2,83,235.875000
LH,53,194.250000,P1,5,53,236.000000
RH,86,194.875000,P1,1,86,236.500000
RH,83,195.333333,P1,1,83,237.000000
RH,79,195.666667,P1,1,79,237.500000
RH,77,196.000000,P1,1,77,238.000000
RH,74,196.500000,P1,1,74,238.500000
RH,71,196.875000,P1,1,71,239.000000
RH,65,197.250000,P1,1,65,239.500000
LH,48,197.875000,P1,5,48,240.000000
LH,55,197.875000,P1,5,55,240.000000
RH,60,197.875000,P1,5,60,240.000000
RH,64,197.875000,P1,1,64,240.000000
RH,67,198.125000,P1,1,67,240.250000
RH,72,198.333333,P1,1,72,240.500000
RH,76,198.500000,P1,1,76,240.750000
RH,60,198.750000,P1,5,60,241.000000
RH,64,198.750000,P1,5,64,241.000000
RH,67,198.750000,P1,1,67,241.000000
RH,79,199.000000,P1,1,79,241.250000
RH,60,199.125000,P1,5,60,241.500000
RH,64,199.125000,P1,5,64,241.500000
RH,67,199.125000,P1,1,67,241.500000
RH,79,199.333333,P1,1,79,241.750000
RH,60,199.500000,P1,5,60,242.000000
RH,64,199.500000,P1,5,64,242.000000
RH,67,199.500000,P1,1,67,242.000000
RH,72,199.750000,P1,1,72,242.250000
RH,76,200.000000,P1,1,76,242.500000
RH,79,200.125000,P1,1,79,242.750000
RH,64,200.333333,P1,5,64,243.000000
RH,67,200.333333,P1,5,67,243.000000
RH,72,200.333333,P1,1,72,243.000000
RH,84,200.500000,P1,1,84,243.250000
RH,64,200.750000,P1,5,64,243.500000
RH,67,200.750000,P1,5,67,243.500000
RH,72,200.750000,P1,1,72,243.500000
RH,84,201.000000,P1,1,84,243.750000
RH,64,201.125000,P1,5,64,244.000000
RH,67,201.125000,P1,5,67,244.000000
RH,72,201.125000,P1,1,72,244.000000
RH,76,201.333333,P1,1,76,244.250000
RH,79,201.500000,P1,1,79,244.500000
RH,84,201.750000,P1,1,84,244.750000
RH,67,202.000000,P1,5,67,245.000000
RH,72,202.000000,P1,5,72,245.000000
RH,76,202.000000,P1,1,76,245.000000
RH,88,202.125000,P1,1,88,245.250000
RH,67,202.375000,P1,5,67,245.500000
RH,72,202.375000,P1,5,72,245.500000
RH,76,202.375000,P1,1,76,245.500000
RH,88,202.625000,P1,1,88,245.750000
RH,67,202.750000,P1,5,67,246.000000
RH,72,202.750000,P1,5,72,246.000000
RH,76,202.750000,P1,1,76,246.000000
RH,88,203.000000,P1,1,88,246.250000
RH,84,203.125000,P1,1,84,246.500000
RH,79,203.375000,P1,1,79,246.750000
RH,76,203.625000,P1,1,76,247.000000
RH,72,203.750000,P1,1,72,247.250000
RH,67,203.875000,P1,1,67,247.500000
RH,64,204.125000,P1,1,64,247.750000
LH,48,204.333333,P1,5,48,248.000000
LH,57,204.333333,P1,5,57,248.000000
RH,60,204.333333,P1,5,60,248.000000
RH,66,204.333333,P1,1,66,248.000000
LH,54,204.375000,P1,5,54,248.000000
RH,69,204.500000,P1,1,69,248.250000
RH,74,204.750000,P1,1,74,248.500000
RH,78,205.000000,P1,1,78,248.750000
RH,60,205.125000,P1,5,60,249.000000
RH,66,205.125000,P1,5,66,249.000000
RH,69,205.125000,P1,1,69,249.000000
RH,81,205.375000,P1,1,81,249.250000
RH,60,205.500000,P1,5,60,249.500000
RH,66,205.500000,P1,5,66,249.500000
RH,69,205.500000,P1,1,69,249.500000
RH,81,205.750000,P1,1,81,249.750000
RH,60,206.000000,P1,5,60,250.000000
RH,66,206.000000,P1,5,66,250.000000
RH,69,206.000000,P1,1,69,250.000000
RH,74,206.125000,P1,1,74,250.250000
RH,78,206.375000,P1,1,78,250.500000
RH,81,206.500000,P1,1,81,250.750000
RH,66,206.750000,P1,5,66,251.000000
RH,72,206.750000,P1,5,72,251.000000
RH,74,206.750000,P1,1,74,251.000000
RH,86,207.000000,P1,1,86,251.250000
RH,66,207.250000,P1,5,66,251.500000
RH,72,207.250000,P1,5,72,251.500000
RH,74,207.250000,P1,1,74,251.500000
RH,86,207.375000,P1,1,86,251.750000
RH,66,207.625000,P1,5,66,252.000000
RH,72,207.625000,P1,5,72,252.000000
RH,74,207.625000,P1,1,74,252.000000
RH,78,207.750000,P1,1,78,252.250000
RH,81,208.000000,P1,1,81,252.500000
RH,86,208.250000,P1,1,86,252.750000
RH,60,208.500000,P1,5,60,253.000000
RH,66,208.500000,P1,5,66,253.000000
RH,69,208.500000,P1,1,69,253.000000
RH,81,208.625000,P1,1,81,253.250000
RH,60,208.875000,P1,5,60,253.500000
RH,66,208.875000,P1,5,66,253.500000
RH,69,208.875000,P1,1,69,253.500000
RH,81,209.000000,P1,1,81,253.750000
RH,60,209.250000,P1,5,60,254.000000
RH,66,209.250000,P1,5,66,254.000000
RH,69,209.250000,P1,1,69,254.000000
RH,81,209.500000,P1,1,81,254.250000
RH,78,209.625000,P1,1,78,254.500000
RH,74,209.875000,P1,1,74,254.750000
RH,69,210.000000,P1,1,69,255.000000
RH,66,210.250000,P1,1,66,255.250000
RH,62,210.375000,P1,1,62,255.500000
LH,57,210.625000,P1,1,57,255.750000
LH,47,210.750000,P1,5,47,256.000000
LH,50,210.750000,P1,5,50,256.000000
LH,55,210.750000,P1,5,55,256.000000
LH,59,210.750000,P1,1,59,256.000000
RH,62,211.000000,P1,1,62,256.250000
RH,67,211.250000,P1,1,67,256.500000
RH,71,211.375000,P1,1,71,256.750000
LH,55,211.625000,P1,5,55,257.000000
LH,59,211.625000,P1,5,59,257.000000
RH,62,211.625000,P1,1,62,257.000000
RH,74,211.875000,P1,1,74,257.250000
LH,55,212.000000,P1,5,55,257.500000
LH,59,212.000000,P1,5,59,257.500000
RH,62,212.000000,P1,1,62,257.500000
RH,74,212.250000,P1,1,74,257.750000
LH,55,212.500000,P1,5,55,258.000000
LH,59,212.500000,P1,5,59,258.000000
RH,62,212.500000,P1,1,62,258.000000
RH,67,212.666667,P1,1,67,258.250000
RH,71,212.875000,P1,1,71,258.500000
RH,74,213.000000,P1,1,74,258.750000
LH,59,213.333333,P1,5,59,259.000000
RH,62,213.333333,P1,5,62,259.000000
RH,67,213.333333,P1,1,67,259.000000
RH,79,213.500000,P1,1,79,259.250000
RH,62,213.666667,P1,5,62,259.500000
RH,67,213.666667,P1,1,67,259.500000
LH,59,213.750000,P1,5,59,259.500000
RH,79,213.875000,P1,1,79,259.750000
LH,59,214.125000,P1,5,59,260.000000
RH,62,214.125000,P1,5,62,260.000000
RH,67,214.125000,P1,1,67,260.000000
RH,71,214.333333,P1,1,71,260.250000
RH,74,214.500000,P1,1,74,260.500000
RH,79,214.750000,P1,1,79,260.750000
RH,62,215.000000,P1,5,62,261.000000
RH,67,215.000000,P1,5,67,261.000000
RH,71,215.000000,P1,1,71,261.000000
RH,83,215.125000,P1,1,83,261.250000
RH,62,215.375000,P1,5,62,261.500000
RH,67,215.375000,P1,5,67,261.500000
RH,71,215.375000,P1,1,71,261.500000
RH,83,215.625000,P1,1,83,261.750000
RH,62,215.750000,P1,5,62,262.000000
RH,67,215.750000,P1,5,67,262.000000
RH,71,215.750000,P1,1,71,262.000000
RH,74,216.000000,P1,1,74,262.250000
RH,79,216.250000,P1,1,79,262.500000
RH,83,216.375000,P1,1,83,262.750000
RH,67,216.625000,P1,5,67,263.000000
RH,71,216.625000,P1,5,71,263.000000
RH,74,216.625000,P1,1,74,263.000000
RH,86,216.875000,P1,1,86,263.250000
RH,67,217.000000,P1,5,67,263.500000
RH,71,217.000000,P1,5,71,263.500000
RH,74,217.000000,P1,1,74,263.500000
RH,86,217.250000,P1,1,86,263.750000
RH,67,217.500000,P1,5,67,264.000000
RH,71,217.500000,P1,5,71,264.000000
RH,74,217.500000,P1,1,74,264.000000
RH,86,217.666667,P1,1,86,264.250000
RH,70,217.875000,P1,5,70,264.500000
RH,73,217.875000,P1,1,73,264.500000
RH,85,218.125000,P1,1,85,264.750000
RH,72,218.333333,P1,5,72,265.000000
RH,76,218.333333,P1,1,76,265.000000
RH,88,218.500000,P1,1,88,265.250000
RH,71,218.666667,P1,5,71,265.500000
RH,74,218.666667,P1,1,74,265.500000
RH,86,218.875000,P1,1,86,265.750000
RH,67,219.125000,P1,5,67,266.000000
RH,71,219.125000,P1,5,71,266.000000
RH,74,219.125000,P1,1,74,266.000000
RH,86,219.333333,P1,1,86,266.250000
RH,70,219.500000,P1,5,70,266.500000
RH,73,219.500000,P1,1,73,266.500000
RH,85,219.750000,P1,1,85,266.750000
RH,72,219.875000,P1,5,72,267.000000
RH,76,219.875000,P1,1,76,267.000000
RH,88,220.125000,P1,1,88,267.250000
RH,71,220.333333,P1,5,71,267.500000
RH,74,220.333333,P1,1,74,267.500000
RH,86,220.500000,P1,1,86,267.750000
RH,67,220.666667,P1,5,67,268.000000
RH,71,220.666667,P1,5,71,268.000000
RH,74,220.666667,P1,1,74,268.000000
RH,86,220.875000,P1,1,86,268.250000
RH,70,221.125000,P1,5,70,268.500000
RH,73,221.125000,P1,1,73,268.500000
RH,85,221.333333,P1,1,85,268.750000
RH,72,221.500000,P1,5,72,269.000000
RH,76,221.500000,P1,1,76,269.000000
RH,88,221.750000,P1,1,88,269.250000
RH,71,221.875000,P1,5,71,269.500000
RH,74,221.875000,P1,1,74,269.500000
RH,86,222.125000,P1,1,86,269.750000
RH,67,222.333333,P1,5,67,270.000000
RH,71,222.333333,P1,5,71,270.000000
RH,74,222.333333,P1,1,74,270.000000
RH,86,222.500000,P1,1,86,270.250000
RH,70,222.750000,P1,5,70,270.500000
RH,73,222.750000,P1,1,73,270.500000
RH,85,223.000000,P1,1,85,270.750000
RH,72,223.125000,P1,5,72,271.000000
RH,76,223.125000,P1,1,76,271.000000
RH,88,223.333333,P1,1,88,271.250000
RH,71,223.500000,P1,5,71,271.500000
RH,74,223.500000,P1,1,74,271.500000
RH,86,223.750000,P1,1,86,271.750000
RH,74,223.875000,P1,1,74,272.000000
RH,86,223.875000,P1,1,86,272.000000
RH,71,224.333333,P1,5,71,272.500000
LH,59,224.375000,P1,5,59,272.500000
RH,72,224.750000,P1,1,72,273.000000
RH,78,224.750000,P1,1,78,273.000000
LH,57,225.125000,P1,5,57,273.500000
RH,69,225.125000,P1,5,69,273.500000
RH,71,225.625000,P1,1,71,274.000000
RH,83,225.625000,P1,1,83,274.000000
LH,55,226.000000,P1,5,55,274.500000
RH,67,226.000000,P1,5,67,274.500000
RH,69,226.375000,P1,1,69,275.000000
RH,74,226.375000,P1,1,74,275.000000
LH,54,226.750000,P1,5,54,275.500000
RH,66,226.750000,P1,5,66,275.500000
RH,67,227.250000,P1,1,67,276.000000
RH,79,227.250000,P1,1,79,276.000000
LH,52,227.666667,P1,5,52,276.500000
RH,64,227.666667,P1,5,64,276.500000
RH,66,228.000000,P1,1,66,277.000000
RH,71,228.000000,P1,1,71,277.000000
LH,50,228.500000,P1,5,50,277.500000
RH,62,228.500000,P1,5,62,277.500000
RH,64,228.875000,P1,1,64,278.000000
RH,76,228.875000,P1,1,76,278.000000
LH,48,229.333333,P1,5,48,278.500000
RH,60,229.333333,P1,5,60,278.500000
RH,62,229.666667,P1,1,62,279.000000
RH,67,229.666667,P1,1,67,279.000000
LH,47,230.125000,P1,5,47,279.500000
LH,59,230.125000,P1,5,59,279.500000
RH,60,230.500000,P1,1,60,280.000000
RH,72,230.500000,P1,1,72,280.000000
LH,45,230.875000,P1,5,45,280.500000
LH,57,230.875000,P1,5,57,280.500000
LH,59,231.333333,P1,1,59,281.000000
RH,64,231.333333,P1,1,64,281.000000
LH,43,231.750000,P1,5,43,281.500000
LH,55,231.750000,P1,5,55,281.500000
LH,57,232.125000,P1,1,57,282.000000
RH,69,232.125000,P1,1,69,282.000000
LH,42,232.500000,P1,5,42,282.500000
LH,54,232.500000,P1,5,54,282.500000
LH,55,233.000000,P1,1,55,283.000000
RH,61,233.000000,P1,1,61,283.000000
LH,40,233.375000,P1,5,40,283.500000
LH,52,233.375000,P1,5,52,283.500000
LH,54,233.750000,P1,1,54,284.000000
RH,62,233.750000,P1,1,62,284.000000
LH,38,234.125000,P1,5,38,284.500000
LH,50,234.125000,P1,5,50,284.500000
LH,54,234.625000,P1,1,54,285.000000
RH,62,234.625000,P1,1,62,285.000000
LH,36,235.000000,P1,5,36,285.500000
LH,48,235.000000,P1,5,48,285.500000
LH,52,235.500000,P1,1,52,286.000000
LH,55,235.500000,P1,1,55,286.000000
RH,62,235.500000,P1,1,62,286.000000
LH,35,235.875000,P1,5,35,286.500000
LH,47,235.875000,P1,5,47,286.500000
LH,54,236.250000,P1,1,54,287.000000
LH,57,236.250000,P1,1,57,287.000000
RH,62,236.250000,P1,1,62,287.000000
LH,33,236.666667,P1,5,33,287.500000
LH,45,236.666667,P1,5,45,287.500000
LH,55,237.125000,P1,1,55,288.000000
LH,59,237.125000,P1,1,59,288.000000
RH,62,237.125000,P1,1,62,288.000000
LH,31,238.000000,P1,5,31,289.000000
LH,43,238.000000,P1,5,43,289.000000
LH,55,239.000000,P1,1,55,290.000000
LH,59,239.250000,P1,1,59,290.333333
RH,62,239.500000,P1,1,62,290.666667
RH,67,239.750000,P1,1,67,291.000000
RH,71,239.875000,P1,1,71,291.250000
RH,74,240.125000,P1,1,74,291.500000
RH,79,240.250000,P1,1,79,291.750000
RH,67,240.375000,P1,1,67,292.000000
LH,39,241.250000,P1,5,39,293.000000
LH,51,241.250000,P1,5,51,293.000000
LH,55,242.125000,P1,1,55,294.000000
LH,59,242.375000,P1,1,59,294.333333
RH,63,242.625000,P1,1,63,294.666667
RH,67,242.875000,P1,1,67,295.000000
RH,71,243.000000,P1,1,71,295.250000
RH,75,243.250000,P1,1,75,295.500000
RH,79,243.375000,P1,1,79,295.750000
RH,67,243.500000,P1,1,67,296.000000
LH,40,244.375000,P1,5,40,297.000000
LH,52,244.375000,P1,5,52,297.000000
LH,55,245.333333,P1,1,55,298.000000
LH,59,245.625000,P1,1,59,298.333333
RH,64,245.875000,P1,1,64,298.666667
RH,67,246.125000,P1,1,67,299.000000
RH,71,246.250000,P1,1,71,299.250000
RH,76,246.375000,P1,1,76,299.500000
LH,36,246.875000,P1,5,36,300.000000
LH,48,246.875000,P1,5,48,300.000000
RH,60,246.875000,P1,1,60,300.000000
RH,72,246.875000,P1,1,72,300.000000
LH,38,248.625000,P1,5,38,302.000000
LH,50,248.625000,P1,5,50,302.000000
RH,62,248.625000,P1,1,62,302.000000
RH,74,248.625000,P1,1,74,302.000000
LH,43,250.375000,P1,5,43,304.000000
LH,55,250.375000,P1,1,55,304.000000
RH,67,250.375000,P1,1,67,304.000000
RH,60,250.625000,P1,1,60,306.000000
LH,48,252.375000,P1,5,48,307.000000
RH,60,252.375000,P1,1,60,307.000000
LH,48,253.250000,P1,5,48,308.000000
RH,60,253.250000,P1,1,60,308.000000
LH,50,254.000000,P1,6,50,308.250000
RH,62,254.000000,P1,2,62,308.250000
LH,48,254.125000,P1,5,48,308.750000
RH,60,254.125000,P1,1,60,308.750000
LH,48,254.375000,P1,5,48,308.750000
RH,60,254.375000,P1,1,60,308.750000
RH,60,254.666667,P1,1,60,308.750000
LH,45,254.750000,P1,5,45,309.000000
LH,57,254.750000,P1,1,57,309.000000
LH,57,256.125000,P1,5,57,310.000000
RH,60,256.125000,P1,1,60,310.000000
RH,66,256.125000,P1,1,66,310.000000
LH,50,256.250000,P1,5,50,310.000000
LH,43,257.875000,P1,5,43,312.000000
LH,59,257.875000,P1,1,59,312.000000
RH,67,257.875000,P1,1,67,312.000000
LH,55,258.000000,P1,5,55,312.000000
LH,48,259.625000,P1,5,48,314.000000
RH,60,259.625000,P1,1,60,314.000000
LH,48,260.375000,P1,5,48,315.000000
RH,60,260.375000,P1,1,60,315.000000
LH,50,261.125000,P1,6,50,316.000000
RH,62,261.125000,P1,2,62,316.000000
LH,48,261.250000,P1,6,48,316.125000
RH,60,261.250000,P1,2,60,316.125000
LH,50,261.500000,P1,6,50,316.250000
RH,62,261.500000,P1,2,62,316.250000
LH,48,261.625000,P1,5,48,316.750000
RH,60,261.625000,P1,1,60,316.750000
LH,45,261.875000,P1,5,45,317.000000
LH,57,261.875000,P1,1,57,317.000000
RH,60,261.875000,P1,1,60,316.750000
RH,60,263.333333,P1,5,60,318.000000
RH,69,263.333333,P1,1,69,318.000000
LH,50,263.375000,P1,5,50,318.000000
RH,66,263.375000,P1,1,66,318.000000
RH,71,265.000000,P1,1,71,320.000000
LH,55,265.125000,P1,5,55,320.000000
LH,59,265.125000,P1,5,59,320.000000
RH,67,265.125000,P1,1,67,320.000000
LH,48,266.875000,P1,5,48,322.000000
RH,60,266.875000,P1,1,60,322.000000
LH,48,267.666667,P1,5,48,323.000000
RH,60,267.666667,P1,1,60,323.000000
LH,50,268.500000,P1,6,50,324.000000
RH,62,268.500000,P1,2,62,324.000000
RH,60,268.625000,P1,2,60,324.125000
RH,62,268.750000,P1,2,62,324.250000
LH,50,268.875000,P1,6,50,324.250000
RH,60,268.875000,P1,2,60,324.375000
LH,48,269.000000,P1,5,48,324.750000
RH,60,269.125000,P1,1,60,324.750000
LH,45,269.250000,P1,5,45,325.000000
LH,57,269.250000,P1,1,57,325.000000
LH,55,270.125000,P1,6,55,326.000000
RH,67,270.125000,P1,2,67,326.000000
RH,66,270.250000,P1,2,66,326.125000
LH,55,270.375000,P1,6,55,326.250000
RH,67,270.375000,P1,2,67,326.250000
RH,66,270.500000,P1,2,66,326.375000
LH,54,270.625000,P1,5,54,326.750000
RH,64,270.625000,P1,1,64,326.500000
RH,66,270.750000,P1,1,66,326.750000
LH,50,270.875000,P1,5,50,327.000000
RH,62,270.875000,P1,1,62,327.000000
RH,60,271.666667,P1,6,60,328.000000
RH,72,271.666667,P1,2,72,328.000000
RH,71,271.875000,P1,2,71,328.125000
RH,60,272.000000,P1,6,60,328.250000
RH,72,272.000000,P1,2,72,328.250000
RH,71,272.125000,P1,1,71,328.750000
RH,69,272.250000,P1,1,69,328.500000
LH,57,272.375000,P1,5,57,328.750000
RH,71,272.375000,P1,1,71,328.750000
LH,55,272.500000,P1,5,55,329.000000
RH,67,272.500000,P1,1,67,329.000000
RH,65,273.375000,P1,6,65,330.000000
RH,77,273.375000,P1,2,77,330.000000
RH,76,273.500000,P1,2,76,330.125000
RH,77,273.625000,P1,2,77,330.250000
RH,65,273.750000,P1,6,65,330.250000
RH,76,273.750000,P1,2,76,330.375000
RH,75,273.875000,P1,1,75,330.500000
RH,64,274.000000,P1,5,64,330.750000
RH,76,274.000000,P1,1,76,330.750000
RH,61,274.125000,P1,5,61,331.000000
RH,73,274.125000,P1,1,73,331.000000
RH,62,275.125000,P1,5,62,332.000000
RH,74,275.125000,P1,1,74,332.000000
LH,38,276.750000,P1,5,38,334.000000
LH,45,276.750000,P1,5,45,334.000000
LH,50,276.750000,P1,5,50,334.000000
RH,69,276.750000,P1,1,69,334.000000
RH,78,276.750000,P1,1,78,334.000000
LH,42,276.875000,P1,5,42,334.000000
RH,72,276.875000,P1,1,72,334.000000
LH,43,278.625000,P1,5,43,336.000000
RH,67,278.625000,P1,1,67,336.000000
LH,55,278.666667,P1,5,55,336.250000
RH,79,278.666667,P1,1,79,336.250000
LH,42,279.000000,P1,5,42,336.500000
RH,66,279.000000,P1,1,66,336.500000
LH,54,279.250000,P1,5,54,336.750000
RH,78,279.250000,P1,1,78,336.750000
LH,43,279.375000,P1,5,43,337.000000
RH,67,279.375000,P1,1,67,337.000000
LH,55,279.625000,P1,5,55,337.250000
RH,79,279.625000,P1,1,79,337.250000
LH,45,279.750000,P1,5,45,337.500000
RH,69,279.750000,P1,1,69,337.500000
LH,57,280.000000,P1,5,57,337.750000
RH,81,280.000000,P1,1,81,337.750000
LH,47,280.125000,P1,5,47,338.000000
RH,71,280.125000,P1,1,71,338.000000
LH,59,280.375000,P1,5,59,338.250000
RH,83,280.375000,P1,1,83,338.250000
LH,48,280.500000,P1,5,48,338.500000
RH,72,280.500000,P1,1,72,338.500000
RH,60,280.750000,P1,5,60,338.750000
RH,84,280.750000,P1,1,84,338.750000
LH,49,281.000000,P1,5,49,339.000000
RH,73,281.000000,P1,1,73,339.000000
RH,61,281.125000,P1,5,61,339.250000
RH,85,281.125000,P1,1,85,339.250000
RH,74,281.333333,P1,1,74,339.500000
LH,50,281.375000,P1,5,50,339.500000
RH,86,281.500000,P1,1,86,339.750000
RH,62,281.625000,P1,5,62,339.750000
LH,52,281.750000,P1,5,52,340.000000
RH,76,281.750000,P1,1,76,340.000000
RH,64,281.875000,P1,5,64,340.250000
RH,88,281.875000,P1,1,88,340.250000
LH,50,282.125000,P1,5,50,340.500000
RH,74,282.125000,P1,1,74,340.500000
RH,62,282.333333,P1,5,62,340.750000
RH,86,282.333333,P1,1,86,340.750000
LH,48,282.500000,P1,5,48,341.000000
RH,72,282.500000,P1,1,72,341.000000
RH,60,282.666667,P1,5,60,341.250000
RH,84,282.666667,P1,1,84,341.250000
LH,47,282.875000,P1,5,47,341.500000
RH,71,282.875000,P1,1,71,341.500000
LH,59,283.125000,P1,5,59,341.750000
RH,83,283.125000,P1,1,83,341.750000
LH,45,283.333333,P1,5,45,342.000000
RH,69,283.333333,P1,1,69,342.000000
LH,57,283.500000,P1,5,57,342.250000
RH,81,283.500000,P1,1,81,342.250000
LH,47,283.666667,P1,5,47,342.500000
RH,71,283.666667,P1,1,71,342.500000
LH,59,283.875000,P1,5,59,342.750000
RH,83,283.875000,P1,1,83,342.750000
LH,48,284.125000,P1,5,48,343.000000
RH,72,284.125000,P1,1,72,343.000000
RH,60,284.250000,P1,5,60,343.250000
RH,84,284.250000,P1,1,84,343.250000
LH,45,284.500000,P1,5,45,343.500000
RH,69,284.500000,P1,1,69,343.500000
RH,81,284.666667,P1,1,81,343.750000
LH,57,284.750000,P1,5,57,343.750000
LH,43,284.875000,P1,5,43,344.000000
RH,67,284.875000,P1,1,67,344.000000
RH,79,285.000000,P1,1,79,344.250000
LH,55,285.125000,P1,5,55,344.250000
LH,42,285.250000,P1,5,42,344.500000
RH,66,285.250000,P1,1,66,344.500000
LH,54,285.375000,P1,5,54,344.750000
RH,78,285.375000,P1,1,78,344.750000
LH,40,285.625000,P1,5,40,345.000000
RH,64,285.625000,P1,1,64,345.000000
RH,76,285.750000,P1,1,76,345.250000
LH,52,285.875000,P1,5,52,345.250000
LH,38,286.000000,P1,5,38,345.500000
RH,62,286.000000,P1,1,62,345.500000
LH,50,286.250000,P1,5,50,345.750000
RH,74,286.250000,P1,1,74,345.750000
LH,36,286.375000,P1,5,36,346.000000
RH,60,286.375000,P1,1,60,346.000000
LH,48,286.625000,P1,5,48,346.250000
RH,72,286.625000,P1,1,72,346.250000
LH,35,286.750000,P1,5,35,346.500000
LH,59,286.750000,P1,1,59,346.500000
LH,47,287.000000,P1,5,47,346.750000
RH,71,287.000000,P1,1,71,346.750000
LH,33,287.250000,P1,5,33,347.000000
LH,57,287.250000,P1,1,57,347.000000
LH,45,287.375000,P1,5,45,347.250000
RH,69,287.375000,P1,1,69,347.250000
LH,31,287.625000,P1,5,31,347.500000
LH,55,287.625000,P1,1,55,347.500000
LH,43,287.750000,P1,5,43,347.750000
RH,67,287.750000,P1,1,67,347.750000
LH,42,288.000000,P1,5,42,348.000000
LH,54,288.000000,P1,1,54,348.000000
RH,66,288.125000,P1,1,66,348.250000
LH,40,288.375000,P1,5,40,348.500000
LH,52,288.375000,P1,1,52,348.500000
RH,64,288.500000,P1,1,64,348.750000
LH,38,288.750000,P1,5,38,349.000000
LH,50,288.750000,P1,1,50,349.000000
RH,62,289.000000,P1,1,62,349.250000
LH,37,289.125000,P1,5,37,349.500000
LH,49,289.125000,P1,1,49,349.500000
RH,61,289.375000,P1,1,61,349.750000
LH,38,289.500000,P1,5,38,350.000000
LH,50,289.500000,P1,1,50,350.000000
RH,62,289.750000,P1,1,62,350.250000
LH,36,290.000000,P1,5,36,350.500000
LH,48,290.000000,P1,1,48,350.500000
RH,60,290.125000,P1,1,60,350.750000
LH,35,290.333333,P1,5,35,351.000000
LH,47,290.333333,P1,1,47,351.000000
LH,59,290.500000,P1,1,59,351.250000
LH,33,290.750000,P1,5,33,351.500000
LH,45,290.750000,P1,1,45,351.500000
LH,57,290.875000,P1,1,57,351.750000
LH,31,291.125000,P1,5,31,352.000000
LH,43,291.125000,P1,5,43,352.000000
LH,55,291.125000,P1,1,55,352.000000
LH,38,292.875000,P1,5,38,354.000000
LH,42,292.875000,P1,5,42,354.000000
LH,45,292.875000,P1,5,45,354.000000
LH,50,292.875000,P1,5,50,354.000000
RH,66,292.875000,P1,1,66,354.000000
RH,69,292.875000,P1,1,69,354.000000
RH,78,292.875000,P1,1,78,354.000000
LH,43,294.666667,P1,5,43,356.000000
RH,67,294.666667,P1,1,67,356.000000
RH,71,294.666667,P1,1,71,356.000000
RH,79,294.666667,P1,1,79,356.000000
LH,31,294.750000,P1,5,31,356.000000
LH,35,294.750000,P1,5,35,356.000000
LH,38,294.750000,P1,5,38,356.000000
RH,74,294.875000,P1,1,74,356.000000
LH,50,297.125000,P1,5,50,358.000000
RH,62,297.125000,P1,1,62,358.000000
LH,50,298.000000,P1,5,50,359.000000
RH,62,298.000000,P1,1,62,359.000000
LH,52,298.666667,P1,6,52,360.000000
RH,64,298.666667,P1,2,64,360.000000
RH,62,298.875000,P1,2,62,360.125000
LH,52,299.000000,P1,6,52,360.250000
RH,64,299.000000,P1,2,64,360.250000
LH,50,299.125000,P1,5,50,360.750000
RH,61,299.125000,P1,1,61,360.500000
RH,62,299.125000,P1,1,62,360.750000
RH,62,299.333333,P1,1,62,360.750000
LH,47,299.500000,P1,5,47,361.000000
LH,59,299.500000,P1,1,59,361.000000
LH,55,300.666667,P1,5,55,362.000000
RH,71,300.666667,P1,1,71,362.000000
LH,53,300.750000,P1,5,53,362.000000
RH,62,300.750000,P1,1,62,362.000000
LH,51,302.333333,P1,5,51,364.000000
RH,72,302.333333,P1,1,72,364.000000
RH,60,302.375000,P1,1,60,364.000000
LH,55,304.000000,P1,5,55,366.000000
RH,67,304.000000,P1,1,67,366.000000
LH,55,304.875000,P1,5,55,367.000000
RH,67,304.875000,P1,1,67,367.000000
LH,56,305.625000,P1,6,56,368.000000
RH,68,305.625000,P1,2,68,368.000000
RH,67,305.750000,P1,2,67,368.125000
LH,56,306.000000,P1,6,56,368.250000
RH,68,306.000000,P1,2,68,368.250000
LH,55,306.125000,P1,5,55,368.750000
RH,65,306.125000,P1,1,65,368.500000
RH,67,306.333333,P1,1,67,368.750000
LH,52,306.375000,P1,5,52,369.000000
RH,64,306.375000,P1,1,64,369.000000
LH,58,307.875000,P1,5,58,370.000000
RH,60,307.875000,P1,5,60,370.000000
RH,67,307.875000,P1,1,67,370.000000
RH,76,307.875000,P1,1,76,370.000000
LH,56,309.500000,P1,5,56,372.000000
RH,65,309.500000,P1,1,65,372.000000
RH,77,309.500000,P1,1,77,372.000000
LH,56,311.333333,P1,5,56,374.000000
RH,68,311.333333,P1,1,68,374.000000
LH,56,312.125000,P1,5,56,375.000000
RH,68,312.125000,P1,1,68,375.000000
LH,58,312.875000,P1,6,58,376.000000
RH,70,312.875000,P1,2,70,376.000000
LH,56,313.000000,P1,6,56,376.125000
RH,68,313.000000,P1,2,68,376.125000
LH,58,313.125000,P1,6,58,376.250000
RH,70,313.125000,P1,2,70,376.250000
RH,68,313.333333,P1,2,68,376.375000
RH,68,313.500000,P1,1,68,376.750000
LH,53,313.625000,P1,5,53,377.000000
RH,65,313.625000,P1,1,65,377.000000
RH,63,314.500000,P1,6,63,378.000000
RH,75,314.500000,P1,2,75,378.000000
RH,63,314.750000,P1,6,63,378.250000
RH,75,314.750000,P1,2,75,378.250000
RH,74,314.875000,P1,1,74,378.750000
RH,62,315.000000,P1,5,62,378.750000
LH,58,315.125000,P1,5,58,379.000000
RH,74,315.125000,P1,1,74,378.750000
RH,70,315.250000,P1,1,70,379.000000
RH,67,316.000000,P1,6,67,380.000000
RH,79,316.000000,P1,2,79,380.000000
RH,77,316.125000,P1,2,77,380.125000
RH,79,316.333333,P1,2,79,380.250000
RH,67,316.375000,P1,6,67,380.250000
RH,65,316.500000,P1,5,65,380.750000
RH,76,316.500000,P1,1,76,380.500000
RH,77,316.500000,P1,1,77,380.750000
RH,62,316.750000,P1,5,62,381.000000
RH,74,316.750000,P1,1,74,381.000000
RH,77,316.750000,P1,1,77,380.750000
RH,70,317.666667,P1,6,70,382.000000
RH,82,317.666667,P1,2,82,382.000000
RH,70,318.000000,P1,6,70,382.250000
RH,82,318.000000,P1,2,82,382.250000
RH,80,318.125000,P1,1,80,382.750000
RH,68,318.250000,P1,5,68,382.750000
RH,65,318.500000,P1,5,65,383.000000
RH,77,318.500000,P1,1,77,383.000000
RH,80,318.500000,P1,1,80,382.750000
LH,34,319.875000,P1,5,34,384.000000
LH,41,319.875000,P1,5,41,384.000000
LH,46,319.875000,P1,5,46,384.000000
RH,77,319.875000,P1,1,77,384.000000
LH,38,320.000000,P1,5,38,384.000000
RH,86,320.250000,P1,1,86,384.250000
RH,80,320.625000,P1,1,80,384.500000
RH,89,320.875000,P1,1,89,384.750000
RH,74,321.125000,P1,1,74,385.000000
RH,80,321.375000,P1,1,80,385.250000
RH,77,321.625000,P1,1,77,385.500000
RH,86,321.750000,P1,1,86,385.750000
RH,68,322.000000,P1,1,68,386.000000
RH,77,322.125000,P1,1,77,386.250000
RH,74,322.375000,P1,1,74,386.500000
RH,80,322.625000,P1,1,80,386.750000
RH,65,322.875000,P1,1,65,387.000000
RH,74,323.000000,P1,1,74,387.250000
RH,68,323.250000,P1,1,68,387.500000
RH,77,323.375000,P1,1,77,387.750000
RH,62,323.625000,P1,1,62,388.000000
RH,68,323.875000,P1,1,68,388.250000
RH,65,324.000000,P1,1,65,388.500000
RH,74,324.125000,P1,1,74,388.750000
LH,56,324.375000,P1,1,56,389.000000
RH,65,324.625000,P1,1,65,389.250000
RH,62,324.750000,P1,1,62,389.500000
RH,68,325.000000,P1,1,68,389.750000
LH,53,325.250000,P1,1,53,390.000000
RH,62,325.375000,P1,1,62,390.250000
LH,56,325.625000,P1,1,56,390.500000
RH,65,325.750000,P1,1,65,390.750000
LH,56,326.000000,P1,1,56,391.000000
RH,65,326.125000,P1,1,65,391.250000
RH,62,326.333333,P1,1,62,391.500000
RH,68,326.500000,P1,1,68,391.750000
LH,35,326.750000,P1,5,35,392.000000
LH,41,326.750000,P1,5,41,392.000000
LH,47,326.750000,P1,5,47,392.000000
LH,53,326.750000,P1,1,53,392.000000
LH,38,326.875000,P1,5,38,392.000000
RH,62,327.000000,P1,1,62,392.250000
LH,56,327.250000,P1,1,56,392.500000
RH,65,327.375000,P1,1,65,392.750000
LH,56,327.625000,P1,1,56,393.000000
RH,65,327.875000,P1,1,65,393.250000
RH,62,328.000000,P1,1,62,393.500000
RH,68,328.250000,P1,1,68,393.750000
RH,62,328.375000,P1,1,62,394.000000
RH,68,328.625000,P1,1,68,394.250000
RH,65,328.750000,P1,1,65,394.500000
RH,74,329.000000,P1,1,74,394.750000
RH,65,329.250000,P1,1,65,395.000000
RH,74,329.375000,P1,1,74,395.250000
RH,68,329.625000,P1,1,68,395.500000
RH,77,329.750000,P1,1,77,395.750000
RH,68,330.000000,P1,1,68,396.000000
RH,77,330.250000,P1,1,77,396.250000
RH,74,330.375000,P1,1,74,396.500000
RH,80,330.500000,P1,1,80,396.750000
RH,74,330.750000,P1,1,74,397.000000
RH,80,331.000000,P1,1,80,397.250000
RH,77,331.125000,P1,1,77,397.500000
RH,86,331.375000,P1,1,86,397.750000
RH,77,331.625000,P1,1,77,398.000000
RH,86,331.750000,P1,1,86,398.250000
RH,80,332.000000,P1,1,80,398.500000
RH,89,332.125000,P1,1,89,398.750000
RH,74,332.375000,P1,1,74,399.000000
RH,80,332.666667,P1,1,80,399.250000
RH,77,332.875000,P1,1,77,399.500000
RH,86,333.125000,P1,1,86,399.750000
LH,36,333.375000,P1,5,36,400.000000
LH,48,333.375000,P1,5,48,400.000000
RH,77,333.375000,P1,1,77,400.000000
LH,41,333.500000,P1,5,41,400.000000
LH,44,333.500000,P1,5,44,400.000000
RH,84,333.750000,P1,1,84,400.250000
RH,80,334.000000,P1,1,80,400.500000
RH,89,334.250000,P1,1,89,400.750000
RH,72,334.500000,P1,1,72,401.000000
RH,80,334.750000,P1,1,80,401.250000
RH,77,334.875000,P1,1,77,401.500000
RH,84,335.125000,P1,1,84,401.750000
RH,68,335.333333,P1,1,68,402.000000
RH,77,335.500000,P1,1,77,402.250000
RH,72,335.666667,P1,1,72,402.500000
RH,80,335.875000,P1,1,80,402.750000
RH,65,336.125000,P1,1,65,403.000000
RH,72,336.333333,P1,1,72,403.250000
RH,68,336.500000,P1,1,68,403.500000
RH,77,336.666667,P1,1,77,403.750000
RH,60,336.875000,P1,1,60,404.000000
RH,68,337.125000,P1,1,68,404.250000
RH,65,337.250000,P1,1,65,404.500000
RH,72,337.375000,P1,1,72,404.750000
LH,56,337.666667,P1,1,56,405.000000
RH,65,337.875000,P1,1,65,405.250000
RH,60,338.000000,P1,1,60,405.500000
RH,68,338.250000,P1,1,68,405.750000
LH,53,338.500000,P1,1,53,406.000000
RH,60,338.625000,P1,1,60,406.250000
LH,56,338.875000,P1,1,56,406.500000
RH,65,339.000000,P1,1,65,406.750000
LH,56,339.250000,P1,1,56,407.000000
RH,65,339.500000,P1,1,65,407.250000
RH,60,339.625000,P1,1,60,407.500000
RH,68,339.875000,P1,1,68,407.750000
LH,49,340.125000,P1,5,49,408.000000
LH,53,340.125000,P1,1,53,408.000000
LH,37,340.250000,P1,5,37,408.000000
LH,41,340.250000,P1,5,41,408.000000
LH,44,340.250000,P1,5,44,408.000000
LH,59,340.333333,P1,1,59,408.250000
LH,56,340.500000,P1,1,56,408.500000
RH,65,340.750000,P1,1,65,408.750000
LH,56,341.000000,P1,1,56,409.000000
RH,65,341.125000,P1,1,65,409.250000
LH,59,341.375000,P1,1,59,409.500000
RH,68,341.625000,P1,1,68,409.750000
LH,59,341.750000,P1,1,59,410.000000
RH,68,342.000000,P1,1,68,410.250000
RH,65,342.250000,P1,1,65,410.500000
RH,71,342.333333,P1,1,71,410.750000
RH,65,342.500000,P1,1,65,411.000000
RH,71,342.750000,P1,1,71,411.250000
RH,68,343.000000,P1,1,68,411.500000
RH,77,343.125000,P1,1,77,411.750000
RH,68,343.333333,P1,1,68,412.000000
RH,77,343.500000,P1,1,77,412.250000
RH,71,343.750000,P1,1,71,412.500000
RH,80,343.875000,P1,1,80,412.750000
RH,71,344.125000,P1,1,71,413.000000
RH,80,344.333333,P1,1,80,413.250000
RH,77,344.500000,P1,1,77,413.500000
RH,83,344.750000,P1,1,83,413.750000
RH,68,344.875000,P1,1,68,414.000000
RH,77,345.125000,P1,1,77,414.250000
RH,71,345.333333,P1,1,71,414.500000
RH,80,345.500000,P1,1,80,414.750000
RH,71,345.750000,P1,1,71,415.000000
RH,80,346.000000,P1,1,80,415.250000
RH,77,346.250000,P1,1,77,415.500000
RH,83,346.375000,P1,1,83,415.750000
LH,37,346.750000,P1,5,37,416.000000
LH,49,346.750000,P1,5,49,416.000000
RH,69,346.750000,P1,1,69,416.000000
LH,42,346.875000,P1,5,42,416.000000
LH,45,346.875000,P1,5,45,416.000000
RH,78,347.125000,P1,1,78,416.250000
RH,73,347.333333,P1,1,73,416.500000
RH,81,347.625000,P1,1,81,416.750000
RH,66,347.875000,P1,1,66,417.000000
RH,73,348.125000,P1,1,73,417.250000
RH,69,348.250000,P1,1,69,417.500000
RH,78,348.375000,P1,1,78,417.750000
RH,61,348.666667,P1,1,61,418.000000
RH,66,349.125000,P1,1,66,418.500000
RH,73,349.250000,P1,1,73,418.750000
LH,57,349.500000,P1,1,57,419.000000
RH,66,349.666667,P1,1,66,419.250000
RH,61,349.875000,P1,1,61,419.500000
RH,69,350.000000,P1,1,69,419.750000
LH,54,350.250000,P1,1,54,420.000000
RH,61,350.500000,P1,1,61,420.250000
LH,57,350.666667,P1,1,57,420.500000
RH,66,350.875000,P1,1,66,420.750000
LH,57,351.000000,P1,1,57,421.000000
RH,66,351.250000,P1,1,66,421.250000
RH,61,351.500000,P1,1,61,421.500000
RH,69,351.625000,P1,1,69,421.750000
LH,54,351.875000,P1,1,54,422.000000
RH,66,352.500000,P1,1,66,422.750000
LH,57,352.625000,P1,1,57,423.000000
RH,66,352.875000,P1,1,66,423.250000
RH,61,353.000000,P1,1,61,423.500000
RH,69,353.250000,P1,1,69,423.750000
LH,37,353.375000,P1,5,37,424.000000
LH,49,353.375000,P1,5,49,424.000000
LH,55,353.375000,P1,1,55,424.000000
LH,40,353.500000,P1,5,40,424.000000
LH,45,353.500000,P1,5,45,424.000000
LH,57,353.625000,P1,1,57,424.250000
RH,64,353.875000,P1,1,64,424.500000
RH,67,354.000000,P1,1,67,424.750000
LH,54,354.250000,P1,1,54,425.000000
LH,57,354.375000,P1,1,57,425.250000
RH,63,354.625000,P1,1,63,425.500000
RH,66,354.750000,P1,1,66,425.750000
LH,55,355.000000,P1,1,55,426.000000
LH,57,355.250000,P1,1,57,426.250000
RH,64,355.500000,P1,1,64,426.500000
RH,67,355.625000,P1,1,67,426.750000
LH,57,356.000000,P1,1,57,427.250000
LH,55,356.625000,P1,1,55,428.000000
LH,57,356.750000,P1,1,57,428.250000
RH,64,357.000000,P1,1,64,428.500000
RH,67,357.125000,P1,1,67,428.750000
LH,54,357.375000,P1,1,54,429.000000
LH,57,357.625000,P1,1,57,429.250000
RH,63,357.750000,P1,1,63,429.500000
RH,66,358.000000,P1,1,66,429.750000
LH,55,358.250000,P1,1,55,430.000000
LH,57,358.375000,P1,1,57,430.250000
RH,64,358.666667,P1,1,64,430.500000
RH,67,358.875000,P1,1,67,430.750000
LH,55,359.125000,P1,1,55,431.000000
LH,57,359.333333,P1,1,57,431.250000
RH,66,361.250000,P1,1,66,432.000000
LH,50,361.333333,P1,5,50,432.000000
LH,57,361.333333,P1,5,57,432.000000
RH,62,361.333333,P1,1,62,432.000000
RH,64,363.000000,P1,1,64,434.000000
RH,62,363.125000,P1,1,62,434.250000
RH,66,363.125000,P1,1,66,434.250000
RH,64,363.375000,P1,1,64,434.500000
RH,62,363.500000,P1,1,62,434.750000
RH,66,363.500000,P1,1,66,434.750000
RH,64,363.666667,P1,1,64,435.000000
RH,67,363.666667,P1,1,67,435.000000
RH,62,364.000000,P1,1,62,435.500000
RH,66,364.000000,P1,1,66,435.500000
LH,45,364.500000,P1,5,45,436.000000
LH,57,364.500000,P1,5,57,436.000000
RH,61,364.500000,P1,1,61,436.000000
RH,64,364.500000,P1,1,64,436.000000
RH,61,365.333333,P1,1,61,437.000000
RH,69,365.333333,P1,1,69,437.000000
LH,45,365.375000,P1,5,45,437.000000
LH,57,365.375000,P1,5,57,437.000000
LH,45,368.375000,P1,5,45,440.000000
RH,67,368.375000,P1,1,67,440.000000
LH,52,368.500000,P1,5,52,440.000000
LH,57,368.500000,P1,5,57,440.000000
RH,61,368.500000,P1,2,61,440.000000
RH,66,370.125000,P1,1,66,442.000000
RH,67,370.333333,P1,1,67,442.250000
RH,66,370.500000,P1,1,66,442.500000
RH,67,370.666667,P1,1,67,442.750000
RH,69,370.875000,P1,1,69,443.000000
RH,67,371.250000,P1,1,67,443.500000
LH,50,371.666667,P1,5,50,444.000000
LH,57,371.666667,P1,5,57,444.000000
RH,62,371.666667,P1,1,62,444.000000
RH,66,371.666667,P1,1,66,444.000000
LH,50,372.625000,P1,5,50,445.000000
LH,57,372.625000,P1,5,57,445.000000
RH,66,372.625000,P1,1,66,445.000000
RH,74,372.625000,P1,1,74,445.000000
LH,50,375.500000,P1,5,50,448.000000
LH,57,375.500000,P1,5,57,448.000000
RH,62,375.500000,P1,5,62,448.000000
RH,66,375.500000,P1,1,66,448.000000
RH,74,375.500000,P1,1,74,448.000000
LH,54,375.625000,P1,5,54,448.000000
LH,38,376.375000,P1,5,38,449.000000
LH,50,376.375000,P1,5,50,449.000000
RH,72,377.250000,P1,1,72,450.000000
RH,74,377.375000,P1,1,74,450.250000
RH,72,377.500000,P1,1,72,450.500000
RH,74,377.750000,P1,1,74,450.750000
RH,75,377.875000,P1,1,75,451.000000
RH,72,378.250000,P1,1,72,451.500000
RH,69,378.666667,P1,1,69,452.000000
RH,70,378.875000,P1,1,70,452.250000
RH,69,379.000000,P1,1,69,452.500000
RH,70,379.125000,P1,1,70,452.750000
RH,72,379.250000,P1,1,72,453.000000
RH,69,379.666667,P1,1,69,453.500000
RH,66,380.125000,P1,1,66,454.000000
RH,67,380.250000,P1,1,67,454.250000
RH,66,380.375000,P1,1,66,454.500000
RH,67,380.500000,P1,1,67,454.750000
RH,69,380.666667,P1,1,69,455.000000
RH,66,381.000000,P1,1,66,455.500000
LH,38,381.500000,P1,5,38,456.000000
LH,50,381.500000,P1,5,50,456.000000
RH,62,381.500000,P1,1,62,456.000000
LH,50,382.333333,P1,5,50,457.000000
RH,62,382.333333,P1,5,62,457.000000
RH,63,383.000000,P1,1,63,458.000000
RH,75,383.000000,P1,1,75,458.000000
RH,60,383.750000,P1,5,60,459.000000
RH,75,383.750000,P1,1,75,459.000000
RH,87,383.750000,P1,1,87,459.000000
LH,48,383.875000,P1,5,48,459.000000
LH,46,384.625000,P1,5,46,460.000000
LH,58,384.625000,P1,5,58,460.000000
LH,58,385.375000,P1,5,58,461.000000
RH,70,385.375000,P1,5,70,461.000000
RH,74,385.375000,P1,1,74,461.000000
RH,86,385.375000,P1,1,86,461.000000
RH,72,386.125000,P1,1,72,462.000000
LH,57,387.000000,P1,5,57,463.000000
RH,69,387.000000,P1,5,69,463.000000
RH,72,387.000000,P1,1,72,463.000000
RH,84,387.000000,P1,1,84,463.000000
LH,55,387.750000,P1,5,55,464.000000
RH,67,387.750000,P1,5,67,464.000000
RH,71,387.750000,P1,1,71,464.000000
RH,74,387.750000,P1,1,74,464.000000
RH,83,387.750000,P1,1,83,464.000000
RH,79,387.875000,P1,1,79,464.000000
LH,43,388.625000,P1,5,43,465.000000
LH,55,388.625000,P1,5,55,465.000000
RH,77,389.500000,P1,1,77,466.000000
RH,79,389.625000,P1,1,79,466.250000
RH,77,389.875000,P1,1,77,466.500000
RH,79,390.000000,P1,1,79,466.750000
RH,80,390.125000,P1,1,80,467.000000
RH,77,390.500000,P1,1,77,467.500000
RH,74,390.875000,P1,1,74,468.000000
RH,75,391.000000,P1,1,75,468.250000
RH,74,391.250000,P1,1,74,468.500000
RH,75,391.333333,P1,1,75,468.750000
RH,77,391.500000,P1,1,77,469.000000
RH,74,391.875000,P1,1,74,469.500000
RH,71,392.333333,P1,1,71,470.000000
RH,72,392.500000,P1,1,72,470.250000
RH,71,392.625000,P1,1,71,470.500000
RH,72,392.750000,P1,1,72,470.750000
RH,74,392.875000,P1,1,74,471.000000
RH,71,393.250000,P1,1,71,471.500000
LH,43,393.666667,P1,5,43,472.000000
RH,67,393.666667,P1,1,67,472.000000
LH,31,393.750000,P1,5,31,472.000000
LH,43,394.500000,P1,5,43,473.000000
LH,55,394.500000,P1,5,55,473.000000
LH,56,395.333333,P1,1,56,474.000000
RH,68,395.333333,P1,1,68,474.000000
LH,41,396.125000,P1,5,41,475.000000
LH,53,396.125000,P1,5,53,475.000000
RH,68,396.125000,P1,1,68,475.000000
RH,80,396.125000,P1,1,80,475.000000
LH,39,396.875000,P1,5,39,476.000000
LH,51,396.875000,P1,5,51,476.000000
LH,51,397.666667,P1,5,51,477.000000
RH,63,397.666667,P1,5,63,477.000000
RH,67,397.666667,P1,1,67,477.000000
RH,79,397.666667,P1,1,79,477.000000
RH,65,398.500000,P1,1,65,478.000000
RH,77,398.500000,P1,1,77,478.000000
LH,50,399.250000,P1,5,50,479.000000
RH,62,399.250000,P1,5,62,479.000000
RH,77,399.250000,P1,1,77,479.000000
RH,89,399.250000,P1,1,89,479.000000
LH,48,400.000000,P1,5,48,480.000000
RH,60,400.000000,P1,5,60,480.000000
RH,76,400.000000,P1,1,76,480.000000
RH,79,400.000000,P1,1,79,480.000000
RH,88,400.000000,P1,1,88,480.000000
RH,84,400.250000,P1,1,84,480.000000
RH,60,400.875000,P1,5,60,481.000000
RH,72,400.875000,P1,5,72,481.000000
RH,82,401.750000,P1,1,82,482.000000
RH,84,401.875000,P1,1,84,482.250000
RH,82,402.125000,P1,1,82,482.500000
RH,84,402.250000,P1,1,84,482.750000
RH,85,402.375000,P1,1,85,483.000000
RH,82,402.750000,P1,1,82,483.500000
RH,79,403.125000,P1,1,79,484.000000
RH,80,403.333333,P1,1,80,484.250000
RH,79,403.500000,P1,1,79,484.500000
RH,80,403.666667,P1,1,80,484.750000
RH,82,403.750000,P1,1,82,485.000000
RH,79,404.125000,P1,1,79,485.500000
RH,76,404.625000,P1,1,76,486.000000
RH,77,404.750000,P1,1,77,486.250000
RH,76,404.875000,P1,1,76,486.500000
RH,77,405.125000,P1,1,77,486.750000
RH,79,405.250000,P1,1,79,487.000000
RH,76,405.625000,P1,1,76,487.500000
LH,36,406.000000,P1,5,36,488.000000
LH,48,406.000000,P1,5,48,488.000000
RH,72,406.000000,P1,1,72,488.000000
LH,48,406.875000,P1,5,48,489.000000
RH,60,406.875000,P1,5,60,489.000000
RH,61,407.625000,P1,1,61,490.000000
RH,73,407.625000,P1,1,73,490.000000
LH,46,408.375000,P1,5,46,491.000000
LH,58,408.375000,P1,5,58,491.000000
RH,73,408.375000,P1,1,73,491.000000
RH,85,408.375000,P1,1,85,491.000000
LH,44,409.125000,P1,5,44,492.000000
LH,56,409.125000,P1,5,56,492.000000
LH,56,410.000000,P1,6,56,493.000000
RH,68,410.000000,P1,5,68,493.000000
RH,72,410.000000,P1,1,72,493.000000
RH,84,410.000000,P1,1,84,493.000000
RH,70,410.750000,P1,1,70,494.000000
LH,55,411.500000,P1,5,55,495.000000
RH,67,411.500000,P1,5,67,495.000000
RH,70,411.500000,P1,1,70,495.000000
RH,82,411.500000,P1,1,82,495.000000
LH,41,412.333333,P1,5,41,496.000000
LH,53,412.333333,P1,5,53,496.000000
LH,53,413.125000,P1,5,53,497.000000
RH,65,413.125000,P1,5,65,497.000000
RH,68,413.125000,P1,1,68,497.000000
RH,80,413.125000,P1,1,80,497.000000
RH,67,413.875000,P1,1,67,498.000000
LH,51,414.666667,P1,5,51,499.000000
RH,63,414.666667,P1,5,63,499.000000
RH,67,414.666667,P1,1,67,499.000000
RH,79,414.666667,P1,1,79,499.000000
LH,38,415.500000,P1,5,38,500.000000
LH,50,415.500000,P1,5,50,500.000000
LH,50,416.250000,P1,5,50,501.000000
RH,62,416.250000,P1,5,62,501.000000
RH,65,416.250000,P1,1,65,501.000000
RH,77,416.250000,P1,1,77,501.000000
RH,63,417.125000,P1,1,63,502.000000
LH,48,417.875000,P1,5,48,503.000000
RH,60,417.875000,P1,5,60,503.000000
RH,63,417.875000,P1,1,63,503.000000
RH,75,417.875000,P1,1,75,503.000000
RH,62,418.750000,P1,1,62,504.000000
LH,41,419.500000,P1,5,41,505.000000
LH,48,419.500000,P1,5,48,505.000000
LH,53,419.500000,P1,5,53,505.000000
RH,62,419.500000,P1,1,62,505.000000
RH,72,419.500000,P1,1,72,505.000000
RH,74,419.500000,P1,1,74,505.000000
RH,64,420.250000,P1,1,64,506.000000
LH,43,421.000000,P1,5,43,507.000000
LH,48,421.000000,P1,5,48,507.000000
LH,55,421.000000,P1,5,55,507.000000
RH,64,421.000000,P1,1,64,507.000000
RH,76,421.000000,P1,1,76,507.000000
RH,72,421.125000,P1,1,72,507.000000
RH,65,421.875000,P1,1,65,508.000000
LH,44,422.625000,P1,5,44,509.000000
LH,56,422.625000,P1,5,56,509.000000
RH,65,422.625000,P1,1,65,509.000000
RH,77,422.625000,P1,1,77,509.000000
LH,48,422.666667,P1,5,48,509.000000
RH,72,422.666667,P1,1,72,509.000000
RH,63,423.500000,P1,1,63,510.000000
LH,42,424.250000,P1,5,42,511.000000
LH,48,424.250000,P1,5,48,511.000000
LH,54,424.250000,P1,5,54,511.000000
RH,63,424.250000,P1,1,63,511.000000
RH,75,424.250000,P1,1,75,511.000000
RH,72,424.333333,P1,1,72,511.000000
LH,43,425.250000,P1,6,43,512.000000
LH,55,425.250000,P1,5,55,512.000000
RH,62,425.250000,P1,1,62,512.000000
RH,74,425.250000,P1,1,74,512.000000
RH,71,425.375000,P1,1,71,512.000000
LH,54,427.125000,P1,5,54,514.000000
LH,55,427.250000,P1,5,55,514.250000
LH,54,427.375000,P1,5,54,514.500000
LH,55,427.625000,P1,5,55,514.750000
LH,57,427.750000,P1,1,57,515.000000
LH,54,428.125000,P1,5,54,515.500000
LH,51,428.500000,P1,5,51,516.000000
RH,60,428.500000,P1,2,60,516.000000
RH,66,428.500000,P1,1,66,516.000000
LH,50,429.375000,P1,5,50,517.000000
RH,66,430.125000,P1,1,66,518.000000
RH,67,430.333333,P1,1,67,518.250000
RH,66,430.625000,P1,1,66,518.500000
RH,67,430.750000,P1,1,67,518.750000
RH,69,430.875000,P1,1,69,519.000000
RH,66,431.250000,P1,1,66,519.500000
LH,43,431.666667,P1,6,43,520.000000
LH,55,431.666667,P1,5,55,520.000000
LH,59,431.666667,P1,1,59,520.000000
RH,67,431.666667,P1,1,67,520.000000
RH,71,432.500000,P1,1,71,521.000000
RH,62,432.625000,P1,1,62,521.000000
LH,54,433.375000,P1,5,54,522.000000
LH,55,433.625000,P1,5,55,522.250000
LH,54,433.750000,P1,5,54,522.500000
LH,55,433.875000,P1,5,55,522.750000
LH,57,434.125000,P1,1,57,523.000000
LH,54,434.375000,P1,5,54,523.500000
LH,51,434.875000,P1,5,51,524.000000
RH,60,434.875000,P1,2,60,524.000000
RH,69,434.875000,P1,1,69,524.000000
RH,66,435.000000,P1,2,66,524.000000
LH,50,435.666667,P1,5,50,525.000000
RH,69,436.500000,P1,1,69,526.000000
RH,71,436.666667,P1,1,71,526.250000
RH,69,436.875000,P1,1,69,526.500000
RH,71,437.000000,P1,1,71,526.750000
RH,72,437.125000,P1,1,72,527.000000
RH,69,437.625000,P1,1,69,527.500000
RH,62,438.000000,P1,2,62,528.000000
RH,71,438.000000,P1,1,71,528.000000
LH,43,438.125000,P1,6,43,528.000000
LH,55,438.125000,P1,5,55,528.000000
RH,71,438.875000,P1,1,71,529.000000
RH,74,438.875000,P1,1,74,529.000000
LH,54,439.666667,P1,5,54,530.000000
LH,55,439.875000,P1,5,55,530.250000
LH,54,440.000000,P1,5,54,530.500000
LH,55,440.125000,P1,5,55,530.750000
LH,57,440.333333,P1,1,57,531.000000
LH,54,440.666667,P1,5,54,531.500000
LH,51,441.125000,P1,5,51,532.000000
RH,72,441.125000,P1,2,72,532.000000
RH,78,441.125000,P1,1,78,532.000000
LH,50,442.000000,P1,5,50,533.000000
RH,78,442.875000,P1,1,78,534.000000
RH,79,443.000000,P1,1,79,534.250000
RH,78,443.125000,P1,1,78,534.500000
RH,79,443.333333,P1,1,79,534.750000
RH,81,443.500000,P1,1,81,535.000000
LH,50,444.375000,P1,5,50,536.000000
LH,53,444.625000,P1,5,53,536.000000
RH,86,446.500000,P1,1,86,538.000000
RH,88,446.666667,P1,1,88,538.250000
RH,86,446.875000,P1,1,86,538.500000
RH,88,447.000000,P1,1,88,538.750000
RH,89,447.125000,P1,1,89,539.000000
RH,86,447.500000,P1,1,86,539.500000
RH,83,448.000000,P1,1,83,540.000000
RH,84,448.125000,P1,1,84,540.250000
RH,83,448.333333,P1,1,83,540.500000
RH,84,448.500000,P1,1,84,540.750000
RH,86,448.625000,P1,1,86,541.000000
RH,83,449.000000,P1,1,83,541.500000
RH,77,449.375000,P1,1,77,542.000000
RH,79,449.625000,P1,1,79,542.250000
RH,77,449.750000,P1,1,77,542.500000
RH,79,449.875000,P1,1,79,542.750000
RH,81,450.125000,P1,1,81,543.000000
RH,77,450.500000,P1,1,77,543.500000
RH,74,450.875000,P1,1,74,544.000000
RH,76,451.125000,P1,1,76,544.250000
RH,74,451.250000,P1,1,74,544.500000
RH,76,451.375000,P1,1,76,544.750000
RH,77,451.500000,P1,1,77,545.000000
RH,74,452.000000,P1,1,74,545.500000
RH,71,452.375000,P1,1,71,546.000000
RH,72,452.500000,P1,1,72,546.250000
RH,71,452.666667,P1,1,71,546.500000
RH,72,452.875000,P1,1,72,546.750000
RH,74,453.000000,P1,1,74,547.000000
RH,71,453.375000,P1,1,71,547.500000
RH,65,453.875000,P1,1,65,548.000000
RH,67,454.000000,P1,1,67,548.250000
RH,65,454.250000,P1,1,65,548.500000
RH,67,454.333333,P1,1,67,548.750000
RH,69,454.500000,P1,1,69,549.000000
RH,65,454.875000,P1,1,65,549.500000
RH,62,455.333333,P1,1,62,550.000000
RH,62,455.625000,P1,1,62,550.500000
RH,65,456.000000,P1,1,65,551.000000
RH,62,456.500000,P1,1,62,551.500000
RH,64,457.625000,P1,1,64,552.000000
LH,48,457.666667,P1,5,48,552.000000
LH,55,457.666667,P1,5,55,552.000000
RH,60,457.666667,P1,1,60,552.000000
LH,59,459.375000,P1,1,59,554.000000
RH,62,459.375000,P1,1,62,554.000000
RH,60,459.625000,P1,1,60,554.250000
RH,64,459.625000,P1,1,64,554.250000
LH,59,459.750000,P1,1,59,554.500000
RH,62,459.750000,P1,1,62,554.500000
RH,60,460.000000,P1,1,60,554.750000
RH,64,460.000000,P1,1,64,554.750000
RH,62,460.125000,P1,1,62,555.000000
RH,65,460.125000,P1,1,65,555.000000
RH,60,460.500000,P1,1,60,555.500000
RH,64,460.500000,P1,1,64,555.500000
LH,43,460.875000,P1,5,43,556.000000
LH,55,460.875000,P1,5,55,556.000000
LH,59,460.875000,P1,1,59,556.000000
RH,62,460.875000,P1,1,62,556.000000
LH,59,461.750000,P1,1,59,557.000000
RH,67,461.750000,P1,1,67,557.000000
LH,43,461.875000,P1,5,43,557.000000
LH,55,461.875000,P1,5,55,557.000000
RH,62,464.625000,P1,1,62,560.000000
RH,65,464.625000,P1,1,65,560.000000
LH,43,464.666667,P1,5,43,560.000000
LH,59,464.666667,P1,5,59,560.000000
RH,61,466.375000,P1,1,61,562.000000
RH,64,466.375000,P1,1,64,562.000000
RH,62,466.500000,P1,1,62,562.250000
RH,65,466.500000,P1,1,65,562.250000
RH,61,466.666667,P1,1,61,562.500000
RH,64,466.666667,P1,1,64,562.500000
RH,65,466.875000,P1,1,65,562.750000
RH,62,467.000000,P1,1,62,562.750000
RH,64,467.000000,P1,1,64,563.000000
RH,67,467.000000,P1,1,67,563.000000
RH,62,467.375000,P1,1,62,563.500000
RH,65,467.375000,P1,1,65,563.500000
LH,48,467.875000,P1,5,48,564.000000
LH,55,467.875000,P1,5,55,564.000000
RH,60,467.875000,P1,1,60,564.000000
RH,64,467.875000,P1,1,64,564.000000
LH,48,468.750000,P1,5,48,565.000000
LH,55,468.750000,P1,5,55,565.000000
RH,64,468.750000,P1,1,64,565.000000
RH,72,468.750000,P1,1,72,565.000000
RH,72,471.875000,P1,1,72,568.000000
LH,55,472.000000,P1,5,55,568.000000
RH,64,472.000000,P1,2,64,568.000000
LH,48,472.750000,P1,6,48,569.000000
LH,50,473.500000,P1,6,50,570.000000
RH,65,473.500000,P1,2,65,570.000000
RH,71,473.500000,P1,1,71,570.000000
RH,72,473.666667,P1,1,72,570.250000
RH,71,473.875000,P1,1,71,570.500000
RH,72,474.000000,P1,1,72,570.750000
RH,74,474.125000,P1,1,74,571.000000
LH,53,474.250000,P1,6,53,571.000000
RH,62,474.250000,P1,2,62,571.000000
RH,71,474.625000,P1,1,71,571.500000
LH,52,475.000000,P1,6,52,572.000000
RH,67,475.000000,P1,1,67,572.000000
RH,72,475.750000,P1,1,72,573.000000
LH,48,475.875000,P1,6,48,573.000000
LH,55,475.875000,P1,5,55,573.000000
RH,64,475.875000,P1,2,64,573.000000
LH,50,476.666667,P1,6,50,574.000000
RH,71,476.666667,P1,1,71,574.000000
RH,65,476.750000,P1,2,65,574.000000
RH,72,476.875000,P1,1,72,574.250000
RH,71,477.000000,P1,1,71,574.500000
RH,72,477.250000,P1,1,72,574.750000
LH,53,477.375000,P1,6,53,575.000000
RH,62,477.375000,P1,2,62,575.000000
RH,74,477.375000,P1,1,74,575.000000
RH,71,477.750000,P1,1,71,575.500000
LH,52,478.250000,P1,6,52,576.000000
RH,67,478.250000,P1,1,67,576.000000
LH,48,479.000000,P1,6,48,577.000000
RH,72,479.000000,P1,1,72,577.000000
LH,53,479.875000,P1,6,53,578.000000
LH,57,479.875000,P1,5,57,578.000000
RH,60,479.875000,P1,2,60,578.000000
LH,50,480.750000,P1,6,50,579.000000
RH,69,480.750000,P1,1,69,579.000000
LH,59,481.500000,P1,2,59,580.000000
RH,62,481.500000,P1,1,62,580.000000
LH,55,481.625000,P1,5,55,580.000000
LH,43,482.375000,P1,5,43,581.000000
RH,67,482.375000,P1,1,67,581.000000
LH,48,483.333333,P1,5,48,582.000000
RH,60,483.333333,P1,2,60,582.000000
RH,64,483.333333,P1,1,64,582.000000
LH,43,485.375000,P1,5,43,584.000000
LH,55,485.375000,P1,5,55,584.000000
RH,64,485.750000,P1,1,64,584.500000
RH,76,485.750000,P1,1,76,584.500000
LH,48,486.250000,P1,5,48,585.000000
RH,60,486.250000,P1,5,60,585.000000
RH,64,486.625000,P1,1,64,585.500000
RH,76,486.625000,P1,1,76,585.500000
LH,38,487.000000,P1,5,38,586.000000
LH,50,487.000000,P1,5,50,586.000000
RH,65,487.375000,P1,1,65,586.500000
RH,77,487.375000,P1,1,77,586.500000
LH,57,487.750000,P1,5,57,587.000000
LH,45,487.875000,P1,5,45,587.000000
RH,66,488.125000,P1,1,66,587.500000
RH,78,488.125000,P1,1,78,587.500000
LH,35,488.625000,P1,5,35,588.000000
LH,47,488.625000,P1,5,47,588.000000
RH,67,489.000000,P1,1,67,588.500000
RH,79,489.000000,P1,1,79,588.500000
LH,43,489.375000,P1,5,43,589.000000
LH,55,489.375000,P1,5,55,589.000000
RH,65,489.875000,P1,1,65,589.500000
RH,77,489.875000,P1,1,77,589.500000
LH,36,490.250000,P1,5,36,590.000000
LH,48,490.250000,P1,5,48,590.000000
RH,65,490.250000,P1,1,65,590.000000
RH,77,490.250000,P1,1,77,590.000000
RH,64,490.625000,P1,1,64,590.500000
RH,76,490.625000,P1,1,76,590.500000
RH,62,491.000000,P1,1,62,591.000000
RH,74,491.000000,P1,1,74,591.000000
RH,60,491.375000,P1,1,60,591.500000
RH,72,491.375000,P1,1,72,591.500000
RH,60,491.875000,P1,5,60,592.000000
LH,48,492.000000,P1,5,48,592.000000
RH,69,492.250000,P1,1,69,592.500000
RH,81,492.250000,P1,1,81,592.500000
LH,53,492.666667,P1,5,53,593.000000
RH,65,492.666667,P1,5,65,593.000000
RH,69,493.125000,P1,1,69,593.500000
RH,81,493.125000,P1,1,81,593.500000
LH,43,493.500000,P1,5,43,594.000000
LH,55,493.500000,P1,5,55,594.000000
RH,70,493.875000,P1,1,70,594.500000
RH,82,493.875000,P1,1,82,594.500000
LH,50,494.333333,P1,5,50,595.000000
RH,62,494.333333,P1,5,62,595.000000
RH,71,494.666667,P1,1,71,595.500000
RH,83,494.666667,P1,1,83,595.500000
LH,40,495.125000,P1,5,40,596.000000
LH,52,495.125000,P1,5,52,596.000000
RH,72,495.500000,P1,1,72,596.500000
RH,84,495.500000,P1,1,84,596.500000
LH,48,495.875000,P1,5,48,597.000000
RH,60,495.875000,P1,5,60,597.000000
RH,70,496.333333,P1,1,70,597.500000
RH,82,496.333333,P1,1,82,597.500000
LH,41,496.666667,P1,5,41,598.000000
LH,53,496.666667,P1,5,53,598.000000
RH,70,496.666667,P1,1,70,598.000000
RH,82,496.750000,P1,1,82,598.000000
RH,69,497.125000,P1,1,69,598.500000
RH,81,497.125000,P1,1,81,598.500000
RH,67,497.500000,P1,1,67,599.000000
RH,79,497.500000,P1,1,79,599.000000
RH,65,497.875000,P1,1,65,599.500000
RH,77,497.875000,P1,1,77,599.500000
RH,69,498.375000,P1,1,69,600.000000
RH,81,498.375000,P1,1,81,600.000000
LH,41,498.750000,P1,5,41,600.500000
LH,53,498.750000,P1,5,53,600.500000
RH,74,499.125000,P1,1,74,601.000000
RH,86,499.125000,P1,1,86,601.000000
LH,42,499.625000,P1,5,42,601.500000
LH,54,499.625000,P1,5,54,601.500000
RH,62,500.000000,P1,1,62,602.000000
RH,74,500.000000,P1,1,74,602.000000
LH,43,500.375000,P1,5,43,602.500000
LH,55,500.375000,P1,5,55,602.500000
RH,71,500.875000,P1,1,71,603.000000
RH,83,500.875000,P1,1,83,603.000000
LH,44,501.250000,P1,5,44,603.500000
LH,56,501.250000,P1,5,56,603.500000
RH,61,501.666667,P1,1,61,604.000000
RH,73,501.666667,P1,1,73,604.000000
LH,45,502.000000,P1,5,45,604.500000
LH,57,502.000000,P1,5,57,604.500000
RH,69,502.500000,P1,1,69,605.000000
RH,81,502.500000,P1,1,81,605.000000
LH,43,502.875000,P1,5,43,605.500000
LH,55,502.875000,P1,5,55,605.500000
LH,43,503.250000,P1,5,43,606.000000
LH,55,503.250000,P1,5,55,606.000000
RH,60,503.250000,P1,1,60,606.000000
RH,72,503.250000,P1,1,72,606.000000
LH,42,503.625000,P1,5,42,606.500000
LH,54,503.625000,P1,5,54,606.500000
LH,40,504.000000,P1,5,40,607.000000
LH,52,504.000000,P1,5,52,607.000000
RH,69,504.000000,P1,1,69,607.000000
RH,81,504.000000,P1,1,81,607.000000
LH,38,504.375000,P1,5,38,607.500000
LH,50,504.375000,P1,5,50,607.500000
LH,59,504.875000,P1,1,59,608.000000
RH,71,504.875000,P1,1,71,608.000000
LH,43,505.250000,P1,5,43,608.500000
LH,55,505.250000,P1,5,55,608.500000
RH,67,505.666667,P1,1,67,609.000000
RH,79,505.666667,P1,1,79,609.000000
LH,41,506.000000,P1,5,41,609.500000
LH,53,506.000000,P1,5,53,609.500000
LH,41,506.500000,P1,5,41,610.000000
LH,53,506.500000,P1,5,53,610.000000
LH,58,506.500000,P1,1,58,610.000000
RH,70,506.500000,P1,1,70,610.000000
LH,40,506.875000,P1,5,40,610.500000
LH,52,506.875000,P1,5,52,610.500000
LH,50,507.250000,P1,5,50,611.000000
RH,67,507.250000,P1,1,67,611.000000
RH,79,507.250000,P1,1,79,611.000000
LH,38,507.333333,P1,5,38,611.000000
LH,36,507.666667,P1,5,36,611.500000
LH,48,507.666667,P1,5,48,611.500000
LH,57,508.125000,P1,1,57,612.000000
RH,69,508.125000,P1,1,69,612.000000
LH,41,508.500000,P1,5,41,612.500000
LH,53,508.500000,P1,5,53,612.500000
RH,65,508.875000,P1,1,65,613.000000
RH,77,508.875000,P1,1,77,613.000000
LH,52,509.333333,P1,5,52,613.500000
LH,40,509.375000,P1,5,40,613.500000
LH,38,509.750000,P1,5,38,614.000000
LH,50,509.750000,P1,5,50,614.000000
LH,52,510.125000,P1,5,52,614.500000
RH,64,510.125000,P1,1,64,614.500000
RH,76,510.125000,P1,1,76,614.500000
LH,40,510.250000,P1,5,40,614.500000
LH,53,510.500000,P1,5,53,615.000000
RH,62,510.500000,P1,1,62,615.000000
RH,74,510.500000,P1,1,74,615.000000
LH,41,510.625000,P1,5,41,615.000000
LH,42,510.875000,P1,5,42,615.500000
LH,54,510.875000,P1,5,54,615.500000
RH,60,510.875000,P1,1,60,615.500000
RH,72,510.875000,P1,1,72,615.500000
LH,43,511.333333,P1,5,43,616.000000
LH,59,511.333333,P1,1,59,616.000000
RH,71,511.333333,P1,1,71,616.000000
LH,55,511.500000,P1,5,55,616.250000
LH,54,511.750000,P1,5,54,616.500000
LH,55,512.000000,P1,5,55,616.750000
LH,57,512.250000,P1,5,57,617.000000
LH,55,512.375000,P1,5,55,617.250000
LH,54,512.625000,P1,5,54,617.500000
LH,55,512.750000,P1,5,55,617.750000
LH,53,512.875000,P1,5,53,618.000000
LH,55,513.125000,P1,5,55,618.250000
LH,50,513.333333,P1,5,50,618.500000
LH,55,513.500000,P1,5,55,618.750000
LH,53,513.666667,P1,5,53,619.000000
RH,83,513.666667,P1,1,83,619.000000
RH,84,513.750000,P1,2,84,619.000000
LH,55,513.875000,P1,5,55,619.250000
LH,50,514.000000,P1,5,50,619.500000
RH,83,514.000000,P1,2,83,619.375000
RH,81,514.125000,P1,1,81,619.750000
LH,55,514.250000,P1,5,55,619.750000
RH,83,514.250000,P1,1,83,619.875000
LH,52,514.375000,P1,5,52,620.000000
RH,84,514.375000,P1,1,84,620.000000
LH,55,514.625000,P1,5,55,620.250000
LH,48,514.875000,P1,5,48,620.500000
LH,55,515.000000,P1,5,55,620.750000
LH,52,515.250000,P1,5,52,621.000000
LH,55,515.375000,P1,5,55,621.250000
LH,48,515.625000,P1,5,48,621.500000
RH,84,515.625000,P1,1,84,621.500000
RH,83,515.666667,P1,1,83,621.625000
RH,81,515.750000,P1,1,81,621.750000
LH,55,515.875000,P1,5,55,621.750000
RH,79,515.875000,P1,1,79,621.875000
RH,77,516.000000,P1,1,77,622.000000
LH,55,516.125000,P1,5,55,622.250000
LH,54,516.375000,P1,5,54,622.500000
RH,74,516.375000,P1,1,74,622.500000
RH,77,516.375000,P1,1,77,622.500000
LH,55,516.625000,P1,5,55,622.750000
LH,48,516.750000,P1,5,48,623.000000
RH,72,516.750000,P1,1,72,623.000000
RH,76,516.750000,P1,1,76,623.000000
LH,55,517.000000,P1,5,55,623.250000
LH,54,517.125000,P1,5,54,623.500000
RH,72,517.125000,P1,1,72,623.500000
RH,76,517.125000,P1,1,76,623.500000
LH,55,517.333333,P1,5,55,623.750000
LH,43,517.625000,P1,5,43,624.000000
RH,71,517.625000,P1,1,71,624.000000
RH,74,517.625000,P1,1,74,624.000000
LH,55,517.875000,P1,5,55,624.250000
LH,54,518.000000,P1,5,54,624.500000
LH,55,518.250000,P1,5,55,624.750000
LH,57,518.375000,P1,5,57,625.000000
LH,55,518.625000,P1,5,55,625.250000
LH,54,518.750000,P1,5,54,625.500000
LH,55,518.875000,P1,5,55,625.750000
LH,53,519.125000,P1,5,53,626.000000
LH,55,519.333333,P1,5,55,626.250000
LH,50,519.500000,P1,5,50,626.500000
LH,55,519.750000,P1,5,55,626.750000
LH,53,519.875000,P1,5,53,627.000000
RH,83,519.875000,P1,1,83,627.000000
RH,86,519.875000,P1,1,86,627.000000
RH,88,520.000000,P1,2,88,627.000000
LH,55,520.125000,P1,5,55,627.250000
RH,86,520.125000,P1,2,86,627.125000
LH,50,520.250000,P1,5,50,627.500000
LH,55,520.500000,P1,5,55,627.750000
RH,86,520.500000,P1,2,86,627.625000
RH,88,520.625000,P1,2,88,627.500000
LH,48,521.500000,P1,5,48,628.500000
LH,55,521.625000,P1,5,55,628.750000
LH,52,521.750000,P1,5,52,629.000000
LH,47,522.250000,P1,5,47,630.000000
RH,77,522.250000,P1,1,77,630.000000
LH,55,522.500000,P1,5,55,630.250000
LH,54,522.625000,P1,5,54,630.500000
RH,74,522.625000,P1,1,74,630.500000
RH,77,522.625000,P1,1,77,630.500000
LH,55,522.875000,P1,5,55,630.750000
LH,48,523.000000,P1,5,48,631.000000
RH,72,523.000000,P1,1,72,631.000000
RH,76,523.000000,P1,1,76,631.000000
LH,55,523.250000,P1,5,55,631.250000
LH,54,523.375000,P1,5,54,631.500000
RH,72,523.375000,P1,1,72,631.500000
RH,76,523.375000,P1,1,76,631.500000
LH,55,523.625000,P1,5,55,631.750000
LH,43,523.875000,P1,5,43,632.000000
RH,71,523.875000,P1,1,71,632.000000
RH,74,523.875000,P1,1,74,632.000000
RH,79,524.125000,P1,1,79,632.250000
RH,78,524.250000,P1,1,78,632.500000
RH,76,524.500000,P1,1,76,632.750000
RH,74,524.666667,P1,1,74,633.000000
RH,72,524.875000,P1,1,72,633.250000
RH,71,525.000000,P1,1,71,633.500000
RH,69,525.250000,P1,1,69,633.750000
RH,67,525.375000,P1,1,67,634.000000
LH,55,525.625000,P1,5,55,634.250000
RH,67,525.625000,P1,1,67,634.250000
LH,54,525.750000,P1,5,54,634.500000
RH,66,525.875000,P1,1,66,634.500000
LH,52,526.000000,P1,5,52,634.750000
RH,64,526.000000,P1,1,64,634.750000
LH,50,526.125000,P1,5,50,635.000000
RH,62,526.125000,P1,1,62,635.000000
LH,48,526.375000,P1,5,48,635.250000
RH,60,526.375000,P1,1,60,635.250000
LH,47,526.500000,P1,5,47,635.500000
LH,59,526.500000,P1,1,59,635.500000
LH,45,526.750000,P1,5,45,635.750000
LH,57,526.750000,P1,1,57,635.750000
LH,43,527.000000,P1,5,43,636.000000
LH,55,527.000000,P1,1,55,636.000000
RH,60,530.666667,P1,5,60,640.000000
RH,63,531.125000,P1,5,63,640.500000
RH,78,531.125000,P1,2,78,640.750000
RH,79,531.333333,P1,2,79,640.875000
RH,67,531.500000,P1,5,67,641.000000
RH,81,531.500000,P1,1,81,641.000000
RH,83,531.875000,P1,1,83,641.500000
RH,63,532.000000,P1,5,63,641.500000
RH,84,532.333333,P1,1,84,642.000000
RH,67,532.375000,P1,5,67,642.000000
RH,86,532.666667,P1,1,86,642.500000
RH,63,532.750000,P1,5,63,642.500000
RH,60,533.000000,P1,5,60,643.000000
RH,87,533.000000,P1,1,87,643.000000
RH,63,533.500000,P1,5,63,643.500000
RH,79,533.500000,P1,1,79,643.500000
RH,60,533.875000,P1,5,60,644.000000
RH,62,534.250000,P1,5,62,644.500000
RH,78,534.250000,P1,1,78,644.500000
RH,69,534.666667,P1,5,69,645.000000
RH,78,534.666667,P1,1,78,645.000000
RH,62,535.000000,P1,5,62,645.500000
RH,78,535.000000,P1,1,78,645.500000
RH,69,535.500000,P1,5,69,646.000000
RH,78,535.500000,P1,1,78,646.000000
RH,62,535.875000,P1,5,62,646.500000
RH,60,536.250000,P1,5,60,647.000000
RH,62,536.666667,P1,5,62,647.500000
LH,59,537.125000,P1,5,59,648.000000
RH,77,537.125000,P1,1,77,648.000000
RH,83,537.500000,P1,1,83,648.500000
RH,62,537.625000,P1,5,62,648.500000
RH,86,537.875000,P1,1,86,649.000000
RH,67,538.000000,P1,5,67,649.000000
RH,62,538.333333,P1,5,62,649.500000
RH,83,538.333333,P1,1,83,649.500000
RH,67,538.750000,P1,5,67,650.000000
RH,89,538.750000,P1,1,89,650.000000
RH,62,539.125000,P1,5,62,650.500000
RH,86,539.125000,P1,1,86,650.500000
LH,59,539.500000,P1,5,59,651.000000
RH,83,539.500000,P1,1,83,651.000000
RH,62,539.875000,P1,5,62,651.500000
RH,77,539.875000,P1,1,77,651.500000
LH,58,540.333333,P1,5,58,652.000000
RH,76,540.333333,P1,1,76,652.000000
RH,60,540.750000,P1,5,60,652.500000
RH,85,540.750000,P1,1,85,652.500000
RH,67,541.125000,P1,5,67,653.000000
RH,84,541.125000,P1,1,84,653.000000
RH,60,541.500000,P1,5,60,653.500000
RH,82,541.500000,P1,1,82,653.500000
RH,67,541.875000,P1,5,67,654.000000
RH,80,541.875000,P1,1,80,654.000000
RH,60,542.250000,P1,5,60,654.500000
RH,79,542.250000,P1,1,79,654.500000
LH,58,542.666667,P1,5,58,655.000000
RH,77,542.666667,P1,1,77,655.000000
RH,60,543.000000,P1,5,60,655.500000
RH,76,543.000000,P1,1,76,655.500000
LH,56,543.500000,P1,5,56,656.000000
RH,79,543.500000,P1,1,79,656.000000
RH,60,544.000000,P1,5,60,656.500000
RH,65,544.333333,P1,5,65,657.000000
RH,77,544.333333,P1,1,77,657.000000
RH,60,544.750000,P1,5,60,657.500000
LH,55,545.125000,P1,5,55,658.000000
RH,60,545.500000,P1,5,60,658.500000
RH,63,545.875000,P1,5,63,659.000000
RH,75,545.875000,P1,1,75,659.000000
RH,60,546.250000,P1,5,60,659.500000
LH,54,546.750000,P1,5,54,660.000000
LH,57,547.125000,P1,5,57,660.500000
RH,62,547.500000,P1,5,62,661.000000
RH,74,547.500000,P1,1,74,661.000000
LH,57,547.875000,P1,5,57,661.500000
LH,54,548.250000,P1,5,54,662.000000
LH,57,548.750000,P1,5,57,662.500000
LH,54,549.125000,P1,5,54,663.000000
RH,84,549.125000,P1,1,84,663.000000
LH,50,549.500000,P1,5,50,663.500000
LH,55,550.000000,P1,5,55,664.000000
RH,82,550.000000,P1,1,82,664.000000
LH,58,550.500000,P1,5,58,664.500000
RH,74,550.500000,P1,1,74,664.500000
RH,62,550.875000,P1,5,62,665.000000
RH,76,550.875000,P1,1,76,665.000000
LH,58,551.333333,P1,5,58,665.500000
RH,78,551.333333,P1,1,78,665.500000
RH,62,551.666667,P1,5,62,666.000000
RH,79,551.666667,P1,1,79,666.000000
LH,58,552.000000,P1,5,58,666.500000
RH,81,552.000000,P1,1,81,666.500000
LH,55,552.500000,P1,5,55,667.000000
RH,82,552.500000,P1,1,82,667.000000
LH,58,552.875000,P1,5,58,667.500000
RH,74,552.875000,P1,1,74,667.500000
LH,55,553.250000,P1,5,55,668.000000
LH,57,553.625000,P1,5,57,668.500000
RH,73,553.625000,P1,1,73,668.500000
RH,64,554.000000,P1,5,64,669.000000
RH,73,554.000000,P1,1,73,669.000000
LH,57,554.375000,P1,5,57,669.500000
RH,73,554.375000,P1,1,73,669.500000
RH,64,554.875000,P1,5,64,670.000000
RH,73,554.875000,P1,1,73,670.000000
LH,57,555.125000,P1,5,57,670.500000
LH,55,555.625000,P1,5,55,671.000000
LH,57,556.000000,P1,5,57,671.500000
LH,54,556.500000,P1,5,54,672.000000
RH,72,556.500000,P1,1,72,672.000000
LH,57,556.875000,P1,5,57,672.500000
RH,78,556.875000,P1,1,78,672.500000
RH,62,557.250000,P1,5,62,673.000000
RH,81,557.250000,P1,1,81,673.000000
LH,57,557.625000,P1,5,57,673.500000
RH,78,557.625000,P1,1,78,673.500000
RH,62,558.000000,P1,5,62,674.000000
RH,84,558.000000,P1,1,84,674.000000
LH,57,558.375000,P1,5,57,674.500000
RH,81,558.375000,P1,1,81,674.500000
LH,54,558.750000,P1,5,54,675.000000
RH,78,558.750000,P1,1,78,675.000000
LH,57,559.125000,P1,5,57,675.500000
RH,72,559.125000,P1,1,72,675.500000
LH,53,559.625000,P1,5,53,676.000000
RH,71,559.625000,P1,1,71,676.000000
RH,80,560.000000,P1,1,80,676.500000
LH,55,560.125000,P1,5,55,676.500000
RH,62,560.375000,P1,5,62,677.000000
RH,79,560.375000,P1,1,79,677.000000
LH,55,560.750000,P1,5,55,677.500000
RH,77,560.750000,P1,1,77,677.500000
RH,62,561.250000,P1,5,62,678.000000
RH,75,561.250000,P1,1,75,678.000000
LH,55,561.625000,P1,5,55,678.500000
RH,74,561.625000,P1,1,74,678.500000
LH,53,562.000000,P1,5,53,679.000000
RH,72,562.000000,P1,1,72,679.000000
LH,55,562.333333,P1,5,55,679.500000
RH,71,562.333333,P1,1,71,679.500000
RH,74,562.750000,P1,1,74,680.000000
LH,51,562.875000,P1,5,51,680.000000
LH,55,563.250000,P1,5,55,680.500000
RH,60,563.625000,P1,5,60,681.000000
RH,72,563.625000,P1,1,72,681.000000
LH,55,564.000000,P1,5,55,681.500000
LH,50,564.375000,P1,5,50,682.000000
LH,55,564.750000,P1,5,55,682.500000
LH,58,565.250000,P1,5,58,683.000000
RH,70,565.250000,P1,1,70,683.000000
LH,55,565.625000,P1,5,55,683.500000
LH,49,566.000000,P1,5,49,684.000000
LH,52,566.375000,P1,5,52,684.500000
LH,57,566.750000,P1,5,57,685.000000
RH,69,566.750000,P1,1,69,685.000000
LH,52,567.250000,P1,5,52,685.500000
LH,49,567.625000,P1,5,49,686.000000
LH,52,568.000000,P1,5,52,686.500000
LH,57,568.375000,P1,5,57,687.000000
RH,79,568.375000,P1,1,79,687.000000
RH,61,568.750000,P1,5,61,687.500000
RH,62,569.250000,P1,5,62,688.000000
RH,77,569.250000,P1,1,77,688.000000
RH,65,569.625000,P1,5,65,688.500000
RH,69,569.625000,P1,5,69,688.500000
RH,65,570.000000,P1,5,65,689.000000
RH,69,570.000000,P1,5,69,689.000000
RH,86,570.000000,P1,1,86,689.000000
RH,84,570.250000,P1,1,84,689.250000
RH,65,570.500000,P1,5,65,689.500000
RH,69,570.500000,P1,5,69,689.500000
RH,82,570.500000,P1,1,82,689.500000
RH,81,570.625000,P1,1,81,689.750000
RH,65,570.750000,P1,5,65,690.000000
RH,69,570.750000,P1,5,69,690.000000
RH,79,570.750000,P1,1,79,690.000000
RH,77,571.000000,P1,1,77,690.250000
RH,69,571.125000,P1,5,69,690.500000
RH,76,571.125000,P1,1,76,690.500000
RH,65,571.250000,P1,5,65,690.500000
RH,74,571.333333,P1,1,74,690.750000
RH,67,571.500000,P1,5,67,691.000000
RH,69,571.500000,P1,5,69,691.000000
RH,73,571.500000,P1,1,73,691.000000
RH,74,571.666667,P1,1,74,691.250000
RH,67,571.875000,P1,5,67,691.500000
RH,69,571.875000,P1,5,69,691.500000
RH,76,571.875000,P1,1,76,691.500000
RH,73,572.125000,P1,1,73,691.750000
RH,62,572.250000,P1,5,62,692.000000
RH,74,572.250000,P1,1,74,692.000000
RH,65,572.666667,P1,5,65,692.500000
RH,69,572.666667,P1,5,69,692.500000
RH,65,573.125000,P1,5,65,693.000000
RH,69,573.125000,P1,5,69,693.000000
RH,65,573.500000,P1,5,65,693.500000
RH,69,573.500000,P1,5,69,693.500000
LH,55,573.875000,P1,5,55,694.000000
RH,71,573.875000,P1,1,71,694.000000
RH,74,573.875000,P1,1,74,694.000000
RH,83,573.875000,P1,1,83,694.000000
RH,79,574.000000,P1,1,79,694.000000
RH,65,574.333333,P1,5,65,694.500000
RH,67,574.333333,P1,5,67,694.500000
RH,65,574.750000,P1,5,65,695.000000
RH,67,574.750000,P1,5,67,695.000000
RH,65,575.125000,P1,5,65,695.500000
RH,67,575.125000,P1,5,67,695.500000
RH,60,575.500000,P1,5,60,696.000000
RH,72,575.500000,P1,1,72,696.000000
RH,75,575.500000,P1,1,75,696.000000
RH,84,575.500000,P1,1,84,696.000000
RH,63,576.000000,P1,5,63,696.500000
RH,67,576.000000,P1,5,67,696.500000
RH,63,576.375000,P1,5,63,697.000000
RH,67,576.375000,P1,5,67,697.000000
RH,84,576.375000,P1,1,84,697.000000
RH,82,576.500000,P1,1,82,697.250000
RH,63,576.750000,P1,5,63,697.500000
RH,67,576.750000,P1,5,67,697.500000
RH,80,576.750000,P1,1,80,697.500000
RH,79,576.875000,P1,1,79,697.750000
RH,63,577.125000,P1,5,63,698.000000
RH,67,577.125000,P1,5,67,698.000000
RH,77,577.125000,P1,1,77,698.000000
RH,75,577.333333,P1,1,75,698.250000
RH,63,577.500000,P1,5,63,698.500000
RH,67,577.500000,P1,5,67,698.500000
RH,74,577.500000,P1,1,74,698.500000
RH,72,577.625000,P1,1,72,698.750000
RH,65,577.750000,P1,5,65,699.000000
RH,67,577.750000,P1,5,67,699.000000
RH,71,577.750000,P1,1,71,699.000000
RH,72,578.000000,P1,1,72,699.250000
RH,65,578.125000,P1,5,65,699.500000
RH,67,578.125000,P1,5,67,699.500000
RH,74,578.125000,P1,1,74,699.500000
RH,71,578.333333,P1,1,71,699.750000
RH,60,578.500000,P1,5,60,700.000000
RH,72,578.500000,P1,1,72,700.000000
RH,63,579.000000,P1,5,63,700.500000
RH,67,579.000000,P1,5,67,700.500000
RH,63,579.375000,P1,5,63,701.000000
RH,67,579.375000,P1,5,67,701.000000
RH,63,579.750000,P1,5,63,701.500000
RH,67,579.750000,P1,5,67,701.500000
LH,44,580.125000,P1,5,44,702.000000
RH,66,580.125000,P1,1,66,702.000000
RH,78,580.125000,P1,1,78,702.000000
RH,72,580.250000,P1,1,72,702.000000
LH,56,580.625000,P1,5,56,702.500000
RH,60,580.625000,P1,5,60,702.500000
LH,56,581.000000,P1,5,56,703.000000
RH,60,581.000000,P1,5,60,703.000000
LH,56,581.375000,P1,5,56,703.500000
RH,60,581.375000,P1,5,60,703.500000
LH,43,581.875000,P1,5,43,704.000000
RH,67,581.875000,P1,1,67,704.000000
RH,71,581.875000,P1,1,71,704.000000
RH,79,581.875000,P1,1,79,704.000000
LH,59,582.333333,P1,5,59,704.500000
RH,62,582.333333,P1,5,62,704.500000
LH,59,582.750000,P1,5,59,705.000000
RH,62,582.750000,P1,5,62,705.000000
RH,79,582.750000,P1,1,79,705.000000
RH,78,582.875000,P1,1,78,705.250000
LH,59,583.125000,P1,5,59,705.500000
RH,62,583.125000,P1,5,62,705.500000
RH,76,583.125000,P1,1,76,705.500000
RH,74,583.250000,P1,1,74,705.750000
LH,59,583.500000,P1,5,59,706.000000
RH,62,583.500000,P1,5,62,706.000000
RH,72,583.500000,P1,1,72,706.000000
RH,71,583.666667,P1,1,71,706.250000
LH,59,583.750000,P1,5,59,706.500000
RH,62,583.750000,P1,5,62,706.500000
RH,69,583.750000,P1,1,69,706.500000
RH,67,584.000000,P1,1,67,706.750000
LH,55,584.125000,P1,5,55,707.000000
RH,66,584.125000,P1,1,66,707.000000
RH,67,584.375000,P1,1,67,707.250000
RH,60,584.625000,P1,5,60,707.500000
RH,62,584.625000,P1,5,62,707.500000
RH,69,584.625000,P1,1,69,707.500000
LH,55,585.000000,P1,5,55,708.000000
RH,67,585.000000,P1,1,67,708.000000
LH,59,585.375000,P1,5,59,708.500000
RH,62,585.375000,P1,5,62,708.500000
LH,59,585.875000,P1,5,59,709.000000
RH,62,585.875000,P1,5,62,709.000000
RH,79,585.875000,P1,1,79,709.000000
RH,78,586.000000,P1,1,78,709.250000
LH,59,586.250000,P1,5,59,709.500000
RH,62,586.250000,P1,5,62,709.500000
RH,76,586.250000,P1,1,76,709.500000
RH,74,586.375000,P1,1,74,709.750000
LH,59,586.625000,P1,5,59,710.000000
RH,62,586.625000,P1,5,62,710.000000
RH,72,586.625000,P1,1,72,710.000000
RH,71,586.750000,P1,1,71,710.250000
LH,59,586.875000,P1,5,59,710.500000
RH,69,586.875000,P1,1,69,710.500000
RH,62,587.000000,P1,5,62,710.500000
RH,67,587.125000,P1,1,67,710.750000
LH,55,587.333333,P1,5,55,711.000000
RH,66,587.333333,P1,1,66,711.000000
RH,67,587.500000,P1,1,67,711.250000
RH,60,587.666667,P1,5,60,711.500000
RH,62,587.666667,P1,5,62,711.500000
RH,69,587.666667,P1,1,69,711.500000
RH,66,587.875000,P1,1,66,711.750000
LH,55,588.125000,P1,5,55,712.000000
LH,59,588.125000,P1,5,59,712.000000
RH,62,588.125000,P1,5,62,712.000000
RH,69,588.500000,P1,2,69,712.500000
RH,67,588.625000,P1,2,67,712.666667
RH,66,588.750000,P1,2,66,712.833333
RH,72,590.000000,P1,2,72,714.500000
RH,70,590.125000,P1,1,70,714.500000
RH,71,590.125000,P1,2,71,714.666667
RH,76,591.500000,P1,2,76,716.500000
RH,74,591.666667,P1,2,74,716.666667
RH,73,591.750000,P1,2,73,716.833333
RH,79,593.000000,P1,1,79,718.000000
RH,77,593.500000,P1,1,77,718.500000
RH,76,593.875000,P1,1,76,719.000000
RH,74,594.250000,P1,1,74,719.500000
LH,48,594.875000,P1,5,48,720.000000
LH,52,594.875000,P1,5,52,720.000000
LH,55,594.875000,P1,5,55,720.000000
RH,60,594.875000,P1,5,60,720.000000
RH,72,594.875000,P1,1,72,720.000000
RH,67,595.250000,P1,1,67,720.500000
RH,66,595.666667,P1,1,66,721.000000
RH,67,596.000000,P1,1,67,721.500000
RH,72,596.500000,P1,1,72,722.000000
RH,67,596.875000,P1,1,67,722.500000
RH,76,597.333333,P1,1,76,723.000000
RH,67,597.750000,P1,1,67,723.500000
LH,52,598.125000,P1,6,52,724.000000
RH,79,598.125000,P1,1,79,724.000000
LH,55,598.500000,P1,5,55,724.500000
LH,54,599.000000,P1,5,54,725.000000
LH,55,599.333333,P1,5,55,725.500000
RH,60,599.750000,P1,5,60,726.000000
RH,76,599.750000,P1,1,76,726.000000
LH,55,600.125000,P1,5,55,726.500000
RH,64,600.500000,P1,5,64,727.000000
RH,72,600.625000,P1,1,72,727.000000
LH,55,600.875000,P1,5,55,727.500000
LH,53,601.375000,P1,6,53,728.000000
RH,65,601.375000,P1,5,65,728.000000
RH,71,601.375000,P1,1,71,728.000000
RH,67,601.750000,P1,1,67,728.500000
RH,66,602.250000,P1,1,66,729.000000
RH,67,602.500000,P1,1,67,729.500000
RH,62,603.000000,P1,5,62,730.000000
RH,71,603.000000,P1,1,71,730.000000
RH,67,603.375000,P1,1,67,730.500000
LH,59,603.750000,P1,5,59,731.000000
RH,74,603.750000,P1,1,74,731.000000
RH,67,604.125000,P1,1,67,731.500000
LH,50,604.625000,P1,6,50,732.000000
RH,77,604.625000,P1,1,77,732.000000
LH,55,605.125000,P1,5,55,732.500000
LH,54,605.500000,P1,5,54,733.000000
LH,55,605.875000,P1,5,55,733.500000
LH,59,606.250000,P1,5,59,734.000000
RH,74,606.250000,P1,1,74,734.000000
LH,55,606.666667,P1,5,55,734.500000
RH,62,607.000000,P1,5,62,735.000000
RH,71,607.000000,P1,1,71,735.000000
LH,55,607.375000,P1,5,55,735.500000
LH,52,607.875000,P1,6,52,736.000000
RH,64,607.875000,P1,5,64,736.000000
RH,72,607.875000,P1,1,72,736.000000
RH,67,608.250000,P1,1,67,736.500000
RH,66,608.750000,P1,1,66,737.000000
RH,67,609.125000,P1,1,67,737.500000
RH,60,609.500000,P1,5,60,738.000000
RH,72,609.500000,P1,1,72,738.000000
RH,67,609.875000,P1,1,67,738.500000
LH,55,610.250000,P1,5,55,739.000000
RH,76,610.250000,P1,1,76,739.000000
RH,72,610.666667,P1,1,72,739.500000
LH,48,611.125000,P1,5,48,740.000000
LH,52,611.125000,P1,5,52,740.000000
LH,55,611.125000,P1,5,55,740.000000
LH,57,611.125000,P1,5,57,740.000000
RH,79,611.125000,P1,1,79,740.000000
RH,76,611.500000,P1,1,76,740.500000
RH,84,611.875000,P1,1,84,741.000000
RH,79,612.250000,P1,1,79,741.500000
RH,88,612.875000,P1,1,88,742.000000
RH,86,613.250000,P1,1,86,742.500000
RH,84,613.666667,P1,1,84,743.000000
RH,83,614.000000,P1,1,83,743.500000
LH,50,614.500000,P1,5,50,744.000000
LH,54,614.500000,P1,5,54,744.000000
LH,57,614.500000,P1,5,57,744.000000
RH,60,614.500000,P1,5,60,744.000000
RH,81,614.500000,P1,1,81,744.000000
RH,79,614.875000,P1,1,79,744.500000
RH,78,615.250000,P1,1,78,745.000000
RH,76,615.625000,P1,1,76,745.500000
RH,74,616.000000,P1,1,74,746.000000
RH,72,616.375000,P1,1,72,746.500000
RH,71,616.750000,P1,1,71,747.000000
RH,69,617.250000,P1,1,69,747.500000
LH,55,617.625000,P1,5,55,748.000000
LH,59,617.625000,P1,5,59,748.000000
RH,67,617.625000,P1,1,67,748.000000
RH,66,618.000000,P1,1,66,748.500000
RH,67,618.375000,P1,1,67,749.000000
RH,69,618.750000,P1,1,69,749.500000
RH,67,619.250000,P1,1,67,750.000000
RH,65,619.625000,P1,1,65,750.500000
RH,64,620.000000,P1,1,64,751.000000
RH,62,620.375000,P1,1,62,751.500000
LH,48,620.750000,P1,5,48,752.000000
RH,60,620.875000,P1,1,60,752.000000
LH,55,621.333333,P1,5,55,752.500000
LH,54,621.750000,P1,5,54,753.000000
LH,55,622.125000,P1,5,55,753.500000
RH,60,622.500000,P1,5,60,754.000000
LH,55,622.875000,P1,5,55,754.500000
RH,64,623.250000,P1,5,64,755.000000
LH,55,623.625000,P1,5,55,755.500000
LH,52,624.000000,P1,6,52,756.000000
RH,67,624.000000,P1,5,67,756.000000
RH,79,624.500000,P1,1,79,756.500000
RH,78,624.875000,P1,1,78,757.000000
RH,79,625.250000,P1,1,79,757.500000
RH,64,625.625000,P1,5,64,758.000000
RH,84,625.625000,P1,1,84,758.000000
RH,79,626.000000,P1,1,79,758.500000
RH,60,626.375000,P1,5,60,759.000000
RH,88,626.375000,P1,1,88,759.000000
RH,79,626.750000,P1,1,79,759.500000
LH,50,627.250000,P1,6,50,760.000000
LH,59,627.250000,P1,5,59,760.000000
RH,89,627.250000,P1,1,89,760.000000
LH,55,627.666667,P1,5,55,760.500000
LH,54,628.000000,P1,5,54,761.000000
LH,55,628.375000,P1,5,55,761.500000
LH,59,628.750000,P1,5,59,762.000000
RH,86,628.750000,P1,1,86,762.000000
LH,55,629.250000,P1,5,55,762.500000
RH,62,629.625000,P1,5,62,763.000000
RH,83,629.625000,P1,1,83,763.000000
LH,55,630.000000,P1,5,55,763.500000
LH,53,630.375000,P1,6,53,764.000000
RH,65,630.375000,P1,5,65,764.000000
RH,79,630.750000,P1,1,79,764.500000
RH,78,631.250000,P1,1,78,765.000000
RH,79,631.625000,P1,1,79,765.500000
RH,62,632.000000,P1,5,62,766.000000
RH,83,632.000000,P1,1,83,766.000000
RH,79,632.333333,P1,1,79,766.500000
LH,59,632.750000,P1,5,59,767.000000
RH,86,632.750000,P1,1,86,767.000000
RH,79,633.125000,P1,1,79,767.500000
LH,52,633.625000,P1,5,52,768.000000
RH,60,633.625000,P1,5,60,768.000000
RH,88,633.625000,P1,1,88,768.000000
RH,72,634.000000,P1,1,72,768.500000
RH,71,634.375000,P1,1,71,769.000000
RH,72,634.750000,P1,1,72,769.500000
RH,76,635.125000,P1,1,76,770.000000
RH,72,635.500000,P1,1,72,770.500000
RH,79,635.875000,P1,1,79,771.000000
RH,72,636.333333,P1,1,72,771.500000
LH,40,636.750000,P1,5,40,772.000000
LH,43,636.750000,P1,5,43,772.000000
LH,48,636.750000,P1,5,48,772.000000
LH,52,636.750000,P1,5,52,772.000000
RH,82,636.750000,P1,1,82,772.000000
RH,79,637.125000,P1,1,79,772.500000
RH,76,637.500000,P1,1,76,773.000000
RH,72,638.000000,P1,1,72,773.500000
RH,70,638.333333,P1,1,70,774.000000
RH,67,638.666667,P1,1,67,774.500000
RH,64,639.125000,P1,1,64,775.000000
LH,58,639.500000,P1,1,58,775.500000
LH,41,640.125000,P1,5,41,776.000000
LH,45,640.125000,P1,5,45,776.000000
LH,48,640.125000,P1,5,48,776.000000
LH,53,640.125000,P1,5,53,776.000000
LH,57,640.125000,P1,1,57,776.000000
RH,60,640.333333,P1,1,60,776.250000
RH,65,640.500000,P1,1,65,776.500000
RH,69,640.750000,P1,1,69,776.750000
LH,53,641.000000,P1,5,53,777.000000
LH,57,641.000000,P1,5,57,777.000000
RH,60,641.000000,P1,1,60,777.000000
RH,72,641.125000,P1,1,72,777.250000
LH,53,641.333333,P1,5,53,777.500000
LH,57,641.333333,P1,5,57,777.500000
RH,60,641.333333,P1,1,60,777.500000
RH,72,641.625000,P1,1,72,777.750000
LH,53,641.750000,P1,5,53,778.000000
LH,57,641.750000,P1,5,57,778.000000
RH,60,641.750000,P1,1,60,778.000000
RH,65,642.000000,P1,1,65,778.250000
RH,69,642.125000,P1,1,69,778.500000
RH,72,642.375000,P1,1,72,778.750000
LH,57,642.625000,P1,5,57,779.000000
RH,60,642.625000,P1,5,60,779.000000
RH,65,642.625000,P1,1,65,779.000000
RH,77,642.750000,P1,1,77,779.250000
LH,57,643.000000,P1,5,57,779.500000
RH,60,643.000000,P1,5,60,779.500000
RH,65,643.000000,P1,1,65,779.500000
RH,77,643.125000,P1,1,77,779.750000
LH,57,643.375000,P1,5,57,780.000000
RH,60,643.375000,P1,5,60,780.000000
RH,65,643.375000,P1,1,65,780.000000
RH,69,643.500000,P1,1,69,780.250000
RH,72,643.750000,P1,1,72,780.500000
RH,77,644.000000,P1,1,77,780.750000
RH,60,644.125000,P1,5,60,781.000000
RH,65,644.125000,P1,5,65,781.000000
RH,69,644.125000,P1,1,69,781.000000
RH,81,644.333333,P1,1,81,781.250000
RH,60,644.500000,P1,5,60,781.500000
RH,65,644.500000,P1,5,65,781.500000
RH,69,644.500000,P1,1,69,781.500000
RH,81,644.750000,P1,1,81,781.750000
RH,60,645.000000,P1,5,60,782.000000
RH,65,645.000000,P1,5,65,782.000000
RH,69,645.000000,P1,1,69,782.000000
RH,81,645.125000,P1,1,81,782.250000
RH,77,645.333333,P1,1,77,782.500000
RH,72,645.500000,P1,1,72,782.750000
RH,69,645.750000,P1,1,69,783.000000
RH,65,645.875000,P1,1,65,783.250000
RH,60,646.125000,P1,1,60,783.500000
LH,57,646.250000,P1,1,57,783.750000
LH,41,646.500000,P1,5,41,784.000000
LH,50,646.500000,P1,5,50,784.000000
LH,53,646.500000,P1,5,53,784.000000
LH,59,646.500000,P1,1,59,784.000000
RH,62,646.666667,P1,1,62,784.250000
RH,67,646.875000,P1,1,67,784.500000
RH,71,647.125000,P1,1,71,784.750000
LH,53,647.333333,P1,5,53,785.000000
LH,59,647.333333,P1,5,59,785.000000
RH,62,647.333333,P1,1,62,785.000000
RH,74,647.500000,P1,1,74,785.250000
LH,53,647.666667,P1,5,53,785.500000
LH,59,647.666667,P1,5,59,785.500000
RH,62,647.666667,P1,1,62,785.500000
RH,74,647.875000,P1,1,74,785.750000
LH,53,648.125000,P1,5,53,786.000000
LH,59,648.125000,P1,5,59,786.000000
RH,62,648.125000,P1,1,62,786.000000
RH,67,648.333333,P1,1,67,786.250000
RH,71,648.500000,P1,1,71,786.500000
RH,74,648.666667,P1,1,74,786.750000
RH,62,648.875000,P1,5,62,787.000000
RH,67,648.875000,P1,1,67,787.000000
LH,59,649.000000,P1,5,59,787.000000
RH,79,649.125000,P1,1,79,787.250000
LH,59,649.333333,P1,5,59,787.500000
RH,62,649.333333,P1,5,62,787.500000
RH,67,649.333333,P1,1,67,787.500000
RH,79,649.500000,P1,1,79,787.750000
LH,59,649.750000,P1,5,59,788.000000
RH,62,649.750000,P1,5,62,788.000000
RH,67,649.750000,P1,1,67,788.000000
RH,71,649.875000,P1,1,71,788.250000
RH,74,650.125000,P1,1,74,788.500000
RH,79,650.333333,P1,1,79,788.750000
RH,65,650.500000,P1,5,65,789.000000
RH,71,650.500000,P1,1,71,789.000000
RH,62,650.625000,P1,5,62,789.000000
RH,83,650.750000,P1,1,83,789.250000
RH,62,650.875000,P1,5,62,789.500000
RH,65,650.875000,P1,5,65,789.500000
RH,71,650.875000,P1,1,71,789.500000
RH,83,651.125000,P1,1,83,789.750000
RH,62,651.333333,P1,5,62,790.000000
RH,65,651.333333,P1,5,65,790.000000
RH,71,651.333333,P1,1,71,790.000000
RH,83,651.500000,P1,1,83,790.250000
RH,79,651.750000,P1,1,79,790.500000
RH,74,651.875000,P1,1,74,790.750000
RH,71,652.125000,P1,1,71,791.000000
RH,67,652.250000,P1,1,67,791.250000
RH,62,652.500000,P1,1,62,791.500000
LH,59,652.625000,P1,1,59,791.750000
LH,40,652.875000,P1,5,40,792.000000
LH,48,652.875000,P1,5,48,792.000000
LH,52,652.875000,P1,5,52,792.000000
RH,60,652.875000,P1,1,60,792.000000
RH,64,653.125000,P1,1,64,792.250000
RH,67,653.333333,P1,1,67,792.500000
RH,72,653.500000,P1,1,72,792.750000
LH,55,653.750000,P1,5,55,793.000000
RH,60,653.750000,P1,5,60,793.000000
RH,64,653.750000,P1,1,64,793.000000
RH,76,654.000000,P1,1,76,793.250000
RH,60,654.125000,P1,5,60,793.500000
RH,64,654.125000,P1,1,64,793.500000
RH,76,654.333333,P1,1,76,793.750000
LH,55,654.500000,P1,5,55,794.000000
RH,60,654.500000,P1,5,60,794.000000
RH,64,654.500000,P1,1,64,794.000000
RH,67,654.750000,P1,1,67,794.250000
RH,72,654.875000,P1,1,72,794.500000
RH,76,655.125000,P1,1,76,794.750000
RH,60,655.333333,P1,5,60,795.000000
RH,64,655.333333,P1,5,64,795.000000
RH,67,655.333333,P1,1,67,795.000000
RH,79,655.500000,P1,1,79,795.250000
RH,60,655.666667,P1,5,60,795.500000
RH,64,655.666667,P1,5,64,795.500000
RH,67,655.666667,P1,1,67,795.500000
RH,79,655.875000,P1,1,79,795.750000
RH,60,656.125000,P1,5,60,796.000000
RH,64,656.125000,P1,5,64,796.000000
RH,67,656.125000,P1,1,67,796.000000
RH,72,656.333333,P1,1,72,796.250000
RH,76,656.500000,P1,1,76,796.500000
RH,79,656.750000,P1,1,79,796.750000
RH,64,657.000000,P1,5,64,797.000000
RH,67,657.000000,P1,5,67,797.000000
RH,72,657.000000,P1,1,72,797.000000
RH,84,657.125000,P1,1,84,797.250000
RH,64,657.333333,P1,5,64,797.500000
RH,67,657.333333,P1,5,67,797.500000
RH,72,657.333333,P1,1,72,797.500000
RH,84,657.500000,P1,1,84,797.750000
RH,64,657.750000,P1,5,64,798.000000
RH,67,657.750000,P1,5,67,798.000000
RH,72,657.750000,P1,1,72,798.000000
RH,76,658.000000,P1,1,76,798.250000
RH,79,658.125000,P1,1,79,798.500000
RH,84,658.375000,P1,1,84,798.750000
RH,67,658.625000,P1,5,67,799.000000
RH,72,658.625000,P1,5,72,799.000000
RH,76,658.625000,P1,1,76,799.000000
RH,88,658.875000,P1,1,88,799.250000
RH,67,659.000000,P1,5,67,799.500000
RH,72,659.000000,P1,5,72,799.500000
RH,76,659.000000,P1,1,76,799.500000
RH,88,659.250000,P1,1,88,799.750000
RH,67,659.375000,P1,5,67,800.000000
RH,72,659.375000,P1,5,72,800.000000
RH,76,659.375000,P1,1,76,800.000000
RH,88,659.625000,P1,1,88,800.250000
RH,66,659.875000,P1,5,66,800.500000
RH,72,659.875000,P1,5,72,800.500000
RH,75,659.875000,P1,1,75,800.500000
RH,87,660.000000,P1,1,87,800.750000
RH,69,660.250000,P1,5,69,801.000000
RH,72,660.250000,P1,5,72,801.000000
RH,77,660.250000,P1,1,77,801.000000
RH,89,660.375000,P1,1,89,801.250000
RH,67,660.625000,P1,5,67,801.500000
RH,72,660.625000,P1,5,72,801.500000
RH,76,660.625000,P1,1,76,801.500000
RH,88,660.875000,P1,1,88,801.750000
RH,67,661.000000,P1,5,67,802.000000
RH,72,661.000000,P1,5,72,802.000000
RH,76,661.000000,P1,1,76,802.000000
RH,88,661.250000,P1,1,88,802.250000
RH,66,661.500000,P1,5,66,802.500000
RH,72,661.500000,P1,5,72,802.500000
RH,75,661.500000,P1,1,75,802.500000
RH,87,661.666667,P1,1,87,802.750000
RH,69,661.875000,P1,5,69,803.000000
RH,72,661.875000,P1,5,72,803.000000
RH,77,661.875000,P1,1,77,803.000000
RH,89,662.000000,P1,1,89,803.250000
RH,67,662.250000,P1,5,67,803.500000
RH,72,662.250000,P1,5,72,803.500000
RH,76,662.250000,P1,1,76,803.500000
RH,88,662.500000,P1,1,88,803.750000
RH,67,662.666667,P1,5,67,804.000000
RH,72,662.666667,P1,5,72,804.000000
RH,76,662.666667,P1,1,76,804.000000
RH,88,662.875000,P1,1,88,804.250000
RH,66,663.000000,P1,5,66,804.500000
RH,72,663.000000,P1,5,72,804.500000
RH,75,663.000000,P1,1,75,804.500000
RH,87,663.250000,P1,1,87,804.750000
RH,69,663.500000,P1,5,69,805.000000
RH,72,663.500000,P1,5,72,805.000000
RH,77,663.500000,P1,1,77,805.000000
RH,89,663.666667,P1,1,89,805.250000
RH,67,663.875000,P1,5,67,805.500000
RH,72,663.875000,P1,5,72,805.500000
RH,76,663.875000,P1,1,76,805.500000
RH,88,664.000000,P1,1,88,805.750000
RH,67,664.250000,P1,5,67,806.000000
RH,72,664.250000,P1,5,72,806.000000
RH,76,664.250000,P1,1,76,806.000000
RH,88,664.500000,P1,1,88,806.250000
RH,66,664.666667,P1,5,66,806.500000
RH,72,664.666667,P1,5,72,806.500000
RH,75,664.666667,P1,1,75,806.500000
RH,87,664.875000,P1,1,87,806.750000
RH,69,665.125000,P1,5,69,807.000000
RH,72,665.125000,P1,5,72,807.000000
RH,77,665.125000,P1,1,77,807.000000
RH,89,665.250000,P1,1,89,807.250000
RH,67,665.500000,P1,5,67,807.500000
RH,72,665.500000,P1,5,72,807.500000
RH,76,665.500000,P1,1,76,807.500000
RH,88,665.625000,P1,1,88,807.750000
RH,76,665.875000,P1,1,76,808.000000
RH,88,665.875000,P1,1,88,808.000000
RH,60,666.333333,P1,5,60,808.500000
RH,72,666.333333,P1,5,72,808.500000
RH,74,666.750000,P1,1,74,809.000000
RH,79,666.750000,P1,1,79,809.000000
LH,59,667.125000,P1,5,59,809.500000
RH,71,667.125000,P1,5,71,809.500000
RH,72,667.500000,P1,1,72,810.000000
RH,84,667.500000,P1,1,84,810.000000
LH,57,668.000000,P1,5,57,810.500000
RH,69,668.000000,P1,5,69,810.500000
RH,71,668.375000,P1,1,71,811.000000
RH,76,668.375000,P1,1,76,811.000000
LH,55,668.750000,P1,5,55,811.500000
RH,67,668.750000,P1,5,67,811.500000
RH,69,669.250000,P1,1,69,812.000000
RH,81,669.250000,P1,1,81,812.000000
LH,53,669.625000,P1,5,53,812.500000
RH,65,669.625000,P1,5,65,812.500000
RH,67,670.000000,P1,1,67,813.000000
RH,72,670.000000,P1,1,72,813.000000
LH,52,670.375000,P1,5,52,813.500000
RH,64,670.375000,P1,5,64,813.500000
RH,65,670.875000,P1,1,65,814.000000
RH,77,670.875000,P1,1,77,814.000000
LH,50,671.250000,P1,5,50,814.500000
RH,62,671.250000,P1,5,62,814.500000
RH,64,671.625000,P1,1,64,815.000000
RH,69,671.625000,P1,1,69,815.000000
LH,48,672.125000,P1,5,48,815.500000
RH,60,672.125000,P1,5,60,815.500000
RH,62,672.500000,P1,1,62,816.000000
RH,74,672.500000,P1,1,74,816.000000
LH,47,672.875000,P1,5,47,816.500000
LH,59,672.875000,P1,5,59,816.500000
RH,60,673.333333,P1,1,60,817.000000
RH,66,673.333333,P1,1,66,817.000000
LH,45,673.666667,P1,5,45,817.500000
LH,57,673.666667,P1,5,57,817.500000
LH,59,674.125000,P1,1,59,818.000000
RH,71,674.125000,P1,1,71,818.000000
LH,43,674.500000,P1,5,43,818.500000
LH,55,674.500000,P1,5,55,818.500000
LH,57,675.000000,P1,1,57,819.000000
RH,62,675.000000,P1,1,62,819.000000
LH,53,675.333333,P1,5,53,819.500000
LH,55,675.750000,P1,1,55,820.000000
RH,67,675.750000,P1,1,67,820.000000
LH,40,676.125000,P1,5,40,820.500000
LH,52,676.125000,P1,5,52,820.500000
LH,59,676.625000,P1,1,59,821.000000
LH,55,676.666667,P1,1,55,821.000000
LH,38,677.000000,P1,5,38,821.500000
LH,50,677.000000,P1,5,50,821.500000
LH,52,677.375000,P1,1,52,822.000000
RH,60,677.375000,P1,1,60,822.000000
LH,36,677.750000,P1,5,36,822.500000
LH,48,677.750000,P1,5,48,822.500000
LH,50,678.250000,P1,1,50,823.000000
LH,55,678.250000,P1,1,55,823.000000
RH,62,678.250000,P1,1,62,823.000000
LH,35,678.625000,P1,5,35,823.500000
LH,47,678.625000,P1,5,47,823.500000
LH,52,679.125000,P1,1,52,824.000000
LH,55,679.125000,P1,1,55,824.000000
RH,60,679.125000,P1,1,60,824.000000
RH,64,679.125000,P1,1,64,824.000000
LH,36,680.000000,P1,5,36,825.000000
LH,48,680.000000,P1,5,48,825.000000
RH,60,681.000000,P1,1,60,826.000000
RH,64,681.250000,P1,1,64,826.333333
RH,67,681.500000,P1,1,67,826.666667
RH,72,681.750000,P1,1,72,827.000000
RH,76,681.875000,P1,1,76,827.250000
RH,79,682.000000,P1,1,79,827.500000
RH,84,682.250000,P1,1,84,827.750000
RH,72,682.375000,P1,1,72,828.000000
LH,32,683.250000,P1,5,32,829.000000
LH,44,683.250000,P1,5,44,829.000000
RH,60,684.250000,P1,1,60,830.000000
RH,64,684.500000,P1,1,64,830.333333
RH,68,684.750000,P1,1,68,830.666667
RH,72,685.000000,P1,1,72,831.000000
RH,76,685.125000,P1,1,76,831.250000
RH,80,685.333333,P1,1,80,831.500000
RH,84,685.500000,P1,1,84,831.750000
RH,72,685.666667,P1,1,72,832.000000
LH,33,686.625000,P1,5,33,833.000000
LH,45,686.625000,P1,5,45,833.000000
RH,60,687.500000,P1,1,60,834.000000
RH,64,687.750000,P1,1,64,834.333333
RH,69,688.000000,P1,1,69,834.666667
RH,72,688.250000,P1,1,72,835.000000
RH,76,688.375000,P1,1,76,835.250000
RH,81,688.500000,P1,1,81,835.500000
LH,41,689.125000,P1,5,41,836.000000
LH,53,689.125000,P1,5,53,836.000000
RH,65,689.125000,P1,1,65,836.000000
RH,77,689.125000,P1,1,77,836.000000
LH,43,690.875000,P1,5,43,838.000000
LH,55,690.875000,P1,5,55,838.000000
RH,67,690.875000,P1,1,67,838.000000
RH,79,690.875000,P1,1,79,838.000000
LH,36,692.625000,P1,5,36,840.000000
LH,48,692.625000,P1,5,48,840.000000
RH,60,692.625000,P1,1,60,840.000000
RH,72,692.625000,P1,1,72,840.000000
RH,65,694.625000,P1,1,65,842.000000
LH,53,694.666667,P1,5,53,842.000000
LH,53,695.375000,P1,5,53,843.000000
RH,65,695.375000,P1,1,65,843.000000
LH,55,696.125000,P1,6,55,844.000000
RH,67,696.125000,P1,2,67,844.000000
RH,65,696.250000,P1,2,65,844.125000
LH,55,696.500000,P1,6,55,844.250000
RH,65,696.500000,P1,2,65,844.375000
RH,67,696.500000,P1,2,67,844.250000
LH,53,696.666667,P1,5,53,844.750000
RH,64,696.666667,P1,1,64,844.500000
RH,65,696.750000,P1,1,65,844.750000
LH,50,696.875000,P1,5,50,845.000000
RH,62,696.875000,P1,1,62,845.000000
RH,71,698.250000,P1,1,71,846.000000
LH,55,698.333333,P1,5,55,846.000000
RH,62,698.333333,P1,5,62,846.000000
RH,65,698.333333,P1,1,65,846.000000
LH,48,700.000000,P1,5,48,848.000000
RH,60,700.000000,P1,5,60,848.000000
RH,64,700.000000,P1,1,64,848.000000
RH,72,700.000000,P1,1,72,848.000000
LH,53,701.750000,P1,5,53,850.000000
RH,65,701.750000,P1,1,65,850.000000
LH,53,702.500000,P1,5,53,851.000000
RH,65,702.500000,P1,1,65,851.000000
LH,55,703.333333,P1,6,55,852.000000
RH,67,703.333333,P1,2,67,852.000000
RH,65,703.500000,P1,2,65,852.125000
RH,67,703.625000,P1,2,67,852.250000
LH,55,703.666667,P1,6,55,852.250000
LH,53,703.750000,P1,5,53,852.750000
RH,64,703.750000,P1,1,64,852.500000
RH,65,703.750000,P1,2,65,852.375000
RH,65,704.000000,P1,1,65,852.750000
LH,50,704.125000,P1,5,50,853.000000
RH,62,704.125000,P1,1,62,853.000000
RH,65,705.625000,P1,5,65,854.000000
RH,67,705.625000,P1,1,67,854.000000
RH,71,705.625000,P1,1,71,854.000000
RH,74,705.625000,P1,1,74,854.000000
RH,76,707.333333,P1,1,76,856.000000
RH,60,707.375000,P1,5,60,856.000000
RH,64,707.375000,P1,5,64,856.000000
RH,72,707.375000,P1,1,72,856.000000
LH,53,709.125000,P1,5,53,858.000000
RH,65,709.125000,P1,1,65,858.000000
LH,53,709.875000,P1,5,53,859.000000
RH,65,709.875000,P1,1,65,859.000000
LH,55,710.666667,P1,6,55,860.000000
RH,67,710.666667,P1,2,67,860.000000
RH,65,710.875000,P1,2,65,860.125000
RH,67,711.000000,P1,2,67,860.250000
LH,55,711.125000,P1,6,55,860.250000
RH,65,711.125000,P1,2,65,860.375000
LH,53,711.250000,P1,5,53,860.750000
RH,64,711.250000,P1,1,64,860.500000
LH,50,711.375000,P1,5,50,861.000000
RH,65,711.375000,P1,1,65,860.750000
RH,62,711.500000,P1,1,62,861.000000
RH,60,712.250000,P1,6,60,862.000000
RH,72,712.250000,P1,2,72,862.000000
RH,71,712.375000,P1,2,71,862.125000
RH,72,712.500000,P1,2,72,862.250000
RH,60,712.625000,P1,6,60,862.250000
RH,71,712.666667,P1,2,71,862.375000
LH,59,712.750000,P1,5,59,862.750000
RH,69,712.750000,P1,1,69,862.500000
LH,55,713.000000,P1,5,55,863.000000
RH,67,713.000000,P1,1,67,863.000000
RH,71,713.000000,P1,1,71,862.750000
RH,67,713.875000,P1,6,67,864.000000
RH,79,713.875000,P1,2,79,864.000000
RH,77,714.000000,P1,2,77,864.125000
RH,79,714.125000,P1,2,79,864.250000
RH,67,714.250000,P1,6,67,864.250000
RH,77,714.250000,P1,2,77,864.375000
RH,65,714.500000,P1,5,65,864.750000
RH,76,714.500000,P1,1,76,864.500000
RH,77,714.625000,P1,1,77,864.750000
RH,62,714.666667,P1,5,62,865.000000
RH,74,714.750000,P1,1,74,865.000000
RH,72,715.625000,P1,6,72,866.000000
RH,84,715.625000,P1,2,84,866.000000
RH,83,715.750000,P1,2,83,866.125000
RH,84,715.875000,P1,2,84,866.250000
RH,72,716.000000,P1,6,72,866.250000
RH,83,716.125000,P1,2,83,866.375000
RH,71,716.250000,P1,5,71,866.750000
RH,81,716.250000,P1,1,81,866.500000
RH,83,716.375000,P1,1,83,866.750000
RH,67,716.500000,P1,5,67,867.000000
RH,79,716.500000,P1,1,79,867.000000
LH,32,718.250000,P1,5,32,868.000000
LH,39,718.250000,P1,5,39,868.000000
LH,44,718.250000,P1,5,44,868.000000
RH,72,718.250000,P1,1,72,868.000000
RH,75,718.250000,P1,1,75,868.000000
RH,84,718.250000,P1,1,84,868.000000
LH,36,718.333333,P1,5,36,868.000000
RH,80,718.333333,P1,1,80,868.000000
RH,84,722.000000,P1,1,84,870.500000
RH,87,722.666667,P1,1,87,871.000000
RH,84,723.125000,P1,1,84,871.500000
RH,80,723.500000,P1,1,80,872.000000
RH,84,723.875000,P1,1,84,872.500000
RH,75,724.333333,P1,1,75,873.000000
RH,80,724.750000,P1,1,80,873.500000
RH,72,725.125000,P1,1,72,874.000000
RH,75,725.500000,P1,1,75,874.500000
RH,68,725.875000,P1,1,68,875.000000
RH,72,726.250000,P1,1,72,875.500000
RH,63,726.666667,P1,1,63,876.000000
RH,68,727.000000,P1,1,68,876.500000
RH,60,727.500000,P1,1,60,877.000000
RH,63,727.750000,P1,1,63,877.500000
LH,56,728.125000,P1,1,56,878.000000
RH,60,728.625000,P1,1,60,878.500000
LH,51,729.000000,P1,1,51,879.000000
LH,56,729.375000,P1,1,56,879.500000
LH,48,729.750000,P1,1,48,880.000000
LH,51,730.250000,P1,1,51,880.500000
LH,44,730.625000,P1,5,44,881.000000
LH,48,731.000000,P1,5,48,881.500000
LH,39,731.500000,P1,5,39,882.000000
LH,44,732.000000,P1,5,44,882.500000
LH,36,732.500000,P1,5,36,883.000000
LH,39,733.250000,P1,5,39,883.500000
LH,44,735.875000,P1,5,44,885.500000
RH,60,737.375000,P1,1,60,887.500000
LH,48,738.625000,P1,2,48,889.000000
LH,44,739.000000,P1,5,44,889.500000
LH,36,739.750000,P1,7,36,890.500000
LH,32,740.125000,P1,7,32,891.000000
LH,44,740.625000,P1,5,44,891.500000
LH,46,742.333333,P1,5,46,893.500000
RH,61,743.875000,P1,1,61,895.500000
LH,46,745.375000,P1,5,46,897.500000
LH,34,746.500000,P1,7,34,899.000000
LH,46,746.875000,P1,5,46,899.500000
LH,48,748.500000,P1,5,48,901.500000
RH,63,750.000000,P1,1,63,903.500000
LH,48,751.666667,P1,5,48,905.500000
LH,36,752.666667,P1,6,36,907.000000
LH,48,753.125000,P1,5,48,907.500000
LH,44,753.875000,P1,5,44,908.333333
LH,47,754.250000,P1,5,47,908.666667
LH,53,754.375000,P1,1,53,909.000000
LH,50,754.500000,P1,5,50,909.000000
LH,56,754.625000,P1,1,56,909.333333
LH,59,754.875000,P1,1,59,909.666667
LH,59,755.375000,P1,1,59,910.333333
LH,56,755.625000,P1,1,56,910.666667
LH,53,755.875000,P1,1,53,911.000000
LH,47,756.000000,P1,5,47,911.333333
LH,44,756.333333,P1,5,44,911.666667
LH,46,756.750000,P1,5,46,912.333333
LH,49,757.125000,P1,5,49,912.666667
LH,52,757.250000,P1,5,52,913.000000
LH,55,757.250000,P1,1,55,913.000000
LH,58,757.500000,P1,1,58,913.333333
RH,61,757.750000,P1,1,61,913.666667
RH,61,758.250000,P1,1,61,914.333333
LH,58,758.500000,P1,1,58,914.666667
LH,55,758.750000,P1,1,55,915.000000
LH,46,759.250000,P1,5,46,915.666667
LH,47,759.666667,P1,5,47,916.333333
LH,50,760.000000,P1,5,50,916.666667
LH,53,760.250000,P1,5,53,917.000000
LH,56,760.250000,P1,1,56,917.000000
LH,59,760.500000,P1,1,59,917.333333
RH,62,760.666667,P1,1,62,917.666667
RH,62,761.250000,P1,1,62,918.333333
LH,59,761.375000,P1,1,59,918.666667
LH,56,761.750000,P1,1,56,919.000000
LH,50,762.000000,P1,5,50,919.333333
LH,47,762.125000,P1,5,47,919.666667
LH,48,762.750000,P1,5,48,920.333333
LH,51,763.000000,P1,5,51,920.666667
LH,54,763.333333,P1,5,54,921.000000
LH,57,763.375000,P1,1,57,921.000000
RH,60,763.625000,P1,1,60,921.333333
RH,63,763.875000,P1,1,63,921.666667
RH,63,764.500000,P1,1,63,922.333333
RH,60,764.750000,P1,1,60,922.666667
LH,57,765.000000,P1,1,57,923.000000
LH,51,765.375000,P1,5,51,923.333333
LH,43,767.375000,P1,5,43,924.000000
LH,52,767.375000,P1,5,52,924.000000
RH,60,767.375000,P1,1,60,924.000000
RH,67,767.375000,P1,1,67,924.000000
LH,48,767.500000,P1,5,48,924.000000
RH,64,767.500000,P1,1,64,924.000000
LH,55,773.125000,P1,1,55,926.000000
LH,54,773.500000,P1,1,54,926.250000
LH,57,773.750000,P1,1,57,926.500000
LH,55,773.875000,P1,1,55,926.750000
RH,60,774.125000,P1,1,60,927.000000
LH,59,774.250000,P1,1,59,927.250000
RH,62,774.375000,P1,1,62,927.500000
RH,60,774.625000,P1,1,60,927.750000
RH,64,774.750000,P1,1,64,928.000000
RH,63,774.875000,P1,1,63,928.250000
RH,64,775.250000,P1,1,64,928.750000
RH,67,775.375000,P1,1,67,929.000000
RH,66,775.500000,P1,1,66,929.250000
RH,69,775.666667,P1,1,69,929.500000
RH,67,775.875000,P1,1,67,929.750000
RH,72,776.000000,P1,1,72,930.000000
RH,71,776.125000,P1,1,71,930.250000
RH,72,776.500000,P1,1,72,930.750000
RH,76,776.625000,P1,1,76,931.000000
RH,75,776.750000,P1,1,75,931.250000
RH,77,776.875000,P1,1,77,931.500000
RH,76,777.125000,P1,1,76,931.750000
RH,79,777.250000,P1,1,79,932.000000
RH,78,777.333333,P1,1,78,932.250000
RH,81,777.500000,P1,1,81,932.500000
RH,79,777.666667,P1,1,79,932.750000
RH,84,777.875000,P1,1,84,933.000000
RH,83,778.000000,P1,1,83,933.250000
RH,86,778.125000,P1,1,86,933.500000
RH,84,778.333333,P1,1,84,933.750000
RH,88,778.666667,P1,1,88,934.000000
RH,87,783.500000,P1,1,87,935.000000
RH,88,783.666667,P1,1,88,935.250000
RH,87,783.875000,P1,1,87,935.500000
RH,88,784.000000,P1,1,88,935.750000
RH,89,784.250000,P1,1,89,936.000000
RH,88,784.666667,P1,1,88,936.500000
RH,75,785.125000,P1,5,75,937.000000
RH,83,785.125000,P1,1,83,937.000000
RH,84,785.250000,P1,1,84,937.250000
RH,76,785.333333,P1,5,76,937.250000
RH,83,785.375000,P1,1,83,937.500000
RH,76,785.625000,P1,5,76,937.750000
RH,84,785.625000,P1,1,84,937.750000
RH,77,785.750000,P1,5,77,938.000000
RH,86,785.750000,P1,1,86,938.000000
RH,76,786.250000,P1,5,76,938.500000
RH,84,786.250000,P1,1,84,938.500000
RH,71,786.625000,P1,5,71,939.000000
RH,80,786.625000,P1,1,80,939.000000
RH,72,786.750000,P1,5,72,939.250000
RH,81,786.750000,P1,1,81,939.250000
RH,71,787.000000,P1,5,71,939.500000
RH,80,787.000000,P1,1,80,939.500000
RH,72,787.125000,P1,5,72,939.750000
RH,81,787.125000,P1,1,81,939.750000
RH,74,787.333333,P1,5,74,940.000000
RH,83,787.333333,P1,1,83,940.000000
RH,72,787.750000,P1,5,72,940.500000
RH,81,787.750000,P1,1,81,940.500000
RH,68,788.125000,P1,5,68,941.000000
RH,76,788.125000,P1,1,76,941.000000
RH,69,788.333333,P1,5,69,941.250000
RH,68,788.500000,P1,5,68,941.500000
RH,76,788.500000,P1,1,76,941.500000
RH,69,788.625000,P1,5,69,941.750000
RH,71,788.750000,P1,5,71,942.000000
RH,79,788.750000,P1,1,79,942.000000
RH,69,789.250000,P1,5,69,942.500000
RH,64,789.750000,P1,5,64,943.000000
RH,73,789.750000,P1,1,73,943.000000
RH,65,790.000000,P1,5,65,943.250000
RH,74,790.000000,P1,1,74,943.250000
RH,64,790.125000,P1,5,64,943.500000
RH,73,790.125000,P1,1,73,943.500000
RH,74,790.250000,P1,1,74,943.750000
RH,65,790.333333,P1,5,65,943.750000
RH,64,792.875000,P1,1,64,947.000000
RH,64,794.500000,P1,1,64,949.000000
RH,64,800.250000,P1,2,64,956.000000
RH,62,803.000000,P1,5,62,959.000000
RH,76,806.000000,P1,1,76,961.000000
RH,67,818.875000,P1,1,67,972.000000
RH,62,822.000000,P1,5,62,975.000000
RH,64,825.250000,P1,1,64,979.000000
LH,48,836.250000,P1,5,48,992.000000
RH,60,836.250000,P1,1,60,992.000000
RH,65,844.250000,P1,1,65,1002.000000
RH,74,851.333333,P1,1,74,1011.000000
RH,60,852.125000,P1,1,60,1012.000000
LH,53,857.875000,P1,5,53,1019.000000
