hand,pitch,onset_ql,reference_part,reference_voice,reference_pitch,reference_onset_ql
LH,48,1.000000,P1,6,48,0.000000
RH,74,1.500000,P1,2,74,0.187500
RH,72,1.750000,P1,2,72,0.375000
RH,74,2.000000,P1,2,74,0.437500
RH,72,2.125000,P1,2,72,0.500000
RH,74,2.375000,P1,2,74,0.687500
RH,72,2.625000,P1,2,72,0.750000
RH,74,2.750000,P1,2,74,0.812500
RH,72,2.875000,P1,2,72,0.875000
RH,74,3.000000,P1,2,74,0.937500
RH,72,3.250000,P1,2,72,1.000000
RH,74,3.375000,P1,2,74,1.062500
RH,72,3.500000,P1,2,72,1.125000
RH,74,3.666667,P1,2,74,1.187500
RH,72,3.875000,P1,2,72,1.250000
RH,74,4.000000,P1,2,74,1.312500
RH,72,4.125000,P1,2,72,1.375000
RH,74,4.333333,P1,2,74,1.562500
LH,52,4.375000,P1,5,52,1.500000
RH,72,4.500000,P1,2,72,1.625000
RH,74,4.666667,P1,2,74,1.687500
RH,72,4.750000,P1,2,72,1.750000
RH,74,4.875000,P1,2,74,1.812500
RH,72,5.000000,P1,2,72,1.875000
RH,74,5.125000,P1,2,74,1.937500
RH,72,5.375000,P1,2,72,2.000000
RH,74,5.375000,P1,2,74,2.062500
LH,55,5.500000,P1,5,55,2.000000
RH,74,5.500000,P1,2,74,2.062500
RH,72,5.666667,P1,2,72,2.125000
RH,74,5.875000,P1,2,74,2.187500
RH,72,6.000000,P1,2,72,2.250000
RH,74,6.125000,P1,2,74,2.312500
RH,72,6.333333,P1,2,72,2.375000
RH,74,6.375000,P1,2,74,2.437500
RH,60,6.500000,P1,5,60,2.500000
RH,72,6.500000,P1,2,72,2.500000
RH,74,6.500000,P1,2,74,2.562500
RH,72,6.750000,P1,2,72,2.625000
RH,72,7.250000,P1,2,72,2.833333
LH,52,7.625000,P1,5,52,3.000000
RH,76,7.625000,P1,1,76,3.000000
LH,55,8.750000,P1,5,55,3.500000
RH,60,10.000000,P1,5,60,4.000000
RH,72,10.875000,P1,1,72,4.375000
LH,48,11.250000,P1,6,48,4.500000
LH,52,11.250000,P1,5,52,4.500000
RH,67,11.250000,P1,1,67,4.500000
LH,55,12.375000,P1,5,55,5.000000
RH,60,13.500000,P1,5,60,5.500000
LH,52,14.500000,P1,5,52,6.000000
LH,55,15.500000,P1,5,55,6.500000
RH,60,16.625000,P1,5,60,7.000000
RH,66,16.625000,P1,1,66,7.000000
RH,67,17.125000,P1,1,67,7.250000
LH,52,17.750000,P1,5,52,7.500000
RH,68,17.750000,P1,1,68,7.500000
RH,69,18.250000,P1,1,69,7.750000
LH,55,18.666667,P1,5,55,8.000000
RH,70,18.666667,P1,1,70,8.000000
RH,71,19.125000,P1,1,71,8.250000
RH,72,19.666667,P1,1,72,8.500000
RH,60,19.750000,P1,5,60,8.500000
RH,73,20.125000,P1,1,73,8.750000
LH,47,20.750000,P1,6,47,9.000000
LH,53,20.750000,P1,5,53,9.000000
RH,76,21.125000,P1,2,76,9.187500
RH,74,21.333333,P1,2,74,9.250000
RH,76,21.500000,P1,2,76,9.437500
RH,74,21.666667,P1,2,74,9.500000
LH,55,21.875000,P1,5,55,9.500000
RH,76,21.875000,P1,2,76,9.562500
RH,74,22.125000,P1,2,74,9.625000
RH,76,22.250000,P1,2,76,9.687500
RH,74,22.375000,P1,2,74,9.750000
RH,76,22.500000,P1,2,76,9.937500
RH,74,22.666667,P1,2,74,10.000000
RH,62,22.875000,P1,5,62,10.000000
RH,76,22.875000,P1,2,76,10.062500
RH,74,23.000000,P1,2,74,10.125000
RH,76,23.125000,P1,2,76,10.187500
RH,74,23.250000,P1,2,74,10.250000
RH,76,23.500000,P1,2,76,10.312500
RH,74,23.625000,P1,2,74,10.375000
RH,76,23.750000,P1,2,76,10.562500
LH,53,23.875000,P1,5,53,10.500000
RH,74,23.875000,P1,2,74,10.625000
RH,76,24.000000,P1,2,76,10.687500
RH,74,24.125000,P1,2,74,10.750000
RH,76,24.333333,P1,2,76,10.812500
RH,74,24.500000,P1,2,74,10.875000
RH,76,24.625000,P1,2,76,10.937500
RH,74,24.750000,P1,2,74,11.000000
LH,55,24.875000,P1,5,55,11.000000
RH,76,24.875000,P1,2,76,11.062500
RH,74,25.000000,P1,2,74,11.125000
RH,76,25.125000,P1,2,76,11.187500
RH,74,25.333333,P1,2,74,11.250000
RH,74,25.500000,P1,2,74,11.375000
RH,76,25.500000,P1,2,76,11.312500
RH,76,25.666667,P1,2,76,11.437500
RH,62,25.875000,P1,5,62,11.500000
RH,74,25.875000,P1,2,74,11.375000
RH,76,26.000000,P1,2,76,11.562500
RH,74,26.125000,P1,2,74,11.500000
RH,76,26.125000,P1,2,76,11.562500
RH,74,26.333333,P1,2,74,11.625000
RH,74,26.666667,P1,2,74,11.833333
LH,53,27.125000,P1,5,53,12.000000
RH,77,27.125000,P1,1,77,12.000000
LH,55,28.250000,P1,5,55,12.500000
RH,62,29.375000,P1,5,62,13.000000
RH,74,30.125000,P1,1,74,13.375000
LH,47,30.625000,P1,6,47,13.500000
LH,53,30.625000,P1,5,53,13.500000
RH,67,30.625000,P1,1,67,13.500000
LH,55,31.666667,P1,5,55,14.000000
RH,62,32.750000,P1,5,62,14.500000
LH,53,33.750000,P1,5,53,15.000000
LH,55,34.875000,P1,5,55,15.500000
RH,62,35.875000,P1,5,62,16.000000
RH,67,35.875000,P1,1,67,16.000000
RH,69,36.375000,P1,1,69,16.250000
LH,43,37.000000,P1,6,43,16.500000
LH,53,37.000000,P1,5,53,16.500000
RH,70,37.000000,P1,1,70,16.500000
RH,71,37.500000,P1,1,71,16.750000
LH,55,38.000000,P1,5,55,17.000000
RH,72,38.000000,P1,1,72,17.000000
RH,73,38.500000,P1,1,73,17.250000
RH,74,39.000000,P1,1,74,17.500000
LH,59,39.125000,P1,5,59,17.500000
RH,75,39.500000,P1,1,75,17.750000
LH,48,40.125000,P1,5,48,18.000000
LH,52,40.125000,P1,5,52,18.000000
LH,55,41.333333,P1,5,55,18.500000
RH,60,42.333333,P1,5,60,19.000000
LH,45,43.375000,P1,5,45,19.500000
LH,57,44.500000,P1,5,57,20.000000
RH,60,45.500000,P1,5,60,20.500000
LH,40,46.625000,P1,5,40,21.000000
LH,52,47.750000,P1,5,52,21.500000
LH,55,47.750000,P1,5,55,21.500000
RH,60,48.750000,P1,5,60,22.000000
LH,41,49.875000,P1,5,41,22.500000
RH,80,49.875000,P1,1,80,22.500000
LH,53,51.250000,P1,5,53,23.000000
RH,81,51.250000,P1,1,81,23.000000
LH,57,52.250000,P1,5,57,23.500000
RH,60,52.250000,P1,5,60,23.500000
LH,41,53.333333,P1,5,41,24.000000
LH,53,54.500000,P1,5,53,24.500000
LH,57,54.500000,P1,5,57,24.500000
RH,81,54.500000,P1,1,81,24.500000
LH,57,55.666667,P1,5,57,25.000000
RH,61,55.666667,P1,5,61,25.000000
LH,41,56.666667,P1,5,41,25.500000
LH,57,57.750000,P1,5,57,26.000000
LH,53,57.875000,P1,5,53,26.000000
RH,76,58.375000,P1,1,76,26.250000
LH,57,58.875000,P1,5,57,26.500000
RH,62,58.875000,P1,5,62,26.500000
RH,77,58.875000,P1,1,77,26.500000
RH,74,59.375000,P1,1,74,26.750000
LH,43,60.000000,P1,5,43,27.000000
RH,72,60.000000,P1,1,72,27.000000
LH,55,61.125000,P1,5,55,27.500000
RH,60,61.125000,P1,5,60,27.500000
RH,71,62.000000,P1,1,71,27.875000
RH,60,62.250000,P1,5,60,28.000000
RH,64,62.333333,P1,5,64,28.000000
RH,76,63.250000,P1,1,76,28.375000
LH,43,63.666667,P1,5,43,28.500000
RH,67,63.666667,P1,1,67,28.500000
LH,55,64.875000,P1,5,55,29.000000
RH,60,64.875000,P1,5,60,29.000000
RH,60,65.875000,P1,5,60,29.500000
RH,64,65.875000,P1,5,64,29.500000
LH,43,67.000000,P1,5,43,30.000000
RH,69,67.333333,P1,1,69,30.125000
RH,67,67.500000,P1,1,67,30.250000
RH,66,67.875000,P1,1,66,30.375000
LH,55,68.125000,P1,5,55,30.500000
RH,62,68.125000,P1,5,62,30.500000
RH,67,68.125000,P1,1,67,30.500000
RH,69,68.333333,P1,1,69,30.583333
RH,71,68.500000,P1,1,71,30.666667
RH,71,70.375000,P1,2,71,31.375000
RH,65,70.875000,P1,1,65,31.500000
RH,74,70.875000,P1,1,74,31.500000
LH,48,71.000000,P1,5,48,31.500000
LH,55,72.125000,P1,5,55,32.000000
LH,59,73.250000,P1,5,59,32.500000
LH,48,74.375000,P1,5,48,33.000000
RH,60,74.375000,P1,5,60,33.000000
RH,64,74.375000,P1,1,64,33.000000
RH,72,74.375000,P1,1,72,33.000000
LH,55,75.500000,P1,5,55,33.500000
RH,67,75.500000,P1,1,67,33.500000
LH,54,76.666667,P1,5,54,34.000000
RH,66,76.666667,P1,1,66,34.000000
LH,53,77.750000,P1,5,53,34.500000
RH,65,77.750000,P1,1,65,34.500000
LH,52,78.875000,P1,5,52,35.000000
RH,64,78.875000,P1,1,64,35.000000
LH,50,80.125000,P1,5,50,35.500000
RH,60,81.625000,P1,1,60,36.000000
LH,48,82.000000,P1,6,48,36.125000
LH,50,82.250000,P1,6,50,36.312500
LH,48,82.375000,P1,6,48,36.375000
LH,50,82.666667,P1,6,50,36.437500
LH,48,82.875000,P1,6,48,36.500000
LH,55,82.875000,P1,1,55,36.500000
RH,60,82.875000,P1,1,60,36.500000
RH,64,82.875000,P1,1,64,36.500000
LH,50,83.000000,P1,6,50,36.562500
LH,48,83.250000,P1,6,48,36.750000
LH,50,83.333333,P1,6,50,36.687500
LH,48,83.375000,P1,6,48,36.750000
LH,48,83.750000,P1,6,48,36.875000
LH,50,83.875000,P1,6,50,36.937500
LH,48,84.000000,P1,6,48,37.000000
LH,55,84.000000,P1,1,55,37.000000
RH,60,84.000000,P1,1,60,37.000000
RH,64,84.000000,P1,1,64,37.000000
LH,48,84.333333,P1,6,48,37.125000
LH,50,84.500000,P1,6,50,37.312500
LH,48,84.625000,P1,6,48,37.375000
LH,50,84.875000,P1,6,50,37.437500
LH,48,85.000000,P1,6,48,37.500000
LH,55,85.000000,P1,1,55,37.500000
RH,60,85.000000,P1,1,60,37.500000
RH,64,85.000000,P1,1,64,37.500000
LH,50,85.125000,P1,6,50,37.562500
LH,48,85.250000,P1,6,48,37.625000
LH,50,85.375000,P1,6,50,37.687500
LH,48,85.500000,P1,6,48,37.750000
LH,48,85.750000,P1,6,48,37.875000
LH,48,86.125000,P1,6,48,38.000000
LH,55,86.125000,P1,1,55,38.000000
RH,60,86.125000,P1,1,60,38.000000
RH,64,86.125000,P1,1,64,38.000000
LH,48,86.375000,P1,6,48,38.125000
LH,50,86.875000,P1,6,50,38.312500
LH,48,87.000000,P1,6,48,38.375000
LH,50,87.125000,P1,6,50,38.437500
RH,60,87.125000,P1,1,60,38.500000
LH,48,87.333333,P1,6,48,38.500000
LH,50,87.375000,P1,6,50,38.562500
LH,48,87.500000,P1,6,48,38.500000
LH,48,88.000000,P1,6,48,38.833333
LH,52,88.375000,P1,5,52,39.000000
LH,55,88.500000,P1,1,55,39.000000
RH,60,88.500000,P1,1,60,39.000000
RH,64,88.500000,P1,1,64,39.000000
LH,55,89.666667,P1,1,55,39.500000
RH,60,89.666667,P1,1,60,39.500000
RH,64,89.666667,P1,1,64,39.500000
LH,55,90.875000,P1,1,55,40.000000
RH,60,90.875000,P1,1,60,40.000000
RH,64,90.875000,P1,1,64,40.000000
LH,43,92.125000,P1,5,43,40.500000
RH,60,92.500000,P1,1,60,40.625000
RH,64,92.750000,P1,1,64,40.750000
RH,62,93.000000,P1,1,62,40.875000
RH,65,93.333333,P1,1,65,41.000000
RH,64,93.625000,P1,1,64,41.125000
RH,67,93.875000,P1,1,67,41.250000
RH,65,94.125000,P1,1,65,41.375000
RH,60,94.375000,P1,5,60,41.500000
RH,64,94.375000,P1,5,64,41.500000
RH,69,94.375000,P1,1,69,41.500000
RH,67,94.666667,P1,1,67,41.625000
RH,71,94.875000,P1,1,71,41.750000
RH,69,95.125000,P1,1,69,41.875000
RH,60,95.375000,P1,5,60,42.000000
RH,64,95.375000,P1,5,64,42.000000
RH,72,95.375000,P1,1,72,42.000000
RH,71,95.666667,P1,1,71,42.125000
RH,74,96.000000,P1,1,74,42.250000
RH,72,96.125000,P1,1,72,42.375000
RH,60,96.500000,P1,5,60,42.500000
RH,64,96.500000,P1,5,64,42.500000
RH,76,96.500000,P1,1,76,42.500000
RH,74,96.666667,P1,1,74,42.583333
RH,77,96.875000,P1,1,77,42.666667
RH,76,97.000000,P1,1,76,42.750000
RH,79,97.250000,P1,1,79,42.833333
RH,77,97.375000,P1,1,77,42.916667
RH,60,97.500000,P1,5,60,43.000000
RH,64,97.500000,P1,5,64,43.000000
RH,81,97.500000,P1,1,81,43.000000
RH,79,97.750000,P1,1,79,43.083333
RH,83,97.875000,P1,1,83,43.166667
RH,81,98.125000,P1,1,81,43.250000
RH,84,98.250000,P1,1,84,43.333333
RH,83,98.375000,P1,1,83,43.416667
RH,60,98.500000,P1,5,60,43.500000
RH,64,98.500000,P1,5,64,43.500000
RH,86,98.625000,P1,1,86,43.500000
RH,84,98.750000,P1,1,84,43.583333
RH,88,99.000000,P1,1,88,43.666667
RH,86,99.125000,P1,1,86,43.750000
RH,84,99.375000,P1,1,84,43.833333
RH,83,99.500000,P1,1,83,43.916667
RH,60,99.666667,P1,5,60,44.000000
RH,64,99.666667,P1,5,64,44.000000
RH,81,99.666667,P1,1,81,44.000000
RH,79,99.875000,P1,1,79,44.083333
RH,77,100.000000,P1,1,77,44.166667
RH,76,100.125000,P1,1,76,44.250000
RH,74,100.333333,P1,1,74,44.333333
RH,72,100.500000,P1,1,72,44.416667
RH,71,100.666667,P1,1,71,44.500000
RH,60,100.750000,P1,5,60,44.500000
RH,64,100.750000,P1,5,64,44.500000
RH,67,101.000000,P1,1,67,44.641667
RH,65,101.125000,P1,1,65,44.712500
RH,64,101.333333,P1,1,64,44.783333
RH,62,101.500000,P1,1,62,44.854167
RH,60,101.666667,P1,1,60,44.925000
LH,59,102.000000,P1,1,59,45.000000
LH,50,102.333333,P1,6,50,45.125000
LH,52,102.500000,P1,6,52,45.187500
LH,50,102.750000,P1,6,50,45.375000
LH,52,103.000000,P1,6,52,45.437500
LH,50,103.125000,P1,6,50,45.500000
LH,55,103.125000,P1,1,55,45.500000
LH,59,103.125000,P1,1,59,45.500000
RH,65,103.125000,P1,1,65,45.500000
LH,52,103.250000,P1,6,52,45.562500
LH,50,103.375000,P1,6,50,45.625000
LH,52,103.625000,P1,6,52,45.687500
LH,50,103.750000,P1,6,50,45.750000
LH,52,103.875000,P1,6,52,45.812500
LH,50,104.125000,P1,6,50,46.000000
LH,52,104.125000,P1,6,52,45.937500
LH,59,104.250000,P1,1,59,46.000000
RH,65,104.250000,P1,1,65,46.000000
LH,50,104.375000,P1,6,50,46.125000
LH,52,104.500000,P1,6,52,46.187500
LH,50,104.666667,P1,6,50,46.250000
LH,52,104.875000,P1,6,52,46.312500
LH,50,105.000000,P1,6,50,46.375000
LH,52,105.125000,P1,6,52,46.437500
LH,50,105.250000,P1,6,50,46.500000
LH,55,105.333333,P1,1,55,46.500000
LH,59,105.333333,P1,1,59,46.500000
RH,65,105.333333,P1,1,65,46.500000
LH,52,105.375000,P1,6,52,46.562500
LH,50,105.625000,P1,6,50,46.625000
LH,52,105.750000,P1,6,52,46.687500
LH,50,105.875000,P1,6,50,46.750000
LH,52,106.000000,P1,6,52,46.812500
LH,50,106.125000,P1,6,50,46.875000
LH,52,106.333333,P1,6,52,46.937500
LH,50,106.500000,P1,6,50,47.000000
LH,55,106.500000,P1,1,55,47.000000
LH,59,106.500000,P1,1,59,47.000000
RH,65,106.500000,P1,1,65,47.000000
LH,52,106.625000,P1,6,52,47.062500
LH,50,106.750000,P1,6,50,47.125000
LH,52,106.875000,P1,6,52,47.187500
LH,50,107.125000,P1,6,50,47.250000
LH,52,107.250000,P1,6,52,47.312500
LH,50,107.375000,P1,6,50,47.375000
LH,52,107.500000,P1,6,52,47.437500
LH,55,107.500000,P1,1,55,47.500000
RH,65,107.500000,P1,1,65,47.500000
LH,59,107.625000,P1,1,59,47.500000
LH,50,107.666667,P1,6,50,47.500000
LH,52,107.750000,P1,6,52,47.562500
LH,50,107.875000,P1,6,50,47.625000
LH,50,108.375000,P1,6,50,47.833333
LH,53,108.750000,P1,5,53,48.000000
LH,55,108.750000,P1,1,55,48.000000
RH,65,108.750000,P1,1,65,48.000000
LH,59,108.875000,P1,1,59,48.000000
LH,55,110.000000,P1,1,55,48.500000
LH,59,110.000000,P1,1,59,48.500000
RH,65,110.000000,P1,1,65,48.500000
LH,55,111.125000,P1,1,55,49.000000
LH,59,111.125000,P1,1,59,49.000000
RH,65,111.125000,P1,1,65,49.000000
LH,43,112.500000,P1,5,43,49.500000
LH,59,112.875000,P1,1,59,49.625000
RH,64,113.625000,P1,1,64,50.000000
RH,62,113.875000,P1,1,62,50.125000
RH,65,114.125000,P1,1,65,50.250000
RH,64,114.375000,P1,1,64,50.375000
RH,62,114.625000,P1,5,62,50.500000
RH,67,114.625000,P1,1,67,50.500000
RH,65,114.875000,P1,1,65,50.625000
RH,69,115.125000,P1,1,69,50.750000
RH,67,115.333333,P1,1,67,50.875000
RH,62,115.666667,P1,5,62,51.000000
RH,65,115.666667,P1,5,65,51.000000
RH,71,115.666667,P1,1,71,51.000000
RH,69,115.875000,P1,1,69,51.125000
RH,72,116.125000,P1,1,72,51.250000
RH,71,116.375000,P1,1,71,51.375000
RH,62,116.666667,P1,5,62,51.500000
RH,65,116.666667,P1,5,65,51.500000
RH,74,116.666667,P1,1,74,51.500000
RH,72,116.875000,P1,1,72,51.583333
RH,76,117.125000,P1,1,76,51.666667
RH,74,117.250000,P1,1,74,51.750000
RH,77,117.375000,P1,1,77,51.833333
RH,76,117.625000,P1,1,76,51.916667
RH,62,117.750000,P1,5,62,52.000000
RH,65,117.750000,P1,5,65,52.000000
RH,79,117.750000,P1,1,79,52.000000
RH,77,117.875000,P1,1,77,52.083333
RH,81,118.000000,P1,1,81,52.166667
RH,79,118.250000,P1,1,79,52.250000
RH,83,118.375000,P1,1,83,52.333333
RH,81,118.500000,P1,1,81,52.416667
RH,62,118.750000,P1,5,62,52.500000
RH,65,118.750000,P1,5,65,52.500000
RH,84,118.750000,P1,1,84,52.500000
RH,83,118.875000,P1,1,83,52.583333
RH,86,119.125000,P1,1,86,52.666667
RH,84,119.333333,P1,1,84,52.750000
RH,88,119.625000,P1,1,88,52.833333
RH,86,119.750000,P1,1,86,52.916667
RH,62,120.125000,P1,5,62,53.000000
RH,65,120.125000,P1,5,65,53.000000
RH,89,120.125000,P1,1,89,53.000000
RH,88,120.333333,P1,1,88,53.062500
RH,86,120.500000,P1,1,86,53.125000
RH,84,120.666667,P1,1,84,53.187500
RH,83,120.750000,P1,1,83,53.250000
RH,81,121.000000,P1,1,81,53.312500
RH,83,121.000000,P1,1,83,53.250000
RH,79,121.125000,P1,1,79,53.375000
RH,83,121.333333,P1,1,83,53.437500
RH,62,121.375000,P1,5,62,53.500000
RH,65,121.500000,P1,5,65,53.500000
RH,86,121.500000,P1,1,86,53.500000
RH,84,121.666667,P1,1,84,53.562500
RH,83,121.875000,P1,1,83,53.625000
RH,81,122.000000,P1,1,81,53.687500
RH,79,122.250000,P1,1,79,53.750000
RH,77,122.375000,P1,1,77,53.812500
RH,76,122.625000,P1,1,76,53.875000
RH,74,122.750000,P1,1,74,53.937500
LH,48,123.000000,P1,5,48,54.000000
RH,75,123.000000,P1,1,75,54.000000
LH,55,124.125000,P1,5,55,54.500000
RH,60,124.125000,P1,5,60,54.500000
RH,76,124.125000,P1,1,76,54.500000
RH,60,125.250000,P1,5,60,55.000000
RH,64,125.250000,P1,5,64,55.000000
LH,45,126.333333,P1,5,45,55.500000
LH,57,127.625000,P1,5,57,56.000000
RH,60,127.625000,P1,5,60,56.000000
RH,60,128.666667,P1,5,60,56.500000
RH,64,128.666667,P1,5,64,56.500000
LH,43,129.750000,P1,5,43,57.000000
RH,83,130.333333,P1,1,83,57.250000
LH,55,130.875000,P1,5,55,57.500000
RH,60,130.875000,P1,5,60,57.500000
RH,81,131.000000,P1,1,81,57.500000
RH,79,131.500000,P1,1,79,57.750000
RH,60,132.000000,P1,5,60,58.000000
RH,64,132.000000,P1,5,64,58.000000
RH,78,132.000000,P1,1,78,58.000000
RH,76,132.500000,P1,1,76,58.250000
LH,42,133.125000,P1,5,42,58.500000
RH,76,133.125000,P1,1,76,58.500000
LH,57,134.375000,P1,5,57,59.000000
RH,60,134.375000,P1,5,60,59.000000
RH,74,134.375000,P1,1,74,59.000000
RH,60,135.500000,P1,5,60,59.500000
RH,62,135.500000,P1,5,62,59.500000
LH,42,136.625000,P1,5,42,60.000000
RH,73,137.125000,P1,1,73,60.250000
LH,57,137.875000,P1,5,57,60.500000
RH,60,137.875000,P1,5,60,60.500000
RH,74,137.875000,P1,1,74,60.500000
RH,73,138.375000,P1,1,73,60.750000
RH,60,138.875000,P1,5,60,61.000000
RH,62,138.875000,P1,5,62,61.000000
RH,74,138.875000,P1,1,74,61.000000
RH,73,139.375000,P1,1,73,61.250000
LH,43,140.000000,P1,5,43,61.500000
RH,74,140.000000,P1,1,74,61.500000
RH,73,140.500000,P1,1,73,61.750000
LH,55,141.000000,P1,5,55,62.000000
LH,59,141.000000,P1,5,59,62.000000
RH,74,141.000000,P1,1,74,62.000000
RH,76,141.500000,P1,1,76,62.250000
LH,59,142.000000,P1,5,59,62.500000
RH,62,142.000000,P1,5,62,62.500000
RH,78,142.000000,P1,1,78,62.500000
RH,79,142.500000,P1,1,79,62.750000
LH,36,143.125000,P1,5,36,63.000000
RH,69,143.125000,P1,1,69,63.000000
RH,68,143.625000,P1,1,68,63.250000
LH,48,144.125000,P1,5,48,63.500000
LH,52,144.125000,P1,5,52,63.500000
RH,69,144.125000,P1,1,69,63.500000
LH,38,146.750000,P1,5,38,64.500000
RH,76,146.750000,P1,1,76,64.500000
RH,62,148.125000,P1,1,62,65.000000
LH,55,149.250000,P1,5,55,65.500000
LH,59,149.250000,P1,5,59,65.500000
LH,38,150.333333,P1,5,38,66.000000
RH,64,150.875000,P1,1,64,66.250000
RH,62,151.000000,P1,1,62,66.375000
LH,50,151.500000,P1,5,50,66.500000
LH,57,151.500000,P1,5,57,66.500000
RH,61,151.500000,P1,1,61,66.500000
RH,62,152.125000,P1,1,62,66.750000
LH,57,152.625000,P1,5,57,67.000000
RH,60,152.625000,P1,5,60,67.000000
RH,64,152.625000,P1,1,64,67.000000
RH,66,153.125000,P1,1,66,67.250000
LH,43,153.750000,P1,5,43,67.500000
LH,55,155.125000,P1,5,55,68.000000
RH,60,155.125000,P1,5,60,68.000000
RH,60,156.125000,P1,5,60,68.500000
RH,62,156.125000,P1,5,62,68.500000
LH,59,157.375000,P1,5,59,69.000000
RH,67,157.375000,P1,1,67,69.000000
LH,55,157.500000,P1,5,55,69.000000
RH,67,158.666667,P1,1,67,69.500000
RH,67,159.750000,P1,1,67,70.000000
RH,67,160.875000,P1,1,67,70.500000
RH,66,162.125000,P1,1,66,71.000000
RH,67,163.250000,P1,1,67,71.500000
RH,67,164.375000,P1,1,67,72.000000
RH,66,165.500000,P1,1,66,72.500000
RH,63,166.666667,P1,5,63,73.000000
RH,67,166.666667,P1,1,67,73.000000
RH,67,167.875000,P1,1,67,73.500000
RH,63,168.000000,P1,5,63,73.500000
RH,62,169.125000,P1,5,62,74.000000
RH,66,169.125000,P1,1,66,74.000000
RH,63,170.250000,P1,5,63,74.500000
RH,67,170.250000,P1,1,67,74.500000
RH,63,171.375000,P1,5,63,75.000000
RH,67,171.375000,P1,2,67,75.000000
RH,62,172.625000,P1,5,62,75.500000
RH,66,172.625000,P1,2,66,75.500000
RH,63,173.750000,P1,5,63,76.000000
RH,67,173.750000,P1,2,67,76.000000
RH,70,173.750000,P1,1,70,76.000000
RH,64,175.125000,P1,5,64,76.500000
RH,67,175.125000,P1,2,67,76.500000
RH,70,175.125000,P1,1,70,76.500000
RH,73,175.125000,P1,1,73,76.500000
LH,57,175.250000,P1,6,57,76.500000
RH,63,176.625000,P1,5,63,77.000000
RH,66,176.625000,P1,2,66,77.000000
RH,64,177.750000,P1,5,64,77.500000
RH,67,177.750000,P1,2,67,77.500000
RH,64,178.875000,P1,5,64,78.000000
RH,67,178.875000,P1,2,67,78.000000
RH,63,180.000000,P1,5,63,78.500000
RH,66,180.000000,P1,2,66,78.500000
RH,67,181.125000,P1,2,67,79.000000
RH,70,181.125000,P1,1,70,79.000000
RH,73,181.125000,P1,1,73,79.000000
RH,64,181.250000,P1,5,64,79.000000
RH,64,182.250000,P1,5,64,79.500000
RH,67,182.250000,P1,2,67,79.500000
RH,70,182.250000,P1,1,70,79.500000
RH,73,182.250000,P1,1,73,79.500000
LH,57,182.333333,P1,6,57,79.500000
RH,65,183.500000,P1,5,65,80.000000
RH,69,183.500000,P1,2,69,80.000000
RH,74,183.500000,P1,1,74,80.000000
LH,50,186.125000,P1,6,50,81.000000
RH,61,186.125000,P1,5,61,81.000000
RH,69,186.125000,P1,2,69,81.000000
RH,76,186.125000,P1,1,76,81.000000
RH,62,190.000000,P1,5,62,82.500000
RH,77,190.000000,P1,1,77,82.500000
RH,65,192.750000,P1,1,65,83.500000
RH,65,193.875000,P1,1,65,84.000000
RH,64,195.000000,P1,1,64,84.500000
RH,65,196.125000,P1,1,65,85.000000
RH,65,197.250000,P1,1,65,85.500000
RH,64,198.375000,P1,1,64,86.000000
RH,61,199.500000,P1,5,61,86.500000
RH,65,199.500000,P1,1,65,86.500000
RH,61,200.666667,P1,5,61,87.000000
RH,65,200.666667,P1,1,65,87.000000
RH,60,201.875000,P1,5,60,87.500000
RH,64,201.875000,P1,1,64,87.500000
RH,61,203.000000,P1,5,61,88.000000
RH,65,203.000000,P1,1,65,88.000000
RH,61,204.125000,P1,5,61,88.500000
RH,65,204.125000,P1,2,65,88.500000
RH,60,205.333333,P1,5,60,89.000000
RH,64,205.333333,P1,2,64,89.000000
RH,61,206.375000,P1,5,61,89.500000
RH,65,206.375000,P1,2,65,89.500000
RH,68,206.375000,P1,1,68,89.500000
RH,71,206.375000,P1,1,71,89.500000
RH,62,207.750000,P1,5,62,90.000000
RH,65,207.750000,P1,2,65,90.000000
RH,68,207.750000,P1,1,68,90.000000
RH,71,207.750000,P1,1,71,90.000000
LH,55,207.875000,P1,6,55,90.000000
RH,61,209.125000,P1,5,61,90.500000
RH,62,210.250000,P1,5,62,91.000000
RH,65,210.250000,P1,2,65,91.000000
RH,62,211.333333,P1,5,62,91.500000
RH,65,211.333333,P1,2,65,91.500000
RH,61,212.375000,P1,5,61,92.000000
RH,64,212.375000,P1,2,64,92.000000
RH,62,213.500000,P1,5,62,92.500000
RH,65,213.500000,P1,2,65,92.500000
RH,68,213.500000,P1,1,68,92.500000
RH,71,213.500000,P1,1,71,92.500000
LH,55,214.750000,P1,6,55,93.000000
RH,62,214.750000,P1,5,62,93.000000
RH,65,214.750000,P1,2,65,93.000000
RH,68,214.750000,P1,1,68,93.000000
RH,71,214.750000,P1,1,71,93.000000
RH,72,215.875000,P1,1,72,93.500000
LH,59,217.000000,P1,5,59,94.000000
RH,74,217.000000,P1,1,74,94.000000
RH,60,218.125000,P1,5,60,94.500000
RH,67,218.125000,P1,2,67,94.500000
RH,76,218.125000,P1,1,76,94.500000
RH,67,219.375000,P1,2,67,95.000000
RH,68,220.500000,P1,2,68,95.500000
RH,74,221.625000,P1,1,74,96.000000
LH,53,221.666667,P1,5,53,96.000000
RH,68,222.875000,P1,2,68,96.500000
RH,69,224.000000,P1,2,69,97.000000
LH,54,225.000000,P1,5,54,97.500000
RH,72,225.000000,P1,1,72,97.500000
RH,69,226.125000,P1,2,69,98.000000
RH,62,227.333333,P1,2,62,98.500000
RH,71,228.375000,P1,1,71,99.000000
RH,62,228.500000,P1,2,62,99.000000
LH,55,229.500000,P1,5,55,99.500000
LH,55,230.625000,P1,5,55,100.000000
LH,55,231.625000,P1,5,55,100.500000
RH,67,231.625000,P1,2,67,100.500000
LH,55,232.625000,P1,5,55,101.000000
RH,69,232.625000,P1,1,69,101.000000
LH,55,233.750000,P1,5,55,101.500000
RH,65,233.750000,P1,2,65,101.500000
RH,71,233.750000,P1,1,71,101.500000
LH,55,234.875000,P1,5,55,102.000000
RH,64,234.875000,P1,2,64,102.000000
RH,72,234.875000,P1,1,72,102.000000
LH,55,236.000000,P1,5,55,102.500000
RH,62,236.000000,P1,2,62,102.500000
LH,55,237.000000,P1,5,55,103.000000
RH,60,237.000000,P1,2,60,103.000000
RH,66,237.000000,P1,1,66,103.000000
LH,59,238.125000,P1,2,59,103.500000
RH,69,238.125000,P1,1,69,103.500000
RH,67,239.250000,P1,1,67,104.000000
LH,55,239.333333,P1,5,55,104.000000
LH,55,240.333333,P1,5,55,104.500000
LH,55,241.375000,P1,5,55,105.000000
RH,67,241.375000,P1,2,67,105.000000
RH,71,241.375000,P1,1,71,105.000000
LH,55,242.375000,P1,5,55,105.500000
RH,69,242.375000,P1,1,69,105.500000
LH,55,243.375000,P1,5,55,106.000000
RH,65,243.375000,P1,2,65,106.000000
RH,72,243.625000,P1,3,72,106.100000
RH,71,243.750000,P1,3,71,106.200000
RH,71,244.250000,P1,3,71,106.400000
LH,55,244.625000,P1,5,55,106.500000
RH,64,244.625000,P1,2,64,106.500000
RH,74,244.625000,P1,1,74,106.500000
LH,55,245.750000,P1,5,55,107.000000
RH,62,245.750000,P1,2,62,107.000000
RH,72,245.750000,P1,1,72,107.000000
LH,55,246.875000,P1,5,55,107.500000
RH,60,246.875000,P1,2,60,107.500000
RH,66,246.875000,P1,1,66,107.500000
LH,59,248.000000,P1,2,59,108.000000
RH,67,248.000000,P1,1,67,108.000000
LH,47,249.625000,P1,8,47,108.750000
RH,65,249.625000,P1,2,65,108.750000
RH,74,249.625000,P1,1,74,108.750000
LH,48,250.250000,P1,8,48,109.000000
RH,64,250.250000,P1,2,64,109.000000
RH,72,250.250000,P1,1,72,109.000000
LH,51,250.666667,P1,8,51,109.250000
RH,66,250.666667,P1,1,66,109.250000
RH,60,250.750000,P1,2,60,109.250000
LH,43,251.333333,P1,6,43,109.500000
LH,50,251.333333,P1,8,50,109.500000
LH,59,251.333333,P1,2,59,109.500000
RH,67,251.333333,P1,1,67,109.500000
LH,47,252.750000,P1,8,47,110.250000
RH,65,252.750000,P1,2,65,110.250000
LH,48,253.333333,P1,8,48,110.500000
RH,64,253.333333,P1,2,64,110.500000
RH,72,253.333333,P1,1,72,110.500000
LH,45,253.875000,P1,8,45,110.750000
RH,60,253.875000,P1,2,60,110.750000
RH,66,253.875000,P1,1,66,110.750000
LH,59,254.500000,P1,2,59,111.000000
RH,67,254.500000,P1,1,67,111.000000
LH,43,259.375000,P1,6,43,112.500000
LH,50,259.375000,P1,6,50,112.500000
LH,59,259.375000,P1,2,59,112.500000
RH,69,259.375000,P1,3,69,112.562500
RH,67,260.000000,P1,3,67,112.625000
RH,69,260.333333,P1,3,69,112.687500
RH,67,260.625000,P1,3,67,112.750000
RH,69,260.750000,P1,3,69,112.687500
RH,67,261.000000,P1,3,67,112.750000
RH,69,261.125000,P1,3,69,112.812500
RH,67,261.375000,P1,3,67,112.875000
RH,69,261.500000,P1,3,69,112.812500
RH,67,261.666667,P1,3,67,112.875000
RH,69,261.875000,P1,3,69,112.937500
RH,67,262.000000,P1,3,67,113.000000
RH,69,262.125000,P1,3,69,112.937500
RH,67,262.250000,P1,3,67,113.000000
RH,69,262.375000,P1,3,69,113.062500
RH,67,262.625000,P1,3,67,113.000000
RH,69,262.666667,P1,3,69,113.062500
RH,67,262.875000,P1,3,67,113.125000
RH,69,263.000000,P1,3,69,113.187500
RH,67,263.125000,P1,3,67,113.125000
RH,69,263.250000,P1,3,69,113.187500
RH,67,263.375000,P1,3,67,113.250000
RH,69,263.500000,P1,3,69,113.187500
RH,67,263.666667,P1,3,67,113.250000
RH,69,263.875000,P1,3,69,113.312500
RH,67,264.000000,P1,3,67,113.250000
RH,69,264.125000,P1,3,69,113.312500
RH,67,264.250000,P1,3,67,113.375000
RH,69,264.375000,P1,3,69,113.437500
RH,67,264.625000,P1,3,67,113.375000
RH,67,264.875000,P1,3,67,113.500000
RH,69,265.000000,P1,3,69,113.437500
RH,67,265.250000,P1,3,67,113.500000
RH,67,266.500000,P1,3,67,113.750000
RH,66,267.875000,P1,3,66,114.037500
RH,67,268.125000,P1,3,67,114.075000
RH,69,269.125000,P1,3,69,114.225000
RH,67,269.375000,P1,3,67,114.187500
RH,69,269.625000,P1,3,69,114.300000
RH,71,269.875000,P1,3,71,114.412500
RH,72,270.000000,P1,3,72,114.450000
RH,74,270.250000,P1,3,74,114.487500
RH,72,270.500000,P1,3,72,114.450000
RH,71,270.666667,P1,3,71,114.562500
RH,72,270.875000,P1,3,72,114.525000
RH,74,271.000000,P1,3,74,114.487500
RH,78,271.750000,P1,3,78,114.712500
RH,76,271.875000,P1,3,76,114.675000
RH,76,272.250000,P1,3,76,114.825000
RH,78,272.375000,P1,3,78,114.787500
RH,79,272.500000,P1,3,79,114.750000
RH,79,273.250000,P1,3,79,114.975000
RH,81,273.375000,P1,3,81,115.012500
RH,83,273.625000,P1,3,83,115.050000
RH,88,275.500000,P1,3,88,115.312500
RH,86,275.875000,P1,3,86,115.425000
RH,85,276.125000,P1,3,85,115.462500
RH,88,276.375000,P1,3,88,115.500000
RH,86,276.750000,P1,3,86,115.537500
RH,84,277.000000,P1,3,84,115.575000
RH,83,277.250000,P1,3,83,115.612500
RH,81,277.375000,P1,3,81,115.650000
RH,84,277.666667,P1,3,84,115.687500
RH,83,277.875000,P1,3,83,115.725000
RH,86,278.125000,P1,3,86,115.762500
RH,84,278.375000,P1,3,84,115.800000
RH,83,278.666667,P1,3,83,115.837500
RH,81,279.000000,P1,3,81,115.875000
RH,79,279.375000,P1,3,79,115.912500
RH,80,279.875000,P1,3,80,115.950000
RH,76,284.375000,P1,3,76,116.587500
RH,74,285.333333,P1,3,74,116.737500
LH,48,286.666667,P1,6,48,117.000000
LH,52,286.666667,P1,5,52,117.000000
RH,74,287.125000,P1,2,74,117.187500
RH,72,287.333333,P1,2,72,117.250000
RH,74,287.625000,P1,2,74,117.437500
RH,72,287.750000,P1,2,72,117.500000
LH,55,287.875000,P1,5,55,117.500000
RH,74,287.875000,P1,2,74,117.562500
RH,72,288.000000,P1,2,72,117.625000
RH,74,288.250000,P1,2,74,117.687500
RH,72,288.375000,P1,2,72,117.750000
RH,74,288.500000,P1,2,74,117.812500
RH,72,288.666667,P1,2,72,117.875000
RH,60,288.875000,P1,5,60,118.000000
RH,72,288.875000,P1,2,72,118.000000
RH,74,288.875000,P1,2,74,117.937500
RH,74,289.125000,P1,2,74,118.062500
RH,72,289.250000,P1,2,72,118.125000
RH,74,289.375000,P1,2,74,118.187500
RH,72,289.500000,P1,2,72,118.250000
RH,74,289.666667,P1,2,74,118.312500
RH,72,289.750000,P1,2,72,118.375000
LH,52,290.000000,P1,5,52,118.500000
RH,74,290.000000,P1,2,74,118.437500
RH,72,290.125000,P1,2,72,118.500000
RH,74,290.250000,P1,2,74,118.562500
RH,72,290.375000,P1,2,72,118.625000
RH,74,290.500000,P1,2,74,118.687500
RH,72,290.625000,P1,2,72,118.750000
RH,74,290.750000,P1,2,74,118.812500
RH,72,290.875000,P1,2,72,118.875000
RH,74,291.000000,P1,2,74,118.937500
LH,55,291.125000,P1,5,55,119.000000
RH,72,291.250000,P1,2,72,119.000000
RH,74,291.333333,P1,2,74,119.062500
RH,72,291.500000,P1,2,72,119.125000
RH,74,291.625000,P1,2,74,119.187500
RH,72,291.750000,P1,2,72,119.250000
RH,74,291.875000,P1,2,74,119.312500
RH,72,292.000000,P1,2,72,119.375000
RH,60,292.125000,P1,5,60,119.500000
RH,72,292.250000,P1,2,72,119.500000
RH,74,292.333333,P1,2,74,119.562500
RH,72,292.500000,P1,2,72,119.625000
RH,72,292.875000,P1,2,72,119.833333
LH,52,293.375000,P1,5,52,120.000000
RH,76,293.375000,P1,1,76,120.000000
LH,55,294.500000,P1,5,55,120.500000
RH,60,295.666667,P1,5,60,121.000000
RH,72,296.500000,P1,1,72,121.375000
LH,48,297.000000,P1,6,48,121.500000
LH,52,297.000000,P1,5,52,121.500000
RH,67,297.000000,P1,1,67,121.500000
LH,55,298.000000,P1,5,55,122.000000
RH,60,299.125000,P1,5,60,122.500000
LH,52,300.250000,P1,5,52,123.000000
LH,55,301.250000,P1,5,55,123.500000
RH,60,302.333333,P1,5,60,124.000000
RH,66,302.333333,P1,1,66,124.000000
RH,67,302.875000,P1,1,67,124.250000
LH,52,303.333333,P1,5,52,124.500000
RH,68,303.333333,P1,1,68,124.500000
RH,69,303.875000,P1,1,69,124.750000
LH,55,304.375000,P1,5,55,125.000000
RH,70,304.375000,P1,1,70,125.000000
RH,71,304.875000,P1,1,71,125.250000
RH,60,305.375000,P1,5,60,125.500000
RH,72,305.375000,P1,1,72,125.500000
RH,73,305.875000,P1,1,73,125.750000
LH,47,306.500000,P1,6,47,126.000000
LH,53,306.500000,P1,5,53,126.000000
RH,76,306.750000,P1,2,76,126.062500
RH,74,307.000000,P1,2,74,126.250000
RH,76,307.125000,P1,2,76,126.312500
RH,74,307.333333,P1,2,74,126.375000
LH,55,307.500000,P1,5,55,126.500000
RH,76,307.500000,P1,2,76,126.437500
RH,74,307.666667,P1,2,74,126.500000
RH,76,307.875000,P1,2,76,126.562500
RH,74,308.000000,P1,2,74,126.625000
RH,76,308.125000,P1,2,76,126.687500
RH,74,308.250000,P1,2,74,126.750000
RH,76,308.500000,P1,2,76,126.812500
RH,74,308.625000,P1,2,74,126.875000
RH,76,308.750000,P1,2,76,126.937500
RH,74,308.875000,P1,2,74,127.000000
RH,76,309.000000,P1,2,76,127.062500
RH,74,309.125000,P1,2,74,127.125000
RH,76,309.333333,P1,2,76,127.187500
RH,74,309.500000,P1,2,74,127.250000
RH,76,309.625000,P1,2,76,127.312500
RH,74,309.750000,P1,2,74,127.375000
RH,76,309.875000,P1,2,76,127.437500
RH,74,310.000000,P1,2,74,127.500000
RH,76,310.125000,P1,2,76,127.562500
RH,74,310.333333,P1,2,74,127.750000
RH,76,310.500000,P1,2,76,127.812500
RH,74,310.625000,P1,2,74,127.875000
RH,76,310.750000,P1,2,76,127.937500
RH,74,310.875000,P1,2,74,128.000000
RH,76,311.000000,P1,2,76,128.062500
RH,74,311.125000,P1,2,74,128.125000
RH,76,311.250000,P1,2,76,128.187500
RH,74,311.375000,P1,2,74,128.250000
RH,76,311.500000,P1,2,76,128.312500
RH,74,311.625000,P1,2,74,128.375000
RH,76,311.750000,P1,2,76,128.437500
RH,74,311.875000,P1,2,74,128.500000
RH,74,312.375000,P1,2,74,128.833333
LH,53,312.750000,P1,5,53,129.000000
LH,55,313.875000,P1,5,55,129.500000
RH,62,315.000000,P1,5,62,130.000000
RH,72,315.750000,P1,1,72,130.375000
RH,71,316.000000,P1,1,71,130.437500
LH,47,316.250000,P1,6,47,130.500000
LH,53,316.250000,P1,5,53,130.500000
RH,69,316.250000,P1,1,69,130.500000
LH,55,317.375000,P1,5,55,131.000000
RH,67,317.375000,P1,1,67,131.000000
RH,62,318.500000,P1,5,62,131.500000
LH,53,319.500000,P1,5,53,132.000000
LH,55,320.625000,P1,5,55,132.500000
RH,62,321.666667,P1,5,62,133.000000
RH,67,321.666667,P1,1,67,133.000000
RH,69,322.250000,P1,1,69,133.250000
LH,43,322.750000,P1,6,43,133.500000
LH,53,322.750000,P1,5,53,133.500000
RH,70,322.875000,P1,1,70,133.500000
RH,71,323.375000,P1,1,71,133.750000
LH,55,323.875000,P1,5,55,134.000000
RH,72,323.875000,P1,1,72,134.000000
RH,73,324.375000,P1,1,73,134.250000
LH,59,324.875000,P1,5,59,134.500000
RH,74,324.875000,P1,1,74,134.500000
RH,75,325.375000,P1,1,75,134.750000
LH,48,326.000000,P1,5,48,135.000000
LH,52,326.000000,P1,5,52,135.000000
RH,76,326.000000,P1,1,76,135.000000
RH,77,326.250000,P1,1,77,135.100000
RH,76,326.500000,P1,1,76,135.200000
RH,75,326.625000,P1,1,75,135.300000
RH,76,326.875000,P1,1,76,135.400000
LH,55,327.250000,P1,5,55,135.500000
RH,84,327.250000,P1,1,84,135.500000
RH,60,328.250000,P1,5,60,136.000000
LH,45,329.250000,P1,5,45,136.500000
RH,77,329.250000,P1,1,77,136.500000
RH,79,329.500000,P1,1,79,136.600000
RH,77,329.666667,P1,1,77,136.700000
RH,76,329.875000,P1,1,76,136.800000
RH,77,330.125000,P1,1,77,136.900000
LH,57,330.333333,P1,5,57,137.000000
RH,84,330.333333,P1,1,84,137.000000
RH,60,331.333333,P1,5,60,137.500000
RH,79,332.333333,P1,1,79,138.000000
LH,40,332.375000,P1,5,40,138.000000
RH,81,332.625000,P1,1,81,138.100000
RH,79,332.875000,P1,1,79,138.200000
RH,78,333.000000,P1,1,78,138.300000
RH,79,333.250000,P1,1,79,138.400000
LH,52,333.500000,P1,5,52,138.500000
LH,55,333.500000,P1,5,55,138.500000
RH,84,333.500000,P1,1,84,138.500000
LH,55,334.500000,P1,5,55,139.000000
RH,60,334.500000,P1,5,60,139.000000
LH,41,335.625000,P1,5,41,139.500000
RH,80,335.625000,P1,1,80,139.500000
LH,53,336.875000,P1,5,53,140.000000
LH,57,336.875000,P1,5,57,140.000000
RH,81,336.875000,P1,1,81,140.000000
LH,57,338.000000,P1,5,57,140.500000
RH,60,338.000000,P1,5,60,140.500000
LH,41,339.000000,P1,5,41,141.000000
LH,53,340.333333,P1,5,53,141.500000
LH,57,340.333333,P1,5,57,141.500000
RH,81,340.333333,P1,1,81,141.500000
LH,57,341.375000,P1,5,57,142.000000
RH,61,341.375000,P1,5,61,142.000000
LH,41,342.500000,P1,5,41,142.500000
LH,57,343.500000,P1,5,57,143.000000
LH,53,343.625000,P1,5,53,143.000000
RH,76,344.125000,P1,1,76,143.250000
LH,57,344.666667,P1,5,57,143.500000
RH,62,344.666667,P1,5,62,143.500000
RH,77,344.666667,P1,1,77,143.500000
RH,74,345.250000,P1,1,74,143.750000
LH,43,345.875000,P1,5,43,144.000000
RH,72,345.875000,P1,1,72,144.000000
RH,74,346.125000,P1,1,74,144.125000
RH,72,346.500000,P1,1,72,144.250000
RH,71,346.666667,P1,1,71,144.375000
LH,55,347.000000,P1,5,55,144.500000
RH,60,347.000000,P1,5,60,144.500000
RH,72,347.000000,P1,1,72,144.500000
RH,74,347.625000,P1,1,74,144.750000
RH,60,348.000000,P1,5,60,145.000000
RH,64,348.000000,P1,5,64,145.000000
RH,76,348.000000,P1,1,76,145.000000
RH,77,348.625000,P1,1,77,145.250000
LH,43,349.125000,P1,5,43,145.500000
RH,79,349.125000,P1,1,79,145.500000
RH,81,349.625000,P1,1,81,145.750000
LH,55,350.125000,P1,5,55,146.000000
RH,60,350.125000,P1,5,60,146.000000
RH,83,350.125000,P1,1,83,146.000000
RH,84,350.625000,P1,1,84,146.250000
RH,60,351.125000,P1,5,60,146.500000
RH,64,351.125000,P1,5,64,146.500000
RH,86,351.125000,P1,1,86,146.500000
RH,88,351.666667,P1,1,88,146.750000
LH,43,352.333333,P1,5,43,147.000000
LH,55,353.500000,P1,5,55,147.500000
RH,62,353.500000,P1,5,62,147.500000
RH,65,354.500000,P1,5,65,148.000000
RH,71,354.500000,P1,1,71,148.000000
LH,48,355.875000,P1,5,48,148.500000
RH,65,355.875000,P1,1,65,148.500000
RH,74,355.875000,P1,1,74,148.500000
LH,55,357.125000,P1,5,55,149.000000
LH,59,358.250000,P1,5,59,149.500000
LH,48,359.375000,P1,5,48,150.000000
RH,60,359.375000,P1,5,60,150.000000
RH,64,359.375000,P1,1,64,150.000000
RH,72,359.375000,P1,1,72,150.000000
LH,55,360.625000,P1,5,55,150.500000
RH,67,360.625000,P1,1,67,150.500000
LH,51,361.666667,P1,5,51,151.000000
RH,63,361.666667,P1,1,63,151.000000
LH,48,362.750000,P1,5,48,151.500000
RH,60,362.750000,P1,1,60,151.500000
LH,43,363.875000,P1,5,43,152.000000
LH,55,363.875000,P1,1,55,152.000000
LH,48,366.666667,P1,1,48,153.000000
LH,36,366.750000,P1,5,36,153.000000
LH,39,367.333333,P1,5,39,153.250000
LH,43,367.750000,P1,5,43,153.500000
LH,43,368.250000,P1,5,43,153.750000
LH,43,368.750000,P1,5,43,154.000000
LH,43,369.333333,P1,5,43,154.250000
LH,36,369.875000,P1,5,36,154.500000
LH,39,370.333333,P1,5,39,154.750000
LH,43,370.875000,P1,5,43,155.000000
LH,43,371.375000,P1,5,43,155.250000
LH,43,371.750000,P1,5,43,155.500000
LH,43,372.333333,P1,5,43,155.750000
LH,36,372.750000,P1,5,36,156.000000
LH,39,373.333333,P1,5,39,156.250000
LH,43,373.750000,P1,5,43,156.500000
LH,43,374.250000,P1,5,43,156.750000
LH,43,374.750000,P1,5,43,157.000000
LH,43,375.500000,P1,5,43,157.250000
RH,63,375.875000,P1,1,63,157.500000
RH,75,375.875000,P1,1,75,157.500000
LH,36,376.000000,P1,5,36,157.500000
LH,44,377.000000,P1,5,44,158.000000
LH,44,377.375000,P1,5,44,158.250000
LH,44,377.875000,P1,5,44,158.500000
LH,44,378.375000,P1,5,44,158.750000
LH,36,378.875000,P1,5,36,159.000000
RH,60,378.875000,P1,1,60,159.000000
RH,72,378.875000,P1,1,72,159.000000
LH,39,379.375000,P1,5,39,159.250000
LH,44,379.875000,P1,5,44,159.500000
LH,44,380.333333,P1,5,44,159.750000
LH,44,380.875000,P1,5,44,160.000000
LH,44,381.333333,P1,5,44,160.250000
LH,36,381.875000,P1,5,36,160.500000
LH,56,381.875000,P1,1,56,160.500000
RH,68,381.875000,P1,1,68,160.500000
LH,39,382.333333,P1,5,39,160.750000
LH,44,382.875000,P1,5,44,161.000000
LH,44,383.333333,P1,5,44,161.250000
LH,44,383.750000,P1,5,44,161.500000
LH,44,384.250000,P1,5,44,161.750000
LH,37,384.875000,P1,5,37,162.000000
LH,53,384.875000,P1,1,53,162.000000
RH,65,384.875000,P1,1,65,162.000000
LH,41,385.375000,P1,5,41,162.250000
LH,44,385.875000,P1,5,44,162.500000
LH,44,386.250000,P1,5,44,162.750000
LH,44,386.750000,P1,5,44,163.000000
LH,44,387.125000,P1,5,44,163.250000
LH,37,387.666667,P1,5,37,163.500000
LH,41,388.125000,P1,5,41,163.750000
LH,44,388.666667,P1,5,44,164.000000
LH,44,389.125000,P1,5,44,164.250000
LH,44,389.625000,P1,5,44,164.500000
LH,44,390.125000,P1,5,44,164.750000
LH,37,390.625000,P1,5,37,165.000000
LH,41,391.000000,P1,5,41,165.250000
LH,45,391.500000,P1,5,45,165.500000
LH,45,392.000000,P1,5,45,165.750000
LH,37,393.666667,P1,5,37,166.500000
RH,65,393.666667,P1,1,65,166.500000
RH,77,393.666667,P1,1,77,166.500000
LH,41,394.250000,P1,5,41,166.750000
LH,46,394.666667,P1,5,46,167.000000
LH,46,395.125000,P1,5,46,167.250000
LH,46,395.625000,P1,5,46,167.500000
LH,46,396.000000,P1,5,46,167.750000
RH,63,396.000000,P1,1,63,167.750000
RH,75,396.000000,P1,1,75,167.750000
LH,37,396.625000,P1,5,37,168.000000
RH,63,396.625000,P1,1,63,168.000000
RH,75,396.625000,P1,1,75,168.000000
LH,41,397.125000,P1,5,41,168.250000
LH,46,397.666667,P1,5,46,168.500000
RH,61,397.666667,P1,1,61,168.500000
RH,73,397.666667,P1,1,73,168.500000
LH,46,398.125000,P1,5,46,168.750000
LH,46,398.625000,P1,5,46,169.000000
LH,46,399.000000,P1,5,46,169.250000
RH,60,399.000000,P1,1,60,169.250000
RH,72,399.000000,P1,1,72,169.250000
LH,38,399.666667,P1,5,38,169.500000
RH,60,399.666667,P1,1,60,169.500000
RH,72,399.666667,P1,1,72,169.500000
LH,41,400.125000,P1,5,41,169.750000
LH,46,400.666667,P1,5,46,170.000000
LH,58,400.666667,P1,1,58,170.000000
RH,70,400.666667,P1,1,70,170.000000
LH,46,401.125000,P1,5,46,170.250000
LH,46,401.625000,P1,5,46,170.500000
LH,56,402.000000,P1,1,56,170.750000
LH,39,402.666667,P1,5,39,171.000000
LH,55,402.666667,P1,1,55,171.000000
RH,67,402.666667,P1,1,67,171.000000
LH,46,403.250000,P1,5,46,171.250000
LH,49,403.666667,P1,5,49,171.500000
LH,49,404.125000,P1,5,49,171.750000
LH,49,404.625000,P1,5,49,172.000000
LH,40,405.750000,P1,5,40,172.500000
RH,61,405.750000,P1,1,61,172.500000
RH,67,405.750000,P1,1,67,172.500000
RH,73,405.750000,P1,1,73,172.500000
LH,46,406.333333,P1,5,46,172.750000
LH,52,406.875000,P1,5,52,173.000000
LH,52,407.750000,P1,5,52,173.500000
LH,52,408.250000,P1,5,52,173.750000
LH,41,408.750000,P1,5,41,174.000000
RH,60,408.750000,P1,1,60,174.000000
RH,68,408.750000,P1,1,68,174.000000
RH,72,408.750000,P1,1,72,174.000000
LH,44,409.250000,P1,5,44,174.250000
LH,53,409.666667,P1,5,53,174.500000
LH,53,410.125000,P1,5,53,174.750000
LH,53,410.625000,P1,5,53,175.000000
LH,53,411.125000,P1,5,53,175.250000
LH,37,411.666667,P1,5,37,175.500000
LH,58,411.666667,P1,1,58,175.500000
RH,61,411.666667,P1,1,61,175.500000
RH,70,411.666667,P1,1,70,175.500000
LH,49,412.250000,P1,5,49,175.750000
LH,53,412.625000,P1,5,53,176.000000
LH,53,413.125000,P1,5,53,176.250000
LH,53,413.625000,P1,5,53,176.500000
LH,53,414.125000,P1,5,53,176.750000
LH,39,414.625000,P1,5,39,177.000000
LH,56,414.625000,P1,1,56,177.000000
RH,60,414.625000,P1,1,60,177.000000
RH,68,414.625000,P1,1,68,177.000000
LH,48,415.125000,P1,5,48,177.250000
LH,51,415.625000,P1,5,51,177.500000
LH,51,416.000000,P1,5,51,177.750000
LH,51,416.500000,P1,5,51,178.000000
LH,51,417.000000,P1,5,51,178.250000
LH,39,417.500000,P1,5,39,178.500000
LH,55,417.500000,P1,1,55,178.500000
LH,58,417.500000,P1,1,58,178.500000
RH,61,417.500000,P1,1,61,178.500000
RH,63,417.500000,P1,1,63,178.500000
LH,46,418.125000,P1,5,46,178.750000
LH,49,418.625000,P1,5,49,179.000000
LH,49,419.000000,P1,5,49,179.250000
LH,49,419.500000,P1,5,49,179.500000
LH,49,420.000000,P1,5,49,179.750000
LH,32,420.500000,P1,5,32,180.000000
LH,44,420.500000,P1,5,44,180.000000
LH,56,420.500000,P1,1,56,180.000000
RH,60,420.500000,P1,1,60,180.000000
RH,63,420.500000,P1,1,63,180.000000
LH,56,421.125000,P1,5,56,180.250000
LH,56,421.625000,P1,5,56,180.500000
RH,60,421.666667,P1,1,60,180.500000
RH,63,421.666667,P1,1,63,180.500000
LH,56,422.125000,P1,5,56,180.750000
RH,60,422.125000,P1,1,60,180.750000
RH,63,422.125000,P1,1,63,180.750000
LH,56,422.500000,P1,5,56,181.000000
RH,60,422.500000,P1,1,60,181.000000
RH,63,422.500000,P1,1,63,181.000000
LH,56,423.000000,P1,5,56,181.250000
RH,60,423.000000,P1,1,60,181.250000
RH,63,423.000000,P1,1,63,181.250000
LH,56,423.500000,P1,5,56,181.500000
RH,60,423.500000,P1,1,60,181.500000
RH,63,423.500000,P1,1,63,181.500000
LH,56,423.875000,P1,5,56,181.750000
RH,60,423.875000,P1,1,60,181.750000
RH,63,423.875000,P1,1,63,181.750000
LH,56,424.375000,P1,5,56,182.000000
RH,60,424.375000,P1,1,60,182.000000
RH,63,424.375000,P1,1,63,182.000000
LH,56,424.875000,P1,5,56,182.250000
RH,60,424.875000,P1,1,60,182.250000
RH,63,424.875000,P1,1,63,182.250000
LH,56,425.333333,P1,5,56,182.500000
RH,60,425.333333,P1,1,60,182.500000
RH,63,425.333333,P1,1,63,182.500000
LH,56,425.750000,P1,5,56,182.750000
RH,60,425.750000,P1,1,60,182.750000
RH,63,425.750000,P1,1,63,182.750000
LH,56,426.250000,P1,5,56,183.000000
RH,60,426.250000,P1,1,60,183.000000
RH,63,426.250000,P1,1,63,183.000000
LH,56,426.666667,P1,5,56,183.250000
RH,60,426.666667,P1,1,60,183.250000
RH,63,426.666667,P1,1,63,183.250000
LH,56,427.125000,P1,5,56,183.500000
RH,60,427.125000,P1,1,60,183.500000
RH,63,427.125000,P1,1,63,183.500000
LH,56,427.625000,P1,5,56,183.750000
RH,60,427.625000,P1,1,60,183.750000
RH,63,427.625000,P1,1,63,183.750000
LH,56,428.125000,P1,5,56,184.000000
RH,60,428.125000,P1,1,60,184.000000
RH,63,428.125000,P1,1,63,184.000000
LH,56,428.625000,P1,5,56,184.250000
RH,63,428.625000,P1,1,63,184.250000
RH,60,429.125000,P1,5,60,184.500000
RH,63,429.125000,P1,5,63,184.500000
LH,56,429.250000,P1,5,56,184.500000
LH,56,429.666667,P1,5,56,184.750000
RH,60,429.666667,P1,5,60,184.750000
RH,63,429.666667,P1,5,63,184.750000
RH,85,429.666667,P1,1,85,184.750000
LH,56,430.125000,P1,5,56,185.000000
RH,60,430.125000,P1,5,60,185.000000
RH,63,430.125000,P1,5,63,185.000000
RH,84,430.125000,P1,1,84,185.000000
LH,56,430.625000,P1,5,56,185.250000
RH,60,430.625000,P1,5,60,185.250000
RH,63,430.625000,P1,5,63,185.250000
RH,82,430.625000,P1,1,82,185.250000
RH,60,431.000000,P1,5,60,185.500000
RH,80,431.000000,P1,1,80,185.500000
LH,56,431.125000,P1,5,56,185.500000
RH,63,431.125000,P1,5,63,185.500000
LH,56,431.500000,P1,5,56,185.750000
RH,60,431.500000,P1,5,60,185.750000
RH,63,431.500000,P1,5,63,185.750000
RH,79,431.500000,P1,1,79,185.750000
LH,56,431.875000,P1,5,56,186.000000
RH,60,431.875000,P1,5,60,186.000000
RH,63,431.875000,P1,5,63,186.000000
RH,77,431.875000,P1,1,77,186.000000
LH,56,432.375000,P1,5,56,186.250000
RH,60,432.375000,P1,5,60,186.250000
RH,63,432.375000,P1,5,63,186.250000
RH,75,432.375000,P1,1,75,186.250000
LH,56,432.875000,P1,5,56,186.500000
RH,60,432.875000,P1,5,60,186.500000
RH,63,432.875000,P1,5,63,186.500000
RH,73,432.875000,P1,1,73,186.500000
LH,56,433.333333,P1,5,56,186.750000
RH,60,433.333333,P1,5,60,186.750000
RH,63,433.333333,P1,5,63,186.750000
RH,72,433.333333,P1,1,72,186.750000
LH,56,433.750000,P1,5,56,187.000000
RH,60,433.750000,P1,5,60,187.000000
RH,63,433.750000,P1,5,63,187.000000
RH,70,433.750000,P1,1,70,187.000000
LH,56,434.250000,P1,5,56,187.250000
RH,60,434.250000,P1,5,60,187.250000
RH,63,434.250000,P1,5,63,187.250000
RH,68,434.250000,P1,1,68,187.250000
RH,63,434.666667,P1,5,63,187.500000
RH,67,434.666667,P1,1,67,187.500000
RH,63,435.125000,P1,5,63,187.750000
RH,68,435.125000,P1,1,68,187.750000
RH,60,435.250000,P1,5,60,187.750000
LH,56,435.625000,P1,5,56,188.000000
RH,60,435.625000,P1,5,60,188.000000
RH,63,435.625000,P1,5,63,188.000000
RH,70,435.625000,P1,1,70,188.000000
RH,68,436.000000,P1,1,68,188.250000
LH,56,436.125000,P1,5,56,188.250000
RH,60,436.125000,P1,5,60,188.250000
RH,63,436.125000,P1,5,63,188.250000
LH,56,436.500000,P1,5,56,188.500000
RH,60,436.500000,P1,5,60,188.500000
RH,63,436.500000,P1,5,63,188.500000
RH,72,436.500000,P1,1,72,188.500000
LH,56,437.000000,P1,5,56,188.750000
RH,60,437.000000,P1,5,60,188.750000
RH,63,437.000000,P1,5,63,188.750000
RH,68,437.000000,P1,1,68,188.750000
LH,58,437.500000,P1,5,58,189.000000
RH,61,437.500000,P1,5,61,189.000000
RH,63,437.500000,P1,5,63,189.000000
RH,67,437.500000,P1,1,67,189.000000
LH,58,438.125000,P1,1,58,189.250000
RH,61,438.125000,P1,1,61,189.250000
RH,63,438.125000,P1,1,63,189.250000
LH,58,438.500000,P1,1,58,189.500000
RH,61,438.500000,P1,1,61,189.500000
RH,63,438.500000,P1,1,63,189.500000
LH,58,439.000000,P1,1,58,189.750000
RH,61,439.000000,P1,1,61,189.750000
RH,63,439.000000,P1,1,63,189.750000
LH,58,439.500000,P1,1,58,190.000000
RH,61,439.500000,P1,1,61,190.000000
RH,63,439.500000,P1,1,63,190.000000
LH,58,439.875000,P1,1,58,190.250000
RH,61,439.875000,P1,1,61,190.250000
RH,63,439.875000,P1,1,63,190.250000
LH,58,440.333333,P1,1,58,190.500000
RH,61,440.333333,P1,1,61,190.500000
RH,63,440.333333,P1,1,63,190.500000
LH,58,440.750000,P1,1,58,190.750000
RH,61,440.750000,P1,1,61,190.750000
RH,63,440.750000,P1,1,63,190.750000
LH,58,441.250000,P1,1,58,191.000000
RH,61,441.250000,P1,1,61,191.000000
RH,63,441.250000,P1,1,63,191.000000
LH,58,441.666667,P1,1,58,191.250000
RH,61,441.666667,P1,1,61,191.250000
RH,63,441.666667,P1,1,63,191.250000
LH,58,442.125000,P1,1,58,191.500000
RH,61,442.125000,P1,1,61,191.500000
RH,63,442.125000,P1,1,63,191.500000
LH,58,442.625000,P1,1,58,191.750000
RH,61,442.625000,P1,1,61,191.750000
RH,63,442.625000,P1,1,63,191.750000
LH,58,443.125000,P1,1,58,192.000000
RH,61,443.125000,P1,1,61,192.000000
RH,63,443.125000,P1,1,63,192.000000
LH,58,443.500000,P1,1,58,192.250000
RH,61,443.500000,P1,1,61,192.250000
RH,63,443.500000,P1,1,63,192.250000
LH,58,444.000000,P1,1,58,192.500000
RH,61,444.000000,P1,1,61,192.500000
RH,63,444.000000,P1,1,63,192.500000
LH,58,444.375000,P1,1,58,192.750000
RH,61,444.375000,P1,1,61,192.750000
RH,63,444.375000,P1,1,63,192.750000
LH,58,444.875000,P1,1,58,193.000000
RH,61,444.875000,P1,1,61,193.000000
RH,63,444.875000,P1,1,63,193.000000
RH,63,445.333333,P1,1,63,193.250000
RH,61,445.875000,P1,1,61,193.500000
RH,63,445.875000,P1,1,63,193.500000
LH,56,446.333333,P1,5,56,193.750000
RH,61,446.375000,P1,1,61,193.750000
RH,63,446.375000,P1,1,63,193.750000
LH,55,446.750000,P1,5,55,194.000000
RH,61,446.875000,P1,1,61,194.000000
RH,63,446.875000,P1,1,63,194.000000
LH,53,447.250000,P1,5,53,194.250000
RH,61,447.250000,P1,1,61,194.250000
RH,63,447.250000,P1,1,63,194.250000
LH,51,447.666667,P1,5,51,194.500000
RH,61,447.750000,P1,1,61,194.500000
RH,63,447.750000,P1,1,63,194.500000
LH,49,448.125000,P1,5,49,194.750000
RH,61,448.125000,P1,1,61,194.750000
RH,63,448.125000,P1,1,63,194.750000
LH,48,448.500000,P1,5,48,195.000000
RH,61,448.625000,P1,1,61,195.000000
RH,63,448.625000,P1,1,63,195.000000
LH,46,449.000000,P1,5,46,195.250000
RH,61,449.000000,P1,1,61,195.250000
RH,63,449.000000,P1,1,63,195.250000
LH,44,449.500000,P1,5,44,195.500000
RH,61,449.500000,P1,1,61,195.500000
RH,63,449.500000,P1,1,63,195.500000
LH,43,449.875000,P1,5,43,195.750000
RH,61,450.000000,P1,1,61,195.750000
RH,63,450.000000,P1,1,63,195.750000
LH,41,450.375000,P1,5,41,196.000000
RH,61,450.375000,P1,1,61,196.000000
RH,63,450.375000,P1,1,63,196.000000
LH,39,450.875000,P1,5,39,196.250000
RH,61,450.875000,P1,1,61,196.250000
RH,63,450.875000,P1,1,63,196.250000
LH,38,451.333333,P1,5,38,196.500000
LH,58,451.333333,P1,1,58,196.500000
RH,61,451.333333,P1,1,61,196.500000
RH,63,451.333333,P1,1,63,196.500000
LH,58,451.875000,P1,1,58,196.750000
RH,61,451.875000,P1,1,61,196.750000
RH,63,451.875000,P1,1,63,196.750000
LH,41,452.250000,P1,5,41,197.000000
RH,63,452.250000,P1,1,63,197.000000
LH,58,452.333333,P1,1,58,197.000000
RH,61,452.333333,P1,1,61,197.000000
LH,58,452.750000,P1,1,58,197.250000
RH,61,452.750000,P1,1,61,197.250000
RH,63,452.750000,P1,1,63,197.250000
LH,43,453.250000,P1,5,43,197.500000
LH,58,453.250000,P1,1,58,197.500000
RH,61,453.250000,P1,1,61,197.500000
RH,63,453.250000,P1,1,63,197.500000
LH,58,453.666667,P1,1,58,197.750000
RH,61,453.750000,P1,1,61,197.750000
RH,63,453.750000,P1,1,63,197.750000
LH,32,454.250000,P1,5,32,198.000000
LH,44,454.250000,P1,5,44,198.000000
RH,60,454.333333,P1,1,60,198.000000
RH,63,454.333333,P1,1,63,198.000000
LH,56,454.875000,P1,5,56,198.250000
RH,60,454.875000,P1,1,60,198.250000
RH,63,454.875000,P1,1,63,198.250000
LH,56,455.333333,P1,5,56,198.500000
RH,60,455.375000,P1,1,60,198.500000
RH,63,455.375000,P1,1,63,198.500000
LH,56,455.875000,P1,5,56,198.750000
RH,60,455.875000,P1,1,60,198.750000
RH,63,455.875000,P1,1,63,198.750000
LH,56,456.333333,P1,5,56,199.000000
RH,60,456.333333,P1,1,60,199.000000
RH,63,456.333333,P1,1,63,199.000000
LH,56,456.750000,P1,5,56,199.250000
RH,60,456.750000,P1,1,60,199.250000
RH,63,456.750000,P1,1,63,199.250000
LH,56,457.250000,P1,5,56,199.500000
RH,60,457.250000,P1,1,60,199.500000
RH,63,457.250000,P1,1,63,199.500000
LH,56,457.666667,P1,5,56,199.750000
RH,60,457.666667,P1,1,60,199.750000
RH,63,457.666667,P1,1,63,199.750000
LH,56,458.125000,P1,5,56,200.000000
RH,60,458.125000,P1,1,60,200.000000
RH,63,458.125000,P1,1,63,200.000000
LH,56,458.666667,P1,5,56,200.250000
RH,60,458.666667,P1,1,60,200.250000
RH,63,458.666667,P1,1,63,200.250000
LH,56,459.125000,P1,5,56,200.500000
RH,60,459.125000,P1,1,60,200.500000
RH,63,459.125000,P1,1,63,200.500000
LH,56,459.625000,P1,5,56,200.750000
RH,60,459.625000,P1,1,60,200.750000
RH,63,459.625000,P1,1,63,200.750000
LH,56,460.000000,P1,5,56,201.000000
RH,60,460.000000,P1,1,60,201.000000
LH,56,460.500000,P1,5,56,201.250000
RH,60,460.500000,P1,1,60,201.250000
LH,56,461.000000,P1,5,56,201.500000
RH,60,461.000000,P1,1,60,201.500000
LH,56,461.375000,P1,5,56,201.750000
RH,60,461.375000,P1,1,60,201.750000
LH,56,461.875000,P1,5,56,202.000000
RH,60,461.875000,P1,1,60,202.000000
RH,60,462.333333,P1,1,60,202.250000
LH,56,462.375000,P1,5,56,202.250000
RH,60,462.875000,P1,5,60,202.500000
LH,53,463.000000,P1,5,53,202.500000
RH,65,463.000000,P1,5,65,202.500000
LH,53,463.500000,P1,5,53,202.750000
LH,56,463.500000,P1,5,56,202.750000
RH,60,463.500000,P1,5,60,202.750000
RH,82,463.500000,P1,1,82,202.750000
LH,53,463.875000,P1,5,53,203.000000
LH,56,463.875000,P1,5,56,203.000000
RH,60,463.875000,P1,5,60,203.000000
RH,80,463.875000,P1,1,80,203.000000
LH,53,464.375000,P1,5,53,203.250000
LH,56,464.375000,P1,5,56,203.250000
RH,60,464.375000,P1,5,60,203.250000
RH,79,464.375000,P1,1,79,203.250000
LH,53,464.750000,P1,5,53,203.500000
LH,56,464.750000,P1,5,56,203.500000
RH,60,464.750000,P1,5,60,203.500000
RH,77,464.750000,P1,1,77,203.500000
LH,53,465.250000,P1,5,53,203.750000
LH,56,465.250000,P1,5,56,203.750000
RH,60,465.250000,P1,5,60,203.750000
RH,75,465.250000,P1,1,75,203.750000
LH,53,465.666667,P1,5,53,204.000000
LH,56,465.666667,P1,5,56,204.000000
RH,73,465.666667,P1,1,73,204.000000
RH,60,465.750000,P1,5,60,204.000000
LH,56,466.125000,P1,5,56,204.250000
RH,60,466.125000,P1,5,60,204.250000
RH,72,466.125000,P1,1,72,204.250000
LH,53,466.250000,P1,5,53,204.250000
LH,56,466.625000,P1,5,56,204.500000
RH,60,466.625000,P1,5,60,204.500000
RH,70,466.625000,P1,1,70,204.500000
LH,53,466.666667,P1,5,53,204.500000
LH,53,467.000000,P1,5,53,204.750000
LH,56,467.000000,P1,5,56,204.750000
RH,68,467.000000,P1,1,68,204.750000
RH,60,467.125000,P1,5,60,204.750000
RH,67,467.500000,P1,1,67,205.000000
LH,53,467.625000,P1,5,53,205.000000
LH,56,467.625000,P1,5,56,205.000000
RH,60,467.625000,P1,5,60,205.000000
LH,53,468.000000,P1,5,53,205.250000
LH,56,468.000000,P1,5,56,205.250000
RH,60,468.000000,P1,5,60,205.250000
RH,65,468.000000,P1,1,65,205.250000
LH,53,468.500000,P1,5,53,205.500000
LH,56,468.500000,P1,5,56,205.500000
RH,60,468.500000,P1,5,60,205.500000
RH,64,468.500000,P1,1,64,205.500000
LH,53,469.000000,P1,5,53,205.750000
LH,56,469.000000,P1,5,56,205.750000
RH,60,469.000000,P1,5,60,205.750000
RH,65,469.000000,P1,1,65,205.750000
LH,53,469.375000,P1,5,53,206.000000
LH,56,469.375000,P1,5,56,206.000000
RH,60,469.375000,P1,5,60,206.000000
RH,67,469.375000,P1,1,67,206.000000
LH,53,469.875000,P1,5,53,206.250000
LH,56,469.875000,P1,5,56,206.250000
RH,60,469.875000,P1,5,60,206.250000
RH,65,469.875000,P1,1,65,206.250000
LH,53,470.333333,P1,5,53,206.500000
LH,56,470.333333,P1,5,56,206.500000
RH,60,470.333333,P1,5,60,206.500000
RH,68,470.333333,P1,1,68,206.500000
LH,53,470.750000,P1,5,53,206.750000
LH,56,470.750000,P1,5,56,206.750000
RH,60,470.750000,P1,5,60,206.750000
RH,65,470.750000,P1,1,65,206.750000
LH,55,471.333333,P1,5,55,207.000000
LH,58,471.333333,P1,5,58,207.000000
RH,60,471.333333,P1,5,60,207.000000
RH,64,471.333333,P1,1,64,207.000000
LH,55,471.875000,P1,1,55,207.250000
LH,58,471.875000,P1,1,58,207.250000
RH,60,471.875000,P1,1,60,207.250000
LH,55,472.375000,P1,1,55,207.500000
LH,58,472.375000,P1,1,58,207.500000
RH,60,472.375000,P1,1,60,207.500000
LH,55,472.750000,P1,1,55,207.750000
LH,58,472.750000,P1,1,58,207.750000
RH,60,472.750000,P1,1,60,207.750000
LH,55,473.250000,P1,1,55,208.000000
LH,58,473.250000,P1,1,58,208.000000
RH,60,473.250000,P1,1,60,208.000000
LH,55,473.750000,P1,1,55,208.250000
LH,58,473.750000,P1,1,58,208.250000
RH,60,473.750000,P1,1,60,208.250000
LH,55,474.125000,P1,1,55,208.500000
LH,58,474.125000,P1,1,58,208.500000
RH,60,474.125000,P1,1,60,208.500000
LH,55,474.666667,P1,1,55,208.750000
LH,58,474.666667,P1,1,58,208.750000
RH,60,474.666667,P1,1,60,208.750000
LH,55,475.125000,P1,1,55,209.000000
LH,58,475.125000,P1,1,58,209.000000
RH,60,475.125000,P1,1,60,209.000000
LH,55,475.500000,P1,1,55,209.250000
LH,58,475.500000,P1,1,58,209.250000
RH,60,475.500000,P1,1,60,209.250000
LH,55,476.000000,P1,1,55,209.500000
LH,58,476.000000,P1,1,58,209.500000
RH,60,476.000000,P1,1,60,209.500000
LH,55,476.375000,P1,1,55,209.750000
LH,58,476.375000,P1,1,58,209.750000
RH,60,476.375000,P1,1,60,209.750000
LH,55,476.875000,P1,1,55,210.000000
LH,58,476.875000,P1,1,58,210.000000
RH,60,476.875000,P1,1,60,210.000000
LH,55,477.333333,P1,1,55,210.250000
LH,58,477.333333,P1,1,58,210.250000
RH,60,477.333333,P1,1,60,210.250000
LH,55,477.750000,P1,1,55,210.500000
LH,58,477.750000,P1,1,58,210.500000
RH,60,477.750000,P1,1,60,210.500000
LH,55,478.250000,P1,1,55,210.750000
LH,58,478.250000,P1,1,58,210.750000
RH,60,478.250000,P1,1,60,210.750000
LH,55,478.666667,P1,1,55,211.000000
LH,58,478.666667,P1,1,58,211.000000
RH,60,478.666667,P1,1,60,211.000000
LH,55,479.125000,P1,1,55,211.250000
LH,58,479.125000,P1,1,58,211.250000
RH,60,479.125000,P1,1,60,211.250000
RH,60,479.625000,P1,1,60,211.500000
LH,58,479.666667,P1,1,58,211.500000
LH,53,480.000000,P1,5,53,211.750000
LH,58,480.125000,P1,1,58,211.750000
RH,60,480.125000,P1,1,60,211.750000
LH,52,480.500000,P1,5,52,212.000000
LH,58,480.500000,P1,1,58,212.000000
RH,60,480.500000,P1,1,60,212.000000
LH,49,480.875000,P1,5,49,212.250000
LH,58,481.000000,P1,1,58,212.250000
RH,60,481.000000,P1,1,60,212.250000
LH,48,481.375000,P1,5,48,212.500000
LH,58,481.500000,P1,1,58,212.500000
RH,60,481.500000,P1,1,60,212.500000
LH,46,481.875000,P1,5,46,212.750000
LH,58,481.875000,P1,1,58,212.750000
RH,60,481.875000,P1,1,60,212.750000
LH,44,482.250000,P1,5,44,213.000000
LH,58,482.375000,P1,1,58,213.000000
RH,60,482.375000,P1,1,60,213.000000
LH,43,482.750000,P1,5,43,213.250000
LH,58,482.875000,P1,1,58,213.250000
RH,60,482.875000,P1,1,60,213.250000
LH,41,483.250000,P1,5,41,213.500000
LH,58,483.250000,P1,1,58,213.500000
RH,60,483.250000,P1,1,60,213.500000
LH,40,483.666667,P1,5,40,213.750000
LH,58,483.666667,P1,1,58,213.750000
RH,60,483.666667,P1,1,60,213.750000
LH,37,484.125000,P1,5,37,214.000000
LH,58,484.125000,P1,1,58,214.000000
RH,60,484.125000,P1,1,60,214.000000
LH,36,484.625000,P1,5,36,214.250000
LH,58,484.625000,P1,1,58,214.250000
RH,60,484.625000,P1,1,60,214.250000
LH,35,485.000000,P1,5,35,214.500000
LH,55,485.125000,P1,1,55,214.500000
LH,58,485.125000,P1,1,58,214.500000
RH,60,485.125000,P1,1,60,214.500000
LH,36,485.500000,P1,5,36,214.750000
LH,58,485.500000,P1,1,58,214.750000
RH,60,485.500000,P1,1,60,214.750000
LH,55,485.625000,P1,1,55,214.750000
LH,37,486.000000,P1,5,37,215.000000
LH,55,486.000000,P1,1,55,215.000000
LH,58,486.000000,P1,1,58,215.000000
RH,60,486.000000,P1,1,60,215.000000
LH,36,486.375000,P1,5,36,215.250000
LH,55,486.500000,P1,1,55,215.250000
LH,58,486.500000,P1,1,58,215.250000
RH,60,486.500000,P1,1,60,215.250000
LH,40,486.875000,P1,5,40,215.500000
RH,60,486.875000,P1,1,60,215.500000
LH,55,487.000000,P1,1,55,215.500000
LH,58,487.000000,P1,1,58,215.500000
LH,36,487.375000,P1,5,36,215.750000
LH,55,487.500000,P1,1,55,215.750000
LH,58,487.500000,P1,1,58,215.750000
RH,60,487.500000,P1,1,60,215.750000
LH,41,488.000000,P1,5,41,216.000000
LH,56,488.000000,P1,1,56,216.000000
RH,60,488.000000,P1,1,60,216.000000
LH,53,488.625000,P1,5,53,216.250000
LH,56,488.625000,P1,1,56,216.250000
RH,61,488.625000,P1,1,61,216.250000
LH,53,489.000000,P1,5,53,216.500000
LH,56,489.000000,P1,1,56,216.500000
RH,61,489.000000,P1,1,61,216.500000
LH,53,489.500000,P1,5,53,216.750000
LH,56,489.500000,P1,1,56,216.750000
RH,61,489.500000,P1,1,61,216.750000
LH,53,489.875000,P1,5,53,217.000000
LH,56,489.875000,P1,1,56,217.000000
RH,61,489.875000,P1,1,61,217.000000
LH,53,490.333333,P1,5,53,217.250000
RH,61,490.333333,P1,1,61,217.250000
LH,53,490.875000,P1,5,53,217.500000
LH,56,490.875000,P1,5,56,217.500000
RH,61,490.875000,P1,5,61,217.500000
RH,80,490.875000,P1,1,80,217.500000
LH,53,491.333333,P1,5,53,217.750000
LH,56,491.333333,P1,5,56,217.750000
RH,61,491.333333,P1,5,61,217.750000
RH,77,491.333333,P1,1,77,217.750000
LH,53,491.875000,P1,5,53,218.000000
LH,56,491.875000,P1,5,56,218.000000
RH,61,491.875000,P1,5,61,218.000000
RH,73,491.875000,P1,1,73,218.000000
LH,53,492.250000,P1,5,53,218.250000
LH,56,492.250000,P1,5,56,218.250000
RH,61,492.250000,P1,5,61,218.250000
RH,73,492.250000,P1,1,73,218.250000
LH,53,492.750000,P1,5,53,218.500000
LH,56,492.750000,P1,5,56,218.500000
RH,61,492.750000,P1,5,61,218.500000
RH,73,492.750000,P1,1,73,218.500000
LH,53,493.125000,P1,5,53,218.750000
LH,56,493.125000,P1,5,56,218.750000
RH,61,493.125000,P1,5,61,218.750000
RH,73,493.125000,P1,1,73,218.750000
LH,51,493.666667,P1,5,51,219.000000
RH,60,493.666667,P1,1,60,219.000000
LH,55,493.750000,P1,1,55,219.000000
LH,51,494.125000,P1,5,51,219.250000
LH,55,494.125000,P1,1,55,219.250000
RH,60,494.125000,P1,1,60,219.250000
LH,51,494.625000,P1,5,51,219.500000
LH,55,494.625000,P1,1,55,219.500000
RH,60,494.625000,P1,1,60,219.500000
LH,51,495.000000,P1,5,51,219.750000
LH,55,495.000000,P1,1,55,219.750000
RH,60,495.000000,P1,1,60,219.750000
LH,51,495.500000,P1,5,51,220.000000
LH,55,495.500000,P1,1,55,220.000000
RH,60,495.500000,P1,1,60,220.000000
LH,51,495.875000,P1,5,51,220.250000
LH,55,495.875000,P1,1,55,220.250000
RH,60,495.875000,P1,1,60,220.250000
LH,38,496.500000,P1,5,38,220.500000
LH,50,496.500000,P1,5,50,220.500000
LH,53,496.500000,P1,1,53,220.500000
LH,59,496.500000,P1,1,59,220.500000
LH,50,497.000000,P1,5,50,220.750000
LH,53,497.000000,P1,1,53,220.750000
LH,59,497.000000,P1,1,59,220.750000
LH,50,497.500000,P1,5,50,221.000000
LH,53,497.500000,P1,1,53,221.000000
LH,59,497.500000,P1,1,59,221.000000
LH,50,498.000000,P1,5,50,221.250000
LH,53,498.000000,P1,1,53,221.250000
LH,59,498.000000,P1,1,59,221.250000
LH,50,498.375000,P1,5,50,221.500000
LH,59,498.375000,P1,1,59,221.500000
LH,53,498.500000,P1,1,53,221.500000
LH,50,498.875000,P1,5,50,221.750000
LH,53,498.875000,P1,1,53,221.750000
LH,59,498.875000,P1,1,59,221.750000
LH,50,499.333333,P1,5,50,222.000000
LH,53,499.333333,P1,5,53,222.000000
LH,59,499.333333,P1,5,59,222.000000
RH,77,499.333333,P1,1,77,222.000000
LH,50,499.875000,P1,5,50,222.250000
LH,53,499.875000,P1,5,53,222.250000
LH,59,499.875000,P1,5,59,222.250000
RH,74,499.875000,P1,1,74,222.250000
LH,50,500.250000,P1,5,50,222.500000
LH,53,500.250000,P1,5,53,222.500000
LH,59,500.250000,P1,5,59,222.500000
RH,71,500.250000,P1,1,71,222.500000
LH,50,500.750000,P1,5,50,222.750000
LH,53,500.750000,P1,5,53,222.750000
LH,59,500.750000,P1,5,59,222.750000
RH,71,500.750000,P1,1,71,222.750000
LH,50,501.250000,P1,5,50,223.000000
LH,53,501.250000,P1,5,53,223.000000
LH,59,501.250000,P1,5,59,223.000000
RH,71,501.250000,P1,1,71,223.000000
LH,50,501.666667,P1,5,50,223.250000
LH,53,501.666667,P1,5,53,223.250000
LH,59,501.666667,P1,5,59,223.250000
RH,71,501.666667,P1,1,71,223.250000
LH,48,502.250000,P1,5,48,223.500000
LH,51,502.250000,P1,1,51,223.500000
LH,56,502.250000,P1,1,56,223.500000
LH,48,502.625000,P1,5,48,223.750000
LH,51,502.625000,P1,1,51,223.750000
LH,56,502.625000,P1,1,56,223.750000
LH,48,503.125000,P1,5,48,224.000000
LH,51,503.125000,P1,1,51,224.000000
LH,56,503.125000,P1,1,56,224.000000
LH,48,503.625000,P1,5,48,224.250000
LH,51,503.625000,P1,1,51,224.250000
LH,56,503.625000,P1,1,56,224.250000
LH,48,504.000000,P1,5,48,224.500000
LH,51,504.000000,P1,1,51,224.500000
LH,56,504.000000,P1,1,56,224.500000
LH,48,504.500000,P1,5,48,224.750000
LH,51,504.500000,P1,1,51,224.750000
LH,56,504.500000,P1,1,56,224.750000
LH,35,505.000000,P1,5,35,225.000000
LH,47,505.000000,P1,5,47,225.000000
LH,50,505.000000,P1,1,50,225.000000
LH,55,505.000000,P1,1,55,225.000000
LH,47,505.625000,P1,5,47,225.250000
LH,50,505.625000,P1,1,50,225.250000
LH,55,505.625000,P1,1,55,225.250000
LH,47,506.000000,P1,5,47,225.500000
LH,50,506.000000,P1,1,50,225.500000
LH,55,506.000000,P1,1,55,225.500000
LH,47,506.500000,P1,5,47,225.750000
LH,50,506.500000,P1,1,50,225.750000
LH,55,506.500000,P1,1,55,225.750000
LH,47,506.875000,P1,5,47,226.000000
LH,50,506.875000,P1,1,50,226.000000
LH,55,506.875000,P1,1,55,226.000000
LH,47,507.375000,P1,5,47,226.250000
LH,55,507.375000,P1,1,55,226.250000
LH,47,507.875000,P1,5,47,226.500000
LH,50,507.875000,P1,5,50,226.500000
LH,55,507.875000,P1,5,55,226.500000
RH,86,507.875000,P1,1,86,226.500000
LH,47,508.333333,P1,5,47,226.750000
LH,50,508.333333,P1,5,50,226.750000
LH,55,508.333333,P1,5,55,226.750000
RH,83,508.333333,P1,1,83,226.750000
LH,47,508.750000,P1,5,47,227.000000
LH,50,508.750000,P1,5,50,227.000000
LH,55,508.750000,P1,5,55,227.000000
RH,77,508.750000,P1,1,77,227.000000
LH,47,509.250000,P1,5,47,227.250000
LH,50,509.250000,P1,5,50,227.250000
LH,55,509.250000,P1,5,55,227.250000
RH,77,509.250000,P1,1,77,227.250000
LH,47,509.750000,P1,5,47,227.500000
LH,50,509.750000,P1,5,50,227.500000
LH,55,509.750000,P1,5,55,227.500000
RH,77,509.750000,P1,1,77,227.500000
LH,47,510.125000,P1,5,47,227.750000
LH,50,510.125000,P1,5,50,227.750000
LH,55,510.125000,P1,5,55,227.750000
RH,77,510.125000,P1,1,77,227.750000
LH,48,510.666667,P1,5,48,228.000000
LH,51,510.666667,P1,5,51,228.000000
LH,55,510.666667,P1,5,55,228.000000
RH,84,510.666667,P1,1,84,228.000000
LH,48,511.125000,P1,5,48,228.250000
LH,51,511.125000,P1,5,51,228.250000
LH,55,511.125000,P1,5,55,228.250000
RH,79,511.125000,P1,1,79,228.250000
LH,48,511.625000,P1,5,48,228.500000
LH,51,511.625000,P1,5,51,228.500000
LH,55,511.625000,P1,5,55,228.500000
RH,75,511.625000,P1,1,75,228.500000
LH,48,512.125000,P1,5,48,228.750000
LH,51,512.125000,P1,5,51,228.750000
LH,55,512.125000,P1,5,55,228.750000
RH,75,512.125000,P1,1,75,228.750000
LH,51,512.500000,P1,5,51,229.000000
LH,55,512.500000,P1,5,55,229.000000
RH,75,512.500000,P1,1,75,229.000000
LH,48,512.625000,P1,5,48,229.000000
LH,48,513.000000,P1,5,48,229.250000
LH,51,513.000000,P1,5,51,229.250000
LH,55,513.000000,P1,5,55,229.250000
RH,75,513.000000,P1,1,75,229.250000
LH,41,513.500000,P1,5,41,229.500000
RH,80,513.500000,P1,1,80,229.500000
LH,53,514.000000,P1,5,53,229.750000
LH,56,514.000000,P1,5,56,229.750000
RH,61,514.000000,P1,5,61,229.750000
RH,77,514.000000,P1,1,77,229.750000
LH,53,514.375000,P1,5,53,230.000000
LH,56,514.375000,P1,5,56,230.000000
RH,61,514.375000,P1,5,61,230.000000
RH,65,514.375000,P1,1,65,230.000000
RH,68,514.375000,P1,1,68,230.000000
RH,73,514.375000,P1,1,73,230.000000
LH,53,514.875000,P1,5,53,230.250000
LH,56,514.875000,P1,5,56,230.250000
RH,61,514.875000,P1,5,61,230.250000
RH,65,514.875000,P1,1,65,230.250000
RH,68,514.875000,P1,1,68,230.250000
RH,73,514.875000,P1,1,73,230.250000
LH,53,515.333333,P1,5,53,230.500000
RH,61,515.333333,P1,5,61,230.500000
RH,65,515.333333,P1,1,65,230.500000
RH,73,515.333333,P1,1,73,230.500000
LH,56,515.375000,P1,5,56,230.500000
RH,68,515.375000,P1,1,68,230.500000
LH,53,515.750000,P1,5,53,230.750000
LH,56,515.750000,P1,5,56,230.750000
RH,61,515.750000,P1,5,61,230.750000
RH,65,515.750000,P1,1,65,230.750000
RH,68,515.750000,P1,1,68,230.750000
RH,73,515.750000,P1,1,73,230.750000
LH,41,516.250000,P1,5,41,231.000000
RH,80,516.250000,P1,1,80,231.000000
LH,53,516.750000,P1,5,53,231.250000
RH,61,516.750000,P1,5,61,231.250000
RH,77,516.750000,P1,1,77,231.250000
LH,56,516.875000,P1,5,56,231.250000
LH,53,517.250000,P1,5,53,231.500000
LH,56,517.250000,P1,5,56,231.500000
RH,61,517.250000,P1,5,61,231.500000
RH,65,517.250000,P1,1,65,231.500000
RH,68,517.250000,P1,1,68,231.500000
RH,73,517.250000,P1,1,73,231.500000
LH,53,517.666667,P1,5,53,231.750000
LH,56,517.666667,P1,5,56,231.750000
RH,61,517.666667,P1,5,61,231.750000
RH,65,517.666667,P1,1,65,231.750000
RH,73,517.666667,P1,1,73,231.750000
RH,68,517.750000,P1,1,68,231.750000
RH,61,518.125000,P1,5,61,232.000000
RH,65,518.125000,P1,1,65,232.000000
RH,68,518.125000,P1,1,68,232.000000
RH,73,518.125000,P1,1,73,232.000000
LH,53,518.250000,P1,5,53,232.000000
LH,56,518.250000,P1,5,56,232.000000
LH,53,518.625000,P1,5,53,232.250000
LH,56,518.625000,P1,5,56,232.250000
RH,61,518.625000,P1,5,61,232.250000
RH,65,518.625000,P1,1,65,232.250000
RH,68,518.625000,P1,1,68,232.250000
RH,73,518.625000,P1,1,73,232.250000
LH,42,519.125000,P1,5,42,232.500000
RH,81,519.125000,P1,1,81,232.500000
LH,57,519.625000,P1,5,57,232.750000
RH,60,519.625000,P1,5,60,232.750000
RH,75,519.625000,P1,1,75,232.750000
LH,54,519.666667,P1,5,54,232.750000
LH,54,520.000000,P1,5,54,233.000000
LH,57,520.000000,P1,5,57,233.000000
RH,60,520.000000,P1,5,60,233.000000
RH,63,520.125000,P1,1,63,233.000000
RH,69,520.125000,P1,1,69,233.000000
RH,72,520.125000,P1,1,72,233.000000
LH,54,520.500000,P1,5,54,233.250000
LH,57,520.500000,P1,5,57,233.250000
RH,60,520.500000,P1,5,60,233.250000
RH,63,520.500000,P1,1,63,233.250000
RH,69,520.500000,P1,1,69,233.250000
RH,72,520.500000,P1,1,72,233.250000
LH,54,521.000000,P1,5,54,233.500000
LH,57,521.000000,P1,5,57,233.500000
RH,60,521.000000,P1,5,60,233.500000
RH,63,521.000000,P1,1,63,233.500000
RH,69,521.000000,P1,1,69,233.500000
RH,72,521.000000,P1,1,72,233.500000
LH,54,521.375000,P1,5,54,233.750000
LH,57,521.375000,P1,5,57,233.750000
RH,60,521.375000,P1,5,60,233.750000
RH,63,521.375000,P1,1,63,233.750000
RH,69,521.375000,P1,1,69,233.750000
RH,72,521.375000,P1,1,72,233.750000
LH,43,521.875000,P1,5,43,234.000000
RH,62,521.875000,P1,1,62,234.000000
RH,67,521.875000,P1,1,67,234.000000
RH,71,521.875000,P1,1,71,234.000000
LH,47,522.375000,P1,5,47,234.250000
LH,50,522.875000,P1,5,50,234.500000
LH,55,523.250000,P1,5,55,234.750000
LH,59,523.750000,P1,5,59,235.000000
RH,67,524.875000,P1,5,67,235.500000
RH,77,524.875000,P1,1,77,235.500000
RH,66,525.875000,P1,5,66,236.000000
RH,74,525.875000,P1,2,74,236.000000
RH,67,527.000000,P1,5,67,236.500000
RH,71,527.000000,P1,2,71,236.500000
RH,68,528.000000,P1,5,68,237.000000
RH,72,528.000000,P1,2,72,237.000000
RH,75,529.000000,P1,1,75,237.500000
RH,66,530.000000,P1,5,66,238.000000
RH,69,530.000000,P1,2,69,238.000000
RH,71,531.000000,P1,2,71,238.500000
RH,74,531.000000,P1,1,74,238.500000
LH,43,531.125000,P1,5,43,238.500000
LH,47,531.625000,P1,5,47,238.750000
LH,50,532.000000,P1,5,50,239.000000
LH,55,532.500000,P1,5,55,239.250000
LH,59,532.875000,P1,5,59,239.500000
RH,67,534.000000,P1,5,67,240.000000
RH,77,534.000000,P1,1,77,240.000000
RH,66,535.125000,P1,5,66,240.500000
RH,74,535.125000,P1,2,74,240.500000
RH,67,536.125000,P1,5,67,241.000000
RH,71,536.125000,P1,2,71,241.000000
RH,68,537.125000,P1,5,68,241.500000
RH,72,537.125000,P1,2,72,241.500000
RH,75,538.125000,P1,1,75,242.000000
RH,66,539.125000,P1,5,66,242.500000
RH,69,539.125000,P1,2,69,242.500000
LH,55,540.250000,P1,6,55,243.000000
RH,74,540.250000,P1,1,74,243.000000
RH,71,541.333333,P1,2,71,243.500000
RH,68,542.250000,P1,2,68,244.000000
RH,73,543.250000,P1,1,73,244.500000
RH,70,544.250000,P1,2,70,245.000000
RH,67,545.125000,P1,2,67,245.500000
LH,55,546.125000,P1,6,55,246.000000
RH,72,546.125000,P1,1,72,246.000000
RH,69,547.125000,P1,2,69,246.500000
RH,66,548.125000,P1,2,66,247.000000
LH,55,549.000000,P1,6,55,247.500000
RH,62,549.000000,P1,5,62,247.500000
RH,71,549.000000,P1,1,71,247.500000
RH,68,550.125000,P1,2,68,248.000000
RH,65,551.125000,P1,2,65,248.500000
LH,55,552.000000,P1,5,55,249.000000
RH,67,553.000000,P1,2,67,249.500000
RH,71,553.000000,P1,1,71,249.500000
RH,65,554.000000,P1,2,65,250.000000
RH,67,555.875000,P1,2,67,251.000000
RH,72,555.875000,P1,1,72,251.000000
RH,63,556.875000,P1,2,63,251.500000
LH,43,557.875000,P1,5,43,252.000000
RH,60,558.875000,P1,2,60,252.500000
RH,63,558.875000,P1,1,63,252.500000
RH,66,558.875000,P1,1,66,252.500000
LH,57,559.875000,P1,2,57,253.000000
LH,31,560.875000,P1,5,31,253.500000
LH,43,560.875000,P1,5,43,253.500000
LH,57,561.750000,P1,1,57,254.000000
RH,60,561.750000,P1,1,60,254.000000
LH,31,563.666667,P1,5,31,255.000000
LH,43,563.666667,P1,5,43,255.000000
LH,48,564.625000,P1,2,48,255.500000
LH,51,564.625000,P1,1,51,255.500000
LH,54,564.625000,P1,1,54,255.500000
LH,45,565.666667,P1,2,45,256.000000
LH,31,566.875000,P1,6,31,256.500000
LH,47,566.875000,P1,1,47,256.500000
LH,50,566.875000,P1,1,50,256.500000
LH,55,566.875000,P1,1,55,256.500000
LH,43,567.875000,P1,5,43,257.000000
LH,43,568.875000,P1,5,43,257.500000
LH,43,569.875000,P1,5,43,258.000000
LH,43,570.750000,P1,5,43,258.500000
LH,47,571.250000,P1,1,47,258.750000
LH,55,571.250000,P1,1,55,258.750000
LH,48,571.750000,P1,1,48,259.000000
LH,57,571.750000,P1,1,57,259.000000
LH,50,572.125000,P1,1,50,259.250000
LH,59,572.125000,P1,1,59,259.250000
LH,43,572.750000,P1,5,43,259.500000
LH,51,572.750000,P1,1,51,259.500000
RH,60,572.750000,P1,1,60,259.500000
LH,43,573.750000,P1,5,43,260.000000
LH,43,574.666667,P1,5,43,260.500000
LH,31,575.750000,P1,6,31,261.000000
LH,50,575.750000,P1,1,50,261.000000
LH,59,575.750000,P1,1,59,261.000000
LH,43,576.666667,P1,5,43,261.500000
LH,43,577.625000,P1,5,43,262.000000
LH,43,578.500000,P1,5,43,262.500000
LH,43,579.375000,P1,5,43,263.000000
LH,55,579.750000,P1,1,55,263.250000
LH,59,579.750000,P1,1,59,263.250000
LH,43,580.250000,P1,5,43,263.500000
RH,60,580.250000,P1,1,60,263.500000
LH,57,580.333333,P1,1,57,263.500000
LH,59,580.750000,P1,1,59,263.750000
RH,62,580.750000,P1,1,62,263.750000
LH,43,581.375000,P1,5,43,264.000000
RH,60,581.375000,P1,1,60,264.000000
RH,63,581.375000,P1,1,63,264.000000
LH,43,582.333333,P1,5,43,264.500000
LH,43,583.250000,P1,5,43,265.000000
LH,31,584.375000,P1,6,31,265.500000
LH,59,584.375000,P1,1,59,265.500000
RH,62,584.375000,P1,1,62,265.500000
LH,43,585.333333,P1,5,43,266.000000
LH,43,586.250000,P1,5,43,266.500000
LH,43,587.250000,P1,5,43,267.000000
LH,43,588.125000,P1,5,43,267.500000
RH,67,588.500000,P1,1,67,267.750000
LH,59,588.625000,P1,1,59,267.750000
LH,43,589.000000,P1,5,43,268.000000
RH,60,589.000000,P1,1,60,268.000000
RH,69,589.000000,P1,1,69,268.000000
RH,62,589.500000,P1,1,62,268.250000
RH,63,590.000000,P1,1,63,268.500000
RH,72,590.000000,P1,1,72,268.500000
LH,43,590.125000,P1,6,43,268.500000
LH,43,591.000000,P1,6,43,269.000000
LH,54,591.875000,P1,5,54,269.500000
LH,43,592.000000,P1,6,43,269.500000
LH,43,593.000000,P1,5,43,270.000000
LH,55,593.000000,P1,6,55,270.000000
RH,62,593.000000,P1,1,62,270.000000
RH,71,593.000000,P1,1,71,270.000000
LH,55,594.000000,P1,5,55,270.500000
LH,55,594.875000,P1,5,55,271.000000
RH,72,595.875000,P1,1,72,271.500000
RH,75,595.875000,P1,1,75,271.500000
LH,55,596.000000,P1,5,55,271.500000
LH,55,596.875000,P1,5,55,272.000000
LH,55,597.875000,P1,5,55,272.500000
RH,66,597.875000,P1,2,66,272.500000
LH,55,598.875000,P1,5,55,273.000000
RH,67,598.875000,P1,2,67,273.000000
RH,71,598.875000,P1,1,71,273.000000
RH,74,598.875000,P1,1,74,273.000000
LH,55,599.875000,P1,5,55,273.500000
LH,55,600.750000,P1,5,55,274.000000
RH,72,601.750000,P1,1,72,274.500000
RH,75,601.750000,P1,1,75,274.500000
LH,55,601.875000,P1,5,55,274.500000
LH,55,602.875000,P1,5,55,275.000000
LH,55,603.750000,P1,5,55,275.500000
RH,66,603.750000,P1,2,66,275.500000
LH,55,604.750000,P1,5,55,276.000000
RH,74,604.750000,P1,1,74,276.000000
RH,67,604.875000,P1,2,67,276.000000
RH,71,604.875000,P1,1,71,276.000000
LH,55,605.666667,P1,5,55,276.500000
LH,55,607.750000,P1,5,55,277.500000
RH,75,607.750000,P1,1,75,277.500000
RH,81,607.750000,P1,1,81,277.500000
RH,72,607.875000,P1,1,72,277.500000
LH,55,608.750000,P1,5,55,278.000000
LH,55,609.750000,P1,5,55,278.500000
RH,66,609.750000,P1,2,66,278.500000
RH,74,610.750000,P1,1,74,279.000000
RH,79,610.750000,P1,1,79,279.000000
LH,55,610.875000,P1,5,55,279.000000
RH,67,610.875000,P1,2,67,279.000000
RH,71,610.875000,P1,1,71,279.000000
LH,55,611.750000,P1,5,55,279.500000
LH,55,612.750000,P1,5,55,280.000000
LH,55,613.875000,P1,5,55,280.500000
RH,69,613.875000,P1,1,69,280.500000
RH,72,613.875000,P1,1,72,280.500000
RH,77,613.875000,P1,1,77,280.500000
LH,43,614.875000,P1,5,43,281.000000
LH,43,615.875000,P1,5,43,281.500000
RH,67,616.750000,P1,1,67,282.000000
RH,71,616.750000,P1,1,71,282.000000
RH,76,616.750000,P1,1,76,282.000000
LH,43,616.875000,P1,5,43,282.000000
LH,43,617.750000,P1,5,43,282.500000
LH,43,618.666667,P1,5,43,283.000000
RH,74,619.666667,P1,1,74,283.500000
RH,65,619.750000,P1,1,65,283.500000
RH,69,619.750000,P1,1,69,283.500000
LH,45,620.666667,P1,5,45,284.000000
LH,47,621.250000,P1,5,47,284.250000
LH,48,621.666667,P1,5,48,284.500000
LH,50,622.125000,P1,5,50,284.750000
LH,52,622.625000,P1,5,52,285.000000
RH,64,622.625000,P1,1,64,285.000000
RH,67,622.625000,P1,1,67,285.000000
RH,72,622.625000,P1,1,72,285.000000
LH,53,623.000000,P1,5,53,285.250000
LH,55,623.500000,P1,5,55,285.500000
LH,57,624.000000,P1,5,57,285.750000
LH,59,624.500000,P1,5,59,286.000000
RH,60,625.000000,P1,5,60,286.250000
LH,55,625.500000,P1,6,55,286.500000
RH,62,625.500000,P1,5,62,286.500000
RH,65,625.500000,P1,1,65,286.500000
RH,71,625.500000,P1,1,71,286.500000
RH,62,629.125000,P1,5,62,287.500000
RH,65,629.125000,P1,1,65,287.500000
LH,48,630.750000,P1,5,48,288.000000
LH,52,630.750000,P1,5,52,288.000000
RH,64,630.750000,P1,4,64,288.000000
RH,74,631.125000,P1,2,74,288.187500
RH,72,631.375000,P1,2,72,288.250000
RH,74,631.625000,P1,2,74,288.437500
RH,72,631.875000,P1,2,72,288.500000
RH,74,632.000000,P1,2,74,288.562500
RH,72,632.125000,P1,2,72,288.625000
RH,74,632.375000,P1,2,74,288.812500
RH,72,632.500000,P1,2,72,288.875000
RH,74,632.666667,P1,2,74,288.937500
RH,72,632.750000,P1,2,72,289.000000
LH,48,633.000000,P1,5,48,289.000000
LH,52,633.000000,P1,5,52,289.000000
RH,74,633.000000,P1,2,74,289.062500
RH,72,633.125000,P1,2,72,289.125000
RH,74,633.250000,P1,2,74,289.187500
LH,52,633.375000,P1,5,52,289.250000
RH,72,633.375000,P1,2,72,289.250000
RH,74,633.625000,P1,2,74,289.312500
RH,72,633.750000,P1,2,72,289.375000
LH,48,633.875000,P1,5,48,289.500000
LH,52,633.875000,P1,5,52,289.500000
RH,74,633.875000,P1,2,74,289.437500
RH,72,634.000000,P1,2,72,289.625000
RH,74,634.250000,P1,2,74,289.687500
LH,52,634.333333,P1,5,52,289.750000
RH,72,634.333333,P1,2,72,289.750000
LH,55,634.375000,P1,5,55,289.750000
RH,74,634.500000,P1,2,74,289.812500
RH,72,634.625000,P1,2,72,289.875000
LH,55,634.750000,P1,5,55,290.000000
RH,60,634.750000,P1,5,60,290.000000
RH,74,634.750000,P1,2,74,289.937500
RH,72,634.875000,P1,2,72,290.000000
RH,74,635.125000,P1,2,74,290.062500
LH,52,635.250000,P1,5,52,290.250000
LH,55,635.250000,P1,5,55,290.250000
RH,72,635.250000,P1,2,72,290.250000
RH,74,635.333333,P1,2,74,290.187500
RH,72,635.500000,P1,2,72,290.375000
LH,48,635.666667,P1,5,48,290.500000
RH,74,635.666667,P1,2,74,290.437500
RH,72,635.750000,P1,2,72,290.500000
RH,74,635.875000,P1,2,74,290.562500
RH,72,636.000000,P1,2,72,290.625000
LH,55,636.250000,P1,5,55,290.750000
RH,72,636.500000,P1,2,72,290.833333
LH,48,636.875000,P1,5,48,291.000000
LH,52,636.875000,P1,5,52,291.000000
RH,76,636.875000,P1,1,76,291.000000
LH,52,637.333333,P1,5,52,291.250000
LH,55,637.333333,P1,5,55,291.250000
LH,55,637.875000,P1,5,55,291.500000
RH,60,637.875000,P1,5,60,291.500000
LH,55,638.250000,P1,5,55,291.750000
LH,52,638.375000,P1,5,52,291.750000
LH,52,638.750000,P1,5,52,292.000000
LH,48,638.875000,P1,5,48,292.000000
LH,52,639.333333,P1,5,52,292.250000
LH,55,639.333333,P1,5,55,292.250000
RH,72,639.500000,P1,1,72,292.375000
LH,48,639.875000,P1,5,48,292.500000
RH,67,639.875000,P1,1,67,292.500000
LH,52,640.000000,P1,5,52,292.500000
LH,52,640.500000,P1,5,52,292.750000
LH,55,640.500000,P1,5,55,292.750000
LH,55,640.875000,P1,5,55,293.000000
RH,60,640.875000,P1,5,60,293.000000
LH,55,641.375000,P1,5,55,293.250000
LH,52,641.500000,P1,5,52,293.250000
LH,48,641.875000,P1,5,48,293.500000
LH,52,641.875000,P1,5,52,293.500000
LH,52,642.333333,P1,5,52,293.750000
LH,55,642.333333,P1,5,55,293.750000
LH,48,642.750000,P1,5,48,294.000000
LH,52,642.750000,P1,5,52,294.000000
LH,52,643.250000,P1,5,52,294.250000
LH,55,643.250000,P1,5,55,294.250000
LH,55,643.750000,P1,5,55,294.500000
RH,60,643.750000,P1,5,60,294.500000
LH,52,644.250000,P1,5,52,294.750000
LH,55,644.250000,P1,5,55,294.750000
LH,48,644.666667,P1,5,48,295.000000
LH,52,644.666667,P1,5,52,295.000000
RH,66,644.750000,P1,1,66,295.000000
LH,52,645.250000,P1,5,52,295.250000
LH,55,645.250000,P1,5,55,295.250000
RH,67,645.250000,P1,1,67,295.250000
LH,48,645.750000,P1,5,48,295.500000
LH,52,645.750000,P1,5,52,295.500000
RH,68,645.750000,P1,1,68,295.500000
LH,52,646.250000,P1,5,52,295.750000
LH,55,646.250000,P1,5,55,295.750000
RH,69,646.250000,P1,1,69,295.750000
LH,55,646.666667,P1,5,55,296.000000
RH,60,646.666667,P1,5,60,296.000000
RH,70,646.666667,P1,1,70,296.000000
LH,52,647.125000,P1,5,52,296.250000
LH,55,647.125000,P1,5,55,296.250000
RH,71,647.125000,P1,1,71,296.250000
LH,48,647.666667,P1,5,48,296.500000
LH,52,647.666667,P1,5,52,296.500000
RH,72,647.666667,P1,1,72,296.500000
LH,52,648.125000,P1,5,52,296.750000
RH,73,648.125000,P1,1,73,296.750000
LH,55,648.250000,P1,5,55,296.750000
LH,53,648.625000,P1,5,53,297.000000
LH,47,648.750000,P1,5,47,297.000000
RH,76,648.875000,P1,2,76,297.062500
RH,74,649.125000,P1,2,74,297.250000
LH,53,649.250000,P1,5,53,297.250000
LH,55,649.250000,P1,5,55,297.250000
RH,76,649.333333,P1,2,76,297.312500
RH,74,649.500000,P1,2,74,297.375000
RH,76,649.666667,P1,2,76,297.437500
LH,55,649.750000,P1,5,55,297.500000
RH,62,649.750000,P1,5,62,297.500000
RH,74,649.750000,P1,2,74,297.500000
RH,76,649.875000,P1,2,76,297.687500
RH,74,650.125000,P1,2,74,297.750000
LH,53,650.250000,P1,5,53,297.750000
RH,76,650.250000,P1,2,76,297.812500
RH,74,650.375000,P1,2,74,297.875000
RH,76,650.500000,P1,2,76,297.937500
LH,47,650.625000,P1,5,47,298.000000
LH,53,650.625000,P1,5,53,298.000000
RH,74,650.625000,P1,2,74,298.000000
RH,76,650.750000,P1,2,76,298.062500
RH,74,650.875000,P1,2,74,298.125000
LH,53,651.125000,P1,5,53,298.250000
LH,55,651.125000,P1,5,55,298.250000
RH,76,651.125000,P1,2,76,298.187500
RH,74,651.250000,P1,2,74,298.250000
RH,76,651.375000,P1,2,76,298.437500
RH,74,651.500000,P1,2,74,298.375000
LH,47,651.625000,P1,5,47,298.500000
LH,53,651.625000,P1,5,53,298.500000
RH,76,651.666667,P1,2,76,298.562500
RH,74,651.750000,P1,2,74,298.625000
RH,76,651.875000,P1,2,76,298.687500
LH,53,652.000000,P1,5,53,298.750000
RH,74,652.000000,P1,2,74,298.750000
LH,55,652.125000,P1,5,55,298.750000
RH,76,652.125000,P1,2,76,298.812500
RH,74,652.250000,P1,2,74,298.875000
LH,55,652.375000,P1,5,55,299.000000
RH,76,652.375000,P1,2,76,298.937500
RH,62,652.500000,P1,5,62,299.000000
RH,74,652.500000,P1,2,74,299.000000
RH,76,652.666667,P1,2,76,299.062500
LH,53,652.875000,P1,5,53,299.250000
LH,55,652.875000,P1,5,55,299.250000
RH,74,652.875000,P1,2,74,299.125000
RH,76,652.875000,P1,2,76,299.312500
RH,74,653.000000,P1,2,74,299.250000
LH,53,653.250000,P1,5,53,299.500000
RH,76,653.250000,P1,2,76,299.437500
LH,47,653.333333,P1,5,47,299.500000
RH,74,653.333333,P1,2,74,299.500000
RH,74,653.875000,P1,2,74,299.750000
LH,53,654.250000,P1,5,53,300.000000
LH,47,654.333333,P1,5,47,300.000000
RH,77,654.333333,P1,1,77,300.000000
LH,53,654.750000,P1,5,53,300.250000
LH,55,654.875000,P1,5,55,300.250000
LH,55,655.333333,P1,5,55,300.500000
RH,62,655.333333,P1,5,62,300.500000
LH,53,655.750000,P1,5,53,300.750000
LH,55,655.750000,P1,5,55,300.750000
LH,47,656.250000,P1,5,47,301.000000
LH,53,656.250000,P1,5,53,301.000000
LH,55,656.750000,P1,5,55,301.250000
LH,47,657.375000,P1,5,47,301.500000
LH,53,657.375000,P1,5,53,301.500000
RH,67,657.375000,P1,1,67,301.500000
LH,53,657.875000,P1,5,53,301.750000
LH,55,658.000000,P1,5,55,301.750000
LH,55,658.375000,P1,5,55,302.000000
RH,62,658.375000,P1,5,62,302.000000
LH,53,658.875000,P1,5,53,302.250000
LH,55,658.875000,P1,5,55,302.250000
LH,53,659.250000,P1,5,53,302.500000
LH,47,659.333333,P1,5,47,302.500000
LH,53,659.750000,P1,5,53,302.750000
LH,55,659.875000,P1,5,55,302.750000
LH,47,660.250000,P1,5,47,303.000000
LH,53,660.250000,P1,5,53,303.000000
LH,53,660.750000,P1,5,53,303.250000
LH,55,660.750000,P1,5,55,303.250000
LH,55,661.250000,P1,5,55,303.500000
RH,62,661.250000,P1,5,62,303.500000
LH,53,661.666667,P1,5,53,303.750000
LH,55,661.666667,P1,5,55,303.750000
LH,47,662.125000,P1,5,47,304.000000
LH,53,662.125000,P1,5,53,304.000000
RH,67,662.250000,P1,1,67,304.000000
LH,53,662.666667,P1,5,53,304.250000
LH,55,662.666667,P1,5,55,304.250000
RH,69,662.666667,P1,1,69,304.250000
LH,43,663.250000,P1,5,43,304.500000
LH,53,663.250000,P1,5,53,304.500000
RH,70,663.250000,P1,1,70,304.500000
LH,53,663.750000,P1,5,53,304.750000
LH,55,663.750000,P1,5,55,304.750000
RH,71,663.750000,P1,1,71,304.750000
LH,55,664.250000,P1,5,55,305.000000
RH,72,664.250000,P1,1,72,305.000000
LH,53,664.750000,P1,5,53,305.250000
LH,55,664.750000,P1,5,55,305.250000
RH,73,664.750000,P1,1,73,305.250000
LH,53,665.250000,P1,5,53,305.500000
RH,74,665.250000,P1,1,74,305.500000
LH,53,665.666667,P1,5,53,305.750000
RH,75,665.666667,P1,1,75,305.750000
LH,55,665.750000,P1,5,55,305.750000
LH,48,666.375000,P1,5,48,306.000000
LH,55,667.000000,P1,5,55,306.250000
RH,60,667.333333,P1,5,60,306.500000
LH,55,667.875000,P1,5,55,306.750000
LH,52,668.333333,P1,5,52,307.000000
LH,48,668.750000,P1,5,48,307.250000
LH,45,669.333333,P1,5,45,307.500000
LH,57,669.875000,P1,5,57,307.750000
RH,60,670.375000,P1,5,60,308.000000
LH,57,670.875000,P1,5,57,308.250000
LH,53,671.333333,P1,5,53,308.500000
LH,48,671.750000,P1,5,48,308.750000
LH,40,672.333333,P1,5,40,309.000000
RH,60,673.500000,P1,5,60,309.500000
LH,55,674.000000,P1,5,55,309.750000
LH,52,674.375000,P1,5,52,310.000000
LH,48,674.875000,P1,5,48,310.250000
LH,41,675.500000,P1,5,41,310.500000
RH,80,675.500000,P1,1,80,310.500000
LH,53,676.125000,P1,5,53,310.750000
LH,57,676.125000,P1,5,57,310.750000
LH,53,677.250000,P1,5,53,311.250000
LH,57,677.250000,P1,5,57,311.250000
LH,57,677.666667,P1,5,57,311.500000
RH,60,677.666667,P1,5,60,311.500000
LH,53,678.250000,P1,5,53,311.750000
LH,57,678.250000,P1,5,57,311.750000
LH,41,678.750000,P1,5,41,312.000000
LH,53,679.250000,P1,5,53,312.250000
LH,57,679.250000,P1,5,57,312.250000
LH,57,679.875000,P1,5,57,312.500000
RH,61,679.875000,P1,5,61,312.500000
RH,81,679.875000,P1,1,81,312.500000
LH,53,680.375000,P1,5,53,312.750000
LH,57,680.500000,P1,5,57,312.750000
LH,57,680.875000,P1,5,57,313.000000
RH,61,680.875000,P1,5,61,313.000000
LH,53,681.375000,P1,5,53,313.250000
LH,57,681.375000,P1,5,57,313.250000
LH,41,682.000000,P1,5,41,313.500000
LH,53,682.500000,P1,5,53,313.750000
LH,57,682.500000,P1,5,57,313.750000
LH,57,683.125000,P1,5,57,314.000000
RH,62,683.125000,P1,5,62,314.000000
LH,53,683.625000,P1,5,53,314.250000
RH,76,683.625000,P1,1,76,314.250000
LH,57,683.750000,P1,5,57,314.250000
LH,57,684.125000,P1,5,57,314.500000
RH,62,684.125000,P1,5,62,314.500000
RH,77,684.125000,P1,1,77,314.500000
LH,53,684.625000,P1,5,53,314.750000
RH,74,684.625000,P1,1,74,314.750000
LH,57,684.666667,P1,5,57,314.750000
LH,43,685.250000,P1,5,43,315.000000
RH,72,685.250000,P1,1,72,315.000000
LH,55,685.875000,P1,5,55,315.250000
RH,60,685.875000,P1,5,60,315.250000
RH,60,686.375000,P1,5,60,315.500000
RH,64,686.500000,P1,5,64,315.500000
LH,55,686.875000,P1,5,55,315.750000
RH,60,687.000000,P1,5,60,315.750000
RH,71,687.125000,P1,1,71,315.875000
RH,64,687.375000,P1,5,64,316.000000
RH,72,687.500000,P1,1,72,316.000000
LH,43,688.750000,P1,5,43,316.500000
RH,67,688.750000,P1,1,67,316.500000
LH,55,690.500000,P1,5,55,317.250000
RH,60,690.500000,P1,5,60,317.250000
RH,60,691.000000,P1,5,60,317.500000
RH,64,691.000000,P1,5,64,317.500000
LH,55,691.500000,P1,5,55,317.750000
RH,60,691.500000,P1,5,60,317.750000
LH,43,692.125000,P1,5,43,318.000000
RH,69,692.333333,P1,1,69,318.125000
RH,67,692.625000,P1,1,67,318.250000
LH,55,692.666667,P1,5,55,318.250000
RH,62,692.666667,P1,5,62,318.250000
RH,66,692.875000,P1,1,66,318.375000
RH,62,693.250000,P1,5,62,318.500000
RH,65,693.250000,P1,5,65,318.500000
LH,48,696.000000,P1,5,48,319.500000
RH,65,696.000000,P1,1,65,319.500000
RH,74,696.000000,P1,1,74,319.500000
LH,55,696.750000,P1,5,55,319.750000
LH,59,697.250000,P1,5,59,320.000000
LH,55,697.750000,P1,5,55,320.250000
LH,59,698.333333,P1,5,59,320.500000
LH,55,698.875000,P1,5,55,320.750000
LH,48,699.500000,P1,5,48,321.000000
RH,60,699.500000,P1,5,60,321.000000
RH,72,699.500000,P1,1,72,321.000000
RH,64,699.625000,P1,1,64,321.000000
LH,55,700.250000,P1,5,55,321.250000
RH,67,700.250000,P1,1,67,321.250000
LH,54,700.750000,P1,5,54,321.500000
RH,66,700.750000,P1,1,66,321.500000
LH,55,701.250000,P1,5,55,321.750000
RH,67,701.250000,P1,1,67,321.750000
LH,57,701.750000,P1,5,57,322.000000
RH,69,701.750000,P1,1,69,322.000000
LH,55,702.250000,P1,5,55,322.250000
RH,67,702.250000,P1,1,67,322.250000
LH,53,702.750000,P1,5,53,322.500000
RH,65,702.750000,P1,1,65,322.500000
LH,52,703.250000,P1,5,52,322.750000
RH,64,703.250000,P1,1,64,322.750000
LH,55,703.750000,P1,5,55,323.000000
RH,67,703.750000,P1,1,67,323.000000
RH,60,706.250000,P1,1,60,324.000000
LH,48,706.625000,P1,6,48,324.125000
LH,50,706.875000,P1,6,50,324.187500
LH,48,707.000000,P1,6,48,324.375000
LH,50,707.250000,P1,6,50,324.437500
LH,48,707.375000,P1,6,48,324.500000
LH,50,707.625000,P1,6,50,324.562500
LH,48,707.875000,P1,6,48,324.750000
LH,50,707.875000,P1,6,50,324.687500
LH,48,708.000000,P1,6,48,324.750000
LH,50,708.250000,P1,6,50,324.812500
LH,48,708.375000,P1,6,48,325.000000
LH,50,708.500000,P1,6,50,325.062500
LH,48,708.666667,P1,6,48,325.125000
LH,50,708.875000,P1,6,50,325.187500
LH,48,709.000000,P1,6,48,325.250000
LH,55,709.125000,P1,1,55,325.250000
RH,60,709.125000,P1,1,60,325.250000
LH,48,709.625000,P1,6,48,325.500000
RH,60,709.625000,P1,1,60,325.500000
RH,64,709.625000,P1,1,64,325.500000
LH,50,709.750000,P1,6,50,325.562500
LH,48,709.875000,P1,6,48,325.625000
LH,50,710.125000,P1,6,50,325.687500
LH,55,710.125000,P1,1,55,325.750000
RH,60,710.125000,P1,1,60,325.750000
LH,48,710.250000,P1,6,48,325.750000
LH,50,710.375000,P1,6,50,325.812500
LH,48,710.500000,P1,6,48,325.875000
LH,50,710.666667,P1,6,50,326.062500
RH,60,710.666667,P1,1,60,326.000000
RH,64,710.666667,P1,1,64,326.000000
LH,48,710.875000,P1,6,48,326.125000
LH,50,711.000000,P1,6,50,326.187500
LH,48,711.125000,P1,6,48,326.250000
LH,55,711.125000,P1,1,55,326.250000
RH,60,711.125000,P1,1,60,326.250000
LH,50,711.333333,P1,6,50,326.312500
LH,48,711.500000,P1,6,48,326.375000
LH,50,711.666667,P1,6,50,326.437500
RH,60,711.666667,P1,1,60,326.500000
RH,64,711.666667,P1,1,64,326.500000
LH,48,711.750000,P1,6,48,326.500000
LH,48,712.333333,P1,6,48,326.750000
LH,52,712.750000,P1,5,52,327.000000
RH,64,712.750000,P1,1,64,327.000000
RH,60,712.875000,P1,1,60,327.000000
LH,55,713.333333,P1,1,55,327.250000
RH,60,713.333333,P1,1,60,327.250000
RH,60,713.875000,P1,1,60,327.500000
RH,64,713.875000,P1,1,64,327.500000
RH,60,714.333333,P1,1,60,327.750000
LH,55,714.375000,P1,1,55,327.750000
RH,60,714.875000,P1,1,60,328.000000
RH,64,714.875000,P1,1,64,328.000000
LH,55,715.375000,P1,1,55,328.250000
LH,43,716.125000,P1,5,43,328.500000
RH,71,716.500000,P1,1,71,328.625000
LH,55,717.875000,P1,5,55,329.250000
RH,77,717.875000,P1,1,77,329.250000
RH,76,718.125000,P1,1,76,329.375000
RH,60,718.333333,P1,5,60,329.500000
RH,64,718.333333,P1,5,64,329.500000
RH,79,718.333333,P1,1,79,329.500000
RH,77,718.625000,P1,1,77,329.625000
LH,55,718.750000,P1,5,55,329.750000
RH,60,718.875000,P1,5,60,329.750000
RH,81,718.875000,P1,1,81,329.750000
RH,79,719.000000,P1,1,79,329.875000
RH,60,719.333333,P1,5,60,330.000000
RH,64,719.333333,P1,5,64,330.000000
RH,83,719.333333,P1,1,83,330.000000
RH,81,719.500000,P1,1,81,330.125000
LH,55,719.750000,P1,5,55,330.250000
RH,60,719.750000,P1,5,60,330.250000
RH,84,719.750000,P1,1,84,330.250000
RH,83,720.000000,P1,1,83,330.375000
RH,60,720.333333,P1,5,60,330.500000
RH,64,720.333333,P1,5,64,330.500000
RH,86,720.333333,P1,1,86,330.500000
RH,84,720.500000,P1,1,84,330.625000
LH,55,720.750000,P1,5,55,330.750000
RH,60,720.750000,P1,5,60,330.750000
RH,88,720.750000,P1,1,88,330.750000
RH,86,721.125000,P1,1,86,330.875000
RH,60,721.333333,P1,5,60,331.000000
RH,64,721.333333,P1,5,64,331.000000
RH,84,721.333333,P1,1,84,331.000000
RH,83,721.625000,P1,1,83,331.125000
LH,55,721.750000,P1,5,55,331.250000
RH,81,721.750000,P1,1,81,331.250000
RH,60,721.875000,P1,5,60,331.250000
RH,79,722.000000,P1,1,79,331.375000
RH,60,722.250000,P1,5,60,331.500000
RH,64,722.250000,P1,5,64,331.500000
RH,78,722.250000,P1,1,78,331.500000
RH,79,722.500000,P1,1,79,331.625000
LH,55,722.750000,P1,5,55,331.750000
RH,81,722.750000,P1,1,81,331.750000
RH,60,722.875000,P1,5,60,331.750000
RH,79,723.000000,P1,1,79,331.875000
RH,60,723.250000,P1,5,60,332.000000
RH,64,723.250000,P1,5,64,332.000000
RH,77,723.250000,P1,1,77,332.000000
RH,76,723.500000,P1,1,76,332.125000
RH,60,723.750000,P1,5,60,332.250000
RH,71,725.625000,P1,1,71,333.000000
LH,50,725.875000,P1,6,50,333.125000
LH,52,726.125000,P1,6,52,333.187500
LH,50,726.375000,P1,6,50,333.375000
LH,52,726.666667,P1,6,52,333.437500
LH,50,726.875000,P1,6,50,333.500000
LH,52,727.000000,P1,6,52,333.562500
LH,50,727.125000,P1,6,50,333.625000
LH,52,727.375000,P1,6,52,333.812500
LH,50,727.500000,P1,6,50,333.875000
LH,59,727.500000,P1,1,59,333.750000
LH,52,727.666667,P1,6,52,333.937500
LH,50,727.875000,P1,6,50,334.000000
LH,52,728.000000,P1,6,52,334.062500
LH,59,728.000000,P1,1,59,334.000000
RH,65,728.000000,P1,1,65,334.000000
LH,50,728.125000,P1,6,50,334.125000
LH,52,728.333333,P1,6,52,334.187500
LH,50,728.375000,P1,6,50,334.250000
LH,52,728.500000,P1,6,52,334.312500
LH,55,728.500000,P1,1,55,334.250000
LH,59,728.500000,P1,1,59,334.250000
LH,50,728.750000,P1,6,50,334.375000
LH,52,728.875000,P1,6,52,334.437500
LH,50,729.000000,P1,6,50,334.500000
LH,59,729.000000,P1,1,59,334.500000
RH,65,729.000000,P1,1,65,334.500000
LH,52,729.125000,P1,6,52,334.562500
LH,50,729.333333,P1,6,50,334.625000
LH,52,729.500000,P1,6,52,334.687500
LH,55,729.500000,P1,1,55,334.750000
LH,59,729.500000,P1,1,59,334.750000
LH,50,729.666667,P1,6,50,334.750000
LH,52,729.750000,P1,6,52,334.937500
LH,50,730.000000,P1,6,50,335.000000
LH,59,730.000000,P1,1,59,335.000000
RH,65,730.000000,P1,1,65,335.000000
LH,52,730.125000,P1,6,52,335.062500
LH,50,730.333333,P1,6,50,335.125000
LH,52,730.500000,P1,6,52,335.187500
LH,55,730.500000,P1,1,55,335.250000
LH,59,730.500000,P1,1,59,335.250000
LH,50,730.666667,P1,6,50,335.250000
LH,52,730.750000,P1,6,52,335.312500
LH,50,731.000000,P1,6,50,335.375000
LH,59,731.000000,P1,1,59,335.500000
RH,65,731.000000,P1,1,65,335.500000
LH,52,731.125000,P1,6,52,335.437500
LH,50,731.250000,P1,6,50,335.625000
LH,55,731.500000,P1,1,55,335.750000
LH,50,731.750000,P1,6,50,335.833333
LH,53,732.125000,P1,5,53,336.000000
LH,59,732.250000,P1,1,59,336.000000
RH,65,732.250000,P1,1,65,336.000000
LH,55,732.750000,P1,1,55,336.250000
LH,59,732.750000,P1,1,59,336.250000
LH,59,733.333333,P1,1,59,336.500000
RH,65,733.333333,P1,1,65,336.500000
LH,55,733.750000,P1,1,55,336.750000
LH,59,733.750000,P1,1,59,336.750000
RH,65,734.333333,P1,1,65,337.000000
LH,59,734.375000,P1,1,59,337.000000
LH,55,734.750000,P1,1,55,337.250000
LH,50,735.125000,P1,5,50,337.375000
LH,43,735.625000,P1,5,43,337.500000
RH,71,735.875000,P1,1,71,337.625000
RH,74,736.250000,P1,1,74,337.750000
LH,55,737.333333,P1,5,55,338.250000
RH,76,737.625000,P1,1,76,338.375000
RH,65,737.875000,P1,5,65,338.500000
RH,79,737.875000,P1,1,79,338.500000
RH,77,738.125000,P1,1,77,338.625000
LH,55,738.333333,P1,5,55,338.750000
RH,81,738.333333,P1,1,81,338.750000
RH,79,738.500000,P1,1,79,338.875000
RH,65,738.750000,P1,5,65,339.000000
RH,83,738.750000,P1,1,83,339.000000
RH,81,739.000000,P1,1,81,339.125000
LH,55,739.250000,P1,5,55,339.250000
RH,84,739.250000,P1,1,84,339.250000
RH,83,739.500000,P1,1,83,339.375000
RH,65,739.750000,P1,5,65,339.500000
RH,86,739.750000,P1,1,86,339.500000
RH,86,740.625000,P1,1,86,339.875000
RH,65,741.000000,P1,5,65,340.000000
RH,89,741.000000,P1,1,89,340.000000
RH,88,741.375000,P1,1,88,340.125000
LH,55,741.625000,P1,5,55,340.250000
RH,86,741.666667,P1,1,86,340.250000
RH,84,742.000000,P1,1,84,340.375000
RH,65,742.250000,P1,5,65,340.500000
RH,83,742.250000,P1,1,83,340.500000
RH,84,742.500000,P1,1,84,340.625000
LH,55,742.666667,P1,5,55,340.750000
RH,85,742.666667,P1,1,85,340.750000
RH,86,742.875000,P1,1,86,340.875000
RH,65,743.125000,P1,5,65,341.000000
RH,84,743.125000,P1,1,84,341.000000
RH,83,743.375000,P1,1,83,341.125000
LH,55,743.625000,P1,5,55,341.250000
LH,55,744.750000,P1,5,55,341.750000
LH,48,745.500000,P1,5,48,342.000000
RH,75,745.500000,P1,1,75,342.000000
LH,55,746.125000,P1,5,55,342.250000
RH,60,746.125000,P1,5,60,342.250000
RH,60,746.666667,P1,5,60,342.500000
RH,64,746.666667,P1,5,64,342.500000
RH,76,746.666667,P1,1,76,342.500000
LH,55,747.250000,P1,5,55,342.750000
RH,60,747.250000,P1,5,60,342.750000
RH,60,747.750000,P1,5,60,343.000000
RH,64,747.750000,P1,5,64,343.000000
LH,55,748.250000,P1,5,55,343.250000
RH,60,748.250000,P1,5,60,343.250000
LH,45,748.875000,P1,5,45,343.500000
RH,60,751.250000,P1,5,60,344.500000
RH,64,751.250000,P1,5,64,344.500000
LH,57,751.750000,P1,5,57,344.750000
RH,60,751.750000,P1,5,60,344.750000
LH,43,752.250000,P1,5,43,345.000000
RH,60,752.875000,P1,5,60,345.250000
RH,83,752.875000,P1,1,83,345.250000
LH,55,753.000000,P1,5,55,345.250000
RH,60,753.375000,P1,5,60,345.500000
RH,64,753.375000,P1,5,64,345.500000
RH,81,753.375000,P1,1,81,345.500000
LH,55,754.000000,P1,5,55,345.750000
RH,60,754.000000,P1,5,60,345.750000
RH,79,754.000000,P1,1,79,345.750000
RH,60,754.500000,P1,5,60,346.000000
RH,64,754.500000,P1,5,64,346.000000
RH,78,754.500000,P1,1,78,346.000000
LH,55,755.000000,P1,5,55,346.250000
RH,60,755.000000,P1,5,60,346.250000
RH,76,755.000000,P1,1,76,346.250000
LH,42,755.666667,P1,5,42,346.500000
RH,76,755.666667,P1,1,76,346.500000
LH,57,756.375000,P1,5,57,346.750000
RH,60,758.000000,P1,5,60,347.500000
RH,62,758.000000,P1,5,62,347.500000
LH,57,758.500000,P1,5,57,347.750000
RH,60,758.500000,P1,5,60,347.750000
LH,42,759.000000,P1,5,42,348.000000
LH,57,759.625000,P1,5,57,348.250000
RH,60,759.625000,P1,5,60,348.250000
RH,74,759.625000,P1,1,74,348.250000
RH,60,760.125000,P1,5,60,348.500000
RH,62,760.125000,P1,5,62,348.500000
LH,57,760.625000,P1,5,57,348.750000
RH,74,760.625000,P1,1,74,348.750000
RH,60,760.666667,P1,5,60,348.750000
RH,60,761.125000,P1,5,60,349.000000
RH,62,761.125000,P1,5,62,349.000000
LH,57,761.625000,P1,5,57,349.250000
RH,60,761.625000,P1,5,60,349.250000
RH,74,761.625000,P1,1,74,349.250000
LH,43,762.250000,P1,5,43,349.500000
RH,74,762.250000,P1,1,74,349.500000
RH,73,762.666667,P1,1,73,349.666667
LH,55,762.875000,P1,5,55,349.750000
LH,59,762.875000,P1,5,59,349.750000
RH,74,763.125000,P1,1,74,349.833333
LH,59,763.500000,P1,5,59,350.000000
RH,62,763.500000,P1,5,62,350.000000
RH,75,763.500000,P1,1,75,350.000000
RH,76,763.750000,P1,1,76,350.166667
LH,55,764.000000,P1,5,55,350.250000
LH,59,764.000000,P1,5,59,350.250000
RH,77,764.125000,P1,1,77,350.333333
LH,59,764.500000,P1,5,59,350.500000
RH,78,764.500000,P1,1,78,350.500000
RH,62,764.625000,P1,5,62,350.500000
RH,79,765.000000,P1,1,79,350.750000
LH,55,765.125000,P1,5,55,350.750000
RH,69,765.500000,P1,1,69,351.000000
LH,36,765.625000,P1,5,36,351.000000
RH,68,765.875000,P1,1,68,351.166667
LH,48,766.125000,P1,5,48,351.250000
LH,52,766.125000,P1,5,52,351.250000
RH,69,766.250000,P1,1,69,351.333333
LH,52,766.500000,P1,5,52,351.500000
LH,57,766.500000,P1,5,57,351.500000
RH,70,766.500000,P1,1,70,351.500000
RH,71,766.750000,P1,1,71,351.625000
LH,48,767.125000,P1,5,48,351.750000
LH,52,767.125000,P1,5,52,351.750000
LH,38,769.000000,P1,5,38,352.500000
RH,76,769.000000,P1,1,76,352.500000
LH,50,770.750000,P1,5,50,353.250000
LH,55,770.750000,P1,5,55,353.250000
LH,55,771.333333,P1,5,55,353.500000
LH,59,771.333333,P1,5,59,353.500000
LH,50,771.750000,P1,5,50,353.750000
LH,55,771.750000,P1,5,55,353.750000
LH,38,772.375000,P1,5,38,354.000000
LH,57,772.875000,P1,5,57,354.250000
RH,64,772.875000,P1,1,64,354.250000
LH,50,773.000000,P1,5,50,354.250000
RH,62,773.125000,P1,1,62,354.333333
RH,61,773.333333,P1,1,61,354.416667
LH,57,773.500000,P1,5,57,354.500000
RH,60,773.500000,P1,5,60,354.500000
RH,62,773.500000,P1,1,62,354.500000
RH,64,773.666667,P1,1,64,354.583333
LH,57,774.750000,P1,5,57,355.000000
LH,43,776.250000,P1,5,43,355.500000
RH,60,776.250000,P1,1,60,355.500000
RH,69,776.250000,P1,1,69,355.500000
LH,50,776.750000,P1,5,50,355.750000
LH,54,777.333333,P1,5,54,356.000000
LH,50,777.750000,P1,5,50,356.250000
LH,54,778.375000,P1,5,54,356.500000
LH,50,778.875000,P1,5,50,356.750000
LH,43,779.625000,P1,5,43,357.000000
LH,59,779.625000,P1,1,59,357.000000
RH,67,779.625000,P1,1,67,357.000000
LH,55,779.666667,P1,5,55,357.000000
RH,67,780.875000,P1,1,67,357.500000
RH,67,781.875000,P1,1,67,358.000000
RH,67,783.000000,P1,1,67,358.500000
RH,66,784.125000,P1,1,66,359.000000
RH,67,785.250000,P1,1,67,359.500000
RH,67,786.333333,P1,1,67,360.000000
RH,66,787.375000,P1,1,66,360.500000
RH,63,788.500000,P1,5,63,361.000000
RH,67,788.500000,P1,1,67,361.000000
RH,67,789.000000,P1,1,67,361.250000
RH,63,789.625000,P1,5,63,361.500000
RH,67,790.125000,P1,2,67,361.750000
RH,62,790.625000,P1,5,62,362.000000
RH,66,791.125000,P1,2,66,362.250000
RH,63,791.625000,P1,5,63,362.500000
RH,67,792.125000,P1,2,67,362.750000
RH,63,792.666667,P1,5,63,363.000000
RH,67,793.125000,P1,2,67,363.250000
RH,62,793.666667,P1,5,62,363.500000
RH,66,794.125000,P1,2,66,363.750000
RH,63,794.750000,P1,5,63,364.000000
RH,64,795.875000,P1,5,64,364.500000
RH,70,795.875000,P1,3,70,364.500000
RH,73,795.875000,P1,3,73,364.500000
LH,57,796.000000,P1,6,57,364.500000
RH,67,796.625000,P1,2,67,364.750000
RH,63,797.125000,P1,5,63,365.000000
RH,66,797.500000,P1,2,66,365.250000
RH,64,798.000000,P1,5,64,365.500000
RH,67,798.625000,P1,2,67,365.750000
RH,64,799.125000,P1,5,64,366.000000
RH,67,799.625000,P1,2,67,366.250000
RH,63,800.125000,P1,5,63,366.500000
RH,66,800.625000,P1,2,66,366.750000
RH,64,801.125000,P1,5,64,367.000000
RH,67,801.625000,P1,2,67,367.250000
RH,70,801.625000,P1,3,70,367.250000
RH,73,801.625000,P1,3,73,367.250000
LH,57,802.125000,P1,6,57,367.500000
RH,64,802.125000,P1,5,64,367.500000
RH,67,802.625000,P1,2,67,367.750000
RH,70,802.625000,P1,3,70,367.750000
RH,73,802.625000,P1,3,73,367.750000
RH,65,803.125000,P1,5,65,368.000000
LH,50,805.500000,P1,6,50,369.000000
RH,61,805.500000,P1,5,61,369.000000
RH,69,805.500000,P1,2,69,369.000000
RH,76,805.500000,P1,1,76,369.000000
RH,77,809.125000,P1,1,77,370.500000
RH,62,809.250000,P1,5,62,370.500000
RH,65,810.500000,P1,1,65,371.000000
RH,65,811.500000,P1,1,65,371.500000
RH,65,812.625000,P1,1,65,372.000000
RH,64,813.666667,P1,1,64,372.500000
RH,65,814.750000,P1,1,65,373.000000
RH,65,815.875000,P1,1,65,373.500000
RH,64,816.875000,P1,1,64,374.000000
RH,61,818.000000,P1,5,61,374.500000
RH,65,818.000000,P1,1,65,374.500000
RH,65,818.500000,P1,1,65,374.750000
RH,61,819.125000,P1,5,61,375.000000
RH,65,819.666667,P1,2,65,375.250000
RH,60,820.125000,P1,5,60,375.500000
RH,64,820.666667,P1,2,64,375.750000
RH,61,821.125000,P1,5,61,376.000000
RH,65,821.666667,P1,2,65,376.250000
RH,61,822.250000,P1,5,61,376.500000
RH,65,822.666667,P1,2,65,376.750000
RH,60,823.250000,P1,5,60,377.000000
RH,64,823.750000,P1,2,64,377.250000
LH,55,825.500000,P1,6,55,378.000000
RH,62,825.500000,P1,5,62,378.000000
RH,68,825.500000,P1,3,68,378.000000
RH,71,825.500000,P1,3,71,378.000000
RH,65,826.250000,P1,2,65,378.250000
RH,61,826.666667,P1,5,61,378.500000
RH,64,827.125000,P1,2,64,378.750000
RH,62,827.666667,P1,5,62,379.000000
RH,65,828.125000,P1,2,65,379.250000
RH,62,828.750000,P1,5,62,379.500000
RH,65,829.250000,P1,2,65,379.750000
RH,61,829.750000,P1,5,61,380.000000
RH,64,830.250000,P1,2,64,380.250000
RH,62,830.750000,P1,5,62,380.500000
RH,68,831.250000,P1,3,68,380.750000
RH,71,831.250000,P1,3,71,380.750000
RH,65,831.333333,P1,2,65,380.750000
LH,55,831.875000,P1,6,55,381.000000
RH,62,831.875000,P1,5,62,381.000000
RH,65,832.500000,P1,2,65,381.250000
RH,68,832.500000,P1,3,68,381.250000
RH,71,832.500000,P1,3,71,381.250000
RH,64,833.000000,P1,5,64,381.500000
RH,67,833.375000,P1,2,67,381.750000
RH,72,833.375000,P1,3,72,381.750000
LH,59,834.000000,P1,5,59,382.000000
RH,60,835.250000,P1,5,60,382.500000
RH,67,835.250000,P1,2,67,382.500000
RH,76,835.250000,P1,1,76,382.500000
RH,66,835.875000,P1,2,66,382.750000
RH,66,836.375000,P1,2,66,383.000000
RH,67,836.875000,P1,2,67,383.250000
RH,67,837.375000,P1,2,67,383.500000
RH,68,837.875000,P1,2,68,383.750000
LH,53,838.500000,P1,5,53,384.000000
RH,74,838.500000,P1,1,74,384.000000
RH,68,839.000000,P1,2,68,384.250000
RH,68,839.500000,P1,2,68,384.500000
RH,69,840.000000,P1,2,69,384.750000
RH,71,840.500000,P1,2,71,385.000000
RH,69,841.000000,P1,2,69,385.250000
LH,54,841.500000,P1,5,54,385.500000
RH,72,841.500000,P1,1,72,385.500000
RH,69,842.125000,P1,2,69,385.750000
RH,69,842.625000,P1,2,69,386.000000
RH,62,843.125000,P1,2,62,386.250000
RH,69,843.625000,P1,2,69,386.500000
RH,62,844.125000,P1,2,62,386.750000
RH,62,844.750000,P1,2,62,387.000000
RH,71,844.750000,P1,1,71,387.000000
RH,67,845.375000,P1,2,67,387.250000
LH,55,845.875000,P1,5,55,387.500000
RH,67,846.375000,P1,2,67,387.750000
LH,55,846.875000,P1,5,55,388.000000
RH,67,847.375000,P1,2,67,388.250000
LH,55,847.875000,P1,5,55,388.500000
RH,67,848.375000,P1,2,67,388.750000
LH,55,849.000000,P1,5,55,389.000000
RH,69,849.000000,P1,1,69,389.000000
RH,67,849.500000,P1,2,67,389.250000
LH,55,850.000000,P1,5,55,389.500000
RH,71,850.000000,P1,1,71,389.500000
RH,65,850.500000,P1,2,65,389.750000
LH,55,851.125000,P1,5,55,390.000000
RH,72,851.125000,P1,1,72,390.000000
RH,64,851.625000,P1,2,64,390.250000
LH,55,852.125000,P1,5,55,390.500000
RH,62,852.666667,P1,2,62,390.750000
LH,55,853.250000,P1,5,55,391.000000
RH,66,853.250000,P1,1,66,391.000000
RH,60,853.750000,P1,2,60,391.250000
LH,59,854.250000,P1,2,59,391.500000
RH,69,854.250000,P1,1,69,391.500000
RH,62,854.875000,P1,2,62,391.750000
LH,55,855.333333,P1,5,55,392.000000
LH,59,855.333333,P1,2,59,392.000000
RH,67,855.333333,P1,1,67,392.000000
RH,67,855.875000,P1,2,67,392.250000
LH,55,856.333333,P1,5,55,392.500000
RH,67,856.750000,P1,2,67,392.750000
RH,71,857.333333,P1,1,71,393.000000
LH,55,857.375000,P1,5,55,393.000000
RH,67,857.875000,P1,2,67,393.250000
LH,55,858.375000,P1,5,55,393.500000
RH,69,858.375000,P1,1,69,393.500000
RH,67,858.875000,P1,2,67,393.750000
LH,55,859.500000,P1,5,55,394.000000
RH,71,859.500000,P1,1,71,394.000000
RH,65,860.000000,P1,2,65,394.250000
LH,55,860.625000,P1,5,55,394.500000
RH,74,860.625000,P1,1,74,394.500000
RH,64,861.250000,P1,2,64,394.750000
LH,55,861.666667,P1,5,55,395.000000
RH,72,861.666667,P1,1,72,395.000000
RH,62,862.125000,P1,2,62,395.250000
LH,55,862.666667,P1,5,55,395.500000
RH,66,862.666667,P1,1,66,395.500000
RH,60,863.250000,P1,2,60,395.750000
LH,59,863.750000,P1,2,59,396.000000
RH,67,863.750000,P1,1,67,396.000000
LH,55,864.375000,P1,5,55,396.250000
RH,65,864.875000,P1,2,65,396.500000
LH,47,865.375000,P1,8,47,396.750000
RH,74,865.375000,P1,1,74,396.750000
LH,48,865.875000,P1,8,48,397.000000
RH,64,865.875000,P1,2,64,397.000000
RH,72,865.875000,P1,1,72,397.000000
LH,51,866.375000,P1,8,51,397.250000
RH,60,866.375000,P1,2,60,397.250000
RH,66,866.375000,P1,1,66,397.250000
LH,50,867.000000,P1,8,50,397.500000
LH,59,867.000000,P1,2,59,397.500000
RH,67,867.000000,P1,1,67,397.500000
LH,55,867.500000,P1,5,55,397.750000
RH,65,868.125000,P1,2,65,398.000000
RH,74,868.500000,P1,1,74,398.250000
LH,47,868.625000,P1,8,47,398.250000
LH,48,869.125000,P1,8,48,398.500000
RH,64,869.125000,P1,2,64,398.500000
RH,72,869.125000,P1,1,72,398.500000
LH,45,869.625000,P1,8,45,398.750000
RH,60,869.625000,P1,2,60,398.750000
RH,66,869.625000,P1,1,66,398.750000
LH,59,870.250000,P1,2,59,399.000000
RH,67,870.250000,P1,1,67,399.000000
LH,43,875.500000,P1,5,43,400.500000
LH,50,875.500000,P1,5,50,400.500000
LH,59,875.500000,P1,2,59,400.500000
RH,69,875.500000,P1,3,69,400.562500
RH,67,876.125000,P1,3,67,400.625000
RH,69,876.500000,P1,3,69,400.812500
RH,67,876.750000,P1,3,67,400.875000
RH,69,877.000000,P1,3,69,400.937500
RH,67,877.250000,P1,3,67,401.000000
RH,69,877.375000,P1,3,69,400.937500
RH,67,877.500000,P1,3,67,401.000000
RH,69,877.750000,P1,3,69,401.062500
RH,67,877.875000,P1,3,67,401.125000
RH,69,878.000000,P1,3,69,401.187500
RH,67,878.250000,P1,3,67,401.250000
RH,69,878.333333,P1,3,69,401.187500
RH,67,878.500000,P1,3,67,401.250000
RH,69,878.666667,P1,3,69,401.312500
RH,67,878.750000,P1,3,67,401.375000
RH,69,879.000000,P1,3,69,401.437500
RH,67,879.125000,P1,3,67,401.500000
RH,69,879.250000,P1,3,69,401.437500
RH,67,879.375000,P1,3,67,401.500000
RH,69,879.500000,P1,3,69,401.562500
RH,67,879.750000,P1,3,67,401.625000
RH,69,879.750000,P1,3,69,401.687500
RH,67,879.875000,P1,3,67,401.625000
RH,69,880.125000,P1,3,69,401.687500
RH,67,880.250000,P1,3,67,401.750000
RH,69,880.333333,P1,3,69,401.812500
RH,67,880.500000,P1,3,67,401.875000
RH,69,880.666667,P1,3,69,401.812500
RH,67,880.875000,P1,3,67,401.875000
RH,69,881.000000,P1,3,69,401.812500
RH,67,881.125000,P1,3,67,402.000000
RH,66,881.500000,P1,3,66,402.052083
RH,67,882.333333,P1,3,67,402.312500
RH,67,884.000000,P1,3,67,402.520833
RH,69,884.375000,P1,3,69,402.781250
RH,81,889.000000,P1,3,81,403.770833
RH,83,889.125000,P1,3,83,403.822917
RH,84,889.333333,P1,3,84,403.875000
RH,83,889.875000,P1,3,83,404.031250
RH,84,890.000000,P1,3,84,403.979167
RH,79,891.000000,P1,3,79,404.343750
RH,81,891.250000,P1,3,81,404.395833
RH,79,891.375000,P1,3,79,404.343750
RH,81,891.875000,P1,3,81,404.604167
RH,83,892.000000,P1,3,83,404.552083
RH,83,892.375000,P1,3,83,404.656250
RH,84,892.875000,P1,3,84,404.812500
RH,86,893.000000,P1,3,86,404.760417
RH,84,893.250000,P1,3,84,404.812500
RH,83,893.375000,P1,3,83,404.864583
RH,81,893.625000,P1,3,81,404.916667
RH,79,893.750000,P1,1,79,405.000000
RH,81,893.875000,P1,1,81,405.125000
RH,79,894.375000,P1,1,79,405.193750
RH,83,895.000000,P1,1,83,405.387500
RH,83,895.375000,P1,1,83,405.443750
RH,84,895.500000,P1,1,84,405.568750
RH,86,895.666667,P1,1,86,405.581250
RH,86,896.000000,P1,1,86,405.581250
RH,86,896.375000,P1,1,86,405.775000
RH,88,897.125000,P1,1,88,405.900000
RH,86,897.375000,P1,1,86,405.968750
RH,84,897.625000,P1,1,84,406.093750
RH,83,897.875000,P1,1,83,406.162500
RH,83,898.250000,P1,1,83,406.218750
RH,81,898.375000,P1,1,81,406.287500
RH,83,898.500000,P1,1,83,406.412500
RH,84,898.750000,P1,1,84,406.343750
RH,88,899.000000,P1,1,88,406.481250
RH,86,899.250000,P1,1,86,406.550000
RH,86,899.625000,P1,1,86,406.606250
RH,88,899.875000,P1,1,88,406.675000
RH,89,900.125000,P1,1,89,406.800000
RH,84,901.125000,P1,1,84,406.868750
RH,83,901.500000,P1,1,83,406.993750
RH,84,902.000000,P1,1,84,407.118750
RH,79,903.250000,P1,1,79,407.312500
RH,75,904.125000,P1,1,75,407.506250
RH,73,905.375000,P1,1,73,407.906250
RH,78,908.500000,P1,1,78,408.281250
LH,52,916.250000,P1,5,52,409.500000
LH,48,916.333333,P1,5,48,409.500000
RH,74,916.625000,P1,2,74,409.687500
RH,72,916.875000,P1,2,72,409.750000
RH,74,917.125000,P1,2,74,409.937500
RH,72,917.250000,P1,2,72,410.000000
LH,55,917.375000,P1,5,55,410.000000
RH,74,917.375000,P1,2,74,410.062500
RH,72,917.625000,P1,2,72,410.125000
RH,74,917.750000,P1,2,74,410.187500
RH,72,917.875000,P1,2,72,410.250000
RH,74,918.000000,P1,2,74,410.312500
RH,72,918.125000,P1,2,72,410.375000
RH,74,918.333333,P1,2,74,410.437500
RH,72,918.500000,P1,2,72,410.500000
RH,74,918.666667,P1,2,74,410.687500
RH,72,918.750000,P1,2,72,410.625000
RH,72,919.000000,P1,2,72,410.750000
RH,74,919.000000,P1,2,74,410.812500
RH,74,919.250000,P1,2,74,410.937500
RH,72,919.375000,P1,2,72,411.000000
LH,52,919.500000,P1,5,52,411.000000
RH,74,919.500000,P1,2,74,411.062500
RH,72,919.625000,P1,2,72,411.125000
RH,72,919.875000,P1,2,72,411.250000
RH,74,919.875000,P1,2,74,411.187500
RH,74,920.125000,P1,2,74,411.312500
RH,72,920.250000,P1,2,72,411.375000
RH,74,920.375000,P1,2,74,411.437500
RH,72,920.500000,P1,2,72,411.500000
LH,55,920.625000,P1,5,55,411.500000
RH,74,920.666667,P1,2,74,411.562500
RH,72,920.750000,P1,2,72,411.625000
RH,74,920.875000,P1,2,74,411.687500
RH,72,921.125000,P1,2,72,411.750000
RH,74,921.125000,P1,2,74,411.812500
RH,72,921.333333,P1,2,72,411.875000
RH,72,921.500000,P1,2,72,412.000000
RH,74,921.500000,P1,2,74,411.937500
RH,74,921.666667,P1,2,74,412.062500
RH,72,921.875000,P1,2,72,412.125000
RH,72,922.333333,P1,2,72,412.333333
LH,52,922.750000,P1,5,52,412.500000
RH,76,922.750000,P1,1,76,412.500000
LH,55,923.750000,P1,5,55,413.000000
RH,72,925.666667,P1,1,72,413.875000
LH,48,926.125000,P1,5,48,414.000000
LH,52,926.125000,P1,5,52,414.000000
RH,67,926.125000,P1,1,67,414.000000
LH,55,927.250000,P1,5,55,414.500000
LH,52,929.333333,P1,5,52,415.500000
LH,55,930.375000,P1,5,55,416.000000
RH,66,931.500000,P1,1,66,416.500000
RH,67,931.875000,P1,1,67,416.750000
LH,48,932.500000,P1,5,48,417.000000
LH,52,932.500000,P1,5,52,417.000000
RH,68,932.500000,P1,1,68,417.000000
RH,69,932.875000,P1,1,69,417.250000
LH,55,933.500000,P1,5,55,417.500000
RH,60,933.500000,P1,5,60,417.500000
RH,70,933.500000,P1,1,70,417.500000
RH,71,933.875000,P1,1,71,417.750000
LH,52,934.375000,P1,5,52,418.000000
LH,47,935.625000,P1,5,47,418.500000
LH,53,935.625000,P1,5,53,418.500000
RH,76,935.750000,P1,2,76,418.562500
RH,74,936.000000,P1,2,74,418.750000
LH,53,936.125000,P1,5,53,418.750000
LH,55,936.250000,P1,5,55,418.750000
RH,76,936.250000,P1,2,76,418.812500
RH,74,936.333333,P1,2,74,418.875000
RH,76,936.500000,P1,2,76,418.937500
RH,74,936.666667,P1,2,74,419.000000
RH,76,936.875000,P1,2,76,419.187500
RH,74,937.000000,P1,2,74,419.250000
LH,53,937.125000,P1,5,53,419.250000
LH,55,937.125000,P1,5,55,419.250000
RH,76,937.250000,P1,2,76,419.312500
RH,74,937.375000,P1,2,74,419.375000
LH,53,937.500000,P1,5,53,419.500000
RH,76,937.500000,P1,2,76,419.562500
LH,47,937.625000,P1,5,47,419.500000
RH,74,937.666667,P1,2,74,419.625000
RH,76,937.875000,P1,2,76,419.687500
LH,53,938.000000,P1,5,53,419.750000
RH,74,938.000000,P1,2,74,419.750000
RH,76,938.125000,P1,2,76,419.812500
RH,74,938.250000,P1,2,74,419.875000
LH,47,938.500000,P1,5,47,420.000000
LH,53,938.500000,P1,5,53,420.000000
RH,76,938.500000,P1,2,76,419.937500
RH,74,938.625000,P1,2,74,420.000000
RH,76,938.750000,P1,2,76,420.062500
LH,53,938.875000,P1,5,53,420.250000
RH,74,938.875000,P1,2,74,420.125000
LH,55,939.000000,P1,5,55,420.250000
RH,76,939.000000,P1,2,76,420.312500
RH,74,939.125000,P1,2,74,420.375000
LH,55,939.375000,P1,5,55,420.500000
RH,76,939.375000,P1,2,76,420.437500
RH,62,939.500000,P1,5,62,420.500000
RH,74,939.500000,P1,2,74,420.500000
RH,76,939.666667,P1,2,76,420.562500
RH,74,939.750000,P1,2,74,420.625000
LH,53,939.875000,P1,5,53,420.750000
RH,76,939.875000,P1,2,76,420.687500
RH,74,940.125000,P1,2,74,420.750000
RH,76,940.250000,P1,2,76,420.812500
RH,74,940.333333,P1,2,74,420.875000
RH,76,940.500000,P1,2,76,421.062500
RH,74,940.625000,P1,2,74,421.000000
RH,74,941.000000,P1,2,74,421.250000
LH,47,941.500000,P1,5,47,421.500000
LH,53,941.500000,P1,5,53,421.500000
LH,53,942.125000,P1,5,53,421.750000
LH,55,942.125000,P1,5,55,421.750000
LH,55,942.500000,P1,5,55,422.000000
RH,62,942.500000,P1,5,62,422.000000
LH,53,943.000000,P1,5,53,422.250000
RH,71,944.500000,P1,1,71,422.937500
LH,53,944.666667,P1,5,53,423.000000
RH,69,944.666667,P1,1,69,423.000000
LH,47,944.750000,P1,5,47,423.000000
LH,53,945.333333,P1,5,53,423.250000
LH,55,945.333333,P1,5,55,423.250000
LH,55,945.750000,P1,5,55,423.500000
RH,67,945.750000,P1,1,67,423.500000
RH,62,945.875000,P1,5,62,423.500000
LH,55,946.250000,P1,5,55,423.750000
LH,47,946.875000,P1,5,47,424.000000
LH,53,946.875000,P1,5,53,424.000000
LH,53,947.250000,P1,5,53,424.250000
LH,55,947.250000,P1,5,55,424.250000
LH,47,947.750000,P1,5,47,424.500000
LH,53,947.750000,P1,5,53,424.500000
LH,53,948.250000,P1,5,53,424.750000
LH,55,948.250000,P1,5,55,424.750000
LH,55,948.666667,P1,5,55,425.000000
RH,62,948.666667,P1,5,62,425.000000
LH,53,949.250000,P1,5,53,425.250000
LH,55,949.250000,P1,5,55,425.250000
LH,47,949.666667,P1,5,47,425.500000
RH,67,949.750000,P1,1,67,425.500000
LH,55,950.250000,P1,5,55,425.750000
RH,69,950.250000,P1,1,69,425.750000
LH,43,950.875000,P1,5,43,426.000000
LH,53,950.875000,P1,5,53,426.000000
RH,70,950.875000,P1,1,70,426.000000
LH,53,951.500000,P1,5,53,426.250000
LH,55,951.500000,P1,5,55,426.250000
RH,71,951.625000,P1,1,71,426.250000
LH,55,952.000000,P1,5,55,426.500000
RH,72,952.000000,P1,1,72,426.500000
LH,59,952.125000,P1,5,59,426.500000
LH,53,952.500000,P1,5,53,426.750000
LH,55,952.500000,P1,5,55,426.750000
RH,73,952.500000,P1,1,73,426.750000
LH,53,953.000000,P1,5,53,427.000000
RH,74,953.000000,P1,1,74,427.000000
LH,53,953.500000,P1,5,53,427.250000
RH,75,953.500000,P1,1,75,427.250000
LH,55,953.625000,P1,5,55,427.250000
LH,48,954.125000,P1,5,48,427.500000
LH,52,954.125000,P1,5,52,427.500000
RH,76,954.125000,P1,1,76,427.500000
RH,77,954.375000,P1,1,77,427.635417
RH,76,954.666667,P1,1,76,427.770833
LH,55,954.750000,P1,5,55,427.750000
RH,75,954.875000,P1,1,75,427.906250
RH,60,955.250000,P1,5,60,428.000000
RH,76,955.250000,P1,1,76,428.041667
RH,72,955.375000,P1,1,72,428.177083
LH,55,955.625000,P1,5,55,428.250000
RH,71,955.625000,P1,1,71,428.312500
LH,52,956.125000,P1,5,52,428.500000
RH,83,956.500000,P1,1,83,428.718750
LH,48,956.625000,P1,5,48,428.750000
RH,84,956.750000,P1,1,84,428.854167
LH,45,957.125000,P1,5,45,429.000000
RH,77,957.125000,P1,1,77,429.000000
RH,79,957.375000,P1,1,79,429.135417
LH,57,957.625000,P1,5,57,429.250000
RH,77,957.625000,P1,1,77,429.270833
RH,76,957.750000,P1,1,76,429.406250
RH,60,958.000000,P1,5,60,429.500000
RH,77,958.000000,P1,1,77,429.541667
LH,57,958.500000,P1,5,57,429.750000
LH,53,959.000000,P1,5,53,430.000000
RH,79,960.000000,P1,1,79,430.500000
LH,40,960.125000,P1,5,40,430.500000
RH,81,960.250000,P1,1,81,430.635417
LH,55,960.500000,P1,5,55,430.750000
RH,79,960.500000,P1,1,79,430.770833
RH,60,961.000000,P1,5,60,431.000000
LH,41,963.125000,P1,5,41,432.000000
RH,80,963.125000,P1,1,80,432.000000
LH,57,965.000000,P1,5,57,432.750000
RH,81,965.000000,P1,1,81,432.750000
LH,57,965.375000,P1,5,57,433.000000
RH,60,965.375000,P1,5,60,433.000000
LH,53,965.875000,P1,5,53,433.250000
LH,57,965.875000,P1,5,57,433.250000
RH,81,965.875000,P1,1,81,433.250000
LH,41,966.500000,P1,5,41,433.500000
LH,53,967.000000,P1,5,53,433.750000
LH,57,967.000000,P1,5,57,433.750000
RH,81,967.000000,P1,1,81,433.750000
LH,57,967.500000,P1,5,57,434.000000
RH,61,967.500000,P1,5,61,434.000000
LH,53,968.125000,P1,5,53,434.250000
LH,57,968.125000,P1,5,57,434.250000
RH,81,968.125000,P1,1,81,434.250000
LH,57,968.625000,P1,5,57,434.500000
RH,61,968.625000,P1,5,61,434.500000
LH,53,969.125000,P1,5,53,434.750000
LH,57,969.125000,P1,5,57,434.750000
RH,81,969.125000,P1,1,81,434.750000
LH,41,969.875000,P1,5,41,435.000000
RH,76,970.625000,P1,1,76,435.250000
LH,53,970.666667,P1,5,53,435.250000
LH,57,970.666667,P1,5,57,435.250000
RH,77,971.500000,P1,1,77,435.500000
LH,57,972.000000,P1,5,57,435.750000
RH,76,972.000000,P1,1,76,435.750000
LH,57,972.500000,P1,5,57,436.000000
RH,62,972.500000,P1,5,62,436.000000
RH,77,972.500000,P1,1,77,436.000000
LH,53,973.000000,P1,5,53,436.250000
LH,57,973.000000,P1,5,57,436.250000
RH,74,973.000000,P1,1,74,436.250000
LH,43,973.666667,P1,5,43,436.500000
RH,72,973.750000,P1,1,72,436.500000
RH,74,974.000000,P1,1,74,436.625000
RH,72,974.333333,P1,1,72,436.750000
RH,60,974.375000,P1,5,60,436.750000
RH,71,974.625000,P1,1,71,436.875000
RH,60,974.875000,P1,5,60,437.000000
RH,64,974.875000,P1,5,64,437.000000
RH,72,975.125000,P1,2,72,437.125000
LH,55,975.375000,P1,5,55,437.250000
RH,60,975.375000,P1,5,60,437.250000
RH,74,975.625000,P1,2,74,437.375000
RH,60,975.875000,P1,5,60,437.500000
RH,64,975.875000,P1,5,64,437.500000
RH,76,976.125000,P1,2,76,437.625000
LH,55,976.333333,P1,5,55,437.750000
RH,60,976.333333,P1,5,60,437.750000
RH,77,976.500000,P1,2,77,437.875000
RH,60,976.875000,P1,5,60,438.000000
RH,64,976.875000,P1,5,64,438.000000
RH,79,977.125000,P1,2,79,438.125000
LH,55,977.333333,P1,5,55,438.250000
RH,60,977.333333,P1,5,60,438.250000
RH,81,977.625000,P1,2,81,438.375000
RH,60,977.875000,P1,5,60,438.500000
RH,64,977.875000,P1,5,64,438.500000
RH,83,978.125000,P1,2,83,438.625000
LH,55,978.375000,P1,5,55,438.750000
RH,60,978.375000,P1,5,60,438.750000
LH,43,980.250000,P1,5,43,439.500000
LH,55,980.875000,P1,5,55,439.750000
RH,62,980.875000,P1,5,62,439.750000
RH,62,981.375000,P1,5,62,440.000000
RH,65,981.375000,P1,5,65,440.000000
LH,55,981.875000,P1,5,55,440.250000
RH,62,981.875000,P1,5,62,440.250000
RH,62,982.500000,P1,5,62,440.500000
RH,65,982.500000,P1,5,65,440.500000
RH,71,982.500000,P1,1,71,440.500000
LH,55,983.000000,P1,5,55,440.750000
RH,64,983.750000,P1,1,64,441.000000
RH,72,983.750000,P1,1,72,441.000000
LH,48,983.875000,P1,5,48,441.000000
RH,60,983.875000,P1,5,60,441.000000
RH,67,985.000000,P1,1,67,441.500000
RH,65,986.125000,P1,1,65,442.000000
RH,64,987.250000,P1,1,64,442.500000
RH,62,988.375000,P1,1,62,443.000000
RH,60,989.375000,P1,1,60,443.500000
LH,59,990.500000,P1,1,59,444.000000
RH,60,991.250000,P1,1,60,444.250000
LH,59,991.750000,P1,1,59,444.500000
RH,60,992.250000,P1,1,60,444.750000
RH,62,992.750000,P1,1,62,445.000000
RH,60,993.250000,P1,1,60,445.250000
LH,38,994.000000,P1,5,38,445.500000
RH,62,994.125000,P1,4,62,445.562500
RH,60,994.375000,P1,4,60,445.625000
RH,62,994.500000,P1,4,62,445.812500
RH,60,994.666667,P1,4,60,445.875000
RH,62,994.875000,P1,4,62,445.937500
LH,50,995.000000,P1,5,50,446.000000
RH,60,995.000000,P1,4,60,446.000000
RH,62,995.125000,P1,4,62,446.062500
RH,60,995.250000,P1,4,60,446.125000
RH,62,995.375000,P1,4,62,446.187500
RH,60,995.625000,P1,4,60,446.250000
RH,60,995.875000,P1,4,60,446.500000
LH,57,996.000000,P1,5,57,446.500000
RH,62,996.000000,P1,4,62,446.562500
RH,60,996.250000,P1,4,60,446.625000
RH,60,996.500000,P1,4,60,446.750000
RH,62,996.500000,P1,4,62,446.687500
RH,66,996.875000,P1,1,66,447.000000
LH,38,997.000000,P1,5,38,447.000000
RH,60,997.250000,P1,4,60,447.125000
RH,62,997.375000,P1,4,62,447.187500
RH,60,997.625000,P1,4,60,447.250000
RH,62,997.750000,P1,4,62,447.437500
RH,60,997.875000,P1,4,60,447.500000
LH,50,998.000000,P1,5,50,447.500000
RH,62,998.000000,P1,4,62,447.562500
RH,60,998.125000,P1,4,60,447.625000
RH,62,998.333333,P1,4,62,447.687500
RH,60,998.500000,P1,4,60,447.750000
RH,62,998.625000,P1,4,62,447.812500
RH,60,998.750000,P1,4,60,447.875000
RH,62,998.875000,P1,4,62,447.937500
LH,57,999.000000,P1,5,57,448.000000
RH,60,999.125000,P1,4,60,448.125000
RH,60,999.500000,P1,4,60,448.250000
LH,43,1000.000000,P1,5,43,448.500000
RH,67,1000.250000,P1,3,67,448.562500
RH,65,1000.500000,P1,3,65,448.750000
RH,67,1000.666667,P1,3,67,448.812500
RH,65,1000.875000,P1,3,65,448.875000
LH,50,1001.000000,P1,5,50,449.000000
RH,67,1001.000000,P1,3,67,449.062500
RH,65,1001.125000,P1,3,65,449.125000
RH,67,1001.333333,P1,3,67,449.187500
RH,65,1001.500000,P1,3,65,449.250000
RH,67,1001.625000,P1,3,67,449.312500
RH,65,1001.750000,P1,3,65,449.375000
LH,55,1002.000000,P1,5,55,449.500000
RH,67,1002.000000,P1,3,67,449.437500
RH,65,1002.125000,P1,3,65,449.500000
RH,65,1002.625000,P1,3,65,449.750000
LH,36,1003.000000,P1,5,36,450.000000
RH,60,1003.375000,P1,4,60,450.187500
LH,58,1003.666667,P1,4,58,450.250000
RH,60,1003.875000,P1,4,60,450.437500
LH,58,1004.000000,P1,4,58,450.500000
LH,48,1004.125000,P1,5,48,450.500000
RH,60,1004.125000,P1,4,60,450.562500
LH,58,1004.333333,P1,4,58,450.625000
RH,60,1004.500000,P1,4,60,450.687500
LH,58,1004.625000,P1,4,58,450.750000
RH,60,1004.750000,P1,4,60,450.937500
LH,58,1004.875000,P1,4,58,451.000000
LH,55,1005.125000,P1,5,55,451.000000
RH,60,1005.125000,P1,4,60,451.062500
LH,58,1005.250000,P1,4,58,451.125000
LH,58,1005.500000,P1,4,58,451.250000
RH,60,1005.500000,P1,4,60,451.187500
RH,60,1005.750000,P1,4,60,451.312500
LH,36,1006.000000,P1,5,36,451.500000
RH,64,1006.000000,P1,1,64,451.500000
LH,58,1006.250000,P1,4,58,451.625000
RH,60,1006.500000,P1,4,60,451.687500
LH,58,1006.625000,P1,4,58,451.750000
RH,60,1006.750000,P1,4,60,451.812500
LH,58,1006.875000,P1,4,58,452.000000
LH,48,1007.125000,P1,5,48,452.000000
RH,60,1007.125000,P1,4,60,452.062500
LH,58,1007.250000,P1,4,58,452.125000
RH,60,1007.375000,P1,4,60,452.187500
LH,58,1007.500000,P1,4,58,452.250000
RH,60,1007.750000,P1,4,60,452.437500
LH,58,1007.875000,P1,4,58,452.375000
LH,55,1008.000000,P1,5,55,452.500000
RH,60,1008.000000,P1,4,60,452.437500
LH,58,1008.250000,P1,4,58,452.625000
LH,58,1008.625000,P1,4,58,452.875000
LH,41,1009.000000,P1,5,41,453.000000
RH,67,1009.250000,P1,3,67,453.187500
RH,65,1009.500000,P1,3,65,453.250000
RH,67,1009.666667,P1,3,67,453.312500
RH,65,1009.875000,P1,3,65,453.500000
LH,48,1010.000000,P1,5,48,453.500000
RH,67,1010.000000,P1,3,67,453.562500
RH,65,1010.125000,P1,3,65,453.625000
RH,67,1010.333333,P1,3,67,453.687500
RH,65,1010.500000,P1,3,65,453.750000
RH,67,1010.666667,P1,3,67,453.812500
RH,65,1010.750000,P1,3,65,454.000000
LH,53,1011.000000,P1,5,53,454.000000
RH,67,1011.000000,P1,3,67,454.062500
RH,65,1011.125000,P1,3,65,454.125000
RH,65,1011.500000,P1,3,65,454.333333
LH,41,1011.875000,P1,5,41,454.500000
RH,65,1011.875000,P1,2,65,454.500000
RH,70,1012.125000,P1,3,70,454.600000
RH,69,1012.333333,P1,3,69,454.700000
RH,68,1012.500000,P1,3,68,454.800000
RH,69,1012.666667,P1,3,69,454.900000
LH,53,1013.000000,P1,5,53,455.000000
LH,57,1013.000000,P1,5,57,455.000000
RH,69,1013.000000,P1,2,69,455.000000
RH,74,1013.125000,P1,3,74,455.100000
RH,72,1013.333333,P1,3,72,455.200000
RH,71,1013.500000,P1,3,71,455.300000
RH,72,1013.666667,P1,3,72,455.400000
LH,57,1014.000000,P1,5,57,455.500000
RH,60,1014.000000,P1,5,60,455.500000
RH,72,1014.000000,P1,2,72,455.500000
RH,79,1014.125000,P1,3,79,455.600000
RH,77,1014.333333,P1,3,77,455.700000
RH,76,1014.500000,P1,3,76,455.800000
RH,77,1014.750000,P1,3,77,455.900000
LH,41,1015.125000,P1,5,41,456.000000
RH,77,1015.125000,P1,2,77,456.000000
RH,81,1015.125000,P1,1,81,456.000000
LH,57,1017.375000,P1,5,57,457.000000
RH,60,1017.500000,P1,5,60,457.000000
LH,41,1018.375000,P1,5,41,457.500000
LH,53,1019.500000,P1,5,53,458.000000
LH,57,1019.500000,P1,5,57,458.000000
RH,79,1019.500000,P1,1,79,458.000000
RH,83,1019.500000,P1,1,83,458.000000
RH,77,1020.250000,P1,1,77,458.250000
RH,81,1020.250000,P1,1,81,458.250000
LH,57,1020.750000,P1,5,57,458.500000
RH,79,1020.750000,P1,1,79,458.500000
RH,62,1020.875000,P1,5,62,458.500000
RH,76,1020.875000,P1,1,76,458.500000
RH,74,1021.250000,P1,1,74,458.750000
RH,77,1021.250000,P1,1,77,458.750000
LH,43,1021.875000,P1,5,43,459.000000
RH,72,1021.875000,P1,1,72,459.000000
RH,76,1021.875000,P1,1,76,459.000000
RH,71,1022.500000,P1,1,71,459.250000
RH,75,1022.500000,P1,1,75,459.250000
LH,55,1023.000000,P1,5,55,459.500000
RH,60,1023.000000,P1,5,60,459.500000
RH,72,1023.000000,P1,1,72,459.500000
RH,76,1023.000000,P1,1,76,459.500000
RH,75,1023.375000,P1,1,75,459.750000
RH,78,1023.375000,P1,1,78,459.750000
RH,60,1023.875000,P1,5,60,460.000000
RH,64,1023.875000,P1,5,64,460.000000
RH,76,1023.875000,P1,1,76,460.000000
RH,79,1023.875000,P1,1,79,460.000000
RH,72,1024.500000,P1,1,72,460.250000
RH,76,1024.500000,P1,1,76,460.250000
LH,43,1024.875000,P1,5,43,460.500000
RH,71,1025.375000,P1,1,71,460.750000
RH,75,1025.375000,P1,1,75,460.750000
LH,55,1026.000000,P1,5,55,461.000000
RH,60,1026.000000,P1,5,60,461.000000
RH,72,1026.000000,P1,1,72,461.000000
RH,76,1026.000000,P1,1,76,461.000000
RH,75,1026.375000,P1,1,75,461.250000
RH,78,1026.375000,P1,1,78,461.250000
RH,60,1027.000000,P1,5,60,461.500000
RH,64,1027.000000,P1,5,64,461.500000
RH,76,1027.000000,P1,1,76,461.500000
RH,79,1027.000000,P1,1,79,461.500000
RH,72,1027.500000,P1,1,72,461.750000
RH,76,1027.500000,P1,1,76,461.750000
LH,43,1028.000000,P1,5,43,462.000000
RH,70,1028.500000,P1,1,70,462.250000
RH,73,1028.500000,P1,1,73,462.250000
LH,55,1029.125000,P1,5,55,462.500000
RH,62,1029.125000,P1,5,62,462.500000
RH,71,1029.125000,P1,1,71,462.500000
RH,74,1029.125000,P1,1,74,462.500000
RH,76,1029.625000,P1,1,76,462.750000
RH,74,1030.125000,P1,1,74,463.000000
LH,36,1031.500000,P1,5,36,463.500000
LH,48,1031.500000,P1,5,48,463.500000
RH,72,1031.500000,P1,1,72,463.500000
LH,55,1032.666667,P1,5,55,464.000000
LH,53,1033.666667,P1,5,53,464.500000
LH,52,1034.750000,P1,5,52,465.000000
LH,50,1035.750000,P1,5,50,465.500000
LH,48,1036.875000,P1,5,48,466.000000
LH,47,1038.000000,P1,5,47,466.500000
LH,47,1039.250000,P1,5,47,467.000000
LH,48,1039.750000,P1,5,48,467.250000
LH,50,1040.250000,P1,5,50,467.500000
LH,48,1040.750000,P1,5,48,467.750000
LH,50,1041.500000,P1,6,50,468.062500
LH,48,1041.750000,P1,6,48,468.250000
LH,50,1041.875000,P1,6,50,468.312500
LH,48,1042.000000,P1,6,48,468.375000
LH,50,1042.125000,P1,6,50,468.437500
LH,48,1042.333333,P1,6,48,468.500000
LH,50,1042.375000,P1,6,50,468.562500
RH,66,1042.375000,P1,1,66,468.500000
LH,48,1042.625000,P1,6,48,468.625000
LH,50,1042.750000,P1,6,50,468.687500
LH,48,1043.000000,P1,6,48,468.750000
LH,50,1043.125000,P1,6,50,468.812500
LH,48,1043.250000,P1,6,48,469.000000
LH,50,1043.375000,P1,6,50,469.062500
RH,69,1043.375000,P1,1,69,469.000000
LH,48,1043.625000,P1,6,48,469.125000
LH,50,1043.750000,P1,6,50,469.187500
LH,48,1043.875000,P1,6,48,469.250000
LH,50,1044.125000,P1,6,50,469.312500
LH,48,1044.250000,P1,6,48,469.375000
LH,50,1044.375000,P1,6,50,469.437500
LH,48,1044.500000,P1,6,48,469.500000
RH,74,1044.500000,P1,1,74,469.500000
LH,50,1044.666667,P1,6,50,469.687500
LH,48,1044.875000,P1,6,48,469.750000
LH,50,1045.000000,P1,6,50,469.812500
LH,48,1045.125000,P1,6,48,469.875000
LH,50,1045.333333,P1,6,50,469.937500
LH,48,1045.500000,P1,6,48,470.000000
RH,78,1045.500000,P1,1,78,470.000000
LH,50,1045.666667,P1,6,50,470.062500
LH,48,1045.750000,P1,6,48,470.125000
LH,50,1046.000000,P1,6,50,470.187500
LH,48,1046.125000,P1,6,48,470.250000
LH,50,1046.333333,P1,6,50,470.437500
LH,48,1046.375000,P1,6,48,470.375000
RH,81,1046.500000,P1,1,81,470.500000
LH,50,1046.625000,P1,6,50,470.562500
LH,48,1046.750000,P1,6,48,470.625000
LH,48,1047.125000,P1,6,48,470.833333
LH,47,1047.250000,P1,6,47,470.875000
LH,48,1047.500000,P1,6,48,470.937500
LH,47,1047.625000,P1,5,47,471.000000
RH,79,1047.625000,P1,1,79,471.000000
RH,88,1047.750000,P1,2,88,471.062500
RH,86,1048.000000,P1,2,86,471.250000
RH,88,1048.125000,P1,2,88,471.312500
RH,86,1048.250000,P1,2,86,471.375000
RH,88,1048.375000,P1,2,88,471.437500
RH,86,1048.500000,P1,2,86,471.500000
RH,88,1048.750000,P1,2,88,471.687500
RH,86,1048.875000,P1,2,86,471.750000
RH,88,1049.000000,P1,2,88,471.812500
RH,86,1049.125000,P1,2,86,471.875000
RH,88,1049.250000,P1,2,88,471.937500
RH,86,1049.375000,P1,2,86,472.000000
RH,88,1049.500000,P1,2,88,472.062500
RH,86,1049.666667,P1,2,86,472.125000
RH,86,1050.000000,P1,2,86,472.333333
LH,48,1050.500000,P1,6,48,472.562500
LH,46,1050.666667,P1,6,46,472.750000
LH,48,1050.875000,P1,6,48,472.812500
LH,46,1051.125000,P1,6,46,472.875000
LH,48,1051.125000,P1,6,48,472.937500
RH,64,1051.333333,P1,1,64,473.000000
LH,46,1051.375000,P1,6,46,473.000000
LH,48,1051.500000,P1,6,48,473.062500
LH,46,1051.666667,P1,6,46,473.125000
LH,48,1051.875000,P1,6,48,473.312500
LH,46,1052.000000,P1,6,46,473.375000
LH,48,1052.125000,P1,6,48,473.437500
LH,46,1052.333333,P1,6,46,473.500000
RH,67,1052.333333,P1,1,67,473.500000
LH,46,1052.666667,P1,6,46,473.625000
LH,46,1053.000000,P1,6,46,473.875000
LH,48,1053.125000,P1,6,48,473.937500
LH,46,1053.250000,P1,6,46,474.000000
RH,72,1053.333333,P1,1,72,474.000000
LH,48,1053.375000,P1,6,48,474.062500
LH,46,1053.625000,P1,6,46,474.125000
LH,48,1053.750000,P1,6,48,474.187500
LH,46,1053.875000,P1,6,46,474.250000
LH,48,1054.125000,P1,6,48,474.437500
LH,46,1054.250000,P1,6,46,474.500000
RH,76,1054.333333,P1,1,76,474.500000
LH,48,1054.375000,P1,6,48,474.562500
LH,46,1054.625000,P1,6,46,474.625000
LH,48,1054.750000,P1,6,48,474.687500
LH,46,1054.875000,P1,6,46,474.750000
LH,48,1055.125000,P1,6,48,474.812500
LH,46,1055.250000,P1,6,46,474.875000
RH,79,1055.250000,P1,1,79,475.000000
LH,48,1055.375000,P1,6,48,475.062500
LH,46,1055.625000,P1,6,46,475.125000
LH,46,1056.000000,P1,6,46,475.333333
LH,45,1056.250000,P1,5,45,475.500000
RH,77,1056.375000,P1,1,77,475.500000
RH,86,1056.500000,P1,2,86,475.562500
RH,84,1056.750000,P1,2,84,475.750000
RH,86,1056.875000,P1,2,86,475.812500
RH,84,1057.125000,P1,2,84,475.875000
RH,86,1057.250000,P1,2,86,475.937500
RH,84,1057.375000,P1,2,84,476.000000
RH,86,1057.500000,P1,2,86,476.187500
RH,84,1057.666667,P1,2,84,476.250000
RH,86,1057.750000,P1,2,86,476.312500
RH,84,1057.875000,P1,2,84,476.375000
RH,86,1058.125000,P1,2,86,476.437500
RH,84,1058.250000,P1,2,84,476.500000
RH,84,1058.666667,P1,2,84,476.833333
RH,81,1059.000000,P1,1,81,477.000000
RH,84,1059.000000,P1,1,84,477.000000
RH,81,1059.750000,P1,1,81,477.250000
LH,45,1060.250000,P1,5,45,477.500000
RH,81,1060.750000,P1,1,81,477.750000
RH,89,1060.750000,P1,1,89,477.750000
LH,48,1061.250000,P1,5,48,478.000000
RH,81,1061.750000,P1,1,81,478.250000
RH,89,1061.750000,P1,1,89,478.250000
RH,81,1062.750000,P1,1,81,478.750000
RH,89,1062.750000,P1,1,89,478.750000
LH,57,1063.250000,P1,5,57,479.000000
RH,81,1063.666667,P1,1,81,479.250000
RH,89,1063.666667,P1,1,89,479.250000
RH,61,1064.250000,P1,5,61,479.500000
RH,81,1064.750000,P1,1,81,479.750000
RH,89,1064.750000,P1,1,89,479.750000
RH,62,1065.250000,P1,5,62,480.000000
RH,81,1065.750000,P1,1,81,480.250000
RH,89,1065.750000,P1,1,89,480.250000
RH,64,1066.333333,P1,5,64,480.500000
RH,79,1066.750000,P1,1,79,480.750000
RH,88,1066.750000,P1,1,88,480.750000
RH,65,1067.333333,P1,5,65,481.000000
LH,55,1068.625000,P1,5,55,481.500000
RH,67,1068.625000,P1,5,67,481.500000
RH,76,1068.625000,P1,1,76,481.500000
RH,84,1068.625000,P1,1,84,481.500000
RH,75,1069.125000,P1,1,75,481.750000
RH,78,1069.125000,P1,1,78,481.750000
RH,76,1069.666667,P1,1,76,482.000000
RH,79,1069.666667,P1,1,79,482.000000
RH,66,1070.250000,P1,1,66,482.250000
RH,75,1070.250000,P1,1,75,482.250000
RH,67,1070.666667,P1,1,67,482.500000
RH,76,1070.666667,P1,1,76,482.500000
RH,64,1071.125000,P1,1,64,482.750000
RH,72,1071.125000,P1,1,72,482.750000
LH,43,1071.666667,P1,5,43,483.000000
LH,55,1071.666667,P1,5,55,483.000000
RH,63,1072.125000,P1,1,63,483.250000
RH,66,1072.125000,P1,1,66,483.250000
RH,64,1072.666667,P1,1,64,483.500000
RH,67,1072.666667,P1,1,67,483.500000
LH,54,1073.250000,P1,1,54,483.750000
RH,63,1073.250000,P1,1,63,483.750000
LH,55,1073.750000,P1,1,55,484.000000
RH,64,1073.750000,P1,1,64,484.000000
LH,52,1074.250000,P1,1,52,484.250000
RH,60,1074.250000,P1,1,60,484.250000
LH,31,1074.750000,P1,5,31,484.500000
LH,43,1074.750000,P1,5,43,484.500000
RH,61,1075.250000,P1,1,61,484.750000
RH,64,1075.250000,P1,1,64,484.750000
RH,62,1075.875000,P1,1,62,485.000000
RH,65,1075.875000,P1,1,65,485.000000
RH,60,1078.333333,P1,1,60,486.000000
LH,52,1078.375000,P1,1,52,486.000000
LH,38,1078.500000,P1,6,38,486.062500
LH,36,1078.666667,P1,6,36,486.125000
LH,38,1078.875000,P1,6,38,486.312500
LH,36,1079.000000,P1,6,36,486.375000
LH,55,1079.000000,P1,1,55,486.250000
LH,38,1079.250000,P1,6,38,486.437500
LH,36,1079.375000,P1,6,36,486.500000
LH,52,1079.375000,P1,1,52,486.500000
LH,38,1079.500000,P1,6,38,486.562500
LH,36,1079.666667,P1,6,36,486.750000
LH,38,1079.875000,P1,6,38,486.812500
LH,55,1079.875000,P1,1,55,486.750000
LH,36,1080.000000,P1,6,36,486.875000
LH,38,1080.125000,P1,6,38,486.937500
LH,36,1080.333333,P1,6,36,487.000000
LH,52,1080.333333,P1,1,52,487.000000
LH,38,1080.500000,P1,6,38,487.062500
LH,36,1080.625000,P1,6,36,487.125000
LH,38,1080.750000,P1,6,38,487.312500
LH,55,1080.750000,P1,1,55,487.250000
LH,36,1081.000000,P1,6,36,487.375000
LH,38,1081.125000,P1,6,38,487.437500
LH,36,1081.250000,P1,6,36,487.500000
LH,52,1081.250000,P1,1,52,487.500000
LH,38,1081.375000,P1,6,38,487.562500
LH,36,1081.625000,P1,6,36,487.625000
LH,38,1081.750000,P1,6,38,487.687500
LH,55,1081.750000,P1,1,55,487.750000
LH,36,1081.875000,P1,6,36,487.750000
LH,38,1082.000000,P1,6,38,487.937500
LH,36,1082.250000,P1,6,36,488.000000
LH,52,1082.250000,P1,1,52,488.000000
LH,38,1082.375000,P1,6,38,488.062500
LH,36,1082.500000,P1,6,36,488.125000
LH,38,1082.666667,P1,6,38,488.187500
LH,55,1082.666667,P1,1,55,488.250000
LH,36,1082.750000,P1,6,36,488.250000
LH,38,1083.000000,P1,6,38,488.312500
LH,36,1083.125000,P1,6,36,488.375000
LH,38,1083.250000,P1,6,38,488.437500
LH,52,1083.250000,P1,1,52,488.500000
LH,36,1083.375000,P1,6,36,488.500000
LH,55,1083.750000,P1,1,55,488.750000
LH,36,1083.875000,P1,6,36,488.750000
LH,40,1084.250000,P1,5,40,489.000000
LH,52,1084.375000,P1,1,52,489.000000
LH,55,1084.875000,P1,1,55,489.250000
LH,52,1085.375000,P1,1,52,489.500000
LH,55,1085.875000,P1,1,55,489.750000
LH,52,1086.375000,P1,1,52,490.000000
LH,55,1086.875000,P1,1,55,490.250000
LH,31,1087.625000,P1,5,31,490.500000
LH,53,1087.625000,P1,2,53,490.500000
LH,59,1087.625000,P1,1,59,490.500000
LH,55,1088.250000,P1,2,55,490.750000
LH,53,1088.750000,P1,2,53,491.000000
RH,62,1088.750000,P1,1,62,491.000000
LH,55,1089.250000,P1,2,55,491.250000
RH,65,1089.750000,P1,1,65,491.500000
LH,53,1089.875000,P1,2,53,491.500000
LH,55,1090.375000,P1,2,55,491.750000
LH,53,1090.875000,P1,2,53,492.000000
LH,55,1091.375000,P1,2,55,492.250000
LH,53,1092.000000,P1,2,53,492.500000
RH,64,1092.000000,P1,1,64,492.500000
LH,55,1092.500000,P1,2,55,492.750000
RH,62,1093.000000,P1,1,62,493.000000
LH,53,1093.125000,P1,2,53,493.000000
LH,55,1093.625000,P1,2,55,493.250000
LH,53,1094.125000,P1,2,53,493.500000
RH,60,1094.125000,P1,1,60,493.500000
LH,55,1094.625000,P1,2,55,493.750000
LH,59,1095.125000,P1,1,59,494.000000
LH,53,1095.250000,P1,2,53,494.000000
LH,55,1095.666667,P1,2,55,494.250000
LH,53,1096.250000,P1,2,53,494.500000
RH,62,1096.250000,P1,1,62,494.500000
LH,55,1096.875000,P1,2,55,494.750000
LH,52,1097.375000,P1,1,52,495.000000
RH,60,1097.375000,P1,1,60,495.000000
LH,38,1097.500000,P1,6,38,495.062500
LH,36,1097.666667,P1,6,36,495.125000
LH,38,1097.875000,P1,6,38,495.187500
LH,55,1097.875000,P1,1,55,495.250000
LH,36,1098.000000,P1,6,36,495.375000
LH,38,1098.250000,P1,6,38,495.437500
LH,52,1098.250000,P1,1,52,495.500000
LH,36,1098.333333,P1,6,36,495.500000
LH,38,1098.500000,P1,6,38,495.562500
LH,36,1098.666667,P1,6,36,495.625000
LH,36,1098.875000,P1,6,36,495.750000
LH,38,1098.875000,P1,6,38,495.687500
LH,36,1099.250000,P1,6,36,496.000000
LH,38,1099.250000,P1,6,38,495.937500
LH,36,1099.500000,P1,6,36,496.125000
LH,38,1099.500000,P1,6,38,496.062500
LH,38,1099.750000,P1,6,38,496.187500
LH,36,1100.125000,P1,6,36,496.333333
LH,41,1100.500000,P1,6,41,496.562500
LH,40,1100.750000,P1,6,40,496.750000
LH,41,1101.000000,P1,6,41,496.812500
LH,40,1101.125000,P1,6,40,496.875000
LH,41,1101.250000,P1,6,41,496.937500
LH,40,1101.375000,P1,6,40,497.000000
LH,41,1101.625000,P1,6,41,497.062500
LH,40,1101.750000,P1,6,40,497.125000
LH,41,1101.875000,P1,6,41,497.312500
LH,55,1101.875000,P1,1,55,497.250000
LH,40,1102.000000,P1,6,40,497.250000
LH,41,1102.250000,P1,6,41,497.437500
LH,40,1102.333333,P1,6,40,497.500000
LH,52,1102.333333,P1,1,52,497.500000
LH,41,1102.500000,P1,6,41,497.562500
LH,40,1102.875000,P1,6,40,497.750000
LH,52,1103.500000,P1,1,52,498.000000
LH,55,1103.875000,P1,1,55,498.250000
LH,52,1104.375000,P1,1,52,498.500000
LH,36,1106.125000,P1,5,36,499.312500
LH,35,1106.250000,P1,5,35,499.375000
LH,33,1106.500000,P1,5,33,499.437500
LH,32,1106.625000,P1,5,32,499.500000
LH,53,1106.625000,P1,2,53,499.500000
LH,59,1106.625000,P1,1,59,499.500000
LH,55,1107.375000,P1,2,55,499.750000
LH,31,1108.000000,P1,5,31,500.000000
RH,62,1108.000000,P1,1,62,500.000000
LH,55,1108.500000,P1,2,55,500.250000
LH,53,1109.000000,P1,2,53,500.500000
RH,65,1109.000000,P1,1,65,500.500000
LH,55,1109.625000,P1,2,55,500.750000
LH,53,1110.125000,P1,2,53,501.000000
LH,55,1110.625000,P1,2,55,501.250000
RH,64,1111.125000,P1,1,64,501.500000
LH,53,1111.250000,P1,2,53,501.500000
LH,55,1111.666667,P1,2,55,501.750000
LH,53,1112.250000,P1,2,53,502.000000
RH,62,1112.250000,P1,1,62,502.000000
LH,55,1112.666667,P1,2,55,502.250000
LH,53,1113.250000,P1,2,53,502.500000
RH,60,1113.250000,P1,1,60,502.500000
LH,55,1113.750000,P1,2,55,502.750000
LH,53,1114.250000,P1,2,53,503.000000
LH,59,1114.250000,P1,1,59,503.000000
LH,55,1114.875000,P1,2,55,503.250000
LH,53,1115.333333,P1,2,53,503.500000
RH,62,1115.333333,P1,1,62,503.500000
LH,55,1115.875000,P1,2,55,503.750000
LH,36,1116.500000,P1,5,36,504.000000
LH,52,1116.500000,P1,1,52,504.000000
RH,60,1116.500000,P1,1,60,504.000000
LH,55,1117.125000,P1,1,55,504.250000
LH,43,1117.666667,P1,5,43,504.500000
LH,52,1117.875000,P1,1,52,504.500000
LH,55,1118.250000,P1,1,55,504.750000
LH,52,1118.750000,P1,1,52,505.000000
LH,38,1119.250000,P1,5,38,505.250000
LH,36,1119.375000,P1,5,36,505.312500
LH,35,1119.625000,P1,5,35,505.375000
LH,33,1119.750000,P1,5,33,505.437500
LH,32,1120.000000,P1,5,32,505.500000
LH,53,1120.000000,P1,2,53,505.500000
LH,59,1120.000000,P1,1,59,505.500000
LH,55,1120.625000,P1,2,55,505.750000
LH,31,1121.250000,P1,5,31,506.000000
RH,65,1121.250000,P1,1,65,506.000000
LH,55,1121.750000,P1,2,55,506.250000
LH,53,1122.333333,P1,2,53,506.500000
LH,55,1122.750000,P1,2,55,506.750000
LH,53,1123.333333,P1,2,53,507.000000
LH,55,1123.875000,P1,2,55,507.250000
LH,53,1124.375000,P1,2,53,507.500000
RH,62,1124.375000,P1,1,62,507.500000
LH,55,1124.875000,P1,2,55,507.750000
LH,53,1125.375000,P1,2,53,508.000000
LH,59,1125.375000,P1,1,59,508.000000
LH,55,1125.875000,P1,2,55,508.250000
LH,36,1126.500000,P1,5,36,508.500000
LH,52,1126.500000,P1,1,52,508.500000
RH,60,1126.500000,P1,1,60,508.500000
LH,55,1127.125000,P1,1,55,508.750000
LH,43,1127.666667,P1,5,43,509.000000
LH,52,1127.750000,P1,1,52,509.000000
LH,55,1128.250000,P1,1,55,509.250000
LH,38,1129.333333,P1,5,38,509.750000
LH,36,1129.500000,P1,5,36,509.812500
LH,35,1129.666667,P1,5,35,509.875000
LH,33,1129.750000,P1,5,33,509.937500
LH,32,1130.000000,P1,5,32,510.000000
LH,53,1130.000000,P1,2,53,510.000000
LH,59,1130.000000,P1,1,59,510.000000
LH,55,1130.666667,P1,2,55,510.250000
LH,53,1132.625000,P1,2,53,511.000000
LH,55,1133.000000,P1,2,55,511.250000
LH,53,1133.625000,P1,2,53,511.500000
LH,53,1135.625000,P1,2,53,512.000000
LH,36,1139.125000,P1,6,36,513.000000
RH,62,1139.125000,P1,1,62,513.000000
LH,44,1141.666667,P1,5,44,514.000000
LH,53,1142.250000,P1,2,53,514.250000
LH,45,1142.750000,P1,5,45,514.500000
LH,53,1143.333333,P1,2,53,514.750000
LH,44,1143.750000,P1,5,44,515.000000
LH,53,1144.333333,P1,2,53,515.250000
LH,45,1144.875000,P1,5,45,515.500000
LH,53,1145.333333,P1,2,53,515.750000
LH,46,1146.000000,P1,5,46,516.000000
LH,53,1146.500000,P1,2,53,516.250000
LH,45,1147.125000,P1,5,45,516.500000
RH,62,1147.125000,P1,1,62,516.500000
LH,53,1147.625000,P1,2,53,516.750000
LH,46,1148.125000,P1,5,46,517.000000
RH,62,1148.125000,P1,1,62,517.000000
LH,53,1148.750000,P1,2,53,517.250000
LH,36,1149.500000,P1,6,36,517.500000
LH,47,1149.500000,P1,5,47,517.500000
RH,62,1149.500000,P1,1,62,517.500000
LH,53,1150.125000,P1,2,53,517.750000
LH,43,1150.625000,P1,5,43,518.000000
LH,53,1151.125000,P1,2,53,518.250000
LH,48,1153.250000,P1,6,48,519.000000
LH,52,1153.250000,P1,2,52,519.000000
RH,60,1153.250000,P1,1,60,519.000000
LH,36,1160.250000,P1,6,36,522.000000
LH,47,1160.250000,P1,5,47,522.000000
RH,62,1160.250000,P1,1,62,522.000000
RH,65,1160.250000,P1,1,65,522.000000
LH,55,1160.875000,P1,2,55,522.250000
LH,43,1161.500000,P1,5,43,522.500000
LH,55,1162.000000,P1,2,55,522.750000
LH,45,1162.500000,P1,5,45,523.000000
LH,47,1163.000000,P1,5,47,523.250000
LH,55,1163.000000,P1,2,55,523.250000
LH,48,1163.750000,P1,5,48,523.500000
RH,60,1163.750000,P1,1,60,523.500000
RH,64,1163.750000,P1,1,64,523.500000
LH,36,1170.375000,P1,6,36,526.500000
LH,47,1170.375000,P1,5,47,526.500000
RH,65,1170.375000,P1,1,65,526.500000
RH,69,1170.375000,P1,1,69,526.500000
LH,55,1172.375000,P1,2,55,527.250000
LH,45,1172.875000,P1,5,45,527.500000
LH,47,1173.333333,P1,5,47,527.750000
LH,55,1173.333333,P1,2,55,527.750000
LH,48,1174.000000,P1,5,48,528.000000
RH,64,1174.000000,P1,1,64,528.000000
RH,67,1174.000000,P1,1,67,528.000000
LH,55,1174.500000,P1,2,55,528.250000
LH,55,1175.625000,P1,2,55,528.750000
LH,47,1176.125000,P1,5,47,529.000000
LH,48,1176.666667,P1,5,48,529.250000
LH,55,1176.666667,P1,2,55,529.250000
LH,50,1177.333333,P1,5,50,529.500000
RH,65,1177.333333,P1,1,65,529.500000
LH,36,1182.500000,P1,6,36,531.000000
LH,50,1182.500000,P1,5,50,531.000000
LH,55,1182.500000,P1,1,55,531.000000
LH,59,1182.500000,P1,1,59,531.000000
RH,65,1182.500000,P1,1,65,531.000000
LH,48,1187.625000,P1,5,48,532.500000
RH,64,1187.625000,P1,1,64,532.500000
RH,60,1187.666667,P1,1,60,532.500000
RH,66,1191.000000,P1,1,66,533.750000
RH,67,1191.500000,P1,1,67,534.000000
RH,67,1196.375000,P1,5,67,535.500000
RH,74,1196.375000,P1,5,74,535.500000
RH,77,1196.375000,P1,1,77,535.500000
RH,83,1196.375000,P1,1,83,535.500000
RH,72,1201.250000,P1,5,72,537.000000
