hand,pitch,onset_ql,reference_part,reference_voice,reference_pitch,reference_onset_ql
LH,51,2.000000,P1,5,51,0.000000
LH,53,2.000000,P1,5,53,0.000000
RH,60,2.000000,P1,2,60,0.000000
RH,63,2.000000,P1,2,63,0.000000
RH,65,3.000000,P1,1,65,0.750000
RH,65,3.250000,P1,1,65,1.000000
LH,44,5.750000,P1,5,44,3.000000
LH,51,5.750000,P1,5,51,3.000000
LH,53,5.750000,P1,5,53,3.000000
LH,56,5.750000,P1,5,56,3.000000
RH,63,5.750000,P1,2,63,3.000000
RH,72,5.750000,P1,1,72,3.000000
RH,60,5.875000,P1,2,60,3.000000
RH,65,6.625000,P1,1,65,3.750000
RH,65,7.000000,P1,1,65,4.000000
LH,32,9.750000,P1,5,32,6.000000
LH,39,9.750000,P1,5,39,6.000000
RH,60,9.750000,P1,1,60,6.000000
RH,63,9.750000,P1,1,63,6.000000
RH,65,9.750000,P1,1,65,6.000000
LH,32,11.000000,P1,5,32,7.000000
LH,39,11.000000,P1,5,39,7.000000
RH,60,11.000000,P1,1,60,7.000000
RH,63,11.000000,P1,1,63,7.000000
RH,65,11.000000,P1,1,65,7.000000
LH,32,12.000000,P1,5,32,8.000000
LH,39,12.000000,P1,5,39,8.000000
RH,60,12.000000,P1,1,60,8.000000
RH,63,12.000000,P1,1,63,8.000000
RH,65,12.000000,P1,1,65,8.000000
LH,39,13.125000,P1,5,39,9.000000
RH,63,13.125000,P1,1,63,9.000000
RH,66,13.125000,P1,1,66,9.000000
LH,33,13.250000,P1,5,33,9.000000
RH,60,13.250000,P1,1,60,9.000000
LH,51,16.666667,P1,5,51,12.000000
LH,54,16.666667,P1,5,54,12.000000
RH,60,16.666667,P1,1,60,12.000000
RH,63,16.666667,P1,1,63,12.000000
RH,66,16.666667,P1,1,66,12.000000
LH,45,16.750000,P1,5,45,12.000000
LH,45,17.875000,P1,5,45,13.000000
LH,51,17.875000,P1,5,51,13.000000
LH,54,17.875000,P1,5,54,13.000000
RH,60,17.875000,P1,1,60,13.000000
RH,63,17.875000,P1,1,63,13.000000
RH,66,17.875000,P1,1,66,13.000000
LH,45,19.250000,P1,5,45,14.000000
LH,51,19.250000,P1,5,51,14.000000
LH,54,19.250000,P1,5,54,14.000000
RH,60,19.250000,P1,1,60,14.000000
RH,63,19.250000,P1,1,63,14.000000
RH,66,19.250000,P1,1,66,14.000000
LH,46,21.333333,P1,5,46,15.000000
LH,51,21.333333,P1,5,51,15.000000
LH,55,21.333333,P1,5,55,15.000000
LH,58,21.333333,P1,1,58,15.000000
RH,63,21.333333,P1,1,63,15.000000
RH,67,21.333333,P1,1,67,15.000000
LH,34,27.375000,P1,5,34,18.000000
LH,46,27.375000,P1,5,46,18.000000
RH,62,27.375000,P1,2,62,18.000000
RH,67,27.375000,P1,1,67,18.000000
LH,56,27.500000,P1,2,56,18.000000
RH,65,27.750000,P1,1,65,18.500000
LH,46,28.125000,P1,5,46,19.000000
LH,56,28.125000,P1,2,56,19.000000
RH,65,28.125000,P1,1,65,19.000000
LH,34,28.250000,P1,5,34,19.000000
RH,67,28.333333,P1,1,67,19.250000
RH,65,28.500000,P1,1,65,19.500000
RH,64,28.666667,P1,1,64,19.750000
LH,34,28.875000,P1,5,34,20.000000
LH,46,28.875000,P1,5,46,20.000000
LH,56,28.875000,P1,2,56,20.000000
RH,65,28.875000,P1,1,65,20.000000
RH,67,29.250000,P1,1,67,20.500000
RH,63,29.625000,P1,1,63,21.000000
LH,39,29.750000,P1,5,39,21.000000
LH,51,29.750000,P1,5,51,21.000000
LH,55,29.750000,P1,1,55,21.000000
RH,65,29.875000,P1,1,65,21.250000
RH,63,30.000000,P1,1,63,21.500000
RH,62,30.250000,P1,1,62,21.750000
RH,63,30.500000,P1,1,63,22.000000
RH,65,30.750000,P1,1,65,22.333333
RH,67,31.000000,P1,1,67,22.666667
RH,68,31.250000,P1,1,68,23.000000
RH,70,31.500000,P1,1,70,23.333333
RH,72,31.750000,P1,1,72,23.666667
RH,74,32.000000,P1,1,74,24.000000
RH,75,32.250000,P1,1,75,24.333333
RH,77,32.500000,P1,1,77,24.666667
RH,78,32.666667,P1,1,78,25.000000
RH,79,33.000000,P1,1,79,25.333333
RH,80,33.125000,P1,1,80,25.666667
RH,81,33.375000,P1,1,81,26.000000
RH,82,33.666667,P1,1,82,26.333333
RH,84,34.333333,P1,1,84,27.000000
RH,68,34.500000,P1,5,68,27.000000
RH,72,34.500000,P1,5,72,27.000000
RH,75,34.500000,P1,5,75,27.000000
RH,77,35.125000,P1,1,77,27.750000
RH,77,35.333333,P1,1,77,28.000000
LH,56,37.250000,P1,5,56,30.000000
RH,60,37.250000,P1,5,60,30.000000
RH,63,37.250000,P1,5,63,30.000000
RH,65,37.875000,P1,1,65,30.750000
RH,65,38.125000,P1,1,65,31.000000
LH,32,40.125000,P1,5,32,33.000000
LH,44,40.125000,P1,5,44,33.000000
LH,48,40.125000,P1,1,48,33.000000
LH,51,40.125000,P1,1,51,33.000000
LH,53,40.125000,P1,1,53,33.000000
LH,32,41.250000,P1,5,32,34.000000
LH,44,41.250000,P1,5,44,34.000000
LH,48,41.250000,P1,1,48,34.000000
LH,51,41.250000,P1,1,51,34.000000
LH,53,41.250000,P1,1,53,34.000000
LH,32,42.333333,P1,5,32,35.000000
LH,44,42.333333,P1,5,44,35.000000
LH,53,42.333333,P1,1,53,35.000000
LH,48,42.375000,P1,1,48,35.000000
LH,51,42.375000,P1,1,51,35.000000
LH,33,43.625000,P1,5,33,36.000000
LH,45,43.625000,P1,5,45,36.000000
LH,51,43.625000,P1,1,51,36.000000
LH,54,43.625000,P1,1,54,36.000000
LH,48,43.750000,P1,1,48,36.000000
RH,75,47.500000,P1,1,75,39.000000
RH,78,47.500000,P1,1,78,39.000000
RH,69,47.625000,P1,5,69,39.000000
RH,72,47.625000,P1,1,72,39.000000
RH,69,48.875000,P1,5,69,40.000000
RH,72,48.875000,P1,1,72,40.000000
RH,75,48.875000,P1,1,75,40.000000
RH,78,48.875000,P1,1,78,40.000000
RH,69,50.333333,P1,5,69,41.000000
RH,72,50.333333,P1,1,72,41.000000
RH,75,50.333333,P1,1,75,41.000000
RH,78,50.333333,P1,1,78,41.000000
RH,70,52.625000,P1,5,70,42.000000
RH,75,52.625000,P1,1,75,42.000000
RH,79,52.625000,P1,1,79,42.000000
LH,34,59.875000,P1,5,34,45.000000
LH,46,59.875000,P1,5,46,45.000000
LH,56,59.875000,P1,2,56,45.000000
RH,67,59.875000,P1,1,67,45.000000
RH,62,60.000000,P1,2,62,45.000000
RH,65,60.250000,P1,1,65,45.500000
LH,34,60.666667,P1,5,34,46.000000
LH,46,60.666667,P1,5,46,46.000000
LH,56,60.666667,P1,2,56,46.000000
RH,65,60.666667,P1,1,65,46.000000
RH,67,60.875000,P1,1,67,46.250000
RH,65,61.000000,P1,1,65,46.500000
RH,64,61.250000,P1,1,64,46.750000
LH,34,61.375000,P1,5,34,47.000000
LH,46,61.375000,P1,5,46,47.000000
LH,56,61.375000,P1,2,56,47.000000
RH,65,61.500000,P1,1,65,47.000000
RH,67,61.875000,P1,1,67,47.500000
LH,39,62.333333,P1,5,39,48.000000
LH,51,62.333333,P1,5,51,48.000000
LH,55,62.333333,P1,1,55,48.000000
RH,63,62.333333,P1,1,63,48.000000
LH,51,62.666667,P1,5,51,48.500000
LH,51,63.125000,P1,5,51,49.000000
LH,51,63.500000,P1,5,51,49.500000
LH,51,63.875000,P1,5,51,50.000000
LH,51,64.250000,P1,5,51,50.500000
RH,60,64.750000,P1,7,60,51.000000
RH,63,64.750000,P1,7,63,51.000000
LH,51,65.125000,P1,5,51,51.500000
RH,80,65.333333,P1,1,80,51.750000
LH,51,65.500000,P1,5,51,52.000000
RH,80,65.500000,P1,1,80,52.000000
LH,51,66.000000,P1,5,51,52.500000
LH,51,66.375000,P1,5,51,53.000000
LH,51,66.750000,P1,5,51,53.500000
LH,58,67.250000,P1,7,58,54.000000
RH,62,67.250000,P1,7,62,54.000000
LH,51,67.625000,P1,5,51,54.500000
RH,67,67.750000,P1,1,67,54.750000
LH,51,68.000000,P1,5,51,55.000000
RH,67,68.000000,P1,1,67,55.000000
LH,51,68.375000,P1,5,51,55.500000
LH,51,68.750000,P1,5,51,56.000000
LH,51,69.125000,P1,5,51,56.500000
LH,51,69.625000,P1,5,51,57.000000
LH,56,69.625000,P1,7,56,57.000000
RH,60,69.625000,P1,7,60,57.000000
RH,75,69.625000,P1,1,75,57.000000
RH,65,69.750000,P1,1,65,57.250000
LH,51,70.000000,P1,5,51,57.500000
LH,51,70.375000,P1,5,51,58.000000
LH,56,70.375000,P1,7,56,58.000000
RH,60,70.375000,P1,7,60,58.000000
RH,75,70.375000,P1,1,75,58.000000
RH,65,70.625000,P1,1,65,58.250000
LH,51,70.750000,P1,5,51,58.500000
LH,51,71.125000,P1,5,51,59.000000
LH,56,71.125000,P1,7,56,59.000000
RH,74,71.125000,P1,1,74,59.000000
LH,59,71.250000,P1,7,59,59.000000
RH,65,71.333333,P1,1,65,59.250000
LH,51,71.500000,P1,5,51,59.500000
LH,51,72.000000,P1,5,51,60.000000
LH,55,72.000000,P1,7,55,60.000000
LH,58,72.000000,P1,7,58,60.000000
RH,75,72.000000,P1,1,75,60.000000
RH,63,72.125000,P1,1,63,60.250000
LH,51,72.375000,P1,5,51,60.500000
LH,51,72.750000,P1,5,51,61.000000
LH,51,73.125000,P1,5,51,61.500000
LH,51,73.500000,P1,5,51,62.000000
LH,51,73.875000,P1,5,51,62.500000
RH,60,74.375000,P1,7,60,63.000000
RH,63,74.375000,P1,7,63,63.000000
RH,87,74.375000,P1,1,87,63.000000
RH,89,74.500000,P1,2,89,63.200000
RH,87,74.666667,P1,2,87,63.400000
LH,51,74.750000,P1,5,51,63.500000
RH,86,74.875000,P1,2,86,63.600000
RH,87,75.000000,P1,2,87,63.800000
LH,51,75.250000,P1,5,51,64.000000
RH,80,75.250000,P1,1,80,64.000000
LH,51,75.750000,P1,5,51,64.500000
LH,51,76.125000,P1,5,51,65.000000
LH,51,76.500000,P1,5,51,65.500000
LH,58,76.875000,P1,7,58,66.000000
RH,62,76.875000,P1,7,62,66.000000
RH,75,76.875000,P1,1,75,66.000000
RH,77,77.000000,P1,2,77,66.200000
LH,51,77.250000,P1,5,51,66.500000
RH,75,77.250000,P1,2,75,66.400000
RH,74,77.375000,P1,2,74,66.600000
RH,75,77.500000,P1,2,75,66.800000
LH,51,77.666667,P1,5,51,67.000000
RH,67,77.666667,P1,1,67,67.000000
LH,51,78.125000,P1,5,51,67.500000
LH,51,78.500000,P1,5,51,68.000000
LH,51,78.875000,P1,5,51,68.500000
LH,56,79.333333,P1,7,56,69.000000
RH,75,79.333333,P1,1,75,69.000000
LH,51,79.375000,P1,5,51,69.000000
RH,60,79.375000,P1,7,60,69.000000
RH,65,79.500000,P1,1,65,69.250000
LH,51,79.750000,P1,5,51,69.500000
LH,51,80.125000,P1,5,51,70.000000
LH,56,80.125000,P1,7,56,70.000000
RH,60,80.125000,P1,7,60,70.000000
RH,75,80.125000,P1,1,75,70.000000
RH,65,80.250000,P1,1,65,70.250000
LH,51,80.500000,P1,5,51,70.500000
LH,51,80.875000,P1,5,51,71.000000
LH,56,80.875000,P1,7,56,71.000000
LH,59,80.875000,P1,7,59,71.000000
RH,74,80.875000,P1,1,74,71.000000
RH,65,81.125000,P1,1,65,71.250000
LH,51,81.333333,P1,5,51,71.500000
LH,51,81.750000,P1,6,51,72.000000
LH,55,81.750000,P1,5,55,72.000000
LH,58,81.750000,P1,5,58,72.000000
RH,63,81.750000,P1,1,63,72.000000
RH,65,82.000000,P1,1,65,72.250000
RH,63,82.250000,P1,1,63,72.500000
RH,62,82.375000,P1,1,62,72.750000
RH,63,82.500000,P1,1,63,73.000000
RH,65,82.750000,P1,1,65,73.250000
RH,67,82.875000,P1,1,67,73.500000
RH,68,83.125000,P1,1,68,73.750000
RH,70,83.250000,P1,1,70,74.000000
LH,55,83.666667,P1,5,55,74.500000
RH,67,83.666667,P1,1,67,74.500000
LH,53,84.000000,P1,5,53,75.000000
RH,65,84.000000,P1,1,65,75.000000
LH,56,84.375000,P1,5,56,75.500000
RH,68,84.375000,P1,1,68,75.500000
LH,50,84.750000,P1,5,50,76.000000
RH,62,84.750000,P1,1,62,76.000000
LH,53,85.250000,P1,5,53,76.500000
RH,65,85.250000,P1,1,65,76.500000
LH,46,85.625000,P1,5,46,77.000000
LH,58,85.625000,P1,1,58,77.000000
LH,50,85.875000,P1,5,50,77.500000
RH,62,85.875000,P1,1,62,77.500000
LH,51,86.333333,P1,5,51,78.000000
RH,63,86.333333,P1,1,63,78.000000
RH,65,86.500000,P1,1,65,78.250000
RH,63,86.750000,P1,1,63,78.500000
RH,62,86.875000,P1,1,62,78.750000
RH,63,87.125000,P1,1,63,79.000000
RH,65,87.250000,P1,1,65,79.250000
RH,67,87.500000,P1,1,67,79.500000
RH,68,87.666667,P1,1,68,79.750000
RH,60,87.875000,P1,5,60,80.000000
RH,72,87.875000,P1,1,72,80.000000
LH,58,88.000000,P1,5,58,80.250000
RH,70,88.000000,P1,1,70,80.250000
LH,56,88.250000,P1,5,56,80.500000
RH,68,88.250000,P1,1,68,80.500000
RH,67,88.375000,P1,1,67,80.750000
LH,55,88.500000,P1,5,55,80.750000
LH,53,88.625000,P1,5,53,81.000000
RH,65,88.625000,P1,1,65,81.000000
LH,56,89.000000,P1,5,56,81.500000
RH,68,89.000000,P1,1,68,81.500000
RH,62,89.375000,P1,1,62,82.000000
LH,53,89.750000,P1,5,53,82.500000
RH,65,89.750000,P1,1,65,82.500000
LH,46,90.125000,P1,5,46,83.000000
LH,58,90.125000,P1,1,58,83.000000
LH,50,90.500000,P1,5,50,83.500000
RH,62,90.500000,P1,1,62,83.500000
LH,51,91.000000,P1,5,51,84.000000
RH,63,91.000000,P1,1,63,84.000000
LH,55,91.333333,P1,5,55,84.500000
RH,67,91.333333,P1,1,67,84.500000
LH,48,91.666667,P1,5,48,85.000000
RH,60,91.666667,P1,1,60,85.000000
LH,51,92.000000,P1,5,51,85.500000
RH,63,92.000000,P1,1,63,85.500000
LH,45,92.500000,P1,5,45,86.000000
LH,57,92.500000,P1,1,57,86.000000
LH,48,92.750000,P1,5,48,86.500000
RH,60,92.750000,P1,1,60,86.500000
LH,41,93.250000,P1,5,41,87.000000
LH,53,93.250000,P1,1,53,87.000000
LH,45,93.625000,P1,5,45,87.500000
LH,57,93.625000,P1,1,57,87.500000
LH,48,94.000000,P1,5,48,88.000000
RH,60,94.000000,P1,1,60,88.000000
LH,52,94.375000,P1,5,52,88.500000
RH,64,94.375000,P1,1,64,88.500000
LH,53,94.750000,P1,5,53,89.000000
RH,65,94.750000,P1,1,65,89.000000
LH,45,95.125000,P1,5,45,89.500000
LH,57,95.125000,P1,1,57,89.500000
LH,46,95.500000,P1,5,46,90.000000
LH,58,95.500000,P1,1,58,90.000000
LH,50,95.875000,P1,5,50,90.500000
RH,62,95.875000,P1,1,62,90.500000
LH,53,96.250000,P1,5,53,91.000000
RH,65,96.250000,P1,1,65,91.000000
LH,57,96.750000,P1,5,57,91.500000
RH,69,96.750000,P1,1,69,91.500000
LH,58,97.125000,P1,5,58,92.000000
RH,70,97.125000,P1,1,70,92.000000
LH,57,97.500000,P1,5,57,92.500000
RH,69,97.500000,P1,1,69,92.500000
LH,58,97.875000,P1,5,58,93.000000
RH,70,97.875000,P1,1,70,93.000000
LH,57,98.250000,P1,5,57,93.500000
RH,69,98.250000,P1,1,69,93.500000
LH,58,98.666667,P1,5,58,94.000000
RH,70,98.666667,P1,1,70,94.000000
LH,57,99.125000,P1,5,57,94.500000
RH,69,99.125000,P1,1,69,94.500000
LH,58,99.500000,P1,5,58,95.000000
RH,70,99.500000,P1,1,70,95.000000
RH,70,100.000000,P1,1,70,95.500000
LH,44,100.750000,P1,5,44,96.000000
LH,51,100.750000,P1,5,51,96.000000
LH,53,100.750000,P1,5,53,96.000000
LH,56,100.750000,P1,5,56,96.000000
LH,59,100.750000,P1,2,59,96.000000
RH,63,100.750000,P1,2,63,96.000000
RH,71,100.750000,P1,1,71,96.000000
RH,65,101.625000,P1,1,65,96.750000
RH,65,101.875000,P1,1,65,97.000000
LH,44,103.875000,P1,5,44,99.000000
LH,51,103.875000,P1,5,51,99.000000
LH,53,103.875000,P1,5,53,99.000000
LH,56,103.875000,P1,5,56,99.000000
RH,63,103.875000,P1,2,63,99.000000
RH,71,103.875000,P1,1,71,99.000000
LH,59,104.000000,P1,2,59,99.000000
RH,65,104.625000,P1,1,65,99.750000
RH,65,104.875000,P1,1,65,100.000000
LH,56,107.000000,P1,5,56,102.000000
LH,59,107.000000,P1,5,59,102.000000
RH,63,107.000000,P1,2,63,102.000000
RH,65,107.000000,P1,1,65,102.000000
LH,56,107.875000,P1,5,56,103.000000
LH,59,107.875000,P1,5,59,103.000000
RH,63,107.875000,P1,2,63,103.000000
RH,65,107.875000,P1,1,65,103.000000
RH,66,108.750000,P1,1,66,104.000000
LH,54,108.875000,P1,5,54,104.000000
LH,59,108.875000,P1,5,59,104.000000
RH,63,108.875000,P1,2,63,104.000000
LH,53,109.875000,P1,5,53,105.000000
LH,59,109.875000,P1,5,59,105.000000
RH,63,109.875000,P1,2,63,105.000000
RH,68,109.875000,P1,1,68,105.000000
RH,62,111.666667,P1,2,62,107.000000
RH,68,112.666667,P1,5,68,108.000000
RH,71,112.666667,P1,5,71,108.000000
RH,75,112.666667,P1,2,75,108.000000
RH,77,112.666667,P1,1,77,108.000000
RH,68,113.500000,P1,5,68,109.000000
RH,77,113.500000,P1,1,77,109.000000
RH,71,113.625000,P1,5,71,109.000000
RH,75,113.625000,P1,2,75,109.000000
RH,66,114.500000,P1,5,66,110.000000
RH,71,114.500000,P1,5,71,110.000000
RH,75,114.500000,P1,2,75,110.000000
RH,78,114.500000,P1,1,78,110.000000
RH,65,115.500000,P1,5,65,111.000000
RH,75,115.500000,P1,2,75,111.000000
RH,80,115.500000,P1,1,80,111.000000
RH,71,115.625000,P1,5,71,111.000000
RH,74,117.375000,P1,2,74,113.000000
LH,58,118.375000,P1,5,58,114.000000
RH,61,118.375000,P1,5,61,114.000000
RH,65,118.375000,P1,2,65,114.000000
RH,67,118.375000,P1,1,67,114.000000
LH,58,119.250000,P1,5,58,115.000000
RH,61,119.250000,P1,5,61,115.000000
RH,65,119.250000,P1,2,65,115.000000
RH,67,119.250000,P1,1,67,115.000000
LH,56,120.125000,P1,5,56,116.000000
RH,61,120.125000,P1,5,61,116.000000
RH,65,120.125000,P1,2,65,116.000000
RH,68,120.125000,P1,1,68,116.000000
RH,61,121.000000,P1,5,61,117.000000
RH,70,121.000000,P1,1,70,117.000000
LH,55,121.125000,P1,5,55,117.000000
RH,65,121.125000,P1,2,65,117.000000
RH,64,122.875000,P1,2,64,119.000000
RH,70,123.875000,P1,5,70,120.000000
RH,73,123.875000,P1,5,73,120.000000
RH,77,123.875000,P1,2,77,120.000000
RH,79,123.875000,P1,1,79,120.000000
RH,70,124.750000,P1,5,70,121.000000
RH,73,124.750000,P1,5,73,121.000000
RH,79,124.750000,P1,1,79,121.000000
RH,68,125.666667,P1,5,68,122.000000
RH,73,125.666667,P1,5,73,122.000000
RH,80,125.666667,P1,1,80,122.000000
RH,77,125.750000,P1,2,77,122.000000
RH,73,126.666667,P1,5,73,123.000000
RH,82,126.666667,P1,1,82,123.000000
RH,67,126.750000,P1,5,67,123.000000
RH,77,126.750000,P1,2,77,123.000000
RH,76,128.666667,P1,2,76,125.000000
RH,85,129.500000,P1,1,85,126.000000
RH,66,130.500000,P1,6,66,127.000000
RH,70,130.500000,P1,5,70,127.000000
RH,76,130.500000,P1,1,76,127.000000
RH,89,132.250000,P1,1,89,129.000000
RH,65,133.125000,P1,6,65,130.000000
RH,69,133.125000,P1,5,69,130.000000
RH,77,133.125000,P1,1,77,130.000000
LH,53,134.000000,P1,5,53,131.000000
LH,41,134.750000,P1,5,41,132.000000
LH,29,135.750000,P1,5,29,133.000000
RH,77,137.000000,P1,1,77,134.500000
LH,50,137.375000,P1,5,50,135.000000
RH,82,137.375000,P1,1,82,135.000000
LH,58,137.666667,P1,5,58,135.250000
LH,53,137.875000,P1,5,53,135.500000
LH,58,138.000000,P1,5,58,135.750000
LH,50,138.250000,P1,5,50,136.000000
LH,58,138.375000,P1,5,58,136.250000
LH,53,138.666667,P1,5,53,136.500000
RH,81,138.750000,P1,1,81,136.500000
LH,58,138.875000,P1,5,58,136.750000
RH,82,138.875000,P1,1,82,136.750000
LH,50,139.000000,P1,5,50,137.000000
RH,84,139.000000,P1,1,84,137.000000
LH,58,139.250000,P1,5,58,137.250000
LH,53,139.500000,P1,5,53,137.500000
RH,82,139.500000,P1,1,82,137.500000
LH,58,139.666667,P1,5,58,137.750000
LH,50,139.875000,P1,5,50,138.000000
RH,77,139.875000,P1,1,77,138.000000
LH,58,140.125000,P1,5,58,138.250000
LH,53,140.250000,P1,5,53,138.500000
LH,58,140.500000,P1,5,58,138.750000
LH,50,140.750000,P1,5,50,139.000000
LH,58,140.875000,P1,5,58,139.250000
LH,53,141.125000,P1,5,53,139.500000
RH,79,141.125000,P1,1,79,139.500000
LH,58,141.333333,P1,5,58,139.750000
RH,77,141.333333,P1,1,77,139.750000
LH,50,141.500000,P1,5,50,140.000000
RH,75,141.500000,P1,1,75,140.000000
LH,58,141.750000,P1,5,58,140.250000
LH,53,141.875000,P1,5,53,140.500000
RH,74,141.875000,P1,1,74,140.500000
LH,58,142.125000,P1,5,58,140.750000
RH,78,142.333333,P1,1,78,141.000000
LH,51,142.375000,P1,5,51,141.000000
LH,58,142.500000,P1,5,58,141.250000
RH,79,142.500000,P1,1,79,141.250000
LH,55,142.750000,P1,5,55,141.500000
LH,58,143.000000,P1,5,58,141.750000
RH,78,143.125000,P1,1,78,142.000000
LH,51,143.250000,P1,5,51,142.000000
RH,79,143.333333,P1,1,79,142.250000
LH,58,143.375000,P1,5,58,142.250000
LH,55,143.500000,P1,5,55,142.500000
LH,58,143.750000,P1,5,58,142.750000
LH,51,144.000000,P1,5,51,143.000000
RH,74,144.000000,P1,1,74,143.000000
LH,59,144.125000,P1,5,59,143.250000
RH,75,144.125000,P1,1,75,143.250000
LH,55,144.375000,P1,5,55,143.500000
LH,59,144.625000,P1,5,59,143.750000
LH,51,144.875000,P1,5,51,144.000000
RH,71,144.875000,P1,1,71,144.000000
RH,60,145.000000,P1,5,60,144.250000
RH,72,145.000000,P1,1,72,144.250000
LH,55,145.250000,P1,5,55,144.500000
RH,60,145.500000,P1,5,60,144.750000
LH,51,145.666667,P1,5,51,145.000000
RH,60,145.875000,P1,5,60,145.250000
LH,55,146.000000,P1,5,55,145.500000
RH,60,146.250000,P1,5,60,145.750000
LH,52,146.500000,P1,5,52,146.000000
RH,60,146.666667,P1,5,60,146.250000
LH,58,146.875000,P1,5,58,146.500000
RH,84,146.875000,P1,1,84,146.500000
RH,60,147.125000,P1,5,60,146.750000
LH,53,147.333333,P1,5,53,147.000000
RH,87,147.333333,P1,1,87,147.000000
RH,60,147.500000,P1,5,60,147.250000
LH,57,147.750000,P1,5,57,147.500000
RH,60,147.875000,P1,5,60,147.750000
LH,53,148.125000,P1,5,53,148.000000
RH,60,148.333333,P1,5,60,148.250000
LH,57,148.500000,P1,5,57,148.500000
RH,89,148.625000,P1,1,89,148.500000
RH,60,148.750000,P1,5,60,148.750000
RH,87,148.875000,P1,1,87,148.750000
LH,53,149.000000,P1,5,53,149.000000
RH,60,149.125000,P1,5,60,149.250000
RH,86,149.125000,P1,1,86,149.000000
LH,57,149.375000,P1,5,57,149.500000
RH,84,149.500000,P1,1,84,149.500000
RH,60,149.625000,P1,5,60,149.750000
LH,53,149.875000,P1,5,53,150.000000
RH,82,149.875000,P1,1,82,150.000000
RH,63,150.125000,P1,5,63,150.250000
RH,60,150.250000,P1,5,60,150.500000
RH,81,150.250000,P1,1,81,150.500000
RH,63,150.500000,P1,5,63,150.750000
LH,53,150.666667,P1,5,53,151.000000
RH,79,150.666667,P1,1,79,151.000000
RH,63,150.875000,P1,5,63,151.250000
RH,77,151.125000,P1,1,77,151.500000
RH,63,151.333333,P1,5,63,151.750000
LH,54,151.500000,P1,5,54,152.000000
RH,75,151.500000,P1,1,75,152.000000
RH,63,151.750000,P1,5,63,152.250000
RH,63,152.125000,P1,5,63,152.750000
LH,55,152.333333,P1,5,55,153.000000
RH,70,152.333333,P1,1,70,153.000000
RH,62,152.500000,P1,5,62,153.250000
LH,58,152.750000,P1,5,58,153.500000
RH,74,152.750000,P1,1,74,153.500000
RH,62,152.875000,P1,5,62,153.750000
LH,51,153.125000,P1,5,51,154.000000
RH,67,153.125000,P1,1,67,154.000000
RH,60,153.375000,P1,5,60,154.250000
LH,55,153.500000,P1,5,55,154.500000
RH,75,153.500000,P1,1,75,154.500000
RH,60,153.750000,P1,5,60,154.750000
LH,53,154.000000,P1,5,53,155.000000
RH,69,154.000000,P1,1,69,155.000000
RH,60,154.333333,P1,5,60,155.250000
RH,72,154.333333,P1,1,72,155.500000
RH,63,154.625000,P1,5,63,155.750000
LH,46,154.875000,P1,5,46,156.000000
LH,58,154.875000,P1,5,58,156.000000
RH,70,154.875000,P1,1,70,156.000000
RH,62,155.125000,P1,1,62,156.250000
RH,65,155.333333,P1,1,65,156.500000
RH,63,155.500000,P1,1,63,156.750000
RH,62,155.750000,P1,1,62,157.000000
RH,63,155.875000,P1,1,63,157.200000
RH,65,156.000000,P1,1,65,157.400000
RH,67,156.250000,P1,1,67,157.600000
RH,69,156.500000,P1,1,69,157.800000
RH,70,156.666667,P1,1,70,158.000000
RH,69,156.875000,P1,1,69,158.083333
RH,72,157.000000,P1,1,72,158.166667
RH,70,157.250000,P1,1,70,158.250000
RH,74,157.375000,P1,1,74,158.333333
RH,72,157.500000,P1,1,72,158.416667
RH,70,157.750000,P1,1,70,158.500000
RH,69,157.875000,P1,1,69,158.583333
RH,67,158.125000,P1,1,67,158.666667
RH,65,158.333333,P1,1,65,158.750000
RH,67,158.500000,P1,1,67,158.833333
RH,63,158.666667,P1,1,63,158.916667
RH,62,159.000000,P1,1,62,159.000000
RH,65,159.250000,P1,1,65,159.250000
RH,63,159.375000,P1,1,63,159.500000
RH,62,159.625000,P1,1,62,159.750000
RH,63,159.750000,P1,1,63,160.000000
RH,65,160.000000,P1,1,65,160.250000
RH,67,160.250000,P1,1,67,160.500000
RH,69,160.375000,P1,1,69,160.750000
RH,70,160.625000,P1,1,70,161.000000
RH,69,160.750000,P1,1,69,161.250000
RH,67,161.000000,P1,1,67,161.500000
RH,65,161.125000,P1,1,65,161.750000
RH,67,161.375000,P1,1,67,162.000000
RH,69,161.500000,P1,1,69,162.250000
RH,70,161.750000,P1,1,70,162.500000
RH,72,162.000000,P1,1,72,162.750000
RH,74,162.125000,P1,1,74,163.000000
RH,72,162.333333,P1,1,72,163.250000
RH,70,162.500000,P1,1,70,163.500000
RH,69,162.666667,P1,1,69,163.750000
RH,70,162.875000,P1,1,70,164.000000
RH,72,163.125000,P1,1,72,164.250000
RH,74,163.250000,P1,1,74,164.500000
RH,75,163.500000,P1,1,75,164.750000
RH,79,163.666667,P1,1,79,165.000000
RH,77,163.875000,P1,1,77,165.250000
RH,75,164.125000,P1,1,75,165.500000
RH,74,164.333333,P1,1,74,165.750000
RH,77,164.625000,P1,1,77,166.000000
RH,75,164.875000,P1,1,75,166.333333
RH,74,165.125000,P1,1,74,166.666667
RH,75,165.333333,P1,1,75,167.000000
RH,77,165.500000,P1,1,77,167.250000
RH,79,165.750000,P1,1,79,167.500000
RH,81,166.000000,P1,1,81,167.750000
LH,50,166.250000,P1,5,50,168.000000
RH,82,166.250000,P1,1,82,168.000000
LH,58,166.375000,P1,5,58,168.250000
LH,53,166.666667,P1,5,53,168.500000
LH,58,166.875000,P1,5,58,168.750000
LH,50,167.125000,P1,5,50,169.000000
LH,58,167.250000,P1,5,58,169.250000
LH,53,167.500000,P1,5,53,169.500000
RH,81,167.500000,P1,1,81,169.500000
LH,58,167.666667,P1,5,58,169.750000
RH,82,167.666667,P1,1,82,169.750000
LH,50,167.875000,P1,5,50,170.000000
RH,81,167.875000,P1,1,81,170.000000
RH,82,168.000000,P1,1,82,170.250000
LH,58,168.125000,P1,5,58,170.250000
RH,84,168.250000,P1,1,84,170.500000
LH,53,168.333333,P1,5,53,170.500000
LH,58,168.500000,P1,5,58,170.750000
RH,82,168.500000,P1,1,82,170.750000
LH,50,168.666667,P1,5,50,171.000000
RH,77,168.666667,P1,1,77,171.000000
LH,58,169.000000,P1,5,58,171.250000
LH,53,169.125000,P1,5,53,171.500000
LH,58,169.375000,P1,5,58,171.750000
LH,50,169.625000,P1,5,50,172.000000
LH,58,169.750000,P1,5,58,172.250000
LH,53,170.000000,P1,5,53,172.500000
RH,76,170.000000,P1,1,76,172.500000
LH,58,170.125000,P1,5,58,172.750000
RH,77,170.125000,P1,1,77,172.750000
LH,50,170.375000,P1,5,50,173.000000
RH,79,170.375000,P1,1,79,173.000000
LH,58,170.500000,P1,5,58,173.250000
RH,77,170.500000,P1,1,77,173.250000
LH,53,170.750000,P1,5,53,173.500000
RH,75,170.750000,P1,1,75,173.500000
LH,58,171.000000,P1,5,58,173.750000
RH,74,171.000000,P1,1,74,173.750000
LH,51,171.125000,P1,5,51,174.000000
RH,78,171.125000,P1,1,78,174.000000
LH,58,171.375000,P1,5,58,174.250000
RH,79,171.375000,P1,1,79,174.250000
LH,55,171.500000,P1,5,55,174.500000
RH,78,171.500000,P1,1,78,174.500000
LH,58,171.750000,P1,5,58,174.750000
RH,79,171.750000,P1,1,79,174.750000
LH,51,172.000000,P1,5,51,175.000000
RH,78,172.000000,P1,1,78,175.000000
LH,58,172.125000,P1,5,58,175.250000
RH,79,172.125000,P1,1,79,175.250000
LH,55,172.375000,P1,5,55,175.500000
RH,78,172.375000,P1,1,78,175.500000
LH,58,172.500000,P1,5,58,175.750000
RH,79,172.500000,P1,1,79,175.750000
LH,51,172.750000,P1,5,51,176.000000
RH,74,172.750000,P1,1,74,176.000000
LH,59,173.000000,P1,5,59,176.250000
RH,75,173.000000,P1,1,75,176.250000
LH,55,173.125000,P1,5,55,176.500000
RH,74,173.125000,P1,1,74,176.500000
LH,59,173.375000,P1,5,59,176.750000
RH,75,173.375000,P1,1,75,176.750000
LH,51,173.625000,P1,5,51,177.000000
RH,71,173.625000,P1,1,71,177.000000
RH,60,173.750000,P1,5,60,177.250000
RH,72,173.750000,P1,1,72,177.250000
LH,55,174.000000,P1,5,55,177.500000
RH,71,174.000000,P1,1,71,177.500000
RH,60,174.250000,P1,5,60,177.750000
RH,72,174.250000,P1,1,72,177.750000
LH,51,174.375000,P1,5,51,178.000000
RH,60,174.625000,P1,5,60,178.250000
LH,55,174.750000,P1,5,55,178.500000
RH,60,175.000000,P1,5,60,178.750000
LH,52,175.250000,P1,5,52,179.000000
RH,60,175.500000,P1,5,60,179.250000
LH,58,175.625000,P1,5,58,179.500000
RH,84,175.625000,P1,1,84,179.500000
RH,60,175.750000,P1,5,60,179.750000
LH,53,176.000000,P1,5,53,180.000000
RH,87,176.000000,P1,1,87,180.000000
RH,60,176.250000,P1,5,60,180.250000
LH,57,176.500000,P1,5,57,180.500000
RH,60,176.666667,P1,5,60,180.750000
LH,53,176.875000,P1,5,53,181.000000
RH,60,177.125000,P1,5,60,181.250000
LH,57,177.333333,P1,5,57,181.500000
RH,86,177.375000,P1,1,86,181.500000
RH,60,177.500000,P1,5,60,181.750000
RH,87,177.625000,P1,1,87,181.750000
LH,53,177.750000,P1,5,53,182.000000
RH,89,177.750000,P1,1,89,182.000000
RH,60,177.875000,P1,5,60,182.250000
RH,87,177.875000,P1,1,87,182.250000
LH,57,178.125000,P1,5,57,182.500000
RH,86,178.125000,P1,1,86,182.500000
RH,60,178.333333,P1,5,60,182.750000
RH,84,178.333333,P1,1,84,182.750000
LH,53,178.500000,P1,5,53,183.000000
RH,82,178.500000,P1,1,82,183.000000
RH,63,178.750000,P1,5,63,183.250000
RH,81,178.750000,P1,1,81,183.250000
RH,60,179.000000,P1,5,60,183.500000
RH,86,179.000000,P1,1,86,183.500000
RH,63,179.125000,P1,5,63,183.750000
RH,84,179.125000,P1,1,84,183.750000
LH,53,179.375000,P1,5,53,184.000000
RH,82,179.375000,P1,1,82,184.000000
RH,63,179.500000,P1,5,63,184.250000
RH,81,179.500000,P1,1,81,184.250000
RH,79,179.750000,P1,1,79,184.500000
RH,63,180.000000,P1,5,63,184.750000
RH,77,180.000000,P1,1,77,184.750000
LH,54,180.125000,P1,5,54,185.000000
RH,75,180.125000,P1,1,75,185.000000
RH,63,180.375000,P1,5,63,185.250000
RH,74,180.375000,P1,1,74,185.250000
RH,60,180.500000,P1,5,60,185.500000
RH,75,180.500000,P1,1,75,185.500000
RH,63,180.750000,P1,5,63,185.750000
RH,72,180.750000,P1,1,72,185.750000
LH,55,181.000000,P1,5,55,186.000000
RH,62,181.250000,P1,5,62,186.250000
RH,70,181.250000,P1,1,70,186.250000
LH,58,181.375000,P1,5,58,186.500000
RH,74,181.500000,P1,1,74,186.500000
RH,62,181.625000,P1,5,62,186.750000
LH,51,181.875000,P1,5,51,187.000000
RH,60,182.000000,P1,5,60,187.250000
RH,67,182.000000,P1,1,67,187.250000
LH,55,182.125000,P1,5,55,187.500000
RH,75,182.125000,P1,1,75,187.500000
RH,60,182.375000,P1,5,60,187.750000
LH,53,182.625000,P1,5,53,188.000000
RH,69,182.750000,P1,1,69,188.250000
RH,60,182.875000,P1,5,60,188.250000
RH,72,183.000000,P1,1,72,188.500000
RH,63,183.125000,P1,5,63,188.750000
LH,46,183.375000,P1,5,46,189.000000
RH,70,183.375000,P1,1,70,189.000000
LH,50,183.625000,P1,5,50,189.250000
LH,51,183.750000,P1,5,51,189.500000
LH,53,184.000000,P1,5,53,189.750000
LH,55,184.125000,P1,1,55,190.000000
LH,57,184.333333,P1,1,57,190.250000
LH,58,184.500000,P1,1,58,190.500000
RH,60,184.750000,P1,1,60,190.750000
RH,62,184.875000,P1,1,62,191.000000
RH,63,185.125000,P1,1,63,191.250000
RH,65,185.333333,P1,1,65,191.500000
RH,67,185.500000,P1,1,67,191.750000
RH,65,185.666667,P1,1,65,192.000000
LH,45,186.125000,P1,5,45,192.500000
LH,48,186.125000,P1,5,48,192.500000
LH,53,186.125000,P1,5,53,192.500000
LH,45,186.500000,P1,5,45,193.000000
LH,48,186.500000,P1,5,48,193.000000
LH,53,186.500000,P1,5,53,193.000000
LH,45,186.875000,P1,5,45,193.500000
LH,48,186.875000,P1,5,48,193.500000
LH,53,186.875000,P1,5,53,193.500000
RH,63,187.250000,P1,1,63,194.000000
LH,53,187.333333,P1,5,53,194.000000
LH,45,187.375000,P1,5,45,194.000000
LH,48,187.375000,P1,5,48,194.000000
RH,65,187.500000,P1,2,65,194.200000
LH,45,187.666667,P1,5,45,194.500000
LH,53,187.666667,P1,5,53,194.500000
RH,63,187.666667,P1,2,63,194.400000
RH,62,187.875000,P1,2,62,194.600000
RH,63,187.875000,P1,2,63,194.800000
LH,58,188.125000,P1,5,58,195.000000
RH,62,188.125000,P1,1,62,195.000000
RH,62,188.333333,P1,5,62,195.250000
RH,63,188.500000,P1,5,63,195.500000
RH,65,188.750000,P1,5,65,195.750000
RH,67,188.875000,P1,1,67,196.000000
RH,69,189.125000,P1,1,69,196.250000
RH,70,189.250000,P1,1,70,196.500000
RH,72,189.500000,P1,1,72,196.750000
RH,74,189.666667,P1,1,74,197.000000
RH,75,189.875000,P1,1,75,197.250000
RH,77,190.125000,P1,1,77,197.500000
RH,79,190.250000,P1,1,79,197.750000
RH,77,190.500000,P1,1,77,198.000000
LH,57,191.000000,P1,5,57,198.500000
RH,60,191.000000,P1,5,60,198.500000
RH,65,191.000000,P1,5,65,198.500000
LH,57,191.333333,P1,5,57,199.000000
RH,60,191.333333,P1,5,60,199.000000
RH,65,191.333333,P1,5,65,199.000000
LH,57,191.750000,P1,5,57,199.500000
RH,60,191.750000,P1,5,60,199.500000
RH,65,191.750000,P1,5,65,199.500000
LH,57,192.125000,P1,5,57,200.000000
RH,60,192.125000,P1,5,60,200.000000
RH,65,192.125000,P1,5,65,200.000000
RH,75,192.125000,P1,1,75,200.000000
RH,77,192.333333,P1,2,77,200.200000
LH,57,192.500000,P1,5,57,200.500000
RH,60,192.500000,P1,5,60,200.500000
RH,65,192.500000,P1,5,65,200.500000
RH,75,192.500000,P1,2,75,200.400000
RH,74,192.625000,P1,2,74,200.600000
RH,75,192.750000,P1,2,75,200.800000
RH,74,193.000000,P1,1,74,201.000000
LH,58,193.375000,P1,5,58,201.500000
RH,62,193.375000,P1,5,62,201.500000
RH,72,193.750000,P1,1,72,202.000000
RH,74,194.000000,P1,2,74,202.200000
LH,54,194.125000,P1,5,54,202.500000
RH,62,194.125000,P1,5,62,202.500000
RH,72,194.125000,P1,2,72,202.400000
LH,57,194.250000,P1,5,57,202.500000
RH,71,194.250000,P1,2,71,202.600000
RH,72,194.375000,P1,2,72,202.800000
RH,70,194.625000,P1,1,70,203.000000
LH,55,195.000000,P1,5,55,203.500000
LH,58,195.000000,P1,5,58,203.500000
RH,62,195.000000,P1,5,62,203.500000
RH,68,195.375000,P1,1,68,204.000000
RH,70,195.625000,P1,2,70,204.200000
LH,50,195.750000,P1,5,50,204.500000
LH,53,195.750000,P1,5,53,204.500000
LH,58,195.750000,P1,5,58,204.500000
RH,68,195.750000,P1,2,68,204.400000
RH,67,195.875000,P1,2,67,204.600000
RH,68,196.000000,P1,2,68,204.800000
RH,67,196.125000,P1,1,67,205.000000
LH,51,196.500000,P1,5,51,205.500000
LH,55,196.500000,P1,5,55,205.500000
LH,58,196.500000,P1,5,58,205.500000
RH,65,197.000000,P1,1,65,206.000000
RH,67,197.125000,P1,2,67,206.200000
RH,65,197.250000,P1,2,65,206.400000
LH,47,197.333333,P1,5,47,206.500000
LH,55,197.333333,P1,5,55,206.500000
RH,64,197.375000,P1,2,64,206.600000
RH,65,197.500000,P1,2,65,206.800000
RH,64,197.750000,P1,1,64,207.000000
LH,48,198.125000,P1,5,48,207.500000
LH,52,198.125000,P1,5,52,207.500000
LH,55,198.125000,P1,5,55,207.500000
RH,63,198.500000,P1,1,63,208.000000
RH,65,198.666667,P1,2,65,208.200000
LH,45,198.875000,P1,5,45,208.500000
LH,48,198.875000,P1,5,48,208.500000
LH,53,198.875000,P1,5,53,208.500000
RH,63,198.875000,P1,2,63,208.400000
RH,62,199.000000,P1,2,62,208.600000
RH,63,199.125000,P1,2,63,208.800000
RH,62,199.333333,P1,1,62,209.000000
LH,46,199.666667,P1,5,46,209.500000
LH,50,199.666667,P1,5,50,209.500000
LH,53,199.666667,P1,5,53,209.500000
RH,63,200.125000,P1,1,63,210.000000
RH,65,200.333333,P1,2,65,210.200000
LH,45,200.500000,P1,5,45,210.500000
LH,48,200.500000,P1,5,48,210.500000
LH,53,200.500000,P1,5,53,210.500000
RH,63,200.500000,P1,2,63,210.400000
RH,62,200.625000,P1,2,62,210.600000
RH,63,200.750000,P1,2,63,210.800000
RH,62,201.000000,P1,1,62,211.000000
LH,46,201.250000,P1,5,46,211.500000
LH,50,201.250000,P1,5,50,211.500000
LH,53,201.250000,P1,5,53,211.500000
RH,63,201.666667,P1,1,63,212.000000
RH,65,201.875000,P1,2,65,212.200000
LH,45,202.000000,P1,5,45,212.500000
LH,48,202.000000,P1,5,48,212.500000
LH,53,202.000000,P1,5,53,212.500000
RH,63,202.000000,P1,2,63,212.400000
RH,62,202.250000,P1,2,62,212.600000
RH,63,202.375000,P1,2,63,212.800000
LH,46,202.750000,P1,5,46,213.000000
LH,50,202.750000,P1,5,50,213.000000
LH,53,202.750000,P1,5,53,213.000000
RH,62,202.875000,P1,1,62,213.000000
LH,58,203.125000,P1,1,58,213.250000
LH,53,203.333333,P1,1,53,213.500000
LH,58,203.500000,P1,1,58,213.750000
RH,62,203.625000,P1,1,62,214.000000
LH,58,203.875000,P1,1,58,214.250000
RH,65,204.000000,P1,1,65,214.500000
RH,62,204.250000,P1,1,62,214.750000
RH,70,204.375000,P1,1,70,215.000000
RH,65,204.666667,P1,1,65,215.250000
RH,74,204.875000,P1,1,74,215.500000
RH,70,205.000000,P1,1,70,215.750000
RH,65,205.250000,P1,1,65,216.000000
RH,62,205.500000,P1,1,62,216.250000
RH,70,205.625000,P1,1,70,216.500000
RH,65,205.875000,P1,1,65,216.750000
RH,74,206.000000,P1,1,74,217.000000
RH,70,206.250000,P1,1,70,217.250000
RH,77,206.500000,P1,1,77,217.500000
RH,74,206.666667,P1,1,74,217.750000
RH,70,206.875000,P1,1,70,218.000000
RH,65,207.125000,P1,1,65,218.250000
RH,74,207.250000,P1,1,74,218.500000
RH,70,207.500000,P1,1,70,218.750000
RH,77,207.625000,P1,1,77,219.000000
RH,74,207.875000,P1,1,74,219.250000
RH,82,208.000000,P1,1,82,219.500000
RH,77,208.250000,P1,1,77,219.750000
RH,74,208.375000,P1,1,74,220.000000
RH,70,208.625000,P1,1,70,220.250000
RH,77,208.875000,P1,1,77,220.500000
RH,74,209.000000,P1,1,74,220.750000
RH,82,209.250000,P1,1,82,221.000000
RH,77,209.500000,P1,1,77,221.250000
RH,86,209.666667,P1,1,86,221.500000
RH,82,209.875000,P1,1,82,221.750000
RH,89,210.125000,P1,1,89,222.000000
RH,65,210.500000,P1,5,65,222.500000
RH,77,210.500000,P1,1,77,222.500000
RH,70,211.000000,P1,5,70,223.000000
RH,82,211.000000,P1,1,82,223.000000
RH,74,211.375000,P1,5,74,223.500000
RH,86,211.375000,P1,1,86,223.500000
RH,77,211.750000,P1,5,77,224.000000
RH,89,211.750000,P1,1,89,224.000000
RH,65,212.250000,P1,1,65,224.500000
RH,70,212.666667,P1,1,70,225.000000
RH,74,213.125000,P1,1,74,225.500000
RH,77,213.500000,P1,1,77,226.000000
LH,41,213.875000,P1,5,41,226.500000
LH,53,213.875000,P1,1,53,226.500000
LH,46,214.333333,P1,5,46,227.000000
LH,58,214.333333,P1,1,58,227.000000
LH,50,214.750000,P1,5,50,227.500000
RH,62,214.750000,P1,1,62,227.500000
LH,53,215.250000,P1,5,53,228.000000
RH,65,215.250000,P1,1,65,228.000000
RH,70,215.666667,P1,1,70,228.500000
RH,74,216.000000,P1,1,74,229.000000
RH,77,216.375000,P1,1,77,229.500000
RH,75,216.875000,P1,1,75,230.000000
RH,74,217.250000,P1,1,74,230.500000
RH,72,217.625000,P1,1,72,231.000000
RH,74,217.750000,P1,2,74,231.125000
RH,72,218.000000,P1,2,72,231.250000
LH,53,218.125000,P1,5,53,231.500000
RH,74,218.125000,P1,2,74,231.625000
RH,72,218.250000,P1,2,72,231.750000
RH,74,218.375000,P1,2,74,231.875000
LH,57,218.500000,P1,5,57,232.000000
RH,72,218.500000,P1,2,72,232.000000
RH,74,218.625000,P1,2,74,232.125000
RH,72,218.750000,P1,2,72,232.250000
RH,60,219.000000,P1,5,60,232.500000
RH,74,219.000000,P1,2,74,232.625000
RH,72,219.125000,P1,2,72,232.750000
RH,74,219.250000,P1,2,74,232.875000
RH,63,219.333333,P1,5,63,233.000000
RH,72,219.333333,P1,2,72,233.000000
RH,74,219.500000,P1,2,74,233.125000
RH,72,219.666667,P1,2,72,233.500000
LH,41,219.750000,P1,5,41,233.500000
RH,74,219.750000,P1,2,74,233.625000
RH,72,220.000000,P1,2,72,233.750000
LH,45,220.125000,P1,5,45,234.000000
RH,74,220.125000,P1,2,74,233.875000
RH,72,220.250000,P1,2,72,234.250000
RH,74,220.375000,P1,2,74,234.375000
RH,72,220.500000,P1,2,72,234.500000
LH,48,220.625000,P1,5,48,234.500000
RH,74,220.666667,P1,2,74,234.625000
RH,72,220.875000,P1,2,72,234.750000
LH,51,221.000000,P1,5,51,235.000000
RH,74,221.000000,P1,2,74,235.125000
RH,72,221.125000,P1,2,72,235.250000
RH,74,221.250000,P1,2,74,235.375000
LH,42,221.375000,P1,5,42,235.500000
RH,72,221.375000,P1,2,72,235.500000
RH,74,221.625000,P1,2,74,235.875000
RH,72,221.666667,P1,2,72,236.000000
LH,45,221.750000,P1,5,45,236.000000
RH,74,221.875000,P1,2,74,236.125000
RH,72,222.000000,P1,2,72,236.250000
LH,48,222.125000,P1,5,48,236.500000
RH,74,222.125000,P1,2,74,236.375000
RH,72,222.333333,P1,2,72,236.750000
RH,74,222.500000,P1,2,74,236.875000
LH,51,222.625000,P1,5,51,237.000000
RH,72,222.625000,P1,2,72,237.000000
RH,74,222.750000,P1,2,74,237.375000
LH,41,223.000000,P1,5,41,237.500000
RH,72,223.000000,P1,2,72,237.500000
RH,74,223.125000,P1,2,74,237.625000
RH,72,223.333333,P1,2,72,237.750000
LH,45,223.375000,P1,5,45,238.000000
RH,74,223.375000,P1,2,74,238.125000
RH,72,223.625000,P1,2,72,238.250000
RH,74,223.625000,P1,2,74,238.375000
LH,48,223.750000,P1,5,48,238.500000
RH,74,223.875000,P1,2,74,238.625000
RH,72,224.000000,P1,2,72,238.750000
LH,51,224.250000,P1,5,51,239.000000
RH,74,224.250000,P1,2,74,239.125000
RH,72,224.333333,P1,2,72,239.250000
RH,74,224.500000,P1,2,74,239.375000
LH,53,224.625000,P1,5,53,239.500000
RH,72,224.625000,P1,2,72,239.500000
RH,74,224.750000,P1,2,74,239.875000
LH,57,225.000000,P1,5,57,240.000000
RH,72,225.000000,P1,2,72,240.000000
RH,74,225.125000,P1,2,74,240.125000
RH,72,225.333333,P1,2,72,240.500000
RH,60,225.375000,P1,5,60,240.500000
RH,74,225.500000,P1,2,74,240.625000
RH,72,225.625000,P1,2,72,240.750000
RH,63,225.750000,P1,5,63,241.000000
RH,74,225.750000,P1,2,74,240.875000
RH,72,225.875000,P1,2,72,241.250000
LH,53,226.250000,P1,5,53,241.500000
RH,72,226.333333,P1,2,72,241.666667
RH,63,226.625000,P1,5,63,242.000000
RH,77,226.625000,P1,1,77,242.000000
LH,53,227.125000,P1,5,53,242.500000
RH,77,227.125000,P1,1,77,242.500000
LH,58,227.666667,P1,5,58,243.000000
RH,62,227.666667,P1,5,62,243.000000
RH,70,227.666667,P1,1,70,243.000000
RH,70,228.333333,P1,1,70,243.500000
RH,71,228.750000,P1,1,71,244.000000
RH,72,229.250000,P1,1,72,244.500000
RH,73,229.750000,P1,1,73,245.000000
RH,74,230.250000,P1,1,74,245.500000
LH,55,230.750000,P1,5,55,246.000000
LH,58,230.750000,P1,5,58,246.000000
RH,75,230.750000,P1,1,75,246.000000
RH,67,233.750000,P1,1,67,249.000000
LH,51,233.875000,P1,5,51,249.000000
RH,60,233.875000,P1,5,60,249.000000
RH,70,236.750000,P1,1,70,252.000000
LH,53,236.875000,P1,6,53,252.000000
RH,60,236.875000,P1,5,60,252.000000
RH,63,236.875000,P1,2,63,252.000000
RH,69,237.125000,P1,1,69,252.500000
LH,53,237.500000,P1,6,53,253.000000
RH,60,237.625000,P1,5,60,253.000000
RH,63,237.625000,P1,2,63,253.000000
RH,67,238.000000,P1,1,67,253.500000
RH,60,238.375000,P1,5,60,254.000000
RH,69,238.375000,P1,1,69,254.000000
RH,63,238.500000,P1,2,63,254.000000
LH,57,238.875000,P1,5,57,254.500000
RH,72,238.875000,P1,1,72,254.500000
LH,46,239.375000,P1,5,46,255.000000
LH,58,239.500000,P1,5,58,255.000000
RH,62,239.500000,P1,2,62,255.000000
RH,70,239.500000,P1,1,70,255.000000
LH,58,240.000000,P1,5,58,255.500000
RH,70,240.000000,P1,1,70,255.500000
LH,59,240.333333,P1,5,59,256.000000
RH,71,240.333333,P1,1,71,256.000000
RH,60,240.750000,P1,5,60,256.500000
RH,72,240.750000,P1,1,72,256.500000
RH,61,241.125000,P1,5,61,257.000000
RH,73,241.250000,P1,1,73,257.000000
RH,62,241.625000,P1,5,62,257.500000
RH,74,241.625000,P1,1,74,257.500000
RH,63,242.125000,P1,7,63,258.000000
RH,75,242.125000,P1,1,75,258.000000
LH,51,245.125000,P1,6,51,261.000000
LH,55,245.125000,P1,5,55,261.000000
RH,67,245.125000,P1,1,67,261.000000
RH,63,245.250000,P1,2,63,261.000000
LH,56,247.125000,P1,5,56,263.000000
RH,68,247.125000,P1,1,68,263.000000
LH,58,247.750000,P1,5,58,263.500000
LH,44,249.125000,P1,5,44,264.000000
LH,51,249.125000,P1,5,51,264.000000
LH,53,249.125000,P1,5,53,264.000000
LH,56,249.125000,P1,5,56,264.000000
RH,60,249.125000,P1,2,60,264.000000
RH,63,249.125000,P1,2,63,264.000000
RH,72,249.125000,P1,1,72,264.000000
RH,65,249.875000,P1,1,65,264.750000
RH,65,250.125000,P1,1,65,265.000000
LH,44,252.250000,P1,5,44,267.000000
LH,51,252.250000,P1,5,51,267.000000
LH,53,252.250000,P1,5,53,267.000000
LH,56,252.250000,P1,5,56,267.000000
RH,60,252.250000,P1,2,60,267.000000
RH,63,252.250000,P1,2,63,267.000000
RH,72,252.250000,P1,1,72,267.000000
RH,65,252.875000,P1,1,65,267.750000
RH,65,253.250000,P1,1,65,268.000000
LH,53,255.375000,P1,1,53,270.000000
RH,60,255.375000,P1,1,60,270.000000
RH,63,255.375000,P1,1,63,270.000000
RH,65,255.375000,P1,1,65,270.000000
LH,32,255.500000,P1,5,32,270.000000
LH,36,255.500000,P1,5,36,270.000000
LH,44,255.500000,P1,5,44,270.000000
LH,32,256.500000,P1,5,32,271.000000
LH,44,256.500000,P1,5,44,271.000000
LH,53,256.500000,P1,1,53,271.000000
RH,60,256.500000,P1,1,60,271.000000
RH,63,256.500000,P1,1,63,271.000000
RH,65,256.500000,P1,1,65,271.000000
LH,36,256.625000,P1,5,36,271.000000
LH,32,257.500000,P1,5,32,272.000000
LH,44,257.500000,P1,5,44,272.000000
LH,53,257.500000,P1,1,53,272.000000
RH,60,257.500000,P1,1,60,272.000000
RH,63,257.500000,P1,1,63,272.000000
RH,65,257.500000,P1,1,65,272.000000
LH,36,257.625000,P1,5,36,272.000000
LH,32,258.625000,P1,5,32,273.000000
LH,44,258.625000,P1,5,44,273.000000
LH,54,258.625000,P1,1,54,273.000000
RH,60,258.625000,P1,1,60,273.000000
RH,63,258.625000,P1,1,63,273.000000
RH,66,258.625000,P1,1,66,273.000000
LH,36,258.666667,P1,5,36,273.000000
LH,32,262.000000,P1,5,32,276.000000
LH,36,262.000000,P1,5,36,276.000000
LH,44,262.000000,P1,5,44,276.000000
LH,54,262.000000,P1,1,54,276.000000
RH,60,262.000000,P1,1,60,276.000000
RH,63,262.000000,P1,1,63,276.000000
RH,66,262.000000,P1,1,66,276.000000
LH,32,263.125000,P1,5,32,277.000000
LH,36,263.125000,P1,5,36,277.000000
LH,44,263.125000,P1,5,44,277.000000
LH,54,263.125000,P1,1,54,277.000000
RH,60,263.125000,P1,1,60,277.000000
RH,63,263.125000,P1,1,63,277.000000
RH,66,263.125000,P1,1,66,277.000000
LH,32,264.000000,P1,5,32,278.000000
LH,36,264.000000,P1,5,36,278.000000
LH,44,264.000000,P1,5,44,278.000000
LH,54,264.000000,P1,1,54,278.000000
RH,60,264.000000,P1,1,60,278.000000
RH,63,264.000000,P1,1,63,278.000000
RH,66,264.000000,P1,1,66,278.000000
LH,31,265.375000,P1,5,31,279.000000
LH,36,265.375000,P1,5,36,279.000000
LH,43,265.375000,P1,5,43,279.000000
LH,55,265.375000,P1,1,55,279.000000
RH,60,265.375000,P1,1,60,279.000000
RH,63,265.375000,P1,1,63,279.000000
RH,67,265.375000,P1,1,67,279.000000
LH,31,268.625000,P1,5,31,282.000000
LH,36,268.625000,P1,5,36,282.000000
LH,43,268.625000,P1,5,43,282.000000
LH,55,268.625000,P1,1,55,282.000000
RH,60,268.625000,P1,1,60,282.000000
RH,63,268.625000,P1,1,63,282.000000
RH,67,268.625000,P1,1,67,282.000000
LH,31,269.750000,P1,5,31,283.000000
LH,36,269.750000,P1,5,36,283.000000
LH,43,269.750000,P1,5,43,283.000000
LH,55,269.750000,P1,1,55,283.000000
RH,60,269.750000,P1,1,60,283.000000
RH,63,269.750000,P1,1,63,283.000000
RH,67,269.750000,P1,1,67,283.000000
LH,31,270.875000,P1,5,31,284.000000
LH,36,270.875000,P1,5,36,284.000000
LH,43,270.875000,P1,5,43,284.000000
LH,55,270.875000,P1,1,55,284.000000
RH,60,270.875000,P1,1,60,284.000000
RH,63,270.875000,P1,1,63,284.000000
RH,67,270.875000,P1,1,67,284.000000
LH,30,272.500000,P1,5,30,285.000000
LH,36,272.500000,P1,5,36,285.000000
LH,42,272.500000,P1,5,42,285.000000
LH,57,272.500000,P1,1,57,285.000000
RH,60,272.500000,P1,1,60,285.000000
RH,63,272.500000,P1,1,63,285.000000
RH,69,272.500000,P1,1,69,285.000000
RH,87,273.875000,P1,1,87,286.000000
RH,81,274.500000,P1,1,81,286.750000
RH,81,274.666667,P1,1,81,287.000000
LH,53,275.625000,P1,5,53,288.000000
LH,59,275.625000,P1,5,59,288.000000
RH,68,276.333333,P1,1,68,289.000000
RH,62,277.000000,P1,1,62,289.750000
RH,62,277.125000,P1,1,62,290.000000
LH,39,278.000000,P1,5,39,291.000000
LH,43,278.000000,P1,5,43,291.000000
LH,55,278.875000,P1,1,55,292.000000
LH,48,279.500000,P1,1,48,292.750000
LH,48,279.666667,P1,1,48,293.000000
LH,41,280.500000,P1,5,41,294.000000
LH,35,281.125000,P1,5,35,294.750000
LH,35,281.333333,P1,5,35,295.000000
LH,50,282.250000,P1,1,50,296.000000
LH,53,282.250000,P1,1,53,296.000000
LH,55,282.250000,P1,1,55,296.000000
LH,36,283.375000,P1,5,36,297.000000
LH,48,283.875000,P1,5,48,297.500000
LH,48,284.333333,P1,5,48,298.000000
LH,48,284.625000,P1,5,48,298.500000
LH,48,285.125000,P1,5,48,299.000000
LH,48,285.375000,P1,5,48,299.500000
RH,60,285.875000,P1,7,60,300.000000
LH,48,286.250000,P1,5,48,300.500000
RH,77,286.500000,P1,1,77,300.750000
LH,48,286.625000,P1,5,48,301.000000
RH,77,286.625000,P1,1,77,301.000000
LH,48,287.125000,P1,5,48,301.500000
LH,48,287.500000,P1,5,48,302.000000
LH,48,287.875000,P1,5,48,302.500000
LH,55,288.333333,P1,7,55,303.000000
LH,59,288.333333,P1,7,59,303.000000
LH,48,288.666667,P1,5,48,303.500000
RH,64,288.875000,P1,1,64,303.750000
LH,48,289.125000,P1,5,48,304.000000
RH,64,289.125000,P1,1,64,304.000000
LH,48,289.500000,P1,5,48,304.500000
LH,48,289.875000,P1,5,48,305.000000
LH,48,290.250000,P1,5,48,305.500000
RH,72,290.666667,P1,1,72,306.000000
LH,48,290.750000,P1,5,48,306.000000
LH,53,290.750000,P1,7,53,306.000000
LH,57,290.750000,P1,7,57,306.000000
RH,62,290.875000,P1,1,62,306.250000
LH,48,291.125000,P1,5,48,306.500000
LH,53,291.500000,P1,7,53,307.000000
LH,56,291.500000,P1,7,56,307.000000
RH,72,291.500000,P1,1,72,307.000000
LH,48,291.625000,P1,5,48,307.000000
RH,62,291.666667,P1,1,62,307.250000
LH,48,291.875000,P1,5,48,307.500000
LH,53,292.250000,P1,7,53,308.000000
LH,55,292.250000,P1,7,55,308.000000
RH,71,292.250000,P1,1,71,308.000000
LH,48,292.333333,P1,5,48,308.000000
RH,62,292.375000,P1,1,62,308.250000
LH,48,292.666667,P1,5,48,308.500000
LH,48,293.125000,P1,5,48,309.000000
LH,52,293.125000,P1,7,52,309.000000
LH,55,293.125000,P1,7,55,309.000000
RH,72,293.125000,P1,1,72,309.000000
RH,60,293.250000,P1,1,60,309.250000
LH,48,293.500000,P1,5,48,309.500000
LH,48,293.875000,P1,5,48,310.000000
LH,48,294.250000,P1,5,48,310.500000
LH,48,294.666667,P1,5,48,311.000000
LH,48,295.000000,P1,5,48,311.500000
LH,57,295.500000,P1,7,57,312.000000
RH,60,295.500000,P1,7,60,312.000000
RH,84,295.500000,P1,1,84,312.000000
RH,86,295.666667,P1,2,86,312.200000
RH,84,295.750000,P1,2,84,312.400000
LH,48,295.875000,P1,5,48,312.500000
RH,83,296.000000,P1,2,83,312.600000
RH,84,296.125000,P1,2,84,312.800000
LH,48,296.250000,P1,5,48,313.000000
RH,77,296.250000,P1,1,77,313.000000
LH,48,296.750000,P1,5,48,313.500000
LH,48,297.125000,P1,5,48,314.000000
LH,48,297.500000,P1,5,48,314.500000
RH,72,297.875000,P1,1,72,315.000000
LH,55,298.000000,P1,7,55,315.000000
LH,59,298.000000,P1,7,59,315.000000
RH,74,298.125000,P1,2,74,315.200000
RH,72,298.250000,P1,2,72,315.400000
LH,48,298.333333,P1,5,48,315.500000
RH,71,298.333333,P1,2,71,315.600000
RH,72,298.500000,P1,2,72,315.800000
LH,48,298.666667,P1,5,48,316.000000
RH,64,298.666667,P1,1,64,316.000000
LH,48,299.125000,P1,5,48,316.500000
LH,48,299.500000,P1,5,48,317.000000
LH,48,299.875000,P1,5,48,317.500000
LH,48,300.250000,P1,5,48,318.000000
RH,72,300.250000,P1,1,72,318.000000
LH,53,300.333333,P1,7,53,318.000000
LH,57,300.333333,P1,7,57,318.000000
RH,62,300.500000,P1,1,62,318.250000
LH,48,300.666667,P1,5,48,318.500000
LH,53,301.000000,P1,7,53,319.000000
LH,56,301.000000,P1,7,56,319.000000
RH,72,301.000000,P1,1,72,319.000000
LH,48,301.125000,P1,5,48,319.000000
RH,62,301.250000,P1,1,62,319.250000
LH,48,301.375000,P1,5,48,319.500000
LH,53,301.750000,P1,7,53,320.000000
LH,55,301.750000,P1,7,55,320.000000
RH,71,301.750000,P1,1,71,320.000000
RH,62,302.000000,P1,1,62,320.250000
LH,48,302.125000,P1,5,48,320.500000
LH,48,302.625000,P1,6,48,321.000000
LH,52,302.625000,P1,5,52,321.000000
LH,55,302.625000,P1,5,55,321.000000
RH,60,302.625000,P1,1,60,321.000000
RH,72,302.625000,P1,1,72,321.000000
LH,52,303.000000,P1,1,52,321.500000
LH,55,303.000000,P1,1,55,321.500000
LH,52,303.375000,P1,1,52,322.000000
LH,55,303.375000,P1,1,55,322.000000
LH,52,303.750000,P1,1,52,322.500000
LH,55,303.750000,P1,1,55,322.500000
LH,52,304.125000,P1,1,52,323.000000
LH,55,304.125000,P1,1,55,323.000000
LH,52,304.500000,P1,1,52,323.500000
LH,55,304.500000,P1,1,55,323.500000
LH,47,304.875000,P1,5,47,324.000000
LH,53,304.875000,P1,1,53,324.000000
LH,55,304.875000,P1,1,55,324.000000
LH,37,305.000000,P1,5,37,324.250000
LH,53,305.250000,P1,1,53,324.500000
LH,55,305.250000,P1,1,55,324.500000
LH,47,305.666667,P1,5,47,325.000000
LH,53,305.750000,P1,1,53,325.000000
LH,55,305.750000,P1,1,55,325.000000
LH,37,305.875000,P1,5,37,325.250000
LH,53,306.125000,P1,1,53,325.500000
LH,55,306.125000,P1,1,55,325.500000
LH,47,306.500000,P1,5,47,326.000000
LH,53,306.500000,P1,1,53,326.000000
LH,55,306.500000,P1,1,55,326.000000
LH,37,306.625000,P1,5,37,326.250000
LH,53,307.000000,P1,1,53,326.500000
LH,55,307.000000,P1,1,55,326.500000
LH,48,307.333333,P1,5,48,327.000000
LH,52,307.375000,P1,1,52,327.000000
LH,55,307.375000,P1,1,55,327.000000
LH,36,307.500000,P1,5,36,327.250000
LH,52,307.750000,P1,1,52,327.500000
LH,55,307.750000,P1,1,55,327.500000
LH,52,308.250000,P1,1,52,328.000000
LH,55,308.250000,P1,1,55,328.000000
RH,67,308.250000,P1,5,67,328.000000
LH,52,308.666667,P1,1,52,328.500000
LH,55,308.666667,P1,1,55,328.500000
RH,72,309.000000,P1,5,72,329.000000
LH,52,309.125000,P1,1,52,329.000000
LH,55,309.125000,P1,1,55,329.000000
LH,52,309.500000,P1,1,52,329.500000
LH,55,309.500000,P1,1,55,329.500000
LH,47,309.875000,P1,5,47,330.000000
LH,53,309.875000,P1,1,53,330.000000
LH,55,309.875000,P1,1,55,330.000000
LH,37,310.000000,P1,5,37,330.250000
LH,53,310.333333,P1,1,53,330.500000
LH,55,310.333333,P1,1,55,330.500000
LH,47,310.666667,P1,5,47,331.000000
LH,55,310.666667,P1,1,55,331.000000
LH,53,310.750000,P1,1,53,331.000000
LH,37,310.875000,P1,5,37,331.250000
LH,53,311.125000,P1,1,53,331.500000
LH,55,311.250000,P1,1,55,331.500000
LH,47,311.500000,P1,5,47,332.000000
LH,55,311.500000,P1,1,55,332.000000
LH,37,311.625000,P1,5,37,332.250000
LH,53,311.625000,P1,1,53,332.000000
LH,53,312.000000,P1,1,53,332.500000
LH,55,312.000000,P1,1,55,332.500000
LH,48,312.333333,P1,5,48,333.000000
LH,52,312.375000,P1,1,52,333.000000
LH,55,312.375000,P1,1,55,333.000000
LH,36,312.500000,P1,5,36,333.250000
LH,52,312.750000,P1,1,52,333.500000
LH,55,312.750000,P1,1,55,333.500000
LH,52,313.250000,P1,1,52,334.000000
LH,55,313.250000,P1,1,55,334.000000
RH,67,313.250000,P1,5,67,334.000000
LH,52,313.625000,P1,1,52,334.500000
LH,55,313.625000,P1,1,55,334.500000
LH,52,314.000000,P1,1,52,335.000000
LH,55,314.000000,P1,1,55,335.000000
RH,76,314.000000,P1,5,76,335.000000
LH,52,314.375000,P1,1,52,335.500000
LH,55,314.375000,P1,1,55,335.500000
LH,47,314.750000,P1,5,47,336.000000
LH,53,314.750000,P1,1,53,336.000000
LH,55,314.750000,P1,1,55,336.000000
LH,37,314.875000,P1,5,37,336.250000
LH,53,315.250000,P1,1,53,336.500000
LH,55,315.250000,P1,1,55,336.500000
LH,47,315.625000,P1,5,47,337.000000
LH,53,315.625000,P1,1,53,337.000000
LH,55,315.625000,P1,1,55,337.000000
LH,37,315.750000,P1,5,37,337.250000
LH,53,316.000000,P1,1,53,337.500000
LH,55,316.000000,P1,1,55,337.500000
LH,47,316.375000,P1,5,47,338.000000
LH,55,316.375000,P1,1,55,338.000000
LH,37,316.500000,P1,5,37,338.250000
LH,53,316.500000,P1,1,53,338.000000
LH,53,316.875000,P1,1,53,338.500000
LH,55,316.875000,P1,1,55,338.500000
LH,48,317.333333,P1,5,48,339.000000
LH,36,317.375000,P1,5,36,339.000000
LH,52,317.625000,P1,1,52,339.250000
RH,60,317.750000,P1,1,60,339.500000
LH,55,317.875000,P1,1,55,339.750000
RH,64,318.125000,P1,1,64,340.000000
RH,60,318.250000,P1,1,60,340.250000
RH,67,318.500000,P1,1,67,340.500000
RH,64,318.666667,P1,1,64,340.750000
RH,72,318.750000,P1,1,72,341.000000
RH,67,319.000000,P1,1,67,341.250000
RH,76,319.250000,P1,1,76,341.500000
RH,72,319.375000,P1,1,72,341.750000
RH,79,319.625000,P1,1,79,342.000000
LH,36,320.000000,P1,5,36,342.500000
LH,40,320.375000,P1,5,40,343.000000
LH,43,320.750000,P1,5,43,343.500000
LH,48,321.125000,P1,5,48,344.000000
RH,70,321.125000,P1,1,70,344.000000
RH,72,321.250000,P1,2,72,344.200000
RH,70,321.375000,P1,2,70,344.400000
LH,52,321.500000,P1,5,52,344.500000
RH,69,321.500000,P1,2,69,344.600000
RH,70,321.666667,P1,2,70,344.800000
LH,53,321.875000,P1,5,53,345.000000
RH,69,321.875000,P1,1,69,345.000000
LH,57,322.250000,P1,1,57,345.500000
RH,60,322.250000,P1,1,60,345.500000
LH,57,322.666667,P1,1,57,346.000000
RH,60,322.666667,P1,1,60,346.000000
LH,57,323.000000,P1,1,57,346.500000
RH,60,323.000000,P1,1,60,346.500000
LH,57,323.500000,P1,1,57,347.000000
RH,60,323.500000,P1,1,60,347.000000
LH,57,323.875000,P1,1,57,347.500000
RH,60,323.875000,P1,1,60,347.500000
LH,40,324.250000,P1,5,40,348.000000
LH,58,324.250000,P1,1,58,348.000000
RH,60,324.250000,P1,1,60,348.000000
LH,30,324.375000,P1,5,30,348.250000
LH,58,324.666667,P1,1,58,348.500000
RH,60,324.666667,P1,1,60,348.500000
LH,40,325.000000,P1,5,40,349.000000
RH,60,325.000000,P1,1,60,349.000000
LH,58,325.125000,P1,1,58,349.000000
LH,30,325.250000,P1,5,30,349.250000
LH,58,325.500000,P1,1,58,349.500000
RH,60,325.500000,P1,1,60,349.500000
LH,40,325.875000,P1,5,40,350.000000
LH,58,325.875000,P1,1,58,350.000000
RH,60,325.875000,P1,1,60,350.000000
LH,30,326.000000,P1,5,30,350.250000
LH,58,326.333333,P1,1,58,350.500000
RH,60,326.333333,P1,1,60,350.500000
LH,41,326.666667,P1,5,41,351.000000
RH,60,326.666667,P1,1,60,351.000000
LH,57,326.750000,P1,1,57,351.000000
LH,57,327.125000,P1,1,57,351.500000
RH,60,327.250000,P1,1,60,351.500000
LH,57,327.500000,P1,1,57,352.000000
RH,60,327.500000,P1,1,60,352.000000
RH,72,327.500000,P1,5,72,352.000000
LH,57,328.000000,P1,1,57,352.500000
RH,60,328.000000,P1,1,60,352.500000
RH,77,328.333333,P1,5,77,353.000000
LH,57,328.375000,P1,1,57,353.000000
RH,60,328.375000,P1,1,60,353.000000
LH,57,328.750000,P1,1,57,353.500000
RH,60,328.750000,P1,1,60,353.500000
LH,40,329.250000,P1,5,40,354.000000
LH,58,329.250000,P1,1,58,354.000000
RH,60,329.250000,P1,1,60,354.000000
LH,30,329.333333,P1,5,30,354.250000
LH,58,329.625000,P1,1,58,354.500000
RH,60,329.625000,P1,1,60,354.500000
LH,40,330.000000,P1,5,40,355.000000
LH,58,330.000000,P1,1,58,355.000000
RH,60,330.000000,P1,1,60,355.000000
LH,30,330.125000,P1,5,30,355.250000
LH,58,330.500000,P1,1,58,355.500000
RH,60,330.500000,P1,1,60,355.500000
LH,40,330.750000,P1,5,40,356.000000
LH,58,330.875000,P1,1,58,356.000000
RH,60,330.875000,P1,1,60,356.000000
LH,30,331.000000,P1,5,30,356.250000
LH,58,331.250000,P1,1,58,356.500000
RH,60,331.250000,P1,1,60,356.500000
LH,41,331.625000,P1,5,41,357.000000
LH,57,331.625000,P1,1,57,357.000000
RH,60,331.625000,P1,1,60,357.000000
LH,29,331.750000,P1,5,29,357.250000
LH,57,332.000000,P1,1,57,357.500000
RH,60,332.125000,P1,1,60,357.500000
LH,57,332.500000,P1,1,57,358.000000
RH,60,332.500000,P1,1,60,358.000000
RH,72,332.500000,P1,5,72,358.000000
LH,57,333.000000,P1,1,57,358.500000
RH,60,333.000000,P1,1,60,358.500000
RH,81,333.250000,P1,5,81,359.000000
LH,57,333.333333,P1,1,57,359.000000
RH,60,333.333333,P1,1,60,359.000000
LH,57,333.750000,P1,1,57,359.500000
RH,60,333.750000,P1,1,60,359.500000
LH,40,334.125000,P1,5,40,360.000000
LH,58,334.125000,P1,1,58,360.000000
RH,60,334.125000,P1,1,60,360.000000
LH,30,334.250000,P1,5,30,360.250000
LH,58,334.500000,P1,1,58,360.500000
RH,60,334.500000,P1,1,60,360.500000
LH,40,335.000000,P1,5,40,361.000000
LH,58,335.000000,P1,1,58,361.000000
RH,60,335.000000,P1,1,60,361.000000
LH,30,335.125000,P1,5,30,361.250000
LH,58,335.375000,P1,1,58,361.500000
RH,60,335.375000,P1,1,60,361.500000
LH,40,335.750000,P1,5,40,362.000000
LH,58,335.750000,P1,1,58,362.000000
RH,60,335.750000,P1,1,60,362.000000
LH,30,335.875000,P1,5,30,362.250000
LH,58,336.125000,P1,1,58,362.500000
RH,60,336.125000,P1,1,60,362.500000
LH,41,336.625000,P1,5,41,363.000000
LH,29,336.875000,P1,5,29,363.250000
LH,57,336.875000,P1,1,57,363.250000
RH,65,337.000000,P1,1,65,363.500000
RH,60,337.250000,P1,1,60,363.750000
RH,69,337.375000,P1,1,69,364.000000
RH,65,337.625000,P1,1,65,364.250000
RH,72,337.750000,P1,1,72,364.500000
RH,69,338.000000,P1,1,69,364.750000
RH,77,338.125000,P1,1,77,365.000000
RH,72,338.375000,P1,1,72,365.250000
RH,81,338.625000,P1,1,81,365.500000
RH,77,338.750000,P1,1,77,365.750000
RH,84,339.000000,P1,1,84,366.000000
LH,41,339.375000,P1,5,41,366.500000
LH,45,339.750000,P1,5,45,367.000000
LH,48,340.125000,P1,5,48,367.500000
LH,53,340.500000,P1,5,53,368.000000
RH,75,340.500000,P1,1,75,368.000000
RH,77,340.750000,P1,2,77,368.200000
LH,57,340.875000,P1,5,57,368.500000
RH,75,340.875000,P1,2,75,368.400000
RH,74,341.000000,P1,2,74,368.600000
RH,75,341.250000,P1,2,75,368.800000
LH,58,341.333333,P1,5,58,369.000000
RH,73,341.375000,P1,1,73,369.000000
RH,65,341.625000,P1,1,65,369.250000
RH,70,341.750000,P1,1,70,369.500000
RH,65,342.000000,P1,1,65,369.750000
RH,73,342.125000,P1,1,73,370.000000
RH,70,342.333333,P1,1,70,370.250000
RH,77,342.500000,P1,1,77,370.500000
RH,73,342.750000,P1,1,73,370.750000
RH,82,342.875000,P1,1,82,371.000000
RH,77,343.125000,P1,1,77,371.250000
RH,85,343.250000,P1,1,85,371.500000
RH,82,343.500000,P1,1,82,371.750000
RH,89,343.750000,P1,1,89,372.000000
LH,34,344.125000,P1,5,34,372.500000
LH,38,344.500000,P1,5,38,373.000000
LH,41,345.000000,P1,5,41,373.500000
LH,46,345.250000,P1,5,46,374.000000
RH,80,345.250000,P1,1,80,374.000000
RH,82,345.500000,P1,2,82,374.200000
RH,80,345.625000,P1,2,80,374.400000
LH,50,345.666667,P1,5,50,374.500000
RH,79,345.750000,P1,2,79,374.600000
RH,80,345.875000,P1,2,80,374.800000
RH,79,346.000000,P1,1,79,375.000000
RH,63,346.875000,P1,1,63,375.500000
LH,58,347.000000,P1,1,58,375.750000
RH,67,347.250000,P1,1,67,376.000000
RH,63,347.500000,P1,1,63,376.250000
RH,70,347.625000,P1,1,70,376.500000
RH,67,347.875000,P1,1,67,376.750000
RH,75,348.000000,P1,1,75,377.000000
RH,70,348.250000,P1,1,70,377.250000
RH,79,348.375000,P1,1,79,377.500000
RH,75,348.625000,P1,1,75,377.750000
RH,82,348.875000,P1,1,82,378.000000
LH,39,349.375000,P1,5,39,378.500000
LH,43,349.750000,P1,5,43,379.000000
LH,46,350.250000,P1,5,46,379.500000
LH,51,350.500000,P1,5,51,380.000000
RH,73,350.500000,P1,1,73,380.000000
RH,75,350.666667,P1,2,75,380.200000
RH,73,350.875000,P1,2,73,380.400000
LH,55,351.000000,P1,5,55,380.500000
RH,72,351.000000,P1,2,72,380.600000
RH,73,351.125000,P1,2,73,380.800000
RH,72,351.333333,P1,1,72,381.000000
LH,56,351.375000,P1,5,56,381.000000
LH,44,351.750000,P1,5,44,381.500000
LH,48,352.125000,P1,5,48,382.000000
LH,51,352.500000,P1,5,51,382.500000
LH,56,352.875000,P1,5,56,383.000000
RH,72,352.875000,P1,1,72,383.000000
RH,73,353.125000,P1,2,73,383.200000
RH,60,353.250000,P1,5,60,383.500000
RH,72,353.250000,P1,2,72,383.400000
RH,71,353.375000,P1,2,71,383.600000
RH,72,353.500000,P1,2,72,383.800000
RH,84,353.666667,P1,1,84,384.000000
LH,44,354.125000,P1,5,44,384.500000
LH,48,354.500000,P1,5,48,385.000000
LH,52,354.750000,P1,5,52,385.500000
LH,56,355.250000,P1,5,56,386.000000
RH,72,355.250000,P1,1,72,386.000000
RH,73,355.375000,P1,2,73,386.200000
RH,60,355.500000,P1,5,60,386.500000
RH,72,355.500000,P1,2,72,386.400000
RH,71,355.750000,P1,2,71,386.600000
RH,72,355.750000,P1,2,72,386.800000
RH,84,356.000000,P1,1,84,387.000000
LH,44,356.333333,P1,5,44,387.500000
LH,48,356.750000,P1,5,48,388.000000
LH,53,357.125000,P1,5,53,388.500000
LH,56,357.500000,P1,5,56,389.000000
RH,72,357.500000,P1,1,72,389.000000
RH,73,357.625000,P1,2,73,389.200000
RH,60,357.750000,P1,5,60,389.500000
RH,72,357.750000,P1,2,72,389.400000
RH,71,358.000000,P1,2,71,389.600000
RH,72,358.125000,P1,2,72,389.800000
RH,84,358.500000,P1,1,84,390.000000
LH,44,358.875000,P1,5,44,390.500000
LH,48,359.250000,P1,5,48,391.000000
LH,53,359.666667,P1,5,53,391.500000
LH,56,360.125000,P1,5,56,392.000000
RH,60,360.500000,P1,1,60,392.500000
RH,65,360.875000,P1,1,65,393.000000
RH,68,361.333333,P1,1,68,393.500000
RH,72,361.750000,P1,1,72,394.000000
LH,44,362.125000,P1,5,44,394.500000
LH,48,362.500000,P1,5,48,395.000000
LH,53,362.875000,P1,5,53,395.500000
LH,56,363.375000,P1,5,56,396.000000
RH,60,363.750000,P1,1,60,396.500000
RH,65,364.250000,P1,1,65,397.000000
RH,68,364.625000,P1,1,68,397.500000
RH,72,365.125000,P1,1,72,398.000000
LH,44,365.500000,P1,5,44,398.500000
LH,48,366.000000,P1,5,48,399.000000
LH,53,366.375000,P1,5,53,399.500000
LH,56,366.750000,P1,5,56,400.000000
LH,44,367.250000,P1,5,44,400.500000
RH,60,367.250000,P1,1,60,400.500000
LH,48,367.625000,P1,5,48,401.000000
RH,65,367.625000,P1,1,65,401.000000
LH,53,368.000000,P1,5,53,401.500000
RH,68,368.000000,P1,1,68,401.500000
LH,56,368.500000,P1,5,56,402.000000
RH,72,368.500000,P1,1,72,402.000000
LH,44,368.875000,P1,5,44,402.500000
RH,60,368.875000,P1,1,60,402.500000
LH,48,369.333333,P1,5,48,403.000000
RH,65,369.333333,P1,1,65,403.000000
LH,53,369.750000,P1,5,53,403.500000
RH,68,369.750000,P1,1,68,403.500000
LH,56,370.125000,P1,5,56,404.000000
RH,72,370.125000,P1,1,72,404.000000
LH,44,370.625000,P1,5,44,404.500000
RH,60,370.625000,P1,1,60,404.500000
LH,48,371.000000,P1,5,48,405.000000
RH,65,371.000000,P1,1,65,405.000000
LH,53,371.500000,P1,5,53,405.500000
RH,68,371.500000,P1,1,68,405.500000
LH,56,371.875000,P1,5,56,406.000000
RH,72,371.875000,P1,1,72,406.000000
LH,56,374.875000,P1,5,56,408.000000
RH,72,374.875000,P1,1,72,408.000000
RH,65,376.000000,P1,1,65,408.750000
RH,65,376.250000,P1,1,65,409.000000
RH,72,378.750000,P1,1,72,411.000000
RH,60,378.875000,P1,5,60,411.000000
LH,53,379.500000,P1,5,53,411.750000
RH,65,379.500000,P1,1,65,411.750000
LH,53,379.666667,P1,5,53,412.000000
RH,65,379.750000,P1,1,65,412.000000
LH,39,381.875000,P1,5,39,414.000000
RH,63,381.875000,P1,1,63,414.000000
RH,65,381.875000,P1,1,65,414.000000
LH,32,382.000000,P1,5,32,414.000000
RH,60,382.000000,P1,1,60,414.000000
LH,32,383.000000,P1,5,32,415.000000
LH,39,383.000000,P1,5,39,415.000000
RH,60,383.000000,P1,1,60,415.000000
RH,63,383.000000,P1,1,63,415.000000
RH,65,383.000000,P1,1,65,415.000000
LH,32,384.125000,P1,5,32,416.000000
LH,39,384.125000,P1,5,39,416.000000
RH,60,384.125000,P1,1,60,416.000000
RH,63,384.125000,P1,1,63,416.000000
RH,65,384.125000,P1,1,65,416.000000
LH,33,385.500000,P1,5,33,417.000000
LH,39,385.500000,P1,5,39,417.000000
RH,60,385.500000,P1,1,60,417.000000
RH,63,385.500000,P1,1,63,417.000000
RH,66,385.500000,P1,1,66,417.000000
LH,54,388.875000,P1,5,54,420.000000
RH,60,388.875000,P1,1,60,420.000000
RH,63,388.875000,P1,1,63,420.000000
RH,66,388.875000,P1,1,66,420.000000
LH,45,389.000000,P1,5,45,420.000000
LH,51,389.000000,P1,5,51,420.000000
LH,45,390.250000,P1,5,45,421.000000
LH,51,390.250000,P1,5,51,421.000000
LH,54,390.250000,P1,5,54,421.000000
RH,60,390.250000,P1,1,60,421.000000
RH,63,390.250000,P1,1,63,421.000000
RH,66,390.250000,P1,1,66,421.000000
LH,45,391.625000,P1,5,45,422.000000
LH,51,391.625000,P1,5,51,422.000000
LH,54,391.625000,P1,5,54,422.000000
RH,60,391.625000,P1,1,60,422.000000
RH,63,391.625000,P1,1,63,422.000000
RH,66,391.625000,P1,1,66,422.000000
LH,46,393.625000,P1,5,46,423.000000
LH,51,393.625000,P1,5,51,423.000000
LH,55,393.625000,P1,5,55,423.000000
LH,58,393.625000,P1,1,58,423.000000
RH,63,393.625000,P1,1,63,423.000000
RH,67,393.625000,P1,1,67,423.000000
LH,46,399.666667,P1,5,46,426.000000
LH,56,399.666667,P1,2,56,426.000000
RH,62,399.666667,P1,2,62,426.000000
RH,67,399.666667,P1,1,67,426.000000
RH,65,400.000000,P1,1,65,426.500000
LH,34,400.375000,P1,5,34,427.000000
LH,46,400.375000,P1,5,46,427.000000
LH,56,400.375000,P1,2,56,427.000000
RH,65,400.375000,P1,1,65,427.000000
RH,67,400.625000,P1,1,67,427.250000
RH,65,400.750000,P1,1,65,427.500000
RH,64,401.000000,P1,1,64,427.750000
LH,34,401.125000,P1,5,34,428.000000
LH,46,401.125000,P1,5,46,428.000000
LH,56,401.125000,P1,2,56,428.000000
RH,65,401.125000,P1,1,65,428.000000
RH,67,401.500000,P1,1,67,428.500000
LH,39,401.875000,P1,5,39,429.000000
LH,51,401.875000,P1,5,51,429.000000
RH,63,401.875000,P1,1,63,429.000000
LH,55,402.000000,P1,1,55,429.000000
RH,65,402.125000,P1,1,65,429.250000
RH,63,402.333333,P1,1,63,429.500000
RH,62,402.500000,P1,1,62,429.750000
RH,63,402.750000,P1,1,63,430.000000
RH,65,403.000000,P1,1,65,430.333333
RH,67,403.250000,P1,1,67,430.666667
RH,68,403.500000,P1,1,68,431.000000
RH,70,403.750000,P1,1,70,431.333333
RH,72,404.000000,P1,1,72,431.666667
RH,74,404.250000,P1,1,74,432.000000
RH,75,404.500000,P1,1,75,432.333333
RH,77,404.666667,P1,1,77,432.666667
RH,78,405.000000,P1,1,78,433.000000
RH,79,405.125000,P1,1,79,433.333333
RH,80,405.375000,P1,1,80,433.666667
RH,81,405.625000,P1,1,81,434.000000
RH,82,405.875000,P1,1,82,434.333333
RH,83,406.125000,P1,1,83,434.666667
RH,68,406.500000,P1,5,68,435.000000
RH,72,406.500000,P1,5,72,435.000000
RH,75,406.500000,P1,5,75,435.000000
RH,84,406.500000,P1,1,84,435.000000
RH,77,407.125000,P1,1,77,435.750000
RH,77,407.375000,P1,1,77,436.000000
LH,56,409.250000,P1,5,56,438.000000
RH,60,409.250000,P1,5,60,438.000000
RH,63,409.250000,P1,5,63,438.000000
RH,65,409.875000,P1,1,65,438.750000
RH,65,410.125000,P1,1,65,439.000000
LH,32,412.250000,P1,5,32,441.000000
LH,44,412.250000,P1,5,44,441.000000
LH,48,412.250000,P1,1,48,441.000000
LH,51,412.250000,P1,1,51,441.000000
LH,53,412.250000,P1,1,53,441.000000
LH,32,413.250000,P1,5,32,442.000000
LH,44,413.250000,P1,5,44,442.000000
LH,48,413.250000,P1,1,48,442.000000
LH,51,413.250000,P1,1,51,442.000000
LH,53,413.250000,P1,1,53,442.000000
LH,32,414.250000,P1,5,32,443.000000
LH,44,414.250000,P1,5,44,443.000000
LH,53,414.250000,P1,1,53,443.000000
LH,48,414.333333,P1,1,48,443.000000
LH,51,414.333333,P1,1,51,443.000000
LH,33,415.500000,P1,5,33,444.000000
LH,45,415.500000,P1,5,45,444.000000
LH,48,415.500000,P1,1,48,444.000000
LH,51,415.500000,P1,1,51,444.000000
LH,54,415.500000,P1,1,54,444.000000
RH,78,419.250000,P1,1,78,447.000000
RH,69,419.333333,P1,5,69,447.000000
RH,72,419.333333,P1,1,72,447.000000
RH,75,419.333333,P1,1,75,447.000000
RH,69,420.666667,P1,5,69,448.000000
RH,72,420.666667,P1,1,72,448.000000
RH,75,420.666667,P1,1,75,448.000000
RH,78,420.666667,P1,1,78,448.000000
RH,69,422.125000,P1,5,69,449.000000
RH,72,422.125000,P1,1,72,449.000000
RH,75,422.125000,P1,1,75,449.000000
RH,78,422.125000,P1,1,78,449.000000
RH,70,424.375000,P1,5,70,450.000000
RH,75,424.375000,P1,1,75,450.000000
RH,79,424.375000,P1,1,79,450.000000
LH,46,431.500000,P1,5,46,453.000000
LH,56,431.500000,P1,2,56,453.000000
RH,62,431.500000,P1,2,62,453.000000
RH,67,431.500000,P1,1,67,453.000000
LH,34,431.625000,P1,5,34,453.000000
RH,65,431.875000,P1,1,65,453.500000
LH,34,432.333333,P1,5,34,454.000000
LH,46,432.333333,P1,5,46,454.000000
LH,56,432.333333,P1,2,56,454.000000
RH,65,432.333333,P1,1,65,454.000000
RH,67,432.500000,P1,1,67,454.250000
RH,65,432.625000,P1,1,65,454.500000
RH,64,432.750000,P1,1,64,454.750000
LH,34,433.000000,P1,5,34,455.000000
LH,46,433.000000,P1,5,46,455.000000
LH,56,433.000000,P1,2,56,455.000000
RH,65,433.000000,P1,1,65,455.000000
RH,67,433.375000,P1,1,67,455.500000
LH,39,433.875000,P1,5,39,456.000000
LH,51,433.875000,P1,5,51,456.000000
LH,55,433.875000,P1,1,55,456.000000
RH,63,433.875000,P1,1,63,456.000000
LH,51,434.250000,P1,5,51,456.500000
LH,51,434.625000,P1,5,51,457.000000
LH,51,435.000000,P1,5,51,457.500000
LH,51,435.375000,P1,5,51,458.000000
LH,51,435.750000,P1,5,51,458.500000
RH,60,436.125000,P1,7,60,459.000000
RH,63,436.125000,P1,7,63,459.000000
LH,51,436.625000,P1,5,51,459.500000
RH,80,436.750000,P1,1,80,459.750000
LH,51,437.000000,P1,5,51,460.000000
RH,80,437.000000,P1,1,80,460.000000
LH,51,437.375000,P1,5,51,460.500000
LH,51,437.875000,P1,5,51,461.000000
LH,51,438.250000,P1,5,51,461.500000
LH,58,438.666667,P1,7,58,462.000000
RH,62,438.666667,P1,7,62,462.000000
LH,51,439.000000,P1,5,51,462.500000
RH,67,439.125000,P1,1,67,462.750000
RH,67,439.375000,P1,1,67,463.000000
LH,51,439.500000,P1,5,51,463.000000
LH,51,439.875000,P1,5,51,463.500000
LH,51,440.250000,P1,5,51,464.000000
LH,51,440.666667,P1,5,51,464.500000
RH,75,441.000000,P1,1,75,465.000000
LH,51,441.125000,P1,5,51,465.000000
LH,56,441.125000,P1,7,56,465.000000
RH,60,441.125000,P1,7,60,465.000000
RH,65,441.250000,P1,1,65,465.250000
LH,51,441.500000,P1,5,51,465.500000
LH,51,441.875000,P1,5,51,466.000000
LH,56,441.875000,P1,7,56,466.000000
RH,60,441.875000,P1,7,60,466.000000
RH,75,441.875000,P1,1,75,466.000000
RH,65,442.000000,P1,1,65,466.250000
LH,51,442.250000,P1,5,51,466.500000
LH,51,442.625000,P1,5,51,467.000000
LH,56,442.625000,P1,7,56,467.000000
RH,74,442.625000,P1,1,74,467.000000
LH,59,442.666667,P1,7,59,467.000000
RH,65,442.750000,P1,1,65,467.250000
LH,51,443.000000,P1,5,51,467.500000
RH,75,443.375000,P1,1,75,468.000000
LH,51,443.500000,P1,5,51,468.000000
LH,55,443.500000,P1,7,55,468.000000
LH,58,443.500000,P1,7,58,468.000000
RH,63,443.625000,P1,1,63,468.250000
LH,51,443.875000,P1,5,51,468.500000
LH,51,444.250000,P1,5,51,469.000000
LH,51,444.625000,P1,5,51,469.500000
LH,51,445.000000,P1,5,51,470.000000
LH,51,445.375000,P1,5,51,470.500000
RH,60,445.875000,P1,7,60,471.000000
RH,63,445.875000,P1,7,63,471.000000
RH,87,446.125000,P1,1,87,471.250000
LH,51,446.333333,P1,5,51,471.500000
RH,86,446.333333,P1,1,86,471.500000
RH,87,446.500000,P1,1,87,471.750000
LH,51,446.666667,P1,5,51,472.000000
RH,86,446.666667,P1,1,86,472.000000
RH,87,446.875000,P1,1,87,472.250000
LH,51,447.125000,P1,5,51,472.500000
RH,89,447.125000,P1,1,89,472.500000
RH,87,447.250000,P1,1,87,472.750000
LH,51,447.500000,P1,5,51,473.000000
RH,80,447.500000,P1,1,80,473.000000
LH,51,447.875000,P1,5,51,473.500000
LH,58,448.333333,P1,7,58,474.000000
RH,62,448.333333,P1,7,62,474.000000
RH,75,448.500000,P1,1,75,474.250000
LH,51,448.750000,P1,5,51,474.500000
RH,74,448.750000,P1,1,74,474.500000
RH,75,448.875000,P1,1,75,474.750000
LH,51,449.125000,P1,5,51,475.000000
RH,74,449.125000,P1,1,74,475.000000
RH,75,449.333333,P1,1,75,475.250000
RH,77,449.500000,P1,1,77,475.500000
LH,51,449.625000,P1,5,51,475.500000
RH,75,449.666667,P1,1,75,475.750000
LH,51,450.000000,P1,5,51,476.000000
RH,67,450.000000,P1,1,67,476.000000
LH,51,450.375000,P1,5,51,476.500000
LH,51,450.750000,P1,5,51,477.000000
RH,60,450.750000,P1,7,60,477.000000
LH,56,450.875000,P1,7,56,477.000000
RH,65,451.000000,P1,1,65,477.250000
LH,51,451.125000,P1,5,51,477.500000
RH,74,451.125000,P1,1,74,477.500000
RH,75,451.375000,P1,1,75,477.750000
LH,51,451.625000,P1,5,51,478.000000
LH,56,451.625000,P1,7,56,478.000000
RH,60,451.625000,P1,7,60,478.000000
RH,65,451.750000,P1,1,65,478.250000
LH,51,451.875000,P1,5,51,478.500000
RH,74,451.875000,P1,1,74,478.500000
RH,75,452.125000,P1,1,75,478.750000
LH,51,452.333333,P1,5,51,479.000000
LH,56,452.333333,P1,7,56,479.000000
LH,59,452.333333,P1,7,59,479.000000
RH,65,452.500000,P1,1,65,479.250000
RH,73,452.625000,P1,1,73,479.500000
LH,51,452.750000,P1,5,51,479.500000
RH,74,452.875000,P1,1,74,479.750000
LH,51,453.125000,P1,6,51,480.000000
LH,55,453.125000,P1,5,55,480.000000
LH,58,453.125000,P1,5,58,480.000000
RH,63,453.125000,P1,1,63,480.000000
RH,75,453.125000,P1,1,75,480.000000
RH,65,453.500000,P1,1,65,480.250000
RH,63,453.625000,P1,1,63,480.500000
RH,62,453.750000,P1,1,62,480.750000
RH,63,454.000000,P1,1,63,481.000000
RH,65,454.125000,P1,1,65,481.250000
RH,67,454.333333,P1,1,67,481.500000
RH,68,454.500000,P1,1,68,481.750000
RH,70,454.625000,P1,1,70,482.000000
LH,55,455.000000,P1,5,55,482.500000
RH,67,455.000000,P1,1,67,482.500000
LH,53,455.500000,P1,5,53,483.000000
RH,65,455.500000,P1,1,65,483.000000
LH,56,455.875000,P1,5,56,483.500000
RH,68,455.875000,P1,1,68,483.500000
LH,50,456.250000,P1,5,50,484.000000
RH,62,456.250000,P1,1,62,484.000000
LH,53,456.625000,P1,5,53,484.500000
RH,65,456.625000,P1,1,65,484.500000
LH,46,457.000000,P1,5,46,485.000000
LH,58,457.000000,P1,1,58,485.000000
LH,50,457.375000,P1,5,50,485.500000
RH,62,457.375000,P1,1,62,485.500000
LH,51,457.750000,P1,5,51,486.000000
RH,63,457.750000,P1,1,63,486.000000
RH,65,458.000000,P1,1,65,486.250000
RH,63,458.125000,P1,1,63,486.500000
RH,62,458.333333,P1,1,62,486.750000
RH,63,458.500000,P1,1,63,487.000000
RH,65,458.666667,P1,1,65,487.250000
RH,67,458.875000,P1,1,67,487.500000
RH,68,459.125000,P1,1,68,487.750000
RH,60,459.250000,P1,5,60,488.000000
RH,72,459.250000,P1,1,72,488.000000
LH,58,459.500000,P1,5,58,488.250000
RH,70,459.500000,P1,1,70,488.250000
LH,56,459.625000,P1,5,56,488.500000
RH,68,459.625000,P1,1,68,488.500000
LH,55,459.750000,P1,5,55,488.750000
RH,67,459.750000,P1,1,67,488.750000
LH,53,460.000000,P1,5,53,489.000000
RH,65,460.000000,P1,1,65,489.000000
LH,56,460.375000,P1,5,56,489.500000
RH,68,460.375000,P1,1,68,489.500000
LH,50,460.750000,P1,5,50,490.000000
RH,62,460.750000,P1,1,62,490.000000
LH,53,461.125000,P1,5,53,490.500000
RH,65,461.125000,P1,1,65,490.500000
LH,46,461.500000,P1,5,46,491.000000
LH,58,461.500000,P1,1,58,491.000000
LH,50,461.875000,P1,5,50,491.500000
RH,62,461.875000,P1,1,62,491.500000
LH,51,462.333333,P1,5,51,492.000000
RH,63,462.333333,P1,1,63,492.000000
LH,55,462.666667,P1,5,55,492.500000
RH,67,462.666667,P1,1,67,492.500000
LH,48,463.125000,P1,5,48,493.000000
RH,60,463.125000,P1,1,60,493.000000
LH,51,463.500000,P1,5,51,493.500000
RH,63,463.500000,P1,1,63,493.500000
LH,45,463.875000,P1,5,45,494.000000
LH,57,463.875000,P1,1,57,494.000000
LH,48,464.250000,P1,5,48,494.500000
RH,60,464.250000,P1,1,60,494.500000
LH,41,464.625000,P1,5,41,495.000000
LH,53,464.625000,P1,1,53,495.000000
LH,45,465.000000,P1,5,45,495.500000
LH,57,465.000000,P1,1,57,495.500000
LH,48,465.500000,P1,5,48,496.000000
RH,60,465.500000,P1,1,60,496.000000
LH,52,465.875000,P1,5,52,496.500000
RH,64,465.875000,P1,1,64,496.500000
LH,53,466.125000,P1,5,53,497.000000
RH,65,466.125000,P1,1,65,497.000000
LH,45,466.500000,P1,5,45,497.500000
LH,57,466.500000,P1,1,57,497.500000
LH,46,467.000000,P1,5,46,498.000000
LH,58,467.000000,P1,1,58,498.000000
LH,50,467.375000,P1,5,50,498.500000
RH,62,467.375000,P1,1,62,498.500000
LH,53,467.750000,P1,5,53,499.000000
RH,65,467.750000,P1,1,65,499.000000
LH,57,468.125000,P1,5,57,499.500000
RH,69,468.125000,P1,1,69,499.500000
LH,58,468.500000,P1,5,58,500.000000
RH,70,468.500000,P1,1,70,500.000000
RH,62,468.875000,P1,5,62,500.500000
RH,74,468.875000,P1,1,74,500.500000
RH,65,469.250000,P1,5,65,501.000000
RH,77,469.250000,P1,1,77,501.000000
RH,69,469.625000,P1,5,69,501.500000
RH,81,469.625000,P1,1,81,501.500000
RH,70,470.000000,P1,5,70,502.000000
RH,82,470.000000,P1,1,82,502.000000
LH,58,470.750000,P1,5,58,503.000000
LH,46,471.625000,P1,5,46,504.000000
LH,34,472.375000,P1,5,34,505.000000
LH,32,473.250000,P1,5,32,506.000000
RH,82,473.750000,P1,1,82,506.500000
LH,31,474.375000,P1,5,31,507.000000
RH,87,474.375000,P1,1,87,507.000000
RH,63,475.375000,P1,5,63,507.750000
LH,55,475.500000,P1,5,55,508.000000
RH,63,475.750000,P1,5,63,508.250000
LH,58,475.875000,P1,5,58,508.500000
RH,86,475.875000,P1,1,86,508.500000
RH,63,476.125000,P1,5,63,508.750000
RH,87,476.125000,P1,1,87,508.750000
RH,89,476.250000,P1,1,89,509.000000
LH,55,476.333333,P1,5,55,509.000000
RH,63,476.500000,P1,5,63,509.250000
LH,58,476.666667,P1,5,58,509.500000
RH,87,476.666667,P1,1,87,509.500000
RH,63,476.875000,P1,5,63,509.750000
LH,55,477.125000,P1,5,55,510.000000
RH,82,477.125000,P1,1,82,510.000000
RH,63,477.250000,P1,5,63,510.250000
LH,58,477.500000,P1,5,58,510.500000
RH,63,477.666667,P1,5,63,510.750000
LH,55,477.875000,P1,5,55,511.000000
RH,63,478.000000,P1,5,63,511.250000
LH,58,478.250000,P1,5,58,511.500000
RH,84,478.250000,P1,1,84,511.500000
RH,63,478.500000,P1,5,63,511.750000
RH,82,478.500000,P1,1,82,511.750000
LH,55,478.666667,P1,5,55,512.000000
RH,80,478.666667,P1,1,80,512.000000
RH,63,478.875000,P1,5,63,512.250000
LH,58,479.000000,P1,5,58,512.500000
RH,79,479.125000,P1,1,79,512.500000
RH,63,479.250000,P1,5,63,512.750000
LH,56,479.500000,P1,5,56,513.000000
RH,83,479.500000,P1,1,83,513.000000
RH,84,479.625000,P1,1,84,513.250000
RH,63,479.666667,P1,5,63,513.250000
RH,60,479.875000,P1,5,60,513.500000
RH,63,480.125000,P1,5,63,513.750000
LH,56,480.333333,P1,5,56,514.000000
RH,83,480.333333,P1,1,83,514.000000
RH,63,480.500000,P1,5,63,514.250000
RH,84,480.500000,P1,1,84,514.250000
RH,60,480.750000,P1,5,60,514.500000
RH,63,481.000000,P1,5,63,514.750000
LH,56,481.125000,P1,5,56,515.000000
RH,79,481.125000,P1,1,79,515.000000
RH,80,481.250000,P1,1,80,515.250000
RH,64,481.375000,P1,5,64,515.250000
RH,60,481.500000,P1,5,60,515.500000
RH,64,481.750000,P1,5,64,515.750000
LH,56,482.000000,P1,5,56,516.000000
RH,76,482.000000,P1,1,76,516.000000
RH,77,482.125000,P1,1,77,516.250000
RH,65,482.250000,P1,5,65,516.250000
RH,60,482.375000,P1,5,60,516.500000
RH,65,482.625000,P1,5,65,516.750000
LH,56,482.750000,P1,5,56,517.000000
RH,65,483.000000,P1,5,65,517.250000
RH,60,483.250000,P1,5,60,517.500000
RH,65,483.375000,P1,5,65,517.750000
LH,57,483.625000,P1,5,57,518.000000
RH,65,483.750000,P1,5,65,518.250000
RH,63,484.000000,P1,5,63,518.500000
RH,77,484.000000,P1,1,77,518.500000
RH,65,484.250000,P1,5,65,518.750000
LH,58,484.375000,P1,5,58,519.000000
RH,80,484.375000,P1,1,80,519.000000
RH,65,484.666667,P1,5,65,519.250000
RH,62,484.875000,P1,5,62,519.500000
RH,65,485.125000,P1,5,65,519.750000
LH,53,485.333333,P1,5,53,520.000000
RH,62,485.500000,P1,5,62,520.250000
LH,58,485.666667,P1,5,58,520.500000
RH,82,485.666667,P1,1,82,520.500000
RH,62,485.875000,P1,5,62,520.750000
RH,80,485.875000,P1,1,80,520.750000
LH,50,486.125000,P1,5,50,521.000000
RH,79,486.125000,P1,1,79,521.000000
LH,58,486.333333,P1,5,58,521.250000
LH,53,486.500000,P1,5,53,521.500000
RH,77,486.500000,P1,1,77,521.500000
LH,58,486.666667,P1,5,58,521.750000
LH,46,486.875000,P1,5,46,522.000000
RH,75,486.875000,P1,1,75,522.000000
LH,56,487.125000,P1,5,56,522.250000
LH,53,487.333333,P1,5,53,522.500000
RH,74,487.333333,P1,1,74,522.500000
LH,56,487.500000,P1,5,56,522.750000
LH,46,487.666667,P1,5,46,523.000000
RH,72,487.666667,P1,1,72,523.000000
LH,56,487.875000,P1,5,56,523.250000
LH,53,488.125000,P1,5,53,523.500000
RH,70,488.125000,P1,1,70,523.500000
LH,56,488.333333,P1,5,56,523.750000
LH,47,488.500000,P1,5,47,524.000000
RH,68,488.500000,P1,1,68,524.000000
LH,56,488.666667,P1,5,56,524.250000
RH,65,489.000000,P1,1,65,524.500000
LH,56,489.125000,P1,5,56,524.750000
LH,48,489.333333,P1,5,48,525.000000
RH,63,489.375000,P1,1,63,525.000000
LH,55,489.500000,P1,5,55,525.250000
LH,51,489.666667,P1,5,51,525.500000
RH,67,489.750000,P1,1,67,525.500000
LH,55,490.000000,P1,5,55,525.750000
LH,44,490.125000,P1,5,44,526.000000
RH,60,490.125000,P1,1,60,526.000000
LH,53,490.333333,P1,5,53,526.250000
RH,68,490.500000,P1,1,68,526.500000
LH,53,490.750000,P1,5,53,526.750000
LH,46,491.000000,P1,5,46,527.000000
RH,62,491.000000,P1,1,62,527.000000
LH,53,491.375000,P1,5,53,527.250000
RH,65,491.375000,P1,1,65,527.500000
LH,56,491.666667,P1,5,56,527.750000
RH,63,491.875000,P1,1,63,528.000000
LH,39,492.000000,P1,5,39,528.000000
LH,51,492.000000,P1,5,51,528.000000
LH,55,492.250000,P1,1,55,528.250000
LH,58,492.500000,P1,1,58,528.500000
LH,56,492.625000,P1,1,56,528.750000
LH,55,492.875000,P1,1,55,529.000000
LH,56,493.000000,P1,1,56,529.200000
LH,58,493.250000,P1,1,58,529.400000
RH,60,493.375000,P1,1,60,529.600000
RH,62,493.625000,P1,1,62,529.800000
RH,63,493.750000,P1,1,63,530.000000
RH,62,494.000000,P1,1,62,530.083333
RH,65,494.125000,P1,1,65,530.166667
RH,63,494.250000,P1,1,63,530.250000
RH,67,494.500000,P1,1,67,530.333333
RH,65,494.625000,P1,1,65,530.416667
RH,63,494.750000,P1,1,63,530.500000
RH,62,495.000000,P1,1,62,530.583333
RH,60,495.125000,P1,1,60,530.666667
LH,58,495.250000,P1,1,58,530.750000
RH,60,495.500000,P1,1,60,530.833333
LH,56,495.625000,P1,1,56,530.916667
LH,55,495.875000,P1,1,55,531.000000
LH,58,496.000000,P1,1,58,531.250000
LH,56,496.250000,P1,1,56,531.500000
LH,55,496.375000,P1,1,55,531.750000
LH,56,496.625000,P1,1,56,532.000000
LH,58,496.750000,P1,1,58,532.250000
RH,60,497.000000,P1,1,60,532.500000
RH,62,497.125000,P1,1,62,532.750000
RH,63,497.375000,P1,1,63,533.000000
RH,62,497.500000,P1,1,62,533.250000
RH,60,497.750000,P1,1,60,533.500000
LH,58,497.875000,P1,1,58,533.750000
RH,60,498.125000,P1,1,60,534.000000
RH,62,498.250000,P1,1,62,534.250000
RH,63,498.500000,P1,1,63,534.500000
RH,65,498.666667,P1,1,65,534.750000
RH,67,498.875000,P1,1,67,535.000000
RH,65,499.125000,P1,1,65,535.250000
RH,63,499.250000,P1,1,63,535.500000
RH,62,499.500000,P1,1,62,535.750000
RH,63,499.625000,P1,1,63,536.000000
RH,65,499.750000,P1,1,65,536.250000
RH,67,500.000000,P1,1,67,536.500000
RH,68,500.250000,P1,1,68,536.750000
RH,72,500.375000,P1,1,72,537.000000
RH,70,500.625000,P1,1,70,537.250000
RH,68,500.750000,P1,1,68,537.500000
RH,67,501.000000,P1,1,67,537.750000
RH,68,501.125000,P1,1,68,538.000000
RH,70,501.333333,P1,1,70,538.250000
RH,72,501.500000,P1,1,72,538.500000
RH,74,501.750000,P1,1,74,538.750000
RH,75,501.875000,P1,1,75,539.000000
RH,74,502.125000,P1,1,74,539.250000
RH,72,502.250000,P1,1,72,539.500000
RH,70,502.500000,P1,1,70,539.750000
RH,72,502.625000,P1,1,72,540.000000
RH,74,502.875000,P1,1,74,540.250000
RH,75,503.000000,P1,1,75,540.500000
RH,77,503.250000,P1,1,77,540.750000
RH,79,503.375000,P1,1,79,541.000000
RH,77,503.625000,P1,1,77,541.250000
RH,75,503.750000,P1,1,75,541.500000
RH,74,503.875000,P1,1,74,541.750000
RH,75,504.125000,P1,1,75,542.000000
RH,77,504.250000,P1,1,77,542.250000
RH,79,504.500000,P1,1,79,542.500000
RH,80,504.666667,P1,1,80,542.750000
RH,84,504.875000,P1,1,84,543.000000
RH,82,505.125000,P1,1,82,543.250000
RH,80,505.333333,P1,1,80,543.500000
RH,79,505.500000,P1,1,79,543.750000
RH,82,505.750000,P1,1,82,544.000000
RH,80,506.125000,P1,1,80,544.333333
RH,79,506.333333,P1,1,79,544.666667
RH,80,506.500000,P1,1,80,545.000000
RH,82,506.666667,P1,1,82,545.250000
RH,84,506.875000,P1,1,84,545.500000
RH,86,507.125000,P1,1,86,545.750000
LH,55,507.250000,P1,5,55,546.000000
RH,87,507.250000,P1,1,87,546.000000
RH,63,507.500000,P1,5,63,546.250000
LH,58,507.750000,P1,5,58,546.500000
RH,63,507.875000,P1,5,63,546.750000
LH,55,508.125000,P1,5,55,547.000000
RH,63,508.250000,P1,5,63,547.250000
LH,58,508.500000,P1,5,58,547.500000
RH,86,508.500000,P1,1,86,547.500000
RH,63,508.666667,P1,5,63,547.750000
RH,87,508.666667,P1,1,87,547.750000
LH,55,508.875000,P1,5,55,548.000000
RH,86,508.875000,P1,1,86,548.000000
RH,63,509.000000,P1,5,63,548.250000
RH,87,509.000000,P1,1,87,548.250000
LH,58,509.250000,P1,5,58,548.500000
RH,89,509.250000,P1,1,89,548.500000
RH,63,509.500000,P1,5,63,548.750000
RH,87,509.500000,P1,1,87,548.750000
LH,55,509.750000,P1,5,55,549.000000
RH,82,509.750000,P1,1,82,549.000000
RH,63,509.875000,P1,5,63,549.250000
LH,58,510.125000,P1,5,58,549.500000
RH,63,510.333333,P1,5,63,549.750000
LH,55,510.500000,P1,5,55,550.000000
RH,63,510.625000,P1,5,63,550.250000
LH,58,510.875000,P1,5,58,550.500000
RH,81,510.875000,P1,1,81,550.500000
RH,63,511.125000,P1,5,63,550.750000
RH,82,511.125000,P1,1,82,550.750000
LH,55,511.333333,P1,5,55,551.000000
RH,84,511.333333,P1,1,84,551.000000
RH,63,511.500000,P1,5,63,551.250000
RH,82,511.500000,P1,1,82,551.250000
LH,58,511.666667,P1,5,58,551.500000
RH,80,511.666667,P1,1,80,551.500000
RH,63,511.875000,P1,5,63,551.750000
RH,79,511.875000,P1,1,79,551.750000
LH,56,512.125000,P1,5,56,552.000000
RH,83,512.125000,P1,1,83,552.000000
RH,63,512.250000,P1,5,63,552.250000
RH,84,512.250000,P1,1,84,552.250000
RH,60,512.500000,P1,5,60,552.500000
RH,83,512.500000,P1,1,83,552.500000
RH,63,512.666667,P1,5,63,552.750000
RH,84,512.666667,P1,1,84,552.750000
LH,56,512.875000,P1,5,56,553.000000
RH,83,512.875000,P1,1,83,553.000000
RH,63,513.125000,P1,5,63,553.250000
RH,84,513.125000,P1,1,84,553.250000
RH,60,513.250000,P1,5,60,553.500000
RH,83,513.250000,P1,1,83,553.500000
RH,63,513.500000,P1,5,63,553.750000
RH,84,513.500000,P1,1,84,553.750000
LH,56,513.666667,P1,5,56,554.000000
RH,79,513.666667,P1,1,79,554.000000
RH,64,513.875000,P1,5,64,554.250000
RH,80,513.875000,P1,1,80,554.250000
RH,60,514.125000,P1,5,60,554.500000
RH,79,514.125000,P1,1,79,554.500000
RH,64,514.250000,P1,5,64,554.750000
RH,80,514.250000,P1,1,80,554.750000
LH,56,514.500000,P1,5,56,555.000000
RH,76,514.500000,P1,1,76,555.000000
RH,65,514.666667,P1,5,65,555.250000
RH,77,514.666667,P1,1,77,555.250000
RH,60,514.875000,P1,5,60,555.500000
RH,76,514.875000,P1,1,76,555.500000
RH,65,515.125000,P1,5,65,555.750000
RH,77,515.125000,P1,1,77,555.750000
LH,56,515.333333,P1,5,56,556.000000
RH,65,515.500000,P1,5,65,556.250000
RH,60,515.750000,P1,5,60,556.500000
RH,65,516.000000,P1,5,65,556.750000
LH,57,516.125000,P1,5,57,557.000000
RH,65,516.250000,P1,5,65,557.250000
RH,63,516.500000,P1,5,63,557.500000
RH,77,516.500000,P1,1,77,557.500000
RH,65,516.750000,P1,5,65,557.750000
LH,58,517.000000,P1,5,58,558.000000
RH,80,517.000000,P1,1,80,558.000000
RH,65,517.125000,P1,5,65,558.250000
RH,62,517.375000,P1,5,62,558.500000
RH,65,517.625000,P1,5,65,558.750000
LH,53,517.875000,P1,5,53,559.000000
RH,62,518.000000,P1,5,62,559.250000
LH,58,518.250000,P1,5,58,559.500000
RH,79,518.250000,P1,1,79,559.500000
RH,62,518.375000,P1,5,62,559.750000
RH,80,518.375000,P1,1,80,559.750000
LH,50,518.625000,P1,5,50,560.000000
RH,82,518.625000,P1,1,82,560.000000
RH,80,518.750000,P1,1,80,560.250000
LH,58,518.875000,P1,5,58,560.250000
LH,53,519.000000,P1,5,53,560.500000
RH,79,519.000000,P1,1,79,560.500000
LH,58,519.125000,P1,5,58,560.750000
RH,77,519.125000,P1,1,77,560.750000
LH,46,519.375000,P1,5,46,561.000000
RH,75,519.375000,P1,1,75,561.000000
LH,56,519.625000,P1,5,56,561.250000
RH,74,519.625000,P1,1,74,561.250000
LH,53,519.750000,P1,5,53,561.500000
RH,79,519.750000,P1,1,79,561.500000
LH,56,520.000000,P1,5,56,561.750000
RH,77,520.000000,P1,1,77,561.750000
LH,46,520.125000,P1,5,46,562.000000
RH,75,520.125000,P1,1,75,562.000000
LH,56,520.375000,P1,5,56,562.250000
RH,74,520.375000,P1,1,74,562.250000
RH,72,520.500000,P1,1,72,562.500000
LH,53,520.625000,P1,5,53,562.500000
LH,56,520.750000,P1,5,56,562.750000
RH,70,520.750000,P1,1,70,562.750000
LH,47,521.000000,P1,5,47,563.000000
RH,68,521.000000,P1,1,68,563.000000
LH,56,521.125000,P1,5,56,563.250000
RH,67,521.125000,P1,1,67,563.250000
RH,68,521.333333,P1,1,68,563.500000
LH,56,521.500000,P1,5,56,563.750000
RH,65,521.500000,P1,1,65,563.750000
LH,48,521.750000,P1,5,48,564.000000
LH,55,522.000000,P1,5,55,564.250000
RH,63,522.000000,P1,1,63,564.250000
LH,51,522.125000,P1,5,51,564.500000
RH,67,522.125000,P1,1,67,564.500000
LH,55,522.375000,P1,5,55,564.750000
LH,44,522.625000,P1,5,44,565.000000
LH,53,522.750000,P1,5,53,565.250000
RH,60,522.750000,P1,1,60,565.250000
RH,68,523.000000,P1,1,68,565.500000
LH,53,523.250000,P1,5,53,565.750000
LH,46,523.375000,P1,5,46,566.000000
RH,62,523.500000,P1,1,62,566.250000
RH,65,523.750000,P1,1,65,566.500000
LH,56,523.875000,P1,5,56,566.750000
RH,63,524.125000,P1,1,63,567.000000
LH,51,524.250000,P1,5,51,567.000000
LH,55,524.375000,P1,5,55,567.250000
LH,56,524.625000,P1,5,56,567.500000
LH,58,524.750000,P1,5,58,567.750000
RH,60,525.000000,P1,1,60,568.000000
RH,62,525.125000,P1,1,62,568.250000
RH,63,525.333333,P1,1,63,568.500000
RH,65,525.500000,P1,1,65,568.750000
RH,67,525.750000,P1,1,67,569.000000
RH,68,525.875000,P1,1,68,569.250000
RH,70,526.125000,P1,1,70,569.500000
RH,72,526.333333,P1,1,72,569.750000
RH,70,526.500000,P1,1,70,570.000000
LH,50,527.000000,P1,5,50,570.500000
LH,53,527.000000,P1,5,53,570.500000
LH,58,527.000000,P1,5,58,570.500000
LH,50,527.375000,P1,5,50,571.000000
LH,53,527.375000,P1,5,53,571.000000
LH,58,527.375000,P1,5,58,571.000000
LH,50,527.750000,P1,5,50,571.500000
LH,53,527.750000,P1,5,53,571.500000
LH,58,527.750000,P1,5,58,571.500000
LH,50,528.125000,P1,5,50,572.000000
LH,53,528.125000,P1,5,53,572.000000
LH,58,528.125000,P1,5,58,572.000000
RH,68,528.125000,P1,1,68,572.000000
RH,70,528.333333,P1,2,70,572.200000
LH,50,528.500000,P1,5,50,572.500000
LH,58,528.500000,P1,5,58,572.500000
RH,68,528.500000,P1,2,68,572.400000
RH,67,528.666667,P1,2,67,572.600000
RH,68,528.750000,P1,2,68,572.800000
RH,63,528.875000,P1,5,63,573.000000
RH,67,528.875000,P1,1,67,573.000000
RH,67,529.250000,P1,5,67,573.250000
RH,68,529.375000,P1,5,68,573.500000
RH,70,529.500000,P1,5,70,573.750000
RH,72,529.750000,P1,1,72,574.000000
RH,74,529.875000,P1,1,74,574.250000
RH,75,530.000000,P1,1,75,574.500000
RH,77,530.250000,P1,1,77,574.750000
RH,79,530.500000,P1,1,79,575.000000
RH,80,530.625000,P1,1,80,575.250000
RH,82,530.875000,P1,1,82,575.500000
RH,84,531.000000,P1,1,84,575.750000
RH,82,531.250000,P1,1,82,576.000000
RH,62,531.666667,P1,5,62,576.500000
RH,65,531.666667,P1,5,65,576.500000
RH,70,531.666667,P1,5,70,576.500000
RH,62,532.125000,P1,5,62,577.000000
RH,65,532.125000,P1,5,65,577.000000
RH,70,532.125000,P1,5,70,577.000000
RH,62,532.500000,P1,5,62,577.500000
RH,65,532.500000,P1,5,65,577.500000
RH,70,532.500000,P1,5,70,577.500000
RH,62,533.000000,P1,5,62,578.000000
RH,65,533.000000,P1,5,65,578.000000
RH,70,533.000000,P1,5,70,578.000000
RH,80,533.000000,P1,1,80,578.000000
RH,82,533.125000,P1,2,82,578.200000
RH,80,533.250000,P1,2,80,578.400000
RH,62,533.375000,P1,5,62,578.500000
RH,70,533.375000,P1,5,70,578.500000
RH,79,533.500000,P1,2,79,578.600000
RH,80,533.500000,P1,2,80,578.800000
RH,79,533.750000,P1,1,79,579.000000
RH,63,534.125000,P1,5,63,579.500000
RH,67,534.125000,P1,5,67,579.500000
RH,70,534.125000,P1,5,70,579.500000
RH,77,534.500000,P1,1,77,580.000000
RH,79,534.666667,P1,2,79,580.200000
RH,77,534.875000,P1,2,77,580.400000
LH,59,535.000000,P1,5,59,580.500000
RH,67,535.000000,P1,5,67,580.500000
RH,76,535.000000,P1,2,76,580.600000
RH,77,535.125000,P1,2,77,580.800000
RH,75,535.333333,P1,1,75,581.000000
RH,60,535.666667,P1,5,60,581.500000
RH,67,535.666667,P1,5,67,581.500000
RH,63,535.750000,P1,5,63,581.500000
RH,73,536.125000,P1,1,73,582.000000
RH,75,536.250000,P1,2,75,582.200000
LH,55,536.500000,P1,5,55,582.500000
RH,63,536.500000,P1,5,63,582.500000
RH,73,536.500000,P1,2,73,582.400000
RH,72,536.625000,P1,2,72,582.600000
RH,73,536.666667,P1,2,73,582.800000
RH,72,536.875000,P1,1,72,583.000000
LH,56,537.250000,P1,5,56,583.500000
RH,60,537.250000,P1,5,60,583.500000
RH,63,537.250000,P1,5,63,583.500000
RH,70,537.666667,P1,1,70,584.000000
RH,72,537.875000,P1,2,72,584.200000
LH,52,538.000000,P1,5,52,584.500000
RH,60,538.000000,P1,5,60,584.500000
RH,70,538.000000,P1,2,70,584.400000
RH,69,538.125000,P1,2,69,584.600000
RH,70,538.250000,P1,2,70,584.800000
RH,69,538.375000,P1,1,69,585.000000
LH,53,538.875000,P1,5,53,585.500000
LH,57,538.875000,P1,5,57,585.500000
RH,60,538.875000,P1,5,60,585.500000
RH,68,539.250000,P1,1,68,586.000000
RH,70,539.375000,P1,2,70,586.200000
RH,68,539.500000,P1,2,68,586.400000
LH,50,539.625000,P1,5,50,586.500000
LH,58,539.625000,P1,5,58,586.500000
LH,53,539.666667,P1,5,53,586.500000
RH,67,539.666667,P1,2,67,586.600000
RH,68,539.750000,P1,2,68,586.800000
RH,67,540.000000,P1,1,67,587.000000
LH,51,540.375000,P1,5,51,587.500000
LH,55,540.375000,P1,5,55,587.500000
LH,58,540.375000,P1,5,58,587.500000
RH,65,540.750000,P1,1,65,588.000000
LH,55,541.000000,P1,5,55,588.500000
RH,65,541.000000,P1,2,65,588.400000
RH,67,541.000000,P1,2,67,588.200000
LH,47,541.125000,P1,5,47,588.500000
RH,64,541.250000,P1,2,64,588.600000
RH,65,541.333333,P1,2,65,588.800000
RH,63,541.500000,P1,1,63,589.000000
LH,48,541.875000,P1,5,48,589.500000
LH,55,541.875000,P1,5,55,589.500000
LH,51,542.000000,P1,5,51,589.500000
RH,61,542.333333,P1,1,61,590.000000
RH,63,542.500000,P1,2,63,590.200000
LH,43,542.666667,P1,5,43,590.500000
LH,51,542.666667,P1,5,51,590.500000
RH,61,542.666667,P1,2,61,590.400000
RH,60,542.750000,P1,2,60,590.600000
RH,61,543.000000,P1,2,61,590.800000
RH,60,543.125000,P1,1,60,591.000000
LH,44,543.500000,P1,5,44,591.500000
LH,48,543.500000,P1,5,48,591.500000
LH,51,543.500000,P1,5,51,591.500000
LH,58,543.875000,P1,1,58,592.000000
RH,60,544.125000,P1,2,60,592.200000
LH,40,544.250000,P1,5,40,592.500000
LH,48,544.250000,P1,5,48,592.500000
LH,58,544.250000,P1,2,58,592.400000
LH,57,544.375000,P1,2,57,592.600000
LH,58,544.500000,P1,2,58,592.800000
LH,57,544.666667,P1,1,57,593.000000
LH,41,545.000000,P1,5,41,593.500000
LH,45,545.000000,P1,5,45,593.500000
LH,48,545.000000,P1,5,48,593.500000
LH,56,545.375000,P1,1,56,594.000000
LH,58,545.625000,P1,2,58,594.200000
LH,38,545.750000,P1,5,38,594.500000
LH,41,545.750000,P1,5,41,594.500000
LH,46,545.750000,P1,5,46,594.500000
LH,56,545.750000,P1,2,56,594.400000
LH,55,546.000000,P1,2,55,594.600000
LH,39,546.500000,P1,5,39,595.500000
LH,43,546.500000,P1,5,43,595.500000
LH,46,546.500000,P1,5,46,595.500000
RH,68,547.000000,P1,1,68,596.000000
RH,70,547.125000,P1,2,70,596.200000
RH,68,547.333333,P1,2,68,596.400000
LH,38,547.375000,P1,5,38,596.500000
LH,46,547.375000,P1,5,46,596.500000
RH,67,547.500000,P1,2,67,596.600000
RH,68,547.625000,P1,2,68,596.800000
RH,67,547.750000,P1,1,67,597.000000
LH,39,548.125000,P1,5,39,597.500000
LH,43,548.125000,P1,5,43,597.500000
LH,46,548.125000,P1,5,46,597.500000
LH,56,548.500000,P1,1,56,598.000000
LH,58,548.666667,P1,2,58,598.200000
LH,38,548.750000,P1,5,38,598.500000
LH,46,548.750000,P1,5,46,598.500000
LH,56,548.875000,P1,2,56,598.400000
LH,55,549.000000,P1,2,55,598.600000
LH,56,549.125000,P1,2,56,598.800000
LH,55,549.250000,P1,1,55,599.000000
LH,39,549.666667,P1,5,39,599.500000
LH,43,549.666667,P1,5,43,599.500000
LH,46,549.666667,P1,5,46,599.500000
RH,68,550.125000,P1,1,68,600.000000
RH,70,550.250000,P1,2,70,600.200000
LH,38,550.375000,P1,5,38,600.500000
LH,46,550.375000,P1,5,46,600.500000
RH,68,550.375000,P1,2,68,600.400000
RH,67,550.500000,P1,2,67,600.600000
RH,68,550.625000,P1,2,68,600.800000
RH,67,550.875000,P1,1,67,601.000000
LH,39,551.125000,P1,5,39,601.500000
LH,43,551.125000,P1,5,43,601.500000
LH,46,551.125000,P1,5,46,601.500000
LH,56,551.625000,P1,1,56,602.000000
LH,58,551.750000,P1,2,58,602.200000
LH,55,552.125000,P1,2,55,602.600000
LH,56,552.250000,P1,2,56,602.400000
LH,39,552.750000,P1,5,39,603.000000
LH,43,552.750000,P1,5,43,603.000000
LH,46,552.750000,P1,5,46,603.000000
LH,55,552.750000,P1,1,55,603.000000
LH,51,553.000000,P1,1,51,603.250000
LH,51,553.375000,P1,1,51,603.750000
LH,55,553.625000,P1,1,55,604.000000
LH,51,553.750000,P1,1,51,604.250000
LH,58,554.000000,P1,1,58,604.500000
LH,55,554.250000,P1,1,55,604.750000
RH,63,554.375000,P1,1,63,605.000000
LH,58,554.625000,P1,1,58,605.250000
RH,67,554.750000,P1,1,67,605.500000
RH,63,555.000000,P1,1,63,605.750000
LH,58,555.125000,P1,1,58,606.000000
LH,55,555.375000,P1,1,55,606.250000
RH,63,555.500000,P1,1,63,606.500000
LH,58,555.750000,P1,1,58,606.750000
RH,67,556.000000,P1,1,67,607.000000
RH,63,556.125000,P1,1,63,607.250000
RH,70,556.375000,P1,1,70,607.500000
RH,67,556.500000,P1,1,67,607.750000
RH,63,556.666667,P1,1,63,608.000000
LH,58,556.875000,P1,1,58,608.250000
RH,67,557.125000,P1,1,67,608.500000
RH,63,557.250000,P1,1,63,608.750000
RH,70,557.500000,P1,1,70,609.000000
RH,67,557.666667,P1,1,67,609.250000
RH,75,557.875000,P1,1,75,609.500000
RH,70,558.125000,P1,1,70,609.750000
RH,67,558.250000,P1,1,67,610.000000
RH,63,558.500000,P1,1,63,610.250000
RH,70,558.666667,P1,1,70,610.500000
RH,67,558.875000,P1,1,67,610.750000
RH,75,559.000000,P1,1,75,611.000000
RH,70,559.250000,P1,1,70,611.250000
RH,79,559.375000,P1,1,79,611.500000
RH,75,559.500000,P1,1,75,611.750000
RH,82,559.750000,P1,1,82,612.000000
LH,58,560.250000,P1,5,58,612.500000
RH,70,560.250000,P1,1,70,612.500000
RH,63,560.666667,P1,5,63,613.000000
RH,75,560.666667,P1,1,75,613.000000
RH,67,561.125000,P1,5,67,613.500000
RH,79,561.125000,P1,1,79,613.500000
RH,70,561.500000,P1,5,70,614.000000
RH,82,561.500000,P1,1,82,614.000000
LH,58,562.000000,P1,1,58,614.500000
RH,63,562.375000,P1,1,63,615.000000
RH,67,562.750000,P1,1,67,615.500000
RH,70,563.125000,P1,1,70,616.000000
LH,34,563.625000,P1,5,34,616.500000
LH,46,563.625000,P1,1,46,616.500000
LH,39,564.000000,P1,5,39,617.000000
LH,51,564.000000,P1,1,51,617.000000
LH,43,564.375000,P1,5,43,617.500000
LH,55,564.375000,P1,1,55,617.500000
LH,46,564.875000,P1,5,46,618.000000
LH,58,564.875000,P1,1,58,618.000000
LH,51,565.250000,P1,5,51,618.500000
RH,63,565.250000,P1,1,63,618.500000
LH,55,565.625000,P1,5,55,619.000000
RH,67,565.625000,P1,1,67,619.000000
LH,58,566.000000,P1,5,58,619.500000
RH,70,566.000000,P1,1,70,619.500000
RH,63,566.375000,P1,5,63,620.000000
RH,75,566.375000,P1,1,75,620.000000
RH,67,566.750000,P1,5,67,620.500000
RH,79,566.750000,P1,1,79,620.500000
RH,70,567.125000,P1,5,70,621.000000
RH,82,567.125000,P1,1,82,621.000000
RH,81,567.625000,P1,1,81,621.500000
RH,84,568.000000,P1,1,84,622.000000
RH,82,568.375000,P1,1,82,622.500000
RH,80,568.750000,P1,1,80,623.000000
RH,79,569.250000,P1,1,79,623.500000
RH,77,569.625000,P1,1,77,624.000000
RH,79,569.750000,P1,2,79,624.125000
RH,77,570.000000,P1,2,77,624.500000
LH,58,570.125000,P1,5,58,624.500000
RH,79,570.125000,P1,2,79,624.625000
RH,77,570.250000,P1,2,77,624.750000
RH,79,570.375000,P1,2,79,624.875000
RH,62,570.500000,P1,5,62,625.000000
RH,77,570.500000,P1,2,77,625.000000
RH,79,570.625000,P1,2,79,625.125000
RH,77,570.750000,P1,2,77,625.250000
RH,65,570.875000,P1,5,65,625.500000
RH,79,570.875000,P1,2,79,625.625000
RH,77,571.125000,P1,2,77,625.750000
RH,68,571.250000,P1,5,68,626.000000
RH,79,571.250000,P1,2,79,625.875000
RH,77,571.333333,P1,2,77,626.000000
RH,79,571.500000,P1,2,79,626.125000
RH,77,571.625000,P1,2,77,626.500000
LH,46,571.666667,P1,5,46,626.500000
RH,79,571.750000,P1,2,79,626.625000
RH,77,571.875000,P1,2,77,626.750000
LH,50,572.000000,P1,5,50,627.000000
RH,79,572.000000,P1,2,79,626.875000
RH,77,572.125000,P1,2,77,627.250000
RH,79,572.333333,P1,2,79,627.375000
LH,53,572.375000,P1,5,53,627.500000
RH,77,572.500000,P1,2,77,627.500000
RH,79,572.666667,P1,2,79,627.875000
LH,56,572.750000,P1,5,56,628.000000
RH,77,572.750000,P1,2,77,628.000000
RH,79,573.000000,P1,2,79,628.125000
RH,77,573.125000,P1,2,77,628.500000
LH,47,573.250000,P1,5,47,628.500000
RH,79,573.250000,P1,2,79,628.625000
RH,77,573.375000,P1,2,77,628.750000
LH,50,573.500000,P1,5,50,629.000000
RH,79,573.500000,P1,2,79,628.875000
RH,77,573.666667,P1,2,77,629.000000
RH,79,573.875000,P1,2,79,629.375000
LH,53,574.000000,P1,5,53,629.500000
RH,77,574.000000,P1,2,77,629.500000
RH,79,574.125000,P1,2,79,629.625000
RH,77,574.250000,P1,2,77,630.000000
LH,56,574.333333,P1,5,56,630.000000
RH,79,574.333333,P1,2,79,630.125000
RH,77,574.500000,P1,2,77,630.250000
RH,79,574.666667,P1,2,79,630.375000
LH,46,574.750000,P1,5,46,630.500000
RH,77,574.875000,P1,2,77,630.750000
RH,79,575.000000,P1,2,79,630.875000
LH,50,575.125000,P1,5,50,631.000000
RH,77,575.125000,P1,2,77,631.000000
RH,79,575.333333,P1,2,79,631.125000
LH,53,575.500000,P1,5,53,631.500000
RH,77,575.500000,P1,2,77,631.500000
RH,79,575.625000,P1,2,79,631.625000
RH,77,575.750000,P1,2,77,631.750000
LH,56,575.875000,P1,5,56,632.000000
RH,79,576.000000,P1,2,79,632.125000
RH,77,576.125000,P1,2,77,632.250000
LH,58,576.250000,P1,5,58,632.500000
RH,79,576.250000,P1,2,79,632.625000
RH,77,576.500000,P1,2,77,632.750000
RH,79,576.625000,P1,2,79,632.875000
RH,62,576.666667,P1,5,62,633.000000
RH,77,576.750000,P1,2,77,633.250000
RH,65,577.000000,P1,5,65,633.500000
RH,79,577.000000,P1,2,79,633.375000
RH,77,577.125000,P1,2,77,633.750000
RH,79,577.250000,P1,2,79,633.875000
RH,68,577.375000,P1,5,68,634.000000
RH,77,577.375000,P1,2,77,634.000000
LH,58,577.750000,P1,5,58,634.500000
RH,77,577.875000,P1,2,77,634.666667
RH,82,578.125000,P1,1,82,635.000000
RH,68,578.250000,P1,5,68,635.000000
LH,58,578.625000,P1,5,58,635.500000
RH,82,578.625000,P1,1,82,635.500000
RH,63,579.125000,P1,5,63,636.000000
RH,67,579.125000,P1,5,67,636.000000
RH,75,579.125000,P1,1,75,636.000000
RH,75,579.666667,P1,1,75,636.500000
RH,76,580.125000,P1,1,76,637.000000
RH,77,580.500000,P1,1,77,637.500000
RH,78,581.000000,P1,1,78,638.000000
RH,79,581.375000,P1,1,79,638.500000
RH,80,582.000000,P1,1,80,639.000000
RH,60,582.125000,P1,5,60,639.000000
RH,63,582.125000,P1,5,63,639.000000
LH,56,584.875000,P1,5,56,642.000000
RH,65,584.875000,P1,5,65,642.000000
RH,72,584.875000,P1,1,72,642.000000
RH,68,585.000000,P1,1,68,642.000000
LH,58,587.666667,P1,6,58,645.000000
RH,75,587.666667,P1,1,75,645.000000
RH,65,587.750000,P1,5,65,645.000000
RH,68,587.750000,P1,2,68,645.000000
RH,74,588.125000,P1,1,74,645.500000
LH,58,588.500000,P1,6,58,646.000000
RH,65,588.500000,P1,5,65,646.000000
RH,68,588.500000,P1,2,68,646.000000
RH,72,589.000000,P1,1,72,646.500000
RH,65,589.375000,P1,5,65,647.000000
RH,74,589.375000,P1,1,74,647.000000
RH,68,589.500000,P1,2,68,647.000000
RH,62,589.875000,P1,5,62,647.500000
RH,77,589.875000,P1,1,77,647.500000
RH,63,590.500000,P1,5,63,648.000000
RH,67,590.500000,P1,1,67,648.000000
RH,75,590.500000,P1,1,75,648.000000
LH,51,591.000000,P1,5,51,648.500000
RH,63,591.000000,P1,1,63,648.500000
LH,52,591.375000,P1,5,52,649.000000
RH,64,591.375000,P1,1,64,649.000000
LH,53,591.750000,P1,5,53,649.500000
RH,65,591.750000,P1,1,65,649.500000
LH,54,592.250000,P1,5,54,650.000000
RH,66,592.250000,P1,1,66,650.000000
LH,55,592.666667,P1,5,55,650.500000
RH,67,592.666667,P1,1,67,650.500000
LH,56,593.125000,P1,7,56,651.000000
RH,68,593.125000,P1,1,68,651.000000
LH,44,596.500000,P1,6,44,654.000000
LH,48,596.500000,P1,5,48,654.000000
LH,56,596.500000,P1,2,56,654.000000
RH,60,596.500000,P1,1,60,654.000000
LH,49,598.500000,P1,5,49,656.000000
RH,61,598.500000,P1,1,61,656.000000
RH,63,599.125000,P1,1,63,656.500000
LH,37,600.500000,P1,5,37,657.000000
LH,44,600.500000,P1,5,44,657.000000
LH,46,600.500000,P1,5,46,657.000000
LH,49,600.500000,P1,5,49,657.000000
LH,53,600.500000,P1,2,53,657.000000
LH,56,600.500000,P1,2,56,657.000000
RH,65,600.500000,P1,1,65,657.000000
LH,58,601.333333,P1,1,58,657.750000
LH,58,601.625000,P1,1,58,658.000000
LH,37,603.875000,P1,5,37,660.000000
LH,44,603.875000,P1,5,44,660.000000
LH,46,603.875000,P1,5,46,660.000000
LH,49,603.875000,P1,5,49,660.000000
LH,56,603.875000,P1,2,56,660.000000
RH,65,603.875000,P1,1,65,660.000000
LH,53,604.000000,P1,2,53,660.000000
LH,58,604.500000,P1,1,58,660.750000
LH,58,604.875000,P1,1,58,661.000000
LH,37,607.125000,P1,5,37,663.000000
LH,49,607.125000,P1,5,49,663.000000
LH,53,607.125000,P1,1,53,663.000000
LH,56,607.125000,P1,1,56,663.000000
LH,58,607.125000,P1,1,58,663.000000
LH,37,608.125000,P1,5,37,664.000000
LH,49,608.125000,P1,5,49,664.000000
LH,56,608.125000,P1,1,56,664.000000
LH,58,608.125000,P1,1,58,664.000000
LH,53,608.250000,P1,1,53,664.000000
LH,37,609.250000,P1,5,37,665.000000
LH,49,609.250000,P1,5,49,665.000000
LH,53,609.250000,P1,1,53,665.000000
LH,56,609.250000,P1,1,56,665.000000
LH,58,609.250000,P1,1,58,665.000000
LH,38,610.500000,P1,5,38,666.000000
LH,50,610.500000,P1,5,50,666.000000
LH,53,610.500000,P1,1,53,666.000000
LH,56,610.500000,P1,1,56,666.000000
LH,59,610.500000,P1,1,59,666.000000
RH,62,613.875000,P1,5,62,669.000000
RH,65,613.875000,P1,1,65,669.000000
RH,68,613.875000,P1,1,68,669.000000
RH,71,613.875000,P1,1,71,669.000000
RH,62,614.875000,P1,5,62,670.000000
RH,65,614.875000,P1,1,65,670.000000
RH,68,614.875000,P1,1,68,670.000000
RH,71,614.875000,P1,1,71,670.000000
RH,62,615.875000,P1,5,62,671.000000
RH,65,615.875000,P1,1,65,671.000000
RH,71,615.875000,P1,1,71,671.000000
RH,63,617.250000,P1,5,63,672.000000
RH,66,617.250000,P1,1,66,672.000000
RH,68,617.250000,P1,1,68,672.000000
RH,72,617.250000,P1,1,72,672.000000
RH,63,617.375000,P1,5,63,672.000000
LH,39,619.750000,P1,5,39,674.000000
LH,51,619.750000,P1,5,51,674.000000
LH,54,619.750000,P1,1,54,674.000000
LH,56,619.750000,P1,1,56,674.000000
RH,60,619.750000,P1,1,60,674.000000
LH,40,620.625000,P1,5,40,675.000000
LH,52,620.625000,P1,5,52,675.000000
LH,56,620.625000,P1,1,56,675.000000
RH,61,620.625000,P1,1,61,675.000000
RH,73,622.375000,P1,1,73,677.000000
RH,64,622.500000,P1,5,64,677.000000
RH,68,622.500000,P1,1,68,677.000000
RH,74,623.375000,P1,1,74,678.000000
RH,65,623.500000,P1,5,65,678.000000
RH,71,623.500000,P1,1,71,678.000000
LH,41,625.333333,P1,5,41,680.000000
RH,62,625.333333,P1,1,62,680.000000
LH,53,625.375000,P1,5,53,680.000000
LH,56,625.375000,P1,1,56,680.000000
LH,54,626.250000,P1,5,54,681.000000
LH,58,626.250000,P1,1,58,681.000000
RH,63,626.250000,P1,1,63,681.000000
LH,42,626.333333,P1,5,42,681.000000
RH,66,627.875000,P1,5,66,683.000000
RH,70,628.000000,P1,1,70,683.000000
RH,75,628.000000,P1,1,75,683.000000
RH,67,628.875000,P1,5,67,684.000000
RH,73,628.875000,P1,1,73,684.000000
RH,76,628.875000,P1,1,76,684.000000
LH,43,630.750000,P1,5,43,686.000000
LH,58,630.750000,P1,1,58,686.000000
RH,61,630.750000,P1,1,61,686.000000
RH,64,630.750000,P1,1,64,686.000000
LH,55,630.875000,P1,5,55,686.000000
LH,44,632.125000,P1,5,44,687.000000
LH,56,632.125000,P1,5,56,687.000000
RH,60,632.125000,P1,1,60,687.000000
RH,65,632.125000,P1,1,65,687.000000
LH,44,633.250000,P1,5,44,688.000000
LH,56,633.250000,P1,5,56,688.000000
RH,60,633.250000,P1,1,60,688.000000
RH,65,633.250000,P1,1,65,688.000000
LH,44,634.333333,P1,5,44,689.000000
LH,56,634.333333,P1,5,56,689.000000
RH,60,634.333333,P1,1,60,689.000000
RH,65,634.333333,P1,1,65,689.000000
LH,45,635.750000,P1,5,45,690.000000
LH,57,635.750000,P1,5,57,690.000000
RH,60,635.750000,P1,1,60,690.000000
RH,63,635.750000,P1,1,63,690.000000
RH,66,635.750000,P1,1,66,690.000000
RH,69,640.375000,P1,5,69,693.000000
RH,72,640.375000,P1,1,72,693.000000
RH,75,640.375000,P1,1,75,693.000000
RH,78,640.375000,P1,1,78,693.000000
RH,69,641.750000,P1,5,69,694.000000
RH,72,641.750000,P1,1,72,694.000000
RH,75,641.750000,P1,1,75,694.000000
RH,78,641.750000,P1,1,78,694.000000
RH,69,643.375000,P1,5,69,695.000000
RH,72,643.375000,P1,1,72,695.000000
RH,75,643.375000,P1,1,75,695.000000
RH,78,643.375000,P1,1,78,695.000000
RH,70,645.875000,P1,5,70,696.000000
RH,75,645.875000,P1,1,75,696.000000
RH,79,645.875000,P1,1,79,696.000000
LH,46,653.666667,P1,5,46,699.000000
LH,56,653.666667,P1,2,56,699.000000
RH,62,653.666667,P1,2,62,699.000000
RH,67,653.666667,P1,1,67,699.000000
LH,34,653.750000,P1,5,34,699.000000
RH,65,654.000000,P1,1,65,699.500000
LH,34,654.375000,P1,5,34,700.000000
LH,46,654.375000,P1,5,46,700.000000
LH,56,654.375000,P1,2,56,700.000000
RH,65,654.375000,P1,1,65,700.000000
RH,67,654.625000,P1,1,67,700.250000
RH,65,654.750000,P1,1,65,700.500000
RH,64,654.875000,P1,1,64,700.750000
LH,34,655.125000,P1,5,34,701.000000
LH,46,655.125000,P1,5,46,701.000000
LH,56,655.125000,P1,2,56,701.000000
RH,65,655.125000,P1,1,65,701.000000
RH,67,655.500000,P1,1,67,701.500000
LH,39,655.875000,P1,5,39,702.000000
LH,51,655.875000,P1,5,51,702.000000
RH,63,655.875000,P1,1,63,702.000000
LH,55,656.000000,P1,1,55,702.000000
RH,65,656.125000,P1,1,65,702.250000
RH,63,656.333333,P1,1,63,702.500000
RH,62,656.500000,P1,1,62,702.750000
RH,63,656.625000,P1,1,63,703.000000
RH,64,656.750000,P1,1,64,703.250000
RH,65,657.000000,P1,1,65,703.500000
RH,66,657.125000,P1,1,66,703.750000
RH,67,657.333333,P1,1,67,704.000000
RH,68,657.500000,P1,1,68,704.250000
RH,69,657.625000,P1,1,69,704.500000
RH,70,657.750000,P1,1,70,704.750000
RH,71,657.875000,P1,1,71,705.000000
RH,72,658.000000,P1,1,72,705.250000
RH,73,658.125000,P1,1,73,705.500000
RH,74,658.333333,P1,1,74,705.750000
RH,75,658.500000,P1,1,75,706.000000
RH,76,658.625000,P1,1,76,706.250000
RH,77,658.750000,P1,1,77,706.500000
RH,78,658.875000,P1,1,78,706.750000
RH,79,659.125000,P1,1,79,707.000000
RH,80,659.250000,P1,1,80,707.200000
RH,81,659.375000,P1,1,81,707.400000
RH,68,660.125000,P1,5,68,708.000000
RH,72,660.125000,P1,5,72,708.000000
RH,75,660.125000,P1,5,75,708.000000
RH,84,660.125000,P1,1,84,708.000000
RH,77,660.750000,P1,1,77,708.750000
RH,77,661.000000,P1,1,77,709.000000
RH,60,662.666667,P1,5,60,711.000000
RH,63,662.666667,P1,5,63,711.000000
LH,56,662.750000,P1,5,56,711.000000
RH,65,663.333333,P1,1,65,711.750000
RH,65,663.500000,P1,1,65,711.750000
RH,65,663.666667,P1,1,65,712.000000
LH,32,665.500000,P1,5,32,714.000000
LH,48,665.500000,P1,1,48,714.000000
LH,51,665.500000,P1,1,51,714.000000
LH,53,665.500000,P1,1,53,714.000000
LH,44,665.625000,P1,5,44,714.000000
LH,32,666.625000,P1,5,32,715.000000
LH,44,666.625000,P1,5,44,715.000000
LH,48,666.625000,P1,1,48,715.000000
LH,51,666.625000,P1,1,51,715.000000
LH,53,666.625000,P1,1,53,715.000000
LH,32,667.666667,P1,5,32,716.000000
LH,44,667.666667,P1,5,44,716.000000
LH,53,667.666667,P1,1,53,716.000000
LH,48,667.750000,P1,1,48,716.000000
LH,51,667.750000,P1,1,51,716.000000
LH,33,669.125000,P1,5,33,717.000000
LH,45,669.125000,P1,5,45,717.000000
LH,48,669.125000,P1,1,48,717.000000
LH,51,669.125000,P1,1,51,717.000000
LH,54,669.125000,P1,1,54,717.000000
RH,69,672.750000,P1,5,69,720.000000
RH,75,672.750000,P1,1,75,720.000000
RH,78,672.750000,P1,1,78,720.000000
RH,72,672.875000,P1,5,72,720.000000
RH,69,673.875000,P1,5,69,721.000000
RH,72,673.875000,P1,5,72,721.000000
RH,75,673.875000,P1,1,75,721.000000
RH,78,673.875000,P1,1,78,721.000000
RH,75,675.125000,P1,1,75,722.000000
RH,78,675.125000,P1,1,78,722.000000
RH,69,675.250000,P1,5,69,722.000000
RH,72,675.250000,P1,5,72,722.000000
RH,70,676.875000,P1,5,70,723.000000
RH,75,677.000000,P1,1,75,723.000000
RH,79,677.000000,P1,1,79,723.000000
RH,78,678.875000,P1,1,78,725.000000
RH,72,679.000000,P1,5,72,725.000000
RH,75,679.000000,P1,1,75,725.000000
RH,70,679.750000,P1,5,70,726.000000
RH,79,679.750000,P1,1,79,726.000000
RH,72,681.375000,P1,5,72,728.000000
RH,78,681.375000,P1,1,78,728.000000
RH,75,681.500000,P1,1,75,728.000000
RH,70,682.625000,P1,5,70,729.000000
RH,79,682.625000,P1,1,79,729.000000
RH,82,684.250000,P1,1,82,730.500000
RH,79,684.375000,P1,1,79,730.750000
RH,76,684.625000,P1,1,76,731.000000
RH,77,684.750000,P1,1,77,731.250000
RH,79,685.000000,P1,1,79,731.500000
RH,75,685.125000,P1,1,75,731.750000
RH,65,685.250000,P1,5,65,732.000000
RH,68,685.250000,P1,5,68,732.000000
RH,73,685.250000,P1,1,73,732.000000
LH,58,685.333333,P1,5,58,732.000000
RH,74,685.500000,P1,1,74,732.250000
RH,75,685.666667,P1,1,75,732.500000
RH,72,685.875000,P1,1,72,732.750000
RH,69,686.000000,P1,1,69,733.000000
RH,70,686.125000,P1,1,70,733.250000
RH,72,686.333333,P1,1,72,733.500000
RH,68,686.500000,P1,1,68,733.750000
LH,46,686.750000,P1,5,46,734.000000
LH,56,686.750000,P1,5,56,734.000000
RH,67,686.875000,P1,1,67,734.250000
RH,68,687.125000,P1,1,68,734.500000
RH,65,687.250000,P1,1,65,734.750000
LH,51,687.500000,P1,5,51,735.000000
RH,63,687.500000,P1,1,63,735.000000
LH,55,687.625000,P1,1,55,735.000000
LH,53,687.750000,P1,5,53,735.250000
LH,51,688.000000,P1,5,51,735.500000
LH,50,688.125000,P1,5,50,735.750000
LH,51,688.250000,P1,5,51,736.000000
LH,53,688.500000,P1,5,53,736.250000
LH,55,688.625000,P1,5,55,736.500000
LH,56,688.875000,P1,5,56,736.750000
LH,58,689.000000,P1,5,58,737.000000
LH,53,689.750000,P1,5,53,738.000000
RH,70,689.875000,P1,1,70,738.000000
RH,72,690.000000,P1,1,72,738.250000
LH,56,690.125000,P1,5,56,738.500000
RH,70,690.125000,P1,1,70,738.500000
RH,69,690.375000,P1,1,69,738.750000
LH,50,690.500000,P1,5,50,739.000000
RH,70,690.500000,P1,1,70,739.000000
RH,72,690.750000,P1,1,72,739.250000
LH,53,690.875000,P1,5,53,739.500000
RH,74,690.875000,P1,1,74,739.500000
RH,75,691.125000,P1,1,75,739.750000
LH,46,691.250000,P1,5,46,740.000000
RH,77,691.250000,P1,1,77,740.000000
LH,50,691.666667,P1,5,50,740.500000
RH,68,691.666667,P1,1,68,740.500000
LH,51,692.000000,P1,5,51,741.000000
RH,67,692.000000,P1,1,67,741.000000
LH,53,692.250000,P1,5,53,741.250000
LH,51,692.375000,P1,5,51,741.500000
LH,50,692.625000,P1,5,50,741.750000
LH,51,692.750000,P1,5,51,742.000000
LH,53,693.000000,P1,5,53,742.250000
LH,55,693.125000,P1,5,55,742.500000
LH,56,693.333333,P1,5,56,742.750000
RH,60,693.500000,P1,5,60,743.000000
LH,58,693.750000,P1,5,58,743.250000
LH,56,693.875000,P1,5,56,743.500000
LH,55,694.125000,P1,5,55,743.750000
LH,53,694.333333,P1,5,53,744.000000
RH,82,694.333333,P1,1,82,744.000000
RH,84,694.500000,P1,1,84,744.250000
LH,56,694.666667,P1,5,56,744.500000
RH,82,694.666667,P1,1,82,744.500000
RH,81,694.875000,P1,1,81,744.750000
LH,50,695.000000,P1,5,50,745.000000
RH,82,695.000000,P1,1,82,745.000000
RH,84,695.250000,P1,1,84,745.250000
LH,53,695.375000,P1,5,53,745.500000
RH,86,695.375000,P1,1,86,745.500000
RH,87,695.625000,P1,1,87,745.750000
LH,46,695.750000,P1,5,46,746.000000
RH,89,695.750000,P1,1,89,746.000000
RH,86,696.000000,P1,1,86,746.250000
LH,50,696.125000,P1,5,50,746.500000
RH,82,696.125000,P1,1,82,746.500000
RH,80,696.375000,P1,1,80,746.750000
LH,51,696.500000,P1,5,51,747.000000
RH,79,696.500000,P1,1,79,747.000000
LH,46,697.000000,P1,5,46,747.500000
LH,43,697.375000,P1,5,43,748.000000
LH,51,697.750000,P1,5,51,748.500000
RH,63,697.750000,P1,1,63,748.500000
LH,46,698.125000,P1,5,46,749.000000
LH,58,698.125000,P1,1,58,749.000000
LH,55,698.500000,P1,5,55,749.500000
RH,67,698.500000,P1,1,67,749.500000
LH,51,698.875000,P1,5,51,750.000000
RH,63,698.875000,P1,1,63,750.000000
LH,58,699.250000,P1,5,58,750.500000
RH,70,699.250000,P1,1,70,750.500000
LH,55,699.666667,P1,5,55,751.000000
RH,67,699.666667,P1,1,67,751.000000
RH,63,700.000000,P1,5,63,751.500000
RH,75,700.000000,P1,1,75,751.500000
LH,58,700.375000,P1,5,58,752.000000
RH,70,700.375000,P1,1,70,752.000000
RH,67,700.750000,P1,5,67,752.500000
RH,79,700.750000,P1,1,79,752.500000
RH,63,701.125000,P1,5,63,753.000000
RH,75,701.125000,P1,1,75,753.000000
RH,70,701.500000,P1,5,70,753.500000
RH,82,701.500000,P1,1,82,753.500000
RH,67,701.875000,P1,5,67,754.000000
RH,79,701.875000,P1,1,79,754.000000
RH,75,702.333333,P1,5,75,754.500000
RH,87,702.333333,P1,1,87,754.500000
LH,46,703.000000,P1,5,46,755.000000
LH,58,703.000000,P1,5,58,755.000000
RH,65,703.000000,P1,1,65,755.000000
RH,68,703.000000,P1,1,68,755.000000
RH,74,703.000000,P1,1,74,755.000000
RH,63,704.375000,P1,1,63,756.000000
RH,67,704.375000,P1,1,67,756.000000
RH,75,704.375000,P1,1,75,756.000000
