hand,pitch,onset_ql,reference_part,reference_voice,reference_pitch,reference_onset_ql
LH,58,4.000000,P1,1,58,0.000000
RH,63,4.000000,P1,1,63,0.000000
LH,51,4.333333,P1,5,51,0.500000
LH,51,4.875000,P1,5,51,1.000000
LH,51,5.125000,P1,5,51,1.500000
LH,51,5.375000,P1,5,51,2.000000
LH,51,5.666667,P1,5,51,3.000000
LH,55,5.750000,P1,1,55,3.000000
LH,58,5.750000,P1,1,58,3.000000
RH,63,5.750000,P1,1,63,3.000000
LH,51,6.000000,P1,5,51,3.500000
LH,51,6.250000,P1,5,51,4.000000
LH,51,6.500000,P1,5,51,4.500000
LH,51,6.750000,P1,5,51,5.000000
LH,51,7.000000,P1,5,51,5.500000
LH,39,7.375000,P1,5,39,6.000000
LH,58,7.375000,P1,1,58,6.000000
RH,63,7.375000,P1,1,63,6.000000
RH,67,7.375000,P1,1,67,6.000000
RH,70,7.375000,P1,1,70,6.000000
LH,51,7.666667,P1,5,51,6.500000
LH,51,8.000000,P1,5,51,7.000000
LH,51,8.250000,P1,5,51,7.500000
LH,51,8.500000,P1,5,51,8.000000
LH,51,8.750000,P1,5,51,8.500000
LH,51,9.125000,P1,5,51,9.000000
LH,55,9.125000,P1,1,55,9.000000
LH,58,9.125000,P1,1,58,9.000000
RH,63,9.125000,P1,1,63,9.000000
RH,67,9.125000,P1,1,67,9.000000
LH,51,9.500000,P1,5,51,9.500000
LH,51,9.750000,P1,5,51,10.000000
LH,51,10.000000,P1,5,51,10.500000
LH,51,10.250000,P1,5,51,11.000000
LH,51,10.625000,P1,5,51,11.500000
RH,70,10.625000,P1,1,70,11.500000
LH,51,11.000000,P1,6,51,12.000000
RH,75,11.000000,P1,1,75,12.000000
LH,51,11.125000,P1,6,51,12.000000
LH,55,11.125000,P1,6,55,12.000000
RH,63,11.125000,P1,5,63,12.000000
RH,74,11.333333,P1,1,74,12.500000
RH,77,11.625000,P1,1,77,13.000000
LH,53,11.875000,P1,6,53,13.500000
LH,56,11.875000,P1,6,56,13.500000
RH,75,11.875000,P1,1,75,13.500000
RH,74,12.125000,P1,1,74,14.000000
RH,77,12.500000,P1,1,77,14.500000
LH,55,12.750000,P1,6,55,15.000000
LH,58,12.750000,P1,6,58,15.000000
RH,75,12.750000,P1,1,75,15.000000
RH,74,13.000000,P1,1,74,15.500000
RH,77,13.333333,P1,1,77,16.000000
RH,75,13.500000,P1,1,75,16.500000
RH,74,13.875000,P1,1,74,17.000000
RH,72,14.125000,P1,1,72,17.500000
LH,58,14.375000,P1,6,58,18.000000
RH,62,14.375000,P1,6,62,18.000000
RH,70,14.375000,P1,5,70,18.000000
RH,80,14.375000,P1,1,80,18.000000
RH,79,14.750000,P1,1,79,18.500000
RH,82,15.000000,P1,1,82,19.000000
RH,60,15.250000,P1,6,60,19.500000
RH,63,15.250000,P1,6,63,19.500000
RH,80,15.250000,P1,1,80,19.500000
RH,79,15.625000,P1,1,79,20.000000
RH,82,15.875000,P1,1,82,20.500000
RH,62,16.125000,P1,6,62,21.000000
RH,65,16.125000,P1,6,65,21.000000
RH,80,16.125000,P1,1,80,21.000000
RH,79,16.375000,P1,1,79,21.500000
RH,82,16.750000,P1,1,82,22.000000
RH,80,17.000000,P1,1,80,22.500000
RH,79,17.250000,P1,1,79,23.000000
RH,77,17.500000,P1,1,77,23.500000
RH,63,17.875000,P1,6,63,24.000000
RH,67,17.875000,P1,6,67,24.000000
RH,75,17.875000,P1,5,75,24.000000
RH,87,17.875000,P1,1,87,24.000000
RH,86,18.250000,P1,1,86,24.500000
RH,89,18.500000,P1,1,89,25.000000
RH,65,18.750000,P1,6,65,25.500000
RH,68,18.750000,P1,6,68,25.500000
RH,87,18.750000,P1,1,87,25.500000
RH,86,19.000000,P1,1,86,26.000000
RH,89,19.333333,P1,1,89,26.500000
RH,67,19.625000,P1,6,67,27.000000
RH,70,19.625000,P1,6,70,27.000000
RH,87,19.625000,P1,1,87,27.000000
RH,86,19.875000,P1,1,86,27.500000
RH,89,20.125000,P1,1,89,28.000000
RH,67,20.500000,P1,5,67,28.500000
RH,70,20.500000,P1,5,70,28.500000
RH,73,20.500000,P1,5,73,28.500000
RH,75,20.500000,P1,5,75,28.500000
RH,87,20.500000,P1,1,87,28.500000
RH,85,20.750000,P1,1,85,29.000000
RH,84,21.000000,P1,1,84,29.500000
RH,68,21.375000,P1,5,68,30.000000
RH,72,21.375000,P1,5,72,30.000000
RH,83,21.375000,P1,1,83,30.000000
RH,84,21.666667,P1,1,84,30.500000
RH,82,21.875000,P1,1,82,31.000000
RH,80,22.125000,P1,1,80,31.500000
RH,79,22.500000,P1,1,79,32.000000
RH,77,22.750000,P1,1,77,32.500000
RH,63,23.000000,P1,5,63,33.000000
RH,67,23.000000,P1,5,67,33.000000
RH,75,23.000000,P1,1,75,33.000000
LH,58,23.125000,P1,5,58,33.000000
RH,74,23.333333,P1,1,74,33.500000
RH,77,23.625000,P1,1,77,34.000000
LH,58,23.875000,P1,5,58,34.500000
RH,65,23.875000,P1,5,65,34.500000
RH,68,23.875000,P1,5,68,34.500000
RH,80,23.875000,P1,1,80,34.500000
RH,77,24.250000,P1,1,77,35.000000
RH,74,24.375000,P1,1,74,35.500000
RH,63,24.750000,P1,5,63,36.000000
RH,75,24.750000,P1,1,75,36.000000
RH,62,25.125000,P1,5,62,36.500000
RH,65,25.375000,P1,5,65,37.000000
RH,63,25.666667,P1,5,63,37.500000
RH,67,25.666667,P1,1,67,37.500000
RH,75,25.666667,P1,1,75,37.500000
RH,79,25.666667,P1,1,79,37.500000
RH,62,26.000000,P1,5,62,38.000000
RH,65,26.333333,P1,5,65,38.500000
RH,63,26.500000,P1,5,63,39.000000
RH,62,26.875000,P1,5,62,39.500000
RH,65,27.125000,P1,5,65,40.000000
RH,63,27.375000,P1,5,63,40.500000
RH,68,27.375000,P1,1,68,40.500000
RH,75,27.375000,P1,1,75,40.500000
RH,80,27.375000,P1,1,80,40.500000
RH,62,27.666667,P1,5,62,41.000000
RH,60,28.000000,P1,5,60,41.500000
LH,58,28.250000,P1,5,58,42.000000
RH,70,28.250000,P1,1,70,42.000000
RH,75,28.250000,P1,1,75,42.000000
RH,79,28.250000,P1,1,79,42.000000
RH,82,28.250000,P1,1,82,42.000000
LH,57,28.500000,P1,5,57,42.500000
RH,60,28.750000,P1,5,60,43.000000
LH,58,29.125000,P1,5,58,43.500000
LH,56,29.333333,P1,5,56,44.000000
LH,55,29.625000,P1,5,55,44.500000
LH,46,29.875000,P1,6,46,45.000000
LH,53,29.875000,P1,5,53,45.000000
RH,62,29.875000,P1,1,62,45.000000
RH,74,29.875000,P1,1,74,45.000000
RH,68,30.000000,P1,1,68,45.000000
RH,70,30.000000,P1,1,70,45.000000
LH,55,30.250000,P1,5,55,45.500000
LH,56,30.500000,P1,5,56,46.000000
LH,58,30.875000,P1,5,58,46.500000
LH,53,31.125000,P1,5,53,47.000000
LH,56,31.375000,P1,5,56,47.500000
LH,51,31.750000,P1,6,51,48.000000
LH,55,31.750000,P1,5,55,48.000000
RH,63,31.750000,P1,1,63,48.000000
RH,70,31.750000,P1,1,70,48.000000
RH,75,31.750000,P1,1,75,48.000000
RH,67,31.875000,P1,1,67,48.000000
LH,53,32.125000,P1,5,53,48.500000
LH,55,32.333333,P1,5,55,49.000000
LH,56,32.666667,P1,5,56,49.500000
LH,58,32.875000,P1,5,58,50.000000
RH,60,33.250000,P1,5,60,50.500000
RH,62,33.500000,P1,5,62,51.000000
RH,63,33.750000,P1,5,63,51.500000
RH,65,34.000000,P1,5,65,52.000000
RH,67,34.375000,P1,5,67,52.500000
RH,75,34.375000,P1,1,75,52.500000
RH,68,34.666667,P1,5,68,53.000000
RH,77,34.666667,P1,1,77,53.000000
RH,70,35.000000,P1,5,70,53.500000
RH,79,35.000000,P1,1,79,53.500000
RH,68,35.250000,P1,5,68,54.000000
RH,77,35.250000,P1,1,77,54.000000
RH,67,35.500000,P1,5,67,54.500000
RH,75,35.500000,P1,1,75,54.500000
RH,65,35.875000,P1,5,65,55.000000
RH,74,35.875000,P1,1,74,55.000000
RH,63,36.125000,P1,5,63,55.500000
RH,72,36.125000,P1,1,72,55.500000
RH,62,36.375000,P1,5,62,56.000000
RH,70,36.375000,P1,1,70,56.000000
RH,60,36.625000,P1,5,60,56.500000
RH,68,36.625000,P1,1,68,56.500000
LH,58,36.875000,P1,5,58,57.000000
RH,67,36.875000,P1,1,67,57.000000
RH,60,37.250000,P1,5,60,57.500000
RH,68,37.250000,P1,1,68,57.500000
LH,58,37.500000,P1,5,58,58.000000
RH,67,37.500000,P1,1,67,58.000000
LH,56,37.750000,P1,5,56,58.500000
RH,65,37.750000,P1,1,65,58.500000
LH,55,38.125000,P1,5,55,59.000000
RH,63,38.125000,P1,1,63,59.000000
LH,53,38.333333,P1,5,53,59.500000
RH,62,38.333333,P1,1,62,59.500000
LH,51,38.666667,P1,5,51,60.000000
RH,63,38.666667,P1,1,63,60.000000
RH,65,39.000000,P1,1,65,60.500000
RH,67,39.333333,P1,1,67,61.000000
RH,68,39.625000,P1,1,68,61.500000
RH,70,39.875000,P1,1,70,62.000000
RH,72,40.125000,P1,1,72,62.500000
RH,74,40.375000,P1,1,74,63.000000
RH,75,40.666667,P1,1,75,63.500000
RH,77,41.000000,P1,1,77,64.000000
RH,63,41.250000,P1,5,63,64.500000
RH,79,41.250000,P1,1,79,64.500000
RH,65,41.500000,P1,5,65,65.000000
RH,80,41.500000,P1,1,80,65.000000
RH,67,41.750000,P1,5,67,65.500000
RH,82,41.750000,P1,1,82,65.500000
RH,65,42.125000,P1,5,65,66.000000
RH,80,42.125000,P1,1,80,66.000000
RH,63,42.375000,P1,5,63,66.500000
RH,79,42.375000,P1,1,79,66.500000
RH,62,42.666667,P1,5,62,67.000000
RH,77,42.666667,P1,1,77,67.000000
RH,60,43.000000,P1,5,60,67.500000
RH,75,43.000000,P1,1,75,67.500000
LH,58,43.250000,P1,5,58,68.000000
RH,74,43.250000,P1,1,74,68.000000
LH,56,43.500000,P1,5,56,68.500000
RH,72,43.500000,P1,1,72,68.500000
RH,70,43.750000,P1,1,70,69.000000
LH,55,43.875000,P1,5,55,69.000000
LH,56,44.000000,P1,5,56,69.500000
RH,72,44.000000,P1,1,72,69.500000
LH,55,44.250000,P1,5,55,70.000000
RH,70,44.250000,P1,1,70,70.000000
LH,53,44.500000,P1,5,53,70.500000
RH,68,44.500000,P1,1,68,70.500000
LH,51,44.875000,P1,5,51,71.000000
RH,67,44.875000,P1,1,67,71.000000
RH,65,45.125000,P1,1,65,71.500000
LH,37,45.625000,P1,5,37,72.000000
LH,39,45.625000,P1,5,39,72.000000
LH,49,45.625000,P1,5,49,72.000000
LH,55,45.625000,P1,2,55,72.000000
LH,58,45.625000,P1,2,58,72.000000
RH,63,45.625000,P1,1,63,72.000000
RH,67,45.625000,P1,1,67,72.000000
LH,51,47.666667,P1,2,51,75.000000
LH,55,47.666667,P1,2,55,75.000000
LH,58,47.666667,P1,1,58,75.000000
RH,63,47.666667,P1,1,63,75.000000
RH,61,49.375000,P1,5,61,77.500000
RH,63,49.375000,P1,5,63,77.500000
RH,67,49.375000,P1,1,67,77.500000
RH,79,49.375000,P1,1,79,77.500000
RH,60,49.750000,P1,5,60,78.000000
RH,63,49.750000,P1,5,63,78.000000
RH,68,49.750000,P1,1,68,78.000000
RH,80,49.750000,P1,1,80,78.000000
RH,60,50.333333,P1,5,60,79.000000
RH,63,50.333333,P1,5,63,79.000000
RH,68,50.333333,P1,1,68,79.000000
RH,80,50.333333,P1,1,80,79.000000
RH,60,50.625000,P1,5,60,79.500000
RH,63,50.625000,P1,5,63,79.500000
RH,68,50.625000,P1,1,68,79.500000
RH,80,50.625000,P1,1,80,79.500000
RH,63,51.250000,P1,5,63,80.500000
RH,68,51.250000,P1,5,68,80.500000
RH,72,51.250000,P1,1,72,80.500000
RH,84,51.250000,P1,1,84,80.500000
RH,60,51.625000,P1,5,60,81.000000
RH,63,51.625000,P1,5,63,81.000000
RH,68,51.625000,P1,5,68,81.000000
RH,75,51.625000,P1,1,75,81.000000
RH,87,51.625000,P1,1,87,81.000000
LH,39,53.500000,P1,5,39,84.000000
LH,51,53.500000,P1,5,51,84.000000
LH,57,53.500000,P1,1,57,84.000000
RH,60,53.500000,P1,1,60,84.000000
RH,66,53.500000,P1,1,66,84.000000
RH,69,53.500000,P1,1,69,84.000000
LH,57,55.625000,P1,1,57,87.000000
RH,60,55.625000,P1,1,60,87.000000
RH,66,55.625000,P1,1,66,87.000000
RH,63,57.250000,P1,5,63,89.500000
RH,66,57.250000,P1,5,66,89.500000
RH,69,57.250000,P1,1,69,89.500000
RH,81,57.250000,P1,1,81,89.500000
RH,61,57.625000,P1,5,61,90.000000
RH,65,57.625000,P1,5,65,90.000000
RH,70,57.625000,P1,1,70,90.000000
RH,82,57.625000,P1,1,82,90.000000
RH,61,58.125000,P1,5,61,91.000000
RH,70,58.125000,P1,1,70,91.000000
RH,82,58.125000,P1,1,82,91.000000
RH,65,58.250000,P1,5,65,91.000000
RH,61,58.500000,P1,5,61,91.500000
RH,65,58.500000,P1,5,65,91.500000
RH,70,58.500000,P1,1,70,91.500000
RH,82,58.500000,P1,1,82,91.500000
RH,61,59.000000,P1,5,61,92.500000
RH,70,59.000000,P1,5,70,92.500000
RH,73,59.000000,P1,1,73,92.500000
RH,85,59.000000,P1,1,85,92.500000
RH,61,59.375000,P1,5,61,93.000000
RH,70,59.375000,P1,5,70,93.000000
RH,89,59.375000,P1,1,89,93.000000
RH,65,59.500000,P1,5,65,93.000000
RH,77,59.500000,P1,1,77,93.000000
LH,42,61.500000,P1,5,42,96.000000
LH,54,61.500000,P1,5,54,96.000000
RH,73,61.500000,P1,1,73,96.000000
RH,76,61.500000,P1,1,76,96.000000
RH,85,61.500000,P1,1,85,96.000000
LH,54,63.500000,P1,5,54,99.000000
RH,66,63.500000,P1,5,66,99.000000
RH,70,63.500000,P1,1,70,99.000000
RH,76,63.500000,P1,1,76,99.000000
RH,82,63.500000,P1,1,82,99.000000
LH,53,65.625000,P1,6,53,102.000000
RH,65,65.625000,P1,5,65,102.000000
RH,81,65.625000,P1,1,81,102.000000
RH,60,66.250000,P1,5,60,103.000000
RH,84,66.250000,P1,1,84,103.000000
RH,65,66.500000,P1,5,65,103.500000
RH,77,66.500000,P1,1,77,103.500000
RH,63,67.125000,P1,5,63,104.500000
RH,81,67.125000,P1,1,81,104.500000
RH,61,67.500000,P1,5,61,105.000000
RH,82,67.500000,P1,1,82,105.000000
LH,58,68.000000,P1,5,58,106.000000
RH,85,68.000000,P1,1,85,106.000000
RH,61,68.333333,P1,5,61,106.500000
RH,77,68.333333,P1,1,77,106.500000
RH,64,68.875000,P1,5,64,107.500000
RH,82,68.875000,P1,1,82,107.500000
LH,53,69.250000,P1,6,53,108.000000
RH,65,69.250000,P1,5,65,108.000000
RH,81,69.250000,P1,1,81,108.000000
RH,60,69.875000,P1,5,60,109.000000
RH,84,69.875000,P1,1,84,109.000000
RH,65,70.125000,P1,5,65,109.500000
RH,63,70.750000,P1,5,63,110.500000
RH,61,71.125000,P1,5,61,111.000000
RH,82,71.125000,P1,1,82,111.000000
LH,58,71.666667,P1,5,58,112.000000
RH,85,71.666667,P1,1,85,112.000000
RH,61,72.000000,P1,5,61,112.500000
RH,77,72.000000,P1,1,77,112.500000
RH,64,72.500000,P1,5,64,113.500000
RH,82,72.500000,P1,1,82,113.500000
LH,53,72.875000,P1,6,53,114.000000
RH,65,72.875000,P1,5,65,114.000000
RH,81,72.875000,P1,1,81,114.000000
RH,83,73.125000,P1,1,83,114.500000
RH,84,73.500000,P1,1,84,115.000000
RH,77,73.750000,P1,1,77,115.500000
RH,80,74.000000,P1,1,80,116.000000
RH,81,74.333333,P1,1,81,116.500000
RH,72,74.625000,P1,1,72,117.000000
RH,76,74.875000,P1,1,76,117.500000
RH,77,75.125000,P1,1,77,118.000000
RH,69,75.500000,P1,1,69,118.500000
RH,71,75.750000,P1,1,71,119.000000
RH,72,76.125000,P1,1,72,119.500000
LH,53,76.333333,P1,5,53,120.000000
RH,65,76.375000,P1,1,65,120.000000
RH,63,76.666667,P1,5,63,120.500000
RH,69,76.666667,P1,1,69,120.500000
RH,72,77.000000,P1,1,72,121.000000
RH,77,77.250000,P1,1,77,121.500000
RH,69,77.625000,P1,1,69,122.000000
RH,72,77.875000,P1,1,72,122.500000
RH,65,78.125000,P1,1,65,123.000000
RH,72,78.500000,P1,1,72,123.500000
RH,69,78.750000,P1,1,69,124.000000
RH,62,79.000000,P1,5,62,124.500000
RH,70,79.000000,P1,1,70,124.500000
RH,60,79.333333,P1,5,60,125.000000
RH,72,79.333333,P1,1,72,125.000000
LH,58,79.625000,P1,5,58,125.500000
RH,74,79.666667,P1,1,74,125.500000
LH,53,79.875000,P1,5,53,126.000000
RH,65,80.000000,P1,1,65,126.000000
RH,63,80.250000,P1,5,63,126.500000
RH,69,80.250000,P1,1,69,126.500000
RH,72,80.625000,P1,1,72,127.000000
RH,77,80.875000,P1,1,77,127.500000
RH,69,81.125000,P1,1,69,128.000000
RH,72,81.375000,P1,1,72,128.500000
RH,65,81.750000,P1,1,65,129.000000
RH,72,82.000000,P1,1,72,129.500000
RH,69,82.333333,P1,1,69,130.000000
RH,62,82.625000,P1,5,62,130.500000
RH,70,82.625000,P1,1,70,130.500000
RH,60,82.875000,P1,5,60,131.000000
RH,72,82.875000,P1,1,72,131.000000
LH,58,83.125000,P1,5,58,131.500000
RH,74,83.125000,P1,1,74,131.500000
RH,60,83.500000,P1,5,60,132.000000
RH,66,83.500000,P1,1,66,132.000000
LH,57,83.750000,P1,5,57,132.500000
RH,69,83.750000,P1,1,69,132.500000
RH,60,84.125000,P1,5,60,133.000000
RH,66,84.125000,P1,1,66,133.000000
LH,58,84.375000,P1,5,58,133.500000
RH,67,84.375000,P1,1,67,133.500000
LH,57,84.666667,P1,5,57,134.000000
RH,69,84.666667,P1,1,69,134.000000
LH,55,85.000000,P1,5,55,134.500000
RH,70,85.000000,P1,1,70,134.500000
LH,56,85.333333,P1,5,56,135.000000
RH,62,85.333333,P1,1,62,135.000000
LH,53,85.625000,P1,5,53,135.500000
RH,65,85.625000,P1,1,65,135.500000
LH,56,85.875000,P1,5,56,136.000000
RH,62,85.875000,P1,1,62,136.000000
LH,55,86.125000,P1,5,55,136.500000
RH,63,86.125000,P1,1,63,136.500000
LH,53,86.500000,P1,5,53,137.000000
RH,65,86.500000,P1,1,65,137.000000
LH,51,86.750000,P1,5,51,137.500000
RH,67,86.750000,P1,1,67,137.500000
LH,53,87.125000,P1,5,53,138.000000
LH,59,87.125000,P1,1,59,138.000000
LH,50,87.375000,P1,5,50,138.500000
RH,62,87.375000,P1,1,62,138.500000
LH,53,87.666667,P1,5,53,139.000000
LH,59,87.666667,P1,1,59,139.000000
LH,51,88.000000,P1,5,51,139.500000
RH,60,88.000000,P1,1,60,139.500000
LH,50,88.250000,P1,5,50,140.000000
RH,62,88.250000,P1,1,62,140.000000
LH,48,88.500000,P1,5,48,140.500000
RH,63,88.500000,P1,1,63,140.500000
LH,41,88.875000,P1,6,41,141.000000
LH,53,88.875000,P1,5,53,141.000000
LH,58,88.875000,P1,1,58,141.000000
LH,50,89.125000,P1,5,50,141.500000
RH,62,89.125000,P1,1,62,141.500000
LH,46,89.375000,P1,5,46,142.000000
RH,65,89.375000,P1,1,65,142.000000
LH,41,89.666667,P1,6,41,142.500000
LH,53,89.666667,P1,5,53,142.500000
RH,63,89.666667,P1,1,63,142.500000
LH,51,90.000000,P1,5,51,143.000000
RH,60,90.000000,P1,1,60,143.000000
LH,48,90.250000,P1,5,48,143.500000
LH,57,90.250000,P1,1,57,143.500000
LH,46,90.625000,P1,5,46,144.000000
LH,58,90.625000,P1,1,58,144.000000
LH,58,90.875000,P1,5,58,144.500000
RH,60,91.250000,P1,5,60,145.000000
RH,61,91.500000,P1,5,61,145.500000
RH,62,91.750000,P1,5,62,146.000000
RH,63,92.000000,P1,5,63,146.500000
RH,64,92.333333,P1,5,64,147.000000
RH,65,92.625000,P1,5,65,147.500000
RH,63,92.875000,P1,5,63,148.000000
RH,62,93.250000,P1,5,62,148.500000
RH,60,93.500000,P1,5,60,149.000000
LH,58,93.750000,P1,5,58,149.500000
RH,65,94.000000,P1,5,65,150.000000
RH,69,94.000000,P1,1,69,150.000000
RH,64,94.333333,P1,5,64,150.500000
RH,89,94.333333,P1,1,89,150.500000
RH,63,94.625000,P1,5,63,151.000000
RH,60,94.875000,P1,5,60,151.500000
LH,57,95.125000,P1,5,57,152.000000
LH,53,95.500000,P1,5,53,152.500000
LH,52,95.750000,P1,5,52,153.000000
LH,53,96.000000,P1,5,53,153.500000
LH,51,96.333333,P1,5,51,154.000000
RH,69,96.333333,P1,1,69,154.000000
LH,50,96.625000,P1,5,50,154.500000
RH,70,96.625000,P1,1,70,154.500000
LH,48,96.875000,P1,5,48,155.000000
RH,72,96.875000,P1,1,72,155.000000
LH,46,97.125000,P1,5,46,155.500000
RH,74,97.125000,P1,1,74,155.500000
RH,65,97.500000,P1,5,65,156.000000
RH,69,97.500000,P1,1,69,156.000000
RH,64,97.875000,P1,5,64,156.500000
RH,89,97.875000,P1,1,89,156.500000
RH,63,98.125000,P1,5,63,157.000000
RH,60,98.375000,P1,5,60,157.500000
LH,57,98.666667,P1,5,57,158.000000
LH,53,99.000000,P1,5,53,158.500000
LH,52,99.250000,P1,5,52,159.000000
LH,53,99.625000,P1,5,53,159.500000
LH,51,99.875000,P1,5,51,160.000000
RH,69,99.875000,P1,1,69,160.000000
LH,50,100.125000,P1,5,50,160.500000
RH,70,100.125000,P1,1,70,160.500000
LH,48,100.375000,P1,5,48,161.000000
RH,72,100.375000,P1,1,72,161.000000
LH,46,100.666667,P1,5,46,161.500000
RH,74,100.666667,P1,1,74,161.500000
LH,45,101.000000,P1,5,45,162.000000
RH,66,101.000000,P1,1,66,162.000000
RH,60,101.333333,P1,5,60,162.500000
RH,69,101.333333,P1,1,69,162.500000
LH,57,101.625000,P1,5,57,163.000000
RH,66,101.625000,P1,1,66,163.000000
LH,58,101.875000,P1,5,58,163.500000
RH,67,101.875000,P1,1,67,163.500000
LH,57,102.125000,P1,5,57,164.000000
RH,69,102.125000,P1,1,69,164.000000
LH,55,102.500000,P1,5,55,164.500000
RH,70,102.500000,P1,1,70,164.500000
LH,56,102.875000,P1,5,56,165.000000
RH,62,102.875000,P1,1,62,165.000000
LH,53,103.125000,P1,5,53,165.500000
RH,65,103.125000,P1,1,65,165.500000
LH,56,103.375000,P1,5,56,166.000000
RH,62,103.375000,P1,1,62,166.000000
LH,55,103.666667,P1,5,55,166.500000
RH,63,103.666667,P1,1,63,166.500000
LH,53,104.000000,P1,5,53,167.000000
RH,65,104.000000,P1,1,65,167.000000
LH,51,104.250000,P1,5,51,167.500000
RH,67,104.250000,P1,1,67,167.500000
LH,53,104.625000,P1,5,53,168.000000
LH,59,104.625000,P1,1,59,168.000000
LH,50,104.875000,P1,5,50,168.500000
RH,62,104.875000,P1,1,62,168.500000
LH,53,105.125000,P1,5,53,169.000000
LH,59,105.125000,P1,1,59,169.000000
LH,51,105.500000,P1,5,51,169.500000
RH,60,105.500000,P1,1,60,169.500000
LH,50,105.750000,P1,5,50,170.000000
RH,62,105.750000,P1,1,62,170.000000
LH,48,106.000000,P1,5,48,170.500000
RH,63,106.000000,P1,1,63,170.500000
LH,53,106.333333,P1,5,53,171.000000
LH,58,106.333333,P1,1,58,171.000000
LH,50,106.625000,P1,5,50,171.500000
RH,62,106.625000,P1,1,62,171.500000
LH,41,107.000000,P1,5,41,172.000000
RH,65,107.000000,P1,1,65,172.000000
LH,51,107.250000,P1,5,51,172.500000
RH,60,107.250000,P1,1,60,172.500000
RH,63,107.500000,P1,1,63,173.000000
LH,48,107.625000,P1,5,48,173.000000
LH,41,107.875000,P1,5,41,173.500000
RH,69,107.875000,P1,1,69,173.500000
LH,34,108.250000,P1,5,34,174.000000
LH,46,108.250000,P1,5,46,174.000000
RH,62,108.250000,P1,1,62,174.000000
RH,70,108.250000,P1,1,70,174.000000
LH,46,109.500000,P1,8,46,175.500000
RH,74,109.500000,P1,1,74,175.500000
RH,62,109.625000,P1,1,62,175.500000
LH,48,110.625000,P1,8,48,177.000000
LH,57,110.625000,P1,5,57,177.000000
RH,63,110.625000,P1,1,63,177.000000
RH,72,110.625000,P1,1,72,177.000000
LH,50,111.625000,P1,8,50,178.500000
RH,65,111.625000,P1,1,65,178.500000
RH,70,111.625000,P1,1,70,178.500000
LH,58,111.666667,P1,5,58,178.500000
LH,51,112.666667,P1,6,51,180.000000
LH,55,112.666667,P1,5,55,180.000000
RH,67,112.666667,P1,1,67,180.000000
LH,48,113.666667,P1,8,48,181.500000
RH,63,113.666667,P1,1,63,181.500000
RH,75,113.666667,P1,1,75,181.500000
LH,50,114.750000,P1,8,50,183.000000
LH,59,114.750000,P1,5,59,183.000000
RH,65,114.750000,P1,1,65,183.000000
RH,74,114.750000,P1,1,74,183.000000
LH,51,115.750000,P1,8,51,184.500000
RH,60,115.750000,P1,5,60,184.500000
RH,67,115.750000,P1,1,67,184.500000
RH,72,115.750000,P1,1,72,184.500000
LH,53,116.875000,P1,6,53,186.000000
RH,69,116.875000,P1,1,69,186.000000
LH,53,117.875000,P1,5,53,187.500000
RH,65,117.875000,P1,5,65,187.500000
RH,81,117.875000,P1,1,81,187.500000
RH,69,118.000000,P1,1,69,187.500000
LH,55,119.000000,P1,5,55,189.000000
RH,64,119.000000,P1,5,64,189.000000
RH,70,119.000000,P1,1,70,189.000000
RH,82,119.000000,P1,1,82,189.000000
LH,57,120.000000,P1,5,57,190.500000
RH,63,120.000000,P1,5,63,190.500000
RH,72,120.000000,P1,1,72,190.500000
RH,84,120.000000,P1,1,84,190.500000
LH,58,121.000000,P1,5,58,192.000000
RH,62,121.000000,P1,5,62,192.000000
RH,74,121.000000,P1,1,74,192.000000
RH,86,121.000000,P1,1,86,192.000000
LH,57,122.000000,P1,5,57,193.500000
RH,60,122.000000,P1,5,60,193.500000
RH,77,122.000000,P1,2,77,193.500000
RH,89,122.000000,P1,1,89,193.500000
LH,55,123.000000,P1,5,55,195.000000
LH,58,123.000000,P1,5,58,195.000000
RH,79,123.250000,P1,2,79,195.500000
RH,77,123.625000,P1,2,77,196.000000
LH,48,123.875000,P1,5,48,196.500000
LH,58,123.875000,P1,5,58,196.500000
RH,76,123.875000,P1,2,76,196.500000
RH,86,124.250000,P1,1,86,197.000000
RH,88,124.500000,P1,1,88,197.500000
LH,53,124.875000,P1,5,53,198.000000
LH,57,124.875000,P1,5,57,198.000000
RH,77,124.875000,P1,2,77,198.000000
RH,89,124.875000,P1,1,89,198.000000
LH,46,126.125000,P1,8,46,199.500000
RH,62,126.125000,P1,2,62,199.500000
RH,74,126.500000,P1,1,74,200.000000
RH,74,126.750000,P1,1,74,200.500000
LH,48,127.125000,P1,8,48,201.000000
LH,57,127.125000,P1,5,57,201.000000
RH,63,127.125000,P1,2,63,201.000000
RH,74,127.125000,P1,1,74,201.000000
RH,72,127.375000,P1,1,72,201.500000
RH,72,127.666667,P1,1,72,202.000000
LH,50,128.000000,P1,8,50,202.500000
LH,58,128.000000,P1,5,58,202.500000
RH,65,128.000000,P1,2,65,202.500000
RH,70,128.333333,P1,1,70,203.000000
RH,70,128.625000,P1,1,70,203.500000
LH,51,129.000000,P1,6,51,204.000000
LH,55,129.000000,P1,5,55,204.000000
RH,69,129.000000,P1,1,69,204.000000
RH,67,129.250000,P1,1,67,204.500000
RH,67,129.500000,P1,1,67,205.000000
LH,48,129.875000,P1,8,48,205.500000
RH,63,129.875000,P1,2,63,205.500000
RH,75,130.250000,P1,1,75,206.000000
RH,75,130.500000,P1,1,75,206.500000
LH,50,130.875000,P1,8,50,207.000000
LH,59,130.875000,P1,5,59,207.000000
RH,65,130.875000,P1,2,65,207.000000
RH,75,130.875000,P1,1,75,207.000000
RH,74,131.125000,P1,1,74,207.500000
RH,74,131.500000,P1,1,74,208.000000
LH,51,131.750000,P1,8,51,208.500000
RH,60,131.750000,P1,5,60,208.500000
RH,67,131.750000,P1,2,67,208.500000
RH,72,132.125000,P1,1,72,209.000000
RH,72,132.375000,P1,1,72,209.500000
LH,53,132.750000,P1,6,53,210.000000
RH,70,132.750000,P1,1,70,210.000000
RH,69,133.000000,P1,1,69,210.500000
RH,69,133.333333,P1,1,69,211.000000
RH,69,133.625000,P1,1,69,211.500000
RH,77,133.625000,P1,1,77,211.500000
RH,81,133.625000,P1,1,81,211.500000
RH,65,134.000000,P1,5,65,212.000000
RH,65,134.250000,P1,5,65,212.500000
RH,65,134.625000,P1,5,65,213.000000
RH,70,134.625000,P1,1,70,213.000000
RH,79,134.625000,P1,1,79,213.000000
RH,82,134.625000,P1,1,82,213.000000
RH,72,135.500000,P1,1,72,214.500000
RH,81,135.500000,P1,1,81,214.500000
RH,84,135.500000,P1,1,84,214.500000
RH,63,135.875000,P1,5,63,215.000000
RH,63,136.125000,P1,5,63,215.500000
RH,63,136.500000,P1,5,63,216.000000
RH,74,136.500000,P1,1,74,216.000000
RH,82,136.500000,P1,1,82,216.000000
RH,86,136.500000,P1,1,86,216.000000
RH,62,136.750000,P1,5,62,216.500000
RH,62,137.125000,P1,5,62,217.000000
LH,53,137.375000,P1,6,53,217.500000
RH,62,137.750000,P1,5,62,218.000000
RH,65,137.750000,P1,5,65,218.000000
RH,70,137.750000,P1,1,70,218.000000
RH,82,137.750000,P1,1,82,218.000000
RH,62,138.000000,P1,5,62,218.500000
RH,65,138.000000,P1,5,65,218.500000
RH,70,138.000000,P1,1,70,218.500000
RH,82,138.000000,P1,1,82,218.500000
LH,41,138.375000,P1,6,41,219.000000
RH,70,138.500000,P1,1,70,219.000000
RH,82,138.500000,P1,1,82,219.000000
RH,60,138.750000,P1,5,60,219.500000
RH,63,138.750000,P1,5,63,219.500000
RH,69,138.750000,P1,1,69,219.500000
RH,81,138.750000,P1,1,81,219.500000
RH,63,139.000000,P1,5,63,220.000000
RH,69,139.000000,P1,1,69,220.000000
RH,81,139.000000,P1,1,81,220.000000
LH,53,139.333333,P1,6,53,220.500000
LH,58,139.625000,P1,5,58,221.000000
RH,62,139.625000,P1,5,62,221.000000
RH,67,139.625000,P1,1,67,221.000000
RH,79,139.625000,P1,1,79,221.000000
LH,58,139.875000,P1,5,58,221.500000
RH,62,139.875000,P1,5,62,221.500000
RH,67,139.875000,P1,1,67,221.500000
RH,79,139.875000,P1,1,79,221.500000
LH,41,140.250000,P1,6,41,222.000000
RH,67,140.250000,P1,1,67,222.000000
RH,79,140.250000,P1,1,79,222.000000
RH,60,140.500000,P1,5,60,222.500000
RH,65,140.500000,P1,1,65,222.500000
RH,77,140.500000,P1,1,77,222.500000
LH,57,140.625000,P1,5,57,222.500000
RH,60,140.875000,P1,5,60,223.000000
RH,65,140.875000,P1,1,65,223.000000
RH,77,140.875000,P1,1,77,223.000000
LH,53,141.125000,P1,6,53,223.500000
LH,55,141.500000,P1,5,55,224.000000
LH,58,141.500000,P1,5,58,224.000000
RH,75,141.500000,P1,1,75,224.000000
LH,55,141.750000,P1,5,55,224.500000
LH,58,141.750000,P1,5,58,224.500000
RH,63,141.750000,P1,1,63,224.500000
RH,75,141.750000,P1,1,75,224.500000
RH,63,142.125000,P1,1,63,225.000000
RH,75,142.125000,P1,1,75,225.000000
LH,57,142.375000,P1,5,57,225.500000
RH,62,142.375000,P1,1,62,225.500000
RH,74,142.375000,P1,1,74,225.500000
LH,53,142.500000,P1,5,53,225.500000
LH,57,142.666667,P1,5,57,226.000000
RH,62,142.666667,P1,1,62,226.000000
RH,74,142.666667,P1,1,74,226.000000
LH,41,143.000000,P1,6,41,226.500000
LH,51,143.333333,P1,5,51,227.000000
RH,60,143.333333,P1,1,60,227.000000
RH,72,143.333333,P1,1,72,227.000000
LH,51,143.625000,P1,5,51,227.500000
LH,55,143.625000,P1,5,55,227.500000
RH,60,143.625000,P1,1,60,227.500000
RH,72,143.625000,P1,1,72,227.500000
LH,41,143.875000,P1,6,41,228.000000
RH,60,143.875000,P1,1,60,228.000000
RH,72,143.875000,P1,1,72,228.000000
LH,50,144.250000,P1,5,50,228.500000
LH,53,144.250000,P1,5,53,228.500000
LH,58,144.250000,P1,1,58,228.500000
RH,70,144.250000,P1,1,70,228.500000
LH,50,144.500000,P1,5,50,229.000000
LH,53,144.500000,P1,5,53,229.000000
LH,58,144.500000,P1,1,58,229.000000
RH,70,144.500000,P1,1,70,229.000000
LH,41,144.875000,P1,6,41,229.500000
LH,58,144.875000,P1,1,58,229.500000
RH,70,144.875000,P1,1,70,229.500000
LH,51,145.125000,P1,5,51,230.000000
LH,57,145.125000,P1,1,57,230.000000
RH,69,145.125000,P1,1,69,230.000000
LH,48,145.500000,P1,5,48,230.500000
LH,51,145.500000,P1,5,51,230.500000
LH,57,145.500000,P1,1,57,230.500000
RH,69,145.500000,P1,1,69,230.500000
LH,41,145.750000,P1,6,41,231.000000
LH,57,145.750000,P1,1,57,231.000000
RH,69,145.750000,P1,1,69,231.000000
LH,46,146.125000,P1,5,46,231.500000
LH,50,146.125000,P1,5,50,231.500000
LH,55,146.125000,P1,1,55,231.500000
RH,67,146.125000,P1,1,67,231.500000
LH,46,146.333333,P1,5,46,232.000000
LH,50,146.333333,P1,5,50,232.000000
LH,55,146.333333,P1,1,55,232.000000
RH,67,146.333333,P1,1,67,232.000000
LH,41,146.666667,P1,6,41,232.500000
LH,55,146.666667,P1,1,55,232.500000
RH,67,146.666667,P1,1,67,232.500000
LH,45,147.000000,P1,5,45,233.000000
LH,53,147.000000,P1,1,53,233.000000
RH,65,147.000000,P1,1,65,233.000000
LH,45,147.250000,P1,5,45,233.500000
LH,48,147.250000,P1,5,48,233.500000
LH,53,147.250000,P1,1,53,233.500000
RH,65,147.250000,P1,1,65,233.500000
LH,30,147.625000,P1,5,30,234.000000
LH,42,147.625000,P1,5,42,234.000000
LH,53,147.625000,P1,2,53,234.000000
RH,65,147.625000,P1,1,65,234.000000
LH,30,148.000000,P1,5,30,234.500000
LH,36,148.000000,P1,5,36,234.500000
LH,42,148.000000,P1,5,42,234.500000
LH,51,148.000000,P1,2,51,234.500000
LH,57,148.000000,P1,2,57,234.500000
RH,60,148.000000,P1,1,60,234.500000
RH,63,148.000000,P1,1,63,234.500000
LH,30,148.250000,P1,5,30,235.000000
LH,42,148.250000,P1,5,42,235.000000
LH,51,148.250000,P1,2,51,235.000000
LH,57,148.250000,P1,2,57,235.000000
RH,63,148.250000,P1,1,63,235.000000
RH,60,148.333333,P1,1,60,235.000000
LH,30,148.625000,P1,5,30,235.500000
LH,42,148.625000,P1,5,42,235.500000
LH,51,148.625000,P1,2,51,235.500000
LH,57,148.625000,P1,2,57,235.500000
RH,60,148.625000,P1,1,60,235.500000
RH,63,148.625000,P1,1,63,235.500000
LH,30,148.875000,P1,5,30,236.000000
LH,42,148.875000,P1,5,42,236.000000
LH,51,148.875000,P1,2,51,236.000000
LH,57,148.875000,P1,2,57,236.000000
RH,60,148.875000,P1,1,60,236.000000
RH,63,148.875000,P1,1,63,236.000000
LH,30,149.125000,P1,5,30,236.500000
LH,42,149.125000,P1,5,42,236.500000
LH,51,149.125000,P1,2,51,236.500000
LH,57,149.125000,P1,2,57,236.500000
RH,60,149.125000,P1,1,60,236.500000
RH,63,149.125000,P1,1,63,236.500000
LH,30,149.500000,P1,5,30,237.000000
LH,42,149.500000,P1,5,42,237.000000
LH,51,149.500000,P1,2,51,237.000000
LH,57,149.500000,P1,2,57,237.000000
RH,60,149.500000,P1,1,60,237.000000
RH,63,149.500000,P1,1,63,237.000000
LH,36,149.625000,P1,5,36,237.000000
LH,30,149.750000,P1,5,30,237.500000
LH,42,149.750000,P1,5,42,237.500000
LH,51,149.750000,P1,2,51,237.500000
RH,63,149.750000,P1,1,63,237.500000
LH,57,149.875000,P1,2,57,237.500000
RH,60,149.875000,P1,1,60,237.500000
LH,30,150.125000,P1,5,30,238.000000
LH,42,150.125000,P1,5,42,238.000000
LH,51,150.125000,P1,2,51,238.000000
LH,57,150.125000,P1,2,57,238.000000
RH,60,150.125000,P1,1,60,238.000000
RH,63,150.125000,P1,1,63,238.000000
LH,36,150.250000,P1,5,36,238.000000
LH,30,150.375000,P1,5,30,238.500000
LH,42,150.375000,P1,5,42,238.500000
LH,51,150.375000,P1,2,51,238.500000
LH,57,150.375000,P1,2,57,238.500000
RH,60,150.375000,P1,1,60,238.500000
RH,63,150.375000,P1,1,63,238.500000
LH,36,150.500000,P1,5,36,238.500000
LH,30,150.666667,P1,5,30,239.000000
LH,42,150.666667,P1,5,42,239.000000
LH,51,150.666667,P1,2,51,239.000000
LH,57,150.666667,P1,2,57,239.000000
RH,60,150.666667,P1,1,60,239.000000
RH,63,150.666667,P1,1,63,239.000000
LH,36,150.750000,P1,5,36,239.000000
LH,30,151.000000,P1,5,30,239.500000
LH,42,151.000000,P1,5,42,239.500000
LH,51,151.000000,P1,2,51,239.500000
LH,57,151.000000,P1,2,57,239.500000
RH,60,151.000000,P1,1,60,239.500000
RH,63,151.000000,P1,1,63,239.500000
LH,36,151.125000,P1,5,36,239.500000
LH,31,151.500000,P1,5,31,240.000000
LH,36,151.500000,P1,5,36,240.000000
LH,43,151.500000,P1,5,43,240.000000
LH,52,151.500000,P1,2,52,240.000000
LH,55,151.500000,P1,2,55,240.000000
RH,60,151.500000,P1,1,60,240.000000
RH,64,151.500000,P1,1,64,240.000000
LH,43,152.875000,P1,6,43,241.500000
LH,52,152.875000,P1,5,52,241.500000
LH,55,152.875000,P1,2,55,241.500000
RH,60,152.875000,P1,1,60,241.500000
LH,53,153.875000,P1,5,53,243.000000
LH,59,153.875000,P1,1,59,243.000000
LH,47,154.875000,P1,5,47,244.500000
RH,65,154.875000,P1,1,65,244.500000
LH,43,155.875000,P1,6,43,246.000000
LH,48,155.875000,P1,5,48,246.000000
RH,64,155.875000,P1,1,64,246.000000
LH,52,157.000000,P1,5,52,247.500000
LH,55,157.000000,P1,2,55,247.500000
RH,60,157.000000,P1,1,60,247.500000
RH,67,157.000000,P1,1,67,247.500000
LH,53,158.000000,P1,5,53,249.000000
LH,59,158.000000,P1,3,59,249.000000
LH,47,159.000000,P1,5,47,250.500000
RH,65,159.000000,P1,3,65,250.500000
LH,43,160.125000,P1,6,43,252.000000
LH,48,160.125000,P1,5,48,252.000000
RH,64,160.125000,P1,1,64,252.000000
LH,48,161.125000,P1,5,48,253.500000
RH,66,161.125000,P1,1,66,253.500000
RH,78,161.125000,P1,1,78,253.500000
RH,67,161.500000,P1,1,67,254.000000
RH,79,161.500000,P1,1,79,254.000000
RH,69,161.750000,P1,1,69,254.500000
RH,81,161.750000,P1,1,81,254.500000
LH,47,162.000000,P1,5,47,255.000000
RH,79,162.125000,P1,1,79,255.000000
RH,77,162.375000,P1,1,77,255.500000
RH,64,162.666667,P1,1,64,256.000000
RH,76,162.666667,P1,1,76,256.000000
LH,53,163.000000,P1,5,53,256.500000
RH,62,163.000000,P1,1,62,256.500000
RH,74,163.000000,P1,1,74,256.500000
RH,72,163.250000,P1,1,72,257.000000
RH,60,163.375000,P1,1,60,257.000000
LH,59,163.500000,P1,1,59,257.500000
RH,71,163.500000,P1,1,71,257.500000
LH,43,163.875000,P1,6,43,258.000000
LH,52,163.875000,P1,5,52,258.000000
RH,60,163.875000,P1,1,60,258.000000
RH,72,163.875000,P1,1,72,258.000000
RH,62,164.125000,P1,1,62,258.500000
RH,74,164.125000,P1,1,74,258.500000
RH,64,164.375000,P1,1,64,259.000000
RH,76,164.375000,P1,1,76,259.000000
LH,48,164.750000,P1,5,48,259.500000
RH,66,164.750000,P1,1,66,259.500000
RH,78,164.750000,P1,1,78,259.500000
RH,67,165.000000,P1,1,67,260.000000
RH,79,165.000000,P1,1,79,260.000000
RH,69,165.333333,P1,1,69,260.500000
RH,81,165.333333,P1,1,81,260.500000
LH,47,165.666667,P1,5,47,261.000000
RH,67,165.666667,P1,1,67,261.000000
RH,79,165.666667,P1,1,79,261.000000
RH,65,166.000000,P1,1,65,261.500000
RH,77,166.000000,P1,1,77,261.500000
RH,64,166.250000,P1,1,64,262.000000
RH,76,166.250000,P1,1,76,262.000000
LH,53,166.500000,P1,5,53,262.500000
RH,62,166.500000,P1,1,62,262.500000
RH,74,166.500000,P1,1,74,262.500000
RH,60,166.875000,P1,1,60,263.000000
RH,72,166.875000,P1,1,72,263.000000
LH,59,167.125000,P1,1,59,263.500000
RH,71,167.125000,P1,1,71,263.500000
LH,48,167.500000,P1,5,48,264.000000
LH,52,167.500000,P1,5,52,264.000000
RH,60,167.500000,P1,1,60,264.000000
RH,72,167.500000,P1,1,72,264.000000
LH,46,168.500000,P1,5,46,265.500000
LH,55,168.500000,P1,5,55,265.500000
RH,62,168.750000,P1,1,62,266.000000
RH,74,168.750000,P1,1,74,266.000000
RH,64,169.125000,P1,1,64,266.500000
RH,76,169.125000,P1,1,76,266.500000
LH,45,169.375000,P1,5,45,267.000000
LH,53,169.375000,P1,5,53,267.000000
RH,65,169.375000,P1,1,65,267.000000
RH,77,169.500000,P1,1,77,267.000000
RH,63,170.125000,P1,1,63,268.000000
RH,75,170.125000,P1,1,75,268.000000
LH,46,170.375000,P1,5,46,268.500000
LH,58,170.375000,P1,5,58,268.500000
RH,74,170.375000,P1,1,74,268.500000
RH,62,170.500000,P1,1,62,268.500000
RH,63,171.125000,P1,1,63,269.500000
RH,75,171.125000,P1,1,75,269.500000
LH,42,171.500000,P1,5,42,270.000000
LH,50,171.500000,P1,6,50,270.000000
LH,54,171.500000,P1,5,54,270.000000
RH,62,171.500000,P1,1,62,270.000000
RH,74,171.500000,P1,1,74,270.000000
RH,60,172.125000,P1,1,60,271.000000
RH,72,172.125000,P1,1,72,271.000000
LH,43,172.375000,P1,5,43,271.500000
LH,55,172.375000,P1,5,55,271.500000
LH,58,172.375000,P1,1,58,271.500000
RH,70,172.375000,P1,1,70,271.500000
RH,62,173.000000,P1,1,62,272.500000
RH,74,173.000000,P1,1,74,272.500000
LH,39,173.375000,P1,5,39,273.000000
LH,51,173.375000,P1,5,51,273.000000
RH,60,173.375000,P1,1,60,273.000000
RH,72,173.375000,P1,1,72,273.000000
LH,58,174.000000,P1,1,58,274.000000
RH,70,174.000000,P1,1,70,274.000000
LH,41,174.333333,P1,5,41,274.500000
LH,53,174.333333,P1,5,53,274.500000
LH,57,174.333333,P1,1,57,274.500000
RH,69,174.333333,P1,1,69,274.500000
RH,60,175.000000,P1,1,60,275.500000
RH,72,175.000000,P1,1,72,275.500000
LH,34,175.333333,P1,5,34,276.000000
LH,46,175.333333,P1,5,46,276.000000
LH,58,175.333333,P1,1,58,276.000000
RH,70,175.333333,P1,1,70,276.000000
LH,46,175.500000,P1,5,46,276.500000
RH,70,175.500000,P1,1,70,276.500000
LH,46,175.875000,P1,5,46,277.000000
RH,70,175.875000,P1,1,70,277.000000
LH,46,176.250000,P1,5,46,277.500000
RH,70,176.250000,P1,1,70,277.500000
LH,45,176.500000,P1,5,45,278.000000
RH,69,176.500000,P1,1,69,278.000000
LH,46,176.875000,P1,5,46,278.500000
RH,70,176.875000,P1,1,70,278.500000
LH,38,177.125000,P1,5,38,279.000000
LH,50,177.125000,P1,5,50,279.000000
RH,62,177.125000,P1,1,62,279.000000
RH,74,177.125000,P1,1,74,279.000000
LH,50,177.500000,P1,5,50,279.500000
RH,74,177.500000,P1,1,74,279.500000
LH,50,177.750000,P1,5,50,280.000000
RH,74,177.750000,P1,1,74,280.000000
LH,50,178.125000,P1,5,50,280.500000
RH,74,178.125000,P1,1,74,280.500000
LH,49,178.375000,P1,5,49,281.000000
RH,73,178.375000,P1,1,73,281.000000
LH,50,178.666667,P1,5,50,281.500000
RH,74,178.666667,P1,1,74,281.500000
LH,41,179.000000,P1,5,41,282.000000
LH,53,179.000000,P1,5,53,282.000000
RH,65,179.000000,P1,1,65,282.000000
RH,77,179.000000,P1,1,77,282.000000
LH,53,179.333333,P1,5,53,282.500000
RH,77,179.333333,P1,1,77,282.500000
LH,53,179.625000,P1,5,53,283.000000
RH,77,179.625000,P1,1,77,283.000000
LH,53,179.875000,P1,5,53,283.500000
RH,77,179.875000,P1,1,77,283.500000
LH,52,180.250000,P1,5,52,284.000000
RH,76,180.250000,P1,1,76,284.000000
LH,53,180.500000,P1,5,53,284.500000
RH,77,180.500000,P1,1,77,284.500000
LH,46,180.875000,P1,5,46,285.000000
LH,58,180.875000,P1,5,58,285.000000
RH,70,180.875000,P1,1,70,285.000000
RH,82,180.875000,P1,1,82,285.000000
LH,58,181.125000,P1,5,58,285.500000
RH,82,181.125000,P1,1,82,285.500000
LH,58,181.500000,P1,5,58,286.000000
RH,82,181.500000,P1,1,82,286.000000
LH,58,181.750000,P1,5,58,286.500000
RH,82,181.750000,P1,1,82,286.500000
LH,57,182.000000,P1,5,57,287.000000
RH,81,182.000000,P1,1,81,287.000000
LH,58,182.333333,P1,5,58,287.500000
RH,82,182.333333,P1,1,82,287.500000
LH,55,182.666667,P1,5,55,288.000000
LH,58,182.666667,P1,5,58,288.000000
RH,70,182.750000,P1,1,70,288.000000
RH,72,182.875000,P1,1,72,288.250000
RH,70,183.000000,P1,1,70,288.500000
RH,69,183.250000,P1,1,69,288.750000
RH,70,183.333333,P1,1,70,289.000000
RH,69,183.500000,P1,1,69,289.250000
RH,70,183.625000,P1,1,70,289.500000
RH,71,183.750000,P1,1,71,289.750000
RH,72,183.875000,P1,1,72,290.000000
RH,73,184.000000,P1,1,73,290.250000
RH,74,184.250000,P1,1,74,290.500000
RH,75,184.333333,P1,1,75,290.750000
LH,54,184.500000,P1,5,54,291.000000
LH,58,184.500000,P1,5,58,291.000000
RH,61,184.500000,P1,5,61,291.000000
RH,64,184.500000,P1,5,64,291.000000
RH,76,184.500000,P1,1,76,291.000000
RH,77,184.666667,P1,1,77,291.214583
RH,78,184.875000,P1,1,78,291.429167
RH,79,185.000000,P1,1,79,291.643750
RH,80,185.125000,P1,1,80,291.858333
RH,81,185.333333,P1,1,81,292.072917
RH,82,185.500000,P1,1,82,292.287500
RH,83,185.625000,P1,1,83,292.500000
RH,84,185.750000,P1,1,84,292.750000
RH,85,185.875000,P1,1,85,293.000000
RH,86,186.000000,P1,1,86,293.250000
RH,87,186.125000,P1,1,87,293.500000
LH,53,186.375000,P1,5,53,294.000000
RH,62,186.375000,P1,5,62,294.000000
RH,65,186.375000,P1,5,65,294.000000
RH,88,186.375000,P1,1,88,293.750000
RH,89,186.375000,P1,1,89,294.000000
LH,53,186.750000,P1,5,53,294.500000
LH,53,187.125000,P1,5,53,295.000000
RH,74,187.375000,P1,1,74,295.500000
RH,82,187.375000,P1,1,82,295.500000
RH,86,187.375000,P1,1,86,295.500000
LH,53,187.666667,P1,5,53,296.000000
LH,53,188.000000,P1,5,53,296.500000
RH,75,188.333333,P1,1,75,297.000000
RH,84,188.333333,P1,1,84,297.000000
RH,87,188.333333,P1,1,87,297.000000
LH,41,188.666667,P1,5,41,297.500000
LH,41,189.000000,P1,5,41,298.000000
RH,69,189.333333,P1,1,69,298.500000
RH,72,189.333333,P1,1,72,298.500000
RH,75,189.333333,P1,1,75,298.500000
RH,81,189.333333,P1,1,81,298.500000
LH,41,189.625000,P1,5,41,299.000000
LH,41,190.000000,P1,5,41,299.500000
LH,34,190.250000,P1,5,34,300.000000
LH,58,190.250000,P1,1,58,300.000000
RH,70,190.375000,P1,1,70,300.250000
LH,46,190.625000,P1,5,46,300.500000
LH,58,190.625000,P1,1,58,300.500000
RH,70,190.750000,P1,1,70,300.750000
LH,46,190.875000,P1,5,46,301.000000
LH,58,190.875000,P1,1,58,301.000000
RH,70,191.000000,P1,1,70,301.250000
LH,46,191.250000,P1,5,46,301.500000
LH,58,191.250000,P1,1,58,301.500000
RH,70,191.375000,P1,1,70,301.750000
LH,45,191.500000,P1,5,45,302.000000
LH,57,191.500000,P1,1,57,302.000000
RH,69,191.666667,P1,1,69,302.250000
LH,46,191.875000,P1,5,46,302.500000
LH,58,191.875000,P1,1,58,302.500000
RH,70,192.000000,P1,1,70,302.750000
LH,38,192.125000,P1,5,38,303.000000
RH,62,192.125000,P1,1,62,303.000000
RH,74,192.333333,P1,1,74,303.250000
LH,50,192.500000,P1,5,50,303.500000
RH,62,192.500000,P1,1,62,303.500000
RH,74,192.625000,P1,1,74,303.750000
LH,50,192.750000,P1,5,50,304.000000
RH,62,192.750000,P1,1,62,304.000000
RH,74,193.000000,P1,1,74,304.250000
LH,50,193.125000,P1,5,50,304.500000
RH,62,193.125000,P1,1,62,304.500000
RH,74,193.250000,P1,1,74,304.750000
LH,49,193.375000,P1,5,49,305.000000
RH,61,193.375000,P1,1,61,305.000000
RH,73,193.625000,P1,1,73,305.250000
LH,50,193.750000,P1,5,50,305.500000
RH,62,193.750000,P1,1,62,305.500000
RH,74,193.875000,P1,1,74,305.750000
LH,41,194.000000,P1,5,41,306.000000
RH,65,194.000000,P1,1,65,306.000000
RH,77,194.250000,P1,1,77,306.250000
LH,53,194.375000,P1,5,53,306.500000
RH,65,194.375000,P1,1,65,306.500000
RH,77,194.500000,P1,1,77,306.750000
RH,65,194.666667,P1,1,65,307.000000
LH,53,194.750000,P1,5,53,307.000000
RH,77,194.875000,P1,1,77,307.250000
LH,53,195.000000,P1,5,53,307.500000
RH,65,195.000000,P1,1,65,307.500000
RH,77,195.125000,P1,1,77,307.750000
RH,64,195.333333,P1,1,64,308.000000
LH,52,195.375000,P1,5,52,308.000000
RH,76,195.500000,P1,1,76,308.250000
LH,53,195.625000,P1,5,53,308.500000
RH,65,195.625000,P1,1,65,308.500000
RH,77,195.750000,P1,1,77,308.750000
LH,46,196.000000,P1,5,46,309.000000
RH,70,196.000000,P1,1,70,309.000000
RH,82,196.125000,P1,1,82,309.250000
LH,58,196.250000,P1,5,58,309.500000
RH,70,196.250000,P1,1,70,309.500000
RH,82,196.375000,P1,1,82,309.750000
LH,58,196.625000,P1,5,58,310.000000
RH,70,196.625000,P1,1,70,310.000000
RH,82,196.750000,P1,1,82,310.250000
LH,58,196.875000,P1,5,58,310.500000
RH,70,196.875000,P1,1,70,310.500000
RH,82,197.000000,P1,1,82,310.750000
LH,57,197.250000,P1,5,57,311.000000
RH,69,197.250000,P1,1,69,311.000000
RH,81,197.375000,P1,1,81,311.250000
RH,70,197.500000,P1,1,70,311.500000
LH,55,198.000000,P1,5,55,312.000000
LH,43,198.125000,P1,5,43,312.000000
LH,46,198.125000,P1,5,46,312.000000
LH,58,198.125000,P1,1,58,312.000000
RH,60,198.333333,P1,1,60,312.250000
LH,58,198.500000,P1,1,58,312.500000
LH,57,198.625000,P1,1,57,312.750000
LH,58,198.750000,P1,1,58,313.000000
LH,57,199.000000,P1,1,57,313.250000
LH,58,199.125000,P1,1,58,313.500000
LH,59,199.250000,P1,1,59,313.750000
RH,60,199.375000,P1,1,60,314.000000
RH,61,199.625000,P1,1,61,314.250000
RH,62,199.750000,P1,1,62,314.500000
RH,63,199.875000,P1,1,63,314.750000
LH,42,200.125000,P1,5,42,315.000000
LH,46,200.125000,P1,5,46,315.000000
LH,54,200.125000,P1,5,54,315.000000
RH,64,200.125000,P1,1,64,315.000000
RH,65,200.333333,P1,1,65,315.250000
RH,66,200.500000,P1,1,66,315.500000
RH,67,200.666667,P1,1,67,315.750000
RH,68,200.875000,P1,1,68,316.000000
RH,69,201.000000,P1,1,69,316.250000
RH,70,201.125000,P1,1,70,316.500000
RH,71,201.333333,P1,1,71,316.750000
RH,72,201.500000,P1,1,72,317.000000
RH,73,201.666667,P1,1,73,317.250000
RH,74,201.750000,P1,1,74,317.500000
RH,75,202.000000,P1,1,75,317.750000
LH,41,202.125000,P1,5,41,318.000000
LH,46,202.125000,P1,5,46,318.000000
LH,53,202.125000,P1,5,53,318.000000
RH,76,202.250000,P1,1,76,318.000000
RH,77,202.375000,P1,1,77,318.250000
RH,78,202.500000,P1,1,78,318.500000
RH,79,202.666667,P1,1,79,318.750000
RH,80,202.875000,P1,1,80,319.000000
RH,81,203.000000,P1,1,81,319.250000
RH,82,203.125000,P1,1,82,319.500000
RH,83,203.333333,P1,1,83,319.750000
RH,84,203.500000,P1,1,84,320.000000
RH,85,203.625000,P1,1,85,320.250000
RH,84,203.750000,P1,1,84,320.500000
RH,85,204.000000,P1,1,85,320.750000
LH,40,204.125000,P1,5,40,321.000000
LH,46,204.125000,P1,5,46,321.000000
LH,52,204.125000,P1,5,52,321.000000
RH,84,204.125000,P1,1,84,321.000000
RH,85,204.333333,P1,1,85,321.250000
RH,84,204.500000,P1,1,84,321.500000
RH,85,204.625000,P1,1,85,321.750000
RH,84,204.750000,P1,1,84,322.000000
RH,85,205.000000,P1,1,85,322.250000
RH,84,205.125000,P1,1,84,322.500000
RH,85,205.250000,P1,1,85,322.750000
RH,84,205.375000,P1,1,84,323.000000
RH,85,205.625000,P1,1,85,323.250000
RH,84,205.750000,P1,1,84,323.500000
RH,85,205.875000,P1,1,85,323.750000
LH,41,206.250000,P1,5,41,324.000000
LH,46,206.250000,P1,5,46,324.000000
LH,53,206.250000,P1,5,53,324.000000
RH,87,206.250000,P1,2,87,324.166667
RH,86,206.375000,P1,2,86,324.333333
RH,84,206.625000,P1,1,84,324.500000
RH,82,206.875000,P1,1,82,325.000000
LH,53,207.125000,P1,5,53,325.500000
RH,62,207.125000,P1,5,62,325.500000
LH,58,207.250000,P1,5,58,325.500000
RH,84,207.333333,P1,2,84,325.666667
RH,82,207.375000,P1,2,82,325.833333
RH,81,207.500000,P1,1,81,326.000000
RH,79,207.875000,P1,1,79,326.500000
LH,53,208.250000,P1,5,53,327.000000
LH,58,208.250000,P1,5,58,327.000000
RH,62,208.250000,P1,5,62,327.000000
RH,79,208.250000,P1,2,79,327.166667
RH,75,208.500000,P1,1,75,327.500000
RH,77,208.500000,P1,2,77,327.333333
RH,74,208.875000,P1,1,74,328.000000
LH,53,209.250000,P1,5,53,328.500000
RH,60,209.250000,P1,5,60,328.500000
RH,63,209.250000,P1,5,63,328.500000
RH,72,209.250000,P1,1,72,328.500000
RH,75,209.625000,P1,1,75,329.000000
RH,69,210.000000,P1,1,69,329.500000
LH,58,210.333333,P1,5,58,330.000000
RH,62,210.333333,P1,5,62,330.000000
RH,70,210.333333,P1,1,70,330.000000
RH,74,210.500000,P1,1,74,330.250000
RH,82,210.750000,P1,1,82,330.500000
RH,74,210.875000,P1,1,74,330.750000
RH,82,211.000000,P1,1,82,331.000000
RH,74,211.250000,P1,1,74,331.250000
LH,46,211.375000,P1,5,46,331.500000
RH,70,211.500000,P1,1,70,331.500000
RH,74,211.625000,P1,1,74,331.750000
RH,82,211.750000,P1,1,82,332.000000
RH,74,212.000000,P1,1,74,332.250000
RH,82,212.125000,P1,1,82,332.500000
RH,74,212.333333,P1,1,74,332.750000
RH,71,212.500000,P1,1,71,333.000000
RH,74,212.625000,P1,1,74,333.250000
RH,80,212.750000,P1,1,80,333.500000
RH,74,213.000000,P1,1,74,333.750000
RH,80,213.125000,P1,1,80,334.000000
RH,74,213.250000,P1,1,74,334.250000
RH,70,213.375000,P1,1,70,334.500000
RH,74,213.500000,P1,1,74,334.750000
RH,82,213.666667,P1,1,82,335.000000
RH,74,213.875000,P1,1,74,335.250000
RH,82,214.000000,P1,1,82,335.500000
RH,74,214.125000,P1,1,74,335.750000
RH,68,214.250000,P1,1,68,336.000000
RH,74,214.500000,P1,1,74,336.250000
RH,83,214.625000,P1,1,83,336.500000
RH,74,214.750000,P1,1,74,336.750000
RH,83,214.875000,P1,1,83,337.000000
RH,74,215.000000,P1,1,74,337.250000
LH,58,215.250000,P1,5,58,337.500000
RH,70,215.250000,P1,1,70,337.500000
RH,74,215.375000,P1,1,74,337.750000
RH,82,215.500000,P1,1,82,338.000000
RH,74,215.750000,P1,1,74,338.250000
RH,82,215.875000,P1,1,82,338.500000
RH,74,216.000000,P1,1,74,338.750000
RH,71,216.250000,P1,1,71,339.000000
RH,74,216.375000,P1,1,74,339.250000
RH,80,216.500000,P1,1,80,339.500000
RH,74,216.666667,P1,1,74,339.750000
RH,74,216.875000,P1,1,74,340.250000
RH,80,216.875000,P1,1,80,340.000000
RH,68,217.125000,P1,1,68,340.500000
RH,74,217.250000,P1,1,74,340.750000
RH,83,217.375000,P1,1,83,341.000000
RH,74,217.625000,P1,1,74,341.250000
RH,83,217.750000,P1,1,83,341.500000
RH,74,217.875000,P1,1,74,341.750000
RH,67,218.000000,P1,1,67,342.000000
RH,75,218.250000,P1,1,75,342.250000
RH,82,218.333333,P1,1,82,342.500000
RH,75,218.500000,P1,1,75,342.750000
RH,82,218.666667,P1,1,82,343.000000
RH,75,218.750000,P1,1,75,343.250000
LH,46,219.000000,P1,5,46,343.500000
RH,68,219.000000,P1,1,68,343.500000
RH,75,219.125000,P1,1,75,343.750000
RH,80,219.250000,P1,1,80,344.000000
RH,75,219.500000,P1,1,75,344.250000
RH,80,219.625000,P1,1,80,344.500000
RH,75,219.750000,P1,1,75,344.750000
RH,70,219.875000,P1,1,70,345.000000
RH,75,220.125000,P1,1,75,345.250000
RH,79,220.250000,P1,1,79,345.500000
RH,75,220.375000,P1,1,75,345.750000
RH,79,220.625000,P1,1,79,346.000000
RH,75,220.666667,P1,1,75,346.250000
RH,70,220.875000,P1,1,70,346.500000
RH,75,221.000000,P1,1,75,346.750000
RH,78,221.125000,P1,1,78,347.000000
RH,75,221.333333,P1,1,75,347.250000
RH,78,221.500000,P1,1,78,347.500000
RH,75,221.625000,P1,1,75,347.750000
RH,69,221.750000,P1,1,69,348.000000
RH,75,221.875000,P1,1,75,348.250000
RH,78,222.125000,P1,1,78,348.500000
RH,75,222.250000,P1,1,75,348.750000
RH,78,222.375000,P1,1,78,349.000000
RH,75,222.500000,P1,1,75,349.250000
LH,34,222.666667,P1,5,34,349.500000
RH,69,222.750000,P1,1,69,349.500000
RH,75,222.875000,P1,1,75,349.750000
RH,77,223.125000,P1,1,77,350.000000
RH,75,223.250000,P1,1,75,350.250000
RH,77,223.375000,P1,1,77,350.500000
RH,75,223.500000,P1,1,75,350.750000
RH,69,223.750000,P1,1,69,351.000000
RH,75,223.875000,P1,1,75,351.250000
RH,77,224.000000,P1,1,77,351.500000
RH,75,224.250000,P1,1,75,351.750000
RH,77,224.333333,P1,1,77,352.000000
RH,75,224.500000,P1,1,75,352.250000
RH,69,224.666667,P1,1,69,352.500000
RH,75,224.750000,P1,1,75,352.750000
RH,77,225.000000,P1,1,77,353.000000
RH,75,225.125000,P1,1,75,353.250000
RH,77,225.250000,P1,1,77,353.500000
RH,75,225.375000,P1,1,75,353.750000
RH,70,225.625000,P1,1,70,354.000000
RH,74,225.750000,P1,1,74,354.250000
RH,77,225.875000,P1,1,77,354.500000
RH,74,226.125000,P1,1,74,354.750000
RH,77,226.250000,P1,1,77,355.000000
RH,74,226.375000,P1,1,74,355.250000
LH,46,226.500000,P1,5,46,355.500000
RH,65,226.625000,P1,1,65,355.500000
RH,70,226.750000,P1,1,70,355.750000
RH,74,227.000000,P1,1,74,356.000000
RH,70,227.125000,P1,1,70,356.250000
RH,74,227.333333,P1,1,74,356.500000
RH,70,227.375000,P1,1,70,356.750000
RH,65,227.625000,P1,1,65,357.000000
RH,71,227.750000,P1,1,71,357.250000
RH,74,227.875000,P1,1,74,357.500000
RH,71,228.125000,P1,1,71,357.750000
RH,74,228.250000,P1,1,74,358.000000
RH,71,228.375000,P1,1,71,358.250000
RH,65,228.500000,P1,1,65,358.500000
RH,70,228.750000,P1,1,70,358.750000
RH,74,228.875000,P1,1,74,359.000000
RH,70,229.000000,P1,1,70,359.250000
RH,74,229.250000,P1,1,74,359.500000
RH,70,229.375000,P1,1,70,359.750000
RH,65,229.500000,P1,1,65,360.000000
RH,68,229.750000,P1,1,68,360.250000
RH,74,229.875000,P1,1,74,360.500000
RH,68,230.000000,P1,1,68,360.750000
RH,74,230.125000,P1,1,74,361.000000
RH,68,230.333333,P1,1,68,361.250000
LH,58,230.500000,P1,5,58,361.500000
RH,65,230.500000,P1,1,65,361.500000
RH,70,230.666667,P1,1,70,361.750000
RH,74,230.875000,P1,1,74,362.000000
RH,70,231.000000,P1,1,70,362.250000
RH,70,231.250000,P1,1,70,362.750000
RH,74,231.250000,P1,1,74,362.500000
RH,65,231.500000,P1,1,65,363.000000
RH,71,231.666667,P1,1,71,363.250000
RH,74,231.750000,P1,1,74,363.500000
RH,71,232.000000,P1,1,71,363.750000
RH,74,232.125000,P1,1,74,364.000000
RH,71,232.250000,P1,1,71,364.250000
RH,65,232.375000,P1,1,65,364.500000
RH,68,232.625000,P1,1,68,364.750000
RH,74,232.750000,P1,1,74,365.000000
RH,68,232.875000,P1,1,68,365.250000
RH,68,233.125000,P1,1,68,365.750000
RH,74,233.125000,P1,1,74,365.500000
RH,63,233.333333,P1,1,63,366.000000
RH,67,233.500000,P1,1,67,366.250000
RH,75,233.666667,P1,1,75,366.500000
RH,67,233.875000,P1,1,67,366.750000
RH,75,234.000000,P1,1,75,367.000000
RH,67,234.125000,P1,1,67,367.250000
LH,46,234.250000,P1,5,46,367.500000
RH,63,234.250000,P1,1,63,367.500000
RH,68,234.500000,P1,1,68,367.750000
RH,75,234.625000,P1,1,75,368.000000
RH,68,234.750000,P1,1,68,368.250000
RH,68,235.000000,P1,1,68,368.750000
RH,75,235.000000,P1,1,75,368.500000
RH,63,235.250000,P1,1,63,369.000000
RH,67,235.500000,P1,1,67,369.250000
RH,70,235.500000,P1,1,70,369.250000
RH,75,235.625000,P1,1,75,369.500000
RH,67,235.750000,P1,1,67,369.750000
RH,70,235.875000,P1,1,70,369.750000
RH,75,236.000000,P1,1,75,370.000000
RH,67,236.125000,P1,1,67,370.250000
RH,70,236.125000,P1,1,70,370.250000
RH,63,236.250000,P1,1,63,370.500000
RH,66,236.500000,P1,1,66,370.750000
RH,70,236.625000,P1,1,70,371.000000
RH,66,236.750000,P1,1,66,371.250000
RH,66,237.000000,P1,1,66,371.750000
RH,70,237.000000,P1,1,70,371.500000
RH,60,237.250000,P1,1,60,372.000000
RH,66,237.375000,P1,1,66,372.250000
RH,70,237.500000,P1,1,70,372.500000
RH,66,237.666667,P1,1,66,372.750000
RH,70,237.875000,P1,1,70,373.000000
RH,66,238.000000,P1,1,66,373.250000
LH,34,238.125000,P1,5,34,373.500000
RH,60,238.125000,P1,1,60,373.500000
RH,66,238.333333,P1,1,66,373.750000
RH,69,238.500000,P1,1,69,374.000000
RH,66,238.666667,P1,1,66,374.250000
RH,69,238.875000,P1,1,69,374.500000
RH,66,239.000000,P1,1,66,374.750000
RH,60,239.125000,P1,1,60,375.000000
RH,65,239.333333,P1,1,65,375.250000
RH,69,239.500000,P1,1,69,375.500000
RH,65,239.666667,P1,1,65,375.750000
RH,69,239.875000,P1,1,69,376.000000
RH,65,240.000000,P1,1,65,376.250000
RH,60,240.125000,P1,1,60,376.500000
RH,63,240.250000,P1,1,63,376.750000
RH,69,240.500000,P1,1,69,377.000000
RH,63,240.666667,P1,1,63,377.250000
RH,69,240.875000,P1,1,69,377.500000
RH,63,241.000000,P1,1,63,377.750000
RH,62,241.250000,P1,1,62,378.000000
RH,70,241.250000,P1,1,70,378.000000
LH,50,242.000000,P1,5,50,379.000000
RH,62,242.000000,P1,1,62,379.000000
LH,46,243.000000,P1,5,46,380.500000
LH,58,243.000000,P1,1,58,380.500000
LH,41,243.333333,P1,5,41,381.000000
LH,53,243.333333,P1,7,53,381.000000
LH,53,244.000000,P1,5,53,382.000000
RH,60,244.000000,P1,7,60,382.000000
RH,63,244.000000,P1,2,63,382.000000
RH,75,244.000000,P1,1,75,382.000000
LH,57,245.125000,P1,7,57,383.500000
RH,72,245.125000,P1,1,72,383.500000
LH,46,245.500000,P1,6,46,384.000000
LH,58,245.500000,P1,5,58,384.000000
RH,62,245.500000,P1,1,62,384.000000
RH,74,245.500000,P1,1,74,384.000000
LH,50,246.125000,P1,5,50,385.000000
RH,62,246.125000,P1,1,62,385.000000
LH,46,247.125000,P1,5,46,386.500000
LH,58,247.125000,P1,1,58,386.500000
LH,41,247.500000,P1,6,41,387.000000
LH,53,247.500000,P1,5,53,387.000000
LH,53,248.250000,P1,6,53,388.000000
RH,60,248.250000,P1,5,60,388.000000
RH,75,248.250000,P1,2,75,388.000000
RH,77,248.250000,P1,1,77,388.000000
LH,57,249.375000,P1,5,57,389.500000
RH,72,249.375000,P1,2,72,389.500000
LH,58,249.666667,P1,5,58,390.000000
RH,74,249.666667,P1,2,74,390.000000
LH,50,250.333333,P1,5,50,391.000000
RH,62,250.333333,P1,1,62,391.000000
LH,46,251.375000,P1,5,46,392.500000
LH,58,251.375000,P1,1,58,392.500000
LH,41,251.750000,P1,6,41,393.000000
LH,53,251.750000,P1,5,53,393.000000
LH,53,252.375000,P1,5,53,394.000000
RH,60,252.375000,P1,5,60,394.000000
RH,63,252.375000,P1,5,63,394.000000
RH,65,252.375000,P1,5,65,394.000000
RH,75,252.375000,P1,1,75,394.000000
RH,87,252.375000,P1,1,87,394.000000
LH,53,253.375000,P1,5,53,395.500000
LH,57,253.375000,P1,5,57,395.500000
RH,63,253.375000,P1,5,63,395.500000
RH,72,253.375000,P1,1,72,395.500000
RH,84,253.375000,P1,1,84,395.500000
LH,58,253.750000,P1,5,58,396.000000
RH,62,253.750000,P1,5,62,396.000000
RH,70,253.750000,P1,1,70,396.000000
RH,82,253.750000,P1,1,82,396.000000
RH,65,254.375000,P1,5,65,397.000000
RH,77,254.375000,P1,1,77,397.000000
RH,89,254.375000,P1,1,89,397.000000
RH,62,254.750000,P1,5,62,397.500000
RH,74,254.750000,P1,1,74,397.500000
RH,86,254.750000,P1,1,86,397.500000
LH,58,255.333333,P1,5,58,398.500000
RH,70,255.333333,P1,1,70,398.500000
RH,82,255.333333,P1,1,82,398.500000
LH,53,255.666667,P1,5,53,399.000000
RH,65,255.666667,P1,1,65,399.000000
RH,77,255.666667,P1,1,77,399.000000
LH,50,256.250000,P1,5,50,400.000000
RH,62,256.250000,P1,1,62,400.000000
RH,74,256.250000,P1,1,74,400.000000
LH,46,256.625000,P1,5,46,400.500000
LH,58,256.625000,P1,1,58,400.500000
RH,70,256.625000,P1,1,70,400.500000
LH,41,257.250000,P1,5,41,401.500000
LH,53,257.250000,P1,1,53,401.500000
RH,65,257.250000,P1,1,65,401.500000
LH,46,257.500000,P1,5,46,402.000000
LH,58,257.500000,P1,1,58,402.000000
RH,70,257.500000,P1,1,70,402.000000
LH,34,258.500000,P1,5,34,403.500000
LH,46,258.500000,P1,5,46,403.500000
LH,50,258.500000,P1,1,50,403.500000
LH,53,258.500000,P1,1,53,403.500000
LH,58,258.500000,P1,1,58,403.500000
LH,34,259.625000,P1,5,34,405.000000
LH,46,259.625000,P1,5,46,405.000000
LH,50,259.625000,P1,1,50,405.000000
LH,53,259.625000,P1,1,53,405.000000
LH,58,259.625000,P1,1,58,405.000000
LH,31,261.666667,P1,5,31,408.000000
LH,53,261.666667,P1,1,53,408.000000
LH,59,261.666667,P1,1,59,408.000000
RH,62,261.666667,P1,1,62,408.000000
LH,43,262.000000,P1,5,43,408.500000
LH,43,262.333333,P1,5,43,409.000000
LH,43,262.625000,P1,5,43,409.500000
LH,43,263.000000,P1,5,43,410.000000
LH,43,263.333333,P1,5,43,410.500000
LH,43,263.625000,P1,5,43,411.000000
LH,50,263.625000,P1,1,50,411.000000
LH,53,263.625000,P1,1,53,411.000000
LH,59,263.625000,P1,1,59,411.000000
LH,43,263.875000,P1,5,43,411.500000
LH,43,264.250000,P1,5,43,412.000000
LH,43,264.500000,P1,5,43,412.500000
LH,43,264.875000,P1,5,43,413.000000
LH,43,265.125000,P1,5,43,413.500000
LH,31,265.500000,P1,5,31,414.000000
LH,59,265.500000,P1,1,59,414.000000
RH,62,265.500000,P1,1,62,414.000000
RH,65,265.500000,P1,1,65,414.000000
LH,43,265.750000,P1,5,43,414.500000
LH,43,266.125000,P1,5,43,415.000000
LH,43,266.375000,P1,5,43,415.500000
LH,43,266.750000,P1,5,43,416.000000
LH,43,267.000000,P1,5,43,416.500000
LH,43,267.375000,P1,5,43,417.000000
LH,53,267.375000,P1,1,53,417.000000
LH,59,267.375000,P1,1,59,417.000000
RH,62,267.375000,P1,1,62,417.000000
LH,43,267.666667,P1,5,43,417.500000
LH,43,268.000000,P1,5,43,418.000000
LH,43,268.333333,P1,5,43,418.500000
LH,43,268.666667,P1,5,43,419.000000
LH,43,269.000000,P1,5,43,419.500000
LH,36,269.250000,P1,5,36,420.000000
LH,48,269.250000,P1,5,48,420.000000
LH,51,269.250000,P1,1,51,420.000000
LH,55,269.250000,P1,1,55,420.000000
RH,60,269.250000,P1,1,60,420.000000
LH,50,269.666667,P1,5,50,420.500000
LH,51,270.000000,P1,5,51,421.000000
LH,53,270.375000,P1,5,53,421.500000
LH,55,270.666667,P1,5,55,422.000000
LH,56,271.000000,P1,5,56,422.500000
LH,59,271.333333,P1,5,59,423.000000
RH,60,271.625000,P1,5,60,423.500000
RH,62,271.875000,P1,5,62,424.000000
RH,63,272.250000,P1,5,63,424.500000
RH,65,272.500000,P1,5,65,425.000000
RH,67,272.875000,P1,5,67,425.500000
RH,65,273.125000,P1,5,65,426.000000
RH,71,273.250000,P1,1,71,426.000000
RH,63,273.500000,P1,5,63,426.500000
RH,72,273.500000,P1,1,72,426.500000
RH,62,273.750000,P1,5,62,427.000000
RH,74,273.750000,P1,1,74,427.000000
RH,60,274.125000,P1,5,60,427.500000
RH,75,274.125000,P1,1,75,427.500000
LH,59,274.375000,P1,5,59,428.000000
RH,77,274.375000,P1,1,77,428.000000
LH,56,274.750000,P1,5,56,428.500000
RH,79,274.750000,P1,1,79,428.500000
LH,55,275.000000,P1,5,55,429.000000
RH,80,275.000000,P1,1,80,429.000000
LH,53,275.333333,P1,5,53,429.500000
RH,83,275.333333,P1,1,83,429.500000
LH,51,275.625000,P1,5,51,430.000000
RH,84,275.625000,P1,1,84,430.000000
LH,50,275.875000,P1,5,50,430.500000
RH,86,275.875000,P1,1,86,430.500000
LH,48,276.250000,P1,5,48,431.000000
RH,87,276.250000,P1,1,87,431.000000
LH,47,276.500000,P1,5,47,431.500000
RH,89,276.500000,P1,1,89,431.500000
LH,48,276.875000,P1,5,48,432.000000
RH,87,276.875000,P1,1,87,432.000000
RH,85,277.125000,P1,1,85,432.500000
RH,84,277.500000,P1,1,84,433.000000
RH,82,277.750000,P1,1,82,433.500000
RH,80,278.125000,P1,1,80,434.000000
RH,79,278.375000,P1,1,79,434.500000
RH,77,278.750000,P1,1,77,435.000000
RH,75,279.000000,P1,1,75,435.500000
RH,73,279.333333,P1,1,73,436.000000
RH,72,279.666667,P1,1,72,436.500000
RH,70,280.000000,P1,1,70,437.000000
RH,68,280.250000,P1,1,68,437.500000
RH,61,280.625000,P1,5,61,438.000000
RH,67,280.625000,P1,1,67,438.000000
RH,60,280.875000,P1,5,60,438.500000
RH,68,280.875000,P1,1,68,438.500000
LH,58,281.250000,P1,5,58,439.000000
RH,70,281.250000,P1,1,70,439.000000
LH,56,281.500000,P1,5,56,439.500000
RH,72,281.500000,P1,1,72,439.500000
LH,55,281.750000,P1,5,55,440.000000
RH,73,281.750000,P1,1,73,440.000000
LH,53,282.125000,P1,5,53,440.500000
RH,75,282.125000,P1,1,75,440.500000
LH,51,282.375000,P1,5,51,441.000000
RH,77,282.375000,P1,1,77,441.000000
LH,49,282.750000,P1,5,49,441.500000
RH,79,282.750000,P1,1,79,441.500000
LH,48,283.000000,P1,5,48,442.000000
RH,80,283.000000,P1,1,80,442.000000
LH,46,283.333333,P1,5,46,442.500000
RH,82,283.333333,P1,1,82,442.500000
LH,44,283.625000,P1,5,44,443.000000
RH,84,283.625000,P1,1,84,443.000000
LH,43,283.875000,P1,5,43,443.500000
RH,85,283.875000,P1,1,85,443.500000
LH,44,284.250000,P1,5,44,444.000000
RH,84,284.250000,P1,1,84,444.000000
RH,82,284.625000,P1,1,82,444.500000
RH,80,284.875000,P1,1,80,445.000000
RH,79,285.250000,P1,1,79,445.500000
RH,77,285.500000,P1,1,77,446.000000
RH,75,285.875000,P1,1,75,446.500000
RH,73,286.125000,P1,1,73,447.000000
RH,72,286.500000,P1,1,72,447.500000
RH,70,286.750000,P1,1,70,448.000000
RH,68,287.125000,P1,1,68,448.500000
RH,67,287.375000,P1,1,67,449.000000
RH,65,287.666667,P1,1,65,449.500000
LH,58,288.000000,P1,5,58,450.000000
RH,64,288.000000,P1,1,64,450.000000
LH,56,288.333333,P1,5,56,450.500000
RH,65,288.333333,P1,1,65,450.500000
LH,55,288.625000,P1,5,55,451.000000
RH,67,288.625000,P1,1,67,451.000000
LH,53,289.000000,P1,5,53,451.500000
RH,68,289.000000,P1,1,68,451.500000
LH,52,289.250000,P1,5,52,452.000000
RH,70,289.250000,P1,1,70,452.000000
LH,49,289.500000,P1,5,49,452.500000
RH,72,289.500000,P1,1,72,452.500000
LH,48,289.875000,P1,5,48,453.000000
RH,73,289.875000,P1,1,73,453.000000
LH,46,290.125000,P1,5,46,453.500000
RH,76,290.125000,P1,1,76,453.500000
LH,44,290.500000,P1,5,44,454.000000
RH,77,290.500000,P1,1,77,454.000000
LH,43,290.750000,P1,5,43,454.500000
RH,79,290.750000,P1,1,79,454.500000
LH,41,291.000000,P1,5,41,455.000000
RH,80,291.000000,P1,1,80,455.000000
LH,40,291.333333,P1,5,40,455.500000
RH,82,291.333333,P1,1,82,455.500000
LH,41,291.666667,P1,5,41,456.000000
RH,80,291.666667,P1,1,80,456.000000
LH,44,292.375000,P1,5,44,457.000000
LH,56,292.375000,P1,1,56,457.000000
LH,41,293.375000,P1,5,41,458.500000
LH,53,293.375000,P1,1,53,458.500000
LH,36,293.666667,P1,5,36,459.000000
LH,48,293.666667,P1,1,48,459.000000
LH,48,294.375000,P1,6,48,460.000000
LH,58,294.375000,P1,5,58,460.000000
RH,64,294.375000,P1,2,64,460.000000
RH,73,294.375000,P1,1,73,460.000000
LH,55,295.375000,P1,5,55,461.500000
RH,70,295.375000,P1,1,70,461.500000
LH,56,295.666667,P1,5,56,462.000000
RH,65,295.666667,P1,1,65,462.000000
RH,68,295.666667,P1,1,68,462.000000
LH,53,295.750000,P1,6,53,462.000000
LH,44,296.333333,P1,5,44,463.000000
LH,56,296.333333,P1,1,56,463.000000
LH,41,297.375000,P1,5,41,464.500000
LH,53,297.375000,P1,1,53,464.500000
LH,36,297.666667,P1,5,36,465.000000
LH,48,297.666667,P1,1,48,465.000000
LH,48,298.375000,P1,6,48,466.000000
LH,58,298.375000,P1,5,58,466.000000
RH,64,298.375000,P1,2,64,466.000000
RH,73,298.375000,P1,4,73,466.000000
RH,76,298.375000,P1,1,76,466.000000
LH,55,299.375000,P1,5,55,467.500000
RH,70,299.375000,P1,4,70,467.500000
LH,53,299.750000,P1,6,53,468.000000
LH,56,299.750000,P1,5,56,468.000000
RH,65,299.750000,P1,2,65,468.000000
RH,68,299.750000,P1,2,68,468.000000
RH,77,299.750000,P1,1,77,468.000000
LH,44,300.375000,P1,5,44,469.000000
LH,56,300.375000,P1,1,56,469.000000
LH,41,301.375000,P1,5,41,470.500000
LH,53,301.375000,P1,1,53,470.500000
LH,42,301.750000,P1,5,42,471.000000
LH,54,301.750000,P1,1,54,471.000000
LH,54,302.375000,P1,6,54,472.000000
RH,60,302.375000,P1,5,60,472.000000
RH,63,302.375000,P1,2,63,472.000000
RH,75,302.375000,P1,1,75,472.000000
LH,57,303.500000,P1,5,57,473.500000
RH,72,303.500000,P1,1,72,473.500000
LH,55,303.875000,P1,6,55,474.000000
LH,58,303.875000,P1,5,58,474.000000
RH,62,303.875000,P1,1,62,474.000000
RH,70,303.875000,P1,1,70,474.000000
LH,46,304.500000,P1,5,46,475.000000
LH,58,304.500000,P1,1,58,475.000000
LH,43,305.500000,P1,5,43,476.500000
LH,55,305.500000,P1,1,55,476.500000
LH,38,305.875000,P1,5,38,477.000000
LH,50,305.875000,P1,1,50,477.000000
LH,50,306.500000,P1,6,50,478.000000
RH,60,306.500000,P1,5,60,478.000000
RH,66,306.500000,P1,2,66,478.000000
RH,75,306.500000,P1,4,75,478.000000
RH,78,306.500000,P1,1,78,478.000000
LH,57,307.625000,P1,5,57,479.500000
RH,72,307.625000,P1,4,72,479.500000
LH,55,307.875000,P1,6,55,480.000000
LH,58,307.875000,P1,5,58,480.000000
RH,67,307.875000,P1,2,67,480.000000
RH,70,307.875000,P1,2,70,480.000000
RH,79,307.875000,P1,1,79,480.000000
LH,46,308.625000,P1,5,46,481.000000
LH,58,308.625000,P1,1,58,481.000000
LH,43,309.625000,P1,5,43,482.500000
LH,55,309.625000,P1,1,55,482.500000
LH,39,310.000000,P1,5,39,483.000000
LH,51,310.000000,P1,1,51,483.000000
RH,63,310.625000,P1,5,63,484.000000
RH,67,310.625000,P1,5,67,484.000000
RH,73,310.625000,P1,1,73,484.000000
RH,79,310.625000,P1,1,79,484.000000
RH,85,310.625000,P1,1,85,484.000000
RH,63,311.625000,P1,5,63,485.500000
RH,67,311.625000,P1,5,67,485.500000
RH,73,311.625000,P1,1,73,485.500000
RH,79,311.625000,P1,1,79,485.500000
RH,85,311.625000,P1,1,85,485.500000
RH,62,312.000000,P1,5,62,486.000000
RH,69,312.000000,P1,5,69,486.000000
RH,74,312.000000,P1,1,74,486.000000
RH,78,312.000000,P1,1,78,486.000000
RH,86,312.000000,P1,1,86,486.000000
LH,38,312.625000,P1,5,38,487.000000
LH,50,312.625000,P1,5,50,487.000000
RH,62,312.625000,P1,1,62,487.000000
LH,38,313.500000,P1,5,38,488.500000
LH,50,313.500000,P1,5,50,488.500000
RH,62,313.500000,P1,1,62,488.500000
LH,39,313.875000,P1,5,39,489.000000
LH,51,313.875000,P1,5,51,489.000000
RH,63,313.875000,P1,1,63,489.000000
RH,67,314.500000,P1,5,67,490.000000
RH,73,314.500000,P1,1,73,490.000000
RH,79,314.500000,P1,1,79,490.000000
RH,85,314.500000,P1,1,85,490.000000
RH,63,314.625000,P1,5,63,490.000000
RH,63,315.625000,P1,5,63,491.500000
RH,67,315.625000,P1,5,67,491.500000
RH,73,315.625000,P1,1,73,491.500000
RH,79,315.625000,P1,1,79,491.500000
RH,85,315.625000,P1,1,85,491.500000
RH,62,316.000000,P1,5,62,492.000000
RH,66,316.000000,P1,5,66,492.000000
RH,69,316.000000,P1,5,69,492.000000
RH,74,316.000000,P1,1,74,492.000000
RH,78,316.000000,P1,1,78,492.000000
RH,86,316.000000,P1,1,86,492.000000
RH,74,316.666667,P1,1,74,493.000000
RH,73,317.666667,P1,1,73,494.500000
RH,74,318.000000,P1,1,74,495.000000
RH,74,318.625000,P1,1,74,496.000000
RH,73,319.666667,P1,1,73,497.500000
LH,51,320.000000,P1,5,51,498.000000
LH,54,320.000000,P1,5,54,498.000000
LH,57,320.000000,P1,5,57,498.000000
RH,60,320.000000,P1,5,60,498.000000
RH,72,320.000000,P1,1,72,498.000000
RH,72,320.625000,P1,1,72,499.000000
RH,71,321.666667,P1,1,71,500.500000
RH,72,322.000000,P1,1,72,501.000000
RH,72,322.625000,P1,1,72,502.000000
RH,71,323.666667,P1,1,71,503.500000
LH,40,324.000000,P1,5,40,504.000000
RH,64,324.000000,P1,1,64,504.000000
RH,72,324.000000,P1,1,72,504.000000
RH,60,324.125000,P1,1,60,504.000000
LH,52,324.375000,P1,5,52,504.500000
LH,52,324.750000,P1,5,52,505.000000
LH,52,325.000000,P1,5,52,505.500000
LH,52,325.375000,P1,5,52,506.000000
LH,52,325.666667,P1,5,52,506.500000
LH,52,326.000000,P1,5,52,507.000000
RH,69,326.000000,P1,1,69,507.000000
LH,52,326.333333,P1,5,52,507.500000
LH,52,326.625000,P1,5,52,508.000000
LH,52,327.000000,P1,5,52,508.500000
LH,52,327.250000,P1,5,52,509.000000
LH,52,327.625000,P1,5,52,509.500000
LH,40,327.875000,P1,5,40,510.000000
RH,74,327.875000,P1,1,74,510.000000
RH,62,328.000000,P1,1,62,510.000000
RH,64,328.000000,P1,1,64,510.000000
RH,68,328.000000,P1,1,68,510.000000
RH,71,328.000000,P1,1,71,510.000000
LH,52,328.250000,P1,5,52,510.500000
LH,52,328.500000,P1,5,52,511.000000
LH,52,328.750000,P1,5,52,511.500000
LH,52,329.125000,P1,5,52,512.000000
LH,52,329.500000,P1,5,52,512.500000
RH,68,329.750000,P1,1,68,513.000000
LH,52,329.875000,P1,5,52,513.000000
LH,52,330.125000,P1,5,52,513.500000
LH,52,330.500000,P1,5,52,514.000000
LH,52,330.750000,P1,5,52,514.500000
LH,52,331.125000,P1,5,52,515.000000
LH,52,331.500000,P1,5,52,515.500000
RH,60,331.875000,P1,1,60,516.000000
RH,72,331.875000,P1,1,72,516.000000
LH,52,332.250000,P1,5,52,516.500000
LH,52,332.625000,P1,5,52,517.000000
LH,45,332.875000,P1,6,45,517.500000
LH,48,332.875000,P1,5,48,517.500000
LH,52,333.250000,P1,5,52,518.000000
LH,52,333.500000,P1,5,52,518.500000
RH,64,333.500000,P1,1,64,518.500000
RH,76,333.500000,P1,1,76,518.500000
RH,64,333.750000,P1,1,64,519.000000
RH,76,333.750000,P1,1,76,519.000000
LH,52,334.125000,P1,5,52,519.500000
RH,62,334.375000,P1,1,62,520.000000
RH,74,334.375000,P1,1,74,520.000000
LH,52,334.500000,P1,5,52,520.000000
RH,60,334.750000,P1,1,60,520.500000
RH,72,334.750000,P1,1,72,520.500000
LH,52,335.000000,P1,5,52,521.000000
LH,52,335.375000,P1,5,52,521.500000
LH,59,335.375000,P1,1,59,521.500000
RH,71,335.375000,P1,1,71,521.500000
RH,60,335.666667,P1,1,60,522.000000
RH,72,335.666667,P1,1,72,522.000000
LH,52,336.000000,P1,5,52,522.500000
LH,52,336.333333,P1,5,52,523.000000
LH,45,336.625000,P1,6,45,523.500000
LH,48,336.625000,P1,5,48,523.500000
LH,52,337.000000,P1,5,52,524.000000
RH,64,337.250000,P1,1,64,524.500000
RH,76,337.250000,P1,1,76,524.500000
LH,52,337.333333,P1,5,52,524.500000
RH,64,337.500000,P1,1,64,525.000000
RH,76,337.500000,P1,1,76,525.000000
LH,52,337.875000,P1,5,52,525.500000
LH,52,338.125000,P1,5,52,526.000000
RH,62,338.125000,P1,1,62,526.000000
RH,74,338.125000,P1,1,74,526.000000
RH,60,338.500000,P1,1,60,526.500000
RH,72,338.500000,P1,1,72,526.500000
LH,52,338.750000,P1,5,52,527.000000
LH,52,339.000000,P1,5,52,527.500000
LH,59,339.000000,P1,1,59,527.500000
RH,71,339.000000,P1,1,71,527.500000
LH,45,339.500000,P1,5,45,528.000000
RH,65,339.500000,P1,1,65,528.000000
RH,69,339.500000,P1,1,69,528.000000
RH,74,339.500000,P1,1,74,528.000000
RH,77,339.500000,P1,1,77,528.000000
LH,57,339.750000,P1,5,57,528.500000
LH,57,340.000000,P1,5,57,529.000000
LH,57,340.375000,P1,5,57,529.500000
LH,57,340.750000,P1,5,57,530.000000
LH,57,341.000000,P1,5,57,530.500000
LH,57,341.333333,P1,5,57,531.000000
RH,74,341.333333,P1,1,74,531.000000
LH,57,341.625000,P1,5,57,531.500000
LH,57,342.000000,P1,5,57,532.000000
LH,57,342.250000,P1,5,57,532.500000
LH,57,342.500000,P1,5,57,533.000000
LH,57,342.875000,P1,5,57,533.500000
LH,45,343.125000,P1,5,45,534.000000
RH,67,343.125000,P1,1,67,534.000000
RH,69,343.125000,P1,1,69,534.000000
RH,73,343.125000,P1,1,73,534.000000
RH,76,343.125000,P1,1,76,534.000000
RH,79,343.125000,P1,1,79,534.000000
LH,57,343.500000,P1,5,57,534.500000
LH,57,343.750000,P1,5,57,535.000000
LH,57,344.125000,P1,5,57,535.500000
LH,57,344.375000,P1,5,57,536.000000
LH,57,344.666667,P1,5,57,536.500000
LH,57,345.000000,P1,5,57,537.000000
RH,73,345.000000,P1,1,73,537.000000
LH,57,345.375000,P1,5,57,537.500000
LH,57,345.666667,P1,5,57,538.000000
LH,57,346.000000,P1,5,57,538.500000
LH,57,346.250000,P1,5,57,539.000000
LH,57,346.625000,P1,5,57,539.500000
RH,65,347.000000,P1,1,65,540.000000
RH,77,347.000000,P1,1,77,540.000000
LH,57,347.375000,P1,5,57,540.500000
LH,57,347.666667,P1,5,57,541.000000
LH,50,348.000000,P1,6,50,541.500000
LH,53,348.000000,P1,5,53,541.500000
LH,57,348.333333,P1,5,57,542.000000
RH,69,348.500000,P1,1,69,542.500000
RH,81,348.500000,P1,1,81,542.500000
LH,57,348.625000,P1,5,57,542.500000
RH,69,348.875000,P1,1,69,543.000000
RH,81,348.875000,P1,1,81,543.000000
LH,57,349.250000,P1,5,57,543.500000
RH,67,349.500000,P1,1,67,544.000000
RH,79,349.500000,P1,1,79,544.000000
LH,57,349.666667,P1,5,57,544.000000
RH,65,349.875000,P1,1,65,544.500000
RH,77,349.875000,P1,1,77,544.500000
LH,57,350.125000,P1,5,57,545.000000
LH,57,350.500000,P1,5,57,545.500000
RH,64,350.500000,P1,1,64,545.500000
RH,76,350.500000,P1,1,76,545.500000
RH,77,350.750000,P1,1,77,546.000000
RH,65,350.875000,P1,1,65,546.000000
LH,57,351.125000,P1,5,57,546.500000
LH,57,351.500000,P1,5,57,547.000000
LH,50,351.750000,P1,6,50,547.500000
LH,53,351.750000,P1,5,53,547.500000
LH,57,352.000000,P1,5,57,548.000000
RH,69,352.333333,P1,1,69,548.500000
RH,81,352.333333,P1,1,81,548.500000
LH,57,352.375000,P1,5,57,548.500000
RH,69,352.666667,P1,1,69,549.000000
RH,81,352.666667,P1,1,81,549.000000
LH,57,353.000000,P1,5,57,549.500000
RH,67,353.333333,P1,1,67,550.000000
RH,79,353.333333,P1,1,79,550.000000
LH,57,353.375000,P1,5,57,550.000000
RH,65,353.625000,P1,1,65,550.500000
RH,77,353.625000,P1,1,77,550.500000
LH,57,354.000000,P1,5,57,551.000000
RH,64,354.250000,P1,1,64,551.500000
RH,76,354.250000,P1,1,76,551.500000
LH,57,354.333333,P1,5,57,551.500000
LH,50,354.875000,P1,6,50,552.000000
LH,57,354.875000,P1,5,57,552.000000
RH,65,354.875000,P1,1,65,552.000000
RH,77,354.875000,P1,1,77,552.000000
RH,69,357.250000,P1,1,69,555.000000
LH,50,359.750000,P1,6,50,558.000000
LH,58,359.750000,P1,5,58,558.000000
RH,65,359.750000,P1,1,65,558.000000
RH,77,359.750000,P1,1,77,558.000000
RH,68,362.500000,P1,1,68,561.000000
LH,39,365.333333,P1,5,39,564.000000
LH,55,365.333333,P1,1,55,564.000000
LH,58,365.333333,P1,1,58,564.000000
RH,63,365.333333,P1,1,63,564.000000
RH,67,365.333333,P1,1,67,564.000000
LH,51,365.666667,P1,5,51,564.500000
LH,51,366.000000,P1,5,51,565.000000
LH,51,366.333333,P1,5,51,565.500000
LH,51,366.666667,P1,5,51,566.000000
LH,51,367.000000,P1,5,51,566.500000
LH,51,367.250000,P1,5,51,567.000000
LH,58,367.250000,P1,1,58,567.000000
LH,55,367.333333,P1,1,55,567.000000
RH,63,367.333333,P1,1,63,567.000000
LH,51,367.625000,P1,5,51,567.500000
LH,51,367.875000,P1,5,51,568.000000
LH,51,368.250000,P1,5,51,568.500000
LH,51,368.500000,P1,5,51,569.000000
LH,51,368.875000,P1,5,51,569.500000
LH,39,369.250000,P1,5,39,570.000000
LH,58,369.250000,P1,1,58,570.000000
RH,63,369.250000,P1,1,63,570.000000
RH,67,369.250000,P1,1,67,570.000000
RH,70,369.250000,P1,1,70,570.000000
LH,51,369.500000,P1,5,51,570.500000
LH,51,369.875000,P1,5,51,571.000000
LH,51,370.125000,P1,5,51,571.500000
LH,51,370.500000,P1,5,51,572.000000
LH,51,370.750000,P1,5,51,572.500000
LH,51,371.125000,P1,5,51,573.000000
LH,55,371.125000,P1,1,55,573.000000
LH,58,371.125000,P1,1,58,573.000000
RH,63,371.125000,P1,1,63,573.000000
RH,67,371.125000,P1,1,67,573.000000
LH,51,371.375000,P1,5,51,573.500000
LH,51,371.750000,P1,5,51,574.000000
LH,51,372.000000,P1,5,51,574.500000
LH,51,372.333333,P1,5,51,575.000000
LH,51,372.666667,P1,5,51,575.500000
RH,70,372.666667,P1,1,70,575.500000
LH,51,373.125000,P1,6,51,576.000000
LH,55,373.125000,P1,6,55,576.000000
RH,63,373.125000,P1,5,63,576.000000
RH,75,373.125000,P1,1,75,576.000000
RH,74,373.375000,P1,1,74,576.500000
RH,77,373.666667,P1,1,77,577.000000
LH,53,374.000000,P1,6,53,577.500000
LH,56,374.000000,P1,6,56,577.500000
RH,75,374.000000,P1,1,75,577.500000
RH,74,374.333333,P1,1,74,578.000000
RH,77,374.625000,P1,1,77,578.500000
LH,55,374.875000,P1,6,55,579.000000
LH,58,374.875000,P1,6,58,579.000000
RH,75,374.875000,P1,1,75,579.000000
RH,74,375.250000,P1,1,74,579.500000
RH,77,375.500000,P1,1,77,580.000000
RH,75,375.875000,P1,1,75,580.500000
RH,74,376.125000,P1,1,74,581.000000
RH,72,376.375000,P1,1,72,581.500000
LH,58,376.750000,P1,6,58,582.000000
RH,62,376.750000,P1,6,62,582.000000
RH,70,376.750000,P1,5,70,582.000000
RH,80,376.750000,P1,1,80,582.000000
RH,79,377.125000,P1,1,79,582.500000
RH,82,377.333333,P1,1,82,583.000000
RH,60,377.625000,P1,6,60,583.500000
RH,63,377.625000,P1,6,63,583.500000
RH,80,377.625000,P1,1,80,583.500000
RH,79,378.000000,P1,1,79,584.000000
RH,82,378.250000,P1,1,82,584.500000
RH,62,378.500000,P1,6,62,585.000000
RH,65,378.500000,P1,6,65,585.000000
RH,80,378.500000,P1,1,80,585.000000
RH,79,378.875000,P1,1,79,585.500000
RH,82,379.125000,P1,1,82,586.000000
RH,80,379.500000,P1,1,80,586.500000
RH,79,379.750000,P1,1,79,587.000000
RH,77,380.000000,P1,1,77,587.500000
RH,63,380.375000,P1,6,63,588.000000
RH,67,380.375000,P1,6,67,588.000000
RH,75,380.375000,P1,5,75,588.000000
RH,87,380.375000,P1,1,87,588.000000
RH,86,380.750000,P1,1,86,588.500000
RH,89,381.000000,P1,1,89,589.000000
RH,65,381.333333,P1,6,65,589.500000
RH,68,381.333333,P1,6,68,589.500000
RH,87,381.333333,P1,1,87,589.500000
RH,86,381.625000,P1,1,86,590.000000
RH,89,381.875000,P1,1,89,590.500000
RH,70,382.125000,P1,6,70,591.000000
RH,87,382.125000,P1,1,87,591.000000
RH,67,382.250000,P1,6,67,591.000000
RH,86,382.500000,P1,1,86,591.500000
RH,89,382.750000,P1,1,89,592.000000
RH,67,383.125000,P1,5,67,592.500000
RH,70,383.125000,P1,5,70,592.500000
RH,73,383.125000,P1,5,73,592.500000
RH,75,383.125000,P1,5,75,592.500000
RH,87,383.125000,P1,1,87,592.500000
RH,85,383.375000,P1,1,85,593.000000
RH,84,383.666667,P1,1,84,593.500000
RH,68,384.000000,P1,5,68,594.000000
RH,72,384.000000,P1,5,72,594.000000
RH,83,384.000000,P1,1,83,594.000000
RH,84,384.333333,P1,1,84,594.500000
RH,82,384.625000,P1,1,82,595.000000
RH,80,384.875000,P1,1,80,595.500000
RH,79,385.250000,P1,1,79,596.000000
RH,77,385.500000,P1,1,77,596.500000
LH,58,385.875000,P1,5,58,597.000000
RH,63,385.875000,P1,5,63,597.000000
RH,67,385.875000,P1,5,67,597.000000
RH,75,385.875000,P1,1,75,597.000000
RH,74,386.125000,P1,1,74,597.500000
RH,77,386.375000,P1,1,77,598.000000
LH,58,386.666667,P1,5,58,598.500000
RH,65,386.666667,P1,5,65,598.500000
RH,68,386.666667,P1,5,68,598.500000
RH,80,386.666667,P1,1,80,598.500000
RH,77,387.000000,P1,1,77,599.000000
RH,74,387.250000,P1,1,74,599.500000
RH,63,387.625000,P1,5,63,600.000000
RH,75,387.625000,P1,1,75,600.000000
RH,62,388.000000,P1,5,62,600.500000
RH,65,388.250000,P1,5,65,601.000000
RH,63,388.500000,P1,5,63,601.500000
RH,67,388.500000,P1,1,67,601.500000
RH,75,388.500000,P1,1,75,601.500000
RH,79,388.500000,P1,1,79,601.500000
RH,62,388.875000,P1,5,62,602.000000
RH,65,389.125000,P1,5,65,602.500000
RH,63,389.500000,P1,5,63,603.000000
RH,62,389.750000,P1,5,62,603.500000
RH,65,390.125000,P1,5,65,604.000000
RH,63,390.375000,P1,5,63,604.500000
RH,68,390.375000,P1,1,68,604.500000
RH,75,390.375000,P1,1,75,604.500000
RH,80,390.375000,P1,1,80,604.500000
RH,61,390.666667,P1,5,61,605.000000
RH,60,391.000000,P1,5,60,605.500000
LH,58,391.250000,P1,5,58,606.000000
RH,70,391.250000,P1,1,70,606.000000
RH,75,391.250000,P1,1,75,606.000000
RH,82,391.250000,P1,1,82,606.000000
LH,56,391.625000,P1,5,56,606.500000
LH,55,391.875000,P1,5,55,607.000000
LH,53,392.125000,P1,5,53,607.500000
RH,72,392.125000,P1,1,72,607.500000
RH,75,392.125000,P1,1,75,607.500000
RH,84,392.125000,P1,1,84,607.500000
LH,51,392.500000,P1,5,51,608.000000
LH,49,392.750000,P1,5,49,608.500000
LH,48,393.000000,P1,5,48,609.000000
RH,73,393.000000,P1,1,73,609.000000
RH,75,393.000000,P1,1,75,609.000000
RH,85,393.000000,P1,1,85,609.000000
LH,46,393.333333,P1,5,46,609.500000
LH,44,393.625000,P1,5,44,610.000000
LH,43,393.875000,P1,5,43,610.500000
RH,75,394.000000,P1,1,75,610.500000
RH,87,394.000000,P1,1,87,610.500000
LH,41,394.250000,P1,5,41,611.000000
LH,39,394.500000,P1,5,39,611.500000
LH,32,394.875000,P1,5,32,612.000000
LH,39,394.875000,P1,5,39,612.000000
LH,44,394.875000,P1,5,44,612.000000
RH,72,394.875000,P1,1,72,612.000000
RH,84,394.875000,P1,1,84,612.000000
RH,87,395.125000,P1,1,87,612.500000
RH,85,395.500000,P1,1,85,613.000000
LH,34,395.750000,P1,5,34,613.500000
LH,39,395.750000,P1,5,39,613.500000
LH,46,395.750000,P1,5,46,613.500000
RH,84,395.750000,P1,1,84,613.500000
RH,82,396.125000,P1,1,82,614.000000
RH,80,396.375000,P1,1,80,614.500000
RH,79,396.666667,P1,1,79,615.000000
RH,77,397.000000,P1,1,77,615.500000
RH,75,397.250000,P1,1,75,616.000000
RH,73,397.500000,P1,1,73,616.500000
RH,72,397.875000,P1,1,72,617.000000
RH,70,398.125000,P1,1,70,617.500000
RH,68,398.375000,P1,1,68,618.000000
RH,67,398.666667,P1,1,67,618.500000
RH,65,399.000000,P1,1,65,619.000000
RH,63,399.333333,P1,1,63,619.500000
RH,62,399.625000,P1,1,62,620.000000
RH,65,399.875000,P1,1,65,620.500000
LH,31,400.125000,P1,5,31,621.000000
LH,39,400.125000,P1,5,39,621.000000
LH,43,400.125000,P1,5,43,621.000000
RH,63,400.125000,P1,1,63,621.000000
RH,62,400.500000,P1,1,62,621.500000
RH,65,400.750000,P1,1,65,622.000000
RH,63,401.000000,P1,1,63,622.500000
RH,65,401.333333,P1,1,65,623.000000
RH,61,401.625000,P1,1,61,623.500000
LH,32,401.875000,P1,5,32,624.000000
LH,39,401.875000,P1,5,39,624.000000
LH,44,401.875000,P1,5,44,624.000000
RH,60,401.875000,P1,1,60,624.000000
RH,84,402.250000,P1,1,84,624.500000
RH,87,402.625000,P1,1,87,625.000000
LH,34,402.875000,P1,5,34,625.500000
LH,39,402.875000,P1,5,39,625.500000
LH,46,402.875000,P1,5,46,625.500000
RH,85,403.000000,P1,2,85,625.833333
RH,87,403.000000,P1,2,87,625.666667
RH,84,403.250000,P1,1,84,626.000000
RH,82,403.500000,P1,1,82,626.500000
RH,82,403.875000,P1,2,82,627.166667
RH,80,404.000000,P1,2,80,627.333333
RH,79,404.125000,P1,1,79,627.500000
RH,77,404.375000,P1,1,77,628.000000
RH,77,404.750000,P1,2,77,628.666667
RH,75,404.875000,P1,2,75,628.833333
RH,73,405.000000,P1,1,73,629.000000
RH,72,405.250000,P1,1,72,629.500000
RH,72,405.666667,P1,2,72,630.166667
RH,70,405.750000,P1,2,70,630.333333
RH,68,405.875000,P1,1,68,630.500000
RH,67,406.125000,P1,1,67,631.000000
RH,67,406.500000,P1,2,67,631.666667
RH,65,406.666667,P1,2,65,631.833333
RH,63,406.750000,P1,1,63,632.000000
RH,62,407.125000,P1,1,62,632.500000
LH,31,407.375000,P1,5,31,633.000000
LH,39,407.375000,P1,5,39,633.000000
LH,43,407.375000,P1,5,43,633.000000
RH,63,407.375000,P1,1,63,633.000000
RH,65,407.750000,P1,1,65,633.500000
RH,62,408.000000,P1,1,62,634.000000
RH,63,408.333333,P1,1,63,634.500000
RH,65,408.625000,P1,1,65,635.000000
RH,61,408.875000,P1,1,61,635.500000
LH,32,409.250000,P1,5,32,636.000000
LH,44,409.250000,P1,5,44,636.000000
RH,60,409.250000,P1,1,60,636.000000
RH,61,409.500000,P1,1,61,636.500000
LH,59,409.750000,P1,1,59,637.000000
RH,60,410.125000,P1,1,60,637.500000
RH,61,410.375000,P1,1,61,638.000000
RH,62,410.666667,P1,1,62,638.500000
RH,63,411.000000,P1,1,63,639.000000
RH,64,411.250000,P1,1,64,639.500000
RH,65,411.500000,P1,1,65,640.000000
LH,33,411.875000,P1,5,33,640.500000
LH,45,411.875000,P1,5,45,640.500000
RH,66,411.875000,P1,1,66,640.500000
RH,65,412.125000,P1,1,65,641.000000
RH,63,412.500000,P1,1,63,641.500000
LH,34,412.875000,P1,6,34,642.000000
LH,46,412.875000,P1,7,46,642.000000
RH,62,412.875000,P1,1,62,642.000000
RH,65,413.500000,P1,1,65,643.000000
RH,62,413.875000,P1,1,62,643.500000
LH,56,414.375000,P1,5,56,644.500000
LH,58,414.375000,P1,1,58,644.500000
LH,54,414.666667,P1,5,54,645.000000
RH,63,414.666667,P1,1,63,645.000000
LH,51,415.333333,P1,5,51,646.000000
RH,66,415.333333,P1,1,66,646.000000
LH,54,415.666667,P1,5,54,646.500000
LH,58,415.666667,P1,1,58,646.500000
LH,57,416.250000,P1,5,57,647.500000
RH,63,416.250000,P1,1,63,647.500000
LH,58,416.500000,P1,5,58,648.000000
RH,62,416.500000,P1,1,62,648.000000
RH,65,417.125000,P1,5,65,649.000000
RH,74,417.125000,P1,1,74,649.000000
RH,62,417.500000,P1,5,62,649.500000
RH,82,417.500000,P1,1,82,649.500000
LH,58,418.000000,P1,5,58,650.500000
RH,80,418.000000,P1,1,80,650.500000
RH,63,418.375000,P1,5,63,651.000000
RH,78,418.375000,P1,1,78,651.000000
RH,66,419.000000,P1,5,66,652.000000
RH,75,419.000000,P1,1,75,652.000000
LH,58,419.333333,P1,5,58,652.500000
RH,78,419.333333,P1,1,78,652.500000
RH,63,419.875000,P1,5,63,653.500000
RH,81,419.875000,P1,1,81,653.500000
LH,58,420.125000,P1,5,58,654.000000
RH,62,420.125000,P1,5,62,654.000000
RH,82,420.125000,P1,1,82,654.000000
RH,88,420.500000,P1,1,88,654.500000
RH,89,420.750000,P1,1,89,655.000000
RH,82,421.125000,P1,1,82,655.500000
RH,85,421.375000,P1,1,85,656.000000
RH,86,421.666667,P1,1,86,656.500000
RH,77,422.000000,P1,1,77,657.000000
RH,81,422.250000,P1,1,81,657.500000
RH,82,422.500000,P1,1,82,658.000000
RH,74,422.875000,P1,1,74,658.500000
RH,76,423.125000,P1,1,76,659.000000
RH,77,423.375000,P1,1,77,659.500000
LH,58,423.666667,P1,5,58,660.000000
RH,73,423.666667,P1,1,73,660.000000
RH,68,424.000000,P1,5,68,660.500000
RH,74,424.000000,P1,1,74,660.500000
RH,70,424.333333,P1,1,70,661.000000
RH,73,424.666667,P1,1,73,661.500000
RH,74,424.875000,P1,1,74,662.000000
RH,70,425.250000,P1,1,70,662.500000
RH,73,425.500000,P1,1,73,663.000000
RH,74,425.750000,P1,1,74,663.500000
RH,70,426.125000,P1,1,70,664.000000
RH,67,426.375000,P1,5,67,664.500000
RH,75,426.375000,P1,1,75,664.500000
RH,65,426.750000,P1,5,65,665.000000
RH,77,426.750000,P1,1,77,665.000000
RH,63,427.000000,P1,5,63,665.500000
RH,79,427.000000,P1,1,79,665.500000
LH,58,427.250000,P1,5,58,666.000000
RH,73,427.250000,P1,1,73,666.000000
RH,68,427.625000,P1,5,68,666.500000
RH,74,427.625000,P1,1,74,666.500000
RH,70,428.000000,P1,1,70,667.000000
RH,73,428.250000,P1,1,73,667.500000
RH,74,428.500000,P1,1,74,668.000000
RH,70,428.750000,P1,1,70,668.500000
RH,73,429.125000,P1,1,73,669.000000
RH,74,429.375000,P1,1,74,669.500000
RH,70,429.666667,P1,1,70,670.000000
RH,67,430.000000,P1,5,67,670.500000
RH,75,430.000000,P1,1,75,670.500000
RH,65,430.333333,P1,5,65,671.000000
RH,77,430.333333,P1,1,77,671.000000
RH,63,430.625000,P1,5,63,671.500000
RH,79,430.625000,P1,1,79,671.500000
RH,65,430.875000,P1,5,65,672.000000
RH,71,430.875000,P1,1,71,672.000000
RH,62,431.125000,P1,5,62,672.500000
RH,74,431.125000,P1,1,74,672.500000
RH,65,431.500000,P1,5,65,673.000000
RH,71,431.500000,P1,1,71,673.000000
RH,63,431.750000,P1,5,63,673.500000
RH,72,431.750000,P1,1,72,673.500000
RH,62,432.125000,P1,5,62,674.000000
RH,74,432.125000,P1,1,74,674.000000
RH,60,432.375000,P1,5,60,674.500000
RH,75,432.375000,P1,1,75,674.500000
RH,61,432.666667,P1,5,61,675.000000
RH,67,432.666667,P1,1,67,675.000000
LH,58,433.000000,P1,5,58,675.500000
RH,70,433.000000,P1,1,70,675.500000
RH,61,433.250000,P1,5,61,676.000000
RH,67,433.250000,P1,1,67,676.000000
RH,60,433.625000,P1,5,60,676.500000
RH,68,433.625000,P1,1,68,676.500000
LH,58,433.875000,P1,5,58,677.000000
RH,70,433.875000,P1,1,70,677.000000
LH,56,434.125000,P1,5,56,677.500000
RH,72,434.125000,P1,1,72,677.500000
LH,58,434.500000,P1,5,58,678.000000
RH,64,434.500000,P1,1,64,678.000000
LH,55,434.750000,P1,5,55,678.500000
RH,67,434.750000,P1,1,67,678.500000
LH,58,435.000000,P1,5,58,679.000000
RH,64,435.000000,P1,1,64,679.000000
LH,56,435.333333,P1,5,56,679.500000
RH,65,435.333333,P1,1,65,679.500000
LH,55,435.625000,P1,5,55,680.000000
RH,67,435.625000,P1,1,67,680.000000
LH,53,435.875000,P1,5,53,680.500000
RH,68,436.000000,P1,1,68,680.500000
LH,46,436.250000,P1,6,46,681.000000
LH,58,436.250000,P1,5,58,681.000000
RH,63,436.250000,P1,1,63,681.000000
LH,55,436.625000,P1,5,55,681.500000
RH,67,436.625000,P1,1,67,681.500000
LH,51,436.875000,P1,5,51,682.000000
RH,70,436.875000,P1,1,70,682.000000
LH,46,437.125000,P1,6,46,682.500000
LH,58,437.125000,P1,5,58,682.500000
RH,68,437.125000,P1,1,68,682.500000
LH,56,437.375000,P1,5,56,683.000000
RH,65,437.375000,P1,1,65,683.000000
LH,53,437.666667,P1,5,53,683.500000
RH,62,437.666667,P1,1,62,683.500000
LH,51,438.000000,P1,5,51,684.000000
LH,55,438.000000,P1,5,55,684.000000
RH,63,438.000000,P1,1,63,684.000000
RH,63,438.250000,P1,5,63,684.500000
RH,65,438.625000,P1,5,65,685.000000
RH,66,438.875000,P1,5,66,685.500000
RH,67,439.250000,P1,5,67,686.000000
RH,65,439.500000,P1,5,65,686.500000
RH,63,439.750000,P1,5,63,687.000000
RH,67,440.125000,P1,5,67,687.500000
RH,65,440.375000,P1,5,65,688.000000
RH,63,440.666667,P1,5,63,688.500000
RH,62,441.000000,P1,5,62,689.000000
RH,60,441.250000,P1,5,60,689.500000
LH,58,441.500000,P1,5,58,690.000000
RH,62,441.500000,P1,1,62,690.000000
LH,57,441.875000,P1,5,57,690.500000
RH,82,441.875000,P1,1,82,690.500000
LH,56,442.125000,P1,5,56,691.000000
LH,53,442.375000,P1,5,53,691.500000
LH,50,442.750000,P1,5,50,692.000000
LH,46,443.000000,P1,5,46,692.500000
LH,45,443.250000,P1,5,45,693.000000
LH,46,443.625000,P1,5,46,693.500000
LH,44,443.875000,P1,5,44,694.000000
RH,62,443.875000,P1,1,62,694.000000
LH,43,444.250000,P1,5,43,694.500000
RH,63,444.250000,P1,1,63,694.500000
LH,41,444.500000,P1,5,41,695.000000
RH,65,444.500000,P1,1,65,695.000000
LH,39,444.750000,P1,5,39,695.500000
RH,67,444.750000,P1,1,67,695.500000
LH,58,445.000000,P1,5,58,696.000000
RH,62,445.000000,P1,1,62,696.000000
LH,57,445.375000,P1,5,57,696.500000
RH,82,445.375000,P1,1,82,696.500000
LH,56,445.666667,P1,5,56,697.000000
LH,53,446.000000,P1,5,53,697.500000
LH,50,446.250000,P1,5,50,698.000000
LH,46,446.500000,P1,5,46,698.500000
LH,45,446.875000,P1,5,45,699.000000
LH,46,447.125000,P1,5,46,699.500000
LH,44,447.500000,P1,5,44,700.000000
RH,62,447.500000,P1,1,62,700.000000
LH,43,447.750000,P1,5,43,700.500000
RH,63,447.750000,P1,1,63,700.500000
LH,41,448.000000,P1,5,41,701.000000
RH,65,448.000000,P1,1,65,701.000000
LH,39,448.333333,P1,5,39,701.500000
RH,67,448.333333,P1,1,67,701.500000
LH,47,448.666667,P1,5,47,702.000000
RH,65,448.666667,P1,1,65,702.000000
LH,59,449.000000,P1,5,59,702.500000
RH,74,449.000000,P1,1,74,702.500000
RH,62,449.250000,P1,5,62,703.000000
RH,77,449.250000,P1,1,77,703.000000
RH,60,449.500000,P1,5,60,703.500000
RH,75,449.500000,P1,1,75,703.500000
RH,62,449.875000,P1,5,62,704.000000
RH,74,449.875000,P1,1,74,704.000000
RH,63,450.125000,P1,5,63,704.500000
RH,72,450.125000,P1,1,72,704.500000
LH,55,450.500000,P1,5,55,705.000000
RH,73,450.500000,P1,1,73,705.000000
LH,58,450.750000,P1,5,58,705.500000
RH,70,450.750000,P1,1,70,705.500000
LH,55,451.000000,P1,5,55,706.000000
RH,73,451.000000,P1,1,73,706.000000
LH,56,451.333333,P1,5,56,706.500000
RH,72,451.333333,P1,1,72,706.500000
LH,58,451.666667,P1,5,58,707.000000
RH,70,451.666667,P1,1,70,707.000000
RH,60,452.000000,P1,5,60,707.500000
RH,68,452.000000,P1,1,68,707.500000
LH,52,452.250000,P1,5,52,708.000000
RH,70,452.250000,P1,1,70,708.000000
LH,55,452.625000,P1,5,55,708.500000
RH,67,452.625000,P1,1,67,708.500000
LH,52,452.875000,P1,5,52,709.000000
RH,70,452.875000,P1,1,70,709.000000
LH,53,453.125000,P1,5,53,709.500000
RH,68,453.125000,P1,1,68,709.500000
LH,55,453.500000,P1,5,55,710.000000
RH,67,453.500000,P1,1,67,710.000000
LH,56,453.750000,P1,5,56,710.500000
RH,65,453.750000,P1,1,65,710.500000
LH,58,454.125000,P1,5,58,711.000000
RH,63,454.125000,P1,1,63,711.000000
LH,55,454.375000,P1,5,55,711.500000
RH,67,454.375000,P1,1,67,711.500000
LH,46,454.666667,P1,5,46,712.000000
RH,70,454.666667,P1,1,70,712.000000
LH,56,455.000000,P1,5,56,712.500000
RH,65,455.000000,P1,1,65,712.500000
LH,53,455.333333,P1,5,53,713.000000
RH,68,455.333333,P1,1,68,713.000000
LH,46,455.625000,P1,5,46,713.500000
RH,74,455.625000,P1,1,74,713.500000
LH,51,456.000000,P1,5,51,714.000000
LH,55,456.000000,P1,5,55,714.000000
RH,67,456.000000,P1,1,67,714.000000
RH,75,456.000000,P1,1,75,714.000000
LH,39,457.250000,P1,6,39,715.500000
LH,51,457.250000,P1,5,51,715.500000
LH,55,457.250000,P1,1,55,715.500000
RH,67,457.250000,P1,1,67,715.500000
LH,46,457.333333,P1,8,46,715.500000
LH,41,458.250000,P1,6,41,717.000000
LH,50,458.250000,P1,5,50,717.000000
LH,56,458.250000,P1,1,56,717.000000
RH,65,458.250000,P1,1,65,717.000000
LH,43,459.333333,P1,6,43,718.500000
LH,51,459.333333,P1,5,51,718.500000
LH,58,459.333333,P1,1,58,718.500000
RH,63,459.333333,P1,1,63,718.500000
LH,44,460.375000,P1,6,44,720.000000
LH,48,460.375000,P1,5,48,720.000000
RH,60,460.375000,P1,1,60,720.000000
LH,41,461.500000,P1,6,41,721.500000
LH,48,461.500000,P1,8,48,721.500000
LH,56,461.500000,P1,1,56,721.500000
RH,68,461.500000,P1,1,68,721.500000
LH,43,462.500000,P1,6,43,723.000000
LH,52,462.500000,P1,5,52,723.000000
LH,58,462.500000,P1,1,58,723.000000
RH,67,462.500000,P1,1,67,723.000000
LH,44,463.625000,P1,6,44,724.500000
LH,53,463.625000,P1,5,53,724.500000
RH,60,463.625000,P1,1,60,724.500000
RH,65,463.625000,P1,1,65,724.500000
RH,62,464.625000,P1,1,62,726.000000
LH,46,464.666667,P1,6,46,726.000000
LH,58,465.750000,P1,5,58,727.500000
RH,70,465.750000,P1,2,70,727.500000
RH,74,465.750000,P1,1,74,727.500000
RH,60,466.750000,P1,5,60,729.000000
RH,69,466.750000,P1,2,69,729.000000
RH,75,466.750000,P1,1,75,729.000000
RH,62,467.750000,P1,5,62,730.500000
RH,68,467.750000,P1,2,68,730.500000
RH,77,467.750000,P1,1,77,730.500000
RH,63,468.875000,P1,5,63,732.000000
RH,67,468.875000,P1,2,67,732.000000
RH,79,468.875000,P1,1,79,732.000000
RH,62,469.875000,P1,5,62,733.500000
RH,65,469.875000,P1,5,65,733.500000
RH,82,469.875000,P1,1,82,733.500000
RH,70,470.000000,P1,2,70,733.500000
RH,60,470.875000,P1,5,60,735.000000
RH,63,471.000000,P1,5,63,735.000000
RH,84,471.250000,P1,1,84,735.500000
RH,82,471.500000,P1,1,82,736.000000
LH,53,471.875000,P1,5,53,736.500000
RH,63,471.875000,P1,5,63,736.500000
RH,67,472.125000,P1,2,67,737.000000
RH,79,472.125000,P1,1,79,737.000000
RH,69,472.500000,P1,2,69,737.500000
RH,81,472.500000,P1,1,81,737.500000
LH,58,472.875000,P1,5,58,738.000000
RH,62,472.875000,P1,5,62,738.000000
RH,70,472.875000,P1,2,70,738.000000
RH,82,472.875000,P1,1,82,738.000000
LH,51,474.000000,P1,6,51,739.500000
RH,67,474.125000,P1,2,67,739.500000
RH,79,474.375000,P1,1,79,740.000000
RH,79,474.666667,P1,1,79,740.500000
LH,53,475.000000,P1,6,53,741.000000
RH,62,475.000000,P1,5,62,741.000000
RH,68,475.000000,P1,2,68,741.000000
RH,79,475.000000,P1,1,79,741.000000
RH,77,475.333333,P1,1,77,741.500000
RH,77,475.625000,P1,1,77,742.000000
LH,55,475.875000,P1,6,55,742.500000
RH,63,475.875000,P1,5,63,742.500000
RH,70,475.875000,P1,2,70,742.500000
RH,75,476.250000,P1,1,75,743.000000
RH,75,476.500000,P1,1,75,743.500000
LH,56,476.875000,P1,6,56,744.000000
RH,60,476.875000,P1,5,60,744.000000
RH,74,476.875000,P1,1,74,744.000000
RH,72,477.125000,P1,1,72,744.500000
RH,72,477.500000,P1,1,72,745.000000
LH,53,477.750000,P1,6,53,745.500000
RH,68,477.750000,P1,2,68,745.500000
RH,80,478.125000,P1,1,80,746.000000
RH,80,478.375000,P1,1,80,746.500000
LH,55,478.666667,P1,6,55,747.000000
RH,64,478.666667,P1,5,64,747.000000
RH,70,478.666667,P1,2,70,747.000000
RH,80,478.666667,P1,1,80,747.000000
RH,79,479.000000,P1,1,79,747.500000
RH,79,479.333333,P1,1,79,748.000000
LH,56,479.666667,P1,6,56,748.500000
RH,65,479.666667,P1,5,65,748.500000
RH,72,479.666667,P1,2,72,748.500000
RH,77,480.000000,P1,1,77,749.000000
RH,77,480.250000,P1,1,77,749.500000
LH,58,480.625000,P1,6,58,750.000000
RH,75,480.625000,P1,1,75,750.000000
RH,74,480.875000,P1,1,74,750.500000
RH,74,481.125000,P1,1,74,751.000000
RH,74,481.500000,P1,1,74,751.500000
RH,82,481.500000,P1,1,82,751.500000
RH,70,481.875000,P1,5,70,752.000000
RH,70,482.125000,P1,5,70,752.500000
RH,70,482.375000,P1,5,70,753.000000
RH,75,482.375000,P1,1,75,753.000000
RH,84,482.375000,P1,1,84,753.000000
RH,77,483.375000,P1,1,77,754.500000
RH,86,483.375000,P1,1,86,754.500000
RH,68,483.750000,P1,5,68,755.000000
RH,68,484.000000,P1,5,68,755.500000
RH,68,484.375000,P1,5,68,756.000000
RH,79,484.375000,P1,1,79,756.000000
RH,87,484.375000,P1,1,87,756.000000
RH,67,484.666667,P1,5,67,756.500000
RH,67,485.000000,P1,5,67,757.000000
LH,58,485.333333,P1,5,58,757.500000
RH,70,485.625000,P1,2,70,758.000000
RH,75,485.625000,P1,1,75,758.000000
RH,87,485.625000,P1,1,87,758.000000
RH,67,485.666667,P1,2,67,758.000000
RH,70,486.000000,P1,2,70,758.500000
RH,87,486.000000,P1,1,87,758.500000
LH,46,486.333333,P1,5,46,759.000000
RH,87,486.333333,P1,1,87,759.000000
RH,75,486.375000,P1,1,75,759.000000
RH,68,486.666667,P1,2,68,759.500000
RH,74,486.666667,P1,1,74,759.500000
RH,86,486.666667,P1,1,86,759.500000
RH,65,486.750000,P1,2,65,759.500000
RH,68,487.000000,P1,2,68,760.000000
RH,74,487.000000,P1,1,74,760.000000
RH,86,487.000000,P1,1,86,760.000000
LH,58,487.250000,P1,5,58,760.500000
RH,63,487.625000,P1,2,63,761.000000
RH,67,487.625000,P1,2,67,761.000000
RH,72,487.625000,P1,1,72,761.000000
RH,84,487.625000,P1,1,84,761.000000
RH,63,487.875000,P1,2,63,761.500000
RH,67,487.875000,P1,2,67,761.500000
RH,72,487.875000,P1,1,72,761.500000
RH,84,487.875000,P1,1,84,761.500000
LH,46,488.250000,P1,5,46,762.000000
RH,72,488.250000,P1,1,72,762.000000
RH,84,488.250000,P1,1,84,762.000000
RH,65,488.500000,P1,2,65,762.500000
RH,70,488.500000,P1,1,70,762.500000
RH,82,488.500000,P1,1,82,762.500000
RH,62,488.625000,P1,2,62,762.500000
RH,62,488.875000,P1,2,62,763.000000
RH,65,488.875000,P1,2,65,763.000000
RH,70,488.875000,P1,1,70,763.000000
RH,82,488.875000,P1,1,82,763.000000
LH,58,489.250000,P1,5,58,763.500000
RH,60,489.500000,P1,2,60,764.000000
RH,63,489.500000,P1,2,63,764.000000
RH,68,489.500000,P1,1,68,764.000000
RH,80,489.500000,P1,1,80,764.000000
RH,60,489.750000,P1,2,60,764.500000
RH,63,489.750000,P1,2,63,764.500000
RH,68,489.750000,P1,1,68,764.500000
RH,80,489.750000,P1,1,80,764.500000
LH,46,490.125000,P1,6,46,765.000000
RH,68,490.125000,P1,1,68,765.000000
RH,80,490.125000,P1,1,80,765.000000
LH,58,490.375000,P1,5,58,765.500000
RH,62,490.375000,P1,5,62,765.500000
RH,67,490.375000,P1,1,67,765.500000
RH,79,490.375000,P1,1,79,765.500000
LH,58,490.750000,P1,5,58,766.000000
RH,62,490.750000,P1,5,62,766.000000
RH,67,490.750000,P1,1,67,766.000000
RH,79,490.750000,P1,1,79,766.000000
LH,46,491.125000,P1,6,46,766.500000
LH,56,491.375000,P1,5,56,767.000000
RH,60,491.375000,P1,5,60,767.000000
RH,65,491.375000,P1,1,65,767.000000
RH,77,491.375000,P1,1,77,767.000000
LH,56,491.666667,P1,5,56,767.500000
RH,60,491.666667,P1,5,60,767.500000
RH,65,491.666667,P1,1,65,767.500000
RH,77,491.666667,P1,1,77,767.500000
LH,46,492.000000,P1,6,46,768.000000
RH,65,492.000000,P1,1,65,768.000000
RH,77,492.000000,P1,1,77,768.000000
LH,58,492.250000,P1,5,58,768.500000
LH,55,492.333333,P1,5,55,768.500000
RH,63,492.333333,P1,1,63,768.500000
RH,75,492.333333,P1,1,75,768.500000
LH,55,492.625000,P1,5,55,769.000000
LH,58,492.625000,P1,5,58,769.000000
RH,63,492.625000,P1,1,63,769.000000
RH,75,492.625000,P1,1,75,769.000000
LH,46,492.875000,P1,6,46,769.500000
RH,63,492.875000,P1,1,63,769.500000
RH,75,492.875000,P1,1,75,769.500000
LH,53,493.250000,P1,5,53,770.000000
LH,56,493.250000,P1,5,56,770.000000
RH,62,493.250000,P1,1,62,770.000000
RH,74,493.250000,P1,1,74,770.000000
LH,53,493.500000,P1,5,53,770.500000
LH,56,493.500000,P1,5,56,770.500000
RH,62,493.500000,P1,1,62,770.500000
RH,74,493.500000,P1,1,74,770.500000
LH,46,493.875000,P1,6,46,771.000000
RH,62,493.875000,P1,1,62,771.000000
RH,74,493.875000,P1,1,74,771.000000
LH,51,494.125000,P1,5,51,771.500000
LH,55,494.125000,P1,5,55,771.500000
RH,60,494.125000,P1,1,60,771.500000
RH,72,494.125000,P1,1,72,771.500000
LH,51,494.500000,P1,5,51,772.000000
LH,55,494.500000,P1,5,55,772.000000
RH,60,494.500000,P1,1,60,772.000000
RH,72,494.500000,P1,1,72,772.000000
LH,46,494.750000,P1,6,46,772.500000
RH,60,494.750000,P1,1,60,772.500000
RH,72,494.750000,P1,1,72,772.500000
LH,50,495.125000,P1,5,50,773.000000
LH,53,495.125000,P1,5,53,773.000000
LH,58,495.125000,P1,1,58,773.000000
RH,70,495.125000,P1,1,70,773.000000
LH,50,495.375000,P1,5,50,773.500000
LH,53,495.375000,P1,5,53,773.500000
LH,58,495.375000,P1,1,58,773.500000
RH,70,495.500000,P1,1,70,773.500000
LH,35,495.750000,P1,5,35,774.000000
LH,47,495.750000,P1,5,47,774.000000
LH,58,495.750000,P1,1,58,774.000000
RH,70,495.750000,P1,1,70,774.000000
LH,35,496.000000,P1,5,35,774.500000
LH,47,496.000000,P1,5,47,774.500000
LH,56,496.000000,P1,1,56,774.500000
RH,62,496.000000,P1,1,62,774.500000
RH,65,496.000000,P1,1,65,774.500000
RH,68,496.000000,P1,1,68,774.500000
LH,41,496.125000,P1,5,41,774.500000
LH,35,496.333333,P1,5,35,775.000000
LH,41,496.333333,P1,5,41,775.000000
LH,47,496.333333,P1,5,47,775.000000
LH,56,496.333333,P1,1,56,775.000000
RH,62,496.375000,P1,1,62,775.000000
RH,65,496.375000,P1,1,65,775.000000
RH,68,496.375000,P1,1,68,775.000000
LH,35,496.625000,P1,5,35,775.500000
LH,41,496.625000,P1,5,41,775.500000
LH,47,496.625000,P1,5,47,775.500000
LH,56,496.625000,P1,1,56,775.500000
RH,62,496.625000,P1,1,62,775.500000
RH,65,496.625000,P1,1,65,775.500000
RH,68,496.625000,P1,1,68,775.500000
LH,35,496.875000,P1,5,35,776.000000
LH,41,496.875000,P1,5,41,776.000000
LH,47,496.875000,P1,5,47,776.000000
LH,56,496.875000,P1,1,56,776.000000
RH,65,496.875000,P1,1,65,776.000000
RH,68,496.875000,P1,1,68,776.000000
RH,62,497.000000,P1,1,62,776.000000
LH,35,497.250000,P1,5,35,776.500000
LH,41,497.250000,P1,5,41,776.500000
LH,47,497.250000,P1,5,47,776.500000
LH,56,497.250000,P1,1,56,776.500000
RH,62,497.250000,P1,1,62,776.500000
RH,65,497.250000,P1,1,65,776.500000
RH,68,497.250000,P1,1,68,776.500000
LH,35,497.500000,P1,5,35,777.000000
LH,41,497.500000,P1,5,41,777.000000
LH,47,497.500000,P1,5,47,777.000000
LH,56,497.500000,P1,1,56,777.000000
RH,62,497.500000,P1,1,62,777.000000
RH,65,497.500000,P1,1,65,777.000000
RH,68,497.500000,P1,1,68,777.000000
LH,35,497.875000,P1,5,35,777.500000
LH,41,497.875000,P1,5,41,777.500000
LH,47,497.875000,P1,5,47,777.500000
LH,56,497.875000,P1,1,56,777.500000
RH,62,497.875000,P1,1,62,777.500000
RH,65,497.875000,P1,1,65,777.500000
RH,68,497.875000,P1,1,68,777.500000
LH,35,498.125000,P1,5,35,778.000000
LH,41,498.125000,P1,5,41,778.000000
LH,47,498.125000,P1,5,47,778.000000
LH,56,498.125000,P1,1,56,778.000000
RH,62,498.125000,P1,1,62,778.000000
RH,65,498.125000,P1,1,65,778.000000
RH,68,498.125000,P1,1,68,778.000000
LH,35,498.500000,P1,5,35,778.500000
LH,41,498.500000,P1,5,41,778.500000
LH,47,498.500000,P1,5,47,778.500000
LH,56,498.500000,P1,1,56,778.500000
RH,62,498.500000,P1,1,62,778.500000
RH,65,498.500000,P1,1,65,778.500000
RH,68,498.500000,P1,1,68,778.500000
LH,35,498.750000,P1,5,35,779.000000
LH,41,498.750000,P1,5,41,779.000000
LH,47,498.750000,P1,5,47,779.000000
LH,56,498.750000,P1,1,56,779.000000
RH,62,498.750000,P1,1,62,779.000000
RH,65,498.750000,P1,1,65,779.000000
RH,68,498.750000,P1,1,68,779.000000
LH,35,499.125000,P1,5,35,779.500000
LH,41,499.125000,P1,5,41,779.500000
LH,47,499.125000,P1,5,47,779.500000
LH,56,499.125000,P1,1,56,779.500000
RH,62,499.125000,P1,1,62,779.500000
RH,65,499.125000,P1,1,65,779.500000
RH,68,499.125000,P1,1,68,779.500000
LH,36,499.625000,P1,5,36,780.000000
LH,41,499.625000,P1,5,41,780.000000
LH,48,499.625000,P1,5,48,780.000000
LH,57,499.625000,P1,1,57,780.000000
RH,60,499.625000,P1,1,60,780.000000
RH,65,499.625000,P1,1,65,780.000000
RH,69,499.625000,P1,1,69,780.000000
LH,48,501.000000,P1,6,48,781.500000
LH,57,501.000000,P1,5,57,781.500000
RH,60,501.000000,P1,2,60,781.500000
RH,65,501.000000,P1,1,65,781.500000
RH,64,502.000000,P1,1,64,783.000000
LH,58,502.125000,P1,5,58,783.000000
LH,52,503.000000,P1,5,52,784.500000
RH,70,503.000000,P1,1,70,784.500000
LH,48,504.000000,P1,6,48,786.000000
LH,53,504.000000,P1,5,53,786.000000
RH,69,504.000000,P1,1,69,786.000000
LH,57,505.125000,P1,5,57,787.500000
RH,60,505.125000,P1,2,60,787.500000
RH,65,505.125000,P1,1,65,787.500000
RH,72,505.125000,P1,1,72,787.500000
LH,58,506.125000,P1,5,58,789.000000
RH,64,506.125000,P1,4,64,789.000000
LH,52,507.125000,P1,5,52,790.500000
RH,70,507.125000,P1,4,70,790.500000
LH,48,508.250000,P1,6,48,792.000000
LH,53,508.250000,P1,5,53,792.000000
RH,69,508.250000,P1,1,69,792.000000
LH,53,509.250000,P1,5,53,793.500000
RH,71,509.250000,P1,1,71,793.500000
RH,83,509.250000,P1,1,83,793.500000
RH,72,509.625000,P1,1,72,794.000000
RH,84,509.625000,P1,1,84,794.000000
RH,74,509.875000,P1,1,74,794.500000
RH,86,509.875000,P1,1,86,794.500000
LH,52,510.250000,P1,5,52,795.000000
RH,72,510.250000,P1,1,72,795.000000
RH,84,510.250000,P1,1,84,795.000000
RH,70,510.500000,P1,1,70,795.500000
RH,82,510.500000,P1,1,82,795.500000
RH,69,510.875000,P1,1,69,796.000000
RH,81,510.875000,P1,1,81,796.000000
LH,58,511.125000,P1,5,58,796.500000
RH,67,511.125000,P1,1,67,796.500000
RH,79,511.125000,P1,1,79,796.500000
RH,65,511.500000,P1,1,65,797.000000
RH,77,511.500000,P1,1,77,797.000000
RH,64,511.750000,P1,1,64,797.500000
RH,76,511.750000,P1,1,76,797.500000
LH,57,512.000000,P1,5,57,798.000000
RH,65,512.000000,P1,1,65,798.000000
RH,77,512.000000,P1,1,77,798.000000
LH,48,512.125000,P1,6,48,798.000000
RH,67,512.375000,P1,1,67,798.500000
RH,79,512.375000,P1,1,79,798.500000
RH,69,512.625000,P1,1,69,799.000000
RH,81,512.625000,P1,1,81,799.000000
LH,53,513.000000,P1,5,53,799.500000
RH,71,513.000000,P1,1,71,799.500000
RH,83,513.000000,P1,1,83,799.500000
RH,72,513.250000,P1,1,72,800.000000
RH,84,513.250000,P1,1,84,800.000000
RH,74,513.500000,P1,1,74,800.500000
RH,86,513.500000,P1,1,86,800.500000
LH,52,513.875000,P1,5,52,801.000000
RH,72,513.875000,P1,1,72,801.000000
RH,84,513.875000,P1,1,84,801.000000
RH,70,514.125000,P1,1,70,801.500000
RH,82,514.125000,P1,1,82,801.500000
RH,69,514.500000,P1,1,69,802.000000
RH,81,514.500000,P1,1,81,802.000000
LH,58,514.750000,P1,5,58,802.500000
RH,67,514.750000,P1,1,67,802.500000
RH,79,514.750000,P1,1,79,802.500000
RH,65,515.125000,P1,1,65,803.000000
RH,77,515.125000,P1,1,77,803.000000
RH,64,515.375000,P1,1,64,803.500000
RH,76,515.375000,P1,1,76,803.500000
LH,53,515.750000,P1,6,53,804.000000
LH,57,515.750000,P1,5,57,804.000000
RH,65,515.875000,P1,1,65,804.000000
RH,77,515.875000,P1,1,77,804.000000
LH,51,516.875000,P1,6,51,805.500000
LH,58,517.125000,P1,5,58,806.000000
RH,67,517.125000,P1,1,67,806.000000
RH,79,517.125000,P1,1,79,806.000000
RH,60,517.375000,P1,5,60,806.500000
RH,69,517.375000,P1,1,69,806.500000
RH,81,517.375000,P1,1,81,806.500000
LH,50,517.750000,P1,5,50,807.000000
LH,58,517.750000,P1,5,58,807.000000
RH,70,517.750000,P1,1,70,807.000000
RH,82,517.750000,P1,1,82,807.000000
RH,68,518.500000,P1,1,68,808.000000
RH,80,518.500000,P1,1,80,808.000000
LH,51,518.750000,P1,5,51,808.500000
RH,63,518.750000,P1,5,63,808.500000
RH,67,518.750000,P1,1,67,808.500000
RH,79,518.750000,P1,1,79,808.500000
RH,68,519.375000,P1,1,68,809.500000
RH,80,519.375000,P1,1,80,809.500000
LH,47,519.750000,P1,6,47,810.000000
LH,55,519.750000,P1,7,55,810.000000
LH,59,519.750000,P1,5,59,810.000000
RH,67,519.750000,P1,1,67,810.000000
RH,79,519.750000,P1,1,79,810.000000
RH,65,520.500000,P1,1,65,811.000000
RH,77,520.500000,P1,1,77,811.000000
LH,48,520.750000,P1,6,48,811.500000
RH,60,520.750000,P1,5,60,811.500000
RH,63,520.750000,P1,1,63,811.500000
RH,75,520.750000,P1,1,75,811.500000
RH,67,521.375000,P1,1,67,812.500000
RH,79,521.375000,P1,1,79,812.500000
LH,44,521.750000,P1,5,44,813.000000
LH,56,521.750000,P1,5,56,813.000000
RH,65,521.750000,P1,1,65,813.000000
RH,77,521.750000,P1,1,77,813.000000
RH,63,522.375000,P1,1,63,814.000000
RH,75,522.375000,P1,1,75,814.000000
LH,46,522.750000,P1,5,46,814.500000
LH,58,522.750000,P1,5,58,814.500000
RH,62,522.750000,P1,1,62,814.500000
RH,74,522.750000,P1,1,74,814.500000
RH,65,523.333333,P1,1,65,815.500000
RH,77,523.333333,P1,1,77,815.500000
LH,39,523.666667,P1,5,39,816.000000
LH,51,523.666667,P1,5,51,816.000000
RH,63,523.666667,P1,1,63,816.000000
RH,75,523.666667,P1,1,75,816.000000
RH,75,523.875000,P1,1,75,816.500000
LH,51,524.250000,P1,5,51,817.000000
RH,75,524.250000,P1,1,75,817.000000
LH,51,524.625000,P1,5,51,817.500000
LH,50,524.875000,P1,5,50,818.000000
RH,74,524.875000,P1,1,74,818.000000
LH,51,525.250000,P1,5,51,818.500000
RH,75,525.250000,P1,1,75,818.500000
LH,43,525.500000,P1,5,43,819.000000
LH,55,525.500000,P1,5,55,819.000000
RH,67,525.500000,P1,1,67,819.000000
RH,79,525.500000,P1,1,79,819.000000
LH,55,525.750000,P1,5,55,819.500000
RH,79,525.750000,P1,1,79,819.500000
LH,55,526.125000,P1,5,55,820.000000
RH,79,526.125000,P1,1,79,820.000000
LH,55,526.375000,P1,5,55,820.500000
RH,79,526.375000,P1,1,79,820.500000
LH,54,526.750000,P1,5,54,821.000000
RH,78,526.750000,P1,1,78,821.000000
RH,79,527.000000,P1,1,79,821.500000
LH,46,527.333333,P1,5,46,822.000000
LH,58,527.333333,P1,5,58,822.000000
RH,70,527.333333,P1,1,70,822.000000
RH,82,527.333333,P1,1,82,822.000000
RH,82,527.500000,P1,1,82,822.500000
LH,58,527.625000,P1,5,58,822.500000
LH,58,527.875000,P1,5,58,823.000000
RH,82,527.875000,P1,1,82,823.000000
LH,58,528.250000,P1,5,58,823.500000
RH,82,528.250000,P1,1,82,823.500000
LH,57,528.500000,P1,5,57,824.000000
RH,81,528.500000,P1,1,81,824.000000
LH,58,528.750000,P1,5,58,824.500000
RH,82,528.750000,P1,1,82,824.500000
LH,51,529.125000,P1,5,51,825.000000
RH,63,529.125000,P1,5,63,825.000000
RH,75,529.125000,P1,1,75,825.000000
RH,87,529.125000,P1,1,87,825.000000
RH,63,529.375000,P1,5,63,825.500000
RH,87,529.375000,P1,1,87,825.500000
RH,63,529.750000,P1,5,63,826.000000
RH,87,529.750000,P1,1,87,826.000000
RH,63,530.000000,P1,5,63,826.500000
RH,87,530.000000,P1,1,87,826.500000
RH,62,530.333333,P1,5,62,827.000000
RH,86,530.333333,P1,1,86,827.000000
RH,63,530.625000,P1,5,63,827.500000
RH,87,530.625000,P1,1,87,827.500000
LH,51,531.000000,P1,5,51,828.000000
RH,63,531.000000,P1,1,63,828.000000
LH,48,531.125000,P1,5,48,828.000000
RH,65,531.250000,P1,1,65,828.250000
RH,63,531.375000,P1,1,63,828.500000
RH,62,531.500000,P1,1,62,828.750000
RH,63,531.666667,P1,1,63,829.000000
RH,62,531.875000,P1,1,62,829.250000
RH,63,532.000000,P1,1,63,829.500000
RH,64,532.125000,P1,1,64,829.750000
RH,65,532.250000,P1,1,65,830.000000
RH,66,532.375000,P1,1,66,830.250000
RH,67,532.500000,P1,1,67,830.500000
RH,68,532.750000,P1,1,68,830.750000
LH,47,532.875000,P1,5,47,831.000000
LH,51,532.875000,P1,5,51,831.000000
LH,54,532.875000,P1,5,54,831.000000
LH,57,532.875000,P1,5,57,831.000000
RH,69,532.875000,P1,1,69,831.000000
RH,70,533.000000,P1,1,70,831.214583
RH,71,533.250000,P1,1,71,831.429167
RH,72,533.375000,P1,1,72,831.643750
RH,73,533.500000,P1,1,73,831.858333
RH,74,533.666667,P1,1,74,832.072917
RH,75,533.750000,P1,1,75,832.287500
RH,76,534.000000,P1,1,76,832.500000
RH,77,534.125000,P1,1,77,832.750000
RH,78,534.250000,P1,1,78,833.000000
RH,79,534.375000,P1,1,79,833.250000
RH,80,534.500000,P1,1,80,833.500000
RH,81,534.666667,P1,1,81,833.750000
LH,46,534.750000,P1,5,46,834.000000
LH,55,534.750000,P1,5,55,834.000000
LH,58,534.750000,P1,5,58,834.000000
RH,82,534.750000,P1,1,82,834.000000
LH,58,535.125000,P1,5,58,834.500000
LH,58,535.375000,P1,5,58,835.000000
RH,67,535.750000,P1,1,67,835.500000
RH,75,535.750000,P1,1,75,835.500000
RH,79,535.750000,P1,1,79,835.500000
LH,58,536.000000,P1,5,58,836.000000
RH,68,536.666667,P1,1,68,837.000000
RH,77,536.666667,P1,1,77,837.000000
RH,80,536.666667,P1,1,80,837.000000
LH,46,537.000000,P1,5,46,837.500000
LH,46,537.250000,P1,5,46,838.000000
RH,65,537.666667,P1,1,65,838.500000
RH,68,537.666667,P1,1,68,838.500000
RH,74,537.666667,P1,1,74,838.500000
LH,46,538.000000,P1,5,46,839.000000
LH,46,538.250000,P1,5,46,839.500000
LH,51,538.625000,P1,1,51,840.000000
RH,63,538.750000,P1,1,63,840.250000
LH,39,538.875000,P1,5,39,840.500000
LH,51,538.875000,P1,1,51,840.500000
RH,63,539.125000,P1,1,63,840.750000
LH,39,539.250000,P1,5,39,841.000000
LH,51,539.250000,P1,1,51,841.000000
RH,63,539.375000,P1,1,63,841.250000
LH,39,539.500000,P1,5,39,841.500000
LH,51,539.500000,P1,1,51,841.500000
RH,63,539.666667,P1,1,63,841.750000
LH,38,539.875000,P1,5,38,842.000000
LH,50,539.875000,P1,1,50,842.000000
RH,62,540.000000,P1,1,62,842.250000
LH,39,540.125000,P1,5,39,842.500000
LH,51,540.125000,P1,1,51,842.500000
RH,63,540.333333,P1,1,63,842.750000
LH,31,540.500000,P1,5,31,843.000000
LH,55,540.500000,P1,1,55,843.000000
RH,67,540.625000,P1,1,67,843.250000
LH,55,540.750000,P1,1,55,843.500000
LH,43,540.875000,P1,5,43,843.500000
RH,67,540.875000,P1,1,67,843.750000
LH,43,541.125000,P1,5,43,844.000000
LH,55,541.125000,P1,1,55,844.000000
RH,67,541.250000,P1,1,67,844.250000
LH,43,541.375000,P1,5,43,844.500000
LH,55,541.375000,P1,1,55,844.500000
RH,67,541.500000,P1,1,67,844.750000
LH,42,541.750000,P1,5,42,845.000000
LH,54,541.750000,P1,1,54,845.000000
RH,66,541.875000,P1,1,66,845.250000
LH,43,542.000000,P1,5,43,845.500000
LH,55,542.000000,P1,1,55,845.500000
RH,67,542.125000,P1,1,67,845.750000
LH,34,542.333333,P1,5,34,846.000000
LH,58,542.333333,P1,1,58,846.000000
RH,70,542.500000,P1,1,70,846.250000
LH,46,542.625000,P1,5,46,846.500000
LH,58,542.625000,P1,1,58,846.500000
RH,70,542.750000,P1,1,70,846.750000
LH,46,542.875000,P1,5,46,847.000000
LH,58,542.875000,P1,1,58,847.000000
RH,70,543.125000,P1,1,70,847.250000
LH,58,543.250000,P1,1,58,847.500000
RH,70,543.375000,P1,1,70,847.750000
LH,45,543.625000,P1,5,45,848.000000
LH,57,543.625000,P1,1,57,848.000000
RH,69,543.750000,P1,1,69,848.250000
LH,46,543.875000,P1,5,46,848.500000
LH,58,543.875000,P1,1,58,848.500000
RH,70,544.000000,P1,1,70,848.750000
LH,39,544.125000,P1,5,39,849.000000
RH,63,544.250000,P1,1,63,849.000000
RH,75,544.333333,P1,1,75,849.250000
LH,51,544.500000,P1,5,51,849.500000
RH,63,544.500000,P1,1,63,849.500000
RH,75,544.666667,P1,1,75,849.750000
LH,51,544.875000,P1,5,51,850.000000
RH,63,544.875000,P1,1,63,850.000000
RH,75,545.000000,P1,1,75,850.250000
LH,51,545.125000,P1,5,51,850.500000
RH,63,545.125000,P1,1,63,850.500000
RH,75,545.250000,P1,1,75,850.750000
LH,50,545.500000,P1,5,50,851.000000
RH,62,545.500000,P1,1,62,851.000000
RH,74,545.625000,P1,1,74,851.250000
LH,51,545.750000,P1,5,51,851.500000
RH,63,545.750000,P1,1,63,851.500000
LH,36,546.333333,P1,5,36,852.000000
LH,39,546.333333,P1,5,39,852.000000
LH,48,546.333333,P1,5,48,852.000000
LH,51,546.375000,P1,1,51,852.000000
LH,53,546.500000,P1,1,53,852.250000
LH,51,546.666667,P1,1,51,852.500000
LH,50,546.875000,P1,1,50,852.750000
LH,51,547.000000,P1,1,51,853.000000
LH,50,547.125000,P1,1,50,853.250000
LH,51,547.333333,P1,1,51,853.500000
LH,52,547.500000,P1,1,52,853.750000
LH,53,547.625000,P1,1,53,854.000000
LH,54,547.750000,P1,1,54,854.250000
LH,55,548.000000,P1,1,55,854.500000
LH,56,548.125000,P1,1,56,854.750000
LH,35,548.250000,P1,5,35,855.000000
LH,39,548.250000,P1,5,39,855.000000
LH,47,548.250000,P1,5,47,855.000000
LH,57,548.333333,P1,1,57,855.000000
LH,58,548.500000,P1,1,58,855.250000
LH,59,548.625000,P1,1,59,855.500000
RH,60,548.750000,P1,1,60,855.750000
RH,61,549.000000,P1,1,61,856.000000
RH,62,549.125000,P1,1,62,856.250000
RH,63,549.333333,P1,1,63,856.500000
RH,64,549.500000,P1,1,64,856.750000
RH,65,549.625000,P1,1,65,857.000000
RH,66,549.750000,P1,1,66,857.250000
RH,67,549.875000,P1,1,67,857.500000
RH,68,550.125000,P1,1,68,857.750000
LH,34,550.250000,P1,5,34,858.000000
LH,39,550.250000,P1,5,39,858.000000
LH,46,550.250000,P1,5,46,858.000000
RH,69,550.250000,P1,1,69,858.000000
RH,70,550.375000,P1,1,70,858.250000
RH,71,550.625000,P1,1,71,858.500000
RH,72,550.750000,P1,1,72,858.750000
RH,73,550.875000,P1,1,73,859.000000
RH,74,551.000000,P1,1,74,859.250000
RH,75,551.250000,P1,1,75,859.500000
RH,76,551.375000,P1,1,76,859.750000
RH,77,551.500000,P1,1,77,860.000000
RH,78,551.666667,P1,1,78,860.250000
RH,77,551.875000,P1,1,77,860.500000
RH,78,552.000000,P1,1,78,860.750000
RH,77,552.125000,P1,1,77,861.000000
LH,33,552.250000,P1,5,33,861.000000
LH,39,552.250000,P1,5,39,861.000000
LH,45,552.250000,P1,5,45,861.000000
RH,78,552.333333,P1,1,78,861.250000
RH,77,552.500000,P1,1,77,861.500000
RH,78,552.666667,P1,1,78,861.750000
RH,77,552.875000,P1,1,77,862.000000
RH,78,553.000000,P1,1,78,862.250000
RH,77,553.125000,P1,1,77,862.500000
RH,78,553.333333,P1,1,78,862.750000
RH,77,553.500000,P1,1,77,863.000000
RH,78,553.666667,P1,1,78,863.250000
RH,77,553.750000,P1,1,77,863.500000
RH,78,554.000000,P1,1,78,863.750000
LH,34,554.250000,P1,5,34,864.000000
LH,39,554.250000,P1,5,39,864.000000
LH,46,554.250000,P1,5,46,864.000000
RH,80,554.375000,P1,2,80,864.166667
RH,79,554.500000,P1,2,79,864.333333
RH,77,554.625000,P1,1,77,864.500000
RH,75,554.875000,P1,1,75,865.000000
LH,46,555.250000,P1,5,46,865.500000
LH,51,555.250000,P1,5,51,865.500000
LH,55,555.250000,P1,5,55,865.500000
RH,77,555.375000,P1,2,77,865.666667
RH,75,555.500000,P1,2,75,865.833333
RH,74,555.625000,P1,1,74,866.000000
RH,72,555.875000,P1,1,72,866.500000
LH,46,556.250000,P1,5,46,867.000000
LH,51,556.250000,P1,5,51,867.000000
LH,55,556.250000,P1,5,55,867.000000
RH,72,556.333333,P1,2,72,867.166667
RH,70,556.500000,P1,2,70,867.333333
RH,68,556.625000,P1,1,68,867.500000
RH,67,556.875000,P1,1,67,868.000000
LH,46,557.333333,P1,5,46,868.500000
LH,53,557.333333,P1,5,53,868.500000
LH,56,557.333333,P1,5,56,868.500000
RH,65,557.333333,P1,1,65,868.500000
RH,68,557.666667,P1,1,68,869.000000
RH,62,558.000000,P1,1,62,869.500000
LH,51,558.500000,P1,5,51,870.000000
LH,55,558.500000,P1,5,55,870.000000
RH,63,558.500000,P1,1,63,870.000000
RH,87,559.000000,P1,1,87,870.500000
RH,79,559.250000,P1,1,79,870.750000
RH,87,559.500000,P1,1,87,871.000000
RH,79,559.625000,P1,1,79,871.250000
LH,51,559.875000,P1,5,51,871.500000
RH,75,559.875000,P1,1,75,871.500000
RH,79,560.125000,P1,1,79,871.750000
RH,87,560.250000,P1,1,87,872.000000
RH,79,560.500000,P1,1,79,872.250000
RH,87,560.625000,P1,1,87,872.500000
RH,79,560.750000,P1,1,79,872.750000
RH,76,560.875000,P1,1,76,873.000000
RH,79,561.125000,P1,1,79,873.250000
RH,85,561.250000,P1,1,85,873.500000
RH,79,561.375000,P1,1,79,873.750000
RH,85,561.500000,P1,1,85,874.000000
RH,79,561.666667,P1,1,79,874.250000
RH,75,561.875000,P1,1,75,874.500000
RH,79,562.000000,P1,1,79,874.750000
RH,87,562.125000,P1,1,87,875.000000
RH,79,562.333333,P1,1,79,875.250000
RH,87,562.500000,P1,1,87,875.500000
RH,79,562.625000,P1,1,79,875.750000
RH,73,562.750000,P1,1,73,876.000000
RH,79,562.875000,P1,1,79,876.250000
RH,88,563.125000,P1,1,88,876.500000
RH,79,563.250000,P1,1,79,876.750000
RH,88,563.375000,P1,1,88,877.000000
RH,79,563.500000,P1,1,79,877.250000
RH,63,563.750000,P1,5,63,877.500000
RH,75,563.750000,P1,1,75,877.500000
RH,79,563.875000,P1,1,79,877.750000
RH,87,564.125000,P1,1,87,878.000000
RH,79,564.250000,P1,1,79,878.250000
RH,87,564.375000,P1,1,87,878.500000
RH,79,564.500000,P1,1,79,878.750000
RH,76,564.666667,P1,1,76,879.000000
RH,79,564.875000,P1,1,79,879.250000
RH,85,565.000000,P1,1,85,879.500000
RH,79,565.250000,P1,1,79,879.750000
RH,85,565.333333,P1,1,85,880.000000
RH,79,565.500000,P1,1,79,880.250000
RH,73,565.625000,P1,1,73,880.500000
RH,79,565.750000,P1,1,79,880.750000
RH,88,565.875000,P1,1,88,881.000000
RH,79,566.125000,P1,1,79,881.250000
RH,88,566.250000,P1,1,88,881.500000
RH,79,566.375000,P1,1,79,881.750000
RH,72,566.625000,P1,1,72,882.000000
RH,80,566.750000,P1,1,80,882.250000
RH,87,566.875000,P1,1,87,882.500000
RH,80,567.125000,P1,1,80,882.750000
RH,87,567.250000,P1,1,87,883.000000
RH,80,567.375000,P1,1,80,883.250000
LH,51,567.500000,P1,5,51,883.500000
RH,73,567.500000,P1,1,73,883.500000
RH,80,567.666667,P1,1,80,883.750000
RH,85,567.875000,P1,1,85,884.000000
RH,80,568.000000,P1,1,80,884.250000
RH,85,568.250000,P1,1,85,884.500000
RH,80,568.333333,P1,1,80,884.750000
RH,75,568.500000,P1,1,75,885.000000
RH,80,568.625000,P1,1,80,885.250000
RH,84,568.875000,P1,1,84,885.500000
RH,80,569.000000,P1,1,80,885.750000
RH,84,569.125000,P1,1,84,886.000000
RH,80,569.333333,P1,1,80,886.250000
RH,75,569.375000,P1,1,75,886.500000
RH,80,569.625000,P1,1,80,886.750000
RH,83,569.750000,P1,1,83,887.000000
RH,80,570.000000,P1,1,80,887.250000
RH,83,570.125000,P1,1,83,887.500000
RH,80,570.250000,P1,1,80,887.750000
RH,74,570.375000,P1,1,74,888.000000
RH,80,570.625000,P1,1,80,888.250000
RH,83,570.750000,P1,1,83,888.500000
RH,80,571.000000,P1,1,80,888.750000
RH,83,571.125000,P1,1,83,889.000000
RH,80,571.250000,P1,1,80,889.250000
LH,39,571.375000,P1,5,39,889.500000
RH,74,571.500000,P1,1,74,889.500000
RH,80,571.625000,P1,1,80,889.750000
RH,82,571.750000,P1,1,82,890.000000
RH,80,571.875000,P1,1,80,890.250000
RH,82,572.125000,P1,1,82,890.500000
RH,80,572.250000,P1,1,80,890.750000
RH,74,572.375000,P1,1,74,891.000000
RH,80,572.500000,P1,1,80,891.250000
RH,82,572.750000,P1,1,82,891.500000
RH,80,572.875000,P1,1,80,891.750000
RH,82,573.125000,P1,1,82,892.000000
RH,80,573.250000,P1,1,80,892.250000
RH,74,573.375000,P1,1,74,892.500000
RH,80,573.500000,P1,1,80,892.750000
RH,82,573.666667,P1,1,82,893.000000
RH,80,573.875000,P1,1,80,893.250000
RH,82,574.000000,P1,1,82,893.500000
RH,80,574.125000,P1,1,80,893.750000
RH,75,574.250000,P1,1,75,894.000000
RH,79,574.500000,P1,1,79,894.250000
RH,82,574.625000,P1,1,82,894.500000
RH,79,574.875000,P1,1,79,894.750000
RH,82,575.000000,P1,1,82,895.000000
RH,79,575.125000,P1,1,79,895.250000
LH,51,575.375000,P1,5,51,895.500000
RH,67,575.375000,P1,1,67,895.500000
RH,75,575.625000,P1,1,75,895.750000
RH,79,575.875000,P1,1,79,896.000000
RH,75,576.000000,P1,1,75,896.250000
RH,79,576.250000,P1,1,79,896.500000
RH,75,576.333333,P1,1,75,896.750000
RH,67,576.500000,P1,1,67,897.000000
RH,76,576.666667,P1,1,76,897.250000
RH,79,576.875000,P1,1,79,897.500000
RH,76,577.000000,P1,1,76,897.750000
RH,79,577.250000,P1,1,79,898.000000
RH,76,577.333333,P1,1,76,898.250000
RH,67,577.500000,P1,1,67,898.500000
RH,75,577.666667,P1,1,75,898.750000
RH,79,577.875000,P1,1,79,899.000000
RH,75,578.000000,P1,1,75,899.250000
RH,79,578.125000,P1,1,79,899.500000
RH,75,578.333333,P1,1,75,899.750000
RH,67,578.500000,P1,1,67,900.000000
RH,73,578.625000,P1,1,73,900.250000
RH,79,578.750000,P1,1,79,900.500000
RH,73,579.000000,P1,1,73,900.750000
RH,79,579.125000,P1,1,79,901.000000
RH,73,579.250000,P1,1,73,901.250000
RH,63,579.500000,P1,5,63,901.500000
RH,67,579.500000,P1,1,67,901.500000
RH,75,579.750000,P1,1,75,901.750000
RH,79,579.875000,P1,1,79,902.000000
RH,75,580.125000,P1,1,75,902.250000
RH,79,580.250000,P1,1,79,902.500000
RH,75,580.333333,P1,1,75,902.750000
RH,67,580.500000,P1,1,67,903.000000
RH,76,580.666667,P1,1,76,903.250000
RH,79,580.875000,P1,1,79,903.500000
RH,76,581.000000,P1,1,76,903.750000
RH,79,581.250000,P1,1,79,904.000000
RH,76,581.333333,P1,1,76,904.250000
RH,67,581.500000,P1,1,67,904.500000
RH,73,581.666667,P1,1,73,904.750000
RH,79,581.875000,P1,1,79,905.000000
RH,73,582.000000,P1,1,73,905.250000
RH,79,582.125000,P1,1,79,905.500000
RH,73,582.333333,P1,1,73,905.750000
RH,68,582.500000,P1,1,68,906.000000
RH,72,582.666667,P1,1,72,906.250000
RH,80,582.750000,P1,1,80,906.500000
RH,72,583.000000,P1,1,72,906.750000
RH,80,583.125000,P1,1,80,907.000000
RH,72,583.250000,P1,1,72,907.250000
LH,51,583.375000,P1,5,51,907.500000
RH,68,583.375000,P1,1,68,907.500000
RH,71,583.625000,P1,1,71,907.750000
RH,80,583.750000,P1,1,80,908.000000
RH,71,583.875000,P1,1,71,908.250000
RH,80,584.125000,P1,1,80,908.500000
RH,71,584.250000,P1,1,71,908.750000
RH,68,584.375000,P1,1,68,909.000000
RH,70,584.625000,P1,1,70,909.250000
RH,75,584.750000,P1,1,75,909.500000
RH,70,584.875000,P1,1,70,909.750000
RH,75,585.125000,P1,1,75,910.000000
RH,70,585.250000,P1,1,70,910.250000
RH,67,585.375000,P1,1,67,910.500000
RH,70,585.500000,P1,1,70,910.750000
RH,75,585.666667,P1,1,75,911.000000
RH,70,585.875000,P1,1,70,911.250000
RH,75,586.000000,P1,1,75,911.500000
RH,70,586.125000,P1,1,70,911.750000
RH,65,586.250000,P1,1,65,912.000000
RH,68,586.500000,P1,1,68,912.250000
RH,75,586.625000,P1,1,75,912.500000
RH,68,586.750000,P1,1,68,912.750000
RH,75,586.875000,P1,1,75,913.000000
RH,68,587.000000,P1,1,68,913.250000
LH,39,587.250000,P1,5,39,913.500000
RH,65,587.250000,P1,1,65,913.500000
RH,68,587.375000,P1,1,68,913.750000
RH,74,587.500000,P1,1,74,914.000000
RH,68,587.750000,P1,1,68,914.250000
RH,74,587.875000,P1,1,74,914.500000
RH,68,588.000000,P1,1,68,914.750000
RH,65,588.125000,P1,1,65,915.000000
RH,70,588.375000,P1,1,70,915.250000
RH,74,588.500000,P1,1,74,915.500000
RH,70,588.666667,P1,1,70,915.750000
RH,74,588.875000,P1,1,74,916.000000
RH,65,589.125000,P1,1,65,916.500000
RH,70,589.125000,P1,1,70,916.250000
RH,71,589.333333,P1,1,71,916.750000
RH,68,589.375000,P1,1,68,916.750000
RH,74,589.625000,P1,1,74,917.000000
RH,68,589.666667,P1,1,68,917.250000
RH,71,589.666667,P1,1,71,917.250000
RH,74,589.875000,P1,1,74,917.500000
RH,67,590.250000,P1,1,67,918.000000
RH,75,590.250000,P1,1,75,918.000000
RH,70,590.333333,P1,1,70,918.000000
LH,55,591.000000,P1,5,55,919.000000
RH,67,591.000000,P1,1,67,919.000000
LH,51,592.000000,P1,5,51,920.500000
RH,63,592.000000,P1,1,63,920.500000
LH,46,592.375000,P1,5,46,921.000000
LH,58,592.375000,P1,1,58,921.000000
LH,58,593.125000,P1,6,58,922.000000
RH,62,593.125000,P1,5,62,922.000000
RH,68,593.125000,P1,2,68,922.000000
RH,77,593.125000,P1,1,77,922.000000
RH,65,594.125000,P1,5,65,923.500000
RH,74,594.125000,P1,1,74,923.500000
LH,51,594.500000,P1,6,51,924.000000
RH,63,594.500000,P1,5,63,924.000000
RH,75,594.500000,P1,1,75,924.000000
LH,55,595.125000,P1,5,55,925.000000
RH,67,595.125000,P1,1,67,925.000000
LH,51,596.250000,P1,5,51,926.500000
RH,63,596.250000,P1,1,63,926.500000
LH,46,596.625000,P1,5,46,927.000000
LH,58,596.625000,P1,1,58,927.000000
LH,58,597.250000,P1,6,58,928.000000
RH,65,597.250000,P1,5,65,928.000000
RH,80,597.250000,P1,1,80,928.000000
RH,68,597.333333,P1,2,68,928.000000
RH,62,598.375000,P1,5,62,929.500000
RH,77,598.375000,P1,1,77,929.500000
LH,51,598.750000,P1,6,51,930.000000
RH,63,598.750000,P1,5,63,930.000000
RH,79,598.750000,P1,1,79,930.000000
LH,55,599.375000,P1,5,55,931.000000
RH,67,599.375000,P1,1,67,931.000000
LH,51,600.500000,P1,5,51,932.500000
RH,63,600.500000,P1,1,63,932.500000
LH,46,600.875000,P1,5,46,933.000000
LH,58,600.875000,P1,1,58,933.000000
LH,34,601.500000,P1,5,34,934.000000
LH,46,601.500000,P1,5,46,934.000000
RH,77,601.500000,P1,1,77,934.000000
RH,80,601.500000,P1,1,80,934.000000
RH,89,601.500000,P1,1,89,934.000000
LH,34,602.666667,P1,5,34,935.500000
LH,46,602.666667,P1,5,46,935.500000
RH,77,602.666667,P1,1,77,935.500000
RH,80,602.666667,P1,1,80,935.500000
RH,86,602.666667,P1,1,86,935.500000
LH,46,602.875000,P1,5,46,935.500000
LH,35,603.000000,P1,5,35,936.000000
RH,77,603.000000,P1,1,77,936.000000
RH,80,603.125000,P1,1,80,936.000000
RH,86,603.125000,P1,1,86,936.000000
RH,89,603.125000,P1,1,89,936.000000
LH,47,603.500000,P1,5,47,936.500000
LH,47,603.875000,P1,5,47,937.000000
LH,47,604.125000,P1,5,47,937.500000
LH,47,604.500000,P1,5,47,938.000000
LH,47,604.750000,P1,5,47,938.500000
LH,47,605.125000,P1,5,47,939.000000
LH,47,605.375000,P1,5,47,939.500000
LH,47,605.666667,P1,5,47,940.000000
RH,77,605.666667,P1,1,77,940.000000
RH,80,605.666667,P1,1,80,940.000000
RH,86,605.666667,P1,1,86,940.000000
LH,47,606.000000,P1,5,47,940.500000
RH,77,606.000000,P1,1,77,940.500000
RH,80,606.000000,P1,1,80,940.500000
RH,89,606.000000,P1,1,89,940.500000
LH,47,606.250000,P1,5,47,941.000000
LH,47,606.500000,P1,5,47,941.500000
RH,77,606.500000,P1,1,77,941.500000
RH,80,606.500000,P1,1,80,941.500000
RH,86,606.500000,P1,1,86,941.500000
LH,36,606.875000,P1,5,36,942.000000
RH,75,606.875000,P1,1,75,942.000000
RH,79,606.875000,P1,1,79,942.000000
RH,84,606.875000,P1,1,84,942.000000
RH,87,606.875000,P1,1,87,942.000000
LH,48,607.250000,P1,5,48,942.500000
LH,48,607.500000,P1,5,48,943.000000
LH,48,607.875000,P1,5,48,943.500000
LH,48,608.125000,P1,5,48,944.000000
LH,48,608.375000,P1,5,48,944.500000
LH,48,608.750000,P1,5,48,945.000000
RH,72,608.750000,P1,1,72,945.000000
RH,75,608.750000,P1,1,75,945.000000
RH,79,608.750000,P1,1,79,945.000000
RH,84,608.750000,P1,1,84,945.000000
LH,48,609.000000,P1,5,48,945.500000
LH,48,609.333333,P1,5,48,946.000000
LH,48,609.666667,P1,5,48,946.500000
LH,48,610.000000,P1,5,48,947.000000
LH,48,610.250000,P1,5,48,947.500000
RH,70,610.250000,P1,1,70,947.500000
RH,72,610.250000,P1,1,72,947.500000
RH,76,610.250000,P1,1,76,947.500000
RH,79,610.250000,P1,1,79,947.500000
LH,41,610.500000,P1,5,41,948.000000
RH,68,610.500000,P1,1,68,948.000000
RH,72,610.500000,P1,1,72,948.000000
RH,77,610.500000,P1,1,77,948.000000
RH,80,610.500000,P1,1,80,948.000000
LH,53,610.875000,P1,5,53,948.500000
LH,53,611.125000,P1,5,53,948.500000
LH,53,611.500000,P1,5,53,949.000000
LH,53,611.750000,P1,5,53,949.500000
LH,53,612.000000,P1,5,53,950.000000
RH,65,612.375000,P1,1,65,951.000000
RH,68,612.375000,P1,1,68,951.000000
RH,72,612.375000,P1,1,72,951.000000
RH,77,612.375000,P1,1,77,951.000000
LH,53,612.666667,P1,5,53,951.500000
LH,53,613.000000,P1,5,53,952.000000
LH,39,613.250000,P1,5,39,952.500000
LH,51,613.500000,P1,5,51,953.000000
LH,51,613.875000,P1,5,51,953.500000
RH,65,613.875000,P1,1,65,953.500000
RH,69,613.875000,P1,1,69,953.500000
RH,72,613.875000,P1,1,72,953.500000
RH,77,613.875000,P1,1,77,953.500000
LH,38,614.125000,P1,5,38,954.000000
RH,65,614.125000,P1,1,65,954.000000
RH,70,614.125000,P1,1,70,954.000000
RH,77,614.125000,P1,1,77,954.000000
RH,68,614.250000,P1,1,68,954.000000
LH,50,614.375000,P1,5,50,954.500000
LH,50,614.750000,P1,5,50,955.000000
LH,46,615.000000,P1,5,46,955.500000
LH,58,615.333333,P1,5,58,956.000000
LH,58,615.666667,P1,5,58,956.500000
LH,58,616.000000,P1,5,58,957.000000
RH,65,616.000000,P1,1,65,957.000000
RH,68,616.000000,P1,1,68,957.000000
RH,74,616.000000,P1,1,74,957.000000
LH,58,616.333333,P1,5,58,957.500000
LH,58,616.625000,P1,5,58,958.000000
LH,58,616.875000,P1,5,58,958.500000
RH,62,616.875000,P1,1,62,958.500000
RH,65,616.875000,P1,1,65,958.500000
RH,68,616.875000,P1,1,68,958.500000
LH,58,617.125000,P1,5,58,959.000000
LH,58,617.500000,P1,5,58,959.500000
LH,56,617.750000,P1,1,56,960.000000
LH,58,617.750000,P1,5,58,960.000000
RH,65,617.750000,P1,1,65,960.000000
RH,62,617.875000,P1,1,62,960.000000
LH,58,618.500000,P1,5,58,961.000000
LH,53,618.750000,P1,1,53,961.500000
LH,56,618.750000,P1,1,56,961.500000
LH,58,618.750000,P1,5,58,961.500000
RH,62,618.750000,P1,1,62,961.500000
LH,58,619.125000,P1,5,58,962.000000
LH,58,619.375000,P1,5,58,962.500000
LH,50,619.666667,P1,1,50,963.000000
LH,56,619.666667,P1,1,56,963.000000
LH,58,619.666667,P1,5,58,963.000000
LH,53,619.750000,P1,1,53,963.000000
LH,58,620.000000,P1,5,58,963.500000
LH,58,620.333333,P1,5,58,964.000000
LH,44,620.625000,P1,1,44,964.500000
LH,53,620.625000,P1,1,53,964.500000
LH,58,620.625000,P1,5,58,964.500000
LH,50,620.750000,P1,1,50,964.500000
LH,58,621.000000,P1,5,58,965.000000
LH,58,621.250000,P1,5,58,965.500000
LH,43,621.666667,P1,1,43,966.000000
LH,51,621.666667,P1,1,51,966.000000
LH,58,621.666667,P1,5,58,966.000000
RH,79,623.000000,P1,1,79,967.500000
LH,51,623.125000,P1,6,51,967.500000
RH,67,623.125000,P1,2,67,967.500000
LH,53,624.125000,P1,6,53,969.000000
RH,62,624.125000,P1,5,62,969.000000
RH,68,624.125000,P1,2,68,969.000000
RH,77,624.125000,P1,1,77,969.000000
LH,55,625.125000,P1,6,55,970.500000
RH,63,625.125000,P1,5,63,970.500000
RH,70,625.125000,P1,2,70,970.500000
RH,75,625.125000,P1,1,75,970.500000
LH,56,626.125000,P1,6,56,972.000000
RH,60,626.125000,P1,5,60,972.000000
LH,53,627.250000,P1,6,53,973.500000
RH,68,627.250000,P1,2,68,973.500000
RH,80,627.250000,P1,1,80,973.500000
LH,55,628.250000,P1,6,55,975.000000
RH,64,628.250000,P1,5,64,975.000000
RH,70,628.250000,P1,2,70,975.000000
RH,79,628.250000,P1,1,79,975.000000
LH,56,629.250000,P1,6,56,976.500000
RH,65,629.333333,P1,5,65,976.500000
RH,72,629.333333,P1,2,72,976.500000
RH,77,629.333333,P1,1,77,976.500000
LH,58,630.375000,P1,6,58,978.000000
LH,55,631.500000,P1,5,55,979.500000
LH,51,631.625000,P1,5,51,979.500000
RH,70,631.625000,P1,1,70,979.500000
RH,67,632.000000,P1,7,67,980.000000
RH,67,632.250000,P1,7,67,980.500000
LH,53,632.500000,P1,5,53,981.000000
LH,56,632.500000,P1,5,56,981.000000
RH,67,632.500000,P1,2,67,981.000000
RH,74,632.500000,P1,1,74,981.000000
RH,65,632.875000,P1,2,65,981.500000
RH,65,633.125000,P1,2,65,982.000000
LH,55,633.500000,P1,5,55,982.500000
LH,58,633.500000,P1,5,58,982.500000
RH,75,633.500000,P1,1,75,982.500000
RH,63,633.750000,P1,2,63,983.000000
RH,63,634.000000,P1,2,63,983.500000
LH,56,634.375000,P1,5,56,984.000000
RH,60,634.375000,P1,5,60,984.000000
RH,62,634.375000,P1,2,62,984.000000
RH,72,634.375000,P1,1,72,984.000000
RH,63,634.666667,P1,2,63,984.500000
RH,63,635.000000,P1,2,63,985.000000
LH,53,635.250000,P1,5,53,985.500000
LH,56,635.250000,P1,5,56,985.500000
RH,72,635.250000,P1,1,72,985.500000
RH,68,635.625000,P1,2,68,986.000000
RH,68,635.875000,P1,2,68,986.500000
LH,55,636.250000,P1,5,55,987.000000
LH,58,636.250000,P1,5,58,987.000000
RH,68,636.250000,P1,2,68,987.000000
RH,76,636.250000,P1,1,76,987.000000
RH,67,636.500000,P1,2,67,987.500000
RH,67,636.875000,P1,2,67,988.000000
LH,56,637.125000,P1,5,56,988.500000
RH,60,637.125000,P1,5,60,988.500000
RH,77,637.125000,P1,1,77,988.500000
RH,65,637.500000,P1,2,65,989.000000
RH,65,637.750000,P1,2,65,989.500000
LH,58,638.125000,P1,5,58,990.000000
RH,62,638.125000,P1,5,62,990.000000
RH,64,638.125000,P1,2,64,990.000000
RH,74,638.125000,P1,1,74,990.000000
RH,65,638.375000,P1,2,65,990.500000
RH,65,638.750000,P1,2,65,991.000000
RH,70,639.000000,P1,1,70,991.500000
RH,74,639.000000,P1,1,74,991.500000
RH,60,639.333333,P1,5,60,992.000000
RH,68,639.333333,P1,5,68,992.000000
RH,60,639.625000,P1,5,60,992.500000
RH,68,639.625000,P1,5,68,992.500000
RH,60,639.875000,P1,5,60,993.000000
RH,68,639.875000,P1,5,68,993.000000
RH,72,640.000000,P1,1,72,993.000000
RH,75,640.000000,P1,1,75,993.000000
LH,58,640.250000,P1,5,58,993.500000
RH,67,640.250000,P1,5,67,993.500000
LH,58,640.500000,P1,5,58,994.000000
RH,67,640.500000,P1,5,67,994.000000
RH,74,640.875000,P1,1,74,994.500000
RH,77,640.875000,P1,1,77,994.500000
LH,56,641.250000,P1,6,56,995.000000
RH,65,641.250000,P1,5,65,995.000000
LH,56,641.500000,P1,6,56,995.500000
RH,65,641.500000,P1,5,65,995.500000
LH,56,641.875000,P1,6,56,996.000000
RH,65,641.875000,P1,5,65,996.000000
RH,75,641.875000,P1,1,75,996.000000
RH,79,641.875000,P1,1,79,996.000000
LH,55,642.125000,P1,6,55,996.500000
RH,63,642.125000,P1,5,63,996.500000
LH,55,642.500000,P1,6,55,997.000000
RH,63,642.500000,P1,5,63,997.000000
RH,75,642.750000,P1,2,75,997.500000
RH,79,642.750000,P1,2,79,997.500000
RH,87,642.750000,P1,1,87,997.500000
LH,51,643.125000,P1,5,51,998.000000
RH,60,643.125000,P1,5,60,998.000000
LH,51,643.375000,P1,5,51,998.500000
RH,60,643.375000,P1,5,60,998.500000
LH,51,643.750000,P1,5,51,999.000000
RH,60,643.750000,P1,5,60,999.000000
RH,77,643.750000,P1,2,77,999.000000
RH,80,643.750000,P1,2,80,999.000000
RH,87,643.750000,P1,1,87,999.000000
LH,49,644.000000,P1,5,49,999.500000
LH,58,644.000000,P1,5,58,999.500000
LH,49,644.375000,P1,5,49,1000.000000
LH,58,644.375000,P1,5,58,1000.000000
RH,79,644.666667,P1,2,79,1000.500000
RH,82,644.666667,P1,2,82,1000.500000
RH,87,644.666667,P1,1,87,1000.500000
LH,49,645.000000,P1,5,49,1001.000000
LH,58,645.000000,P1,5,58,1001.000000
LH,49,645.333333,P1,5,49,1001.500000
LH,58,645.333333,P1,5,58,1001.500000
LH,58,645.625000,P1,5,58,1002.000000
RH,80,645.625000,P1,2,80,1002.000000
RH,84,645.625000,P1,2,84,1002.000000
RH,87,645.625000,P1,1,87,1002.000000
LH,48,645.875000,P1,5,48,1002.500000
LH,56,645.875000,P1,5,56,1002.500000
LH,48,646.250000,P1,5,48,1003.000000
LH,56,646.250000,P1,5,56,1003.000000
RH,75,646.625000,P1,1,75,1003.500000
RH,87,646.625000,P1,1,87,1003.500000
LH,46,646.875000,P1,5,46,1004.000000
LH,55,646.875000,P1,5,55,1004.000000
LH,46,647.125000,P1,5,46,1004.500000
LH,55,647.125000,P1,5,55,1004.500000
LH,46,647.500000,P1,5,46,1005.000000
LH,55,647.500000,P1,5,55,1005.000000
RH,63,647.500000,P1,1,63,1005.000000
RH,75,647.500000,P1,1,75,1005.000000
LH,44,647.750000,P1,5,44,1005.500000
LH,53,647.750000,P1,5,53,1005.500000
LH,44,648.125000,P1,5,44,1006.000000
LH,53,648.125000,P1,5,53,1006.000000
RH,70,648.500000,P1,1,70,1006.500000
RH,82,648.500000,P1,1,82,1006.500000
LH,43,648.750000,P1,5,43,1007.000000
LH,51,648.750000,P1,5,51,1007.000000
LH,43,649.125000,P1,5,43,1007.500000
LH,51,649.125000,P1,5,51,1007.500000
LH,43,649.375000,P1,5,43,1008.000000
LH,51,649.375000,P1,5,51,1008.000000
LH,58,649.375000,P1,1,58,1008.000000
RH,70,649.375000,P1,1,70,1008.000000
LH,41,649.750000,P1,5,41,1008.500000
LH,50,649.750000,P1,5,50,1008.500000
LH,41,650.000000,P1,5,41,1009.000000
LH,50,650.000000,P1,5,50,1009.000000
RH,68,650.375000,P1,1,68,1009.500000
RH,80,650.375000,P1,1,80,1009.500000
LH,48,650.666667,P1,5,48,1010.000000
LH,39,651.000000,P1,5,39,1010.500000
LH,48,651.000000,P1,5,48,1010.500000
LH,56,651.250000,P1,1,56,1011.000000
LH,58,651.250000,P1,1,58,1011.000000
LH,38,651.625000,P1,5,38,1011.500000
LH,46,651.625000,P1,5,46,1011.500000
LH,38,651.875000,P1,5,38,1012.000000
LH,46,651.875000,P1,5,46,1012.000000
LH,51,652.250000,P1,1,51,1012.500000
LH,56,652.250000,P1,1,56,1012.500000
LH,58,652.250000,P1,1,58,1012.500000
RH,63,652.250000,P1,3,63,1012.500000
LH,36,652.500000,P1,5,36,1013.000000
LH,46,652.500000,P1,5,46,1013.000000
LH,36,652.875000,P1,5,36,1013.500000
LH,46,652.875000,P1,5,46,1013.500000
LH,34,653.333333,P1,6,34,1014.000000
LH,46,653.333333,P1,6,46,1014.000000
LH,50,653.333333,P1,5,50,1014.000000
LH,56,653.333333,P1,5,56,1014.000000
LH,58,653.333333,P1,5,58,1014.000000
RH,62,653.333333,P1,1,62,1014.000000
RH,68,654.000000,P1,1,68,1015.000000
RH,65,654.875000,P1,1,65,1016.500000
RH,62,655.250000,P1,1,62,1017.000000
LH,59,655.875000,P1,5,59,1018.000000
RH,68,655.875000,P1,1,68,1018.000000
RH,80,655.875000,P1,1,80,1018.000000
LH,56,656.875000,P1,5,56,1019.500000
RH,65,656.875000,P1,1,65,1019.500000
RH,77,656.875000,P1,1,77,1019.500000
LH,53,657.250000,P1,5,53,1020.000000
RH,62,657.250000,P1,1,62,1020.000000
RH,74,657.250000,P1,1,74,1020.000000
RH,68,657.875000,P1,1,68,1021.000000
RH,65,658.875000,P1,1,65,1022.500000
RH,62,659.250000,P1,1,62,1023.000000
LH,56,659.875000,P1,5,56,1024.000000
RH,71,659.875000,P1,1,71,1024.000000
RH,83,659.875000,P1,1,83,1024.000000
LH,53,661.000000,P1,5,53,1025.500000
RH,68,661.000000,P1,1,68,1025.500000
RH,80,661.000000,P1,1,80,1025.500000
LH,50,661.250000,P1,5,50,1026.000000
RH,65,661.250000,P1,1,65,1026.000000
RH,77,661.250000,P1,1,77,1026.000000
RH,71,661.875000,P1,1,71,1027.000000
RH,68,663.000000,P1,1,68,1028.500000
RH,65,663.333333,P1,1,65,1029.000000
RH,71,664.000000,P1,1,71,1030.000000
RH,68,665.125000,P1,1,68,1031.500000
RH,65,665.500000,P1,1,65,1032.000000
RH,71,666.125000,P1,1,71,1033.000000
RH,70,667.250000,P1,1,70,1034.500000
RH,69,667.625000,P1,1,69,1035.000000
RH,60,668.250000,P1,5,60,1036.000000
RH,69,668.375000,P1,1,69,1036.000000
LH,59,669.333333,P1,5,59,1037.500000
RH,68,669.333333,P1,1,68,1037.500000
LH,58,669.666667,P1,5,58,1038.000000
RH,67,669.666667,P1,1,67,1038.000000
LH,58,670.375000,P1,5,58,1039.000000
RH,67,670.375000,P1,1,67,1039.000000
RH,79,670.375000,P1,1,79,1039.000000
LH,57,671.375000,P1,5,57,1040.500000
RH,66,671.375000,P1,1,66,1040.500000
RH,78,671.375000,P1,1,78,1040.500000
LH,56,671.750000,P1,5,56,1041.000000
RH,65,671.750000,P1,1,65,1041.000000
RH,77,671.750000,P1,1,77,1041.000000
LH,55,672.500000,P1,5,55,1042.000000
RH,64,672.500000,P1,1,64,1042.000000
RH,76,672.500000,P1,1,76,1042.000000
RH,63,673.500000,P1,1,63,1043.500000
RH,69,673.500000,P1,1,69,1043.500000
RH,75,673.500000,P1,1,75,1043.500000
LH,54,673.625000,P1,5,54,1043.500000
LH,46,674.000000,P1,5,46,1044.000000
LH,53,674.000000,P1,5,53,1044.000000
RH,68,674.000000,P1,1,68,1044.000000
LH,58,676.250000,P1,5,58,1047.000000
RH,62,676.250000,P1,1,62,1047.000000
RH,74,676.250000,P1,1,74,1047.000000
LH,39,678.250000,P1,5,39,1050.000000
RH,63,678.250000,P1,1,63,1050.000000
RH,67,678.250000,P1,1,67,1050.000000
RH,75,678.250000,P1,1,75,1050.000000
LH,51,678.666667,P1,5,51,1050.500000
LH,51,679.000000,P1,5,51,1051.000000
LH,51,679.333333,P1,5,51,1051.500000
LH,51,679.625000,P1,5,51,1052.000000
LH,51,679.875000,P1,5,51,1052.500000
LH,51,680.250000,P1,5,51,1053.000000
LH,58,680.250000,P1,1,58,1053.000000
RH,63,680.250000,P1,1,63,1053.000000
RH,67,680.250000,P1,1,67,1053.000000
LH,51,680.625000,P1,5,51,1053.500000
LH,51,681.000000,P1,5,51,1054.000000
LH,51,681.250000,P1,5,51,1054.500000
LH,51,681.625000,P1,5,51,1055.000000
LH,51,681.875000,P1,5,51,1055.500000
LH,39,682.250000,P1,5,39,1056.000000
LH,55,682.250000,P1,1,55,1056.000000
LH,58,682.250000,P1,1,58,1056.000000
RH,63,682.250000,P1,1,63,1056.000000
LH,51,682.500000,P1,5,51,1056.500000
LH,51,682.875000,P1,5,51,1057.000000
LH,51,683.250000,P1,5,51,1057.500000
LH,51,683.500000,P1,5,51,1058.000000
LH,51,683.750000,P1,5,51,1058.500000
LH,51,684.125000,P1,5,51,1059.000000
LH,58,684.125000,P1,1,58,1059.000000
RH,63,684.125000,P1,1,63,1059.000000
RH,67,684.125000,P1,1,67,1059.000000
RH,70,684.125000,P1,1,70,1059.000000
LH,51,684.375000,P1,5,51,1059.500000
LH,51,684.750000,P1,5,51,1060.000000
LH,51,685.125000,P1,5,51,1060.500000
LH,51,685.375000,P1,5,51,1061.000000
LH,51,685.750000,P1,5,51,1061.500000
LH,39,686.000000,P1,5,39,1062.000000
RH,67,686.000000,P1,1,67,1062.000000
LH,55,686.125000,P1,1,55,1062.000000
LH,58,686.125000,P1,1,58,1062.000000
RH,63,686.125000,P1,1,63,1062.000000
LH,51,686.250000,P1,5,51,1062.250000
LH,50,686.375000,P1,5,50,1062.500000
LH,51,686.625000,P1,5,51,1062.750000
LH,50,686.875000,P1,5,50,1063.500000
RH,63,687.000000,P1,1,63,1063.500000
RH,67,687.000000,P1,1,67,1063.500000
RH,70,687.000000,P1,1,70,1063.500000
RH,75,687.000000,P1,1,75,1063.500000
LH,51,687.125000,P1,5,51,1063.750000
LH,50,687.333333,P1,5,50,1064.000000
LH,51,687.500000,P1,5,51,1064.250000
LH,39,688.000000,P1,5,39,1065.000000
LH,58,688.000000,P1,1,58,1065.000000
RH,63,688.000000,P1,1,63,1065.000000
RH,67,688.000000,P1,1,67,1065.000000
RH,70,688.000000,P1,1,70,1065.000000
LH,51,688.250000,P1,5,51,1065.250000
LH,50,688.500000,P1,5,50,1066.000000
LH,51,688.750000,P1,5,51,1066.250000
LH,50,688.875000,P1,5,50,1066.500000
RH,67,688.875000,P1,1,67,1066.500000
RH,70,688.875000,P1,1,70,1066.500000
RH,75,688.875000,P1,1,75,1066.500000
RH,79,688.875000,P1,1,79,1066.500000
LH,51,689.125000,P1,5,51,1066.750000
LH,50,689.333333,P1,5,50,1067.000000
LH,51,689.666667,P1,5,51,1067.750000
LH,39,689.875000,P1,5,39,1068.000000
RH,63,689.875000,P1,1,63,1068.000000
RH,67,689.875000,P1,1,67,1068.000000
RH,70,689.875000,P1,1,70,1068.000000
RH,75,689.875000,P1,1,75,1068.000000
LH,51,690.000000,P1,5,51,1068.250000
LH,50,690.333333,P1,5,50,1068.500000
LH,51,690.625000,P1,5,51,1069.250000
LH,50,690.750000,P1,5,50,1069.500000
RH,70,690.750000,P1,1,70,1069.500000
RH,75,690.750000,P1,1,75,1069.500000
RH,79,690.750000,P1,1,79,1069.500000
RH,82,690.750000,P1,1,82,1069.500000
LH,51,691.000000,P1,5,51,1069.750000
LH,50,691.250000,P1,5,50,1070.000000
LH,51,691.625000,P1,5,51,1070.750000
LH,46,691.666667,P1,5,46,1071.000000
RH,67,691.666667,P1,1,67,1071.000000
RH,70,691.666667,P1,1,70,1071.000000
RH,75,691.666667,P1,1,75,1071.000000
RH,79,691.666667,P1,1,79,1071.000000
LH,51,692.000000,P1,5,51,1071.250000
LH,43,692.625000,P1,5,43,1072.500000
RH,75,692.625000,P1,1,75,1072.500000
RH,79,692.625000,P1,1,79,1072.500000
RH,82,692.625000,P1,1,82,1072.500000
RH,87,692.625000,P1,1,87,1072.500000
LH,51,693.125000,P1,5,51,1073.250000
LH,39,693.625000,P1,5,39,1074.000000
LH,51,693.625000,P1,5,51,1073.750000
LH,55,693.625000,P1,1,55,1074.000000
LH,58,693.625000,P1,1,58,1074.000000
RH,63,693.625000,P1,1,63,1074.000000
LH,34,694.500000,P1,5,34,1075.500000
LH,46,694.500000,P1,5,46,1075.500000
LH,53,694.500000,P1,1,53,1075.500000
LH,56,694.500000,P1,1,56,1075.500000
LH,58,694.500000,P1,1,58,1075.500000
RH,62,694.500000,P1,1,62,1075.500000
LH,39,695.500000,P1,5,39,1077.000000
LH,51,695.500000,P1,5,51,1077.000000
LH,55,695.500000,P1,1,55,1077.000000
LH,58,695.500000,P1,1,58,1077.000000
RH,63,695.500000,P1,1,63,1077.000000
LH,34,696.500000,P1,5,34,1078.500000
LH,46,696.500000,P1,5,46,1078.500000
RH,74,696.500000,P1,1,74,1078.500000
RH,77,696.500000,P1,1,77,1078.500000
RH,80,696.500000,P1,1,80,1078.500000
RH,82,696.500000,P1,1,82,1078.500000
RH,86,696.500000,P1,1,86,1078.500000
LH,39,697.666667,P1,5,39,1080.000000
LH,51,697.666667,P1,5,51,1080.000000
RH,87,697.666667,P1,1,87,1080.000000
