hand,pitch,onset_ql,reference_part,reference_voice,reference_pitch,reference_onset_ql
LH,39,3.875000,P1,3,39,0.000000
LH,43,3.875000,P1,3,43,0.000000
LH,51,3.875000,P1,1,51,0.000000
LH,55,3.875000,P1,1,55,0.000000
RH,60,10.250000,P1,1,60,1.375000
LH,50,10.500000,P1,3,50,1.500000
LH,55,10.500000,P1,1,55,1.500000
LH,59,10.500000,P1,1,59,1.500000
RH,62,10.500000,P1,1,62,1.500000
LH,48,12.333333,P1,3,48,1.875000
LH,55,12.333333,P1,1,55,1.875000
RH,60,12.333333,P1,1,60,1.875000
RH,63,12.333333,P1,1,63,1.875000
LH,54,12.750000,P1,3,54,2.000000
LH,57,12.750000,P1,1,57,2.000000
RH,60,12.750000,P1,1,60,2.000000
RH,63,12.750000,P1,1,63,2.000000
LH,59,17.250000,P1,1,59,3.000000
RH,62,17.250000,P1,1,62,3.000000
LH,55,17.333333,P1,3,55,3.000000
LH,44,21.875000,P1,3,44,3.875000
LH,59,22.333333,P1,1,59,4.000000
RH,62,22.333333,P1,1,62,4.000000
RH,65,22.333333,P1,1,65,4.000000
LH,56,22.375000,P1,3,56,4.000000
LH,59,28.375000,P1,1,59,5.375000
RH,62,28.375000,P1,1,62,5.375000
RH,65,28.375000,P1,1,65,5.375000
LH,56,28.500000,P1,3,56,5.375000
LH,55,28.875000,P1,3,55,5.500000
LH,59,28.875000,P1,1,59,5.500000
RH,62,28.875000,P1,1,62,5.500000
RH,67,28.875000,P1,1,67,5.500000
LH,53,30.666667,P1,3,53,5.875000
LH,59,30.666667,P1,1,59,5.875000
RH,62,30.666667,P1,1,62,5.875000
RH,68,30.666667,P1,1,68,5.875000
LH,59,31.125000,P1,1,59,6.000000
RH,62,31.125000,P1,1,62,6.000000
RH,68,31.125000,P1,1,68,6.000000
LH,51,31.250000,P1,3,51,6.000000
RH,60,36.000000,P1,1,60,7.000000
RH,63,36.000000,P1,1,63,7.000000
RH,67,36.000000,P1,1,67,7.000000
LH,51,40.625000,P1,3,51,7.875000
RH,66,41.125000,P1,2,66,8.000000
RH,69,41.125000,P1,2,69,8.000000
RH,72,41.125000,P1,2,72,8.000000
RH,63,41.250000,P1,4,63,8.000000
RH,63,47.125000,P1,4,63,9.375000
RH,66,47.125000,P1,2,66,9.375000
RH,69,47.125000,P1,2,69,9.375000
RH,72,47.125000,P1,2,72,9.375000
RH,62,47.500000,P1,4,62,9.500000
RH,69,47.500000,P1,2,69,9.500000
RH,74,47.500000,P1,2,74,9.500000
RH,66,47.625000,P1,2,66,9.500000
RH,60,49.333333,P1,4,60,9.875000
RH,66,49.333333,P1,2,66,9.875000
RH,75,49.333333,P1,2,75,9.875000
RH,69,49.375000,P1,2,69,9.875000
RH,75,49.750000,P1,2,75,10.000000
RH,60,49.875000,P1,4,60,10.000000
RH,66,49.875000,P1,2,66,10.000000
RH,69,49.875000,P1,2,69,10.000000
RH,74,54.125000,P1,2,74,11.000000
LH,59,54.250000,P1,4,59,11.000000
RH,62,54.250000,P1,2,62,11.000000
RH,67,54.250000,P1,2,67,11.000000
RH,62,56.666667,P1,4,62,11.500000
RH,66,56.666667,P1,2,66,11.500000
RH,69,56.666667,P1,2,69,11.500000
RH,74,56.666667,P1,2,74,11.500000
RH,60,58.250000,P1,4,60,11.875000
RH,75,58.250000,P1,2,75,11.875000
RH,66,58.333333,P1,2,66,11.875000
RH,69,58.333333,P1,2,69,11.875000
RH,60,59.000000,P1,3,60,12.000000
RH,66,59.000000,P1,1,66,12.000000
RH,69,59.000000,P1,1,69,12.000000
RH,75,59.000000,P1,1,75,12.000000
LH,59,63.375000,P1,3,59,13.000000
RH,62,63.375000,P1,1,62,13.000000
RH,67,63.375000,P1,1,67,13.000000
RH,74,63.375000,P1,1,74,13.000000
RH,64,65.500000,P1,3,64,13.500000
RH,67,65.500000,P1,1,67,13.500000
RH,72,65.500000,P1,1,72,13.500000
RH,76,65.500000,P1,1,76,13.500000
LH,58,65.625000,P1,3,58,13.500000
RH,60,65.625000,P1,3,60,13.500000
LH,56,67.750000,P1,3,56,14.000000
RH,60,67.750000,P1,3,60,14.000000
RH,65,67.750000,P1,3,65,14.000000
RH,68,67.750000,P1,1,68,14.000000
RH,72,67.750000,P1,1,72,14.000000
RH,77,67.750000,P1,1,77,14.000000
RH,80,70.125000,P1,1,80,14.500000
LH,34,72.500000,P1,3,34,15.000000
LH,46,72.500000,P1,3,46,15.000000
RH,80,75.000000,P1,1,80,15.312500
RH,79,75.250000,P1,1,79,15.375000
RH,77,75.375000,P1,1,77,15.437500
RH,68,78.125000,P1,1,68,15.750000
RH,65,78.375000,P1,1,65,15.819336
RH,62,78.875000,P1,1,62,15.861328
RH,63,79.625000,P1,1,63,16.000000
LH,39,79.666667,P1,3,39,16.000000
LH,51,79.666667,P1,3,51,16.000000
LH,51,83.750000,P1,3,51,16.750000
LH,55,83.750000,P1,3,55,16.750000
LH,58,83.750000,P1,3,58,16.750000
LH,51,84.875000,P1,3,51,17.000000
LH,55,84.875000,P1,3,55,17.000000
LH,58,84.875000,P1,3,58,17.000000
LH,51,86.000000,P1,3,51,17.250000
LH,55,86.000000,P1,3,55,17.250000
LH,58,86.000000,P1,3,58,17.250000
RH,63,86.500000,P1,1,63,17.375000
RH,75,86.500000,P1,1,75,17.375000
LH,51,87.125000,P1,3,51,17.500000
LH,55,87.125000,P1,3,55,17.500000
LH,58,87.125000,P1,3,58,17.500000
RH,65,87.125000,P1,1,65,17.500000
RH,77,87.125000,P1,1,77,17.500000
LH,55,88.250000,P1,3,55,17.750000
LH,58,88.250000,P1,3,58,17.750000
LH,51,88.333333,P1,3,51,17.750000
RH,67,88.750000,P1,1,67,17.875000
LH,51,89.500000,P1,3,51,18.000000
RH,60,89.500000,P1,3,60,18.000000
RH,79,89.500000,P1,1,79,18.000000
LH,56,89.625000,P1,3,56,18.000000
RH,67,89.625000,P1,1,67,18.000000
LH,51,90.666667,P1,3,51,18.250000
LH,56,90.666667,P1,3,56,18.250000
RH,60,90.666667,P1,3,60,18.250000
LH,51,91.875000,P1,3,51,18.500000
LH,56,91.875000,P1,3,56,18.500000
RH,60,91.875000,P1,3,60,18.500000
RH,65,91.875000,P1,1,65,18.500000
RH,77,91.875000,P1,1,77,18.500000
LH,51,92.875000,P1,3,51,18.750000
LH,56,92.875000,P1,3,56,18.750000
RH,60,92.875000,P1,3,60,18.750000
RH,65,93.500000,P1,1,65,18.875000
LH,38,94.000000,P1,3,38,19.000000
LH,50,94.000000,P1,3,50,19.000000
LH,53,94.000000,P1,1,53,19.000000
LH,56,94.000000,P1,1,56,19.000000
LH,59,94.000000,P1,1,59,19.000000
RH,65,94.000000,P1,1,65,19.000000
LH,38,95.000000,P1,3,38,19.250000
LH,50,95.000000,P1,3,50,19.250000
LH,53,95.625000,P1,1,53,19.375000
LH,56,95.625000,P1,1,56,19.375000
LH,59,95.625000,P1,1,59,19.375000
RH,65,95.625000,P1,1,65,19.375000
LH,36,96.125000,P1,3,36,19.500000
LH,48,96.125000,P1,3,48,19.500000
LH,53,96.125000,P1,1,53,19.500000
LH,56,96.125000,P1,1,56,19.500000
RH,60,96.125000,P1,1,60,19.500000
RH,65,96.125000,P1,1,65,19.500000
LH,36,97.125000,P1,3,36,19.750000
LH,48,97.125000,P1,3,48,19.750000
LH,53,97.625000,P1,1,53,19.875000
LH,56,97.625000,P1,1,56,19.875000
RH,60,97.625000,P1,1,60,19.875000
RH,65,97.625000,P1,1,65,19.875000
LH,35,98.250000,P1,3,35,20.000000
LH,47,98.250000,P1,3,47,20.000000
LH,53,98.250000,P1,1,53,20.000000
LH,56,98.250000,P1,1,56,20.000000
RH,62,98.250000,P1,1,62,20.000000
RH,65,98.250000,P1,1,65,20.000000
LH,56,100.875000,P1,3,56,20.500000
RH,77,100.875000,P1,1,77,20.500000
LH,47,101.000000,P1,3,47,20.500000
LH,50,101.000000,P1,3,50,20.500000
LH,53,101.000000,P1,3,53,20.500000
RH,65,101.000000,P1,1,65,20.500000
LH,47,102.125000,P1,3,47,20.750000
LH,56,102.125000,P1,3,56,20.750000
LH,46,103.375000,P1,3,46,21.000000
LH,50,103.375000,P1,3,50,21.000000
LH,53,103.375000,P1,3,53,21.000000
LH,56,103.375000,P1,3,56,21.000000
LH,46,104.625000,P1,3,46,21.250000
LH,50,104.625000,P1,3,50,21.250000
LH,53,104.625000,P1,3,53,21.250000
LH,56,104.625000,P1,3,56,21.250000
RH,65,105.125000,P1,1,65,21.375000
RH,77,105.125000,P1,1,77,21.375000
LH,56,105.666667,P1,3,56,21.500000
RH,79,105.666667,P1,1,79,21.500000
LH,46,105.750000,P1,3,46,21.500000
LH,50,105.750000,P1,3,50,21.500000
LH,53,105.750000,P1,3,53,21.500000
RH,67,105.750000,P1,1,67,21.500000
LH,46,106.875000,P1,3,46,21.750000
LH,50,106.875000,P1,3,50,21.750000
LH,53,106.875000,P1,3,53,21.750000
LH,56,106.875000,P1,3,56,21.750000
RH,68,107.250000,P1,1,68,21.875000
RH,80,107.250000,P1,1,80,21.875000
LH,46,108.000000,P1,3,46,22.000000
LH,49,108.000000,P1,3,49,22.000000
LH,52,108.000000,P1,3,52,22.000000
LH,55,108.000000,P1,3,55,22.000000
RH,68,108.000000,P1,1,68,22.000000
RH,80,108.000000,P1,1,80,22.000000
LH,46,109.250000,P1,3,46,22.250000
LH,49,109.250000,P1,3,49,22.250000
LH,52,109.250000,P1,3,52,22.250000
LH,55,109.250000,P1,3,55,22.250000
LH,46,110.333333,P1,3,46,22.500000
LH,55,110.333333,P1,3,55,22.500000
RH,67,110.333333,P1,1,67,22.500000
RH,79,110.333333,P1,1,79,22.500000
LH,49,110.375000,P1,3,49,22.500000
LH,52,110.375000,P1,3,52,22.500000
LH,46,111.500000,P1,3,46,22.750000
LH,49,111.500000,P1,3,49,22.750000
LH,52,111.500000,P1,3,52,22.750000
LH,55,111.500000,P1,3,55,22.750000
LH,55,112.000000,P1,1,55,22.875000
RH,61,112.000000,P1,1,61,22.875000
RH,64,112.000000,P1,1,64,22.875000
RH,67,112.000000,P1,1,67,22.875000
LH,33,112.500000,P1,3,33,23.000000
LH,45,112.500000,P1,3,45,23.000000
LH,57,112.500000,P1,1,57,23.000000
RH,61,112.500000,P1,1,61,23.000000
RH,64,112.500000,P1,1,64,23.000000
RH,69,112.500000,P1,1,69,23.000000
LH,33,113.500000,P1,3,33,23.250000
LH,45,113.500000,P1,3,45,23.250000
LH,57,114.000000,P1,1,57,23.375000
RH,61,114.000000,P1,1,61,23.375000
RH,64,114.000000,P1,1,64,23.375000
RH,69,114.000000,P1,1,69,23.375000
LH,31,114.625000,P1,3,31,23.500000
LH,43,114.625000,P1,3,43,23.500000
LH,58,114.625000,P1,1,58,23.500000
RH,61,114.625000,P1,1,61,23.500000
RH,64,114.625000,P1,1,64,23.500000
RH,70,114.625000,P1,1,70,23.500000
LH,31,115.625000,P1,3,31,23.750000
LH,43,115.625000,P1,3,43,23.750000
LH,58,116.125000,P1,1,58,23.875000
RH,61,116.125000,P1,1,61,23.875000
RH,64,116.125000,P1,1,64,23.875000
RH,70,116.125000,P1,1,70,23.875000
LH,30,116.750000,P1,3,30,24.000000
LH,42,116.750000,P1,3,42,24.000000
LH,57,116.750000,P1,1,57,24.000000
RH,62,116.750000,P1,1,62,24.000000
RH,66,116.750000,P1,1,66,24.000000
RH,69,116.750000,P1,1,69,24.000000
LH,54,120.625000,P1,3,54,24.750000
RH,62,120.625000,P1,3,62,24.750000
LH,54,121.666667,P1,3,54,25.000000
LH,57,121.666667,P1,3,57,25.000000
RH,62,121.666667,P1,3,62,25.000000
LH,54,122.750000,P1,3,54,25.250000
LH,57,122.750000,P1,3,57,25.250000
RH,62,122.750000,P1,3,62,25.250000
RH,81,123.250000,P1,1,81,25.375000
LH,54,123.875000,P1,3,54,25.500000
LH,57,123.875000,P1,3,57,25.500000
RH,62,123.875000,P1,3,62,25.500000
RH,71,123.875000,P1,1,71,25.500000
RH,83,123.875000,P1,1,83,25.500000
LH,54,125.000000,P1,3,54,25.750000
LH,57,125.000000,P1,3,57,25.750000
RH,62,125.000000,P1,3,62,25.750000
RH,72,125.500000,P1,1,72,25.875000
RH,84,125.500000,P1,1,84,25.875000
LH,53,126.125000,P1,3,53,26.000000
LH,56,126.125000,P1,3,56,26.000000
RH,62,126.125000,P1,3,62,26.000000
RH,72,126.125000,P1,1,72,26.000000
RH,84,126.125000,P1,1,84,26.000000
LH,53,127.250000,P1,3,53,26.250000
LH,56,127.250000,P1,3,56,26.250000
RH,62,127.250000,P1,3,62,26.250000
LH,56,128.333333,P1,3,56,26.500000
RH,62,128.333333,P1,3,62,26.500000
RH,71,128.333333,P1,1,71,26.500000
RH,83,128.333333,P1,1,83,26.500000
LH,53,128.375000,P1,3,53,26.500000
LH,53,129.375000,P1,3,53,26.750000
RH,62,129.375000,P1,3,62,26.750000
LH,56,129.500000,P1,3,56,26.750000
LH,50,130.625000,P1,3,50,27.000000
LH,53,130.625000,P1,3,53,27.000000
LH,59,130.625000,P1,3,59,27.000000
LH,50,131.666667,P1,3,50,27.250000
LH,53,131.666667,P1,3,53,27.250000
LH,59,131.666667,P1,3,59,27.250000
LH,50,132.750000,P1,3,50,27.500000
LH,59,132.750000,P1,3,59,27.500000
RH,71,132.750000,P1,1,71,27.500000
RH,83,132.750000,P1,1,83,27.500000
LH,53,132.875000,P1,3,53,27.500000
LH,53,133.750000,P1,3,53,27.750000
RH,72,134.375000,P1,1,72,27.875000
LH,47,135.125000,P1,3,47,28.000000
LH,50,135.125000,P1,3,50,28.000000
LH,56,135.125000,P1,3,56,28.000000
RH,73,135.125000,P1,1,73,28.000000
RH,85,135.125000,P1,1,85,28.000000
LH,47,136.250000,P1,3,47,28.250000
LH,50,136.250000,P1,3,50,28.250000
LH,56,136.250000,P1,3,56,28.250000
LH,50,137.333333,P1,3,50,28.500000
RH,74,137.333333,P1,1,74,28.500000
RH,86,137.333333,P1,1,86,28.500000
LH,47,137.375000,P1,3,47,28.500000
LH,56,137.375000,P1,3,56,28.500000
LH,47,138.375000,P1,3,47,28.750000
LH,50,138.375000,P1,3,50,28.750000
LH,56,138.375000,P1,3,56,28.750000
LH,44,139.500000,P1,3,44,29.000000
LH,47,139.500000,P1,3,47,29.000000
LH,53,139.500000,P1,3,53,29.000000
LH,44,140.500000,P1,3,44,29.250000
LH,47,140.500000,P1,3,47,29.250000
LH,53,140.500000,P1,3,53,29.250000
LH,44,141.625000,P1,3,44,29.500000
LH,47,141.625000,P1,3,47,29.500000
LH,53,141.625000,P1,3,53,29.500000
RH,74,141.625000,P1,1,74,29.500000
RH,86,141.625000,P1,1,86,29.500000
LH,44,142.750000,P1,3,44,29.750000
LH,47,142.750000,P1,3,47,29.750000
LH,53,142.750000,P1,3,53,29.750000
RH,75,143.250000,P1,1,75,29.875000
RH,87,143.250000,P1,1,87,29.875000
LH,43,143.875000,P1,3,43,30.000000
LH,47,143.875000,P1,3,47,30.000000
LH,53,143.875000,P1,3,53,30.000000
RH,76,143.875000,P1,1,76,30.000000
RH,88,143.875000,P1,1,88,30.000000
LH,43,145.000000,P1,3,43,30.250000
LH,47,145.000000,P1,3,47,30.250000
LH,53,145.000000,P1,3,53,30.250000
LH,43,146.125000,P1,3,43,30.500000
LH,47,146.125000,P1,3,47,30.500000
LH,53,146.125000,P1,3,53,30.500000
RH,77,146.125000,P1,1,77,30.500000
RH,89,146.125000,P1,1,89,30.500000
LH,43,147.125000,P1,3,43,30.750000
LH,47,147.125000,P1,3,47,30.750000
LH,53,147.125000,P1,3,53,30.750000
LH,44,148.333333,P1,3,44,31.000000
LH,48,148.333333,P1,3,48,31.000000
LH,53,148.333333,P1,3,53,31.000000
RH,77,154.000000,P1,1,77,32.000000
RH,89,154.000000,P1,1,89,32.000000
LH,43,154.125000,P1,3,43,32.000000
LH,47,154.125000,P1,3,47,32.000000
LH,53,154.125000,P1,3,53,32.000000
RH,87,159.250000,P1,1,87,32.812500
RH,86,159.500000,P1,1,86,32.875000
RH,84,159.750000,P1,1,84,32.937500
RH,83,160.125000,P1,1,83,33.000000
RH,83,161.375000,P1,1,83,33.250000
RH,68,165.875000,P1,3,68,34.000000
RH,75,165.875000,P1,1,75,34.000000
RH,84,165.875000,P1,1,84,34.000000
RH,72,166.000000,P1,3,72,34.000000
RH,84,174.333333,P1,1,84,36.000000
RH,84,179.000000,P1,1,84,36.791992
RH,82,179.250000,P1,1,82,36.833008
RH,80,179.500000,P1,1,80,36.875000
RH,79,179.666667,P1,1,79,36.916992
RH,82,180.000000,P1,1,82,36.958008
RH,80,180.375000,P1,1,80,37.000000
RH,80,181.666667,P1,1,80,37.250000
RH,79,186.000000,P1,1,79,38.000000
LH,55,186.125000,P1,3,55,38.000000
RH,60,186.125000,P1,3,60,38.000000
RH,63,186.125000,P1,3,63,38.000000
RH,87,187.875000,P1,1,87,38.250000
RH,77,192.625000,P1,1,77,38.892578
RH,76,192.750000,P1,1,76,38.928711
RH,75,193.000000,P1,1,75,38.963867
LH,43,193.125000,P1,3,43,39.000000
LH,50,193.125000,P1,3,50,39.000000
LH,53,193.125000,P1,3,53,39.000000
RH,74,193.125000,P1,1,74,39.000000
RH,73,193.333333,P1,1,73,39.031250
RH,72,193.500000,P1,1,72,39.062500
RH,71,193.625000,P1,1,71,39.093750
RH,70,193.750000,P1,1,70,39.125000
RH,69,194.000000,P1,1,69,39.156250
RH,68,194.125000,P1,1,68,39.187500
LH,59,198.875000,P1,1,59,39.875000
LH,36,199.750000,P1,3,36,40.000000
RH,60,199.750000,P1,1,60,40.000000
LH,48,200.000000,P1,3,48,40.500000
LH,36,200.125000,P1,3,36,41.000000
LH,48,200.333333,P1,3,48,41.500000
LH,36,200.500000,P1,3,36,42.000000
LH,48,200.666667,P1,3,48,42.500000
LH,36,200.750000,P1,3,36,43.000000
LH,58,200.750000,P1,1,58,43.000000
RH,64,200.750000,P1,1,64,43.000000
LH,48,201.000000,P1,3,48,43.500000
LH,36,201.125000,P1,3,36,44.000000
LH,56,201.125000,P1,1,56,44.000000
RH,65,201.125000,P1,1,65,44.000000
LH,48,201.333333,P1,3,48,44.500000
LH,36,201.500000,P1,3,36,45.000000
RH,64,201.500000,P1,1,64,45.000000
RH,67,201.500000,P1,1,67,45.000000
LH,48,201.666667,P1,3,48,45.500000
LH,36,201.750000,P1,3,36,46.000000
RH,65,201.750000,P1,1,65,46.000000
RH,68,201.750000,P1,1,68,46.000000
LH,48,202.000000,P1,3,48,46.500000
LH,36,202.125000,P1,3,36,47.000000
RH,62,202.125000,P1,1,62,47.000000
RH,71,202.125000,P1,1,71,47.000000
LH,48,202.333333,P1,3,48,47.500000
LH,36,202.500000,P1,3,36,48.000000
RH,63,202.500000,P1,1,63,48.000000
RH,72,202.500000,P1,1,72,48.000000
LH,48,202.750000,P1,3,48,48.500000
LH,36,202.875000,P1,3,36,49.000000
RH,64,202.875000,P1,1,64,49.000000
RH,72,202.875000,P1,1,72,49.000000
LH,48,203.125000,P1,3,48,49.500000
LH,36,203.250000,P1,3,36,50.000000
LH,48,203.375000,P1,3,48,50.500000
RH,70,203.500000,P1,1,70,51.000000
RH,76,203.500000,P1,1,76,51.000000
LH,36,203.625000,P1,3,36,51.000000
LH,48,203.750000,P1,3,48,51.500000
LH,36,203.875000,P1,3,36,52.000000
RH,68,203.875000,P1,1,68,52.000000
RH,77,203.875000,P1,1,77,52.000000
LH,48,204.000000,P1,3,48,52.500000
LH,36,204.250000,P1,3,36,53.000000
RH,76,204.250000,P1,1,76,53.000000
RH,79,204.250000,P1,1,79,53.000000
LH,48,204.375000,P1,3,48,53.500000
LH,36,204.500000,P1,3,36,54.000000
RH,77,204.500000,P1,1,77,54.000000
RH,80,204.500000,P1,1,80,54.000000
LH,48,204.750000,P1,3,48,54.500000
LH,36,204.875000,P1,3,36,55.000000
RH,74,204.875000,P1,1,74,55.000000
RH,83,204.875000,P1,1,83,55.000000
LH,48,205.125000,P1,3,48,55.500000
LH,36,205.250000,P1,3,36,56.000000
RH,72,205.250000,P1,1,72,56.000000
RH,75,205.250000,P1,1,75,56.000000
RH,79,205.250000,P1,1,79,56.000000
RH,84,205.250000,P1,1,84,56.000000
LH,48,205.500000,P1,3,48,56.500000
LH,36,205.625000,P1,3,36,57.000000
LH,48,205.750000,P1,3,48,57.500000
LH,38,205.875000,P1,3,38,58.000000
RH,67,205.875000,P1,1,67,58.000000
RH,71,205.875000,P1,1,71,58.000000
RH,77,205.875000,P1,1,77,58.000000
RH,79,205.875000,P1,1,79,58.000000
LH,50,206.125000,P1,3,50,58.500000
LH,38,206.250000,P1,3,38,59.000000
LH,50,206.375000,P1,3,50,59.500000
LH,39,206.625000,P1,3,39,60.000000
RH,67,206.625000,P1,1,67,60.000000
RH,72,206.625000,P1,1,72,60.000000
RH,75,206.625000,P1,1,75,60.000000
LH,51,206.875000,P1,3,51,60.500000
LH,39,207.000000,P1,3,39,61.000000
LH,51,207.125000,P1,3,51,61.500000
LH,41,207.333333,P1,3,41,62.000000
RH,65,207.333333,P1,1,65,62.000000
RH,68,207.333333,P1,1,68,62.000000
RH,74,207.333333,P1,1,74,62.000000
LH,53,207.500000,P1,3,53,62.500000
LH,41,207.625000,P1,3,41,63.000000
LH,53,207.750000,P1,3,53,63.500000
LH,43,208.000000,P1,3,43,64.000000
RH,63,208.000000,P1,1,63,64.000000
RH,67,208.000000,P1,2,67,64.000000
RH,72,208.000000,P1,1,72,64.000000
LH,55,208.250000,P1,3,55,64.500000
LH,43,208.375000,P1,3,43,65.000000
LH,55,208.500000,P1,3,55,65.500000
LH,44,208.666667,P1,3,44,66.000000
RH,66,208.666667,P1,2,66,66.000000
LH,56,208.875000,P1,3,56,66.500000
LH,44,209.000000,P1,3,44,67.000000
LH,56,209.250000,P1,3,56,67.500000
LH,42,209.375000,P1,3,42,68.000000
RH,69,209.375000,P1,2,69,68.000000
LH,54,209.625000,P1,3,54,68.500000
LH,42,209.750000,P1,3,42,69.000000
LH,54,210.000000,P1,3,54,69.500000
LH,43,210.125000,P1,3,43,70.000000
RH,62,210.125000,P1,1,62,70.000000
RH,65,210.125000,P1,1,65,70.000000
RH,71,210.125000,P1,1,71,70.000000
LH,55,210.333333,P1,3,55,70.500000
LH,43,210.500000,P1,3,43,71.000000
LH,55,210.625000,P1,3,55,71.500000
LH,36,210.875000,P1,3,36,72.000000
RH,60,210.875000,P1,1,60,72.000000
RH,63,210.875000,P1,1,63,72.000000
RH,72,210.875000,P1,1,72,72.000000
LH,48,211.125000,P1,3,48,72.500000
LH,36,211.250000,P1,3,36,73.000000
RH,60,211.250000,P1,1,60,73.000000
LH,48,211.500000,P1,3,48,73.500000
LH,36,211.625000,P1,3,36,74.000000
LH,48,211.875000,P1,3,48,74.500000
LH,36,212.000000,P1,3,36,75.000000
LH,58,212.000000,P1,1,58,75.000000
RH,64,212.000000,P1,1,64,75.000000
LH,48,212.250000,P1,3,48,75.500000
LH,36,212.333333,P1,3,36,76.000000
RH,65,212.333333,P1,1,65,76.000000
LH,56,212.375000,P1,1,56,76.000000
LH,48,212.500000,P1,3,48,76.500000
LH,36,212.666667,P1,3,36,77.000000
RH,64,212.666667,P1,1,64,77.000000
RH,67,212.666667,P1,1,67,77.000000
LH,48,212.875000,P1,3,48,77.500000
LH,36,213.000000,P1,3,36,78.000000
RH,65,213.000000,P1,1,65,78.000000
RH,68,213.000000,P1,1,68,78.000000
LH,48,213.250000,P1,3,48,78.500000
LH,36,213.375000,P1,3,36,79.000000
RH,62,213.375000,P1,1,62,79.000000
RH,71,213.375000,P1,1,71,79.000000
LH,48,213.625000,P1,3,48,79.500000
LH,36,213.750000,P1,3,36,80.000000
RH,63,213.750000,P1,1,63,80.000000
RH,72,213.750000,P1,1,72,80.000000
LH,48,214.000000,P1,3,48,80.500000
LH,36,214.125000,P1,3,36,81.000000
RH,64,214.125000,P1,1,64,81.000000
RH,72,214.125000,P1,1,72,81.000000
LH,48,214.375000,P1,3,48,81.500000
LH,36,214.500000,P1,3,36,82.000000
LH,48,214.666667,P1,3,48,82.500000
LH,36,214.750000,P1,3,36,83.000000
RH,70,214.750000,P1,1,70,83.000000
RH,76,214.750000,P1,1,76,83.000000
LH,48,215.000000,P1,3,48,83.500000
LH,36,215.125000,P1,3,36,84.000000
RH,68,215.125000,P1,1,68,84.000000
RH,77,215.125000,P1,1,77,84.000000
LH,48,215.375000,P1,3,48,84.500000
LH,36,215.500000,P1,3,36,85.000000
RH,76,215.500000,P1,1,76,85.000000
RH,79,215.500000,P1,1,79,85.000000
LH,48,215.666667,P1,3,48,85.500000
LH,36,215.875000,P1,3,36,86.000000
RH,77,215.875000,P1,1,77,86.000000
RH,80,215.875000,P1,1,80,86.000000
LH,48,216.000000,P1,3,48,86.500000
LH,36,216.125000,P1,3,36,87.000000
RH,74,216.125000,P1,1,74,87.000000
RH,83,216.125000,P1,1,83,87.000000
LH,48,216.375000,P1,3,48,87.500000
LH,36,216.500000,P1,3,36,88.000000
RH,72,216.500000,P1,1,72,88.000000
RH,75,216.500000,P1,1,75,88.000000
RH,79,216.500000,P1,1,79,88.000000
RH,84,216.500000,P1,1,84,88.000000
LH,48,216.750000,P1,3,48,88.500000
LH,36,217.000000,P1,3,36,89.000000
LH,48,217.125000,P1,3,48,89.500000
LH,38,217.333333,P1,3,38,90.000000
RH,67,217.333333,P1,1,67,90.000000
RH,77,217.333333,P1,1,77,90.000000
RH,79,217.333333,P1,1,79,90.000000
RH,71,217.375000,P1,1,71,90.000000
LH,50,217.500000,P1,3,50,90.500000
LH,38,217.666667,P1,3,38,91.000000
LH,50,217.875000,P1,3,50,91.500000
LH,39,218.000000,P1,3,39,92.000000
RH,67,218.000000,P1,1,67,92.000000
RH,72,218.000000,P1,1,72,92.000000
RH,75,218.000000,P1,1,75,92.000000
LH,51,218.125000,P1,3,51,92.500000
LH,39,218.333333,P1,3,39,93.000000
LH,51,218.500000,P1,3,51,93.500000
LH,41,218.666667,P1,3,41,94.000000
RH,65,218.666667,P1,1,65,94.000000
RH,68,218.666667,P1,1,68,94.000000
RH,74,218.666667,P1,1,74,94.000000
LH,53,218.875000,P1,3,53,94.500000
LH,41,219.000000,P1,3,41,95.000000
LH,53,219.125000,P1,3,53,95.500000
LH,43,219.375000,P1,3,43,96.000000
RH,63,219.375000,P1,1,63,96.000000
RH,67,219.375000,P1,2,67,96.000000
RH,72,219.375000,P1,1,72,96.000000
LH,55,219.625000,P1,3,55,96.500000
LH,43,219.750000,P1,3,43,97.000000
LH,55,219.875000,P1,3,55,97.500000
LH,44,220.125000,P1,3,44,98.000000
RH,66,220.125000,P1,2,66,98.000000
LH,56,220.250000,P1,3,56,98.500000
LH,44,220.500000,P1,3,44,99.000000
LH,56,220.666667,P1,3,56,99.500000
LH,42,220.875000,P1,3,42,100.000000
RH,69,220.875000,P1,2,69,100.000000
LH,54,221.125000,P1,3,54,100.500000
LH,42,221.250000,P1,3,42,101.000000
LH,54,221.375000,P1,3,54,101.500000
LH,42,221.625000,P1,3,42,102.000000
LH,54,221.750000,P1,3,54,102.500000
LH,42,221.875000,P1,3,42,103.000000
LH,54,222.125000,P1,3,54,103.500000
LH,43,222.333333,P1,3,43,104.000000
LH,55,222.333333,P1,3,55,104.000000
RH,62,222.333333,P1,1,62,104.000000
RH,67,222.333333,P1,1,67,104.000000
RH,71,222.333333,P1,1,71,104.000000
RH,62,222.750000,P1,3,62,105.000000
LH,59,223.125000,P1,3,59,106.000000
RH,62,223.125000,P1,3,62,106.000000
RH,67,223.125000,P1,1,67,106.000000
RH,79,223.125000,P1,1,79,106.000000
LH,59,223.500000,P1,3,59,107.000000
RH,62,223.500000,P1,3,62,107.000000
LH,55,223.875000,P1,3,55,108.000000
RH,60,224.250000,P1,3,60,109.000000
RH,63,224.250000,P1,3,63,109.000000
RH,60,224.625000,P1,3,60,110.000000
RH,63,224.625000,P1,3,63,110.000000
RH,67,224.625000,P1,1,67,110.000000
RH,79,224.625000,P1,1,79,110.000000
RH,60,224.875000,P1,3,60,111.000000
RH,63,224.875000,P1,3,63,111.000000
RH,62,225.333333,P1,3,62,112.000000
RH,65,225.333333,P1,3,65,112.000000
RH,77,225.500000,P1,1,77,112.500000
RH,74,225.666667,P1,1,74,113.000000
RH,71,225.875000,P1,1,71,113.500000
RH,67,226.125000,P1,1,67,114.000000
RH,65,226.250000,P1,1,65,114.500000
RH,62,226.375000,P1,1,62,115.000000
LH,59,226.625000,P1,1,59,115.500000
RH,60,226.750000,P1,1,60,116.000000
RH,63,226.875000,P1,1,63,116.500000
RH,60,227.125000,P1,1,60,117.000000
LH,55,227.250000,P1,1,55,117.500000
LH,32,227.375000,P1,3,32,118.000000
LH,54,227.375000,P1,1,54,118.000000
LH,44,227.625000,P1,3,44,118.500000
RH,60,227.625000,P1,1,60,118.500000
LH,32,227.750000,P1,3,32,119.000000
LH,56,227.750000,P1,1,56,119.000000
LH,44,228.000000,P1,3,44,119.500000
LH,54,228.000000,P1,1,54,119.500000
LH,31,228.125000,P1,3,31,120.000000
LH,43,228.125000,P1,3,43,120.000000
LH,55,228.125000,P1,1,55,120.000000
LH,59,228.500000,P1,3,59,121.000000
RH,62,228.500000,P1,3,62,121.000000
LH,59,228.875000,P1,3,59,122.000000
RH,62,228.875000,P1,3,62,122.000000
RH,67,228.875000,P1,1,67,122.000000
RH,79,228.875000,P1,1,79,122.000000
LH,59,229.250000,P1,3,59,123.000000
RH,62,229.250000,P1,3,62,123.000000
LH,55,229.625000,P1,3,55,124.000000
RH,60,230.000000,P1,3,60,125.000000
RH,63,230.000000,P1,3,63,125.000000
RH,60,230.375000,P1,3,60,126.000000
RH,63,230.375000,P1,3,63,126.000000
RH,67,230.375000,P1,1,67,126.000000
RH,79,230.375000,P1,1,79,126.000000
RH,60,230.750000,P1,3,60,127.000000
RH,63,230.750000,P1,3,63,127.000000
RH,62,231.125000,P1,3,62,128.000000
RH,65,231.125000,P1,3,65,128.000000
RH,77,231.333333,P1,1,77,128.500000
RH,74,231.500000,P1,1,74,129.000000
RH,71,231.625000,P1,1,71,129.500000
RH,67,231.875000,P1,1,67,130.000000
RH,65,232.000000,P1,1,65,130.500000
RH,62,232.250000,P1,1,62,131.000000
LH,59,232.375000,P1,1,59,131.500000
RH,60,232.500000,P1,1,60,132.000000
RH,63,232.750000,P1,1,63,132.500000
RH,60,232.875000,P1,1,60,133.000000
LH,55,233.125000,P1,1,55,133.500000
LH,32,233.250000,P1,3,32,134.000000
LH,54,233.250000,P1,1,54,134.000000
LH,44,233.375000,P1,3,44,134.500000
RH,60,233.375000,P1,1,60,134.500000
LH,32,233.500000,P1,3,32,135.000000
LH,56,233.500000,P1,1,56,135.000000
LH,44,233.750000,P1,3,44,135.500000
LH,54,233.750000,P1,1,54,135.500000
LH,31,233.875000,P1,3,31,136.000000
LH,55,233.875000,P1,1,55,136.000000
LH,43,234.125000,P1,3,43,136.500000
LH,31,234.333333,P1,3,31,137.000000
RH,66,234.333333,P1,1,66,137.000000
LH,43,234.500000,P1,3,43,137.500000
LH,31,234.666667,P1,3,31,138.000000
RH,67,234.666667,P1,1,67,138.000000
LH,43,234.875000,P1,3,43,138.500000
LH,31,235.000000,P1,3,31,139.000000
RH,66,235.000000,P1,1,66,139.000000
RH,72,235.000000,P1,1,72,139.000000
LH,43,235.250000,P1,3,43,139.500000
LH,31,235.333333,P1,3,31,140.000000
RH,67,235.333333,P1,1,67,140.000000
RH,71,235.333333,P1,1,71,140.000000
LH,43,235.625000,P1,3,43,140.500000
LH,31,235.666667,P1,3,31,141.000000
RH,72,235.666667,P1,1,72,141.000000
RH,78,235.666667,P1,1,78,141.000000
LH,31,236.000000,P1,3,31,142.000000
LH,43,236.000000,P1,3,43,141.500000
RH,71,236.000000,P1,1,71,142.000000
RH,79,236.000000,P1,1,79,142.000000
LH,43,236.250000,P1,3,43,142.500000
LH,31,236.375000,P1,3,31,143.000000
RH,78,236.375000,P1,1,78,143.000000
RH,84,236.375000,P1,1,84,143.000000
LH,43,236.625000,P1,3,43,143.500000
LH,31,236.750000,P1,3,31,144.000000
RH,79,236.750000,P1,1,79,144.000000
RH,83,236.750000,P1,1,83,144.000000
LH,43,237.000000,P1,3,43,144.500000
LH,31,237.125000,P1,3,31,145.000000
LH,43,237.333333,P1,3,43,145.500000
LH,31,237.500000,P1,3,31,146.000000
LH,43,237.625000,P1,3,43,146.500000
LH,31,237.750000,P1,3,31,147.000000
LH,43,238.000000,P1,3,43,147.500000
LH,31,238.125000,P1,3,31,148.000000
LH,58,238.125000,P1,1,58,148.000000
RH,61,238.125000,P1,1,61,148.000000
RH,63,238.125000,P1,1,63,148.000000
LH,43,238.375000,P1,3,43,148.500000
LH,31,238.500000,P1,3,31,149.000000
LH,43,238.666667,P1,3,43,149.500000
LH,31,238.875000,P1,3,31,150.000000
LH,43,239.000000,P1,3,43,150.500000
LH,31,239.125000,P1,3,31,151.000000
LH,43,239.375000,P1,3,43,151.500000
LH,32,239.500000,P1,3,32,152.000000
RH,60,239.500000,P1,1,60,152.000000
LH,44,239.750000,P1,3,44,152.500000
LH,32,240.000000,P1,3,32,153.000000
RH,73,240.000000,P1,1,73,153.000000
LH,44,240.125000,P1,3,44,153.500000
LH,32,240.333333,P1,3,32,154.000000
RH,72,240.333333,P1,1,72,154.000000
LH,44,240.500000,P1,3,44,154.500000
LH,32,240.666667,P1,3,32,155.000000
RH,73,240.666667,P1,1,73,155.000000
RH,79,240.666667,P1,1,79,155.000000
LH,44,240.875000,P1,3,44,155.500000
LH,32,241.000000,P1,3,32,156.000000
RH,72,241.000000,P1,1,72,156.000000
RH,80,241.000000,P1,1,80,156.000000
LH,44,241.250000,P1,3,44,156.500000
LH,32,241.333333,P1,3,32,157.000000
RH,79,241.333333,P1,1,79,157.000000
RH,85,241.333333,P1,1,85,157.000000
LH,44,241.500000,P1,3,44,157.500000
LH,32,241.666667,P1,3,32,158.000000
RH,80,241.666667,P1,1,80,158.000000
RH,84,241.666667,P1,1,84,158.000000
LH,44,241.875000,P1,3,44,158.500000
LH,32,242.000000,P1,3,32,159.000000
RH,79,242.000000,P1,1,79,159.000000
RH,85,242.000000,P1,1,85,159.000000
LH,44,242.250000,P1,3,44,159.500000
LH,32,242.333333,P1,3,32,160.000000
RH,80,242.333333,P1,1,80,160.000000
RH,84,242.333333,P1,1,84,160.000000
LH,44,242.625000,P1,3,44,160.500000
LH,32,242.750000,P1,3,32,161.000000
LH,44,243.000000,P1,3,44,161.500000
LH,32,243.125000,P1,3,32,162.000000
LH,44,243.250000,P1,3,44,162.500000
LH,32,243.500000,P1,3,32,163.000000
LH,44,243.625000,P1,3,44,163.500000
LH,33,243.750000,P1,3,33,164.000000
RH,60,243.750000,P1,1,60,164.000000
RH,63,243.750000,P1,1,63,164.000000
RH,66,243.750000,P1,1,66,164.000000
LH,45,244.000000,P1,3,45,164.500000
LH,33,244.125000,P1,3,33,165.000000
LH,45,244.333333,P1,3,45,165.500000
LH,33,244.500000,P1,3,33,166.000000
LH,45,244.666667,P1,3,45,166.500000
LH,33,244.875000,P1,3,33,167.000000
LH,45,245.000000,P1,3,45,167.500000
LH,34,245.250000,P1,3,34,168.000000
RH,62,245.250000,P1,1,62,168.000000
RH,65,245.250000,P1,1,65,168.000000
LH,46,245.375000,P1,3,46,168.500000
LH,34,245.625000,P1,3,34,169.000000
RH,69,245.625000,P1,1,69,169.000000
RH,75,245.625000,P1,1,75,169.000000
LH,46,245.750000,P1,3,46,169.500000
LH,34,245.875000,P1,3,34,170.000000
RH,70,245.875000,P1,1,70,170.000000
RH,74,245.875000,P1,1,74,170.000000
LH,46,246.125000,P1,3,46,170.500000
LH,34,246.250000,P1,3,34,171.000000
RH,75,246.250000,P1,1,75,171.000000
RH,81,246.250000,P1,1,81,171.000000
LH,46,246.500000,P1,3,46,171.500000
LH,34,246.625000,P1,3,34,172.000000
RH,74,246.625000,P1,1,74,172.000000
RH,82,246.625000,P1,1,82,172.000000
LH,46,246.875000,P1,3,46,172.500000
LH,34,247.000000,P1,3,34,173.000000
RH,81,247.000000,P1,1,81,173.000000
RH,87,247.000000,P1,1,87,173.000000
LH,46,247.250000,P1,3,46,173.500000
LH,34,247.333333,P1,3,34,174.000000
RH,82,247.333333,P1,1,82,174.000000
RH,86,247.333333,P1,1,86,174.000000
LH,46,247.500000,P1,3,46,174.500000
LH,34,247.666667,P1,3,34,175.000000
RH,81,247.666667,P1,1,81,175.000000
RH,87,247.666667,P1,1,87,175.000000
LH,46,247.875000,P1,3,46,175.500000
LH,34,248.000000,P1,3,34,176.000000
RH,82,248.000000,P1,1,82,176.000000
RH,86,248.000000,P1,1,86,176.000000
LH,46,248.250000,P1,3,46,176.500000
LH,34,248.375000,P1,3,34,177.000000
LH,46,248.625000,P1,3,46,177.500000
LH,34,248.750000,P1,3,34,178.000000
RH,75,248.750000,P1,1,75,178.000000
RH,81,248.750000,P1,1,81,178.000000
LH,46,248.875000,P1,3,46,178.500000
LH,34,249.125000,P1,3,34,179.000000
LH,46,249.250000,P1,3,46,179.500000
RH,74,249.375000,P1,1,74,180.000000
RH,82,249.375000,P1,1,82,180.000000
LH,34,249.500000,P1,3,34,180.000000
LH,46,249.666667,P1,3,46,180.500000
LH,34,249.875000,P1,3,34,181.000000
LH,46,250.000000,P1,3,46,181.500000
LH,34,250.125000,P1,3,34,182.000000
RH,69,250.125000,P1,1,69,182.000000
RH,75,250.125000,P1,1,75,182.000000
LH,46,250.375000,P1,3,46,182.500000
LH,34,250.625000,P1,3,34,183.000000
LH,46,250.750000,P1,3,46,183.500000
RH,70,250.875000,P1,1,70,184.000000
RH,74,250.875000,P1,1,74,184.000000
LH,34,251.000000,P1,3,34,184.000000
LH,46,251.125000,P1,3,46,184.500000
LH,34,251.375000,P1,3,34,185.000000
LH,46,251.500000,P1,3,46,185.500000
LH,34,251.666667,P1,3,34,186.000000
RH,63,251.666667,P1,1,63,186.000000
RH,69,251.666667,P1,1,69,186.000000
LH,46,251.875000,P1,3,46,186.500000
LH,34,252.125000,P1,3,34,187.000000
LH,46,252.250000,P1,3,46,187.500000
RH,62,252.375000,P1,1,62,188.000000
RH,70,252.375000,P1,1,70,188.000000
LH,34,252.500000,P1,3,34,188.000000
LH,46,252.666667,P1,3,46,188.500000
LH,34,252.875000,P1,3,34,189.000000
LH,46,253.000000,P1,3,46,189.500000
LH,34,253.250000,P1,3,34,190.000000
LH,57,253.250000,P1,1,57,190.000000
RH,63,253.250000,P1,1,63,190.000000
LH,46,253.500000,P1,3,46,190.500000
LH,34,253.666667,P1,3,34,191.000000
LH,46,253.875000,P1,3,46,191.500000
LH,34,254.125000,P1,3,34,192.000000
LH,46,254.125000,P1,3,46,192.000000
LH,58,254.125000,P1,1,58,192.000000
RH,62,254.125000,P1,1,62,192.000000
LH,57,254.625000,P1,1,57,193.000000
LH,58,255.125000,P1,1,58,194.000000
LH,57,255.500000,P1,1,57,195.000000
LH,58,255.875000,P1,1,58,196.000000
LH,57,256.250000,P1,1,57,197.000000
LH,58,256.625000,P1,1,58,198.000000
LH,57,257.000000,P1,1,57,199.000000
LH,58,257.500000,P1,4,58,200.000000
LH,46,258.000000,P1,1,46,201.000000
RH,63,258.000000,P1,3,63,201.000000
RH,66,258.000000,P1,3,66,201.000000
LH,51,258.333333,P1,1,51,202.000000
RH,63,258.333333,P1,3,63,202.000000
RH,66,258.333333,P1,3,66,202.000000
LH,53,258.666667,P1,1,53,203.000000
RH,63,258.666667,P1,3,63,203.000000
RH,66,258.666667,P1,3,66,203.000000
LH,54,259.125000,P1,1,54,204.000000
LH,58,259.125000,P1,4,58,204.000000
RH,63,259.500000,P1,3,63,205.000000
RH,66,259.500000,P1,3,66,205.000000
RH,70,259.500000,P1,1,70,205.000000
RH,63,259.875000,P1,3,63,206.000000
RH,66,259.875000,P1,3,66,206.000000
RH,75,259.875000,P1,1,75,206.000000
RH,63,260.250000,P1,3,63,207.000000
RH,66,260.250000,P1,3,66,207.000000
RH,77,260.250000,P1,1,77,207.000000
LH,58,260.750000,P1,4,58,208.000000
RH,63,261.125000,P1,3,63,209.000000
RH,66,261.125000,P1,3,66,209.000000
RH,63,261.500000,P1,3,63,210.000000
RH,66,261.500000,P1,3,66,210.000000
RH,63,261.875000,P1,3,63,211.000000
RH,66,261.875000,P1,3,66,211.000000
RH,75,261.875000,P1,1,75,211.000000
LH,58,262.250000,P1,4,58,212.000000
RH,63,262.666667,P1,3,63,213.000000
RH,66,262.666667,P1,3,66,213.000000
RH,63,263.000000,P1,3,63,214.000000
RH,66,263.000000,P1,3,66,214.000000
RH,63,263.375000,P1,3,63,215.000000
RH,66,263.375000,P1,3,66,215.000000
RH,75,263.375000,P1,1,75,215.000000
LH,58,263.750000,P1,4,58,216.000000
RH,74,263.750000,P1,1,74,216.000000
LH,46,264.250000,P1,1,46,217.000000
RH,65,264.250000,P1,3,65,217.000000
RH,68,264.250000,P1,3,68,217.000000
LH,53,264.500000,P1,1,53,218.000000
RH,65,264.500000,P1,3,65,218.000000
RH,68,264.500000,P1,3,68,218.000000
LH,54,264.875000,P1,1,54,219.000000
RH,65,264.875000,P1,3,65,219.000000
RH,68,264.875000,P1,3,68,219.000000
LH,56,265.250000,P1,1,56,220.000000
LH,58,265.333333,P1,4,58,220.000000
RH,65,265.625000,P1,3,65,221.000000
RH,68,265.625000,P1,3,68,221.000000
RH,70,265.625000,P1,1,70,221.000000
RH,65,266.000000,P1,3,65,222.000000
RH,68,266.000000,P1,3,68,222.000000
RH,80,266.000000,P1,1,80,222.000000
RH,65,266.375000,P1,3,65,223.000000
RH,68,266.375000,P1,3,68,223.000000
RH,78,266.375000,P1,1,78,223.000000
LH,58,266.750000,P1,4,58,224.000000
RH,80,266.875000,P1,2,80,224.250000
RH,78,267.000000,P1,2,78,224.500000
RH,65,267.125000,P1,3,65,225.000000
RH,68,267.125000,P1,3,68,225.000000
RH,77,267.125000,P1,1,77,225.000000
RH,65,267.500000,P1,3,65,226.000000
RH,68,267.500000,P1,3,68,226.000000
RH,78,267.625000,P1,2,78,226.250000
RH,65,267.750000,P1,3,65,227.000000
RH,68,267.750000,P1,3,68,227.000000
RH,75,267.750000,P1,1,75,227.000000
RH,77,267.750000,P1,2,77,226.500000
LH,58,268.125000,P1,4,58,228.000000
RH,77,268.333333,P1,2,77,228.250000
RH,75,268.375000,P1,2,75,228.500000
RH,65,268.500000,P1,3,65,229.000000
RH,68,268.500000,P1,3,68,229.000000
RH,74,268.500000,P1,1,74,229.000000
RH,65,268.875000,P1,3,65,230.000000
RH,68,268.875000,P1,3,68,230.000000
RH,72,268.875000,P1,1,72,230.000000
RH,65,269.250000,P1,3,65,231.000000
RH,68,269.250000,P1,3,68,231.000000
RH,74,269.250000,P1,1,74,231.000000
LH,58,269.625000,P1,4,58,232.000000
RH,75,269.625000,P1,1,75,232.000000
LH,46,270.125000,P1,1,46,233.000000
RH,63,270.125000,P1,3,63,233.000000
RH,66,270.125000,P1,3,66,233.000000
LH,51,270.500000,P1,1,51,234.000000
RH,63,270.500000,P1,3,63,234.000000
RH,66,270.500000,P1,3,66,234.000000
LH,53,270.750000,P1,1,53,235.000000
RH,63,270.750000,P1,3,63,235.000000
RH,66,270.750000,P1,3,66,235.000000
LH,54,271.250000,P1,1,54,236.000000
LH,58,271.250000,P1,4,58,236.000000
RH,63,271.625000,P1,3,63,237.000000
RH,66,271.625000,P1,3,66,237.000000
RH,70,271.625000,P1,1,70,237.000000
RH,63,272.000000,P1,3,63,238.000000
RH,66,272.000000,P1,3,66,238.000000
RH,75,272.000000,P1,1,75,238.000000
RH,63,272.250000,P1,3,63,239.000000
RH,66,272.250000,P1,3,66,239.000000
RH,77,272.250000,P1,1,77,239.000000
LH,58,272.875000,P1,4,58,240.000000
RH,63,273.250000,P1,3,63,241.000000
RH,66,273.250000,P1,3,66,241.000000
RH,63,273.625000,P1,3,63,242.000000
RH,66,273.625000,P1,3,66,242.000000
RH,75,273.875000,P1,1,75,243.000000
RH,63,274.000000,P1,3,63,243.000000
RH,66,274.000000,P1,3,66,243.000000
LH,58,274.375000,P1,4,58,244.000000
RH,63,274.666667,P1,3,63,245.000000
RH,66,274.666667,P1,3,66,245.000000
RH,63,275.000000,P1,3,63,246.000000
RH,66,275.000000,P1,3,66,246.000000
RH,63,275.375000,P1,3,63,247.000000
RH,66,275.375000,P1,3,66,247.000000
RH,75,275.375000,P1,1,75,247.000000
LH,56,275.875000,P1,4,56,248.000000
RH,72,275.875000,P1,1,72,248.000000
RH,63,276.250000,P1,3,63,249.000000
RH,66,276.250000,P1,3,66,249.000000
LH,44,276.333333,P1,1,44,249.000000
LH,51,276.625000,P1,1,51,250.000000
RH,63,276.625000,P1,3,63,250.000000
RH,66,276.625000,P1,3,66,250.000000
LH,53,277.000000,P1,1,53,251.000000
RH,63,277.000000,P1,3,63,251.000000
RH,66,277.000000,P1,3,66,251.000000
LH,54,277.333333,P1,1,54,252.000000
LH,56,277.333333,P1,4,56,252.000000
RH,63,277.666667,P1,3,63,253.000000
RH,66,277.666667,P1,3,66,253.000000
RH,68,277.666667,P1,1,68,253.000000
RH,63,278.125000,P1,3,63,254.000000
RH,66,278.125000,P1,3,66,254.000000
RH,78,278.125000,P1,1,78,254.000000
RH,66,278.375000,P1,3,66,255.000000
RH,77,278.375000,P1,1,77,255.000000
RH,63,278.500000,P1,3,63,255.000000
LH,56,278.750000,P1,4,56,256.000000
RH,77,279.000000,P1,2,77,256.500000
RH,78,279.000000,P1,2,78,256.250000
RH,63,279.125000,P1,3,63,257.000000
RH,66,279.125000,P1,3,66,257.000000
RH,75,279.125000,P1,1,75,257.000000
RH,63,279.500000,P1,3,63,258.000000
RH,66,279.500000,P1,3,66,258.000000
RH,77,279.625000,P1,2,77,258.250000
RH,75,279.750000,P1,2,75,258.500000
RH,63,279.875000,P1,3,63,259.000000
RH,66,279.875000,P1,3,66,259.000000
RH,73,279.875000,P1,1,73,259.000000
LH,56,280.250000,P1,4,56,260.000000
RH,75,280.333333,P1,2,75,260.250000
RH,63,280.500000,P1,3,63,261.000000
RH,72,280.500000,P1,1,72,261.000000
RH,73,280.500000,P1,2,73,260.500000
RH,66,280.625000,P1,3,66,261.000000
RH,63,281.000000,P1,3,63,262.000000
RH,66,281.000000,P1,3,66,262.000000
RH,70,281.000000,P1,1,70,262.000000
RH,63,281.333333,P1,3,63,263.000000
RH,66,281.333333,P1,3,66,263.000000
RH,72,281.333333,P1,1,72,263.000000
LH,56,281.666667,P1,4,56,264.000000
RH,73,281.666667,P1,1,73,264.000000
LH,44,282.125000,P1,1,44,265.000000
RH,61,282.125000,P1,3,61,265.000000
RH,65,282.125000,P1,3,65,265.000000
LH,49,282.500000,P1,1,49,266.000000
RH,61,282.500000,P1,3,61,266.000000
RH,65,282.500000,P1,3,65,266.000000
LH,51,282.875000,P1,1,51,267.000000
RH,61,282.875000,P1,3,61,267.000000
RH,65,282.875000,P1,3,65,267.000000
LH,53,283.250000,P1,1,53,268.000000
LH,56,283.250000,P1,4,56,268.000000
RH,61,283.625000,P1,3,61,269.000000
RH,65,283.625000,P1,3,65,269.000000
RH,68,283.625000,P1,1,68,269.000000
RH,61,284.000000,P1,3,61,270.000000
RH,65,284.000000,P1,3,65,270.000000
RH,73,284.000000,P1,1,73,270.000000
RH,61,284.333333,P1,3,61,271.000000
RH,65,284.333333,P1,3,65,271.000000
RH,75,284.333333,P1,1,75,271.000000
LH,56,284.750000,P1,4,56,272.000000
RH,61,285.125000,P1,3,61,273.000000
RH,65,285.125000,P1,3,65,273.000000
RH,61,285.500000,P1,3,61,274.000000
RH,65,285.500000,P1,3,65,274.000000
RH,61,285.875000,P1,3,61,275.000000
RH,65,285.875000,P1,3,65,275.000000
RH,73,285.875000,P1,1,73,275.000000
LH,56,286.250000,P1,4,56,276.000000
RH,61,286.625000,P1,3,61,277.000000
RH,65,286.625000,P1,3,65,277.000000
RH,61,287.000000,P1,3,61,278.000000
RH,65,287.000000,P1,3,65,278.000000
RH,61,287.375000,P1,3,61,279.000000
RH,65,287.375000,P1,3,65,279.000000
RH,73,287.375000,P1,1,73,279.000000
LH,56,287.750000,P1,4,56,280.000000
RH,72,287.875000,P1,1,72,280.000000
LH,44,288.250000,P1,1,44,281.000000
RH,63,288.250000,P1,3,63,281.000000
RH,66,288.250000,P1,3,66,281.000000
LH,51,288.500000,P1,1,51,282.000000
RH,63,288.500000,P1,3,63,282.000000
RH,66,288.500000,P1,3,66,282.000000
LH,53,288.875000,P1,1,53,283.000000
RH,63,288.875000,P1,3,63,283.000000
RH,66,288.875000,P1,3,66,283.000000
LH,54,289.250000,P1,1,54,284.000000
LH,56,289.250000,P1,4,56,284.000000
RH,63,289.625000,P1,3,63,285.000000
RH,66,289.625000,P1,3,66,285.000000
RH,68,289.625000,P1,1,68,285.000000
RH,63,290.000000,P1,3,63,286.000000
RH,66,290.000000,P1,3,66,286.000000
RH,78,290.000000,P1,1,78,286.000000
RH,77,290.333333,P1,1,77,287.000000
RH,63,290.375000,P1,3,63,287.000000
RH,66,290.375000,P1,3,66,287.000000
LH,56,290.750000,P1,4,56,288.000000
RH,78,290.875000,P1,2,78,288.250000
RH,77,291.000000,P1,2,77,288.500000
RH,63,291.125000,P1,3,63,289.000000
RH,66,291.125000,P1,3,66,289.000000
RH,75,291.125000,P1,1,75,289.000000
RH,63,291.500000,P1,3,63,290.000000
RH,66,291.500000,P1,3,66,290.000000
RH,77,291.500000,P1,2,77,290.250000
RH,75,291.666667,P1,2,75,290.500000
RH,63,291.750000,P1,3,63,291.000000
RH,66,291.750000,P1,3,66,291.000000
RH,73,291.750000,P1,1,73,291.000000
LH,56,292.250000,P1,4,56,292.000000
RH,75,292.250000,P1,2,75,292.250000
RH,73,292.375000,P1,2,73,292.500000
RH,63,292.500000,P1,3,63,293.000000
RH,66,292.500000,P1,3,66,293.000000
RH,72,292.500000,P1,1,72,293.000000
RH,63,292.875000,P1,3,63,294.000000
RH,66,292.875000,P1,3,66,294.000000
RH,70,292.875000,P1,1,70,294.000000
RH,63,293.250000,P1,3,63,295.000000
RH,66,293.250000,P1,3,66,295.000000
RH,72,293.250000,P1,1,72,295.000000
RH,61,293.625000,P1,4,61,296.000000
RH,73,293.625000,P1,1,73,296.000000
LH,49,294.000000,P1,1,49,297.000000
RH,65,294.000000,P1,3,65,297.000000
RH,68,294.000000,P1,3,68,297.000000
LH,56,294.375000,P1,1,56,298.000000
LH,59,294.375000,P1,4,59,298.000000
LH,47,294.750000,P1,1,47,299.000000
RH,65,294.750000,P1,3,65,299.000000
RH,68,294.750000,P1,3,68,299.000000
LH,46,295.125000,P1,1,46,300.000000
LH,58,295.125000,P1,4,58,300.000000
RH,65,295.500000,P1,3,65,301.000000
RH,68,295.500000,P1,3,68,301.000000
RH,70,295.500000,P1,1,70,301.000000
RH,68,295.750000,P1,3,68,302.000000
RH,80,295.750000,P1,1,80,302.000000
RH,65,295.875000,P1,3,65,302.000000
RH,65,296.125000,P1,3,65,303.000000
RH,68,296.125000,P1,3,68,303.000000
RH,78,296.125000,P1,1,78,303.000000
LH,58,296.625000,P1,4,58,304.000000
RH,80,296.625000,P1,2,80,304.250000
RH,78,296.750000,P1,2,78,304.500000
RH,65,296.875000,P1,3,65,305.000000
RH,68,296.875000,P1,3,68,305.000000
RH,77,296.875000,P1,1,77,305.000000
RH,65,297.250000,P1,3,65,306.000000
RH,68,297.250000,P1,3,68,306.000000
RH,78,297.333333,P1,2,78,306.250000
RH,77,297.500000,P1,2,77,306.500000
RH,65,297.625000,P1,3,65,307.000000
RH,68,297.625000,P1,3,68,307.000000
RH,75,297.625000,P1,1,75,307.000000
LH,58,297.875000,P1,4,58,308.000000
RH,77,298.000000,P1,2,77,308.250000
RH,75,298.125000,P1,2,75,308.500000
RH,65,298.250000,P1,3,65,309.000000
RH,68,298.250000,P1,3,68,309.000000
RH,74,298.250000,P1,1,74,309.000000
RH,65,298.625000,P1,3,65,310.000000
RH,68,298.625000,P1,3,68,310.000000
RH,72,298.625000,P1,1,72,310.000000
RH,65,299.000000,P1,3,65,311.000000
RH,68,299.000000,P1,3,68,311.000000
RH,74,299.000000,P1,1,74,311.000000
RH,63,299.333333,P1,4,63,312.000000
RH,75,299.333333,P1,1,75,312.000000
LH,51,299.750000,P1,1,51,313.000000
RH,66,299.750000,P1,3,66,313.000000
RH,70,299.750000,P1,3,70,313.000000
LH,58,300.125000,P1,1,58,314.000000
RH,61,300.125000,P1,4,61,314.000000
LH,49,300.375000,P1,1,49,315.000000
RH,70,300.375000,P1,3,70,315.000000
RH,65,300.500000,P1,3,65,315.000000
LH,48,300.750000,P1,1,48,316.000000
RH,60,300.750000,P1,4,60,316.000000
RH,67,301.250000,P1,3,67,317.000000
RH,70,301.250000,P1,3,70,317.000000
RH,72,301.250000,P1,1,72,317.000000
RH,67,301.500000,P1,3,67,318.000000
RH,70,301.500000,P1,3,70,318.000000
RH,82,301.500000,P1,1,82,318.000000
RH,67,301.875000,P1,3,67,319.000000
RH,70,301.875000,P1,3,70,319.000000
RH,80,301.875000,P1,1,80,319.000000
RH,60,302.250000,P1,4,60,320.000000
RH,82,302.333333,P1,2,82,320.250000
RH,80,302.500000,P1,2,80,320.500000
RH,67,302.625000,P1,3,67,321.000000
RH,70,302.625000,P1,3,70,321.000000
RH,79,302.625000,P1,1,79,321.000000
RH,67,302.875000,P1,3,67,322.000000
RH,70,302.875000,P1,3,70,322.000000
RH,80,303.000000,P1,2,80,322.250000
RH,79,303.125000,P1,2,79,322.500000
RH,67,303.250000,P1,3,67,323.000000
RH,70,303.250000,P1,3,70,323.000000
RH,77,303.250000,P1,1,77,323.000000
RH,60,303.625000,P1,4,60,324.000000
RH,79,303.666667,P1,2,79,324.250000
RH,77,303.875000,P1,2,77,324.500000
RH,67,304.000000,P1,3,67,325.000000
RH,70,304.000000,P1,3,70,325.000000
RH,76,304.000000,P1,1,76,325.000000
RH,74,304.333333,P1,1,74,326.000000
RH,67,304.375000,P1,3,67,326.000000
RH,70,304.375000,P1,3,70,326.000000
RH,67,304.666667,P1,3,67,327.000000
RH,70,304.666667,P1,3,70,327.000000
RH,76,304.666667,P1,1,76,327.000000
RH,65,305.000000,P1,4,65,328.000000
RH,80,305.250000,P1,2,80,328.250000
RH,79,305.333333,P1,2,79,328.500000
RH,68,305.375000,P1,3,68,329.000000
RH,72,305.375000,P1,3,72,329.000000
RH,77,305.375000,P1,1,77,329.000000
RH,68,305.750000,P1,3,68,330.000000
RH,72,305.750000,P1,3,72,330.000000
RH,79,305.875000,P1,2,79,330.250000
RH,77,306.000000,P1,2,77,330.500000
RH,68,306.125000,P1,3,68,331.000000
RH,72,306.125000,P1,3,72,331.000000
RH,75,306.125000,P1,1,75,331.000000
LH,58,306.500000,P1,4,58,332.000000
RH,77,306.500000,P1,2,77,332.250000
RH,65,306.750000,P1,3,65,333.000000
RH,68,306.750000,P1,3,68,333.000000
RH,74,306.750000,P1,1,74,333.000000
RH,75,306.750000,P1,2,75,332.500000
LH,59,307.250000,P1,4,59,334.000000
RH,65,307.250000,P1,3,65,334.000000
RH,68,307.250000,P1,3,68,334.000000
RH,72,307.250000,P1,1,72,334.000000
RH,65,307.625000,P1,3,65,335.000000
RH,68,307.625000,P1,3,68,335.000000
RH,74,307.625000,P1,1,74,335.000000
RH,60,308.000000,P1,4,60,336.000000
RH,79,308.125000,P1,2,79,336.250000
RH,77,308.250000,P1,2,77,336.500000
RH,63,308.375000,P1,3,63,337.000000
RH,67,308.375000,P1,3,67,337.000000
RH,75,308.375000,P1,1,75,337.000000
RH,67,308.666667,P1,3,67,338.000000
RH,63,308.750000,P1,3,63,338.000000
RH,77,308.750000,P1,2,77,338.250000
RH,75,308.875000,P1,2,75,338.500000
RH,63,309.125000,P1,3,63,339.000000
RH,67,309.125000,P1,3,67,339.000000
RH,74,309.125000,P1,1,74,339.000000
LH,56,309.375000,P1,4,56,340.000000
RH,75,309.500000,P1,2,75,340.250000
RH,74,309.666667,P1,2,74,340.500000
RH,63,309.750000,P1,3,63,341.000000
RH,65,309.750000,P1,3,65,341.000000
RH,72,309.750000,P1,1,72,341.000000
RH,63,310.125000,P1,3,63,342.000000
RH,65,310.125000,P1,3,65,342.000000
RH,74,310.333333,P1,2,74,342.250000
RH,72,310.375000,P1,2,72,342.500000
RH,63,310.500000,P1,3,63,343.000000
RH,65,310.500000,P1,3,65,343.000000
RH,71,310.500000,P1,1,71,343.000000
LH,58,310.875000,P1,4,58,344.000000
RH,74,311.000000,P1,2,74,344.250000
RH,63,311.250000,P1,3,63,345.000000
RH,67,311.250000,P1,3,67,345.000000
RH,72,311.250000,P1,2,72,344.500000
RH,70,311.333333,P1,1,70,345.000000
RH,63,311.625000,P1,3,63,346.000000
RH,67,311.625000,P1,3,67,346.000000
RH,70,311.625000,P1,1,70,346.000000
RH,63,312.000000,P1,3,63,347.000000
RH,67,312.000000,P1,3,67,347.000000
RH,70,312.000000,P1,1,70,347.000000
LH,58,312.375000,P1,4,58,348.000000
RH,74,312.500000,P1,2,74,348.250000
RH,72,312.625000,P1,2,72,348.500000
RH,62,312.750000,P1,3,62,349.000000
RH,65,312.750000,P1,3,65,349.000000
RH,70,312.750000,P1,1,70,349.000000
RH,62,313.125000,P1,3,62,350.000000
RH,65,313.125000,P1,3,65,350.000000
RH,70,313.125000,P1,1,70,350.000000
RH,62,313.625000,P1,3,62,351.000000
RH,65,313.625000,P1,3,65,351.000000
RH,70,313.625000,P1,1,70,351.000000
LH,51,314.250000,P1,4,51,352.000000
RH,63,314.500000,P1,2,63,352.500000
LH,58,314.625000,P1,3,58,352.500000
LH,55,314.750000,P1,3,55,353.000000
RH,67,314.750000,P1,2,67,353.000000
RH,63,315.000000,P1,2,63,353.500000
LH,58,315.125000,P1,3,58,353.500000
LH,55,315.333333,P1,3,55,354.000000
RH,63,315.625000,P1,2,63,354.500000
LH,58,315.666667,P1,3,58,354.500000
LH,55,315.875000,P1,3,55,355.000000
RH,67,315.875000,P1,2,67,355.000000
LH,58,316.125000,P1,3,58,355.500000
RH,63,316.125000,P1,2,63,355.500000
LH,55,316.250000,P1,3,55,356.000000
RH,67,316.250000,P1,2,67,356.000000
LH,58,316.500000,P1,3,58,356.500000
RH,63,316.500000,P1,2,63,356.500000
LH,55,316.625000,P1,3,55,357.000000
RH,67,316.625000,P1,2,67,357.000000
LH,58,316.875000,P1,3,58,357.500000
RH,63,316.875000,P1,2,63,357.500000
LH,51,317.000000,P1,4,51,358.000000
RH,75,317.000000,P1,1,75,358.000000
RH,63,317.250000,P1,2,63,358.500000
LH,55,317.333333,P1,3,55,359.000000
LH,58,317.333333,P1,3,58,358.500000
RH,67,317.500000,P1,2,67,359.000000
LH,58,317.666667,P1,3,58,359.500000
RH,63,317.666667,P1,2,63,359.500000
LH,49,317.875000,P1,4,49,360.000000
LH,55,318.125000,P1,3,55,361.000000
LH,58,318.125000,P1,3,58,360.500000
RH,63,318.125000,P1,2,63,360.500000
RH,67,318.250000,P1,2,67,361.000000
LH,58,318.375000,P1,3,58,361.500000
RH,63,318.375000,P1,2,63,361.500000
LH,55,318.666667,P1,3,55,362.000000
LH,58,318.875000,P1,3,58,362.500000
RH,63,318.875000,P1,2,63,362.500000
LH,55,319.125000,P1,3,55,363.000000
RH,67,319.125000,P1,2,67,363.000000
LH,58,319.333333,P1,3,58,363.500000
RH,63,319.333333,P1,2,63,363.500000
LH,55,319.500000,P1,3,55,364.000000
RH,67,319.500000,P1,2,67,364.000000
RH,63,319.666667,P1,2,63,364.500000
LH,58,319.750000,P1,3,58,364.500000
LH,55,319.875000,P1,3,55,365.000000
RH,67,319.875000,P1,2,67,365.000000
LH,58,320.000000,P1,3,58,365.500000
RH,63,320.000000,P1,2,63,365.500000
LH,49,320.250000,P1,4,49,366.000000
RH,75,320.250000,P1,1,75,366.000000
RH,63,320.375000,P1,2,63,366.500000
LH,58,320.500000,P1,3,58,366.500000
LH,55,320.625000,P1,3,55,367.000000
LH,58,320.750000,P1,3,58,367.500000
RH,63,320.875000,P1,2,63,367.500000
LH,48,321.000000,P1,3,48,368.000000
RH,75,321.000000,P1,1,75,368.000000
RH,63,321.125000,P1,1,63,368.500000
LH,56,321.250000,P1,3,56,368.500000
LH,51,321.375000,P1,3,51,369.000000
RH,68,321.375000,P1,1,68,369.000000
RH,63,321.500000,P1,1,63,369.500000
LH,56,321.625000,P1,3,56,369.500000
LH,46,321.750000,P1,3,46,370.000000
RH,76,321.750000,P1,1,76,370.000000
RH,64,321.875000,P1,1,64,370.500000
LH,55,322.000000,P1,3,55,370.500000
LH,48,322.125000,P1,3,48,371.000000
RH,72,322.125000,P1,1,72,371.000000
LH,55,322.250000,P1,3,55,371.500000
RH,64,322.250000,P1,1,64,371.500000
LH,44,322.500000,P1,3,44,372.000000
RH,77,322.500000,P1,1,77,372.000000
LH,56,322.625000,P1,3,56,372.500000
RH,65,322.625000,P1,1,65,372.500000
LH,48,322.750000,P1,3,48,373.000000
LH,56,322.875000,P1,3,56,373.500000
RH,65,322.875000,P1,1,65,373.500000
RH,72,322.875000,P1,1,72,373.000000
LH,43,323.125000,P1,3,43,374.000000
RH,79,323.125000,P1,1,79,374.000000
LH,55,323.333333,P1,3,55,374.500000
RH,67,323.333333,P1,1,67,374.500000
LH,48,323.375000,P1,3,48,375.000000
RH,72,323.500000,P1,1,72,375.000000
LH,55,323.625000,P1,3,55,375.500000
RH,67,323.625000,P1,1,67,375.500000
LH,41,323.875000,P1,3,41,376.000000
RH,80,323.875000,P1,1,80,376.000000
LH,53,324.000000,P1,3,53,376.500000
RH,68,324.000000,P1,1,68,376.500000
LH,48,324.250000,P1,3,48,377.000000
RH,72,324.250000,P1,1,72,377.000000
LH,53,324.375000,P1,3,53,377.500000
RH,68,324.375000,P1,1,68,377.500000
LH,39,324.500000,P1,3,39,378.000000
RH,81,324.500000,P1,1,81,378.000000
LH,51,324.750000,P1,3,51,378.500000
RH,69,324.750000,P1,1,69,378.500000
LH,41,324.875000,P1,3,41,379.000000
RH,72,324.875000,P1,1,72,379.000000
LH,51,325.125000,P1,3,51,379.500000
RH,69,325.125000,P1,1,69,379.500000
LH,38,325.250000,P1,3,38,380.000000
RH,82,325.250000,P1,1,82,380.000000
LH,50,325.500000,P1,3,50,380.500000
RH,70,325.500000,P1,1,70,380.500000
LH,41,325.625000,P1,3,41,381.000000
RH,77,325.666667,P1,1,77,381.000000
LH,50,325.750000,P1,3,50,381.500000
RH,70,325.750000,P1,1,70,381.500000
LH,36,326.000000,P1,3,36,382.000000
RH,84,326.000000,P1,1,84,382.000000
LH,48,326.125000,P1,3,48,382.500000
RH,72,326.125000,P1,1,72,382.500000
LH,41,326.375000,P1,3,41,383.000000
RH,77,326.375000,P1,1,77,383.000000
LH,48,326.500000,P1,3,48,383.500000
RH,72,326.500000,P1,1,72,383.500000
LH,34,326.750000,P1,3,34,384.000000
RH,85,326.750000,P1,1,85,384.000000
LH,46,326.875000,P1,3,46,384.500000
RH,73,326.875000,P1,1,73,384.500000
LH,41,327.125000,P1,3,41,385.000000
RH,77,327.125000,P1,1,77,385.000000
LH,46,327.250000,P1,3,46,385.500000
RH,73,327.250000,P1,1,73,385.500000
LH,32,327.375000,P1,3,32,386.000000
RH,86,327.375000,P1,1,86,386.000000
LH,44,327.625000,P1,3,44,386.500000
RH,74,327.625000,P1,1,74,386.500000
LH,41,327.750000,P1,3,41,387.000000
RH,77,327.750000,P1,1,77,387.000000
LH,44,328.000000,P1,3,44,387.500000
RH,74,328.000000,P1,1,74,387.500000
LH,31,328.125000,P1,3,31,388.000000
RH,87,328.125000,P1,1,87,388.000000
LH,43,328.375000,P1,3,43,388.500000
RH,75,328.375000,P1,1,75,388.500000
LH,39,328.500000,P1,3,39,389.000000
RH,82,328.500000,P1,1,82,389.000000
LH,43,328.750000,P1,3,43,389.500000
RH,75,328.750000,P1,1,75,389.500000
LH,31,328.875000,P1,3,31,390.000000
RH,83,328.875000,P1,1,83,390.000000
LH,43,329.000000,P1,3,43,390.500000
RH,71,329.000000,P1,1,71,390.500000
LH,39,329.250000,P1,3,39,391.000000
RH,75,329.250000,P1,1,75,391.000000
LH,43,329.375000,P1,3,43,391.500000
RH,71,329.375000,P1,1,71,391.500000
LH,32,329.666667,P1,3,32,392.000000
LH,44,329.666667,P1,3,44,392.000000
RH,72,329.875000,P1,1,72,392.500000
RH,75,330.000000,P1,1,75,393.000000
RH,72,330.250000,P1,1,72,393.500000
RH,84,330.375000,P1,1,84,394.000000
RH,72,330.625000,P1,1,72,394.500000
RH,75,330.750000,P1,1,75,395.000000
RH,72,331.000000,P1,1,72,395.500000
LH,34,331.125000,P1,3,34,396.000000
LH,46,331.125000,P1,3,46,396.000000
RH,65,331.250000,P1,1,65,396.500000
RH,68,331.500000,P1,1,68,397.000000
RH,65,331.750000,P1,1,65,397.500000
RH,74,331.875000,P1,1,74,398.000000
RH,65,332.125000,P1,1,65,398.500000
RH,68,332.250000,P1,1,68,399.000000
RH,65,332.500000,P1,1,65,399.500000
LH,51,332.750000,P1,4,51,400.000000
RH,63,333.000000,P1,2,63,400.500000
LH,58,333.125000,P1,3,58,400.500000
RH,67,333.250000,P1,2,67,401.000000
LH,55,333.333333,P1,3,55,401.000000
RH,63,333.375000,P1,2,63,401.500000
LH,58,333.500000,P1,3,58,401.500000
LH,55,333.750000,P1,3,55,402.000000
RH,63,334.000000,P1,2,63,402.500000
LH,58,334.125000,P1,3,58,402.500000
RH,67,334.125000,P1,2,67,403.000000
LH,55,334.250000,P1,3,55,403.000000
LH,58,334.375000,P1,3,58,403.500000
RH,63,334.375000,P1,2,63,403.500000
LH,55,334.625000,P1,3,55,404.000000
RH,67,334.625000,P1,2,67,404.000000
RH,63,334.750000,P1,2,63,404.500000
LH,58,334.875000,P1,3,58,404.500000
LH,55,335.000000,P1,3,55,405.000000
RH,67,335.000000,P1,2,67,405.000000
RH,63,335.125000,P1,2,63,405.500000
LH,58,335.250000,P1,3,58,405.500000
LH,51,335.375000,P1,4,51,406.000000
RH,75,335.375000,P1,1,75,406.000000
RH,63,335.625000,P1,2,63,406.500000
LH,55,335.750000,P1,3,55,407.000000
LH,58,335.750000,P1,3,58,406.500000
RH,67,335.750000,P1,2,67,407.000000
LH,58,336.000000,P1,3,58,407.500000
RH,63,336.000000,P1,2,63,407.500000
LH,49,336.250000,P1,4,49,408.000000
LH,58,336.500000,P1,3,58,408.500000
RH,63,336.500000,P1,2,63,408.500000
LH,55,336.625000,P1,3,55,409.000000
RH,67,336.666667,P1,2,67,409.000000
LH,58,336.875000,P1,3,58,409.500000
RH,63,336.875000,P1,2,63,409.500000
LH,55,337.125000,P1,3,55,410.000000
RH,63,337.333333,P1,2,63,410.500000
LH,58,337.375000,P1,3,58,410.500000
LH,55,337.500000,P1,3,55,411.000000
RH,67,337.500000,P1,2,67,411.000000
LH,58,337.750000,P1,3,58,411.500000
RH,63,337.750000,P1,2,63,411.500000
LH,55,337.875000,P1,3,55,412.000000
RH,67,337.875000,P1,2,67,412.000000
LH,58,338.000000,P1,3,58,412.500000
RH,63,338.000000,P1,2,63,412.500000
LH,55,338.250000,P1,3,55,413.000000
RH,67,338.250000,P1,2,67,413.000000
LH,58,338.375000,P1,3,58,413.500000
RH,63,338.375000,P1,2,63,413.500000
LH,49,338.625000,P1,4,49,414.000000
RH,75,338.625000,P1,1,75,414.000000
RH,63,338.750000,P1,2,63,414.500000
LH,55,338.875000,P1,3,55,415.000000
LH,58,338.875000,P1,3,58,414.500000
RH,67,339.000000,P1,2,67,415.000000
LH,58,339.250000,P1,3,58,415.500000
RH,75,339.375000,P1,1,75,416.000000
LH,48,339.500000,P1,3,48,416.000000
RH,63,339.625000,P1,1,63,416.500000
LH,51,339.750000,P1,3,51,417.000000
LH,56,339.750000,P1,3,56,416.500000
RH,68,339.750000,P1,1,68,417.000000
RH,63,339.875000,P1,1,63,417.500000
LH,56,340.000000,P1,3,56,417.500000
LH,46,340.125000,P1,3,46,418.000000
RH,76,340.125000,P1,1,76,418.000000
RH,64,340.333333,P1,1,64,418.500000
LH,55,340.375000,P1,3,55,418.500000
LH,48,340.500000,P1,3,48,419.000000
RH,72,340.500000,P1,1,72,419.000000
LH,55,340.625000,P1,3,55,419.500000
RH,64,340.625000,P1,1,64,419.500000
LH,44,340.875000,P1,3,44,420.000000
RH,77,340.875000,P1,1,77,420.000000
LH,56,341.125000,P1,3,56,420.500000
RH,65,341.125000,P1,1,65,420.500000
LH,48,341.250000,P1,3,48,421.000000
RH,72,341.250000,P1,1,72,421.000000
LH,56,341.375000,P1,3,56,421.500000
RH,65,341.375000,P1,1,65,421.500000
LH,43,341.625000,P1,3,43,422.000000
RH,79,341.625000,P1,1,79,422.000000
RH,67,341.750000,P1,1,67,422.500000
LH,48,341.875000,P1,3,48,423.000000
LH,55,341.875000,P1,3,55,422.500000
RH,72,342.000000,P1,1,72,423.000000
LH,55,342.125000,P1,3,55,423.500000
RH,67,342.125000,P1,1,67,423.500000
LH,41,342.333333,P1,3,41,424.000000
RH,80,342.333333,P1,1,80,424.000000
LH,53,342.500000,P1,3,53,424.500000
RH,68,342.500000,P1,1,68,424.500000
LH,48,342.666667,P1,3,48,425.000000
RH,72,342.666667,P1,1,72,425.000000
LH,53,342.875000,P1,3,53,425.500000
RH,68,342.875000,P1,1,68,425.500000
LH,39,343.000000,P1,3,39,426.000000
RH,81,343.000000,P1,1,81,426.000000
LH,51,343.250000,P1,3,51,426.500000
RH,69,343.250000,P1,1,69,426.500000
LH,41,343.375000,P1,3,41,427.000000
RH,72,343.375000,P1,1,72,427.000000
LH,51,343.625000,P1,3,51,427.500000
RH,69,343.625000,P1,1,69,427.500000
LH,38,343.750000,P1,3,38,428.000000
RH,82,343.750000,P1,1,82,428.000000
LH,41,344.000000,P1,3,41,429.000000
LH,50,344.000000,P1,3,50,428.500000
RH,70,344.000000,P1,1,70,428.500000
RH,77,344.125000,P1,1,77,429.000000
LH,50,344.250000,P1,3,50,429.500000
RH,70,344.250000,P1,1,70,429.500000
LH,36,344.500000,P1,3,36,430.000000
RH,84,344.500000,P1,1,84,430.000000
LH,48,344.625000,P1,3,48,430.500000
RH,72,344.625000,P1,1,72,430.500000
LH,41,344.875000,P1,3,41,431.000000
RH,77,344.875000,P1,1,77,431.000000
LH,48,345.000000,P1,3,48,431.500000
RH,72,345.000000,P1,1,72,431.500000
LH,34,345.250000,P1,3,34,432.000000
RH,85,345.250000,P1,1,85,432.000000
LH,46,345.375000,P1,3,46,432.500000
RH,73,345.375000,P1,1,73,432.500000
LH,41,345.625000,P1,3,41,433.000000
RH,77,345.625000,P1,1,77,433.000000
LH,46,345.750000,P1,3,46,433.500000
RH,73,345.750000,P1,1,73,433.500000
LH,32,345.875000,P1,3,32,434.000000
RH,86,345.875000,P1,1,86,434.000000
LH,44,346.125000,P1,3,44,434.500000
RH,74,346.125000,P1,1,74,434.500000
LH,41,346.250000,P1,3,41,435.000000
RH,77,346.250000,P1,1,77,435.000000
LH,44,346.375000,P1,3,44,435.500000
RH,74,346.375000,P1,1,74,435.500000
LH,31,346.666667,P1,3,31,436.000000
RH,87,346.666667,P1,1,87,436.000000
LH,43,346.875000,P1,3,43,436.500000
RH,75,346.875000,P1,1,75,436.500000
LH,39,347.000000,P1,3,39,437.000000
RH,82,347.000000,P1,1,82,437.000000
LH,43,347.250000,P1,3,43,437.500000
RH,75,347.250000,P1,1,75,437.500000
LH,31,347.375000,P1,3,31,438.000000
LH,43,347.500000,P1,3,43,438.500000
LH,43,347.875000,P1,3,43,439.500000
LH,44,348.125000,P1,3,44,440.000000
RH,80,348.333333,P1,1,80,440.500000
RH,84,348.500000,P1,1,84,441.000000
RH,80,348.750000,P1,1,80,441.500000
RH,89,348.875000,P1,1,89,442.000000
RH,80,349.125000,P1,1,80,442.500000
RH,84,349.250000,P1,1,84,443.000000
RH,80,349.375000,P1,1,80,443.500000
LH,34,349.625000,P1,3,34,444.000000
LH,46,349.625000,P1,3,46,444.000000
RH,77,349.875000,P1,1,77,444.500000
RH,80,350.000000,P1,1,80,445.000000
RH,77,350.250000,P1,1,77,445.500000
RH,86,350.375000,P1,1,86,446.000000
RH,77,350.500000,P1,1,77,446.500000
RH,80,350.666667,P1,1,80,447.000000
RH,77,350.875000,P1,1,77,447.500000
LH,39,351.125000,P1,3,39,448.000000
LH,51,351.125000,P1,3,51,448.000000
RH,79,351.125000,P1,1,79,448.000000
RH,63,351.750000,P1,3,63,449.000000
RH,67,351.750000,P1,3,67,449.000000
RH,87,351.750000,P1,1,87,449.000000
RH,63,352.125000,P1,3,63,450.000000
RH,67,352.125000,P1,3,67,450.000000
RH,63,352.500000,P1,3,63,451.000000
RH,67,352.500000,P1,3,67,451.000000
RH,86,352.500000,P1,1,86,451.000000
RH,87,352.666667,P1,1,87,451.500000
RH,60,352.875000,P1,4,60,452.000000
RH,89,352.875000,P1,1,89,452.000000
RH,87,353.125000,P1,1,87,452.500000
RH,63,353.250000,P1,3,63,453.000000
RH,67,353.250000,P1,3,67,453.000000
RH,86,353.250000,P1,1,86,453.000000
RH,84,353.375000,P1,1,84,453.500000
RH,63,353.625000,P1,3,63,454.000000
RH,67,353.625000,P1,3,67,454.000000
RH,83,353.625000,P1,1,83,454.000000
RH,84,353.750000,P1,1,84,454.500000
RH,63,354.000000,P1,3,63,455.000000
RH,67,354.000000,P1,3,67,455.000000
RH,86,354.000000,P1,1,86,455.000000
RH,84,354.125000,P1,1,84,455.500000
LH,56,354.333333,P1,4,56,456.000000
RH,82,354.333333,P1,1,82,456.000000
RH,80,354.500000,P1,1,80,456.500000
RH,63,354.666667,P1,3,63,457.000000
RH,65,354.666667,P1,3,65,457.000000
RH,79,354.666667,P1,1,79,457.000000
RH,77,354.875000,P1,1,77,457.500000
RH,63,355.000000,P1,3,63,458.000000
RH,65,355.000000,P1,3,65,458.000000
RH,76,355.000000,P1,1,76,458.000000
RH,77,355.250000,P1,1,77,458.500000
RH,63,355.375000,P1,3,63,459.000000
RH,65,355.375000,P1,3,65,459.000000
RH,79,355.375000,P1,1,79,459.000000
RH,77,355.625000,P1,1,77,459.500000
LH,58,355.750000,P1,4,58,460.000000
RH,75,355.750000,P1,1,75,460.000000
RH,74,355.875000,P1,1,74,460.500000
RH,62,356.125000,P1,3,62,461.000000
RH,65,356.125000,P1,3,65,461.000000
RH,72,356.125000,P1,1,72,461.000000
RH,70,356.250000,P1,1,70,461.500000
RH,69,356.375000,P1,1,69,462.000000
RH,62,356.500000,P1,3,62,462.000000
RH,65,356.500000,P1,3,65,462.000000
RH,70,356.625000,P1,1,70,462.500000
RH,65,356.750000,P1,3,65,463.000000
RH,72,356.750000,P1,1,72,463.000000
RH,62,356.875000,P1,3,62,463.000000
RH,68,357.000000,P1,1,68,463.500000
LH,51,357.125000,P1,4,51,464.000000
RH,67,357.125000,P1,1,67,464.000000
LH,55,357.500000,P1,3,55,465.000000
RH,63,357.500000,P1,3,63,465.000000
RH,75,357.500000,P1,1,75,465.000000
RH,87,357.500000,P1,1,87,465.000000
LH,55,357.875000,P1,3,55,466.000000
RH,63,357.875000,P1,3,63,466.000000
LH,55,358.250000,P1,3,55,467.000000
RH,63,358.250000,P1,3,63,467.000000
RH,86,358.250000,P1,1,86,467.000000
RH,87,358.375000,P1,1,87,467.500000
LH,48,358.500000,P1,4,48,468.000000
RH,89,358.500000,P1,1,89,468.000000
RH,87,358.750000,P1,1,87,468.500000
LH,51,358.875000,P1,3,51,469.000000
LH,55,358.875000,P1,3,55,469.000000
RH,60,358.875000,P1,3,60,469.000000
RH,86,358.875000,P1,1,86,469.000000
RH,84,359.125000,P1,1,84,469.500000
LH,51,359.250000,P1,3,51,470.000000
LH,55,359.250000,P1,3,55,470.000000
RH,60,359.250000,P1,3,60,470.000000
RH,83,359.250000,P1,1,83,470.000000
RH,84,359.500000,P1,1,84,470.500000
LH,51,359.625000,P1,3,51,471.000000
LH,55,359.625000,P1,3,55,471.000000
RH,60,359.625000,P1,3,60,471.000000
RH,86,359.625000,P1,1,86,471.000000
RH,84,359.750000,P1,1,84,471.500000
LH,44,360.000000,P1,4,44,472.000000
RH,82,360.000000,P1,1,82,472.000000
RH,80,360.125000,P1,1,80,472.500000
RH,79,360.250000,P1,1,79,473.000000
LH,51,360.333333,P1,3,51,473.000000
LH,56,360.333333,P1,3,56,473.000000
RH,77,360.375000,P1,1,77,473.500000
RH,76,360.625000,P1,1,76,474.000000
LH,56,360.666667,P1,3,56,474.000000
LH,51,360.750000,P1,3,51,474.000000
RH,77,360.750000,P1,1,77,474.500000
LH,51,361.000000,P1,3,51,475.000000
LH,56,361.000000,P1,3,56,475.000000
RH,79,361.000000,P1,1,79,475.000000
RH,77,361.125000,P1,1,77,475.500000
LH,46,361.333333,P1,4,46,476.000000
RH,75,361.333333,P1,1,75,476.000000
RH,74,361.500000,P1,1,74,476.500000
LH,50,361.666667,P1,3,50,477.000000
LH,53,361.666667,P1,3,53,477.000000
LH,58,361.666667,P1,3,58,477.000000
RH,72,361.666667,P1,1,72,477.000000
RH,70,361.875000,P1,1,70,477.500000
LH,50,362.000000,P1,3,50,478.000000
LH,58,362.000000,P1,3,58,478.000000
RH,69,362.000000,P1,1,69,478.000000
LH,53,362.125000,P1,3,53,478.000000
RH,70,362.125000,P1,1,70,478.500000
LH,58,362.333333,P1,3,58,479.000000
RH,72,362.333333,P1,1,72,479.000000
LH,50,362.375000,P1,3,50,479.000000
LH,53,362.375000,P1,3,53,479.000000
RH,70,362.500000,P1,1,70,479.500000
LH,39,362.666667,P1,3,39,480.000000
RH,75,362.666667,P1,1,75,480.000000
LH,51,362.875000,P1,3,51,480.500000
LH,39,363.125000,P1,3,39,481.000000
RH,63,363.125000,P1,1,63,481.000000
LH,51,363.250000,P1,3,51,481.500000
LH,39,363.500000,P1,3,39,482.000000
LH,51,363.625000,P1,3,51,482.500000
LH,39,363.750000,P1,3,39,483.000000
RH,61,363.750000,P1,1,61,483.000000
RH,67,363.750000,P1,1,67,483.000000
LH,51,364.000000,P1,3,51,483.500000
LH,39,364.125000,P1,3,39,484.000000
RH,68,364.125000,P1,1,68,484.000000
RH,60,364.250000,P1,1,60,484.000000
LH,51,364.375000,P1,3,51,484.500000
LH,39,364.500000,P1,3,39,485.000000
RH,67,364.500000,P1,1,67,485.000000
RH,70,364.500000,P1,1,70,485.000000
LH,51,364.750000,P1,3,51,485.500000
LH,39,364.875000,P1,3,39,486.000000
RH,68,364.875000,P1,1,68,486.000000
RH,72,364.875000,P1,1,72,486.000000
LH,51,365.125000,P1,3,51,486.500000
RH,68,365.125000,P1,1,68,487.000000
RH,74,365.125000,P1,1,74,487.000000
LH,39,365.250000,P1,3,39,487.000000
LH,39,365.500000,P1,3,39,488.000000
LH,51,365.500000,P1,3,51,487.500000
RH,67,365.500000,P1,1,67,488.000000
RH,75,365.500000,P1,1,75,488.000000
LH,51,365.750000,P1,3,51,488.500000
LH,39,365.875000,P1,3,39,489.000000
RH,75,365.875000,P1,1,75,489.000000
LH,51,366.125000,P1,3,51,489.500000
LH,39,366.333333,P1,3,39,490.000000
LH,51,366.500000,P1,3,51,490.500000
LH,39,366.625000,P1,3,39,491.000000
RH,73,366.625000,P1,1,73,491.000000
RH,79,366.625000,P1,1,79,491.000000
LH,51,366.875000,P1,3,51,491.500000
LH,39,367.000000,P1,3,39,492.000000
RH,72,367.000000,P1,1,72,492.000000
RH,80,367.000000,P1,1,80,492.000000
LH,51,367.125000,P1,3,51,492.500000
LH,39,367.333333,P1,3,39,493.000000
RH,79,367.333333,P1,1,79,493.000000
RH,82,367.333333,P1,1,82,493.000000
LH,51,367.625000,P1,3,51,493.500000
LH,39,367.666667,P1,3,39,494.000000
RH,80,367.666667,P1,1,80,494.000000
RH,84,367.666667,P1,1,84,494.000000
LH,51,367.875000,P1,3,51,494.500000
LH,39,368.000000,P1,3,39,495.000000
RH,80,368.000000,P1,1,80,495.000000
RH,86,368.000000,P1,1,86,495.000000
LH,51,368.250000,P1,3,51,495.500000
LH,39,368.500000,P1,3,39,496.000000
RH,79,368.500000,P1,1,79,496.000000
RH,87,368.500000,P1,1,87,496.000000
LH,51,368.750000,P1,3,51,496.500000
LH,39,368.875000,P1,3,39,497.000000
LH,51,369.125000,P1,3,51,497.500000
LH,39,369.250000,P1,3,39,498.000000
LH,51,369.500000,P1,3,51,498.500000
LH,39,369.625000,P1,3,39,499.000000
LH,51,369.875000,P1,3,51,499.500000
LH,38,370.000000,P1,3,38,500.000000
RH,67,370.000000,P1,1,67,500.000000
RH,75,370.000000,P1,1,75,500.000000
LH,50,370.250000,P1,3,50,500.500000
LH,38,370.375000,P1,3,38,501.000000
LH,50,370.625000,P1,3,50,501.500000
LH,38,370.750000,P1,3,38,502.000000
LH,50,371.000000,P1,3,50,502.500000
LH,38,371.125000,P1,3,38,503.000000
LH,50,371.333333,P1,3,50,503.500000
LH,36,371.500000,P1,3,36,504.000000
RH,79,371.500000,P1,1,79,504.000000
RH,87,371.500000,P1,1,87,504.000000
LH,48,371.750000,P1,3,48,504.500000
LH,36,371.875000,P1,3,36,505.000000
LH,48,372.125000,P1,3,48,505.500000
LH,36,372.333333,P1,3,36,506.000000
LH,48,372.500000,P1,3,48,506.500000
LH,36,372.666667,P1,3,36,507.000000
LH,48,372.875000,P1,3,48,507.500000
LH,34,373.000000,P1,3,34,508.000000
RH,67,373.000000,P1,1,67,508.000000
RH,75,373.000000,P1,1,75,508.000000
LH,46,373.250000,P1,3,46,508.500000
LH,34,373.375000,P1,3,34,509.000000
LH,46,373.625000,P1,3,46,509.500000
LH,34,373.750000,P1,3,34,510.000000
LH,46,374.000000,P1,3,46,510.500000
LH,34,374.125000,P1,3,34,511.000000
LH,46,374.375000,P1,3,46,511.500000
LH,32,374.625000,P1,3,32,512.000000
RH,84,374.625000,P1,1,84,512.000000
RH,87,374.625000,P1,1,87,512.000000
LH,44,374.875000,P1,3,44,512.500000
LH,32,375.000000,P1,3,32,513.000000
LH,44,375.250000,P1,3,44,513.500000
LH,32,375.375000,P1,3,32,514.000000
LH,44,375.500000,P1,3,44,514.500000
LH,32,375.666667,P1,3,32,515.000000
LH,44,375.875000,P1,3,44,515.500000
LH,31,376.125000,P1,3,31,516.000000
RH,72,376.125000,P1,1,72,516.000000
RH,75,376.125000,P1,1,75,516.000000
LH,43,376.333333,P1,3,43,516.500000
LH,31,376.500000,P1,3,31,517.000000
LH,43,376.666667,P1,3,43,517.500000
LH,31,376.875000,P1,3,31,518.000000
LH,43,377.125000,P1,3,43,518.500000
LH,31,377.250000,P1,3,31,519.000000
LH,43,377.500000,P1,3,43,518.500000
LH,30,378.000000,P1,3,30,520.000000
LH,42,378.000000,P1,3,42,520.000000
RH,81,378.000000,P1,1,81,520.000000
RH,84,378.000000,P1,1,84,520.000000
RH,86,378.000000,P1,1,86,520.000000
LH,42,380.750000,P1,3,42,524.000000
LH,54,380.750000,P1,3,54,524.000000
LH,57,380.750000,P1,1,57,524.000000
RH,60,380.750000,P1,1,60,524.000000
RH,62,380.750000,P1,1,62,524.000000
LH,31,389.500000,P1,3,31,528.000000
LH,34,389.500000,P1,3,34,528.000000
LH,43,389.500000,P1,3,43,528.000000
LH,55,389.500000,P1,1,55,528.000000
LH,58,389.500000,P1,1,58,528.000000
RH,62,389.500000,P1,1,62,528.000000
RH,67,389.500000,P1,1,67,528.000000
LH,38,389.625000,P1,3,38,528.000000
LH,57,396.750000,P1,3,57,529.500000
RH,62,396.750000,P1,1,62,529.500000
RH,66,396.750000,P1,1,66,529.500000
RH,69,396.750000,P1,1,69,529.500000
LH,55,398.625000,P1,3,55,529.875000
RH,62,398.625000,P1,1,62,529.875000
RH,67,398.625000,P1,1,67,529.875000
RH,70,398.625000,P1,1,70,529.875000
RH,64,399.000000,P1,1,64,530.000000
RH,67,399.000000,P1,1,67,530.000000
RH,70,399.000000,P1,1,70,530.000000
RH,61,399.125000,P1,3,61,530.000000
RH,62,403.875000,P1,3,62,531.000000
RH,66,403.875000,P1,1,66,531.000000
RH,69,403.875000,P1,1,69,531.000000
LH,51,408.875000,P1,3,51,531.875000
RH,66,409.375000,P1,1,66,532.000000
RH,69,409.375000,P1,1,69,532.000000
RH,72,409.375000,P1,1,72,532.000000
RH,63,409.500000,P1,3,63,532.000000
RH,66,414.500000,P1,1,66,533.375000
RH,69,414.500000,P1,1,69,533.375000
RH,60,416.375000,P1,3,60,533.875000
RH,69,416.375000,P1,1,69,533.875000
RH,75,416.375000,P1,1,75,533.875000
RH,66,416.500000,P1,1,66,533.875000
RH,75,416.875000,P1,1,75,534.000000
LH,58,417.000000,P1,3,58,534.000000
RH,66,417.000000,P1,1,66,534.000000
RH,69,417.000000,P1,1,69,534.000000
RH,67,421.875000,P1,1,67,535.000000
RH,70,421.875000,P1,1,70,535.000000
RH,74,421.875000,P1,1,74,535.000000
LH,51,427.000000,P1,3,51,535.875000
RH,63,427.500000,P1,3,63,536.000000
RH,66,427.500000,P1,1,66,536.000000
RH,69,427.500000,P1,1,69,536.000000
RH,72,427.500000,P1,1,72,536.000000
RH,63,433.750000,P1,3,63,537.375000
RH,66,433.750000,P1,1,66,537.375000
RH,69,433.750000,P1,1,69,537.375000
RH,72,433.750000,P1,1,72,537.375000
RH,62,434.125000,P1,3,62,537.500000
RH,66,434.125000,P1,1,66,537.500000
RH,69,434.125000,P1,1,69,537.500000
RH,74,434.125000,P1,1,74,537.500000
RH,60,436.000000,P1,3,60,537.875000
RH,66,436.000000,P1,1,66,537.875000
RH,69,436.000000,P1,1,69,537.875000
RH,75,436.000000,P1,1,75,537.875000
RH,75,436.375000,P1,1,75,538.000000
RH,60,436.500000,P1,3,60,538.000000
RH,66,436.500000,P1,1,66,538.000000
RH,69,436.500000,P1,1,69,538.000000
LH,59,439.000000,P1,3,59,538.500000
RH,67,441.333333,P1,1,67,539.000000
RH,76,441.333333,P1,1,76,539.000000
RH,64,441.375000,P1,1,64,539.000000
LH,59,443.666667,P1,3,59,539.500000
RH,63,445.875000,P1,1,63,540.000000
RH,66,445.875000,P1,1,66,540.000000
RH,69,445.875000,P1,1,69,540.000000
LH,47,448.125000,P1,3,47,540.500000
LH,59,450.333333,P1,1,59,541.000000
RH,64,450.333333,P1,1,64,541.000000
RH,67,450.333333,P1,1,67,541.000000
LH,47,452.625000,P1,3,47,541.500000
RH,63,454.750000,P1,1,63,542.000000
RH,66,454.750000,P1,1,66,542.000000
LH,57,454.875000,P1,1,57,542.000000
RH,60,454.875000,P1,1,60,542.000000
LH,35,457.000000,P1,3,35,542.500000
LH,54,459.333333,P1,1,54,543.000000
LH,57,459.333333,P1,1,57,543.000000
RH,63,459.333333,P1,1,63,543.000000
LH,35,462.250000,P1,3,35,543.500000
LH,40,465.125000,P1,3,40,544.000000
RH,64,465.125000,P1,1,64,544.000000
LH,52,465.375000,P1,3,52,544.500000
LH,40,465.500000,P1,3,40,545.000000
RH,69,465.500000,P1,1,69,545.000000
LH,52,465.750000,P1,3,52,545.500000
LH,40,465.875000,P1,3,40,546.000000
RH,67,465.875000,P1,1,67,546.000000
LH,40,466.125000,P1,3,40,547.000000
LH,52,466.125000,P1,3,52,546.500000
RH,69,466.125000,P1,1,69,547.000000
RH,75,466.125000,P1,1,75,547.000000
LH,52,466.375000,P1,3,52,547.500000
LH,40,466.500000,P1,3,40,548.000000
RH,67,466.500000,P1,1,67,548.000000
RH,76,466.500000,P1,1,76,548.000000
LH,52,466.750000,P1,3,52,548.500000
LH,40,466.875000,P1,3,40,549.000000
RH,75,466.875000,P1,1,75,549.000000
RH,81,466.875000,P1,1,81,549.000000
LH,52,467.000000,P1,3,52,549.500000
LH,40,467.125000,P1,3,40,550.000000
RH,76,467.125000,P1,1,76,550.000000
RH,79,467.125000,P1,1,79,550.000000
LH,52,467.375000,P1,3,52,550.500000
LH,40,467.500000,P1,3,40,551.000000
RH,81,467.500000,P1,1,81,551.000000
RH,87,467.500000,P1,1,87,551.000000
LH,40,467.750000,P1,3,40,552.000000
LH,52,467.750000,P1,3,52,552.000000
RH,79,467.750000,P1,1,79,552.000000
RH,88,467.750000,P1,1,88,552.000000
LH,55,468.250000,P1,3,55,553.000000
LH,59,468.250000,P1,3,59,553.000000
LH,55,468.500000,P1,3,55,554.000000
LH,59,468.500000,P1,3,59,554.000000
RH,64,468.500000,P1,1,64,554.000000
RH,76,468.500000,P1,1,76,554.000000
LH,55,468.875000,P1,3,55,555.000000
LH,59,468.875000,P1,3,59,555.000000
LH,52,469.250000,P1,3,52,556.000000
LH,55,469.625000,P1,3,55,557.000000
LH,59,469.625000,P1,3,59,557.000000
RH,64,469.625000,P1,1,64,557.000000
RH,76,469.625000,P1,1,76,557.000000
LH,55,470.000000,P1,3,55,558.000000
LH,59,470.000000,P1,3,59,558.000000
RH,66,470.000000,P1,1,66,558.000000
RH,78,470.000000,P1,1,78,558.000000
LH,55,470.333333,P1,3,55,559.000000
LH,59,470.333333,P1,3,59,559.000000
RH,67,470.333333,P1,1,67,559.000000
RH,79,470.333333,P1,1,79,559.000000
LH,52,470.750000,P1,3,52,560.000000
RH,67,470.750000,P1,1,67,560.000000
RH,79,470.750000,P1,1,79,560.000000
LH,57,471.125000,P1,3,57,561.000000
RH,60,471.125000,P1,3,60,561.000000
LH,57,471.500000,P1,3,57,562.000000
RH,60,471.500000,P1,3,60,562.000000
RH,66,471.500000,P1,1,66,562.000000
RH,78,471.500000,P1,1,78,562.000000
LH,57,471.875000,P1,3,57,563.000000
RH,60,471.875000,P1,3,60,563.000000
LH,51,472.250000,P1,3,51,564.000000
LH,57,472.500000,P1,3,57,565.000000
RH,60,472.500000,P1,3,60,565.000000
RH,66,472.500000,P1,1,66,565.000000
RH,78,472.500000,P1,1,78,565.000000
LH,57,472.875000,P1,3,57,566.000000
RH,60,472.875000,P1,3,60,566.000000
RH,67,472.875000,P1,1,67,566.000000
RH,79,472.875000,P1,1,79,566.000000
RH,60,473.250000,P1,3,60,567.000000
RH,69,473.250000,P1,1,69,567.000000
RH,81,473.250000,P1,1,81,567.000000
LH,57,473.333333,P1,3,57,567.000000
LH,38,473.625000,P1,3,38,568.000000
RH,69,473.625000,P1,1,69,568.000000
RH,81,473.625000,P1,1,81,568.000000
LH,50,473.875000,P1,3,50,568.500000
LH,38,474.000000,P1,3,38,569.000000
RH,67,474.000000,P1,1,67,569.000000
LH,50,474.125000,P1,3,50,569.500000
LH,38,474.250000,P1,3,38,570.000000
RH,66,474.250000,P1,1,66,570.000000
LH,50,474.500000,P1,3,50,570.500000
LH,38,474.625000,P1,3,38,571.000000
RH,67,474.625000,P1,1,67,571.000000
RH,73,474.625000,P1,1,73,571.000000
LH,50,474.750000,P1,3,50,571.500000
LH,38,474.875000,P1,3,38,572.000000
RH,66,474.875000,P1,1,66,572.000000
RH,74,474.875000,P1,1,74,572.000000
LH,50,475.125000,P1,3,50,572.500000
LH,38,475.250000,P1,3,38,573.000000
RH,73,475.250000,P1,1,73,573.000000
RH,79,475.250000,P1,1,79,573.000000
LH,50,475.500000,P1,3,50,573.500000
LH,38,475.625000,P1,3,38,574.000000
RH,74,475.625000,P1,1,74,574.000000
LH,50,475.750000,P1,3,50,574.500000
LH,38,475.875000,P1,3,38,575.000000
RH,79,475.875000,P1,1,79,575.000000
RH,85,475.875000,P1,1,85,575.000000
LH,38,476.125000,P1,3,38,576.000000
LH,50,476.125000,P1,3,50,575.500000
RH,78,476.250000,P1,1,78,576.000000
RH,86,476.250000,P1,1,86,576.000000
RH,60,476.625000,P1,3,60,577.000000
RH,60,477.000000,P1,3,60,578.000000
RH,66,477.000000,P1,1,66,578.000000
RH,78,477.000000,P1,1,78,578.000000
LH,57,477.125000,P1,3,57,578.000000
LH,50,477.875000,P1,3,50,580.000000
RH,66,478.000000,P1,1,66,581.000000
RH,78,478.000000,P1,1,78,581.000000
RH,67,478.333333,P1,1,67,582.000000
RH,79,478.333333,P1,1,79,582.000000
LH,57,478.375000,P1,3,57,582.000000
RH,60,478.375000,P1,3,60,582.000000
LH,57,478.750000,P1,3,57,583.000000
RH,60,478.750000,P1,3,60,583.000000
RH,69,478.750000,P1,1,69,583.000000
RH,81,478.750000,P1,1,81,583.000000
RH,69,479.000000,P1,1,69,584.000000
RH,81,479.000000,P1,1,81,584.000000
LH,50,479.125000,P1,3,50,584.000000
LH,55,479.500000,P1,3,55,585.000000
LH,58,479.500000,P1,3,58,585.000000
LH,55,479.875000,P1,3,55,586.000000
LH,58,479.875000,P1,3,58,586.000000
RH,67,479.875000,P1,1,67,586.000000
RH,79,479.875000,P1,1,79,586.000000
LH,55,480.250000,P1,3,55,587.000000
LH,58,480.250000,P1,3,58,587.000000
LH,49,480.500000,P1,3,49,588.000000
LH,55,480.875000,P1,3,55,589.000000
LH,58,480.875000,P1,3,58,589.000000
RH,67,480.875000,P1,1,67,589.000000
RH,79,480.875000,P1,1,79,589.000000
LH,55,481.250000,P1,3,55,590.000000
LH,58,481.250000,P1,3,58,590.000000
RH,69,481.250000,P1,1,69,590.000000
RH,81,481.250000,P1,1,81,590.000000
LH,55,481.625000,P1,3,55,591.000000
LH,58,481.625000,P1,3,58,591.000000
RH,70,481.625000,P1,1,70,591.000000
RH,82,481.625000,P1,1,82,591.000000
LH,36,482.000000,P1,3,36,592.000000
LH,48,482.000000,P1,3,48,592.000000
RH,70,482.000000,P1,1,70,592.000000
RH,82,482.125000,P1,1,82,592.500000
LH,49,482.333333,P1,3,49,593.000000
RH,70,482.333333,P1,1,70,593.000000
RH,82,482.500000,P1,1,82,593.500000
LH,48,482.625000,P1,3,48,594.000000
RH,70,482.625000,P1,1,70,594.000000
RH,82,482.750000,P1,1,82,594.500000
LH,53,483.000000,P1,3,53,595.000000
RH,70,483.000000,P1,1,70,595.000000
RH,82,483.125000,P1,1,82,595.500000
LH,52,483.333333,P1,3,52,596.000000
RH,70,483.333333,P1,1,70,596.000000
RH,82,483.500000,P1,1,82,596.500000
RH,61,483.666667,P1,3,61,597.000000
RH,70,483.666667,P1,1,70,597.000000
RH,82,483.875000,P1,1,82,597.500000
RH,60,484.000000,P1,3,60,598.000000
RH,70,484.000000,P1,1,70,598.000000
RH,82,484.125000,P1,1,82,598.500000
RH,65,484.333333,P1,3,65,599.000000
RH,70,484.333333,P1,1,70,599.000000
RH,82,484.500000,P1,1,82,599.500000
RH,64,484.625000,P1,3,64,600.000000
RH,70,484.625000,P1,1,70,600.000000
RH,82,484.875000,P1,1,82,600.500000
RH,66,485.000000,P1,3,66,601.000000
RH,70,485.000000,P1,1,70,601.000000
RH,82,485.125000,P1,1,82,601.500000
RH,67,485.333333,P1,3,67,602.000000
RH,70,485.333333,P1,1,70,602.000000
RH,82,485.625000,P1,1,82,602.500000
RH,70,485.750000,P1,1,70,603.000000
RH,82,485.875000,P1,1,82,603.500000
RH,70,486.125000,P1,1,70,604.000000
RH,82,486.250000,P1,1,82,604.500000
RH,70,486.375000,P1,1,70,605.000000
RH,82,486.625000,P1,1,82,605.500000
RH,70,486.750000,P1,1,70,606.000000
RH,82,486.875000,P1,1,82,606.500000
RH,70,487.125000,P1,1,70,607.000000
RH,82,487.250000,P1,1,82,607.500000
RH,69,487.500000,P1,1,69,608.000000
RH,81,487.625000,P1,1,81,608.500000
LH,42,487.750000,P1,3,42,609.000000
RH,69,487.750000,P1,1,69,609.000000
RH,81,487.875000,P1,1,81,609.500000
LH,41,488.000000,P1,3,41,610.000000
RH,69,488.125000,P1,1,69,610.000000
RH,81,488.250000,P1,1,81,610.500000
LH,49,488.375000,P1,3,49,611.000000
RH,69,488.375000,P1,1,69,611.000000
RH,81,488.625000,P1,1,81,611.500000
LH,48,488.750000,P1,3,48,612.000000
RH,69,488.750000,P1,1,69,612.000000
RH,81,489.000000,P1,1,81,612.500000
LH,54,489.125000,P1,3,54,613.000000
RH,69,489.125000,P1,1,69,613.000000
RH,81,489.250000,P1,1,81,613.500000
LH,53,489.500000,P1,3,53,614.000000
RH,69,489.500000,P1,1,69,614.000000
RH,81,489.625000,P1,1,81,614.500000
RH,61,489.750000,P1,3,61,615.000000
RH,69,489.750000,P1,1,69,615.000000
RH,81,490.000000,P1,1,81,615.500000
RH,60,490.125000,P1,3,60,616.000000
RH,69,490.125000,P1,1,69,616.000000
RH,81,490.333333,P1,1,81,616.500000
RH,64,490.500000,P1,3,64,617.000000
RH,69,490.500000,P1,1,69,617.000000
RH,81,490.666667,P1,1,81,617.500000
RH,65,490.875000,P1,3,65,618.000000
RH,69,490.875000,P1,1,69,618.000000
RH,81,491.000000,P1,1,81,618.500000
RH,69,491.250000,P1,1,69,619.000000
RH,81,491.375000,P1,1,81,619.500000
RH,69,491.625000,P1,1,69,620.000000
RH,81,491.750000,P1,1,81,620.500000
RH,69,491.875000,P1,1,69,621.000000
RH,81,492.125000,P1,1,81,621.500000
RH,69,492.250000,P1,1,69,622.000000
RH,81,492.500000,P1,1,81,622.500000
RH,69,492.625000,P1,1,69,623.000000
RH,81,492.750000,P1,1,81,623.500000
RH,68,492.875000,P1,1,68,624.000000
RH,80,493.125000,P1,1,80,624.500000
RH,68,493.250000,P1,1,68,625.000000
LH,48,493.333333,P1,3,48,625.000000
RH,80,493.375000,P1,1,80,625.500000
LH,47,493.625000,P1,3,47,626.000000
RH,68,493.625000,P1,1,68,626.000000
RH,80,493.750000,P1,1,80,626.500000
LH,50,493.875000,P1,3,50,627.000000
RH,68,493.875000,P1,1,68,627.000000
RH,80,494.125000,P1,1,80,627.500000
LH,53,494.333333,P1,3,53,628.000000
RH,68,494.333333,P1,1,68,628.000000
RH,80,494.500000,P1,1,80,628.500000
RH,60,494.625000,P1,3,60,629.000000
RH,68,494.625000,P1,1,68,629.000000
RH,80,494.750000,P1,1,80,629.500000
LH,59,495.000000,P1,3,59,630.000000
RH,68,495.000000,P1,1,68,630.000000
RH,80,495.125000,P1,1,80,630.500000
RH,62,495.333333,P1,3,62,631.000000
RH,68,495.333333,P1,1,68,631.000000
RH,80,495.500000,P1,1,80,631.500000
RH,65,495.666667,P1,3,65,632.000000
RH,68,495.666667,P1,1,68,632.000000
RH,80,495.875000,P1,1,80,632.500000
RH,68,496.000000,P1,1,68,633.000000
RH,80,496.250000,P1,1,80,633.500000
RH,62,496.375000,P1,3,62,634.000000
RH,68,496.375000,P1,1,68,634.000000
RH,80,496.500000,P1,1,80,634.500000
RH,68,496.750000,P1,1,68,635.000000
RH,80,497.000000,P1,1,80,635.500000
LH,59,497.125000,P1,3,59,636.000000
RH,68,497.125000,P1,1,68,636.000000
RH,80,497.250000,P1,1,80,636.500000
RH,67,497.500000,P1,1,67,637.000000
RH,79,497.666667,P1,1,79,637.500000
LH,55,497.750000,P1,3,55,638.000000
RH,67,497.750000,P1,1,67,638.000000
RH,79,497.875000,P1,1,79,638.500000
RH,65,498.125000,P1,1,65,639.000000
RH,77,498.333333,P1,1,77,639.500000
LH,49,498.500000,P1,3,49,640.000000
RH,61,498.500000,P1,3,61,640.000000
RH,65,498.500000,P1,1,65,640.000000
RH,77,498.625000,P1,1,77,640.500000
RH,64,498.750000,P1,1,64,641.000000
RH,76,499.000000,P1,1,76,641.500000
LH,46,499.125000,P1,3,46,642.000000
LH,58,499.125000,P1,3,58,642.000000
RH,64,499.125000,P1,1,64,642.000000
RH,76,499.333333,P1,1,76,642.500000
RH,61,499.500000,P1,1,61,643.000000
RH,73,499.666667,P1,1,73,643.500000
LH,43,499.875000,P1,3,43,644.000000
LH,55,499.875000,P1,3,55,644.000000
RH,61,499.875000,P1,1,61,644.000000
RH,73,500.000000,P1,1,73,644.500000
RH,60,500.125000,P1,1,60,645.000000
RH,72,500.375000,P1,1,72,645.500000
LH,40,500.500000,P1,3,40,646.000000
LH,52,500.500000,P1,3,52,646.000000
RH,60,500.500000,P1,1,60,646.000000
RH,72,500.750000,P1,1,72,646.500000
LH,58,500.875000,P1,1,58,647.000000
RH,70,501.125000,P1,1,70,647.500000
LH,41,501.250000,P1,3,41,648.000000
LH,53,501.250000,P1,3,53,648.000000
LH,58,501.250000,P1,1,58,648.000000
RH,70,501.500000,P1,1,70,648.500000
LH,56,501.625000,P1,1,56,649.000000
RH,68,501.750000,P1,1,68,649.500000
LH,56,501.875000,P1,1,56,650.000000
RH,68,502.125000,P1,1,68,650.500000
LH,55,502.250000,P1,1,55,651.000000
RH,67,502.500000,P1,1,67,651.500000
LH,29,502.625000,P1,3,29,652.000000
LH,41,502.625000,P1,3,41,652.000000
LH,55,502.625000,P1,1,55,652.000000
RH,67,502.875000,P1,1,67,652.500000
LH,53,503.000000,P1,1,53,653.000000
RH,65,503.125000,P1,1,65,653.500000
LH,53,503.333333,P1,1,53,654.000000
RH,65,503.500000,P1,1,65,654.500000
LH,51,503.625000,P1,1,51,655.000000
RH,63,503.750000,P1,1,63,655.500000
LH,30,504.000000,P1,3,30,656.000000
LH,42,504.000000,P1,3,42,656.000000
LH,51,504.000000,P1,1,51,656.000000
RH,63,504.125000,P1,1,63,656.500000
LH,50,504.333333,P1,1,50,657.000000
RH,62,504.500000,P1,1,62,657.500000
LH,50,504.625000,P1,1,50,658.000000
RH,62,504.750000,P1,1,62,658.500000
LH,51,505.000000,P1,1,51,659.000000
RH,63,505.125000,P1,1,63,659.500000
LH,30,505.333333,P1,3,30,660.000000
LH,42,505.333333,P1,3,42,660.000000
LH,51,505.333333,P1,1,51,660.000000
RH,63,505.500000,P1,1,63,660.500000
LH,50,505.666667,P1,1,50,661.000000
RH,62,505.875000,P1,1,62,661.500000
LH,50,506.000000,P1,1,50,662.000000
RH,62,506.125000,P1,1,62,662.500000
LH,48,506.333333,P1,1,48,663.000000
RH,60,506.500000,P1,1,60,663.500000
LH,31,506.750000,P1,3,31,664.000000
LH,47,506.750000,P1,1,47,664.000000
LH,59,506.750000,P1,1,59,664.000000
LH,43,506.875000,P1,3,43,664.500000
LH,31,507.125000,P1,3,31,665.000000
LH,43,507.333333,P1,3,43,665.500000
LH,31,507.500000,P1,3,31,666.000000
LH,49,507.500000,P1,1,49,666.000000
LH,43,507.666667,P1,3,43,666.500000
LH,56,507.666667,P1,1,56,666.500000
LH,31,507.875000,P1,3,31,667.000000
LH,52,507.875000,P1,1,52,667.000000
LH,43,508.125000,P1,3,43,667.500000
LH,49,508.125000,P1,1,49,667.500000
LH,31,508.250000,P1,3,31,668.000000
LH,50,508.250000,P1,1,50,668.000000
LH,43,508.375000,P1,3,43,668.500000
LH,56,508.375000,P1,1,56,668.500000
LH,31,508.625000,P1,3,31,669.000000
LH,53,508.625000,P1,1,53,669.000000
LH,43,508.750000,P1,3,43,669.500000
LH,50,508.750000,P1,1,50,669.500000
LH,31,508.875000,P1,3,31,670.000000
LH,48,509.000000,P1,1,48,670.000000
LH,43,509.125000,P1,3,43,670.500000
LH,56,509.125000,P1,1,56,670.500000
LH,31,509.250000,P1,3,31,671.000000
LH,51,509.250000,P1,1,51,671.000000
LH,43,509.500000,P1,3,43,671.500000
LH,48,509.500000,P1,1,48,671.500000
LH,31,509.625000,P1,3,31,672.000000
LH,47,509.750000,P1,1,47,672.000000
LH,43,509.875000,P1,3,43,672.500000
LH,55,509.875000,P1,1,55,672.500000
LH,31,510.000000,P1,3,31,673.000000
LH,50,510.000000,P1,1,50,673.000000
LH,43,510.125000,P1,3,43,673.500000
LH,47,510.125000,P1,1,47,673.500000
LH,31,510.333333,P1,3,31,674.000000
LH,49,510.375000,P1,1,49,674.000000
LH,43,510.500000,P1,3,43,674.500000
LH,56,510.625000,P1,1,56,674.500000
LH,31,510.750000,P1,3,31,675.000000
LH,52,510.750000,P1,1,52,675.000000
LH,43,510.875000,P1,3,43,675.500000
LH,31,511.000000,P1,3,31,676.000000
LH,49,511.000000,P1,1,49,675.500000
LH,50,511.125000,P1,1,50,676.000000
LH,43,511.250000,P1,3,43,676.500000
LH,56,511.333333,P1,1,56,676.500000
LH,31,511.375000,P1,3,31,677.000000
LH,53,511.500000,P1,1,53,677.000000
LH,43,511.625000,P1,3,43,677.500000
LH,31,511.750000,P1,3,31,678.000000
LH,50,511.750000,P1,1,50,677.500000
LH,43,511.875000,P1,3,43,678.500000
LH,48,511.875000,P1,1,48,678.000000
LH,31,512.125000,P1,3,31,678.000000
LH,56,512.125000,P1,1,56,678.500000
LH,51,512.250000,P1,1,51,679.000000
LH,48,512.375000,P1,1,48,679.500000
LH,43,512.625000,P1,3,43,679.500000
LH,47,512.625000,P1,1,47,680.000000
LH,50,512.625000,P1,1,50,680.000000
LH,31,512.666667,P1,3,31,680.000000
LH,55,512.666667,P1,1,55,680.000000
LH,43,512.875000,P1,3,43,680.500000
LH,31,513.000000,P1,3,31,681.000000
RH,64,513.000000,P1,1,64,681.000000
LH,43,513.250000,P1,3,43,681.500000
LH,31,513.333333,P1,3,31,682.000000
RH,65,513.333333,P1,1,65,682.000000
LH,43,513.625000,P1,3,43,682.500000
LH,31,513.750000,P1,3,31,683.000000
RH,64,513.750000,P1,1,64,683.000000
RH,73,513.750000,P1,1,73,683.000000
LH,43,513.875000,P1,3,43,683.500000
LH,31,514.125000,P1,3,31,684.000000
RH,65,514.125000,P1,1,65,684.000000
RH,74,514.125000,P1,1,74,684.000000
LH,43,514.250000,P1,3,43,684.500000
LH,31,514.375000,P1,3,31,685.000000
RH,73,514.375000,P1,1,73,685.000000
RH,76,514.375000,P1,1,76,685.000000
LH,43,514.625000,P1,3,43,685.500000
LH,31,514.750000,P1,3,31,686.000000
RH,74,514.750000,P1,1,74,686.000000
RH,77,514.750000,P1,1,77,686.000000
LH,43,515.000000,P1,3,43,686.500000
LH,31,515.125000,P1,3,31,687.000000
RH,76,515.125000,P1,1,76,687.000000
RH,85,515.125000,P1,1,85,687.000000
LH,43,515.250000,P1,3,43,687.500000
RH,77,515.375000,P1,1,77,688.000000
RH,86,515.375000,P1,1,86,688.000000
LH,43,515.750000,P1,3,43,689.000000
RH,85,515.750000,P1,1,85,689.000000
RH,88,515.750000,P1,1,88,689.000000
LH,35,516.125000,P1,4,35,690.000000
RH,86,516.125000,P1,1,86,690.000000
RH,89,516.125000,P1,1,89,690.000000
LH,43,516.500000,P1,3,43,691.000000
LH,36,516.875000,P1,4,36,692.000000
LH,43,517.250000,P1,3,43,693.000000
LH,30,517.500000,P1,4,30,694.000000
RH,84,517.500000,P1,1,84,694.000000
RH,87,517.500000,P1,1,87,694.000000
LH,43,517.875000,P1,3,43,695.000000
RH,87,517.875000,P1,2,87,694.750000
LH,31,518.250000,P1,3,31,696.000000
RH,83,518.250000,P1,1,83,696.000000
LH,43,518.500000,P1,3,43,696.500000
LH,31,518.666667,P1,3,31,697.000000
LH,43,518.875000,P1,3,43,697.500000
LH,31,519.000000,P1,3,31,698.000000
LH,49,519.000000,P1,1,49,698.000000
LH,43,519.250000,P1,3,43,698.500000
LH,56,519.250000,P1,1,56,698.500000
LH,31,519.375000,P1,3,31,699.000000
LH,52,519.375000,P1,1,52,699.000000
LH,49,519.625000,P1,1,49,699.500000
LH,43,519.666667,P1,3,43,699.500000
LH,31,519.750000,P1,3,31,700.000000
LH,50,519.750000,P1,1,50,700.000000
LH,43,520.000000,P1,3,43,700.500000
LH,56,520.000000,P1,1,56,700.500000
LH,31,520.125000,P1,3,31,701.000000
LH,53,520.125000,P1,1,53,701.000000
LH,43,520.333333,P1,3,43,701.500000
LH,50,520.333333,P1,1,50,701.500000
LH,31,520.500000,P1,3,31,702.000000
LH,48,520.500000,P1,1,48,702.000000
LH,43,520.750000,P1,3,43,702.500000
LH,56,520.750000,P1,1,56,702.500000
LH,31,520.875000,P1,3,31,703.000000
LH,51,520.875000,P1,1,51,703.000000
LH,43,521.125000,P1,3,43,703.500000
LH,48,521.125000,P1,1,48,703.500000
LH,31,521.250000,P1,3,31,704.000000
LH,47,521.333333,P1,1,47,704.000000
LH,43,521.500000,P1,3,43,704.500000
LH,55,521.500000,P1,1,55,704.500000
LH,31,521.625000,P1,3,31,705.000000
LH,50,521.625000,P1,1,50,705.000000
LH,43,521.750000,P1,3,43,705.500000
LH,47,521.750000,P1,1,47,705.500000
LH,31,522.000000,P1,3,31,706.000000
LH,49,522.000000,P1,1,49,706.000000
LH,43,522.250000,P1,3,43,706.500000
LH,56,522.250000,P1,1,56,706.500000
LH,31,522.375000,P1,3,31,707.000000
LH,52,522.375000,P1,1,52,707.000000
LH,49,522.500000,P1,1,49,707.500000
LH,43,522.625000,P1,3,43,707.500000
LH,31,522.750000,P1,3,31,708.000000
LH,50,522.750000,P1,1,50,708.000000
LH,43,522.875000,P1,3,43,708.500000
LH,56,522.875000,P1,1,56,708.500000
LH,31,523.000000,P1,3,31,709.000000
LH,53,523.125000,P1,1,53,709.000000
LH,43,523.250000,P1,3,43,709.500000
LH,50,523.250000,P1,1,50,709.500000
LH,31,523.375000,P1,3,31,710.000000
LH,48,523.500000,P1,1,48,710.000000
LH,43,523.625000,P1,3,43,710.500000
LH,56,523.625000,P1,1,56,710.500000
LH,31,523.750000,P1,3,31,711.000000
LH,51,523.750000,P1,1,51,711.000000
LH,43,524.000000,P1,3,43,711.500000
LH,48,524.000000,P1,1,48,711.500000
LH,31,524.125000,P1,3,31,712.000000
LH,50,524.125000,P1,1,50,712.000000
LH,55,524.125000,P1,1,55,712.000000
LH,47,524.250000,P1,1,47,712.000000
LH,43,524.375000,P1,3,43,712.500000
LH,31,524.500000,P1,3,31,713.000000
RH,64,524.500000,P1,1,64,713.000000
LH,43,524.750000,P1,3,43,713.500000
LH,31,524.875000,P1,3,31,714.000000
RH,65,524.875000,P1,1,65,714.000000
LH,43,525.125000,P1,3,43,714.500000
LH,31,525.250000,P1,3,31,715.000000
RH,64,525.250000,P1,1,64,715.000000
RH,73,525.250000,P1,1,73,715.000000
LH,43,525.500000,P1,3,43,715.500000
LH,31,525.625000,P1,3,31,716.000000
RH,65,525.625000,P1,1,65,716.000000
RH,74,525.625000,P1,1,74,716.000000
LH,31,525.875000,P1,3,31,717.000000
LH,43,525.875000,P1,3,43,716.500000
RH,73,525.875000,P1,1,73,717.000000
RH,76,525.875000,P1,1,76,717.000000
LH,31,526.250000,P1,3,31,718.000000
LH,43,526.250000,P1,3,43,717.500000
RH,74,526.250000,P1,1,74,718.000000
RH,77,526.250000,P1,1,77,718.000000
LH,43,526.500000,P1,3,43,718.500000
LH,31,526.625000,P1,3,31,719.000000
RH,76,526.625000,P1,1,76,719.000000
RH,85,526.625000,P1,1,85,719.000000
LH,43,526.875000,P1,3,43,719.500000
RH,77,527.000000,P1,1,77,720.000000
RH,86,527.000000,P1,1,86,720.000000
LH,43,527.333333,P1,3,43,721.000000
RH,85,527.333333,P1,1,85,721.000000
RH,88,527.333333,P1,1,88,721.000000
LH,35,527.750000,P1,4,35,722.000000
RH,86,527.750000,P1,1,86,722.000000
RH,89,527.750000,P1,1,89,722.000000
LH,43,528.125000,P1,3,43,723.000000
LH,36,528.500000,P1,4,36,724.000000
LH,43,528.875000,P1,3,43,725.000000
LH,30,529.125000,P1,4,30,726.000000
RH,84,529.125000,P1,1,84,726.000000
RH,87,529.125000,P1,1,87,726.000000
RH,89,529.250000,P1,2,89,726.500000
LH,43,529.375000,P1,3,43,727.000000
RH,87,529.375000,P1,2,87,726.750000
RH,83,529.750000,P1,1,83,728.000000
LH,43,530.125000,P1,3,43,729.000000
RH,85,530.125000,P1,1,85,729.000000
RH,88,530.125000,P1,1,88,729.000000
LH,35,530.500000,P1,4,35,730.000000
RH,86,530.500000,P1,1,86,730.000000
RH,89,530.500000,P1,1,89,730.000000
LH,43,531.000000,P1,3,43,731.000000
LH,36,531.250000,P1,4,36,732.000000
LH,43,531.666667,P1,3,43,733.000000
LH,30,532.000000,P1,4,30,734.000000
RH,84,532.000000,P1,1,84,734.000000
RH,87,532.000000,P1,1,87,734.000000
LH,43,532.250000,P1,3,43,735.000000
RH,83,532.666667,P1,1,83,736.000000
RH,86,532.666667,P1,1,86,736.000000
LH,43,533.000000,P1,3,43,737.000000
RH,85,533.000000,P1,1,85,737.000000
RH,88,533.000000,P1,1,88,737.000000
LH,35,533.375000,P1,4,35,738.000000
RH,86,533.375000,P1,1,86,738.000000
RH,89,533.375000,P1,1,89,738.000000
LH,43,533.875000,P1,3,43,739.000000
LH,36,534.250000,P1,4,36,740.000000
LH,43,534.625000,P1,3,43,741.000000
LH,30,534.875000,P1,4,30,742.000000
RH,84,534.875000,P1,1,84,742.000000
RH,87,534.875000,P1,1,87,742.000000
RH,89,535.125000,P1,2,89,742.500000
LH,43,535.250000,P1,3,43,743.000000
LH,31,535.625000,P1,3,31,744.000000
LH,43,535.625000,P1,3,43,744.000000
RH,83,535.625000,P1,1,83,744.000000
RH,86,535.625000,P1,1,86,744.000000
RH,89,535.875000,P1,1,89,744.500000
RH,86,536.125000,P1,1,86,745.000000
RH,84,536.250000,P1,1,84,745.500000
RH,83,536.375000,P1,1,83,746.000000
RH,89,536.625000,P1,1,89,746.500000
RH,86,536.750000,P1,1,86,747.000000
RH,84,536.875000,P1,1,84,747.500000
RH,83,537.125000,P1,1,83,748.000000
RH,89,537.250000,P1,1,89,748.500000
RH,86,537.375000,P1,1,86,749.000000
RH,84,537.625000,P1,1,84,749.500000
RH,83,537.750000,P1,1,83,750.000000
RH,86,537.875000,P1,1,86,750.500000
RH,83,538.125000,P1,1,83,751.000000
RH,79,538.250000,P1,1,79,751.500000
RH,80,538.500000,P1,1,80,752.000000
RH,82,538.625000,P1,1,82,752.500000
RH,80,538.750000,P1,1,80,753.000000
RH,79,538.875000,P1,1,79,753.500000
RH,77,539.125000,P1,1,77,754.000000
RH,80,539.250000,P1,1,80,754.500000
RH,77,539.375000,P1,1,77,755.000000
RH,75,539.625000,P1,1,75,755.500000
RH,74,539.750000,P1,1,74,756.000000
RH,77,539.875000,P1,1,77,756.500000
RH,74,540.125000,P1,1,74,757.000000
RH,72,540.250000,P1,1,72,757.500000
RH,71,540.375000,P1,1,71,758.000000
RH,74,540.625000,P1,1,74,758.500000
RH,71,540.750000,P1,1,71,759.000000
RH,67,540.875000,P1,1,67,759.500000
RH,68,541.125000,P1,1,68,760.000000
RH,70,541.250000,P1,1,70,760.500000
RH,68,541.375000,P1,1,68,761.000000
RH,67,541.625000,P1,1,67,761.500000
RH,65,541.750000,P1,1,65,762.000000
RH,68,542.000000,P1,1,68,762.500000
RH,65,542.125000,P1,1,65,763.000000
RH,63,542.250000,P1,1,63,763.500000
RH,62,542.375000,P1,1,62,764.000000
RH,65,542.625000,P1,1,65,764.500000
RH,62,542.750000,P1,1,62,765.000000
RH,60,542.875000,P1,1,60,765.500000
LH,59,543.125000,P1,1,59,766.000000
RH,62,543.250000,P1,1,62,766.500000
LH,59,543.375000,P1,1,59,767.000000
LH,55,543.625000,P1,1,55,767.500000
LH,56,543.750000,P1,1,56,768.000000
LH,58,544.000000,P1,1,58,768.500000
LH,56,544.125000,P1,1,56,769.000000
LH,55,544.250000,P1,1,55,769.500000
LH,53,544.500000,P1,1,53,770.000000
LH,51,544.625000,P1,1,51,770.500000
LH,50,544.750000,P1,1,50,771.000000
LH,48,545.000000,P1,1,48,771.500000
LH,47,545.125000,P1,1,47,772.000000
LH,48,545.333333,P1,1,48,772.500000
LH,47,545.500000,P1,1,47,773.000000
LH,44,545.625000,P1,1,44,773.500000
LH,43,545.875000,P1,3,43,774.000000
LH,41,546.000000,P1,3,41,774.500000
LH,39,546.250000,P1,3,39,775.000000
LH,38,546.375000,P1,3,38,775.500000
LH,36,546.625000,P1,3,36,776.000000
RH,60,546.625000,P1,1,60,776.000000
LH,48,546.875000,P1,3,48,776.500000
LH,36,547.000000,P1,3,36,777.000000
LH,48,547.250000,P1,3,48,777.500000
LH,36,547.375000,P1,3,36,778.000000
LH,48,547.625000,P1,3,48,778.500000
LH,36,547.666667,P1,3,36,779.000000
LH,58,547.666667,P1,1,58,779.000000
RH,64,547.666667,P1,1,64,779.000000
LH,48,548.000000,P1,3,48,779.500000
LH,56,548.000000,P1,1,56,780.000000
RH,65,548.000000,P1,1,65,780.000000
LH,36,548.125000,P1,3,36,780.000000
LH,48,548.250000,P1,3,48,780.500000
LH,36,548.375000,P1,3,36,781.000000
RH,64,548.375000,P1,1,64,781.000000
RH,67,548.375000,P1,1,67,781.000000
LH,48,548.625000,P1,3,48,781.500000
LH,36,548.750000,P1,3,36,782.000000
RH,65,548.750000,P1,1,65,782.000000
RH,68,548.750000,P1,1,68,782.000000
LH,48,549.000000,P1,3,48,782.500000
LH,36,549.125000,P1,3,36,783.000000
RH,62,549.125000,P1,1,62,783.000000
RH,71,549.125000,P1,1,71,783.000000
LH,48,549.333333,P1,3,48,783.500000
LH,36,549.500000,P1,3,36,784.000000
RH,63,549.500000,P1,1,63,784.000000
RH,72,549.500000,P1,1,72,784.000000
LH,48,549.666667,P1,3,48,784.500000
LH,36,549.875000,P1,3,36,785.000000
RH,64,549.875000,P1,1,64,785.000000
RH,72,549.875000,P1,1,72,785.000000
LH,48,550.125000,P1,3,48,785.500000
LH,36,550.250000,P1,3,36,786.000000
LH,36,550.500000,P1,3,36,787.000000
LH,48,550.500000,P1,3,48,786.500000
RH,70,550.500000,P1,1,70,787.000000
RH,76,550.500000,P1,1,76,787.000000
LH,48,550.750000,P1,3,48,787.500000
LH,36,550.875000,P1,3,36,788.000000
RH,68,550.875000,P1,1,68,788.000000
RH,77,550.875000,P1,1,77,788.000000
LH,48,551.125000,P1,3,48,788.500000
LH,36,551.250000,P1,3,36,789.000000
RH,76,551.250000,P1,1,76,789.000000
RH,79,551.250000,P1,1,79,789.000000
LH,48,551.500000,P1,3,48,789.500000
LH,36,551.625000,P1,3,36,790.000000
RH,77,551.625000,P1,1,77,790.000000
RH,80,551.625000,P1,1,80,790.000000
LH,48,551.875000,P1,3,48,790.500000
LH,36,552.000000,P1,3,36,791.000000
RH,74,552.000000,P1,1,74,791.000000
RH,83,552.000000,P1,1,83,791.000000
LH,48,552.250000,P1,3,48,791.500000
LH,36,552.333333,P1,3,36,792.000000
RH,72,552.333333,P1,1,72,792.000000
RH,75,552.333333,P1,1,75,792.000000
RH,79,552.333333,P1,1,79,792.000000
RH,84,552.333333,P1,1,84,792.000000
LH,48,552.625000,P1,3,48,792.500000
LH,36,552.750000,P1,3,36,793.000000
LH,48,552.875000,P1,3,48,793.500000
LH,38,553.000000,P1,3,38,794.000000
RH,67,553.000000,P1,1,67,794.000000
RH,71,553.000000,P1,1,71,794.000000
RH,77,553.000000,P1,1,77,794.000000
RH,79,553.000000,P1,1,79,794.000000
LH,50,553.250000,P1,3,50,794.500000
LH,38,553.375000,P1,3,38,795.000000
LH,50,553.500000,P1,3,50,795.500000
LH,39,553.750000,P1,3,39,796.000000
RH,67,553.750000,P1,1,67,796.000000
RH,72,553.750000,P1,1,72,796.000000
RH,75,553.750000,P1,1,75,796.000000
LH,51,553.875000,P1,3,51,796.500000
LH,39,554.125000,P1,3,39,797.000000
LH,51,554.250000,P1,3,51,797.500000
LH,41,554.375000,P1,3,41,798.000000
RH,65,554.375000,P1,1,65,798.000000
RH,68,554.375000,P1,1,68,798.000000
RH,74,554.375000,P1,1,74,798.000000
LH,53,554.625000,P1,3,53,798.500000
LH,41,554.750000,P1,3,41,799.000000
LH,53,555.000000,P1,3,53,799.500000
LH,43,555.125000,P1,3,43,800.000000
RH,63,555.125000,P1,1,63,800.000000
RH,67,555.125000,P1,2,67,800.000000
RH,72,555.125000,P1,1,72,800.000000
LH,55,555.375000,P1,3,55,800.500000
LH,43,555.500000,P1,3,43,801.000000
LH,55,555.750000,P1,3,55,801.500000
LH,44,555.875000,P1,3,44,802.000000
RH,66,555.875000,P1,2,66,802.000000
LH,56,556.000000,P1,3,56,802.500000
LH,44,556.250000,P1,3,44,803.000000
LH,56,556.375000,P1,3,56,803.500000
LH,42,556.500000,P1,3,42,804.000000
RH,69,556.500000,P1,2,69,804.000000
LH,54,556.750000,P1,3,54,804.500000
LH,42,556.875000,P1,3,42,805.000000
LH,54,557.125000,P1,3,54,805.500000
LH,43,557.333333,P1,3,43,806.000000
RH,62,557.333333,P1,1,62,806.000000
RH,65,557.333333,P1,1,65,806.000000
RH,71,557.333333,P1,1,71,806.000000
LH,55,557.500000,P1,3,55,806.500000
LH,43,557.666667,P1,3,43,807.000000
LH,55,557.875000,P1,3,55,807.500000
LH,36,558.125000,P1,3,36,808.000000
RH,60,558.125000,P1,1,60,808.000000
RH,63,558.125000,P1,1,63,808.000000
RH,72,558.125000,P1,1,72,808.000000
LH,48,558.375000,P1,3,48,808.500000
LH,36,558.500000,P1,3,36,809.000000
RH,60,558.500000,P1,1,60,809.000000
LH,48,558.750000,P1,3,48,809.500000
LH,36,558.875000,P1,3,36,810.000000
LH,48,559.125000,P1,3,48,810.500000
LH,36,559.250000,P1,3,36,811.000000
LH,58,559.250000,P1,1,58,811.000000
RH,64,559.250000,P1,1,64,811.000000
LH,48,559.500000,P1,3,48,811.500000
LH,36,559.625000,P1,3,36,812.000000
LH,56,559.625000,P1,1,56,812.000000
RH,65,559.625000,P1,1,65,812.000000
LH,48,559.875000,P1,3,48,812.500000
LH,36,560.000000,P1,3,36,813.000000
RH,64,560.000000,P1,1,64,813.000000
RH,67,560.000000,P1,1,67,813.000000
LH,48,560.125000,P1,3,48,813.500000
LH,36,560.333333,P1,3,36,814.000000
RH,65,560.333333,P1,1,65,814.000000
RH,68,560.333333,P1,1,68,814.000000
LH,48,560.500000,P1,3,48,814.500000
LH,36,560.666667,P1,3,36,815.000000
RH,62,560.666667,P1,1,62,815.000000
RH,71,560.666667,P1,1,71,815.000000
LH,48,560.875000,P1,3,48,815.500000
LH,36,561.000000,P1,3,36,816.000000
RH,63,561.000000,P1,1,63,816.000000
RH,72,561.000000,P1,1,72,816.000000
LH,48,561.250000,P1,3,48,816.500000
LH,36,561.375000,P1,3,36,817.000000
RH,64,561.375000,P1,1,64,817.000000
RH,72,561.375000,P1,1,72,817.000000
LH,48,561.625000,P1,3,48,817.500000
LH,36,561.750000,P1,3,36,818.000000
LH,48,562.000000,P1,3,48,818.500000
LH,36,562.125000,P1,3,36,819.000000
RH,70,562.125000,P1,1,70,819.000000
RH,76,562.125000,P1,1,76,819.000000
LH,48,562.375000,P1,3,48,819.500000
LH,36,562.500000,P1,3,36,820.000000
RH,68,562.500000,P1,1,68,820.000000
RH,77,562.500000,P1,1,77,820.000000
LH,48,562.666667,P1,3,48,820.500000
LH,36,562.875000,P1,3,36,821.000000
RH,76,562.875000,P1,1,76,821.000000
RH,79,562.875000,P1,1,79,821.000000
LH,48,563.000000,P1,3,48,821.500000
LH,36,563.125000,P1,3,36,822.000000
RH,77,563.125000,P1,1,77,822.000000
RH,80,563.125000,P1,1,80,822.000000
LH,48,563.375000,P1,3,48,822.500000
LH,36,563.500000,P1,3,36,823.000000
RH,74,563.500000,P1,1,74,823.000000
RH,83,563.500000,P1,1,83,823.000000
LH,48,563.750000,P1,3,48,823.500000
LH,36,563.875000,P1,3,36,824.000000
RH,72,563.875000,P1,1,72,824.000000
RH,75,563.875000,P1,1,75,824.000000
RH,79,563.875000,P1,1,79,824.000000
RH,84,563.875000,P1,1,84,824.000000
LH,48,564.250000,P1,3,48,824.500000
LH,36,564.375000,P1,3,36,825.000000
LH,48,564.625000,P1,3,48,825.500000
LH,36,564.750000,P1,3,36,826.000000
RH,68,564.750000,P1,1,68,826.000000
RH,80,564.750000,P1,1,80,826.000000
RH,75,564.875000,P1,1,75,826.000000
LH,48,565.000000,P1,3,48,826.500000
LH,36,565.125000,P1,3,36,827.000000
LH,48,565.375000,P1,3,48,827.500000
LH,37,565.625000,P1,3,37,828.000000
RH,68,565.625000,P1,1,68,828.000000
RH,73,565.625000,P1,1,73,828.000000
RH,77,565.625000,P1,1,77,828.000000
LH,49,565.875000,P1,3,49,828.500000
LH,37,566.000000,P1,3,37,829.000000
LH,49,566.125000,P1,3,49,829.500000
LH,39,566.333333,P1,3,39,830.000000
RH,66,566.333333,P1,1,66,830.000000
RH,72,566.333333,P1,1,72,830.000000
RH,75,566.333333,P1,1,75,830.000000
LH,51,566.500000,P1,3,51,830.500000
LH,39,566.625000,P1,3,39,831.000000
LH,51,566.875000,P1,3,51,831.500000
LH,41,567.000000,P1,3,41,832.000000
RH,65,567.000000,P1,1,65,832.000000
RH,68,567.000000,P1,1,68,832.000000
RH,73,567.000000,P1,1,73,832.000000
LH,53,567.250000,P1,3,53,832.500000
LH,41,567.375000,P1,3,41,833.000000
LH,53,567.500000,P1,3,53,833.500000
LH,42,567.750000,P1,3,42,834.000000
RH,61,567.750000,P1,1,61,834.000000
RH,66,567.750000,P1,1,66,834.000000
RH,70,567.750000,P1,1,70,834.000000
LH,54,568.000000,P1,3,54,834.500000
LH,42,568.125000,P1,3,42,835.000000
LH,54,568.333333,P1,3,54,835.500000
LH,44,568.500000,P1,3,44,836.000000
RH,61,568.500000,P1,2,61,836.000000
RH,65,568.500000,P1,2,65,836.000000
RH,68,568.500000,P1,1,68,836.000000
LH,56,568.666667,P1,3,56,836.500000
LH,44,568.875000,P1,3,44,837.000000
LH,56,569.000000,P1,3,56,837.500000
LH,44,569.250000,P1,3,44,838.000000
RH,60,569.250000,P1,2,60,838.000000
RH,63,569.250000,P1,2,63,838.000000
LH,56,569.500000,P1,3,56,838.500000
LH,44,569.625000,P1,3,44,839.000000
LH,56,569.875000,P1,3,56,839.500000
LH,44,570.000000,P1,3,44,840.000000
RH,62,570.000000,P1,1,62,840.000000
RH,70,570.000000,P1,1,70,840.000000
RH,65,570.125000,P1,1,65,840.000000
LH,56,570.333333,P1,3,56,840.500000
LH,44,570.500000,P1,3,44,841.000000
LH,56,570.666667,P1,3,56,841.500000
LH,38,571.000000,P1,3,38,842.000000
RH,70,571.000000,P1,1,70,842.000000
RH,77,571.000000,P1,1,77,842.000000
RH,82,571.000000,P1,1,82,842.000000
LH,50,571.250000,P1,3,50,842.500000
LH,38,571.375000,P1,3,38,843.000000
LH,50,571.500000,P1,3,50,843.500000
LH,39,571.750000,P1,3,39,844.000000
RH,70,571.750000,P1,1,70,844.000000
RH,75,571.750000,P1,1,75,844.000000
RH,78,571.750000,P1,1,78,844.000000
LH,51,571.875000,P1,3,51,844.500000
LH,39,572.000000,P1,3,39,845.000000
LH,51,572.250000,P1,3,51,845.500000
LH,41,572.375000,P1,3,41,846.000000
RH,68,572.375000,P1,1,68,846.000000
RH,74,572.375000,P1,1,74,846.000000
RH,77,572.375000,P1,1,77,846.000000
LH,53,572.625000,P1,3,53,846.500000
LH,41,572.750000,P1,3,41,847.000000
LH,53,572.875000,P1,3,53,847.500000
LH,42,573.125000,P1,3,42,848.000000
RH,66,573.125000,P1,1,66,848.000000
RH,70,573.125000,P1,1,70,848.000000
RH,75,573.125000,P1,1,75,848.000000
LH,54,573.333333,P1,3,54,848.500000
LH,42,573.500000,P1,3,42,849.000000
LH,54,573.666667,P1,3,54,849.500000
LH,44,573.875000,P1,3,44,850.000000
RH,63,573.875000,P1,1,63,850.000000
RH,68,573.875000,P1,1,68,850.000000
RH,71,573.875000,P1,1,71,850.000000
LH,56,574.000000,P1,3,56,850.500000
LH,44,574.125000,P1,3,44,851.000000
LH,56,574.375000,P1,3,56,851.500000
LH,46,574.500000,P1,3,46,852.000000
RH,63,574.500000,P1,2,63,852.000000
RH,66,574.500000,P1,2,66,852.000000
RH,70,574.500000,P1,1,70,852.000000
LH,58,574.750000,P1,3,58,852.500000
LH,46,574.875000,P1,3,46,853.000000
LH,58,575.125000,P1,3,58,853.500000
LH,46,575.250000,P1,3,46,854.000000
RH,62,575.250000,P1,2,62,854.000000
RH,65,575.250000,P1,2,65,854.000000
LH,58,575.500000,P1,3,58,854.500000
LH,46,575.666667,P1,3,46,855.000000
LH,58,575.875000,P1,3,58,855.500000
LH,46,576.125000,P1,3,46,856.000000
RH,64,576.125000,P1,1,64,856.000000
RH,67,576.125000,P1,1,67,856.000000
RH,72,576.125000,P1,1,72,856.000000
LH,58,576.333333,P1,3,58,856.500000
LH,46,576.500000,P1,3,46,857.000000
LH,58,576.666667,P1,3,58,857.500000
RH,72,577.000000,P1,1,72,858.000000
RH,79,577.000000,P1,1,79,858.000000
RH,84,577.000000,P1,1,84,858.000000
LH,40,577.125000,P1,3,40,858.000000
LH,52,577.333333,P1,3,52,858.500000
LH,40,577.625000,P1,3,40,859.000000
LH,52,577.666667,P1,3,52,859.500000
LH,41,577.875000,P1,3,41,860.000000
RH,72,577.875000,P1,1,72,860.000000
RH,77,577.875000,P1,1,77,860.000000
RH,80,577.875000,P1,1,80,860.000000
LH,53,578.125000,P1,3,53,860.500000
LH,41,578.250000,P1,3,41,861.000000
LH,53,578.375000,P1,3,53,861.500000
RH,70,578.500000,P1,1,70,862.000000
RH,76,578.500000,P1,1,76,862.000000
RH,79,578.500000,P1,1,79,862.000000
LH,43,578.625000,P1,3,43,862.000000
LH,55,578.750000,P1,3,55,862.500000
LH,43,579.000000,P1,3,43,863.000000
LH,55,579.125000,P1,3,55,863.500000
RH,68,579.250000,P1,1,68,864.000000
RH,72,579.250000,P1,1,72,864.000000
RH,77,579.250000,P1,1,77,864.000000
LH,44,579.333333,P1,3,44,864.000000
LH,56,579.500000,P1,3,56,864.500000
LH,44,579.666667,P1,3,44,865.000000
LH,56,579.875000,P1,3,56,865.500000
LH,46,580.000000,P1,3,46,866.000000
RH,65,580.000000,P1,1,65,866.000000
RH,73,580.000000,P1,1,73,866.000000
LH,58,580.250000,P1,3,58,866.500000
LH,46,580.375000,P1,3,46,867.000000
LH,58,580.500000,P1,3,58,867.500000
LH,48,580.750000,P1,3,48,868.000000
RH,65,580.750000,P1,1,65,868.000000
RH,72,580.750000,P1,1,72,868.000000
RH,60,581.000000,P1,3,60,868.500000
LH,48,581.125000,P1,3,48,869.000000
RH,60,581.333333,P1,3,60,869.500000
LH,49,581.500000,P1,3,49,870.000000
RH,65,581.500000,P1,1,65,870.000000
RH,71,581.500000,P1,1,71,870.000000
RH,61,581.875000,P1,3,61,870.500000
LH,49,582.000000,P1,3,49,871.000000
RH,61,582.125000,P1,3,61,871.500000
LH,48,582.500000,P1,3,48,872.000000
RH,60,582.500000,P1,3,60,872.000000
RH,64,582.500000,P1,1,64,872.000000
RH,72,582.500000,P1,1,72,872.000000
LH,59,583.000000,P1,1,59,873.000000
RH,60,583.500000,P1,1,60,874.000000
LH,59,583.875000,P1,1,59,875.000000
RH,60,584.250000,P1,1,60,876.000000
LH,59,584.625000,P1,1,59,877.000000
RH,60,585.000000,P1,1,60,878.000000
LH,59,585.500000,P1,1,59,879.000000
RH,60,585.875000,P1,4,60,880.000000
LH,48,586.375000,P1,1,48,881.000000
RH,65,586.375000,P1,3,65,881.000000
RH,68,586.375000,P1,3,68,881.000000
LH,53,586.750000,P1,1,53,882.000000
RH,65,586.750000,P1,3,65,882.000000
RH,68,586.750000,P1,3,68,882.000000
LH,55,587.125000,P1,1,55,883.000000
RH,65,587.125000,P1,3,65,883.000000
RH,68,587.125000,P1,3,68,883.000000
LH,56,587.500000,P1,1,56,884.000000
RH,60,587.500000,P1,4,60,884.000000
RH,65,587.875000,P1,3,65,885.000000
RH,68,587.875000,P1,3,68,885.000000
RH,72,587.875000,P1,1,72,885.000000
RH,65,588.250000,P1,3,65,886.000000
RH,68,588.250000,P1,3,68,886.000000
RH,77,588.250000,P1,1,77,886.000000
RH,65,588.625000,P1,3,65,887.000000
RH,68,588.625000,P1,3,68,887.000000
RH,79,588.625000,P1,1,79,887.000000
RH,60,589.000000,P1,4,60,888.000000
RH,65,589.500000,P1,3,65,889.000000
RH,68,589.500000,P1,3,68,889.000000
RH,65,589.875000,P1,3,65,890.000000
RH,68,589.875000,P1,3,68,890.000000
RH,65,590.125000,P1,3,65,891.000000
RH,68,590.125000,P1,3,68,891.000000
RH,77,590.125000,P1,1,77,891.000000
RH,60,590.625000,P1,4,60,892.000000
RH,65,591.000000,P1,3,65,893.000000
RH,68,591.000000,P1,3,68,893.000000
RH,65,591.375000,P1,3,65,894.000000
RH,68,591.375000,P1,3,68,894.000000
RH,68,591.666667,P1,3,68,895.000000
RH,77,591.666667,P1,1,77,895.000000
RH,60,592.125000,P1,4,60,896.000000
RH,76,592.125000,P1,1,76,896.000000
LH,48,592.625000,P1,1,48,897.000000
RH,67,592.625000,P1,3,67,897.000000
RH,70,592.625000,P1,3,70,897.000000
LH,55,592.875000,P1,1,55,898.000000
RH,67,592.875000,P1,3,67,898.000000
RH,70,592.875000,P1,3,70,898.000000
LH,56,593.250000,P1,1,56,899.000000
RH,70,593.250000,P1,3,70,899.000000
RH,67,593.333333,P1,3,67,899.000000
LH,58,593.625000,P1,1,58,900.000000
RH,60,593.625000,P1,4,60,900.000000
RH,67,594.000000,P1,3,67,901.000000
RH,70,594.000000,P1,3,70,901.000000
RH,72,594.000000,P1,1,72,901.000000
RH,67,594.375000,P1,3,67,902.000000
RH,70,594.375000,P1,3,70,902.000000
RH,82,594.375000,P1,1,82,902.000000
RH,67,594.750000,P1,3,67,903.000000
RH,70,594.750000,P1,3,70,903.000000
RH,80,594.750000,P1,1,80,903.000000
RH,60,595.125000,P1,4,60,904.000000
RH,82,595.250000,P1,2,82,904.250000
RH,80,595.375000,P1,2,80,904.500000
RH,67,595.500000,P1,3,67,905.000000
RH,70,595.500000,P1,3,70,905.000000
RH,79,595.500000,P1,1,79,905.000000
RH,67,595.750000,P1,3,67,906.000000
RH,70,595.750000,P1,3,70,906.000000
RH,80,595.875000,P1,2,80,906.250000
RH,79,596.000000,P1,2,79,906.500000
RH,67,596.125000,P1,3,67,907.000000
RH,70,596.125000,P1,3,70,907.000000
RH,77,596.125000,P1,1,77,907.000000
RH,60,596.500000,P1,4,60,908.000000
RH,79,596.625000,P1,2,79,908.250000
RH,77,596.750000,P1,2,77,908.500000
RH,67,596.875000,P1,3,67,909.000000
RH,70,596.875000,P1,3,70,909.000000
RH,76,596.875000,P1,1,76,909.000000
RH,67,597.250000,P1,3,67,910.000000
RH,70,597.250000,P1,3,70,910.000000
RH,74,597.250000,P1,1,74,910.000000
RH,67,597.625000,P1,3,67,911.000000
RH,70,597.625000,P1,3,70,911.000000
RH,76,597.625000,P1,1,76,911.000000
RH,60,598.000000,P1,4,60,912.000000
RH,77,598.000000,P1,1,77,912.000000
LH,48,598.375000,P1,1,48,913.000000
RH,65,598.375000,P1,3,65,913.000000
RH,68,598.375000,P1,3,68,913.000000
LH,53,598.750000,P1,1,53,914.000000
RH,65,598.750000,P1,3,65,914.000000
RH,68,598.750000,P1,3,68,914.000000
LH,55,599.125000,P1,1,55,915.000000
RH,65,599.125000,P1,3,65,915.000000
RH,68,599.125000,P1,3,68,915.000000
LH,56,599.500000,P1,1,56,916.000000
RH,60,599.500000,P1,4,60,916.000000
RH,65,599.875000,P1,3,65,917.000000
RH,68,599.875000,P1,3,68,917.000000
RH,72,599.875000,P1,1,72,917.000000
RH,65,600.250000,P1,3,65,918.000000
RH,68,600.250000,P1,3,68,918.000000
RH,77,600.250000,P1,1,77,918.000000
RH,68,600.625000,P1,3,68,919.000000
RH,80,600.625000,P1,1,80,919.000000
RH,65,600.666667,P1,3,65,919.000000
LH,56,601.125000,P1,4,56,920.000000
RH,60,601.500000,P1,3,60,921.000000
RH,65,601.500000,P1,3,65,921.000000
RH,60,601.875000,P1,3,60,922.000000
RH,65,601.875000,P1,3,65,922.000000
RH,65,602.125000,P1,3,65,923.000000
RH,60,602.250000,P1,3,60,923.000000
RH,77,602.250000,P1,1,77,923.000000
LH,56,602.625000,P1,4,56,924.000000
RH,60,602.875000,P1,3,60,925.000000
RH,65,602.875000,P1,3,65,925.000000
RH,60,603.333333,P1,3,60,926.000000
RH,65,603.333333,P1,3,65,926.000000
RH,60,603.666667,P1,3,60,927.000000
RH,65,603.666667,P1,3,65,927.000000
RH,84,603.666667,P1,1,84,927.000000
LH,55,604.000000,P1,4,55,928.000000
RH,83,604.000000,P1,1,83,928.000000
LH,43,604.625000,P1,1,43,929.000000
RH,62,604.625000,P1,3,62,929.000000
RH,65,604.625000,P1,3,65,929.000000
LH,50,605.000000,P1,1,50,930.000000
RH,62,605.000000,P1,3,62,930.000000
RH,65,605.000000,P1,3,65,930.000000
LH,51,605.333333,P1,1,51,931.000000
RH,62,605.333333,P1,3,62,931.000000
RH,65,605.333333,P1,3,65,931.000000
LH,53,605.666667,P1,1,53,932.000000
LH,55,605.666667,P1,4,55,932.000000
RH,62,606.000000,P1,3,62,933.000000
RH,65,606.000000,P1,3,65,933.000000
RH,67,606.000000,P1,1,67,933.000000
RH,65,606.375000,P1,3,65,934.000000
RH,77,606.375000,P1,1,77,934.000000
RH,62,606.500000,P1,3,62,934.000000
RH,62,606.750000,P1,3,62,935.000000
RH,65,606.750000,P1,3,65,935.000000
RH,75,606.750000,P1,1,75,935.000000
LH,55,607.125000,P1,4,55,936.000000
RH,77,607.125000,P1,2,77,936.250000
RH,75,607.375000,P1,2,75,936.500000
RH,62,607.500000,P1,3,62,937.000000
RH,65,607.500000,P1,3,65,937.000000
RH,74,607.500000,P1,1,74,937.000000
RH,62,607.875000,P1,3,62,938.000000
RH,65,607.875000,P1,3,65,938.000000
RH,75,607.875000,P1,2,75,938.250000
RH,65,608.125000,P1,3,65,939.000000
RH,72,608.125000,P1,1,72,939.000000
RH,62,608.250000,P1,3,62,939.000000
LH,55,608.500000,P1,4,55,940.000000
RH,74,608.666667,P1,2,74,940.250000
RH,72,608.750000,P1,2,72,940.500000
RH,62,608.875000,P1,3,62,941.000000
RH,65,608.875000,P1,3,65,941.000000
RH,71,608.875000,P1,1,71,941.000000
RH,62,609.250000,P1,3,62,942.000000
RH,65,609.250000,P1,3,65,942.000000
RH,69,609.250000,P1,1,69,942.000000
RH,62,609.625000,P1,3,62,943.000000
RH,65,609.625000,P1,3,65,943.000000
RH,71,609.625000,P1,1,71,943.000000
LH,55,610.000000,P1,4,55,944.000000
RH,72,610.000000,P1,1,72,944.000000
LH,43,610.500000,P1,1,43,945.000000
RH,60,610.500000,P1,3,60,945.000000
RH,63,610.500000,P1,3,63,945.000000
LH,48,610.875000,P1,1,48,946.000000
RH,60,610.875000,P1,3,60,946.000000
RH,63,610.875000,P1,3,63,946.000000
LH,50,611.250000,P1,1,50,947.000000
RH,60,611.250000,P1,3,60,947.000000
RH,63,611.250000,P1,3,63,947.000000
LH,51,611.500000,P1,1,51,948.000000
LH,55,611.625000,P1,4,55,948.000000
RH,60,612.000000,P1,3,60,949.000000
RH,63,612.000000,P1,3,63,949.000000
RH,79,612.000000,P1,1,79,949.000000
RH,60,612.333333,P1,3,60,950.000000
RH,63,612.333333,P1,3,63,950.000000
RH,84,612.333333,P1,1,84,950.000000
RH,60,612.666667,P1,3,60,951.000000
RH,63,612.666667,P1,3,63,951.000000
RH,86,612.666667,P1,1,86,951.000000
LH,55,613.125000,P1,4,55,952.000000
RH,60,613.500000,P1,3,60,953.000000
RH,63,613.500000,P1,3,63,953.000000
RH,60,614.000000,P1,3,60,954.000000
RH,63,614.000000,P1,3,63,954.000000
RH,60,614.375000,P1,3,60,955.000000
RH,63,614.375000,P1,3,63,955.000000
RH,84,614.375000,P1,1,84,955.000000
LH,55,614.875000,P1,4,55,956.000000
RH,60,615.125000,P1,3,60,957.000000
RH,63,615.125000,P1,3,63,957.000000
RH,60,615.500000,P1,3,60,958.000000
RH,63,615.500000,P1,3,63,958.000000
RH,60,615.875000,P1,3,60,959.000000
RH,63,615.875000,P1,3,63,959.000000
RH,84,615.875000,P1,1,84,959.000000
LH,55,616.333333,P1,4,55,960.000000
RH,83,616.333333,P1,1,83,960.000000
LH,43,616.875000,P1,1,43,961.000000
RH,62,616.875000,P1,3,62,961.000000
RH,65,616.875000,P1,3,65,961.000000
LH,50,617.250000,P1,1,50,962.000000
RH,62,617.250000,P1,3,62,962.000000
RH,65,617.250000,P1,3,65,962.000000
LH,51,617.500000,P1,1,51,963.000000
RH,62,617.500000,P1,3,62,963.000000
RH,65,617.500000,P1,3,65,963.000000
LH,53,617.875000,P1,1,53,964.000000
LH,55,617.875000,P1,4,55,964.000000
RH,62,618.333333,P1,3,62,965.000000
RH,65,618.333333,P1,3,65,965.000000
RH,79,618.333333,P1,1,79,965.000000
RH,62,618.666667,P1,3,62,966.000000
RH,65,618.666667,P1,3,65,966.000000
RH,89,618.666667,P1,1,89,966.000000
RH,65,619.000000,P1,3,65,967.000000
RH,87,619.000000,P1,1,87,967.000000
RH,62,619.125000,P1,3,62,967.000000
LH,55,619.500000,P1,4,55,968.000000
RH,89,619.500000,P1,2,89,968.250000
RH,87,619.625000,P1,2,87,968.500000
RH,62,619.750000,P1,3,62,969.000000
RH,65,619.750000,P1,3,65,969.000000
RH,86,619.750000,P1,1,86,969.000000
RH,62,620.125000,P1,3,62,970.000000
RH,65,620.125000,P1,3,65,970.000000
RH,87,620.125000,P1,2,87,970.250000
RH,86,620.333333,P1,2,86,970.500000
RH,62,620.500000,P1,3,62,971.000000
RH,65,620.500000,P1,3,65,971.000000
RH,84,620.500000,P1,1,84,971.000000
LH,55,620.875000,P1,4,55,972.000000
RH,84,621.000000,P1,2,84,972.500000
RH,86,621.000000,P1,2,86,972.250000
RH,62,621.125000,P1,3,62,973.000000
RH,65,621.125000,P1,3,65,973.000000
RH,83,621.125000,P1,1,83,973.000000
RH,62,621.500000,P1,3,62,974.000000
RH,65,621.500000,P1,3,65,974.000000
RH,81,621.500000,P1,1,81,974.000000
RH,83,621.875000,P1,1,83,975.000000
RH,62,622.000000,P1,3,62,975.000000
RH,65,622.000000,P1,3,65,975.000000
RH,60,622.333333,P1,4,60,976.000000
RH,87,622.375000,P1,2,87,976.250000
RH,63,622.625000,P1,3,63,977.000000
RH,67,622.625000,P1,3,67,977.000000
RH,84,622.625000,P1,1,84,977.000000
RH,63,623.000000,P1,3,63,978.000000
RH,67,623.000000,P1,3,67,978.000000
RH,86,623.125000,P1,2,86,978.250000
RH,84,623.250000,P1,2,84,978.500000
RH,63,623.333333,P1,3,63,979.000000
RH,67,623.333333,P1,3,67,979.000000
RH,82,623.375000,P1,1,82,979.000000
LH,53,623.666667,P1,4,53,980.000000
RH,84,623.750000,P1,2,84,980.250000
RH,82,623.875000,P1,2,82,980.500000
RH,63,624.000000,P1,3,63,981.000000
RH,81,624.000000,P1,1,81,981.000000
RH,65,624.125000,P1,3,65,981.000000
RH,63,624.375000,P1,3,63,982.000000
RH,65,624.375000,P1,3,65,982.000000
RH,79,624.375000,P1,1,79,982.000000
RH,81,624.750000,P1,1,81,983.000000
RH,63,624.875000,P1,3,63,983.000000
RH,65,624.875000,P1,3,65,983.000000
LH,58,625.125000,P1,4,58,984.000000
RH,61,625.500000,P1,3,61,985.000000
RH,65,625.500000,P1,3,65,985.000000
RH,82,625.500000,P1,1,82,985.000000
RH,84,625.500000,P1,2,84,984.500000
RH,61,625.875000,P1,3,61,986.000000
RH,65,625.875000,P1,3,65,986.000000
RH,84,626.000000,P1,2,84,986.250000
RH,82,626.125000,P1,2,82,986.500000
RH,61,626.250000,P1,3,61,987.000000
RH,65,626.250000,P1,3,65,987.000000
RH,80,626.250000,P1,1,80,987.000000
LH,51,626.625000,P1,4,51,988.000000
RH,82,626.666667,P1,2,82,988.250000
RH,80,626.750000,P1,2,80,988.500000
RH,61,626.875000,P1,3,61,989.000000
RH,63,626.875000,P1,3,63,989.000000
RH,79,626.875000,P1,1,79,989.000000
RH,61,627.333333,P1,3,61,990.000000
RH,63,627.333333,P1,3,63,990.000000
RH,77,627.333333,P1,1,77,990.000000
RH,79,627.625000,P1,1,79,991.000000
RH,61,627.666667,P1,3,61,991.000000
RH,63,627.666667,P1,3,63,991.000000
LH,56,628.000000,P1,4,56,992.000000
RH,84,628.125000,P1,2,84,992.250000
RH,82,628.250000,P1,2,82,992.500000
RH,60,628.375000,P1,3,60,993.000000
RH,63,628.375000,P1,3,63,993.000000
RH,80,628.375000,P1,1,80,993.000000
RH,60,628.750000,P1,3,60,994.000000
RH,63,628.750000,P1,3,63,994.000000
RH,82,628.875000,P1,2,82,994.250000
RH,80,629.000000,P1,2,80,994.500000
RH,60,629.125000,P1,3,60,995.000000
RH,63,629.125000,P1,3,63,995.000000
RH,79,629.125000,P1,1,79,995.000000
LH,56,629.500000,P1,4,56,996.000000
RH,80,629.625000,P1,2,80,996.250000
RH,79,629.750000,P1,2,79,996.500000
RH,60,629.875000,P1,3,60,997.000000
RH,63,629.875000,P1,3,63,997.000000
RH,78,629.875000,P1,1,78,997.000000
RH,60,630.250000,P1,3,60,998.000000
RH,63,630.250000,P1,3,63,998.000000
RH,78,630.250000,P1,1,78,998.000000
RH,60,630.625000,P1,3,60,999.000000
RH,63,630.625000,P1,3,63,999.000000
RH,78,630.625000,P1,1,78,999.000000
LH,55,631.000000,P1,4,55,1000.000000
RH,82,631.125000,P1,2,82,1000.250000
RH,80,631.250000,P1,2,80,1000.500000
RH,60,631.333333,P1,3,60,1001.000000
RH,63,631.333333,P1,3,63,1001.000000
RH,79,631.333333,P1,1,79,1001.000000
RH,60,631.750000,P1,3,60,1002.000000
RH,63,631.750000,P1,3,63,1002.000000
RH,79,631.750000,P1,1,79,1002.000000
RH,60,632.125000,P1,3,60,1003.000000
RH,63,632.125000,P1,3,63,1003.000000
RH,79,632.125000,P1,1,79,1003.000000
LH,55,632.500000,P1,4,55,1004.000000
RH,82,632.625000,P1,2,82,1004.250000
RH,80,632.750000,P1,2,80,1004.500000
LH,59,632.875000,P1,3,59,1005.000000
RH,62,632.875000,P1,3,62,1005.000000
RH,79,632.875000,P1,1,79,1005.000000
LH,59,633.333333,P1,3,59,1006.000000
RH,62,633.333333,P1,3,62,1006.000000
RH,79,633.333333,P1,1,79,1006.000000
LH,59,633.750000,P1,3,59,1007.000000
RH,62,633.750000,P1,3,62,1007.000000
RH,79,633.750000,P1,1,79,1007.000000
LH,48,634.500000,P1,4,48,1008.000000
LH,55,634.875000,P1,3,55,1008.500000
RH,60,634.875000,P1,2,60,1008.500000
LH,51,635.125000,P1,3,51,1009.000000
RH,63,635.125000,P1,2,63,1009.000000
RH,60,635.375000,P1,2,60,1009.500000
LH,55,635.500000,P1,3,55,1009.500000
LH,51,635.666667,P1,3,51,1010.000000
LH,55,636.000000,P1,3,55,1010.500000
RH,60,636.000000,P1,2,60,1010.500000
LH,51,636.250000,P1,3,51,1011.000000
RH,63,636.250000,P1,2,63,1011.000000
LH,51,636.500000,P1,3,51,1012.000000
LH,55,636.500000,P1,3,55,1011.500000
RH,60,636.500000,P1,2,60,1011.500000
RH,63,636.500000,P1,2,63,1012.000000
LH,55,636.875000,P1,3,55,1012.500000
LH,51,637.000000,P1,3,51,1013.000000
RH,63,637.000000,P1,2,63,1013.000000
RH,60,637.125000,P1,2,60,1013.500000
LH,55,637.250000,P1,3,55,1013.500000
LH,48,637.333333,P1,4,48,1014.000000
RH,72,637.333333,P1,1,72,1014.000000
LH,55,637.500000,P1,3,55,1014.500000
RH,60,637.500000,P1,2,60,1014.500000
LH,51,637.666667,P1,3,51,1015.000000
RH,63,637.666667,P1,2,63,1015.000000
RH,60,637.875000,P1,2,60,1015.500000
LH,55,638.000000,P1,3,55,1015.500000
LH,46,638.125000,P1,4,46,1016.000000
LH,55,638.333333,P1,3,55,1016.500000
RH,61,638.333333,P1,2,61,1016.500000
LH,52,638.500000,P1,3,52,1017.000000
RH,64,638.500000,P1,2,64,1017.000000
LH,55,638.750000,P1,3,55,1017.500000
RH,61,638.750000,P1,2,61,1017.500000
LH,52,638.875000,P1,3,52,1018.000000
LH,55,639.125000,P1,3,55,1018.500000
RH,61,639.125000,P1,2,61,1018.500000
LH,52,639.333333,P1,3,52,1019.000000
RH,64,639.333333,P1,2,64,1019.000000
RH,61,639.500000,P1,2,61,1019.500000
LH,55,639.625000,P1,3,55,1019.500000
LH,52,639.666667,P1,3,52,1020.000000
RH,64,639.750000,P1,2,64,1020.000000
LH,55,639.875000,P1,3,55,1020.500000
RH,61,639.875000,P1,2,61,1020.500000
LH,52,640.000000,P1,3,52,1021.000000
RH,64,640.125000,P1,2,64,1021.000000
RH,61,640.250000,P1,2,61,1021.500000
LH,55,640.333333,P1,3,55,1021.500000
LH,46,640.500000,P1,4,46,1022.000000
RH,73,640.500000,P1,1,73,1022.000000
RH,61,640.625000,P1,2,61,1022.500000
LH,55,640.666667,P1,3,55,1022.500000
LH,52,640.750000,P1,3,52,1023.000000
RH,64,640.750000,P1,2,64,1023.000000
LH,55,641.000000,P1,3,55,1023.500000
RH,61,641.000000,P1,2,61,1023.500000
LH,44,641.125000,P1,3,44,1024.000000
RH,72,641.125000,P1,1,72,1024.000000
RH,60,641.375000,P1,1,60,1024.500000
LH,48,641.500000,P1,3,48,1025.000000
LH,56,641.500000,P1,3,56,1024.500000
RH,65,641.625000,P1,1,65,1025.000000
LH,56,641.666667,P1,3,56,1025.500000
RH,60,641.666667,P1,1,60,1025.500000
LH,46,641.875000,P1,3,46,1026.000000
RH,76,641.875000,P1,1,76,1026.000000
LH,58,642.125000,P1,3,58,1026.500000
RH,64,642.125000,P1,1,64,1026.500000
LH,48,642.250000,P1,3,48,1027.000000
RH,72,642.250000,P1,1,72,1027.000000
RH,64,642.375000,P1,1,64,1027.500000
LH,58,642.500000,P1,3,58,1027.500000
LH,44,642.625000,P1,3,44,1028.000000
RH,77,642.625000,P1,1,77,1028.000000
LH,56,642.750000,P1,3,56,1028.500000
RH,65,642.750000,P1,1,65,1028.500000
LH,48,643.000000,P1,3,48,1029.000000
RH,72,643.000000,P1,1,72,1029.000000
LH,56,643.125000,P1,3,56,1029.500000
RH,65,643.125000,P1,1,65,1029.500000
LH,43,643.333333,P1,3,43,1030.000000
RH,79,643.333333,P1,1,79,1030.000000
RH,67,643.500000,P1,1,67,1030.500000
LH,55,643.625000,P1,3,55,1030.500000
LH,48,643.666667,P1,3,48,1031.000000
RH,72,643.666667,P1,1,72,1031.000000
LH,55,643.875000,P1,3,55,1031.500000
RH,67,643.875000,P1,1,67,1031.500000
LH,41,644.125000,P1,3,41,1032.000000
RH,80,644.125000,P1,1,80,1032.000000
LH,53,644.250000,P1,3,53,1032.500000
RH,68,644.250000,P1,1,68,1032.500000
LH,48,644.375000,P1,3,48,1033.000000
RH,72,644.375000,P1,1,72,1033.000000
LH,53,644.625000,P1,3,53,1033.500000
RH,68,644.625000,P1,1,68,1033.500000
LH,39,644.750000,P1,3,39,1034.000000
RH,81,644.750000,P1,1,81,1034.000000
LH,51,645.000000,P1,3,51,1034.500000
RH,69,645.000000,P1,1,69,1034.500000
LH,48,645.125000,P1,3,48,1035.000000
RH,72,645.125000,P1,1,72,1035.000000
LH,51,645.333333,P1,3,51,1035.500000
RH,69,645.333333,P1,1,69,1035.500000
LH,38,645.500000,P1,3,38,1036.000000
RH,83,645.500000,P1,1,83,1036.000000
LH,50,645.750000,P1,3,50,1036.500000
RH,71,645.750000,P1,1,71,1036.500000
LH,43,645.875000,P1,3,43,1037.000000
RH,77,645.875000,P1,1,77,1037.000000
LH,50,646.000000,P1,3,50,1037.500000
RH,71,646.000000,P1,1,71,1037.500000
LH,36,646.250000,P1,3,36,1038.000000
RH,84,646.250000,P1,1,84,1038.000000
LH,48,646.375000,P1,3,48,1038.500000
RH,72,646.375000,P1,1,72,1038.500000
LH,43,646.625000,P1,3,43,1039.000000
RH,77,646.625000,P1,1,77,1039.000000
LH,48,646.750000,P1,3,48,1039.500000
RH,72,646.750000,P1,1,72,1039.500000
LH,35,647.000000,P1,3,35,1040.000000
RH,86,647.000000,P1,1,86,1040.000000
LH,47,647.125000,P1,3,47,1040.500000
RH,74,647.125000,P1,1,74,1040.500000
LH,43,647.333333,P1,3,43,1041.000000
RH,77,647.333333,P1,1,77,1041.000000
LH,47,647.500000,P1,3,47,1041.500000
RH,74,647.500000,P1,1,74,1041.500000
LH,34,647.666667,P1,3,34,1042.000000
RH,88,647.666667,P1,1,88,1042.000000
LH,46,647.875000,P1,3,46,1042.500000
RH,76,647.875000,P1,1,76,1042.500000
LH,36,648.000000,P1,3,36,1043.000000
RH,79,648.000000,P1,1,79,1043.000000
LH,46,648.250000,P1,3,46,1043.500000
RH,76,648.250000,P1,1,76,1043.500000
LH,32,648.375000,P1,3,32,1044.000000
RH,89,648.375000,P1,1,89,1044.000000
LH,44,648.625000,P1,3,44,1044.500000
RH,77,648.625000,P1,1,77,1044.500000
LH,36,648.750000,P1,3,36,1045.000000
RH,80,648.750000,P1,1,80,1045.000000
LH,44,648.875000,P1,3,44,1045.500000
RH,77,649.000000,P1,1,77,1045.500000
LH,29,649.125000,P1,3,29,1046.000000
RH,86,649.125000,P1,1,86,1046.000000
LH,41,649.333333,P1,3,41,1046.500000
RH,77,649.333333,P1,1,77,1046.500000
LH,36,649.500000,P1,3,36,1047.000000
RH,80,649.500000,P1,1,80,1047.000000
LH,41,649.666667,P1,3,41,1047.500000
RH,77,649.666667,P1,1,77,1047.500000
LH,31,649.875000,P1,3,31,1048.000000
LH,43,649.875000,P1,3,43,1048.000000
RH,75,650.125000,P1,1,75,1048.500000
RH,79,650.250000,P1,1,79,1049.000000
RH,75,650.500000,P1,1,75,1049.500000
RH,84,650.625000,P1,1,84,1050.000000
RH,75,650.750000,P1,1,75,1050.500000
RH,79,651.000000,P1,1,79,1051.000000
RH,75,651.125000,P1,1,75,1051.500000
LH,43,651.333333,P1,3,43,1052.000000
LH,55,651.333333,P1,3,55,1052.000000
RH,74,651.500000,P1,1,74,1052.500000
RH,77,651.750000,P1,1,77,1053.000000
RH,74,651.875000,P1,1,74,1053.500000
RH,83,652.125000,P1,1,83,1054.000000
RH,74,652.333333,P1,1,74,1054.500000
RH,77,652.500000,P1,1,77,1055.000000
RH,74,652.666667,P1,1,74,1055.500000
LH,48,652.875000,P1,4,48,1056.000000
LH,55,653.125000,P1,3,55,1056.500000
RH,60,653.125000,P1,2,60,1056.500000
LH,51,653.333333,P1,3,51,1057.000000
RH,63,653.333333,P1,2,63,1057.000000
RH,60,653.500000,P1,2,60,1057.500000
LH,55,653.625000,P1,3,55,1057.500000
LH,51,653.750000,P1,3,51,1058.000000
RH,60,654.000000,P1,2,60,1058.500000
LH,55,654.125000,P1,3,55,1058.500000
LH,51,654.250000,P1,3,51,1059.000000
RH,63,654.250000,P1,2,63,1059.000000
LH,55,654.500000,P1,3,55,1059.500000
RH,60,654.500000,P1,2,60,1059.500000
LH,51,654.625000,P1,3,51,1060.000000
RH,63,654.625000,P1,2,63,1060.000000
RH,60,654.750000,P1,2,60,1060.500000
LH,55,654.875000,P1,3,55,1060.500000
LH,51,655.000000,P1,3,51,1061.000000
RH,63,655.000000,P1,2,63,1061.000000
RH,60,655.125000,P1,2,60,1061.500000
LH,55,655.250000,P1,3,55,1061.500000
RH,72,655.375000,P1,1,72,1062.000000
LH,48,655.500000,P1,4,48,1062.000000
RH,60,655.625000,P1,2,60,1062.500000
LH,55,655.666667,P1,3,55,1062.500000
LH,51,655.750000,P1,3,51,1063.000000
RH,63,655.750000,P1,2,63,1063.000000
LH,55,656.000000,P1,3,55,1063.500000
RH,60,656.000000,P1,2,60,1063.500000
LH,46,656.250000,P1,4,46,1064.000000
RH,61,656.375000,P1,2,61,1064.500000
LH,55,656.500000,P1,3,55,1064.500000
LH,52,656.625000,P1,3,52,1065.000000
RH,64,656.625000,P1,2,64,1065.000000
LH,55,656.750000,P1,3,55,1065.500000
RH,61,656.750000,P1,2,61,1065.500000
LH,52,657.000000,P1,3,52,1066.000000
RH,61,657.333333,P1,2,61,1066.500000
LH,55,657.375000,P1,3,55,1066.500000
LH,52,657.500000,P1,3,52,1067.000000
RH,64,657.500000,P1,2,64,1067.000000
LH,55,657.750000,P1,3,55,1067.500000
RH,61,657.750000,P1,2,61,1067.500000
LH,52,657.875000,P1,3,52,1068.000000
RH,64,657.875000,P1,2,64,1068.000000
LH,55,658.000000,P1,3,55,1068.500000
RH,61,658.000000,P1,2,61,1068.500000
LH,52,658.250000,P1,3,52,1069.000000
RH,64,658.250000,P1,2,64,1069.000000
LH,55,658.375000,P1,3,55,1069.500000
RH,61,658.375000,P1,2,61,1069.500000
LH,46,658.625000,P1,4,46,1070.000000
RH,73,658.625000,P1,1,73,1070.000000
RH,61,658.750000,P1,2,61,1070.500000
LH,52,658.875000,P1,3,52,1071.000000
LH,55,658.875000,P1,3,55,1070.500000
RH,64,658.875000,P1,2,64,1071.000000
RH,61,659.125000,P1,2,61,1071.500000
LH,55,659.250000,P1,3,55,1071.500000
LH,44,659.333333,P1,3,44,1072.000000
RH,72,659.333333,P1,1,72,1072.000000
LH,56,659.500000,P1,3,56,1072.500000
RH,60,659.500000,P1,1,60,1072.500000
LH,48,659.666667,P1,3,48,1073.000000
RH,65,659.666667,P1,1,65,1073.000000
LH,56,659.875000,P1,3,56,1073.500000
RH,60,659.875000,P1,1,60,1073.500000
LH,46,660.000000,P1,3,46,1074.000000
RH,76,660.000000,P1,1,76,1074.000000
LH,58,660.250000,P1,3,58,1074.500000
RH,64,660.250000,P1,1,64,1074.500000
LH,48,660.375000,P1,3,48,1075.000000
RH,72,660.500000,P1,1,72,1075.000000
LH,58,660.625000,P1,3,58,1075.500000
RH,64,660.625000,P1,1,64,1075.500000
LH,44,660.750000,P1,3,44,1076.000000
RH,77,660.750000,P1,1,77,1076.000000
LH,56,661.000000,P1,3,56,1076.500000
RH,65,661.000000,P1,1,65,1076.500000
LH,48,661.125000,P1,3,48,1077.000000
RH,72,661.125000,P1,1,72,1077.000000
LH,56,661.333333,P1,3,56,1077.500000
RH,65,661.333333,P1,1,65,1077.500000
LH,43,661.500000,P1,3,43,1078.000000
RH,79,661.500000,P1,1,79,1078.000000
LH,55,661.666667,P1,3,55,1078.500000
RH,67,661.666667,P1,1,67,1078.500000
LH,48,661.750000,P1,3,48,1079.000000
RH,72,661.875000,P1,1,72,1079.000000
LH,55,662.000000,P1,3,55,1079.500000
RH,67,662.000000,P1,1,67,1079.500000
LH,41,662.125000,P1,3,41,1080.000000
RH,80,662.125000,P1,1,80,1080.000000
LH,53,662.375000,P1,3,53,1080.500000
RH,68,662.375000,P1,1,68,1080.500000
LH,48,662.500000,P1,3,48,1081.000000
RH,72,662.500000,P1,1,72,1081.000000
LH,53,662.750000,P1,3,53,1081.500000
RH,68,662.750000,P1,1,68,1081.500000
LH,39,663.000000,P1,3,39,1082.000000
RH,81,663.000000,P1,1,81,1082.000000
LH,51,663.125000,P1,3,51,1082.500000
RH,69,663.125000,P1,1,69,1082.500000
LH,48,663.250000,P1,3,48,1083.000000
RH,72,663.333333,P1,1,72,1083.000000
LH,51,663.500000,P1,3,51,1083.500000
RH,69,663.500000,P1,1,69,1083.500000
LH,38,663.666667,P1,3,38,1084.000000
RH,83,663.666667,P1,1,83,1084.000000
LH,50,663.875000,P1,3,50,1084.500000
RH,71,663.875000,P1,1,71,1084.500000
LH,43,664.000000,P1,3,43,1085.000000
RH,77,664.125000,P1,1,77,1085.000000
LH,50,664.250000,P1,3,50,1085.500000
RH,71,664.250000,P1,1,71,1085.500000
LH,36,664.375000,P1,3,36,1086.000000
RH,84,664.375000,P1,1,84,1086.000000
LH,48,664.625000,P1,3,48,1086.500000
RH,72,664.625000,P1,1,72,1086.500000
LH,43,664.750000,P1,3,43,1087.000000
RH,77,664.750000,P1,1,77,1087.000000
LH,48,665.000000,P1,3,48,1087.500000
RH,72,665.000000,P1,1,72,1087.500000
LH,35,665.125000,P1,3,35,1088.000000
RH,86,665.125000,P1,1,86,1088.000000
LH,47,665.333333,P1,3,47,1088.500000
RH,74,665.333333,P1,1,74,1088.500000
LH,43,665.500000,P1,3,43,1089.000000
RH,77,665.500000,P1,1,77,1089.000000
LH,47,665.666667,P1,3,47,1089.500000
RH,74,665.666667,P1,1,74,1089.500000
LH,34,665.875000,P1,3,34,1090.000000
RH,88,665.875000,P1,1,88,1090.000000
LH,46,666.000000,P1,3,46,1090.500000
RH,76,666.000000,P1,1,76,1090.500000
LH,36,666.250000,P1,3,36,1091.000000
RH,79,666.250000,P1,1,79,1091.000000
LH,46,666.375000,P1,3,46,1091.500000
RH,76,666.375000,P1,1,76,1091.500000
LH,32,666.625000,P1,3,32,1092.000000
RH,89,666.625000,P1,1,89,1092.000000
LH,44,666.750000,P1,3,44,1092.500000
RH,77,666.750000,P1,1,77,1092.500000
LH,36,667.000000,P1,3,36,1093.000000
RH,80,667.000000,P1,1,80,1093.000000
LH,44,667.125000,P1,3,44,1093.500000
RH,77,667.250000,P1,1,77,1093.500000
LH,29,667.333333,P1,3,29,1094.000000
RH,86,667.333333,P1,1,86,1094.000000
LH,41,667.500000,P1,3,41,1094.500000
RH,77,667.500000,P1,1,77,1094.500000
LH,36,667.666667,P1,3,36,1095.000000
RH,80,667.666667,P1,1,80,1095.000000
LH,41,667.875000,P1,3,41,1095.500000
RH,77,667.875000,P1,1,77,1095.500000
LH,31,668.125000,P1,3,31,1096.000000
LH,43,668.125000,P1,3,43,1096.000000
RH,75,668.250000,P1,1,75,1096.500000
RH,79,668.375000,P1,1,79,1097.000000
RH,75,668.666667,P1,1,75,1097.500000
RH,84,668.875000,P1,1,84,1098.000000
RH,75,669.000000,P1,1,75,1098.500000
RH,79,669.250000,P1,1,79,1099.000000
RH,75,669.333333,P1,1,75,1099.500000
LH,43,669.500000,P1,3,43,1100.000000
LH,55,669.500000,P1,3,55,1100.000000
RH,74,669.750000,P1,1,74,1100.500000
RH,77,669.875000,P1,1,77,1101.000000
RH,74,670.125000,P1,1,74,1101.500000
RH,83,670.250000,P1,1,83,1102.000000
RH,74,670.500000,P1,1,74,1102.500000
RH,77,670.666667,P1,1,77,1103.000000
RH,74,670.750000,P1,1,74,1103.500000
LH,48,671.000000,P1,3,48,1104.000000
RH,72,671.000000,P1,1,72,1104.000000
RH,60,671.625000,P1,3,60,1105.000000
RH,63,671.625000,P1,3,63,1105.000000
RH,84,671.625000,P1,1,84,1105.000000
RH,60,672.000000,P1,3,60,1106.000000
RH,63,672.000000,P1,3,63,1106.000000
RH,60,672.333333,P1,3,60,1107.000000
RH,63,672.333333,P1,3,63,1107.000000
RH,83,672.333333,P1,1,83,1107.000000
RH,84,672.500000,P1,1,84,1107.500000
LH,56,672.750000,P1,4,56,1108.000000
RH,86,672.750000,P1,1,86,1108.000000
RH,60,673.000000,P1,3,60,1109.000000
RH,63,673.000000,P1,3,63,1109.000000
RH,82,673.000000,P1,1,82,1109.000000
RH,84,673.000000,P1,1,84,1108.500000
RH,80,673.250000,P1,1,80,1109.500000
RH,60,673.375000,P1,3,60,1110.000000
RH,63,673.375000,P1,3,63,1110.000000
RH,79,673.375000,P1,1,79,1110.000000
RH,80,673.625000,P1,1,80,1110.500000
RH,60,673.750000,P1,3,60,1111.000000
RH,63,673.750000,P1,3,63,1111.000000
RH,82,673.750000,P1,1,82,1111.000000
RH,80,673.875000,P1,1,80,1111.500000
LH,53,674.000000,P1,4,53,1112.000000
RH,79,674.000000,P1,1,79,1112.000000
RH,77,674.250000,P1,1,77,1112.500000
RH,60,674.375000,P1,3,60,1113.000000
RH,62,674.375000,P1,3,62,1113.000000
RH,75,674.375000,P1,1,75,1113.000000
RH,74,674.625000,P1,1,74,1113.500000
RH,60,674.750000,P1,3,60,1114.000000
RH,62,674.750000,P1,3,62,1114.000000
RH,73,674.750000,P1,1,73,1114.000000
RH,74,675.000000,P1,1,74,1114.500000
RH,60,675.125000,P1,3,60,1115.000000
RH,62,675.125000,P1,3,62,1115.000000
RH,75,675.125000,P1,1,75,1115.000000
RH,74,675.333333,P1,1,74,1115.500000
LH,55,675.500000,P1,4,55,1116.000000
RH,72,675.500000,P1,1,72,1116.000000
RH,71,675.625000,P1,1,71,1116.500000
LH,59,675.750000,P1,3,59,1117.000000
RH,62,675.750000,P1,3,62,1117.000000
RH,68,675.750000,P1,1,68,1117.000000
RH,67,676.000000,P1,1,67,1117.500000
LH,59,676.125000,P1,3,59,1118.000000
RH,62,676.125000,P1,3,62,1118.000000
RH,66,676.125000,P1,1,66,1118.000000
RH,67,676.333333,P1,1,67,1118.500000
LH,59,676.500000,P1,3,59,1119.000000
RH,62,676.500000,P1,3,62,1119.000000
RH,68,676.500000,P1,1,68,1119.000000
RH,65,676.625000,P1,1,65,1119.500000
LH,48,676.750000,P1,4,48,1120.000000
RH,63,676.750000,P1,1,63,1120.000000
LH,51,677.250000,P1,3,51,1121.000000
RH,60,677.250000,P1,3,60,1121.000000
RH,72,677.250000,P1,1,72,1121.000000
RH,84,677.250000,P1,1,84,1121.000000
LH,51,677.625000,P1,3,51,1122.000000
RH,60,677.625000,P1,3,60,1122.000000
LH,51,677.875000,P1,3,51,1123.000000
RH,60,677.875000,P1,3,60,1123.000000
RH,83,677.875000,P1,1,83,1123.000000
RH,84,678.125000,P1,1,84,1123.500000
LH,44,678.250000,P1,4,44,1124.000000
RH,86,678.250000,P1,1,86,1124.000000
RH,84,678.500000,P1,1,84,1124.500000
LH,48,678.625000,P1,3,48,1125.000000
LH,51,678.625000,P1,3,51,1125.000000
LH,56,678.625000,P1,3,56,1125.000000
RH,82,678.625000,P1,1,82,1125.000000
RH,80,678.750000,P1,1,80,1125.500000
LH,56,678.875000,P1,3,56,1126.000000
RH,79,678.875000,P1,1,79,1126.000000
LH,48,679.000000,P1,3,48,1126.000000
LH,51,679.000000,P1,3,51,1126.000000
RH,80,679.125000,P1,1,80,1126.500000
LH,48,679.250000,P1,3,48,1127.000000
LH,51,679.250000,P1,3,51,1127.000000
LH,56,679.250000,P1,3,56,1127.000000
RH,82,679.250000,P1,1,82,1127.000000
RH,80,679.375000,P1,1,80,1127.500000
LH,41,679.625000,P1,4,41,1128.000000
RH,79,679.625000,P1,1,79,1128.000000
RH,77,679.750000,P1,1,77,1128.500000
LH,48,679.875000,P1,3,48,1129.000000
LH,50,679.875000,P1,3,50,1129.000000
LH,53,679.875000,P1,3,53,1129.000000
RH,75,679.875000,P1,1,75,1129.000000
RH,74,680.125000,P1,1,74,1129.500000
LH,48,680.250000,P1,3,48,1130.000000
LH,53,680.250000,P1,3,53,1130.000000
RH,73,680.250000,P1,1,73,1130.000000
LH,50,680.333333,P1,3,50,1130.000000
RH,74,680.500000,P1,1,74,1130.500000
LH,48,680.625000,P1,3,48,1131.000000
LH,50,680.625000,P1,3,50,1131.000000
LH,53,680.625000,P1,3,53,1131.000000
RH,75,680.625000,P1,1,75,1131.000000
RH,74,680.750000,P1,1,74,1131.500000
LH,43,681.000000,P1,4,43,1132.000000
RH,72,681.000000,P1,1,72,1132.000000
RH,71,681.125000,P1,1,71,1132.500000
LH,47,681.333333,P1,3,47,1133.000000
LH,55,681.333333,P1,3,55,1133.000000
RH,68,681.333333,P1,1,68,1133.000000
LH,50,681.375000,P1,3,50,1133.000000
RH,67,681.500000,P1,1,67,1133.500000
LH,47,681.625000,P1,3,47,1134.000000
LH,50,681.625000,P1,3,50,1134.000000
LH,55,681.625000,P1,3,55,1134.000000
RH,66,681.625000,P1,1,66,1134.000000
RH,67,681.875000,P1,1,67,1134.500000
LH,47,682.000000,P1,3,47,1135.000000
LH,50,682.000000,P1,3,50,1135.000000
LH,55,682.000000,P1,3,55,1135.000000
RH,68,682.000000,P1,1,68,1135.000000
RH,67,682.250000,P1,1,67,1135.500000
LH,36,682.333333,P1,3,36,1136.000000
RH,72,682.333333,P1,1,72,1136.000000
LH,48,682.500000,P1,3,48,1136.500000
LH,36,682.750000,P1,3,36,1137.000000
RH,60,682.750000,P1,1,60,1137.000000
LH,48,682.875000,P1,3,48,1137.500000
LH,36,683.125000,P1,3,36,1138.000000
LH,48,683.333333,P1,3,48,1138.500000
LH,36,683.375000,P1,3,36,1139.000000
LH,58,683.375000,P1,1,58,1139.000000
RH,64,683.375000,P1,1,64,1139.000000
LH,48,683.666667,P1,3,48,1139.500000
LH,56,683.750000,P1,1,56,1140.000000
RH,65,683.750000,P1,1,65,1140.000000
LH,36,683.875000,P1,3,36,1140.000000
LH,48,684.000000,P1,3,48,1140.500000
LH,36,684.125000,P1,3,36,1141.000000
RH,67,684.125000,P1,1,67,1141.000000
RH,64,684.250000,P1,1,64,1141.000000
LH,48,684.375000,P1,3,48,1141.500000
LH,36,684.500000,P1,3,36,1142.000000
RH,65,684.500000,P1,1,65,1142.000000
RH,68,684.500000,P1,1,68,1142.000000
LH,48,684.750000,P1,3,48,1142.500000
LH,36,684.875000,P1,3,36,1143.000000
RH,62,684.875000,P1,1,62,1143.000000
RH,71,684.875000,P1,1,71,1143.000000
LH,48,685.125000,P1,3,48,1143.500000
LH,36,685.250000,P1,3,36,1144.000000
RH,63,685.250000,P1,1,63,1144.000000
RH,72,685.250000,P1,1,72,1144.000000
LH,36,685.500000,P1,3,36,1145.000000
LH,48,685.500000,P1,3,48,1144.500000
RH,64,685.500000,P1,1,64,1145.000000
RH,72,685.500000,P1,1,72,1145.000000
LH,48,685.750000,P1,3,48,1145.500000
LH,36,686.000000,P1,3,36,1146.000000
LH,48,686.125000,P1,3,48,1146.500000
LH,36,686.250000,P1,3,36,1147.000000
RH,70,686.250000,P1,1,70,1147.000000
RH,76,686.250000,P1,1,76,1147.000000
LH,48,686.500000,P1,3,48,1147.500000
LH,36,686.625000,P1,3,36,1148.000000
RH,68,686.625000,P1,1,68,1148.000000
RH,77,686.625000,P1,1,77,1148.000000
LH,48,686.750000,P1,3,48,1148.500000
LH,36,687.000000,P1,3,36,1149.000000
RH,76,687.000000,P1,1,76,1149.000000
RH,79,687.000000,P1,1,79,1149.000000
LH,48,687.125000,P1,3,48,1149.500000
LH,36,687.333333,P1,3,36,1150.000000
RH,77,687.333333,P1,1,77,1150.000000
RH,80,687.333333,P1,1,80,1150.000000
LH,48,687.500000,P1,3,48,1150.500000
LH,36,687.666667,P1,3,36,1151.000000
RH,74,687.666667,P1,1,74,1151.000000
RH,83,687.666667,P1,1,83,1151.000000
LH,48,687.875000,P1,3,48,1151.500000
LH,36,688.125000,P1,3,36,1152.000000
RH,72,688.125000,P1,1,72,1152.000000
RH,75,688.125000,P1,1,75,1152.000000
RH,84,688.125000,P1,1,84,1152.000000
LH,48,688.375000,P1,3,48,1152.500000
LH,36,688.500000,P1,3,36,1153.000000
LH,48,688.750000,P1,3,48,1153.500000
LH,36,688.875000,P1,3,36,1154.000000
LH,48,689.000000,P1,3,48,1154.500000
LH,36,689.250000,P1,3,36,1155.000000
LH,48,689.375000,P1,3,48,1155.500000
LH,34,689.625000,P1,3,34,1156.000000
RH,60,689.625000,P1,1,60,1156.000000
RH,63,689.625000,P1,1,63,1156.000000
RH,72,689.625000,P1,1,72,1156.000000
LH,46,689.750000,P1,3,46,1156.500000
LH,34,690.000000,P1,3,34,1157.000000
LH,46,690.125000,P1,3,46,1157.500000
LH,34,690.375000,P1,3,34,1158.000000
LH,46,690.500000,P1,3,46,1158.500000
LH,34,690.750000,P1,3,34,1159.000000
LH,46,690.875000,P1,3,46,1159.500000
LH,32,691.000000,P1,3,32,1160.000000
RH,72,691.000000,P1,1,72,1160.000000
RH,75,691.000000,P1,1,75,1160.000000
RH,84,691.000000,P1,1,84,1160.000000
LH,44,691.250000,P1,3,44,1160.500000
LH,32,691.500000,P1,3,32,1161.000000
LH,44,691.666667,P1,3,44,1161.500000
LH,32,691.750000,P1,3,32,1162.000000
LH,44,692.000000,P1,3,44,1162.500000
LH,32,692.125000,P1,3,32,1163.000000
LH,44,692.375000,P1,3,44,1163.500000
LH,31,692.625000,P1,3,31,1164.000000
RH,60,692.625000,P1,1,60,1164.000000
RH,63,692.625000,P1,1,63,1164.000000
RH,72,692.625000,P1,1,72,1164.000000
LH,43,692.875000,P1,3,43,1164.500000
LH,31,693.000000,P1,3,31,1165.000000
LH,43,693.250000,P1,3,43,1165.500000
LH,31,693.375000,P1,3,31,1166.000000
LH,43,693.625000,P1,3,43,1166.500000
LH,31,693.750000,P1,3,31,1167.000000
LH,43,693.875000,P1,3,43,1166.500000
LH,30,694.666667,P1,3,30,1168.000000
LH,42,694.666667,P1,3,42,1168.000000
RH,75,694.666667,P1,1,75,1168.000000
RH,81,694.666667,P1,1,81,1168.000000
RH,84,694.666667,P1,1,84,1168.000000
RH,87,694.666667,P1,1,87,1168.000000
LH,42,697.375000,P1,3,42,1172.000000
LH,45,697.375000,P1,3,45,1172.000000
LH,48,697.375000,P1,3,48,1172.000000
LH,51,697.375000,P1,3,51,1172.000000
LH,54,697.375000,P1,1,54,1172.000000
LH,57,697.375000,P1,1,57,1172.000000
RH,60,697.375000,P1,1,60,1172.000000
RH,63,697.375000,P1,1,63,1172.000000
RH,69,709.375000,P1,1,69,1177.375000
RH,60,711.875000,P1,3,60,1177.875000
RH,66,711.875000,P1,1,66,1177.875000
RH,69,711.875000,P1,1,69,1177.875000
RH,75,711.875000,P1,1,75,1177.875000
RH,66,712.375000,P1,1,66,1178.000000
RH,75,712.375000,P1,1,75,1178.000000
RH,60,712.500000,P1,3,60,1178.000000
RH,69,712.500000,P1,1,69,1178.000000
LH,59,718.000000,P1,3,59,1179.000000
RH,67,718.000000,P1,1,67,1179.000000
RH,71,718.000000,P1,1,71,1179.000000
RH,74,718.000000,P1,1,74,1179.000000
RH,74,728.625000,P1,1,74,1181.375000
RH,80,730.750000,P1,1,80,1181.875000
RH,65,730.875000,P1,3,65,1181.875000
RH,71,730.875000,P1,1,71,1181.875000
RH,74,730.875000,P1,1,74,1181.875000
RH,65,731.500000,P1,3,65,1182.000000
RH,71,731.500000,P1,1,71,1182.000000
RH,74,731.500000,P1,1,74,1182.000000
RH,80,731.500000,P1,1,80,1182.000000
RH,63,737.125000,P1,3,63,1183.000000
RH,75,737.125000,P1,1,75,1183.000000
RH,79,737.125000,P1,1,79,1183.000000
LH,58,750.625000,P1,3,58,1185.875000
RH,64,750.625000,P1,3,64,1185.875000
RH,67,750.625000,P1,3,67,1185.875000
RH,73,750.625000,P1,1,73,1185.875000
RH,76,750.625000,P1,1,76,1185.875000
RH,79,750.625000,P1,1,79,1185.875000
RH,85,750.625000,P1,1,85,1185.875000
LH,56,751.250000,P1,3,56,1186.000000
RH,64,751.250000,P1,3,64,1186.000000
RH,67,751.250000,P1,3,67,1186.000000
RH,73,751.250000,P1,1,73,1186.000000
RH,76,751.250000,P1,1,76,1186.000000
RH,79,751.250000,P1,1,79,1186.000000
RH,85,751.250000,P1,1,85,1186.000000
LH,58,751.333333,P1,3,58,1186.000000
RH,72,757.250000,P1,1,72,1187.000000
RH,84,757.250000,P1,1,84,1187.000000
RH,60,757.375000,P1,3,60,1187.000000
RH,65,757.375000,P1,3,65,1187.000000
RH,68,757.375000,P1,3,68,1187.000000
LH,55,760.000000,P1,3,55,1187.500000
RH,60,760.000000,P1,3,60,1187.500000
RH,64,760.000000,P1,3,64,1187.500000
RH,70,760.000000,P1,1,70,1187.500000
RH,82,760.000000,P1,1,82,1187.500000
LH,53,762.500000,P1,3,53,1188.000000
RH,60,762.500000,P1,3,60,1188.000000
RH,68,762.500000,P1,1,68,1188.000000
RH,80,762.500000,P1,1,80,1188.000000
RH,65,762.625000,P1,3,65,1188.000000
RH,67,765.125000,P1,1,67,1188.500000
RH,79,765.125000,P1,1,79,1188.500000
LH,51,765.250000,P1,3,51,1188.500000
LH,55,765.250000,P1,3,55,1188.500000
RH,60,765.250000,P1,3,60,1188.500000
RH,65,767.875000,P1,1,65,1189.000000
RH,77,767.875000,P1,1,77,1189.000000
LH,50,768.000000,P1,3,50,1189.000000
LH,55,768.000000,P1,3,55,1189.000000
LH,59,768.000000,P1,3,59,1189.000000
RH,75,770.625000,P1,1,75,1189.500000
LH,48,770.666667,P1,3,48,1189.500000
LH,55,770.666667,P1,3,55,1189.500000
RH,60,770.666667,P1,3,60,1189.500000
RH,63,770.666667,P1,1,63,1189.500000
LH,53,773.250000,P1,3,53,1190.000000
RH,65,775.666667,P1,1,65,1190.500000
RH,68,775.666667,P1,1,68,1190.500000
RH,74,775.666667,P1,1,74,1190.500000
LH,31,778.250000,P1,3,31,1191.000000
LH,43,778.250000,P1,3,43,1191.000000
LH,50,781.000000,P1,1,50,1191.500000
LH,53,781.000000,P1,1,53,1191.500000
LH,59,781.000000,P1,1,59,1191.500000
LH,36,783.750000,P1,3,36,1192.000000
RH,60,783.750000,P1,1,60,1192.000000
LH,48,784.000000,P1,3,48,1192.500000
LH,36,784.125000,P1,3,36,1193.000000
LH,48,784.333333,P1,3,48,1193.500000
LH,36,784.500000,P1,3,36,1194.000000
LH,48,784.666667,P1,3,48,1194.500000
LH,36,784.750000,P1,3,36,1195.000000
LH,58,784.750000,P1,1,58,1195.000000
RH,64,784.750000,P1,1,64,1195.000000
LH,48,785.000000,P1,3,48,1195.500000
LH,36,785.125000,P1,3,36,1196.000000
LH,56,785.125000,P1,1,56,1196.000000
RH,65,785.125000,P1,1,65,1196.000000
LH,48,785.333333,P1,3,48,1196.500000
LH,36,785.375000,P1,3,36,1197.000000
RH,64,785.375000,P1,1,64,1197.000000
RH,67,785.375000,P1,1,67,1197.000000
LH,48,785.625000,P1,3,48,1197.500000
LH,36,785.750000,P1,3,36,1198.000000
RH,65,785.750000,P1,1,65,1198.000000
RH,68,785.750000,P1,1,68,1198.000000
LH,48,786.000000,P1,3,48,1198.500000
LH,36,786.125000,P1,3,36,1199.000000
RH,62,786.125000,P1,1,62,1199.000000
RH,71,786.125000,P1,1,71,1199.000000
LH,48,786.333333,P1,3,48,1199.500000
LH,36,786.375000,P1,3,36,1200.000000
RH,63,786.375000,P1,1,63,1200.000000
RH,72,786.375000,P1,1,72,1200.000000
LH,48,786.625000,P1,3,48,1200.500000
LH,36,786.750000,P1,3,36,1201.000000
RH,64,786.750000,P1,1,64,1201.000000
RH,72,786.750000,P1,1,72,1201.000000
LH,48,787.000000,P1,3,48,1201.500000
LH,36,787.125000,P1,3,36,1202.000000
LH,48,787.333333,P1,3,48,1202.500000
LH,36,787.375000,P1,3,36,1203.000000
RH,76,787.375000,P1,1,76,1203.000000
LH,48,787.625000,P1,3,48,1203.500000
LH,36,787.750000,P1,3,36,1204.000000
RH,68,787.750000,P1,1,68,1204.000000
RH,77,787.750000,P1,1,77,1204.000000
LH,48,788.000000,P1,3,48,1204.500000
LH,36,788.125000,P1,3,36,1205.000000
RH,76,788.125000,P1,1,76,1205.000000
RH,79,788.125000,P1,1,79,1205.000000
LH,48,788.333333,P1,3,48,1205.500000
LH,36,788.375000,P1,3,36,1206.000000
RH,77,788.375000,P1,1,77,1206.000000
RH,80,788.375000,P1,1,80,1206.000000
LH,48,788.666667,P1,3,48,1206.500000
LH,36,788.750000,P1,3,36,1207.000000
RH,74,788.750000,P1,1,74,1207.000000
RH,83,788.750000,P1,1,83,1207.000000
LH,48,789.000000,P1,3,48,1207.500000
LH,36,789.125000,P1,3,36,1208.000000
RH,75,789.125000,P1,1,75,1208.000000
RH,84,789.125000,P1,1,84,1208.000000
LH,48,789.250000,P1,3,48,1208.500000
LH,36,789.375000,P1,3,36,1209.000000
LH,48,789.625000,P1,3,48,1209.500000
LH,34,789.750000,P1,3,34,1210.000000
RH,72,789.750000,P1,1,72,1210.000000
RH,75,789.750000,P1,1,75,1210.000000
RH,84,789.750000,P1,1,84,1210.000000
LH,46,790.000000,P1,3,46,1210.500000
LH,34,790.125000,P1,3,34,1211.000000
LH,46,790.333333,P1,3,46,1211.500000
LH,32,790.500000,P1,3,32,1212.000000
RH,72,790.500000,P1,1,72,1212.000000
RH,75,790.500000,P1,1,75,1212.000000
RH,84,790.500000,P1,1,84,1212.000000
LH,44,790.625000,P1,3,44,1212.500000
LH,32,790.875000,P1,3,32,1213.000000
LH,44,791.000000,P1,3,44,1213.500000
LH,31,791.125000,P1,3,31,1214.000000
RH,72,791.125000,P1,1,72,1214.000000
RH,75,791.125000,P1,1,75,1214.000000
RH,84,791.125000,P1,1,84,1214.000000
LH,43,791.375000,P1,3,43,1214.500000
LH,31,791.500000,P1,3,31,1215.000000
LH,43,791.750000,P1,3,43,1215.500000
LH,30,792.125000,P1,3,30,1216.000000
LH,42,792.125000,P1,3,42,1216.000000
RH,75,792.125000,P1,1,75,1216.000000
RH,81,792.125000,P1,1,81,1216.000000
RH,84,792.125000,P1,1,84,1216.000000
RH,87,792.125000,P1,1,87,1216.000000
LH,54,793.666667,P1,3,54,1220.000000
LH,57,793.666667,P1,3,57,1220.000000
RH,60,793.666667,P1,3,60,1220.000000
RH,63,793.666667,P1,3,63,1220.000000
RH,66,793.666667,P1,1,66,1220.000000
RH,69,793.666667,P1,1,69,1220.000000
RH,72,793.666667,P1,1,72,1220.000000
RH,75,793.666667,P1,1,75,1220.000000
LH,55,795.333333,P1,3,55,1224.000000
RH,60,795.333333,P1,3,60,1224.000000
RH,63,795.333333,P1,3,63,1224.000000
RH,67,795.333333,P1,1,67,1224.000000
RH,72,795.333333,P1,1,72,1224.000000
RH,75,795.333333,P1,1,75,1224.000000
RH,79,795.333333,P1,1,79,1224.000000
LH,31,797.333333,P1,3,31,1228.000000
LH,35,797.333333,P1,3,35,1228.000000
LH,38,797.333333,P1,3,38,1228.000000
LH,43,797.333333,P1,3,43,1228.000000
LH,50,797.333333,P1,2,50,1228.000000
LH,53,797.333333,P1,2,53,1228.000000
LH,55,797.333333,P1,2,55,1228.000000
LH,59,797.333333,P1,1,59,1228.000000
LH,48,799.500000,P1,3,48,1232.000000
LH,51,799.500000,P1,2,51,1232.000000
LH,55,799.500000,P1,2,55,1232.000000
RH,60,799.500000,P1,1,60,1232.000000
