hand,pitch,onset_ql,reference_part,reference_voice,reference_pitch,reference_onset_ql
LH,54,3.000000,P1,1,54,0.000000
LH,42,3.125000,P1,5,42,0.000000
LH,29,3.875000,P1,5,29,0.333333
RH,65,3.875000,P1,1,65,0.333333
LH,30,4.333333,P1,5,30,0.666667
RH,66,4.333333,P1,1,66,0.666667
LH,31,4.750000,P1,5,31,1.000000
RH,67,4.750000,P1,1,67,1.000000
LH,44,5.125000,P1,5,44,1.333333
RH,68,5.125000,P1,1,68,1.333333
LH,33,5.375000,P1,5,33,1.666667
RH,69,5.375000,P1,1,69,1.666667
LH,32,5.750000,P1,5,32,2.000000
LH,44,5.750000,P1,5,44,2.000000
LH,56,5.750000,P1,1,56,2.000000
RH,68,5.750000,P1,1,68,2.000000
LH,31,6.125000,P1,5,31,2.333333
RH,67,6.125000,P1,1,67,2.333333
LH,32,6.375000,P1,5,32,2.666667
LH,44,6.375000,P1,5,44,2.666667
LH,56,6.375000,P1,1,56,2.666667
RH,68,6.375000,P1,1,68,2.666667
LH,33,6.625000,P1,5,33,3.000000
LH,57,6.625000,P1,1,57,3.000000
RH,69,6.625000,P1,1,69,3.000000
LH,45,6.750000,P1,5,45,3.000000
LH,34,6.875000,P1,5,34,3.333333
LH,46,6.875000,P1,5,46,3.333333
LH,58,6.875000,P1,1,58,3.333333
RH,70,6.875000,P1,1,70,3.333333
LH,35,7.125000,P1,5,35,3.666667
RH,71,7.125000,P1,1,71,3.666667
LH,47,7.250000,P1,5,47,3.666667
LH,59,7.250000,P1,1,59,3.666667
LH,46,7.375000,P1,5,46,4.000000
LH,58,7.375000,P1,1,58,4.000000
RH,70,7.375000,P1,1,70,4.000000
LH,34,7.500000,P1,5,34,4.000000
LH,33,7.750000,P1,5,33,4.333333
LH,57,7.750000,P1,1,57,4.333333
RH,69,7.750000,P1,1,69,4.333333
LH,34,8.000000,P1,5,34,4.666667
LH,46,8.000000,P1,5,46,4.666667
LH,58,8.000000,P1,1,58,4.666667
RH,70,8.000000,P1,1,70,4.666667
LH,35,8.250000,P1,5,35,5.000000
LH,47,8.250000,P1,5,47,5.000000
LH,59,8.250000,P1,1,59,5.000000
RH,71,8.250000,P1,1,71,5.000000
LH,36,8.500000,P1,5,36,5.333333
LH,48,8.500000,P1,5,48,5.333333
RH,60,8.500000,P1,1,60,5.333333
RH,72,8.500000,P1,1,72,5.333333
LH,37,8.750000,P1,5,37,5.666667
LH,49,8.750000,P1,5,49,5.666667
RH,61,8.750000,P1,1,61,5.666667
RH,73,8.750000,P1,1,73,5.666667
LH,36,9.000000,P1,5,36,6.000000
LH,48,9.000000,P1,5,48,6.000000
RH,60,9.000000,P1,1,60,6.000000
RH,72,9.000000,P1,1,72,6.000000
LH,35,9.250000,P1,5,35,6.333333
LH,47,9.250000,P1,5,47,6.333333
LH,59,9.250000,P1,1,59,6.333333
RH,71,9.250000,P1,1,71,6.333333
LH,36,9.500000,P1,5,36,6.666667
LH,48,9.500000,P1,5,48,6.666667
RH,60,9.500000,P1,1,60,6.666667
RH,72,9.500000,P1,1,72,6.666667
LH,37,9.750000,P1,5,37,7.000000
LH,49,9.750000,P1,5,49,7.000000
RH,61,9.750000,P1,1,61,7.000000
RH,73,9.750000,P1,1,73,7.000000
LH,38,10.000000,P1,5,38,7.333333
LH,50,10.000000,P1,5,50,7.333333
RH,62,10.000000,P1,1,62,7.333333
RH,74,10.000000,P1,1,74,7.333333
LH,51,10.250000,P1,5,51,7.666667
RH,63,10.250000,P1,1,63,7.666667
RH,75,10.250000,P1,1,75,7.666667
LH,39,10.333333,P1,5,39,7.666667
LH,38,10.625000,P1,5,38,8.000000
LH,50,10.625000,P1,5,50,8.000000
RH,62,10.625000,P1,1,62,8.000000
RH,74,10.625000,P1,1,74,8.000000
LH,39,11.000000,P1,5,39,8.333333
LH,51,11.000000,P1,5,51,8.333333
RH,63,11.000000,P1,1,63,8.333333
RH,75,11.000000,P1,1,75,8.333333
LH,40,11.250000,P1,5,40,8.666667
LH,52,11.250000,P1,5,52,8.666667
RH,64,11.250000,P1,1,64,8.666667
RH,76,11.250000,P1,1,76,8.666667
LH,39,11.500000,P1,5,39,9.000000
LH,51,11.500000,P1,5,51,9.000000
RH,63,11.500000,P1,1,63,9.000000
RH,75,11.500000,P1,1,75,9.000000
LH,40,11.750000,P1,5,40,9.333333
LH,52,11.750000,P1,5,52,9.333333
RH,64,11.750000,P1,1,64,9.333333
RH,76,11.750000,P1,1,76,9.333333
LH,41,12.000000,P1,5,41,9.666667
LH,53,12.000000,P1,5,53,9.666667
RH,65,12.000000,P1,1,65,9.666667
RH,77,12.000000,P1,1,77,9.666667
LH,40,12.250000,P1,5,40,10.000000
LH,52,12.250000,P1,5,52,10.000000
RH,64,12.250000,P1,1,64,10.000000
RH,76,12.250000,P1,1,76,10.000000
LH,41,12.500000,P1,5,41,10.333333
LH,53,12.500000,P1,5,53,10.333333
RH,65,12.500000,P1,1,65,10.333333
RH,77,12.500000,P1,1,77,10.333333
LH,42,12.750000,P1,5,42,10.666667
LH,54,12.750000,P1,5,54,10.666667
RH,66,12.750000,P1,1,66,10.666667
RH,78,12.750000,P1,1,78,10.666667
LH,41,13.000000,P1,5,41,11.000000
LH,53,13.000000,P1,5,53,11.000000
RH,65,13.000000,P1,1,65,11.000000
RH,77,13.000000,P1,1,77,11.000000
LH,42,13.250000,P1,5,42,11.333333
LH,54,13.250000,P1,5,54,11.333333
RH,66,13.250000,P1,1,66,11.333333
RH,78,13.250000,P1,1,78,11.333333
LH,43,13.500000,P1,5,43,11.666667
LH,55,13.500000,P1,5,55,11.666667
RH,67,13.500000,P1,1,67,11.666667
RH,79,13.500000,P1,1,79,11.666667
LH,42,13.666667,P1,5,42,12.000000
LH,54,13.666667,P1,5,54,12.000000
RH,66,13.666667,P1,1,66,12.000000
RH,78,13.666667,P1,1,78,12.000000
LH,43,14.000000,P1,5,43,12.333333
LH,55,14.000000,P1,5,55,12.333333
RH,67,14.000000,P1,1,67,12.333333
RH,79,14.000000,P1,1,79,12.333333
LH,44,14.125000,P1,5,44,12.666667
LH,56,14.125000,P1,5,56,12.666667
RH,68,14.125000,P1,1,68,12.666667
RH,80,14.125000,P1,1,80,12.666667
LH,43,14.500000,P1,5,43,13.000000
LH,55,14.500000,P1,5,55,13.000000
RH,67,14.500000,P1,1,67,13.000000
RH,79,14.500000,P1,1,79,13.000000
LH,44,14.750000,P1,5,44,13.333333
LH,56,14.750000,P1,5,56,13.333333
RH,68,14.750000,P1,1,68,13.333333
RH,80,14.750000,P1,1,80,13.333333
LH,45,15.000000,P1,5,45,13.666667
LH,57,15.000000,P1,5,57,13.666667
RH,69,15.000000,P1,1,69,13.666667
RH,81,15.000000,P1,1,81,13.666667
LH,43,15.250000,P1,5,43,14.000000
LH,55,15.250000,P1,5,55,14.000000
RH,67,15.250000,P1,1,67,14.000000
RH,79,15.250000,P1,1,79,14.000000
LH,44,15.625000,P1,5,44,14.333333
LH,56,15.625000,P1,5,56,14.333333
RH,68,15.625000,P1,1,68,14.333333
RH,80,15.625000,P1,1,80,14.333333
LH,45,15.875000,P1,5,45,14.666667
LH,57,15.875000,P1,5,57,14.666667
RH,69,15.875000,P1,1,69,14.666667
RH,81,15.875000,P1,1,81,14.666667
LH,44,16.250000,P1,5,44,15.000000
LH,56,16.250000,P1,5,56,15.000000
RH,68,16.250000,P1,1,68,15.000000
RH,80,16.250000,P1,1,80,15.000000
LH,45,16.625000,P1,5,45,15.333333
LH,57,16.625000,P1,5,57,15.333333
RH,69,16.625000,P1,1,69,15.333333
RH,81,16.625000,P1,1,81,15.333333
LH,46,17.125000,P1,5,46,15.666667
LH,58,17.125000,P1,5,58,15.666667
RH,70,17.125000,P1,1,70,15.666667
RH,82,17.125000,P1,1,82,15.666667
LH,47,17.875000,P1,5,47,16.000000
LH,50,17.875000,P1,6,50,16.000000
LH,59,17.875000,P1,5,59,16.000000
RH,71,17.875000,P1,1,71,16.000000
RH,74,17.875000,P1,2,74,16.000000
RH,83,17.875000,P1,1,83,16.000000
LH,47,18.875000,P1,5,47,16.666667
LH,59,18.875000,P1,5,59,16.666667
RH,71,18.875000,P1,1,71,16.666667
RH,83,18.875000,P1,1,83,16.666667
LH,46,19.125000,P1,5,46,17.000000
LH,58,19.125000,P1,5,58,17.000000
RH,70,19.125000,P1,1,70,17.000000
RH,82,19.125000,P1,1,82,17.000000
LH,45,19.375000,P1,5,45,17.333333
LH,57,19.375000,P1,5,57,17.333333
RH,69,19.375000,P1,1,69,17.333333
RH,81,19.375000,P1,1,81,17.333333
LH,44,19.666667,P1,5,44,17.666667
LH,56,19.666667,P1,5,56,17.666667
RH,68,19.666667,P1,1,68,17.666667
RH,80,19.666667,P1,1,80,17.666667
LH,45,19.875000,P1,5,45,18.000000
LH,50,19.875000,P1,6,50,18.000000
LH,57,19.875000,P1,5,57,18.000000
RH,69,19.875000,P1,1,69,18.000000
RH,74,19.875000,P1,2,74,18.000000
RH,81,19.875000,P1,1,81,18.000000
LH,44,20.375000,P1,5,44,18.333333
LH,56,20.375000,P1,5,56,18.333333
RH,68,20.375000,P1,1,68,18.333333
RH,80,20.375000,P1,1,80,18.333333
LH,45,20.625000,P1,5,45,18.666667
LH,57,20.625000,P1,5,57,18.666667
RH,69,20.625000,P1,1,69,18.666667
RH,81,20.625000,P1,1,81,18.666667
LH,44,20.875000,P1,5,44,19.000000
LH,56,20.875000,P1,5,56,19.000000
RH,68,20.875000,P1,1,68,19.000000
RH,80,20.875000,P1,1,80,19.000000
LH,43,21.125000,P1,5,43,19.333333
LH,55,21.125000,P1,5,55,19.333333
RH,67,21.125000,P1,1,67,19.333333
RH,79,21.125000,P1,1,79,19.333333
LH,42,21.375000,P1,5,42,19.666667
LH,54,21.375000,P1,5,54,19.666667
RH,66,21.375000,P1,1,66,19.666667
RH,78,21.375000,P1,1,78,19.666667
LH,43,21.666667,P1,5,43,20.000000
LH,55,21.666667,P1,5,55,20.000000
RH,67,21.666667,P1,1,67,20.000000
RH,71,21.666667,P1,2,71,20.000000
RH,79,21.666667,P1,1,79,20.000000
LH,47,21.750000,P1,6,47,20.000000
LH,42,22.125000,P1,5,42,20.333333
LH,54,22.125000,P1,5,54,20.333333
RH,66,22.125000,P1,1,66,20.333333
RH,78,22.125000,P1,1,78,20.333333
LH,55,22.333333,P1,5,55,20.666667
RH,67,22.333333,P1,1,67,20.666667
RH,79,22.333333,P1,1,79,20.666667
LH,43,22.375000,P1,5,43,20.666667
LH,42,22.625000,P1,5,42,21.000000
LH,54,22.625000,P1,5,54,21.000000
RH,66,22.625000,P1,1,66,21.000000
RH,71,22.625000,P1,2,71,21.000000
RH,78,22.625000,P1,1,78,21.000000
LH,47,22.666667,P1,6,47,21.000000
LH,41,22.875000,P1,5,41,21.333333
LH,53,22.875000,P1,5,53,21.333333
RH,65,22.875000,P1,1,65,21.333333
RH,77,22.875000,P1,1,77,21.333333
LH,40,23.125000,P1,5,40,21.666667
LH,52,23.125000,P1,5,52,21.666667
RH,64,23.125000,P1,1,64,21.666667
RH,76,23.125000,P1,1,76,21.666667
LH,39,23.375000,P1,5,39,22.000000
LH,42,23.375000,P1,6,42,22.000000
LH,51,23.375000,P1,5,51,22.000000
RH,63,23.375000,P1,1,63,22.000000
RH,66,23.375000,P1,2,66,22.000000
RH,75,23.375000,P1,1,75,22.000000
LH,38,23.625000,P1,5,38,22.333333
LH,50,23.625000,P1,5,50,22.333333
RH,62,23.625000,P1,1,62,22.333333
RH,74,23.625000,P1,1,74,22.333333
LH,37,23.875000,P1,5,37,22.666667
LH,49,23.875000,P1,5,49,22.666667
RH,61,23.875000,P1,1,61,22.666667
RH,73,23.875000,P1,1,73,22.666667
LH,35,24.333333,P1,5,35,23.000000
LH,42,24.333333,P1,5,42,23.000000
LH,47,24.333333,P1,5,47,23.000000
LH,59,24.333333,P1,1,59,23.000000
RH,66,24.333333,P1,1,66,23.000000
RH,71,24.333333,P1,1,71,23.000000
LH,35,25.500000,P1,5,35,24.000000
LH,47,25.500000,P1,5,47,24.000000
LH,59,25.500000,P1,1,59,24.000000
RH,67,25.500000,P1,2,67,24.000000
RH,71,25.500000,P1,1,71,24.000000
LH,43,25.625000,P1,6,43,24.000000
LH,34,26.000000,P1,5,34,24.333333
LH,46,26.000000,P1,5,46,24.333333
LH,58,26.000000,P1,1,58,24.333333
RH,70,26.000000,P1,1,70,24.333333
LH,47,26.333333,P1,5,47,24.666667
LH,59,26.333333,P1,1,59,24.666667
RH,71,26.333333,P1,1,71,24.666667
LH,37,26.625000,P1,5,37,25.000000
LH,49,26.625000,P1,5,49,25.000000
RH,61,26.625000,P1,1,61,25.000000
RH,73,26.625000,P1,1,73,25.000000
LH,38,26.875000,P1,5,38,25.333333
LH,50,26.875000,P1,5,50,25.333333
RH,62,26.875000,P1,1,62,25.333333
RH,74,26.875000,P1,1,74,25.333333
LH,40,27.125000,P1,5,40,25.666667
LH,52,27.125000,P1,5,52,25.666667
RH,64,27.125000,P1,1,64,25.666667
RH,76,27.125000,P1,1,76,25.666667
LH,38,27.375000,P1,5,38,26.000000
LH,50,27.375000,P1,5,50,26.000000
RH,62,27.375000,P1,1,62,26.000000
RH,66,27.375000,P1,2,66,26.000000
RH,74,27.375000,P1,1,74,26.000000
LH,42,27.500000,P1,6,42,26.000000
LH,37,27.875000,P1,5,37,26.333333
LH,49,27.875000,P1,5,49,26.333333
RH,61,27.875000,P1,1,61,26.333333
RH,73,27.875000,P1,1,73,26.333333
LH,35,28.125000,P1,5,35,26.666667
LH,47,28.125000,P1,5,47,26.666667
LH,59,28.125000,P1,1,59,26.666667
RH,71,28.125000,P1,1,71,26.666667
LH,34,28.333333,P1,5,34,27.000000
LH,46,28.333333,P1,5,46,27.000000
LH,58,28.333333,P1,1,58,27.000000
RH,70,28.333333,P1,1,70,27.000000
LH,35,28.625000,P1,5,35,27.333333
LH,47,28.625000,P1,5,47,27.333333
LH,59,28.625000,P1,1,59,27.333333
RH,71,28.625000,P1,1,71,27.333333
LH,37,28.875000,P1,5,37,27.666667
LH,49,28.875000,P1,5,49,27.666667
RH,61,28.875000,P1,1,61,27.666667
RH,73,28.875000,P1,1,73,27.666667
LH,35,29.125000,P1,5,35,28.000000
LH,47,29.125000,P1,5,47,28.000000
LH,59,29.125000,P1,1,59,28.000000
RH,67,29.125000,P1,2,67,28.000000
RH,71,29.125000,P1,1,71,28.000000
LH,43,29.250000,P1,6,43,28.000000
RH,70,29.333333,P1,1,70,28.333333
LH,34,29.500000,P1,5,34,28.333333
LH,46,29.500000,P1,5,46,28.333333
LH,58,29.500000,P1,1,58,28.333333
RH,70,29.625000,P1,1,70,28.333333
LH,35,29.750000,P1,5,35,28.666667
LH,47,29.750000,P1,5,47,28.666667
LH,59,29.750000,P1,1,59,28.666667
RH,71,29.750000,P1,1,71,28.666667
LH,37,30.000000,P1,5,37,29.000000
LH,49,30.000000,P1,5,49,29.000000
RH,61,30.000000,P1,1,61,29.000000
RH,73,30.000000,P1,1,73,29.000000
LH,38,30.250000,P1,5,38,29.333333
LH,50,30.250000,P1,5,50,29.333333
RH,62,30.250000,P1,1,62,29.333333
RH,74,30.250000,P1,1,74,29.333333
LH,40,30.500000,P1,5,40,29.666667
LH,52,30.500000,P1,5,52,29.666667
RH,64,30.500000,P1,1,64,29.666667
RH,76,30.500000,P1,1,76,29.666667
LH,38,30.875000,P1,5,38,30.000000
LH,42,30.875000,P1,6,42,30.000000
LH,50,30.875000,P1,5,50,30.000000
RH,62,30.875000,P1,1,62,30.000000
RH,66,30.875000,P1,2,66,30.000000
RH,74,30.875000,P1,1,74,30.000000
LH,37,31.250000,P1,5,37,30.333333
LH,49,31.250000,P1,5,49,30.333333
RH,61,31.250000,P1,1,61,30.333333
RH,73,31.250000,P1,1,73,30.333333
LH,35,31.500000,P1,5,35,30.666667
LH,47,31.500000,P1,5,47,30.666667
LH,59,31.500000,P1,1,59,30.666667
RH,71,31.500000,P1,1,71,30.666667
LH,34,31.666667,P1,5,34,31.000000
LH,46,31.666667,P1,5,46,31.000000
LH,58,31.666667,P1,1,58,31.000000
RH,70,31.666667,P1,1,70,31.000000
LH,35,32.000000,P1,5,35,31.333333
LH,47,32.000000,P1,5,47,31.333333
LH,59,32.000000,P1,1,59,31.333333
RH,71,32.000000,P1,1,71,31.333333
LH,37,32.250000,P1,5,37,31.666667
LH,49,32.250000,P1,5,49,31.666667
RH,61,32.250000,P1,1,61,31.666667
RH,73,32.250000,P1,1,73,31.666667
LH,38,32.500000,P1,5,38,32.000000
LH,50,32.500000,P1,5,50,32.000000
RH,62,32.500000,P1,1,62,32.000000
RH,70,32.500000,P1,2,70,32.000000
RH,74,32.500000,P1,1,74,32.000000
LH,46,32.625000,P1,6,46,32.000000
LH,37,32.875000,P1,5,37,32.333333
LH,49,32.875000,P1,5,49,32.333333
RH,61,32.875000,P1,1,61,32.333333
RH,73,32.875000,P1,1,73,32.333333
LH,38,33.125000,P1,5,38,32.666667
LH,50,33.125000,P1,5,50,32.666667
RH,62,33.125000,P1,1,62,32.666667
RH,74,33.125000,P1,1,74,32.666667
LH,40,33.375000,P1,5,40,33.000000
LH,52,33.375000,P1,5,52,33.000000
RH,64,33.375000,P1,1,64,33.000000
RH,76,33.375000,P1,1,76,33.000000
LH,41,33.625000,P1,5,41,33.333333
LH,53,33.625000,P1,5,53,33.333333
RH,65,33.625000,P1,1,65,33.333333
RH,77,33.625000,P1,1,77,33.333333
RH,67,33.875000,P1,1,67,33.666667
RH,79,33.875000,P1,1,79,33.666667
LH,43,34.000000,P1,5,43,33.666667
LH,55,34.000000,P1,5,55,33.666667
LH,41,34.125000,P1,5,41,34.000000
LH,45,34.125000,P1,6,45,34.000000
LH,53,34.125000,P1,5,53,34.000000
RH,65,34.125000,P1,1,65,34.000000
RH,69,34.125000,P1,2,69,34.000000
RH,77,34.125000,P1,1,77,34.000000
LH,40,34.500000,P1,5,40,34.333333
LH,52,34.500000,P1,5,52,34.333333
RH,64,34.500000,P1,1,64,34.333333
RH,76,34.500000,P1,1,76,34.333333
LH,38,34.750000,P1,5,38,34.666667
LH,50,34.750000,P1,5,50,34.666667
RH,62,34.750000,P1,1,62,34.666667
RH,74,34.750000,P1,1,74,34.666667
LH,37,35.000000,P1,5,37,35.000000
LH,49,35.000000,P1,5,49,35.000000
RH,61,35.000000,P1,1,61,35.000000
RH,73,35.000000,P1,1,73,35.000000
LH,38,35.250000,P1,5,38,35.333333
LH,50,35.250000,P1,5,50,35.333333
RH,62,35.250000,P1,1,62,35.333333
RH,74,35.250000,P1,1,74,35.333333
LH,40,35.500000,P1,5,40,35.666667
LH,52,35.500000,P1,5,52,35.666667
RH,64,35.500000,P1,1,64,35.666667
RH,76,35.500000,P1,1,76,35.666667
LH,38,35.750000,P1,5,38,36.000000
LH,46,35.750000,P1,6,46,36.000000
LH,50,35.750000,P1,5,50,36.000000
RH,62,35.750000,P1,1,62,36.000000
RH,70,35.750000,P1,2,70,36.000000
RH,74,35.750000,P1,1,74,36.000000
LH,37,36.125000,P1,5,37,36.333333
LH,49,36.125000,P1,5,49,36.333333
RH,61,36.125000,P1,1,61,36.333333
RH,73,36.125000,P1,1,73,36.333333
LH,38,36.375000,P1,5,38,36.666667
LH,50,36.375000,P1,5,50,36.666667
RH,62,36.375000,P1,1,62,36.666667
RH,74,36.375000,P1,1,74,36.666667
LH,40,36.666667,P1,5,40,37.000000
LH,52,36.666667,P1,5,52,37.000000
RH,64,36.666667,P1,1,64,37.000000
RH,76,36.666667,P1,1,76,37.000000
LH,41,36.875000,P1,5,41,37.333333
LH,53,36.875000,P1,5,53,37.333333
RH,65,36.875000,P1,1,65,37.333333
RH,77,36.875000,P1,1,77,37.333333
LH,43,37.125000,P1,5,43,37.666667
LH,55,37.125000,P1,5,55,37.666667
RH,67,37.125000,P1,1,67,37.666667
RH,79,37.125000,P1,1,79,37.666667
LH,45,37.375000,P1,6,45,38.000000
LH,53,37.375000,P1,5,53,38.000000
RH,65,37.375000,P1,1,65,38.000000
RH,69,37.375000,P1,2,69,38.000000
RH,77,37.375000,P1,1,77,38.000000
LH,41,37.625000,P1,5,41,38.000000
LH,40,37.750000,P1,5,40,38.333333
LH,52,37.750000,P1,5,52,38.333333
RH,64,37.750000,P1,1,64,38.333333
RH,76,37.750000,P1,1,76,38.333333
RH,74,37.875000,P1,1,74,38.666667
LH,38,38.000000,P1,5,38,38.666667
LH,50,38.000000,P1,5,50,38.666667
RH,62,38.000000,P1,1,62,38.666667
RH,74,38.000000,P1,1,74,38.666667
LH,37,38.250000,P1,5,37,39.000000
LH,49,38.250000,P1,5,49,39.000000
RH,61,38.250000,P1,1,61,39.000000
RH,73,38.250000,P1,1,73,39.000000
LH,38,38.500000,P1,5,38,39.333333
LH,50,38.500000,P1,5,50,39.333333
RH,62,38.500000,P1,1,62,39.333333
RH,74,38.500000,P1,1,74,39.333333
LH,43,39.125000,P1,5,43,40.000000
LH,55,39.125000,P1,5,55,40.000000
RH,64,39.125000,P1,1,64,40.000000
RH,70,39.125000,P1,2,70,40.000000
RH,76,39.125000,P1,1,76,40.000000
RH,73,39.250000,P1,2,73,40.000000
LH,42,39.500000,P1,5,42,40.333333
LH,54,39.500000,P1,5,54,40.333333
RH,63,39.500000,P1,1,63,40.333333
RH,75,39.500000,P1,1,75,40.333333
LH,43,39.750000,P1,5,43,40.666667
LH,55,39.750000,P1,5,55,40.666667
RH,64,39.750000,P1,1,64,40.666667
RH,76,39.750000,P1,1,76,40.666667
LH,44,40.000000,P1,5,44,41.000000
LH,56,40.000000,P1,5,56,41.000000
RH,65,40.000000,P1,1,65,41.000000
RH,77,40.000000,P1,1,77,41.000000
LH,45,40.333333,P1,5,45,41.333333
LH,57,40.333333,P1,5,57,41.333333
RH,66,40.333333,P1,1,66,41.333333
RH,78,40.333333,P1,1,78,41.333333
LH,46,40.500000,P1,5,46,41.666667
LH,58,40.500000,P1,5,58,41.666667
RH,67,40.500000,P1,1,67,41.666667
RH,79,40.500000,P1,1,79,41.666667
LH,45,40.750000,P1,5,45,42.000000
LH,57,40.750000,P1,5,57,42.000000
RH,66,40.750000,P1,1,66,42.000000
RH,72,40.750000,P1,2,72,42.000000
RH,75,40.750000,P1,2,75,42.000000
RH,78,40.750000,P1,1,78,42.000000
LH,44,41.125000,P1,5,44,42.333333
LH,56,41.125000,P1,5,56,42.333333
RH,65,41.125000,P1,1,65,42.333333
RH,77,41.125000,P1,1,77,42.333333
LH,45,41.333333,P1,5,45,42.666667
LH,57,41.333333,P1,5,57,42.666667
RH,66,41.333333,P1,1,66,42.666667
RH,78,41.333333,P1,1,78,42.666667
LH,46,41.625000,P1,5,46,43.000000
LH,58,41.625000,P1,5,58,43.000000
RH,67,41.625000,P1,1,67,43.000000
RH,79,41.625000,P1,1,79,43.000000
LH,47,41.875000,P1,5,47,43.333333
LH,59,41.875000,P1,5,59,43.333333
RH,68,41.875000,P1,1,68,43.333333
RH,80,41.875000,P1,1,80,43.333333
LH,48,42.125000,P1,5,48,43.666667
RH,60,42.125000,P1,5,60,43.666667
RH,69,42.125000,P1,1,69,43.666667
RH,81,42.125000,P1,1,81,43.666667
LH,49,42.333333,P1,5,49,44.000000
RH,61,42.333333,P1,5,61,44.000000
RH,70,42.333333,P1,1,70,44.000000
RH,76,42.333333,P1,2,76,44.000000
RH,79,42.333333,P1,2,79,44.000000
RH,82,42.333333,P1,1,82,44.000000
LH,50,42.625000,P1,5,50,44.333333
RH,62,42.625000,P1,5,62,44.333333
RH,71,42.625000,P1,1,71,44.333333
RH,83,42.625000,P1,1,83,44.333333
LH,51,42.875000,P1,5,51,44.666667
RH,63,42.875000,P1,5,63,44.666667
RH,72,42.875000,P1,1,72,44.666667
RH,84,42.875000,P1,1,84,44.666667
LH,52,43.125000,P1,5,52,45.000000
RH,73,43.125000,P1,1,73,45.000000
RH,79,43.125000,P1,2,79,45.000000
RH,82,43.125000,P1,2,82,45.000000
RH,85,43.125000,P1,1,85,45.000000
LH,53,43.375000,P1,5,53,45.333333
RH,65,43.375000,P1,5,65,45.333333
RH,74,43.375000,P1,1,74,45.333333
RH,86,43.375000,P1,1,86,45.333333
LH,54,43.625000,P1,5,54,45.666667
RH,66,43.625000,P1,5,66,45.666667
RH,75,43.625000,P1,1,75,45.666667
RH,87,43.625000,P1,1,87,45.666667
RH,76,43.875000,P1,1,76,46.000000
RH,82,43.875000,P1,2,82,46.000000
RH,85,43.875000,P1,2,85,46.000000
RH,88,43.875000,P1,1,88,46.000000
RH,77,44.125000,P1,1,77,46.333333
RH,89,44.250000,P1,1,89,46.333333
LH,57,44.500000,P1,5,57,46.666667
RH,78,44.500000,P1,1,78,46.666667
RH,90,44.500000,P1,1,90,46.666667
RH,79,44.750000,P1,1,79,47.000000
RH,85,44.750000,P1,2,85,47.000000
RH,88,44.750000,P1,2,88,47.000000
RH,91,44.750000,P1,1,91,47.000000
RH,71,45.125000,P1,5,71,47.333333
RH,79,45.125000,P1,1,79,47.333333
RH,91,45.125000,P1,1,91,47.333333
RH,61,45.500000,P1,5,61,47.666667
RH,73,45.500000,P1,5,73,47.666667
RH,78,45.500000,P1,1,78,47.666667
RH,90,45.500000,P1,1,90,47.666667
LH,59,46.000000,P1,5,59,48.000000
RH,71,46.000000,P1,5,71,48.000000
RH,83,46.000000,P1,1,83,48.000000
RH,86,46.000000,P1,2,86,48.000000
RH,95,46.000000,P1,1,95,48.000000
RH,62,46.125000,P1,6,62,48.000000
LH,58,46.625000,P1,5,58,48.333333
RH,70,46.625000,P1,5,70,48.333333
RH,82,46.625000,P1,1,82,48.333333
RH,94,46.625000,P1,1,94,48.333333
LH,59,46.875000,P1,5,59,48.666667
RH,71,46.875000,P1,5,71,48.666667
RH,83,46.875000,P1,1,83,48.666667
RH,95,46.875000,P1,1,95,48.666667
LH,58,47.250000,P1,5,58,49.000000
RH,70,47.250000,P1,5,70,49.000000
RH,82,47.250000,P1,1,82,49.000000
RH,94,47.250000,P1,1,94,49.000000
LH,57,47.375000,P1,5,57,49.333333
RH,69,47.375000,P1,5,69,49.333333
RH,81,47.375000,P1,1,81,49.333333
RH,93,47.375000,P1,1,93,49.333333
RH,68,47.666667,P1,5,68,49.666667
RH,80,47.666667,P1,1,80,49.666667
RH,92,47.666667,P1,1,92,49.666667
LH,57,47.875000,P1,5,57,50.000000
RH,69,47.875000,P1,5,69,50.000000
RH,81,47.875000,P1,1,81,50.000000
RH,86,47.875000,P1,2,86,50.000000
RH,93,47.875000,P1,1,93,50.000000
RH,62,48.000000,P1,6,62,50.000000
LH,56,48.250000,P1,5,56,50.333333
RH,68,48.250000,P1,5,68,50.333333
RH,80,48.250000,P1,1,80,50.333333
RH,92,48.250000,P1,1,92,50.333333
LH,57,48.500000,P1,5,57,50.666667
RH,69,48.500000,P1,5,69,50.666667
RH,81,48.500000,P1,1,81,50.666667
RH,93,48.500000,P1,1,93,50.666667
LH,56,48.750000,P1,5,56,51.000000
RH,68,48.750000,P1,5,68,51.000000
RH,80,48.750000,P1,1,80,51.000000
RH,92,48.750000,P1,1,92,51.000000
LH,55,49.000000,P1,5,55,51.333333
RH,67,49.000000,P1,5,67,51.333333
RH,79,49.000000,P1,1,79,51.333333
RH,91,49.000000,P1,1,91,51.333333
LH,54,49.250000,P1,5,54,51.666667
RH,66,49.250000,P1,5,66,51.666667
RH,78,49.250000,P1,1,78,51.666667
RH,90,49.333333,P1,1,90,51.666667
LH,55,49.500000,P1,5,55,52.000000
RH,67,49.500000,P1,5,67,52.000000
RH,79,49.500000,P1,1,79,52.000000
RH,91,49.500000,P1,1,91,52.000000
LH,59,49.625000,P1,6,59,52.000000
RH,83,49.625000,P1,2,83,52.000000
LH,54,49.875000,P1,5,54,52.333333
RH,66,49.875000,P1,5,66,52.333333
RH,78,49.875000,P1,1,78,52.333333
RH,90,49.875000,P1,1,90,52.333333
LH,55,50.125000,P1,5,55,52.666667
RH,67,50.125000,P1,5,67,52.666667
RH,79,50.125000,P1,1,79,52.666667
RH,91,50.125000,P1,1,91,52.666667
LH,59,50.375000,P1,6,59,53.000000
RH,83,50.375000,P1,2,83,53.000000
RH,65,50.666667,P1,5,65,53.333333
RH,89,50.666667,P1,1,89,53.333333
RH,77,50.750000,P1,1,77,53.333333
LH,52,50.875000,P1,5,52,53.666667
RH,64,50.875000,P1,5,64,53.666667
RH,76,50.875000,P1,1,76,53.666667
RH,88,50.875000,P1,1,88,53.666667
LH,51,51.250000,P1,5,51,54.000000
LH,54,51.250000,P1,6,54,54.000000
RH,63,51.250000,P1,5,63,54.000000
RH,75,51.250000,P1,1,75,54.000000
RH,87,51.250000,P1,1,87,54.000000
LH,50,51.500000,P1,5,50,54.333333
RH,62,51.500000,P1,5,62,54.333333
RH,74,51.500000,P1,1,74,54.333333
RH,86,51.500000,P1,1,86,54.333333
LH,49,51.750000,P1,5,49,54.666667
RH,61,51.750000,P1,5,61,54.666667
RH,73,51.750000,P1,1,73,54.666667
RH,85,51.750000,P1,1,85,54.666667
LH,47,52.125000,P1,5,47,55.000000
LH,54,52.125000,P1,5,54,55.000000
LH,59,52.125000,P1,5,59,55.000000
RH,71,52.125000,P1,1,71,55.000000
RH,78,52.125000,P1,1,78,55.000000
RH,83,52.125000,P1,1,83,55.000000
LH,47,53.125000,P1,5,47,56.000000
LH,55,53.125000,P1,6,55,56.000000
LH,59,53.125000,P1,5,59,56.000000
RH,71,53.125000,P1,1,71,56.000000
RH,79,53.125000,P1,2,79,56.000000
RH,83,53.125000,P1,1,83,56.000000
LH,46,53.625000,P1,5,46,56.333333
LH,58,53.625000,P1,5,58,56.333333
RH,70,53.625000,P1,1,70,56.333333
RH,82,53.625000,P1,1,82,56.333333
LH,59,53.875000,P1,5,59,56.666667
RH,83,53.875000,P1,1,83,56.666667
RH,71,54.000000,P1,1,71,56.666667
LH,49,54.125000,P1,5,49,57.000000
RH,61,54.125000,P1,5,61,57.000000
RH,73,54.125000,P1,1,73,57.000000
RH,85,54.125000,P1,1,85,57.000000
LH,50,54.375000,P1,5,50,57.333333
RH,62,54.375000,P1,5,62,57.333333
RH,74,54.375000,P1,1,74,57.333333
RH,86,54.375000,P1,1,86,57.333333
LH,52,54.666667,P1,5,52,57.666667
RH,64,54.666667,P1,5,64,57.666667
RH,76,54.666667,P1,1,76,57.666667
RH,88,54.666667,P1,1,88,57.666667
LH,50,55.000000,P1,5,50,58.000000
LH,54,55.000000,P1,6,54,58.000000
RH,62,55.000000,P1,5,62,58.000000
RH,74,55.000000,P1,1,74,58.000000
RH,78,55.000000,P1,2,78,58.000000
RH,86,55.000000,P1,1,86,58.000000
LH,49,55.333333,P1,5,49,58.333333
RH,61,55.333333,P1,5,61,58.333333
RH,85,55.333333,P1,1,85,58.333333
RH,73,55.375000,P1,1,73,58.333333
LH,47,55.625000,P1,5,47,58.666667
LH,59,55.625000,P1,5,59,58.666667
RH,71,55.625000,P1,1,71,58.666667
RH,83,55.625000,P1,1,83,58.666667
LH,46,55.875000,P1,5,46,59.000000
LH,58,55.875000,P1,5,58,59.000000
RH,70,55.875000,P1,1,70,59.000000
RH,82,55.875000,P1,1,82,59.000000
LH,47,56.125000,P1,5,47,59.333333
LH,59,56.125000,P1,5,59,59.333333
RH,71,56.125000,P1,1,71,59.333333
RH,83,56.125000,P1,1,83,59.333333
LH,49,56.333333,P1,5,49,59.666667
RH,61,56.333333,P1,5,61,59.666667
RH,73,56.333333,P1,1,73,59.666667
RH,85,56.333333,P1,1,85,59.666667
LH,55,56.625000,P1,6,55,60.000000
LH,59,56.625000,P1,5,59,60.000000
RH,71,56.625000,P1,1,71,60.000000
RH,79,56.625000,P1,2,79,60.000000
RH,83,56.625000,P1,1,83,60.000000
LH,47,56.666667,P1,5,47,60.000000
LH,46,57.000000,P1,5,46,60.333333
LH,58,57.000000,P1,5,58,60.333333
RH,70,57.000000,P1,1,70,60.333333
RH,82,57.000000,P1,1,82,60.333333
LH,59,57.250000,P1,5,59,60.666667
RH,71,57.250000,P1,1,71,60.666667
RH,83,57.250000,P1,1,83,60.666667
LH,49,57.500000,P1,5,49,61.000000
RH,61,57.500000,P1,5,61,61.000000
RH,73,57.500000,P1,1,73,61.000000
RH,85,57.500000,P1,1,85,61.000000
LH,50,57.750000,P1,5,50,61.333333
RH,62,57.750000,P1,5,62,61.333333
RH,74,57.750000,P1,1,74,61.333333
RH,86,57.750000,P1,1,86,61.333333
LH,52,58.000000,P1,5,52,61.666667
RH,64,58.000000,P1,5,64,61.666667
RH,76,58.000000,P1,1,76,61.666667
RH,88,58.000000,P1,1,88,61.666667
LH,54,58.250000,P1,6,54,62.000000
RH,62,58.250000,P1,5,62,62.000000
RH,74,58.250000,P1,1,74,62.000000
RH,78,58.250000,P1,2,78,62.000000
RH,86,58.250000,P1,1,86,62.000000
LH,50,58.333333,P1,5,50,62.000000
LH,49,58.625000,P1,5,49,62.333333
RH,61,58.625000,P1,5,61,62.333333
RH,73,58.625000,P1,1,73,62.333333
RH,85,58.625000,P1,1,85,62.333333
LH,47,58.875000,P1,5,47,62.666667
LH,59,58.875000,P1,5,59,62.666667
RH,71,58.875000,P1,1,71,62.666667
RH,83,58.875000,P1,1,83,62.666667
LH,46,59.125000,P1,5,46,63.000000
LH,58,59.125000,P1,5,58,63.000000
RH,70,59.125000,P1,1,70,63.000000
RH,82,59.125000,P1,1,82,63.000000
LH,47,59.375000,P1,5,47,63.333333
LH,59,59.375000,P1,5,59,63.333333
RH,71,59.375000,P1,1,71,63.333333
RH,83,59.375000,P1,1,83,63.333333
LH,49,59.625000,P1,5,49,63.666667
RH,61,59.625000,P1,5,61,63.666667
RH,73,59.625000,P1,1,73,63.666667
RH,85,59.625000,P1,1,85,63.666667
LH,47,60.000000,P1,5,47,64.000000
LH,59,60.000000,P1,5,59,64.000000
RH,71,60.000000,P1,1,71,64.000000
RH,83,60.000000,P1,1,83,64.000000
LH,53,60.125000,P1,7,53,64.000000
RH,77,60.125000,P1,3,77,64.000000
LH,46,60.500000,P1,5,46,64.333333
LH,58,60.500000,P1,5,58,64.333333
RH,70,60.500000,P1,1,70,64.333333
RH,82,60.500000,P1,1,82,64.333333
LH,47,60.750000,P1,5,47,64.666667
LH,59,60.750000,P1,5,59,64.666667
RH,71,60.750000,P1,1,71,64.666667
RH,83,60.750000,P1,1,83,64.666667
LH,48,61.000000,P1,5,48,65.000000
RH,60,61.000000,P1,5,60,65.000000
RH,72,61.000000,P1,1,72,65.000000
RH,84,61.000000,P1,1,84,65.000000
LH,49,61.250000,P1,5,49,65.333333
RH,61,61.250000,P1,5,61,65.333333
RH,73,61.250000,P1,1,73,65.333333
RH,85,61.250000,P1,1,85,65.333333
LH,50,61.500000,P1,5,50,65.666667
RH,62,61.500000,P1,5,62,65.666667
RH,74,61.500000,P1,1,74,65.666667
RH,86,61.500000,P1,1,86,65.666667
LH,49,61.750000,P1,5,49,66.000000
LH,53,61.750000,P1,7,53,66.000000
RH,61,61.750000,P1,5,61,66.000000
RH,73,61.750000,P1,1,73,66.000000
RH,77,61.750000,P1,3,77,66.000000
RH,85,61.750000,P1,1,85,66.000000
LH,48,62.000000,P1,5,48,66.333333
RH,60,62.000000,P1,5,60,66.333333
RH,72,62.000000,P1,1,72,66.333333
RH,84,62.000000,P1,1,84,66.333333
LH,59,62.250000,P1,5,59,66.666667
RH,71,62.250000,P1,1,71,66.666667
RH,83,62.250000,P1,1,83,66.666667
LH,53,62.500000,P1,7,53,67.000000
LH,58,62.500000,P1,5,58,67.000000
RH,70,62.500000,P1,1,70,67.000000
RH,77,62.500000,P1,3,77,67.000000
RH,82,62.500000,P1,1,82,67.000000
LH,59,62.750000,P1,5,59,67.333333
RH,71,62.750000,P1,1,71,67.333333
RH,83,62.750000,P1,1,83,67.333333
LH,49,63.000000,P1,5,49,67.666667
RH,73,63.000000,P1,1,73,67.666667
RH,85,63.000000,P1,1,85,67.666667
RH,61,63.125000,P1,5,61,67.666667
LH,47,63.333333,P1,5,47,68.000000
LH,53,63.333333,P1,7,53,68.000000
LH,59,63.333333,P1,5,59,68.000000
RH,71,63.333333,P1,1,71,68.000000
RH,83,63.333333,P1,1,83,68.000000
RH,77,63.375000,P1,3,77,68.000000
LH,46,63.500000,P1,5,46,68.333333
LH,58,63.500000,P1,5,58,68.333333
RH,70,63.500000,P1,1,70,68.333333
RH,82,63.500000,P1,1,82,68.333333
LH,47,63.875000,P1,5,47,68.666667
LH,59,63.875000,P1,5,59,68.666667
RH,71,63.875000,P1,1,71,68.666667
RH,83,63.875000,P1,1,83,68.666667
LH,53,64.125000,P1,5,53,69.000000
RH,60,64.125000,P1,5,60,69.000000
RH,72,64.125000,P1,1,72,69.000000
RH,77,64.125000,P1,1,77,69.000000
RH,84,64.125000,P1,1,84,69.000000
LH,49,64.375000,P1,5,49,69.333333
RH,61,64.375000,P1,5,61,69.333333
RH,73,64.375000,P1,1,73,69.333333
RH,62,64.625000,P1,5,62,69.666667
RH,74,64.625000,P1,1,74,69.666667
RH,86,64.625000,P1,1,86,69.666667
LH,50,64.750000,P1,5,50,69.666667
LH,53,64.750000,P1,5,53,69.666667
LH,49,64.875000,P1,5,49,70.000000
RH,61,64.875000,P1,5,61,70.000000
RH,73,64.875000,P1,1,73,70.000000
RH,77,64.875000,P1,3,77,70.000000
RH,85,64.875000,P1,1,85,70.000000
LH,53,65.000000,P1,7,53,70.000000
LH,48,65.250000,P1,5,48,70.333333
RH,60,65.250000,P1,5,60,70.333333
RH,72,65.250000,P1,1,72,70.333333
RH,84,65.250000,P1,1,84,70.333333
LH,47,65.500000,P1,5,47,70.666667
LH,59,65.500000,P1,5,59,70.666667
RH,71,65.500000,P1,1,71,70.666667
RH,83,65.500000,P1,1,83,70.666667
LH,46,65.750000,P1,5,46,71.000000
LH,58,65.750000,P1,5,58,71.000000
RH,70,65.750000,P1,1,70,71.000000
RH,82,65.750000,P1,1,82,71.000000
LH,47,66.125000,P1,5,47,71.333333
LH,59,66.125000,P1,5,59,71.333333
RH,71,66.125000,P1,1,71,71.333333
RH,83,66.125000,P1,1,83,71.333333
LH,43,66.625000,P1,5,43,71.666667
LH,47,66.625000,P1,5,47,71.666667
LH,49,66.625000,P1,5,49,71.666667
LH,55,66.625000,P1,5,55,71.666667
RH,65,66.625000,P1,1,65,71.666667
RH,71,66.625000,P1,1,71,71.666667
RH,73,66.625000,P1,1,73,71.666667
RH,77,66.625000,P1,1,77,71.666667
LH,42,67.250000,P1,5,42,72.000000
LH,47,67.250000,P1,7,47,72.000000
LH,49,67.250000,P1,7,49,72.000000
LH,54,67.250000,P1,5,54,72.000000
RH,66,67.250000,P1,1,66,72.000000
RH,71,67.250000,P1,3,71,72.000000
RH,73,67.250000,P1,3,73,72.000000
RH,78,67.250000,P1,1,78,72.000000
LH,41,67.750000,P1,5,41,72.333333
LH,53,67.750000,P1,5,53,72.333333
RH,67,67.750000,P1,1,67,72.333333
RH,79,67.750000,P1,1,79,72.333333
LH,54,68.125000,P1,5,54,72.666667
RH,66,68.125000,P1,1,66,72.666667
RH,78,68.125000,P1,1,78,72.666667
LH,42,68.250000,P1,5,42,72.666667
LH,43,68.375000,P1,5,43,73.000000
LH,55,68.375000,P1,5,55,73.000000
RH,65,68.375000,P1,1,65,73.000000
RH,77,68.375000,P1,1,77,73.000000
LH,42,68.666667,P1,5,42,73.333333
LH,54,68.666667,P1,5,54,73.333333
RH,66,68.666667,P1,1,66,73.333333
RH,78,68.666667,P1,1,78,73.333333
LH,41,68.875000,P1,5,41,73.666667
LH,53,68.875000,P1,5,53,73.666667
RH,67,68.875000,P1,1,67,73.666667
RH,79,68.875000,P1,1,79,73.666667
LH,42,69.125000,P1,5,42,74.000000
LH,47,69.125000,P1,7,47,74.000000
LH,49,69.125000,P1,7,49,74.000000
LH,54,69.125000,P1,5,54,74.000000
RH,66,69.125000,P1,1,66,74.000000
RH,73,69.125000,P1,3,73,74.000000
RH,78,69.125000,P1,1,78,74.000000
RH,71,69.250000,P1,3,71,74.000000
LH,43,69.375000,P1,5,43,74.333333
LH,55,69.375000,P1,5,55,74.333333
RH,65,69.375000,P1,1,65,74.333333
RH,77,69.375000,P1,1,77,74.333333
LH,54,69.666667,P1,5,54,74.666667
RH,66,69.666667,P1,1,66,74.666667
RH,78,69.666667,P1,1,78,74.666667
LH,42,69.750000,P1,5,42,74.666667
LH,41,70.000000,P1,5,41,75.000000
LH,47,70.000000,P1,7,47,75.000000
LH,53,70.000000,P1,5,53,75.000000
RH,67,70.000000,P1,1,67,75.000000
RH,71,70.000000,P1,3,71,75.000000
RH,73,70.000000,P1,3,73,75.000000
RH,79,70.000000,P1,1,79,75.000000
LH,42,70.250000,P1,5,42,75.333333
LH,54,70.250000,P1,5,54,75.333333
RH,66,70.250000,P1,1,66,75.333333
RH,78,70.250000,P1,1,78,75.333333
LH,55,70.500000,P1,5,55,75.666667
RH,65,70.500000,P1,1,65,75.666667
RH,77,70.500000,P1,1,77,75.666667
LH,43,70.625000,P1,5,43,75.666667
LH,42,70.875000,P1,5,42,76.000000
LH,54,70.875000,P1,5,54,76.000000
RH,66,70.875000,P1,1,66,76.000000
RH,78,70.875000,P1,1,78,76.000000
LH,47,71.333333,P1,5,47,76.333333
LH,59,71.333333,P1,5,59,76.333333
RH,67,71.333333,P1,1,67,76.333333
RH,79,71.333333,P1,1,79,76.333333
LH,46,71.625000,P1,5,46,76.666667
LH,58,71.625000,P1,5,58,76.666667
RH,66,71.625000,P1,1,66,76.666667
RH,78,71.625000,P1,1,78,76.666667
LH,45,71.875000,P1,5,45,77.000000
LH,57,71.875000,P1,5,57,77.000000
RH,65,71.875000,P1,1,65,77.000000
RH,77,71.875000,P1,1,77,77.000000
LH,46,72.125000,P1,5,46,77.333333
LH,58,72.125000,P1,5,58,77.333333
RH,66,72.125000,P1,1,66,77.333333
RH,78,72.125000,P1,1,78,77.333333
LH,59,72.333333,P1,5,59,77.666667
RH,79,72.333333,P1,1,79,77.666667
RH,67,72.375000,P1,1,67,77.666667
LH,48,72.625000,P1,5,48,78.000000
RH,60,72.625000,P1,5,60,78.000000
RH,66,72.625000,P1,1,66,78.000000
RH,78,72.625000,P1,1,78,78.000000
LH,49,72.875000,P1,5,49,78.333333
RH,61,72.875000,P1,5,61,78.333333
RH,65,72.875000,P1,1,65,78.333333
RH,77,72.875000,P1,1,77,78.333333
LH,50,73.125000,P1,5,50,78.666667
RH,62,73.125000,P1,5,62,78.666667
RH,66,73.125000,P1,1,66,78.666667
RH,78,73.125000,P1,1,78,78.666667
LH,51,73.333333,P1,5,51,79.000000
RH,63,73.333333,P1,5,63,79.000000
RH,67,73.333333,P1,1,67,79.000000
RH,79,73.375000,P1,1,79,79.000000
LH,52,73.625000,P1,5,52,79.333333
RH,64,73.625000,P1,5,64,79.333333
RH,66,73.625000,P1,1,66,79.333333
RH,78,73.625000,P1,1,78,79.333333
LH,51,73.875000,P1,5,51,79.666667
RH,63,73.875000,P1,5,63,79.666667
RH,67,73.875000,P1,1,67,79.666667
RH,79,73.875000,P1,1,79,79.666667
LH,52,74.250000,P1,5,52,80.000000
RH,64,74.250000,P1,5,64,80.000000
RH,66,74.250000,P1,1,66,80.000000
RH,78,74.250000,P1,1,78,80.000000
LH,51,74.500000,P1,5,51,80.333333
RH,63,74.500000,P1,5,63,80.333333
RH,67,74.500000,P1,1,67,80.333333
RH,79,74.625000,P1,1,79,80.333333
LH,50,74.750000,P1,5,50,80.666667
RH,62,74.750000,P1,5,62,80.666667
RH,68,74.750000,P1,1,68,80.666667
RH,80,74.750000,P1,1,80,80.666667
LH,51,75.000000,P1,5,51,81.000000
RH,63,75.000000,P1,5,63,81.000000
RH,67,75.000000,P1,1,67,81.000000
RH,79,75.000000,P1,1,79,81.000000
LH,50,75.250000,P1,5,50,81.333333
RH,62,75.250000,P1,5,62,81.333333
RH,68,75.250000,P1,1,68,81.333333
RH,80,75.250000,P1,1,80,81.333333
LH,49,75.500000,P1,5,49,81.666667
RH,61,75.500000,P1,5,61,81.666667
RH,69,75.500000,P1,1,69,81.666667
RH,81,75.500000,P1,1,81,81.666667
LH,50,75.750000,P1,5,50,82.000000
RH,62,75.750000,P1,5,62,82.000000
RH,68,75.750000,P1,1,68,82.000000
RH,80,75.750000,P1,1,80,82.000000
LH,49,76.000000,P1,5,49,82.333333
RH,61,76.000000,P1,5,61,82.333333
RH,69,76.000000,P1,1,69,82.333333
RH,81,76.000000,P1,1,81,82.333333
LH,48,76.250000,P1,5,48,82.666667
RH,60,76.250000,P1,5,60,82.666667
RH,70,76.250000,P1,1,70,82.666667
RH,82,76.250000,P1,1,82,82.666667
LH,49,76.500000,P1,5,49,83.000000
RH,61,76.500000,P1,5,61,83.000000
RH,69,76.500000,P1,1,69,83.000000
RH,81,76.500000,P1,1,81,83.000000
LH,48,76.750000,P1,5,48,83.333333
RH,60,76.750000,P1,5,60,83.333333
RH,70,76.750000,P1,1,70,83.333333
RH,82,76.750000,P1,1,82,83.333333
LH,47,77.000000,P1,5,47,83.666667
LH,59,77.000000,P1,5,59,83.666667
RH,71,77.000000,P1,1,71,83.666667
RH,83,77.000000,P1,1,83,83.666667
LH,48,77.333333,P1,5,48,84.000000
RH,60,77.333333,P1,5,60,84.000000
RH,70,77.333333,P1,1,70,84.000000
RH,82,77.333333,P1,1,82,84.000000
LH,47,77.666667,P1,5,47,84.333333
LH,59,77.666667,P1,5,59,84.333333
RH,71,77.666667,P1,1,71,84.333333
RH,83,77.666667,P1,1,83,84.333333
LH,46,77.875000,P1,5,46,84.666667
LH,58,77.875000,P1,5,58,84.666667
RH,72,77.875000,P1,1,72,84.666667
RH,84,77.875000,P1,1,84,84.666667
LH,45,78.125000,P1,5,45,85.000000
LH,57,78.125000,P1,5,57,85.000000
RH,73,78.125000,P1,1,73,85.000000
RH,85,78.125000,P1,1,85,85.000000
LH,44,78.375000,P1,5,44,85.333333
LH,56,78.375000,P1,5,56,85.333333
RH,74,78.375000,P1,1,74,85.333333
RH,86,78.375000,P1,1,86,85.333333
LH,43,78.666667,P1,5,43,85.666667
LH,55,78.666667,P1,5,55,85.666667
RH,75,78.666667,P1,1,75,85.666667
RH,87,78.666667,P1,1,87,85.666667
LH,42,78.875000,P1,5,42,86.000000
LH,54,78.875000,P1,5,54,86.000000
RH,76,78.875000,P1,1,76,86.000000
RH,88,78.875000,P1,1,88,86.000000
LH,41,79.125000,P1,5,41,86.333333
LH,53,79.125000,P1,5,53,86.333333
RH,77,79.125000,P1,1,77,86.333333
RH,89,79.125000,P1,1,89,86.333333
LH,40,79.500000,P1,5,40,86.666667
LH,52,79.500000,P1,5,52,86.666667
RH,78,79.500000,P1,1,78,86.666667
RH,90,79.500000,P1,1,90,86.666667
LH,39,79.750000,P1,5,39,87.000000
LH,51,79.750000,P1,5,51,87.000000
RH,79,79.750000,P1,1,79,87.000000
RH,91,79.750000,P1,1,91,87.000000
LH,38,80.000000,P1,5,38,87.333333
LH,50,80.000000,P1,5,50,87.333333
RH,80,80.000000,P1,1,80,87.333333
RH,92,80.000000,P1,1,92,87.333333
LH,37,80.375000,P1,5,37,87.666667
LH,49,80.375000,P1,5,49,87.666667
RH,82,80.375000,P1,1,82,87.666667
RH,94,80.375000,P1,1,94,87.666667
LH,35,81.000000,P1,5,35,88.000000
LH,41,81.000000,P1,5,41,88.000000
LH,44,81.000000,P1,5,44,88.000000
LH,47,81.000000,P1,5,47,88.000000
RH,83,81.000000,P1,1,83,88.000000
RH,86,81.000000,P1,1,86,88.000000
RH,89,81.000000,P1,1,89,88.000000
RH,92,81.000000,P1,1,92,88.000000
RH,95,81.000000,P1,1,95,88.000000
RH,68,82.125000,P1,5,68,88.333333
RH,80,82.125000,P1,5,80,88.333333
RH,83,82.125000,P1,1,83,88.333333
RH,95,82.125000,P1,1,95,88.333333
RH,67,82.250000,P1,5,67,88.666667
RH,67,82.875000,P1,5,67,88.666667
RH,79,82.875000,P1,5,79,88.666667
RH,84,82.875000,P1,1,84,88.666667
RH,96,82.875000,P1,1,96,88.666667
RH,66,83.375000,P1,5,66,89.000000
RH,78,83.375000,P1,5,78,89.000000
RH,85,83.375000,P1,1,85,89.000000
RH,97,83.375000,P1,1,97,89.000000
RH,65,83.750000,P1,5,65,89.333333
RH,77,83.750000,P1,5,77,89.333333
RH,86,83.750000,P1,1,86,89.333333
RH,98,83.750000,P1,1,98,89.333333
RH,68,84.000000,P1,5,68,89.666667
RH,80,84.000000,P1,5,80,89.666667
RH,83,84.000000,P1,1,83,89.666667
RH,95,84.000000,P1,1,95,89.666667
RH,65,84.375000,P1,5,65,90.000000
RH,77,84.375000,P1,5,77,90.000000
RH,80,84.375000,P1,1,80,90.000000
RH,92,84.375000,P1,1,92,90.000000
RH,62,84.666667,P1,5,62,90.333333
RH,74,84.666667,P1,5,74,90.333333
RH,77,84.666667,P1,1,77,90.333333
RH,89,84.666667,P1,1,89,90.333333
RH,61,84.875000,P1,5,61,90.666667
RH,73,84.875000,P1,5,73,90.666667
RH,78,84.875000,P1,1,78,90.666667
RH,90,84.875000,P1,1,90,90.666667
RH,60,85.125000,P1,5,60,91.000000
RH,72,85.125000,P1,5,72,91.000000
RH,79,85.125000,P1,1,79,91.000000
RH,91,85.125000,P1,1,91,91.000000
LH,59,85.375000,P1,5,59,91.333333
RH,71,85.375000,P1,5,71,91.333333
RH,80,85.375000,P1,1,80,91.333333
RH,92,85.375000,P1,1,92,91.333333
RH,62,85.625000,P1,5,62,91.666667
RH,74,85.625000,P1,5,74,91.666667
RH,77,85.625000,P1,1,77,91.666667
RH,89,85.625000,P1,1,89,91.666667
LH,59,85.875000,P1,5,59,92.000000
RH,71,85.875000,P1,5,71,92.000000
RH,74,85.875000,P1,1,74,92.000000
RH,86,85.875000,P1,1,86,92.000000
LH,56,86.250000,P1,5,56,92.333333
RH,68,86.250000,P1,5,68,92.333333
RH,71,86.250000,P1,1,71,92.333333
RH,83,86.250000,P1,1,83,92.333333
RH,67,86.375000,P1,5,67,92.666667
RH,84,86.375000,P1,1,84,92.666667
LH,55,86.500000,P1,5,55,92.666667
RH,72,86.500000,P1,1,72,92.666667
LH,54,86.666667,P1,5,54,93.000000
RH,66,86.666667,P1,5,66,93.000000
RH,73,86.666667,P1,1,73,93.000000
RH,85,86.666667,P1,1,85,93.000000
LH,53,86.875000,P1,5,53,93.333333
RH,65,86.875000,P1,5,65,93.333333
RH,86,86.875000,P1,1,86,93.333333
RH,74,87.000000,P1,1,74,93.333333
LH,56,87.250000,P1,5,56,93.666667
RH,68,87.250000,P1,5,68,93.666667
RH,71,87.250000,P1,1,71,93.666667
RH,83,87.250000,P1,1,83,93.666667
RH,67,87.500000,P1,1,67,94.000000
RH,79,87.500000,P1,1,79,94.000000
LH,47,87.750000,P1,5,47,94.333333
LH,59,87.750000,P1,5,59,94.333333
RH,68,87.750000,P1,1,68,94.333333
RH,80,87.750000,P1,1,80,94.333333
RH,62,88.000000,P1,5,62,94.666667
RH,65,88.000000,P1,1,65,94.666667
RH,77,88.000000,P1,1,77,94.666667
LH,50,88.125000,P1,5,50,94.666667
RH,61,88.250000,P1,1,61,95.000000
RH,73,88.250000,P1,1,73,95.000000
LH,41,88.500000,P1,5,41,95.333333
LH,53,88.500000,P1,5,53,95.333333
RH,62,88.500000,P1,1,62,95.333333
RH,74,88.500000,P1,1,74,95.333333
LH,44,88.875000,P1,5,44,95.666667
LH,56,88.875000,P1,5,56,95.666667
LH,59,88.875000,P1,1,59,95.666667
RH,71,88.875000,P1,1,71,95.666667
LH,30,89.375000,P1,5,30,96.000000
LH,42,89.375000,P1,5,42,96.000000
LH,54,90.000000,P1,1,54,96.333333
RH,66,90.000000,P1,1,66,96.333333
LH,34,90.375000,P1,5,34,96.666667
LH,46,90.375000,P1,5,46,96.666667
LH,58,90.375000,P1,1,58,96.666667
RH,70,90.375000,P1,1,70,96.666667
LH,37,90.750000,P1,5,37,97.000000
LH,49,90.750000,P1,5,49,97.000000
RH,61,90.750000,P1,1,61,97.000000
RH,73,90.750000,P1,1,73,97.000000
LH,34,91.000000,P1,5,34,97.333333
LH,46,91.000000,P1,5,46,97.333333
LH,58,91.000000,P1,1,58,97.333333
RH,70,91.000000,P1,1,70,97.333333
LH,50,91.250000,P1,5,50,97.666667
RH,74,91.250000,P1,1,74,97.666667
LH,38,91.333333,P1,5,38,97.666667
LH,34,91.500000,P1,5,34,98.000000
LH,46,91.500000,P1,5,46,98.000000
LH,58,91.500000,P1,1,58,98.000000
RH,70,91.625000,P1,1,70,98.000000
LH,35,91.750000,P1,5,35,98.333333
LH,47,91.750000,P1,5,47,98.333333
LH,59,91.750000,P1,1,59,98.333333
RH,71,91.750000,P1,1,71,98.333333
RH,64,92.000000,P1,1,64,98.666667
LH,40,92.125000,P1,5,40,98.666667
RH,76,92.125000,P1,1,76,98.666667
LH,37,92.250000,P1,5,37,99.000000
LH,49,92.250000,P1,5,49,99.000000
RH,61,92.250000,P1,1,61,99.000000
RH,73,92.250000,P1,1,73,99.000000
LH,38,92.500000,P1,5,38,99.333333
LH,50,92.500000,P1,5,50,99.333333
RH,62,92.500000,P1,1,62,99.333333
RH,74,92.500000,P1,1,74,99.333333
LH,55,92.750000,P1,5,55,99.666667
RH,67,92.750000,P1,1,67,99.666667
RH,79,92.750000,P1,1,79,99.666667
LH,43,92.875000,P1,5,43,99.666667
LH,41,93.000000,P1,5,41,100.000000
LH,53,93.000000,P1,5,53,100.000000
RH,65,93.000000,P1,1,65,100.000000
RH,77,93.000000,P1,1,77,100.000000
LH,42,93.250000,P1,5,42,100.333333
LH,54,93.250000,P1,5,54,100.333333
RH,66,93.250000,P1,1,66,100.333333
RH,78,93.250000,P1,1,78,100.333333
LH,58,93.500000,P1,5,58,100.666667
RH,70,93.500000,P1,1,70,100.666667
LH,46,93.625000,P1,5,46,100.666667
RH,82,93.625000,P1,1,82,100.666667
LH,49,93.750000,P1,5,49,101.000000
RH,61,93.750000,P1,5,61,101.000000
RH,73,93.750000,P1,1,73,101.000000
RH,85,93.750000,P1,1,85,101.000000
LH,46,94.000000,P1,5,46,101.333333
LH,58,94.000000,P1,5,58,101.333333
RH,70,94.000000,P1,1,70,101.333333
RH,82,94.000000,P1,1,82,101.333333
LH,50,94.250000,P1,5,50,101.666667
RH,62,94.250000,P1,5,62,101.666667
RH,74,94.250000,P1,1,74,101.666667
RH,86,94.250000,P1,1,86,101.666667
LH,46,94.500000,P1,5,46,102.000000
LH,58,94.500000,P1,5,58,102.000000
RH,70,94.500000,P1,1,70,102.000000
RH,82,94.500000,P1,1,82,102.000000
RH,83,94.750000,P1,1,83,102.333333
LH,59,94.875000,P1,5,59,102.333333
RH,71,94.875000,P1,1,71,102.333333
LH,52,95.000000,P1,5,52,102.666667
RH,64,95.000000,P1,5,64,102.666667
RH,76,95.000000,P1,1,76,102.666667
RH,88,95.000000,P1,1,88,102.666667
LH,49,95.250000,P1,5,49,103.000000
RH,61,95.250000,P1,5,61,103.000000
RH,73,95.250000,P1,1,73,103.000000
RH,85,95.250000,P1,1,85,103.000000
RH,74,95.500000,P1,1,74,103.333333
RH,86,95.500000,P1,1,86,103.333333
LH,55,95.750000,P1,5,55,103.666667
RH,67,95.750000,P1,5,67,103.666667
RH,79,95.750000,P1,1,79,103.666667
RH,91,95.750000,P1,1,91,103.666667
LH,53,96.000000,P1,5,53,104.000000
RH,65,96.000000,P1,5,65,104.000000
RH,77,96.000000,P1,1,77,104.000000
RH,89,96.000000,P1,1,89,104.000000
LH,54,96.333333,P1,5,54,104.333333
RH,66,96.333333,P1,5,66,104.333333
RH,78,96.333333,P1,1,78,104.333333
RH,90,96.333333,P1,1,90,104.333333
LH,58,96.625000,P1,5,58,104.666667
RH,70,96.625000,P1,5,70,104.666667
RH,82,96.625000,P1,1,82,104.666667
RH,94,96.625000,P1,1,94,104.666667
RH,61,96.875000,P1,5,61,105.000000
RH,73,96.875000,P1,5,73,105.000000
RH,85,96.875000,P1,1,85,105.000000
RH,97,96.875000,P1,1,97,105.000000
LH,58,97.250000,P1,5,58,105.333333
RH,70,97.250000,P1,5,70,105.333333
RH,82,97.250000,P1,1,82,105.333333
RH,94,97.250000,P1,1,94,105.333333
LH,29,98.500000,P1,5,29,106.000000
LH,41,98.500000,P1,5,41,106.000000
LH,59,98.500000,P1,1,59,106.000000
RH,62,98.500000,P1,1,62,106.000000
RH,67,98.500000,P1,1,67,106.000000
RH,71,98.500000,P1,1,71,106.000000
LH,28,101.000000,P1,5,28,108.000000
LH,40,101.000000,P1,5,40,108.000000
RH,60,101.000000,P1,2,60,108.000000
RH,67,101.000000,P1,1,67,108.000000
RH,72,101.000000,P1,1,72,108.000000
LH,29,101.500000,P1,5,29,108.333333
LH,41,101.500000,P1,5,41,108.333333
RH,63,101.500000,P1,1,63,108.333333
RH,69,101.500000,P1,1,69,108.333333
LH,30,101.875000,P1,5,30,108.666667
LH,42,101.875000,P1,5,42,108.666667
LH,58,101.875000,P1,2,58,108.666667
RH,70,101.875000,P1,1,70,108.666667
LH,34,102.333333,P1,5,34,109.000000
LH,46,102.333333,P1,5,46,109.000000
LH,54,102.333333,P1,1,54,109.000000
RH,64,102.333333,P1,1,64,109.000000
RH,66,102.333333,P1,1,66,109.000000
RH,76,109.666667,P1,1,76,112.000000
RH,64,109.750000,P1,5,64,112.000000
RH,78,114.000000,P1,1,78,116.000000
RH,66,114.125000,P1,5,66,116.000000
RH,66,114.250000,P1,5,66,116.000000
RH,73,115.500000,P1,1,73,117.000000
RH,61,115.625000,P1,5,61,117.000000
LH,54,117.625000,P1,5,54,118.000000
LH,47,117.666667,P1,5,47,118.000000
RH,75,117.666667,P1,1,75,118.000000
RH,63,117.750000,P1,1,63,118.000000
RH,64,118.750000,P1,1,64,118.500000
RH,76,118.750000,P1,1,76,118.500000
RH,75,119.375000,P1,1,75,119.000000
RH,63,119.500000,P1,1,63,119.000000
RH,61,120.000000,P1,1,61,119.500000
RH,73,120.000000,P1,1,73,119.500000
LH,56,120.750000,P1,5,56,120.000000
RH,63,120.750000,P1,1,63,120.000000
RH,75,120.750000,P1,1,75,120.000000
RH,64,121.333333,P1,1,64,120.500000
RH,76,121.333333,P1,1,76,120.500000
LH,58,122.000000,P1,5,58,121.000000
RH,75,122.000000,P1,1,75,121.000000
RH,63,122.125000,P1,1,63,121.000000
RH,61,122.750000,P1,1,61,121.500000
RH,73,122.750000,P1,1,73,121.500000
LH,54,123.375000,P1,5,54,122.000000
LH,59,123.375000,P1,1,59,122.000000
RH,71,123.375000,P1,1,71,122.000000
RH,73,124.000000,P1,1,73,122.500000
RH,61,124.125000,P1,1,61,122.500000
LH,47,124.875000,P1,6,47,123.000000
RH,75,124.875000,P1,1,75,123.000000
RH,63,125.000000,P1,1,63,123.000000
RH,75,125.000000,P1,1,75,123.000000
RH,71,125.750000,P1,1,71,123.500000
RH,63,126.750000,P1,1,63,124.000000
RH,75,126.750000,P1,1,75,124.000000
RH,64,127.500000,P1,1,64,124.500000
RH,76,127.500000,P1,1,76,124.500000
LH,51,128.250000,P1,6,51,125.000000
LH,59,128.250000,P1,5,59,125.000000
RH,77,128.250000,P1,1,77,125.000000
RH,65,128.333333,P1,1,65,125.000000
RH,78,128.875000,P1,1,78,125.500000
RH,66,129.000000,P1,1,66,125.500000
LH,52,129.875000,P1,6,52,126.000000
RH,61,129.875000,P1,6,61,126.000000
RH,70,130.000000,P1,1,70,126.000000
RH,82,130.000000,P1,1,82,126.000000
RH,68,130.875000,P1,1,68,126.500000
RH,80,130.875000,P1,1,80,126.500000
RH,66,131.500000,P1,1,66,127.000000
RH,78,131.500000,P1,1,78,127.000000
RH,64,132.125000,P1,1,64,127.500000
RH,76,132.125000,P1,1,76,127.500000
LH,58,132.750000,P1,5,58,128.000000
RH,75,132.750000,P1,1,75,128.000000
RH,63,132.875000,P1,1,63,128.000000
RH,61,133.500000,P1,1,61,128.500000
RH,73,133.500000,P1,1,73,128.500000
LH,47,134.250000,P1,5,47,129.000000
LH,51,134.250000,P1,5,51,129.000000
LH,59,134.250000,P1,5,59,129.000000
RH,63,134.250000,P1,1,63,129.000000
RH,75,134.250000,P1,1,75,129.000000
RH,71,135.000000,P1,1,71,129.500000
LH,44,135.875000,P1,5,44,130.000000
LH,53,135.875000,P1,5,53,130.000000
RH,61,136.000000,P1,1,61,130.000000
RH,73,136.000000,P1,1,73,130.000000
LH,53,136.125000,P1,5,53,130.000000
RH,63,136.750000,P1,1,63,130.500000
RH,75,136.750000,P1,1,75,130.500000
LH,37,137.333333,P1,5,37,131.000000
RH,73,137.333333,P1,1,73,131.000000
RH,61,137.375000,P1,1,61,131.000000
RH,68,138.000000,P1,1,68,131.500000
RH,80,138.000000,P1,1,80,131.500000
LH,59,138.500000,P1,5,59,132.000000
RH,65,138.500000,P1,5,65,132.000000
RH,71,138.500000,P1,1,71,132.000000
RH,83,138.500000,P1,1,83,132.000000
RH,75,139.250000,P1,1,75,132.500000
RH,87,139.250000,P1,1,87,132.500000
LH,54,139.750000,P1,5,54,133.000000
LH,58,139.750000,P1,5,58,133.000000
RH,66,139.750000,P1,5,66,133.000000
RH,73,140.000000,P1,1,73,133.000000
RH,85,140.000000,P1,1,85,133.000000
RH,75,140.625000,P1,1,75,133.500000
RH,87,140.625000,P1,1,87,133.500000
LH,54,141.000000,P1,5,54,134.000000
RH,61,141.250000,P1,5,61,134.000000
RH,73,141.250000,P1,1,73,134.000000
RH,85,141.250000,P1,1,85,134.000000
RH,70,141.875000,P1,1,70,134.500000
RH,82,141.875000,P1,1,82,134.500000
RH,63,142.750000,P1,5,63,135.000000
RH,68,142.750000,P1,1,68,135.000000
RH,80,142.750000,P1,1,80,135.000000
RH,70,143.500000,P1,1,70,135.500000
RH,82,143.500000,P1,1,82,135.500000
RH,68,144.125000,P1,1,68,136.000000
RH,80,144.125000,P1,1,80,136.000000
RH,66,144.666667,P1,1,66,136.500000
RH,78,144.666667,P1,1,78,136.500000
LH,59,145.333333,P1,5,59,137.000000
RH,75,145.375000,P1,1,75,137.000000
RH,63,145.500000,P1,1,63,137.000000
RH,66,146.000000,P1,1,66,137.500000
RH,78,146.000000,P1,1,78,137.500000
LH,49,146.625000,P1,5,49,138.000000
LH,58,146.625000,P1,5,58,138.000000
RH,75,146.625000,P1,1,75,138.000000
RH,63,146.666667,P1,1,63,138.000000
RH,61,147.375000,P1,1,61,138.500000
RH,73,147.375000,P1,1,73,138.500000
LH,52,148.250000,P1,7,52,139.000000
LH,56,148.250000,P1,1,56,139.000000
RH,68,148.250000,P1,1,68,139.000000
LH,42,149.875000,P1,7,42,140.000000
LH,58,149.875000,P1,1,58,140.000000
RH,66,149.875000,P1,2,66,140.000000
RH,70,149.875000,P1,1,70,140.000000
RH,66,150.125000,P1,2,66,140.000000
LH,54,151.750000,P1,5,54,141.000000
RH,64,151.750000,P1,2,64,141.000000
LH,47,154.250000,P1,6,47,142.000000
RH,66,154.250000,P1,1,66,142.000000
RH,63,154.333333,P1,1,63,142.000000
RH,70,155.250000,P1,1,70,142.500000
LH,59,155.875000,P1,1,59,143.000000
RH,71,155.875000,P1,1,71,143.000000
RH,73,156.375000,P1,1,73,143.500000
RH,61,156.500000,P1,1,61,143.500000
LH,56,157.125000,P1,5,56,144.000000
RH,63,157.125000,P1,1,63,144.000000
RH,75,157.125000,P1,1,75,144.000000
LH,58,158.500000,P1,5,58,145.000000
RH,75,158.500000,P1,1,75,145.000000
RH,63,158.625000,P1,1,63,145.000000
RH,61,159.250000,P1,1,61,145.500000
RH,73,159.250000,P1,1,73,145.500000
LH,54,159.875000,P1,5,54,146.000000
LH,59,159.875000,P1,1,59,146.000000
RH,71,159.875000,P1,1,71,146.000000
RH,61,160.500000,P1,1,61,146.500000
RH,73,160.500000,P1,1,73,146.500000
LH,47,161.125000,P1,6,47,147.000000
RH,75,161.125000,P1,1,75,147.000000
RH,63,161.250000,P1,1,63,147.000000
LH,59,161.875000,P1,1,59,147.500000
RH,71,161.875000,P1,1,71,147.500000
RH,63,162.875000,P1,1,63,148.000000
RH,75,162.875000,P1,1,75,148.000000
RH,76,163.500000,P1,1,76,148.500000
RH,64,163.625000,P1,1,64,148.500000
LH,51,164.125000,P1,6,51,149.000000
RH,77,164.125000,P1,1,77,149.000000
LH,59,164.250000,P1,5,59,149.000000
RH,65,164.250000,P1,1,65,149.000000
RH,78,164.750000,P1,1,78,149.500000
RH,66,164.875000,P1,1,66,149.500000
RH,61,165.500000,P1,6,61,150.000000
LH,52,165.625000,P1,6,52,150.000000
RH,82,165.750000,P1,1,82,150.000000
RH,70,165.875000,P1,1,70,150.000000
RH,68,166.750000,P1,1,68,150.500000
RH,80,166.750000,P1,1,80,150.500000
RH,66,167.375000,P1,1,66,151.000000
RH,78,167.375000,P1,1,78,151.000000
RH,76,167.875000,P1,1,76,151.500000
RH,64,168.000000,P1,1,64,151.500000
LH,58,168.625000,P1,5,58,152.000000
RH,63,168.625000,P1,1,63,152.000000
RH,75,168.625000,P1,1,75,152.000000
RH,61,169.250000,P1,1,61,152.500000
RH,73,169.250000,P1,1,73,152.500000
LH,47,170.000000,P1,5,47,153.000000
LH,51,170.000000,P1,5,51,153.000000
LH,59,170.000000,P1,5,59,153.000000
RH,63,170.000000,P1,1,63,153.000000
RH,75,170.000000,P1,1,75,153.000000
RH,71,170.875000,P1,1,71,153.500000
LH,48,171.750000,P1,6,48,154.000000
LH,57,171.750000,P1,5,57,154.000000
LH,54,171.875000,P1,5,54,154.000000
RH,62,171.875000,P1,1,62,154.000000
RH,74,171.875000,P1,1,74,154.000000
RH,75,172.750000,P1,1,75,154.500000
RH,63,172.875000,P1,1,63,154.500000
LH,56,173.375000,P1,5,56,155.000000
RH,64,173.500000,P1,1,64,155.000000
RH,76,173.500000,P1,1,76,155.000000
RH,63,174.000000,P1,1,63,155.500000
RH,75,174.000000,P1,1,75,155.500000
LH,49,174.625000,P1,6,49,156.000000
RH,78,174.666667,P1,1,78,156.000000
RH,66,174.750000,P1,1,66,156.000000
RH,64,175.250000,P1,1,64,156.500000
RH,76,175.250000,P1,1,76,156.500000
LH,51,175.750000,P1,6,51,157.000000
LH,57,175.750000,P1,5,57,157.000000
RH,60,175.750000,P1,5,60,157.000000
RH,77,175.875000,P1,1,77,157.000000
RH,65,176.000000,P1,1,65,157.000000
RH,66,176.500000,P1,1,66,157.500000
RH,78,176.500000,P1,1,78,157.500000
LH,59,177.000000,P1,5,59,158.000000
RH,68,177.000000,P1,1,68,158.000000
RH,80,177.000000,P1,1,80,158.000000
RH,66,177.625000,P1,1,66,158.500000
RH,78,177.625000,P1,1,78,158.500000
LH,52,178.125000,P1,6,52,159.000000
RH,69,178.250000,P1,1,69,159.000000
RH,81,178.250000,P1,1,81,159.000000
RH,68,178.750000,P1,1,68,159.500000
RH,80,178.750000,P1,1,80,159.500000
LH,53,179.375000,P1,6,53,160.000000
LH,59,179.375000,P1,5,59,160.000000
RH,62,179.375000,P1,5,62,160.000000
RH,67,179.500000,P1,1,67,160.000000
RH,79,179.500000,P1,1,79,160.000000
RH,68,180.250000,P1,1,68,160.500000
RH,80,180.250000,P1,1,80,160.500000
RH,61,180.875000,P1,5,61,161.000000
RH,70,180.875000,P1,1,70,161.000000
RH,82,180.875000,P1,1,82,161.000000
LH,59,181.375000,P1,5,59,161.500000
RH,68,181.375000,P1,1,68,161.500000
RH,80,181.375000,P1,1,80,161.500000
RH,62,182.000000,P1,5,62,162.000000
RH,71,182.000000,P1,1,71,162.000000
RH,83,182.000000,P1,1,83,162.000000
RH,61,183.000000,P1,5,61,162.750000
RH,70,183.000000,P1,1,70,162.750000
RH,82,183.000000,P1,1,82,162.750000
RH,70,183.333333,P1,1,70,163.000000
RH,82,183.333333,P1,1,82,163.000000
RH,61,183.375000,P1,5,61,163.000000
LH,59,184.000000,P1,5,59,163.500000
RH,68,184.000000,P1,1,68,163.500000
RH,80,184.000000,P1,1,80,163.500000
LH,58,184.750000,P1,5,58,164.000000
RH,67,184.750000,P1,1,67,164.000000
RH,79,184.750000,P1,1,79,164.000000
LH,59,185.500000,P1,5,59,164.500000
RH,68,185.500000,P1,1,68,164.500000
RH,80,185.500000,P1,1,80,164.500000
RH,62,186.666667,P1,5,62,165.000000
RH,71,186.666667,P1,1,71,165.000000
RH,83,186.666667,P1,1,83,165.000000
RH,75,189.666667,P1,1,75,166.000000
RH,64,190.250000,P1,5,64,166.000000
RH,67,190.250000,P1,5,67,166.000000
RH,83,192.375000,P1,1,83,167.000000
RH,66,192.500000,P1,5,66,167.000000
RH,71,192.500000,P1,1,71,167.000000
RH,63,192.625000,P1,5,63,167.000000
RH,65,193.000000,P1,5,65,167.500000
RH,70,193.000000,P1,1,70,167.500000
RH,82,193.000000,P1,1,82,167.500000
RH,62,193.125000,P1,5,62,167.500000
RH,63,193.625000,P1,5,63,168.000000
RH,66,193.625000,P1,5,66,168.000000
RH,71,193.625000,P1,1,71,168.000000
RH,83,193.625000,P1,1,83,168.000000
RH,68,194.125000,P1,1,68,168.500000
RH,80,194.125000,P1,1,80,168.500000
LH,59,194.250000,P1,5,59,168.500000
RH,62,194.250000,P1,5,62,168.500000
RH,61,194.875000,P1,5,61,169.000000
RH,64,194.875000,P1,5,64,169.000000
RH,82,194.875000,P1,1,82,169.000000
RH,70,195.000000,P1,1,70,169.000000
RH,68,195.625000,P1,1,68,169.500000
RH,80,195.625000,P1,1,80,169.500000
LH,58,196.125000,P1,5,58,170.000000
RH,61,196.125000,P1,5,61,170.000000
RH,66,196.125000,P1,1,66,170.000000
RH,78,196.125000,P1,1,78,170.000000
LH,57,196.666667,P1,5,57,170.500000
RH,65,196.666667,P1,1,65,170.500000
RH,77,196.666667,P1,1,77,170.500000
RH,60,196.750000,P1,5,60,170.500000
RH,78,197.250000,P1,1,78,171.000000
LH,58,197.333333,P1,5,58,171.000000
RH,61,197.333333,P1,5,61,171.000000
RH,66,197.333333,P1,1,66,171.000000
LH,54,198.000000,P1,5,54,171.500000
LH,57,198.000000,P1,5,57,171.500000
RH,63,198.000000,P1,1,63,171.500000
RH,75,198.000000,P1,1,75,171.500000
RH,63,199.125000,P1,5,63,172.000000
RH,68,199.125000,P1,1,68,172.000000
RH,80,199.125000,P1,1,80,172.000000
RH,80,199.250000,P1,1,80,172.000000
RH,78,200.000000,P1,1,78,172.500000
RH,66,200.125000,P1,1,66,172.500000
LH,49,200.625000,P1,5,49,173.000000
RH,61,200.625000,P1,5,61,173.000000
RH,76,200.625000,P1,1,76,173.000000
RH,64,200.666667,P1,1,64,173.000000
RH,63,201.250000,P1,1,63,173.500000
RH,75,201.250000,P1,1,75,173.500000
LH,52,201.875000,P1,5,52,174.000000
LH,55,201.875000,P1,5,55,174.000000
RH,64,201.875000,P1,1,64,174.000000
RH,76,201.875000,P1,1,76,174.000000
RH,61,202.625000,P1,1,61,174.500000
RH,73,202.625000,P1,1,73,174.500000
LH,42,203.375000,P1,6,42,175.000000
LH,54,203.375000,P1,5,54,175.000000
LH,58,203.500000,P1,1,58,175.000000
RH,64,203.500000,P1,1,64,175.000000
RH,70,203.500000,P1,1,70,175.000000
LH,47,205.500000,P1,6,47,176.000000
LH,59,205.500000,P1,1,59,176.000000
RH,63,205.500000,P1,1,63,176.000000
RH,71,205.500000,P1,1,71,176.000000
RH,60,208.000000,P1,1,60,177.000000
RH,72,208.000000,P1,1,72,177.000000
LH,54,209.666667,P1,5,54,178.000000
LH,45,209.750000,P1,6,45,178.000000
RH,75,210.500000,P1,2,75,178.600000
RH,73,210.875000,P1,2,73,178.800000
RH,60,211.250000,P1,1,60,179.000000
RH,72,211.250000,P1,1,72,179.000000
RH,73,211.750000,P1,1,73,179.500000
RH,61,211.875000,P1,1,61,179.500000
RH,64,212.500000,P1,1,64,180.000000
RH,69,212.500000,P1,2,69,180.000000
RH,76,212.500000,P1,1,76,180.000000
LH,57,212.625000,P1,5,57,180.000000
RH,63,213.250000,P1,1,63,180.500000
RH,75,213.250000,P1,1,75,180.500000
LH,44,213.875000,P1,6,44,181.000000
RH,61,214.125000,P1,1,61,181.000000
RH,73,214.250000,P1,1,73,181.000000
LH,56,215.000000,P1,5,56,181.500000
RH,60,215.000000,P1,1,60,181.500000
RH,68,215.000000,P1,2,68,181.500000
RH,72,215.000000,P1,1,72,181.500000
LH,55,215.500000,P1,5,55,182.000000
LH,58,215.500000,P1,1,58,182.000000
RH,70,215.500000,P1,1,70,182.000000
LH,54,216.125000,P1,5,54,182.500000
RH,60,216.125000,P1,1,60,182.500000
RH,72,216.125000,P1,1,72,182.500000
LH,49,216.666667,P1,6,49,183.000000
LH,52,216.666667,P1,5,52,183.000000
RH,73,216.666667,P1,1,73,183.000000
RH,61,216.750000,P1,1,61,183.000000
RH,63,217.333333,P1,1,63,183.500000
RH,75,217.333333,P1,1,75,183.500000
LH,48,217.875000,P1,6,48,184.000000
LH,57,217.875000,P1,5,57,184.000000
RH,64,218.000000,P1,1,64,184.000000
RH,76,218.000000,P1,1,76,184.000000
RH,66,218.500000,P1,1,66,184.500000
RH,78,218.500000,P1,1,78,184.500000
LH,45,219.000000,P1,6,45,185.000000
RH,63,219.125000,P1,1,63,185.000000
RH,75,219.125000,P1,1,75,185.000000
RH,64,219.666667,P1,1,64,185.500000
RH,76,219.666667,P1,1,76,185.500000
RH,60,220.250000,P1,5,60,186.000000
RH,68,220.375000,P1,1,68,186.000000
RH,72,220.375000,P1,2,72,186.000000
RH,80,220.375000,P1,1,80,186.000000
RH,66,221.125000,P1,1,66,186.500000
RH,78,221.125000,P1,1,78,186.500000
LH,47,221.625000,P1,6,47,187.000000
RH,64,221.750000,P1,1,64,187.000000
RH,76,221.750000,P1,1,76,187.000000
LH,59,222.500000,P1,5,59,187.500000
RH,63,222.500000,P1,1,63,187.500000
RH,71,222.500000,P1,2,71,187.500000
RH,75,222.500000,P1,1,75,187.500000
LH,58,223.000000,P1,5,58,188.000000
RH,61,223.000000,P1,1,61,188.000000
RH,73,223.000000,P1,1,73,188.000000
LH,57,223.625000,P1,5,57,188.500000
RH,63,223.625000,P1,1,63,188.500000
RH,75,223.625000,P1,1,75,188.500000
LH,52,224.250000,P1,6,52,189.000000
LH,56,224.250000,P1,5,56,189.000000
RH,64,224.250000,P1,1,64,189.000000
RH,76,224.250000,P1,1,76,189.000000
LH,57,225.000000,P1,5,57,189.500000
RH,66,225.000000,P1,1,66,189.500000
RH,78,225.000000,P1,1,78,189.500000
LH,52,225.750000,P1,6,52,190.000000
LH,59,225.750000,P1,5,59,190.000000
RH,68,226.000000,P1,1,68,190.000000
RH,74,226.000000,P1,2,74,190.000000
RH,80,226.000000,P1,1,80,190.000000
LH,58,226.875000,P1,5,58,190.500000
RH,67,226.875000,P1,1,67,190.500000
RH,79,226.875000,P1,1,79,190.500000
RH,61,227.500000,P1,5,61,191.000000
RH,70,227.500000,P1,1,70,191.000000
RH,82,227.500000,P1,1,82,191.000000
LH,59,228.000000,P1,5,59,191.500000
RH,68,228.000000,P1,1,68,191.500000
RH,80,228.000000,P1,1,80,191.500000
LH,51,228.625000,P1,6,51,192.000000
RH,68,228.625000,P1,1,68,192.000000
RH,75,228.625000,P1,2,75,192.000000
RH,80,228.666667,P1,1,80,192.000000
LH,58,229.250000,P1,5,58,192.500000
RH,67,229.250000,P1,1,67,192.500000
RH,79,229.250000,P1,1,79,192.500000
RH,63,229.875000,P1,5,63,193.000000
RH,67,230.000000,P1,1,67,193.000000
RH,73,230.000000,P1,2,73,193.000000
RH,79,230.000000,P1,1,79,193.000000
LH,57,230.750000,P1,5,57,193.500000
RH,66,230.750000,P1,1,66,193.500000
RH,78,230.750000,P1,1,78,193.500000
RH,60,231.250000,P1,5,60,194.000000
RH,69,231.250000,P1,1,69,194.000000
RH,81,231.250000,P1,1,81,194.000000
LH,58,231.875000,P1,5,58,194.500000
RH,67,231.875000,P1,1,67,194.500000
RH,79,231.875000,P1,1,79,194.500000
LH,50,232.500000,P1,6,50,195.000000
RH,67,232.500000,P1,1,67,195.000000
RH,74,232.500000,P1,2,74,195.000000
RH,79,232.500000,P1,1,79,195.000000
LH,57,233.333333,P1,5,57,195.500000
RH,66,233.333333,P1,1,66,195.500000
RH,78,233.333333,P1,1,78,195.500000
LH,50,234.125000,P1,6,50,196.000000
RH,62,234.125000,P1,5,62,196.000000
RH,72,234.250000,P1,2,72,196.000000
RH,78,234.250000,P1,1,78,196.000000
RH,66,234.333333,P1,1,66,196.000000
LH,56,235.125000,P1,5,56,196.500000
RH,65,235.125000,P1,1,65,196.500000
RH,77,235.125000,P1,1,77,196.500000
LH,56,235.750000,P1,5,56,197.000000
RH,65,235.750000,P1,1,65,197.000000
RH,72,235.750000,P1,2,72,197.000000
RH,77,235.750000,P1,1,77,197.000000
LH,55,236.333333,P1,5,55,197.500000
RH,71,236.333333,P1,2,71,197.500000
LH,55,236.875000,P1,5,55,198.000000
RH,65,236.875000,P1,1,65,198.000000
RH,71,236.875000,P1,2,71,198.000000
RH,77,236.875000,P1,1,77,198.000000
LH,49,237.500000,P1,6,49,198.500000
RH,64,237.500000,P1,1,64,198.500000
RH,76,237.500000,P1,1,76,198.500000
LH,55,238.125000,P1,5,55,199.000000
RH,64,238.125000,P1,1,64,199.000000
RH,71,238.125000,P1,2,71,199.000000
RH,76,238.125000,P1,1,76,199.000000
RH,70,238.750000,P1,2,70,199.500000
LH,54,239.500000,P1,5,54,200.000000
RH,70,239.500000,P1,2,70,200.000000
RH,76,239.500000,P1,1,76,200.000000
RH,64,239.625000,P1,1,64,200.000000
RH,64,239.750000,P1,1,64,200.000000
RH,63,240.250000,P1,1,63,200.500000
RH,75,240.250000,P1,1,75,200.500000
LH,42,241.000000,P1,6,42,201.000000
RH,70,241.250000,P1,2,70,201.000000
RH,74,242.250000,P1,1,74,201.500000
RH,62,242.333333,P1,1,62,201.500000
LH,47,244.000000,P1,5,47,202.000000
RH,71,244.125000,P1,2,71,202.000000
RH,63,244.250000,P1,1,63,202.000000
RH,75,244.333333,P1,1,75,202.000000
RH,63,244.375000,P1,1,63,202.000000
RH,64,245.250000,P1,1,64,202.500000
RH,76,245.250000,P1,1,76,202.500000
RH,63,245.750000,P1,1,63,203.000000
RH,70,245.750000,P1,2,70,203.000000
RH,61,246.333333,P1,1,61,203.500000
RH,73,246.333333,P1,1,73,203.500000
RH,68,246.875000,P1,2,68,204.000000
LH,56,247.000000,P1,5,56,204.000000
RH,63,247.000000,P1,1,63,204.000000
RH,76,247.375000,P1,1,76,204.500000
RH,64,247.500000,P1,1,64,204.500000
LH,58,248.125000,P1,5,58,205.000000
RH,68,248.125000,P1,2,68,205.000000
RH,63,248.250000,P1,1,63,205.000000
RH,75,248.250000,P1,1,75,205.000000
RH,61,248.875000,P1,1,61,205.500000
RH,73,248.875000,P1,1,73,205.500000
LH,54,249.375000,P1,5,54,206.000000
LH,59,249.375000,P1,1,59,206.000000
RH,71,249.375000,P1,1,71,206.000000
RH,61,249.875000,P1,1,61,206.500000
RH,66,249.875000,P1,2,66,206.500000
LH,47,250.625000,P1,6,47,207.000000
RH,63,250.625000,P1,1,63,207.000000
RH,75,250.625000,P1,1,75,207.000000
RH,75,250.750000,P1,1,75,207.000000
RH,71,251.250000,P1,1,71,207.500000
RH,75,252.000000,P1,1,75,208.000000
RH,63,252.125000,P1,1,63,208.000000
RH,64,252.666667,P1,1,64,208.500000
RH,76,252.666667,P1,1,76,208.500000
LH,51,253.333333,P1,6,51,209.000000
LH,59,253.333333,P1,5,59,209.000000
RH,65,253.375000,P1,1,65,209.000000
RH,77,253.375000,P1,1,77,209.000000
RH,66,254.000000,P1,1,66,209.500000
RH,78,254.000000,P1,1,78,209.500000
LH,52,254.750000,P1,6,52,210.000000
RH,61,254.750000,P1,6,61,210.000000
RH,82,254.875000,P1,1,82,210.000000
RH,70,255.000000,P1,1,70,210.000000
RH,68,255.666667,P1,1,68,210.500000
RH,80,255.666667,P1,1,80,210.500000
RH,66,256.250000,P1,1,66,211.000000
RH,78,256.250000,P1,1,78,211.000000
RH,64,256.875000,P1,1,64,211.500000
RH,76,256.875000,P1,1,76,211.500000
LH,58,257.625000,P1,5,58,212.000000
RH,63,257.625000,P1,1,63,212.000000
RH,75,257.625000,P1,1,75,212.000000
RH,61,258.250000,P1,1,61,212.500000
RH,73,258.250000,P1,1,73,212.500000
LH,51,259.000000,P1,5,51,213.000000
LH,59,259.000000,P1,5,59,213.000000
RH,75,259.000000,P1,1,75,213.000000
LH,47,259.125000,P1,5,47,213.000000
RH,63,259.125000,P1,1,63,213.000000
RH,71,260.000000,P1,1,71,213.500000
LH,48,260.875000,P1,6,48,214.000000
LH,57,260.875000,P1,5,57,214.000000
LH,54,261.000000,P1,5,54,214.000000
RH,74,261.000000,P1,1,74,214.000000
RH,62,261.125000,P1,1,62,214.000000
RH,63,261.875000,P1,1,63,214.500000
RH,75,261.875000,P1,1,75,214.500000
LH,56,262.500000,P1,5,56,215.000000
RH,64,262.500000,P1,1,64,215.000000
RH,76,262.500000,P1,1,76,215.000000
RH,76,262.625000,P1,1,76,215.000000
RH,63,263.125000,P1,1,63,215.500000
RH,75,263.125000,P1,1,75,215.500000
LH,49,263.625000,P1,6,49,216.000000
RH,78,263.625000,P1,1,78,216.000000
RH,66,263.666667,P1,1,66,216.000000
RH,64,264.125000,P1,1,64,216.500000
RH,76,264.125000,P1,1,76,216.500000
LH,51,264.666667,P1,6,51,217.000000
LH,57,264.666667,P1,5,57,217.000000
RH,60,264.666667,P1,5,60,217.000000
RH,65,264.875000,P1,1,65,217.000000
RH,77,264.875000,P1,1,77,217.000000
RH,66,265.375000,P1,1,66,217.500000
RH,78,265.375000,P1,1,78,217.500000
LH,59,265.875000,P1,5,59,218.000000
RH,68,266.000000,P1,1,68,218.000000
RH,80,266.000000,P1,1,80,218.000000
RH,66,266.500000,P1,1,66,218.500000
RH,78,266.500000,P1,1,78,218.500000
LH,52,267.000000,P1,6,52,219.000000
RH,81,267.000000,P1,1,81,219.000000
RH,69,267.125000,P1,1,69,219.000000
RH,68,267.625000,P1,1,68,219.500000
RH,80,267.625000,P1,1,80,219.500000
LH,53,268.250000,P1,6,53,220.000000
LH,59,268.250000,P1,5,59,220.000000
RH,62,268.250000,P1,5,62,220.000000
RH,67,268.375000,P1,1,67,220.000000
RH,79,268.375000,P1,1,79,220.000000
RH,68,269.125000,P1,1,68,220.500000
RH,80,269.125000,P1,1,80,220.500000
RH,61,269.625000,P1,5,61,221.000000
RH,70,269.625000,P1,1,70,221.000000
RH,82,269.625000,P1,1,82,221.000000
LH,59,270.125000,P1,5,59,221.500000
RH,68,270.125000,P1,1,68,221.500000
RH,80,270.125000,P1,1,80,221.500000
RH,62,270.750000,P1,5,62,222.000000
RH,71,270.750000,P1,1,71,222.000000
RH,83,270.750000,P1,1,83,222.000000
RH,61,271.750000,P1,5,61,222.750000
RH,70,271.750000,P1,1,70,222.750000
RH,82,271.750000,P1,1,82,222.750000
RH,61,272.000000,P1,5,61,223.000000
RH,70,272.000000,P1,1,70,223.000000
RH,82,272.000000,P1,1,82,223.000000
LH,59,272.750000,P1,5,59,223.500000
RH,68,272.750000,P1,1,68,223.500000
RH,80,272.750000,P1,1,80,223.500000
LH,58,273.375000,P1,5,58,224.000000
RH,79,273.375000,P1,1,79,224.000000
RH,67,273.500000,P1,1,67,224.000000
LH,59,274.125000,P1,5,59,224.500000
RH,68,274.125000,P1,1,68,224.500000
RH,80,274.125000,P1,1,80,224.500000
RH,71,275.333333,P1,1,71,225.000000
RH,83,275.333333,P1,1,83,225.000000
RH,62,275.375000,P1,5,62,225.000000
RH,64,278.750000,P1,5,64,226.000000
RH,67,278.750000,P1,5,67,226.000000
RH,63,281.125000,P1,5,63,227.000000
RH,66,281.125000,P1,5,66,227.000000
RH,83,281.125000,P1,1,83,227.000000
RH,71,281.250000,P1,1,71,227.000000
RH,70,281.750000,P1,1,70,227.500000
RH,82,281.750000,P1,1,82,227.500000
RH,62,281.875000,P1,5,62,227.500000
RH,65,281.875000,P1,5,65,227.500000
RH,66,282.333333,P1,5,66,228.000000
RH,83,282.333333,P1,1,83,228.000000
RH,63,282.375000,P1,5,63,228.000000
RH,71,282.375000,P1,1,71,228.000000
RH,80,282.875000,P1,1,80,228.500000
LH,59,283.000000,P1,5,59,228.500000
RH,62,283.000000,P1,5,62,228.500000
RH,68,283.000000,P1,1,68,228.500000
RH,61,283.625000,P1,5,61,229.000000
RH,64,283.625000,P1,5,64,229.000000
RH,82,283.666667,P1,1,82,229.000000
RH,70,283.750000,P1,1,70,229.000000
RH,68,284.333333,P1,1,68,229.500000
RH,80,284.333333,P1,1,80,229.500000
LH,58,284.875000,P1,5,58,230.000000
RH,78,284.875000,P1,1,78,230.000000
RH,61,285.000000,P1,5,61,230.000000
RH,66,285.000000,P1,1,66,230.000000
LH,57,285.500000,P1,5,57,230.500000
RH,60,285.500000,P1,5,60,230.500000
RH,65,285.500000,P1,1,65,230.500000
RH,77,285.500000,P1,1,77,230.500000
LH,58,286.125000,P1,5,58,231.000000
RH,61,286.125000,P1,5,61,231.000000
RH,66,286.125000,P1,1,66,231.000000
RH,78,286.125000,P1,1,78,231.000000
LH,57,286.875000,P1,5,57,231.500000
RH,75,286.875000,P1,1,75,231.500000
LH,54,287.000000,P1,5,54,231.500000
RH,63,287.000000,P1,1,63,231.500000
RH,63,288.125000,P1,5,63,232.000000
RH,68,288.125000,P1,1,68,232.000000
RH,80,288.125000,P1,1,80,232.000000
RH,68,288.250000,P1,1,68,232.000000
RH,78,289.000000,P1,1,78,232.500000
RH,66,289.125000,P1,1,66,232.500000
RH,61,289.666667,P1,5,61,233.000000
LH,49,289.750000,P1,5,49,233.000000
RH,76,289.750000,P1,1,76,233.000000
RH,64,289.875000,P1,1,64,233.000000
RH,63,290.375000,P1,1,63,233.500000
RH,75,290.375000,P1,1,75,233.500000
LH,52,291.000000,P1,5,52,234.000000
LH,55,291.000000,P1,5,55,234.000000
RH,64,291.000000,P1,1,64,234.000000
RH,76,291.000000,P1,1,76,234.000000
RH,73,291.666667,P1,1,73,234.500000
RH,61,291.750000,P1,1,61,234.500000
LH,42,292.500000,P1,6,42,235.000000
LH,54,292.625000,P1,5,54,235.000000
RH,70,292.625000,P1,1,70,235.000000
RH,64,292.666667,P1,1,64,235.000000
LH,58,292.750000,P1,1,58,235.000000
LH,47,294.625000,P1,6,47,236.000000
LH,59,294.625000,P1,1,59,236.000000
RH,63,294.625000,P1,1,63,236.000000
RH,71,294.625000,P1,1,71,236.000000
RH,60,297.375000,P1,1,60,237.000000
RH,72,297.375000,P1,1,72,237.000000
LH,45,299.375000,P1,6,45,238.000000
LH,54,299.375000,P1,5,54,238.000000
RH,75,300.333333,P1,2,75,238.600000
RH,73,300.625000,P1,2,73,238.800000
RH,60,301.000000,P1,1,60,239.000000
RH,72,301.000000,P1,1,72,239.000000
RH,73,301.625000,P1,1,73,239.500000
RH,61,301.666667,P1,1,61,239.500000
RH,64,302.333333,P1,1,64,240.000000
RH,76,302.333333,P1,1,76,240.000000
LH,57,302.375000,P1,5,57,240.000000
RH,69,302.375000,P1,2,69,240.000000
RH,63,303.125000,P1,1,63,240.500000
RH,75,303.125000,P1,1,75,240.500000
LH,44,303.750000,P1,6,44,241.000000
RH,61,304.000000,P1,1,61,241.000000
RH,73,304.000000,P1,1,73,241.000000
LH,56,304.750000,P1,5,56,241.500000
RH,60,304.750000,P1,1,60,241.500000
RH,68,304.750000,P1,2,68,241.500000
RH,72,304.750000,P1,1,72,241.500000
LH,58,305.375000,P1,1,58,242.000000
RH,70,305.375000,P1,1,70,242.000000
LH,55,305.500000,P1,5,55,242.000000
LH,54,306.000000,P1,5,54,242.500000
RH,60,306.000000,P1,1,60,242.500000
RH,72,306.000000,P1,1,72,242.500000
LH,49,306.500000,P1,6,49,243.000000
LH,52,306.500000,P1,5,52,243.000000
RH,61,306.500000,P1,1,61,243.000000
RH,73,306.500000,P1,1,73,243.000000
RH,63,307.125000,P1,1,63,243.500000
RH,75,307.125000,P1,1,75,243.500000
LH,48,307.750000,P1,6,48,244.000000
LH,57,307.750000,P1,5,57,244.000000
RH,64,307.875000,P1,1,64,244.000000
RH,76,307.875000,P1,1,76,244.000000
RH,66,308.625000,P1,1,66,244.500000
RH,78,308.625000,P1,1,78,244.500000
LH,45,309.125000,P1,6,45,245.000000
RH,63,309.125000,P1,1,63,245.000000
RH,75,309.125000,P1,1,75,245.000000
RH,64,309.666667,P1,1,64,245.500000
RH,76,309.666667,P1,1,76,245.500000
RH,60,310.250000,P1,5,60,246.000000
RH,72,310.333333,P1,2,72,246.000000
RH,80,310.333333,P1,1,80,246.000000
RH,68,310.375000,P1,1,68,246.000000
RH,66,310.875000,P1,1,66,246.500000
RH,78,310.875000,P1,1,78,246.500000
LH,47,311.375000,P1,6,47,247.000000
RH,64,311.500000,P1,1,64,247.000000
RH,76,311.500000,P1,1,76,247.000000
LH,59,312.125000,P1,5,59,247.500000
RH,63,312.125000,P1,1,63,247.500000
RH,75,312.125000,P1,1,75,247.500000
RH,71,312.250000,P1,2,71,247.500000
LH,58,312.625000,P1,5,58,248.000000
RH,61,312.625000,P1,1,61,248.000000
RH,73,312.625000,P1,1,73,248.000000
LH,57,313.250000,P1,5,57,248.500000
RH,63,313.250000,P1,1,63,248.500000
RH,75,313.250000,P1,1,75,248.500000
LH,52,313.875000,P1,6,52,249.000000
LH,56,313.875000,P1,5,56,249.000000
RH,64,313.875000,P1,1,64,249.000000
RH,76,313.875000,P1,1,76,249.000000
LH,57,314.500000,P1,5,57,249.500000
RH,66,314.500000,P1,1,66,249.500000
RH,78,314.500000,P1,1,78,249.500000
LH,59,315.333333,P1,5,59,250.000000
LH,52,315.375000,P1,6,52,250.000000
RH,68,315.500000,P1,1,68,250.000000
RH,74,315.500000,P1,2,74,250.000000
RH,80,315.500000,P1,1,80,250.000000
LH,58,316.250000,P1,5,58,250.500000
RH,67,316.250000,P1,1,67,250.500000
RH,79,316.250000,P1,1,79,250.500000
RH,61,316.875000,P1,5,61,251.000000
RH,70,316.875000,P1,1,70,251.000000
RH,82,316.875000,P1,1,82,251.000000
LH,59,317.375000,P1,5,59,251.500000
RH,68,317.375000,P1,1,68,251.500000
RH,80,317.375000,P1,1,80,251.500000
LH,51,317.875000,P1,6,51,252.000000
RH,68,318.000000,P1,1,68,252.000000
RH,75,318.000000,P1,2,75,252.000000
RH,80,318.000000,P1,1,80,252.000000
LH,58,318.500000,P1,5,58,252.500000
RH,67,318.500000,P1,1,67,252.500000
RH,79,318.500000,P1,1,79,252.500000
RH,63,319.250000,P1,5,63,253.000000
RH,67,319.375000,P1,1,67,253.000000
RH,73,319.375000,P1,2,73,253.000000
RH,79,319.375000,P1,1,79,253.000000
RH,67,319.500000,P1,1,67,253.000000
LH,57,320.000000,P1,5,57,253.500000
RH,66,320.000000,P1,1,66,253.500000
RH,78,320.000000,P1,1,78,253.500000
RH,60,320.500000,P1,5,60,254.000000
RH,69,320.500000,P1,1,69,254.000000
RH,81,320.500000,P1,1,81,254.000000
LH,58,321.125000,P1,5,58,254.500000
RH,67,321.125000,P1,1,67,254.500000
RH,79,321.125000,P1,1,79,254.500000
LH,50,321.666667,P1,6,50,255.000000
RH,67,321.750000,P1,1,67,255.000000
RH,74,321.750000,P1,2,74,255.000000
RH,79,321.750000,P1,1,79,255.000000
LH,57,322.375000,P1,5,57,255.500000
RH,66,322.375000,P1,1,66,255.500000
RH,78,322.375000,P1,1,78,255.500000
LH,50,323.125000,P1,6,50,256.000000
RH,62,323.125000,P1,5,62,256.000000
RH,72,323.125000,P1,2,72,256.000000
RH,78,323.125000,P1,1,78,256.000000
RH,66,323.250000,P1,1,66,256.000000
RH,65,323.875000,P1,1,65,256.500000
RH,77,323.875000,P1,1,77,256.500000
LH,56,324.000000,P1,5,56,256.500000
RH,65,324.375000,P1,1,65,257.000000
RH,72,324.375000,P1,2,72,257.000000
RH,77,324.375000,P1,1,77,257.000000
LH,56,324.500000,P1,5,56,257.000000
LH,55,325.000000,P1,5,55,257.500000
RH,71,325.000000,P1,2,71,257.500000
LH,55,325.500000,P1,5,55,258.000000
RH,65,325.500000,P1,1,65,258.000000
RH,71,325.500000,P1,2,71,258.000000
RH,77,325.500000,P1,1,77,258.000000
LH,49,326.125000,P1,6,49,258.500000
RH,64,326.125000,P1,1,64,258.500000
RH,76,326.125000,P1,1,76,258.500000
LH,55,326.666667,P1,5,55,259.000000
RH,71,326.666667,P1,2,71,259.000000
RH,76,326.666667,P1,1,76,259.000000
RH,64,326.750000,P1,1,64,259.000000
RH,70,327.333333,P1,2,70,259.500000
LH,54,328.000000,P1,5,54,260.000000
RH,70,328.000000,P1,2,70,260.000000
RH,76,328.000000,P1,1,76,260.000000
RH,64,328.125000,P1,1,64,260.000000
RH,75,328.750000,P1,1,75,260.500000
RH,63,328.875000,P1,1,63,260.500000
LH,42,329.625000,P1,6,42,261.000000
RH,70,329.750000,P1,2,70,261.000000
RH,62,330.750000,P1,1,62,261.500000
RH,74,330.750000,P1,1,74,261.500000
LH,47,332.333333,P1,5,47,262.000000
RH,71,332.500000,P1,2,71,262.000000
RH,63,332.625000,P1,1,63,262.000000
RH,75,332.625000,P1,1,75,262.000000
RH,76,333.500000,P1,1,76,262.500000
RH,64,333.625000,P1,1,64,262.500000
RH,63,334.125000,P1,1,63,263.000000
RH,70,334.125000,P1,2,70,263.000000
RH,61,334.750000,P1,1,61,263.500000
RH,73,334.750000,P1,1,73,263.500000
RH,68,335.250000,P1,2,68,264.000000
LH,56,335.333333,P1,5,56,264.000000
RH,63,335.333333,P1,1,63,264.000000
RH,64,335.750000,P1,1,64,264.500000
RH,76,335.750000,P1,1,76,264.500000
LH,58,336.500000,P1,5,58,265.000000
RH,68,336.500000,P1,2,68,265.000000
RH,63,336.666667,P1,1,63,265.000000
RH,61,337.250000,P1,1,61,265.500000
RH,73,337.250000,P1,1,73,265.500000
LH,54,337.875000,P1,5,54,266.000000
LH,59,337.875000,P1,1,59,266.000000
RH,71,337.875000,P1,1,71,266.000000
RH,66,338.333333,P1,2,66,266.500000
RH,61,338.375000,P1,1,61,266.500000
LH,47,339.000000,P1,6,47,267.000000
RH,63,339.125000,P1,1,63,267.000000
RH,75,339.125000,P1,1,75,267.000000
RH,71,339.750000,P1,1,71,267.500000
RH,75,340.625000,P1,1,75,268.000000
RH,63,340.666667,P1,1,63,268.000000
RH,64,341.250000,P1,1,64,268.500000
RH,76,341.250000,P1,1,76,268.500000
LH,50,341.750000,P1,6,50,269.000000
LH,59,341.750000,P1,5,59,269.000000
RH,65,341.875000,P1,1,65,269.000000
RH,77,341.875000,P1,1,77,269.000000
LH,51,342.333333,P1,6,51,269.500000
RH,78,342.333333,P1,1,78,269.500000
RH,66,342.500000,P1,1,66,269.500000
LH,52,343.000000,P1,6,52,270.000000
RH,60,343.000000,P1,5,60,270.000000
RH,70,343.125000,P1,1,70,270.000000
RH,82,343.125000,P1,1,82,270.000000
RH,61,343.750000,P1,5,61,270.500000
RH,68,343.750000,P1,1,68,270.500000
RH,80,343.750000,P1,1,80,270.500000
RH,78,344.375000,P1,1,78,271.000000
RH,66,344.500000,P1,1,66,271.000000
RH,64,345.000000,P1,1,64,271.500000
RH,76,345.000000,P1,1,76,271.500000
LH,58,345.666667,P1,5,58,272.000000
RH,63,345.666667,P1,1,63,272.000000
RH,75,345.750000,P1,1,75,272.000000
RH,61,346.375000,P1,1,61,272.500000
RH,73,346.375000,P1,1,73,272.500000
LH,47,347.125000,P1,5,47,273.000000
LH,51,347.125000,P1,5,51,273.000000
LH,59,347.125000,P1,5,59,273.000000
RH,63,347.125000,P1,1,63,273.000000
RH,75,347.125000,P1,1,75,273.000000
RH,71,348.000000,P1,1,71,273.500000
LH,48,349.000000,P1,6,48,274.000000
LH,54,349.125000,P1,5,54,274.000000
RH,62,349.250000,P1,1,62,274.000000
RH,74,349.250000,P1,1,74,274.000000
RH,75,350.125000,P1,1,75,274.500000
RH,63,350.250000,P1,1,63,274.500000
LH,56,350.750000,P1,5,56,275.000000
RH,64,350.750000,P1,1,64,275.000000
RH,76,350.750000,P1,1,76,275.000000
RH,63,351.333333,P1,1,63,275.500000
RH,75,351.333333,P1,1,75,275.500000
RH,66,351.875000,P1,1,66,276.000000
RH,78,351.875000,P1,1,78,276.000000
RH,64,352.375000,P1,1,64,276.500000
RH,76,352.375000,P1,1,76,276.500000
LH,57,353.000000,P1,5,57,277.000000
RH,60,353.000000,P1,5,60,277.000000
RH,77,353.000000,P1,1,77,277.000000
RH,65,353.125000,P1,1,65,277.000000
RH,66,353.625000,P1,1,66,277.500000
RH,78,353.625000,P1,1,78,277.500000
LH,59,354.125000,P1,5,59,278.000000
RH,68,354.125000,P1,1,68,278.000000
RH,80,354.125000,P1,1,80,278.000000
RH,66,354.666667,P1,1,66,278.500000
RH,78,354.666667,P1,1,78,278.500000
RH,69,355.250000,P1,1,69,279.000000
RH,81,355.250000,P1,1,81,279.000000
RH,68,355.750000,P1,1,68,279.500000
RH,80,355.750000,P1,1,80,279.500000
LH,53,356.375000,P1,6,53,280.000000
LH,59,356.375000,P1,5,59,280.000000
RH,62,356.375000,P1,5,62,280.000000
RH,67,356.500000,P1,1,67,280.000000
RH,79,356.500000,P1,1,79,280.000000
RH,68,357.125000,P1,1,68,280.500000
RH,80,357.125000,P1,1,80,280.500000
RH,61,357.666667,P1,5,61,281.000000
RH,70,357.666667,P1,1,70,281.000000
RH,82,357.666667,P1,1,82,281.000000
LH,59,358.250000,P1,5,59,281.500000
RH,68,358.250000,P1,1,68,281.500000
RH,80,358.250000,P1,1,80,281.500000
RH,62,358.875000,P1,5,62,282.000000
RH,71,358.875000,P1,1,71,282.000000
RH,83,358.875000,P1,1,83,282.000000
RH,61,360.125000,P1,5,61,282.750000
RH,70,360.125000,P1,1,70,282.750000
RH,82,360.125000,P1,1,82,282.750000
RH,70,360.333333,P1,1,70,283.000000
RH,82,360.333333,P1,1,82,283.000000
RH,61,360.375000,P1,5,61,283.000000
LH,59,361.000000,P1,5,59,283.500000
RH,68,361.000000,P1,1,68,283.500000
RH,80,361.000000,P1,1,80,283.500000
LH,58,361.666667,P1,5,58,284.000000
RH,67,361.666667,P1,1,67,284.000000
RH,79,361.666667,P1,1,79,284.000000
LH,59,362.500000,P1,5,59,284.500000
RH,68,362.500000,P1,1,68,284.500000
RH,80,362.500000,P1,1,80,284.500000
RH,62,363.875000,P1,5,62,285.000000
RH,71,363.875000,P1,1,71,285.000000
RH,83,363.875000,P1,1,83,285.000000
RH,64,368.375000,P1,5,64,286.000000
RH,67,368.375000,P1,5,67,286.000000
RH,63,370.875000,P1,5,63,287.000000
RH,66,370.875000,P1,5,66,287.000000
RH,71,370.875000,P1,1,71,287.000000
RH,83,370.875000,P1,1,83,287.000000
RH,82,371.375000,P1,1,82,287.500000
RH,62,371.500000,P1,5,62,287.500000
RH,65,371.500000,P1,5,65,287.500000
RH,70,371.500000,P1,1,70,287.500000
RH,63,372.000000,P1,5,63,288.000000
RH,66,372.000000,P1,5,66,288.000000
RH,71,372.000000,P1,1,71,288.000000
RH,83,372.000000,P1,1,83,288.000000
RH,68,372.500000,P1,1,68,288.500000
RH,80,372.500000,P1,1,80,288.500000
LH,59,372.625000,P1,5,59,288.500000
RH,62,372.625000,P1,5,62,288.500000
RH,61,373.250000,P1,5,61,289.000000
RH,64,373.250000,P1,5,64,289.000000
RH,82,373.333333,P1,1,82,289.000000
RH,70,373.375000,P1,1,70,289.000000
RH,68,374.000000,P1,1,68,289.500000
RH,80,374.000000,P1,1,80,289.500000
LH,58,374.625000,P1,5,58,290.000000
RH,61,374.625000,P1,5,61,290.000000
RH,66,374.625000,P1,1,66,290.000000
RH,78,374.625000,P1,1,78,290.000000
LH,57,375.125000,P1,5,57,290.500000
RH,60,375.125000,P1,5,60,290.500000
RH,65,375.125000,P1,1,65,290.500000
RH,77,375.125000,P1,1,77,290.500000
LH,58,375.750000,P1,5,58,291.000000
RH,66,375.750000,P1,1,66,291.000000
RH,78,375.750000,P1,1,78,291.000000
RH,61,375.875000,P1,5,61,291.000000
LH,54,376.333333,P1,5,54,291.500000
LH,57,376.333333,P1,5,57,291.500000
RH,63,376.333333,P1,1,63,291.500000
RH,75,376.333333,P1,1,75,291.500000
RH,63,377.250000,P1,5,63,292.000000
RH,80,377.250000,P1,1,80,292.000000
RH,68,377.375000,P1,1,68,292.000000
RH,66,378.125000,P1,1,66,292.500000
RH,78,378.125000,P1,1,78,292.500000
LH,49,378.750000,P1,5,49,293.000000
RH,61,378.750000,P1,5,61,293.000000
RH,76,378.750000,P1,1,76,293.000000
RH,64,378.875000,P1,1,64,293.000000
RH,75,379.500000,P1,1,75,293.500000
RH,63,379.625000,P1,1,63,293.500000
LH,52,380.333333,P1,5,52,294.000000
RH,76,380.333333,P1,1,76,294.000000
LH,55,380.375000,P1,5,55,294.000000
RH,64,380.375000,P1,1,64,294.000000
RH,76,380.500000,P1,1,76,294.000000
RH,61,381.500000,P1,1,61,294.500000
RH,73,381.500000,P1,1,73,294.500000
LH,42,383.000000,P1,6,42,295.000000
LH,58,383.125000,P1,1,58,295.000000
RH,70,383.125000,P1,1,70,295.000000
RH,64,383.250000,P1,1,64,295.000000
LH,54,384.375000,P1,5,54,295.500000
LH,52,385.250000,P1,5,52,296.000000
LH,51,385.875000,P1,5,51,296.500000
LH,52,386.500000,P1,5,52,297.000000
LH,49,387.000000,P1,5,49,297.500000
LH,55,387.666667,P1,5,55,298.000000
LH,54,388.375000,P1,5,54,298.500000
LH,52,388.875000,P1,5,52,299.000000
LH,51,389.375000,P1,5,51,299.500000
LH,52,390.000000,P1,5,52,300.000000
LH,49,390.500000,P1,5,49,300.500000
LH,55,391.000000,P1,5,55,301.000000
LH,54,391.500000,P1,5,54,301.500000
LH,52,392.000000,P1,5,52,302.000000
LH,51,392.375000,P1,5,51,302.500000
LH,52,392.875000,P1,5,52,303.000000
LH,49,393.333333,P1,5,49,303.500000
LH,55,393.875000,P1,5,55,304.000000
LH,59,393.875000,P1,3,59,304.000000
RH,71,393.875000,P1,3,71,304.000000
LH,54,394.375000,P1,5,54,304.500000
LH,52,394.875000,P1,5,52,305.000000
LH,51,395.333333,P1,5,51,305.500000
LH,52,395.750000,P1,5,52,306.000000
RH,61,395.750000,P1,3,61,306.000000
RH,73,395.750000,P1,3,73,306.000000
RH,61,397.125000,P1,1,61,307.000000
RH,70,397.125000,P1,1,70,307.000000
RH,73,397.125000,P1,1,73,307.000000
LH,54,397.875000,P1,5,54,307.500000
LH,52,398.375000,P1,5,52,308.000000
LH,51,398.875000,P1,5,51,308.500000
LH,52,399.333333,P1,5,52,309.000000
LH,49,399.875000,P1,5,49,309.500000
LH,55,400.625000,P1,5,55,310.000000
RH,61,400.666667,P1,1,61,310.000000
RH,73,400.666667,P1,1,73,310.000000
RH,70,400.750000,P1,1,70,310.000000
LH,54,401.250000,P1,5,54,310.500000
LH,52,401.666667,P1,5,52,311.000000
LH,51,402.125000,P1,5,51,311.500000
LH,52,402.625000,P1,5,52,312.000000
LH,49,403.000000,P1,5,49,312.500000
LH,52,405.000000,P1,5,52,314.000000
LH,51,405.375000,P1,5,51,314.500000
LH,52,405.875000,P1,5,52,315.000000
LH,49,406.333333,P1,5,49,315.500000
RH,74,406.750000,P1,3,74,316.000000
LH,55,406.875000,P1,5,55,316.000000
RH,70,406.875000,P1,2,70,316.000000
RH,66,407.333333,P1,1,66,316.500000
LH,54,407.375000,P1,5,54,316.500000
LH,52,407.750000,P1,5,52,317.000000
LH,51,408.125000,P1,5,51,317.500000
LH,52,408.625000,P1,5,52,318.000000
RH,76,408.625000,P1,3,76,318.000000
LH,49,409.125000,P1,5,49,318.500000
LH,42,409.750000,P1,6,42,319.000000
LH,55,409.750000,P1,5,55,319.000000
RH,76,410.000000,P1,1,76,319.000000
LH,54,410.625000,P1,5,54,319.500000
LH,52,411.000000,P1,5,52,320.000000
LH,51,411.500000,P1,5,51,320.500000
LH,52,412.000000,P1,5,52,321.000000
LH,49,412.375000,P1,5,49,321.500000
LH,55,413.000000,P1,5,55,322.000000
RH,85,413.125000,P1,3,85,322.000000
LH,54,413.666667,P1,5,54,322.500000
LH,52,414.125000,P1,5,52,323.000000
LH,51,414.666667,P1,5,51,323.500000
LH,52,415.125000,P1,5,52,324.000000
LH,49,415.666667,P1,5,49,324.500000
LH,43,416.375000,P1,5,43,325.000000
LH,55,416.375000,P1,5,55,325.000000
LH,42,417.125000,P1,5,42,325.500000
LH,54,417.125000,P1,5,54,325.500000
LH,40,417.666667,P1,5,40,326.000000
LH,52,417.666667,P1,5,52,326.000000
LH,39,418.125000,P1,5,39,326.500000
LH,51,418.125000,P1,5,51,326.500000
LH,40,418.625000,P1,5,40,327.000000
LH,52,418.625000,P1,5,52,327.000000
LH,37,419.000000,P1,5,37,327.500000
LH,49,419.000000,P1,5,49,327.500000
LH,43,419.500000,P1,5,43,328.000000
LH,55,419.500000,P1,5,55,328.000000
LH,42,420.000000,P1,5,42,328.500000
LH,54,420.000000,P1,5,54,328.500000
LH,40,420.375000,P1,5,40,329.000000
LH,52,420.375000,P1,5,52,329.000000
LH,39,420.750000,P1,5,39,329.500000
LH,51,420.750000,P1,5,51,329.500000
LH,40,421.125000,P1,5,40,330.000000
LH,52,421.125000,P1,5,52,330.000000
LH,37,421.625000,P1,5,37,330.500000
LH,49,421.625000,P1,5,49,330.500000
LH,43,422.125000,P1,5,43,331.000000
LH,55,422.125000,P1,5,55,331.000000
RH,67,422.125000,P1,1,67,331.000000
RH,79,422.125000,P1,1,79,331.000000
RH,66,422.625000,P1,1,66,331.500000
RH,78,422.625000,P1,1,78,331.500000
LH,42,422.666667,P1,5,42,331.500000
LH,54,422.666667,P1,5,54,331.500000
LH,40,423.000000,P1,5,40,332.000000
LH,52,423.000000,P1,5,52,332.000000
RH,64,423.000000,P1,1,64,332.000000
RH,76,423.000000,P1,1,76,332.000000
LH,39,423.375000,P1,5,39,332.500000
LH,51,423.375000,P1,5,51,332.500000
RH,63,423.375000,P1,1,63,332.500000
RH,75,423.375000,P1,1,75,332.500000
LH,40,423.875000,P1,5,40,333.000000
LH,52,423.875000,P1,5,52,333.000000
RH,64,423.875000,P1,1,64,333.000000
RH,76,423.875000,P1,1,76,333.000000
LH,37,424.250000,P1,5,37,333.500000
LH,49,424.250000,P1,5,49,333.500000
RH,61,424.250000,P1,1,61,333.500000
RH,73,424.250000,P1,1,73,333.500000
LH,43,424.750000,P1,5,43,334.000000
LH,55,424.750000,P1,5,55,334.000000
RH,67,424.750000,P1,1,67,334.000000
RH,79,424.750000,P1,1,79,334.000000
LH,54,425.125000,P1,5,54,334.500000
RH,66,425.125000,P1,1,66,334.500000
RH,78,425.125000,P1,1,78,334.500000
LH,42,425.250000,P1,5,42,334.500000
LH,40,425.625000,P1,5,40,335.000000
LH,52,425.625000,P1,5,52,335.000000
RH,64,425.625000,P1,1,64,335.000000
RH,76,425.625000,P1,1,76,335.000000
LH,39,426.000000,P1,5,39,335.500000
LH,51,426.000000,P1,5,51,335.500000
RH,63,426.000000,P1,1,63,335.500000
RH,75,426.000000,P1,1,75,335.500000
LH,40,426.625000,P1,5,40,336.000000
LH,52,426.625000,P1,5,52,336.000000
RH,64,426.625000,P1,1,64,336.000000
RH,76,426.625000,P1,1,76,336.000000
LH,37,427.125000,P1,5,37,336.500000
LH,49,427.125000,P1,5,49,336.500000
RH,61,427.125000,P1,1,61,336.500000
RH,73,427.125000,P1,1,73,336.500000
LH,43,427.875000,P1,5,43,337.000000
LH,55,427.875000,P1,5,55,337.000000
RH,67,427.875000,P1,1,67,337.000000
RH,79,427.875000,P1,1,79,337.000000
RH,78,428.250000,P1,1,78,337.333333
LH,40,429.000000,P1,5,40,337.666667
LH,52,429.000000,P1,5,52,337.666667
RH,64,429.000000,P1,1,64,337.666667
RH,76,429.000000,P1,1,76,337.666667
LH,39,429.333333,P1,5,39,338.000000
LH,51,429.333333,P1,5,51,338.000000
RH,63,429.333333,P1,1,63,338.000000
RH,75,429.333333,P1,1,75,338.000000
LH,40,429.625000,P1,5,40,338.333333
LH,52,429.625000,P1,5,52,338.333333
RH,64,429.625000,P1,1,64,338.333333
RH,76,429.625000,P1,1,76,338.333333
LH,37,429.875000,P1,5,37,338.666667
LH,49,429.875000,P1,5,49,338.666667
RH,61,429.875000,P1,1,61,338.666667
RH,73,429.875000,P1,1,73,338.666667
LH,44,430.250000,P1,5,44,339.000000
LH,56,430.250000,P1,5,56,339.000000
RH,68,430.250000,P1,1,68,339.000000
RH,80,430.250000,P1,1,80,339.000000
LH,42,430.666667,P1,5,42,339.333333
LH,54,430.666667,P1,5,54,339.333333
RH,66,430.666667,P1,1,66,339.333333
RH,78,430.666667,P1,1,78,339.333333
LH,40,430.875000,P1,5,40,339.666667
LH,52,430.875000,P1,5,52,339.666667
RH,64,430.875000,P1,1,64,339.666667
RH,76,430.875000,P1,1,76,339.666667
LH,39,431.125000,P1,5,39,340.000000
LH,51,431.125000,P1,5,51,340.000000
RH,63,431.125000,P1,1,63,340.000000
RH,75,431.125000,P1,1,75,340.000000
LH,40,431.375000,P1,5,40,340.333333
LH,52,431.375000,P1,5,52,340.333333
RH,64,431.375000,P1,1,64,340.333333
RH,76,431.375000,P1,1,76,340.333333
LH,37,431.666667,P1,5,37,340.666667
LH,49,431.666667,P1,5,49,340.666667
RH,61,431.666667,P1,1,61,340.666667
RH,73,431.666667,P1,1,73,340.666667
LH,45,432.125000,P1,5,45,341.000000
LH,57,432.125000,P1,5,57,341.000000
RH,69,432.125000,P1,1,69,341.000000
RH,81,432.125000,P1,1,81,341.000000
LH,44,432.500000,P1,5,44,341.333333
LH,56,432.500000,P1,5,56,341.333333
RH,68,432.500000,P1,1,68,341.333333
RH,80,432.500000,P1,1,80,341.333333
LH,43,432.875000,P1,5,43,341.666667
LH,55,432.875000,P1,5,55,341.666667
RH,67,432.875000,P1,1,67,341.666667
RH,79,432.875000,P1,1,79,341.666667
LH,42,433.125000,P1,5,42,342.000000
LH,54,433.125000,P1,5,54,342.000000
RH,66,433.125000,P1,1,66,342.000000
RH,78,433.125000,P1,1,78,342.000000
LH,43,433.333333,P1,5,43,342.333333
LH,55,433.333333,P1,5,55,342.333333
RH,79,433.333333,P1,1,79,342.333333
RH,67,433.375000,P1,1,67,342.333333
LH,39,433.625000,P1,5,39,342.666667
LH,51,433.625000,P1,5,51,342.666667
RH,63,433.625000,P1,1,63,342.666667
RH,75,433.625000,P1,1,75,342.666667
LH,40,433.875000,P1,5,40,343.000000
LH,52,433.875000,P1,5,52,343.000000
RH,64,433.875000,P1,1,64,343.000000
RH,76,433.875000,P1,1,76,343.000000
LH,41,434.125000,P1,5,41,343.333333
LH,53,434.125000,P1,5,53,343.333333
RH,65,434.125000,P1,1,65,343.333333
RH,77,434.125000,P1,1,77,343.333333
LH,42,434.375000,P1,5,42,343.666667
LH,54,434.375000,P1,5,54,343.666667
RH,66,434.375000,P1,1,66,343.666667
RH,78,434.375000,P1,1,78,343.666667
LH,41,434.625000,P1,5,41,344.000000
LH,53,434.625000,P1,5,53,344.000000
RH,65,434.625000,P1,1,65,344.000000
RH,77,434.625000,P1,1,77,344.000000
LH,42,434.875000,P1,5,42,344.333333
LH,54,434.875000,P1,5,54,344.333333
RH,66,434.875000,P1,1,66,344.333333
RH,78,434.875000,P1,1,78,344.333333
LH,43,435.125000,P1,5,43,344.666667
LH,55,435.125000,P1,5,55,344.666667
RH,67,435.125000,P1,1,67,344.666667
RH,79,435.125000,P1,1,79,344.666667
LH,41,435.375000,P1,5,41,345.000000
LH,53,435.375000,P1,5,53,345.000000
RH,65,435.375000,P1,1,65,345.000000
RH,77,435.375000,P1,1,77,345.000000
LH,42,435.666667,P1,5,42,345.333333
LH,54,435.666667,P1,5,54,345.333333
RH,66,435.666667,P1,1,66,345.333333
RH,78,435.666667,P1,1,78,345.333333
LH,43,435.875000,P1,5,43,345.666667
LH,55,435.875000,P1,5,55,345.666667
RH,67,435.875000,P1,1,67,345.666667
RH,79,435.875000,P1,1,79,345.666667
LH,42,436.125000,P1,5,42,346.000000
LH,54,436.125000,P1,5,54,346.000000
RH,66,436.125000,P1,1,66,346.000000
RH,78,436.125000,P1,1,78,346.000000
LH,43,436.500000,P1,5,43,346.333333
LH,55,436.500000,P1,5,55,346.333333
RH,67,436.500000,P1,1,67,346.333333
RH,79,436.500000,P1,1,79,346.333333
LH,44,436.666667,P1,5,44,346.666667
LH,56,436.666667,P1,5,56,346.666667
RH,68,436.666667,P1,1,68,346.666667
RH,80,436.666667,P1,1,80,346.666667
LH,43,437.000000,P1,5,43,347.000000
LH,55,437.000000,P1,5,55,347.000000
RH,67,437.000000,P1,1,67,347.000000
RH,79,437.000000,P1,1,79,347.000000
LH,44,437.250000,P1,5,44,347.333333
LH,56,437.250000,P1,5,56,347.333333
RH,68,437.250000,P1,1,68,347.333333
RH,80,437.250000,P1,1,80,347.333333
LH,45,437.625000,P1,5,45,347.666667
LH,57,437.625000,P1,5,57,347.666667
RH,69,437.625000,P1,1,69,347.666667
RH,81,437.625000,P1,1,81,347.666667
LH,44,437.875000,P1,5,44,348.000000
LH,56,437.875000,P1,5,56,348.000000
RH,68,437.875000,P1,1,68,348.000000
RH,80,437.875000,P1,1,80,348.000000
LH,45,438.375000,P1,5,45,348.333333
LH,57,438.375000,P1,5,57,348.333333
RH,69,438.375000,P1,1,69,348.333333
RH,81,438.375000,P1,1,81,348.333333
LH,46,438.750000,P1,5,46,348.666667
LH,58,438.750000,P1,5,58,348.666667
RH,70,438.750000,P1,1,70,348.666667
RH,82,438.750000,P1,1,82,348.666667
LH,47,439.500000,P1,5,47,349.000000
LH,50,439.500000,P1,6,50,349.000000
LH,59,439.500000,P1,5,59,349.000000
RH,71,439.500000,P1,1,71,349.000000
RH,74,439.500000,P1,2,74,349.000000
RH,83,439.500000,P1,1,83,349.000000
LH,47,440.375000,P1,5,47,349.666667
LH,59,440.375000,P1,5,59,349.666667
RH,71,440.375000,P1,1,71,349.666667
RH,83,440.375000,P1,1,83,349.666667
LH,46,440.666667,P1,5,46,350.000000
LH,58,440.666667,P1,5,58,350.000000
RH,70,440.666667,P1,1,70,350.000000
RH,82,440.666667,P1,1,82,350.000000
LH,45,440.875000,P1,5,45,350.333333
LH,57,440.875000,P1,5,57,350.333333
RH,69,440.875000,P1,1,69,350.333333
RH,81,440.875000,P1,1,81,350.333333
LH,44,441.125000,P1,5,44,350.666667
LH,56,441.125000,P1,5,56,350.666667
RH,68,441.125000,P1,1,68,350.666667
RH,80,441.125000,P1,1,80,350.666667
LH,45,441.500000,P1,5,45,351.000000
LH,50,441.500000,P1,6,50,351.000000
LH,57,441.500000,P1,5,57,351.000000
RH,69,441.500000,P1,1,69,351.000000
RH,74,441.500000,P1,2,74,351.000000
RH,81,441.500000,P1,1,81,351.000000
LH,44,441.875000,P1,5,44,351.333333
LH,56,441.875000,P1,5,56,351.333333
RH,68,441.875000,P1,1,68,351.333333
RH,80,442.000000,P1,1,80,351.333333
LH,45,442.125000,P1,5,45,351.666667
LH,57,442.125000,P1,5,57,351.666667
RH,69,442.125000,P1,1,69,351.666667
RH,81,442.125000,P1,1,81,351.666667
LH,44,442.375000,P1,5,44,352.000000
LH,56,442.375000,P1,5,56,352.000000
RH,68,442.375000,P1,1,68,352.000000
RH,80,442.375000,P1,1,80,352.000000
LH,43,442.666667,P1,5,43,352.333333
LH,55,442.666667,P1,5,55,352.333333
RH,67,442.666667,P1,1,67,352.333333
RH,79,442.666667,P1,1,79,352.333333
LH,42,442.875000,P1,5,42,352.666667
LH,54,442.875000,P1,5,54,352.666667
RH,66,442.875000,P1,1,66,352.666667
RH,78,442.875000,P1,1,78,352.666667
LH,43,443.250000,P1,5,43,353.000000
LH,47,443.250000,P1,6,47,353.000000
LH,55,443.250000,P1,5,55,353.000000
RH,67,443.250000,P1,1,67,353.000000
RH,71,443.250000,P1,2,71,353.000000
RH,79,443.250000,P1,1,79,353.000000
RH,78,443.333333,P1,1,78,353.333333
LH,42,443.500000,P1,5,42,353.333333
LH,54,443.500000,P1,5,54,353.333333
RH,66,443.500000,P1,1,66,353.333333
RH,78,443.500000,P1,1,78,353.333333
LH,43,443.750000,P1,5,43,353.666667
LH,55,443.750000,P1,5,55,353.666667
RH,67,443.750000,P1,1,67,353.666667
RH,79,443.750000,P1,1,79,353.666667
LH,42,444.125000,P1,5,42,354.000000
LH,47,444.125000,P1,6,47,354.000000
LH,54,444.125000,P1,5,54,354.000000
RH,66,444.125000,P1,1,66,354.000000
RH,71,444.125000,P1,2,71,354.000000
RH,78,444.125000,P1,1,78,354.000000
LH,41,444.333333,P1,5,41,354.333333
LH,53,444.333333,P1,5,53,354.333333
RH,65,444.333333,P1,1,65,354.333333
RH,77,444.333333,P1,1,77,354.333333
RH,76,444.500000,P1,1,76,354.666667
LH,40,444.625000,P1,5,40,354.666667
LH,52,444.625000,P1,5,52,354.666667
RH,64,444.625000,P1,1,64,354.666667
RH,76,444.625000,P1,1,76,354.666667
LH,39,444.875000,P1,5,39,355.000000
LH,42,444.875000,P1,6,42,355.000000
LH,51,444.875000,P1,5,51,355.000000
RH,63,444.875000,P1,1,63,355.000000
RH,66,444.875000,P1,2,66,355.000000
RH,75,444.875000,P1,1,75,355.000000
LH,38,445.125000,P1,5,38,355.333333
LH,50,445.125000,P1,5,50,355.333333
RH,62,445.125000,P1,1,62,355.333333
RH,74,445.125000,P1,1,74,355.333333
LH,37,445.375000,P1,5,37,355.666667
LH,49,445.375000,P1,5,49,355.666667
RH,61,445.375000,P1,1,61,355.666667
RH,73,445.375000,P1,1,73,355.666667
LH,35,445.875000,P1,5,35,356.000000
LH,42,445.875000,P1,5,42,356.000000
LH,47,445.875000,P1,5,47,356.000000
LH,59,445.875000,P1,1,59,356.000000
RH,66,445.875000,P1,1,66,356.000000
RH,71,445.875000,P1,1,71,356.000000
LH,35,447.125000,P1,5,35,357.000000
LH,43,447.125000,P1,6,43,357.000000
LH,47,447.125000,P1,5,47,357.000000
LH,59,447.125000,P1,1,59,357.000000
RH,67,447.125000,P1,2,67,357.000000
RH,71,447.125000,P1,1,71,357.000000
LH,34,447.500000,P1,5,34,357.333333
LH,46,447.500000,P1,5,46,357.333333
LH,58,447.500000,P1,1,58,357.333333
RH,70,447.500000,P1,1,70,357.333333
LH,35,447.875000,P1,5,35,357.666667
LH,47,447.875000,P1,5,47,357.666667
LH,59,447.875000,P1,1,59,357.666667
RH,71,447.875000,P1,1,71,357.666667
LH,37,448.125000,P1,5,37,358.000000
LH,49,448.125000,P1,5,49,358.000000
RH,61,448.125000,P1,1,61,358.000000
RH,73,448.125000,P1,1,73,358.000000
LH,38,448.375000,P1,5,38,358.333333
LH,50,448.375000,P1,5,50,358.333333
RH,62,448.375000,P1,1,62,358.333333
RH,74,448.375000,P1,1,74,358.333333
LH,40,448.625000,P1,5,40,358.666667
LH,52,448.625000,P1,5,52,358.666667
RH,64,448.625000,P1,1,64,358.666667
RH,76,448.625000,P1,1,76,358.666667
LH,38,448.875000,P1,5,38,359.000000
LH,42,448.875000,P1,6,42,359.000000
LH,50,448.875000,P1,5,50,359.000000
RH,62,448.875000,P1,1,62,359.000000
RH,66,448.875000,P1,2,66,359.000000
RH,74,448.875000,P1,1,74,359.000000
LH,37,449.333333,P1,5,37,359.333333
LH,49,449.333333,P1,5,49,359.333333
RH,61,449.333333,P1,1,61,359.333333
RH,73,449.333333,P1,1,73,359.333333
LH,35,449.625000,P1,5,35,359.666667
LH,47,449.625000,P1,5,47,359.666667
LH,59,449.625000,P1,1,59,359.666667
RH,71,449.625000,P1,1,71,359.666667
LH,34,449.875000,P1,5,34,360.000000
LH,46,449.875000,P1,5,46,360.000000
LH,58,449.875000,P1,1,58,360.000000
RH,70,449.875000,P1,1,70,360.000000
LH,35,450.125000,P1,5,35,360.333333
LH,47,450.125000,P1,5,47,360.333333
LH,59,450.125000,P1,1,59,360.333333
RH,71,450.125000,P1,1,71,360.333333
LH,37,450.333333,P1,5,37,360.666667
LH,49,450.333333,P1,5,49,360.666667
RH,61,450.333333,P1,1,61,360.666667
RH,73,450.333333,P1,1,73,360.666667
LH,35,450.666667,P1,5,35,361.000000
LH,43,450.666667,P1,6,43,361.000000
LH,47,450.666667,P1,5,47,361.000000
LH,59,450.666667,P1,1,59,361.000000
RH,67,450.666667,P1,2,67,361.000000
RH,71,450.666667,P1,1,71,361.000000
LH,34,451.125000,P1,5,34,361.333333
LH,46,451.125000,P1,5,46,361.333333
LH,58,451.125000,P1,1,58,361.333333
RH,70,451.125000,P1,1,70,361.333333
LH,35,451.333333,P1,5,35,361.666667
LH,47,451.333333,P1,5,47,361.666667
LH,59,451.333333,P1,1,59,361.666667
RH,71,451.333333,P1,1,71,361.666667
LH,37,451.500000,P1,5,37,362.000000
LH,49,451.500000,P1,5,49,362.000000
RH,61,451.500000,P1,1,61,362.000000
RH,73,451.500000,P1,1,73,362.000000
LH,38,451.875000,P1,5,38,362.333333
LH,50,451.875000,P1,5,50,362.333333
RH,62,451.875000,P1,1,62,362.333333
RH,74,451.875000,P1,1,74,362.333333
LH,40,452.125000,P1,5,40,362.666667
LH,52,452.125000,P1,5,52,362.666667
RH,64,452.125000,P1,1,64,362.666667
RH,76,452.125000,P1,1,76,362.666667
LH,38,452.375000,P1,5,38,363.000000
LH,42,452.375000,P1,6,42,363.000000
LH,50,452.375000,P1,5,50,363.000000
RH,62,452.375000,P1,1,62,363.000000
RH,66,452.375000,P1,2,66,363.000000
RH,74,452.375000,P1,1,74,363.000000
LH,37,452.666667,P1,5,37,363.333333
LH,49,452.666667,P1,5,49,363.333333
RH,61,452.666667,P1,1,61,363.333333
RH,73,452.666667,P1,1,73,363.333333
LH,35,453.000000,P1,5,35,363.666667
LH,47,453.000000,P1,5,47,363.666667
LH,59,453.000000,P1,1,59,363.666667
RH,71,453.000000,P1,1,71,363.666667
LH,34,453.125000,P1,5,34,364.000000
LH,46,453.125000,P1,5,46,364.000000
LH,58,453.125000,P1,1,58,364.000000
RH,70,453.125000,P1,1,70,364.000000
LH,35,453.375000,P1,5,35,364.333333
LH,47,453.375000,P1,5,47,364.333333
LH,59,453.375000,P1,1,59,364.333333
RH,71,453.375000,P1,1,71,364.333333
LH,37,453.666667,P1,5,37,364.666667
LH,49,453.666667,P1,5,49,364.666667
RH,61,453.666667,P1,1,61,364.666667
RH,73,453.666667,P1,1,73,364.666667
LH,38,454.000000,P1,5,38,365.000000
LH,46,454.000000,P1,6,46,365.000000
LH,50,454.000000,P1,5,50,365.000000
RH,62,454.000000,P1,1,62,365.000000
RH,70,454.000000,P1,2,70,365.000000
RH,74,454.000000,P1,1,74,365.000000
LH,37,454.500000,P1,5,37,365.333333
LH,49,454.500000,P1,5,49,365.333333
RH,61,454.500000,P1,1,61,365.333333
RH,73,454.500000,P1,1,73,365.333333
LH,38,454.750000,P1,5,38,365.666667
LH,50,454.750000,P1,5,50,365.666667
RH,62,454.750000,P1,1,62,365.666667
RH,74,454.750000,P1,1,74,365.666667
LH,40,455.000000,P1,5,40,366.000000
LH,52,455.000000,P1,5,52,366.000000
RH,64,455.000000,P1,1,64,366.000000
RH,76,455.000000,P1,1,76,366.000000
LH,41,455.250000,P1,5,41,366.333333
LH,53,455.250000,P1,5,53,366.333333
RH,65,455.250000,P1,1,65,366.333333
RH,77,455.250000,P1,1,77,366.333333
LH,43,455.500000,P1,5,43,366.666667
LH,55,455.500000,P1,5,55,366.666667
RH,67,455.500000,P1,1,67,366.666667
RH,79,455.500000,P1,1,79,366.666667
LH,41,455.750000,P1,5,41,367.000000
LH,45,455.750000,P1,6,45,367.000000
LH,53,455.750000,P1,5,53,367.000000
RH,65,455.750000,P1,1,65,367.000000
RH,69,455.750000,P1,2,69,367.000000
RH,77,455.750000,P1,1,77,367.000000
LH,40,456.125000,P1,5,40,367.333333
LH,52,456.125000,P1,5,52,367.333333
RH,64,456.125000,P1,1,64,367.333333
RH,76,456.125000,P1,1,76,367.333333
LH,38,456.333333,P1,5,38,367.666667
LH,50,456.333333,P1,5,50,367.666667
RH,62,456.333333,P1,1,62,367.666667
RH,74,456.333333,P1,1,74,367.666667
LH,37,456.500000,P1,5,37,368.000000
LH,49,456.500000,P1,5,49,368.000000
RH,61,456.500000,P1,1,61,368.000000
RH,73,456.500000,P1,1,73,368.000000
LH,38,456.750000,P1,5,38,368.333333
LH,50,456.750000,P1,5,50,368.333333
RH,62,456.750000,P1,1,62,368.333333
RH,74,456.750000,P1,1,74,368.333333
LH,40,457.000000,P1,5,40,368.666667
LH,52,457.000000,P1,5,52,368.666667
RH,64,457.000000,P1,1,64,368.666667
RH,76,457.000000,P1,1,76,368.666667
LH,38,457.333333,P1,5,38,369.000000
LH,46,457.333333,P1,6,46,369.000000
LH,50,457.333333,P1,5,50,369.000000
RH,62,457.333333,P1,1,62,369.000000
RH,70,457.333333,P1,2,70,369.000000
RH,74,457.333333,P1,1,74,369.000000
LH,37,457.750000,P1,5,37,369.333333
LH,49,457.750000,P1,5,49,369.333333
RH,61,457.750000,P1,1,61,369.333333
RH,73,457.750000,P1,1,73,369.333333
LH,38,458.000000,P1,5,38,369.666667
LH,50,458.000000,P1,5,50,369.666667
RH,62,458.000000,P1,1,62,369.666667
RH,74,458.000000,P1,1,74,369.666667
LH,40,458.250000,P1,5,40,370.000000
LH,52,458.250000,P1,5,52,370.000000
RH,64,458.250000,P1,1,64,370.000000
RH,76,458.250000,P1,1,76,370.000000
LH,41,458.500000,P1,5,41,370.333333
LH,53,458.500000,P1,5,53,370.333333
RH,65,458.500000,P1,1,65,370.333333
RH,77,458.500000,P1,1,77,370.333333
LH,55,458.666667,P1,5,55,370.666667
RH,67,458.666667,P1,1,67,370.666667
RH,79,458.666667,P1,1,79,370.666667
LH,43,458.750000,P1,5,43,370.666667
LH,45,459.000000,P1,6,45,371.000000
LH,53,459.000000,P1,5,53,371.000000
RH,65,459.000000,P1,1,65,371.000000
RH,69,459.000000,P1,2,69,371.000000
RH,77,459.000000,P1,1,77,371.000000
LH,41,459.125000,P1,5,41,371.000000
LH,40,459.250000,P1,5,40,371.333333
LH,52,459.250000,P1,5,52,371.333333
RH,64,459.250000,P1,1,64,371.333333
RH,76,459.250000,P1,1,76,371.333333
LH,38,459.500000,P1,5,38,371.666667
LH,50,459.500000,P1,5,50,371.666667
RH,62,459.500000,P1,1,62,371.666667
RH,74,459.500000,P1,1,74,371.666667
LH,41,459.750000,P1,5,41,372.000000
LH,49,459.750000,P1,8,49,372.000000
LH,53,459.750000,P1,5,53,372.000000
RH,65,459.750000,P1,1,65,372.000000
RH,73,459.750000,P1,4,73,372.000000
RH,77,459.750000,P1,1,77,372.000000
LH,43,460.000000,P1,5,43,372.333333
LH,55,460.000000,P1,5,55,372.333333
RH,67,460.000000,P1,1,67,372.333333
RH,79,460.000000,P1,1,79,372.333333
LH,46,460.250000,P1,5,46,372.666667
LH,58,460.250000,P1,5,58,372.666667
RH,70,460.250000,P1,1,70,372.666667
RH,82,460.250000,P1,1,82,372.666667
LH,44,460.500000,P1,5,44,373.000000
LH,56,460.500000,P1,5,56,373.000000
RH,68,460.500000,P1,1,68,373.000000
RH,72,460.500000,P1,2,72,373.000000
RH,80,460.500000,P1,1,80,373.000000
LH,48,460.625000,P1,6,48,373.000000
LH,43,460.750000,P1,5,43,373.333333
LH,55,460.750000,P1,5,55,373.333333
RH,67,460.750000,P1,1,67,373.333333
RH,79,460.750000,P1,1,79,373.333333
LH,53,461.000000,P1,5,53,373.666667
RH,65,461.000000,P1,1,65,373.666667
RH,77,461.125000,P1,1,77,373.666667
LH,44,461.333333,P1,5,44,374.000000
LH,52,461.333333,P1,6,52,374.000000
LH,56,461.333333,P1,5,56,374.000000
RH,68,461.333333,P1,1,68,374.000000
RH,76,461.333333,P1,2,76,374.000000
RH,80,461.375000,P1,1,80,374.000000
LH,46,461.625000,P1,5,46,374.333333
LH,58,461.625000,P1,5,58,374.333333
RH,70,461.625000,P1,1,70,374.333333
RH,82,461.625000,P1,1,82,374.333333
LH,49,461.875000,P1,5,49,374.666667
RH,61,461.875000,P1,5,61,374.666667
RH,85,461.875000,P1,1,85,374.666667
LH,47,462.125000,P1,5,47,375.000000
LH,51,462.125000,P1,6,51,375.000000
LH,59,462.125000,P1,5,59,375.000000
RH,71,462.125000,P1,1,71,375.000000
RH,83,462.125000,P1,1,83,375.000000
LH,46,462.333333,P1,5,46,375.333333
LH,58,462.333333,P1,5,58,375.333333
RH,70,462.333333,P1,1,70,375.333333
RH,82,462.333333,P1,1,82,375.333333
LH,44,462.625000,P1,5,44,375.666667
LH,56,462.625000,P1,5,56,375.666667
RH,68,462.625000,P1,1,68,375.666667
RH,80,462.625000,P1,1,80,375.666667
LH,47,462.875000,P1,5,47,376.000000
LH,55,462.875000,P1,6,55,376.000000
LH,59,462.875000,P1,5,59,376.000000
RH,71,462.875000,P1,1,71,376.000000
RH,79,462.875000,P1,2,79,376.000000
RH,83,462.875000,P1,1,83,376.000000
LH,49,463.125000,P1,5,49,376.333333
RH,61,463.125000,P1,5,61,376.333333
RH,73,463.125000,P1,1,73,376.333333
RH,85,463.125000,P1,1,85,376.333333
LH,52,463.375000,P1,5,52,376.666667
RH,64,463.375000,P1,5,64,376.666667
RH,76,463.375000,P1,1,76,376.666667
RH,88,463.375000,P1,1,88,376.666667
LH,50,463.666667,P1,5,50,377.000000
LH,54,463.666667,P1,6,54,377.000000
RH,62,463.666667,P1,5,62,377.000000
RH,74,463.666667,P1,1,74,377.000000
RH,78,463.666667,P1,2,78,377.000000
RH,86,463.666667,P1,1,86,377.000000
LH,49,464.000000,P1,5,49,377.333333
RH,61,464.000000,P1,5,61,377.333333
RH,73,464.000000,P1,1,73,377.333333
RH,85,464.000000,P1,1,85,377.333333
LH,47,464.333333,P1,5,47,377.666667
LH,59,464.333333,P1,5,59,377.666667
RH,71,464.333333,P1,1,71,377.666667
RH,83,464.333333,P1,1,83,377.666667
LH,46,464.666667,P1,5,46,378.000000
LH,58,464.666667,P1,5,58,378.000000
RH,70,464.666667,P1,1,70,378.000000
RH,74,464.666667,P1,1,74,378.000000
RH,77,464.666667,P1,1,77,378.000000
RH,82,464.666667,P1,1,82,378.000000
LH,44,465.125000,P1,5,44,378.333333
LH,56,465.125000,P1,5,56,378.333333
RH,71,465.125000,P1,1,71,378.333333
RH,83,465.125000,P1,1,83,378.333333
LH,41,465.500000,P1,5,41,378.666667
LH,53,465.500000,P1,5,53,378.666667
RH,74,465.500000,P1,1,74,378.666667
RH,86,465.500000,P1,1,86,378.666667
LH,38,465.750000,P1,5,38,379.000000
LH,50,465.750000,P1,5,50,379.000000
LH,37,466.125000,P1,5,37,379.333333
LH,49,466.125000,P1,5,49,379.333333
RH,82,466.125000,P1,1,82,379.333333
RH,94,466.125000,P1,1,94,379.333333
LH,35,466.375000,P1,5,35,379.666667
LH,47,466.375000,P1,5,47,379.666667
RH,83,466.375000,P1,1,83,379.666667
RH,95,466.375000,P1,1,95,379.666667
LH,33,466.666667,P1,5,33,380.000000
LH,45,466.666667,P1,5,45,380.000000
RH,83,466.666667,P1,1,83,380.000000
RH,95,466.666667,P1,1,95,380.000000
LH,32,467.125000,P1,5,32,380.333333
LH,44,467.125000,P1,5,44,380.333333
RH,83,467.125000,P1,1,83,380.333333
RH,95,467.125000,P1,1,95,380.333333
LH,31,467.500000,P1,5,31,380.666667
LH,43,467.500000,P1,5,43,380.666667
RH,83,467.500000,P1,1,83,380.666667
RH,95,467.500000,P1,1,95,380.666667
LH,30,468.125000,P1,5,30,381.000000
LH,42,468.125000,P1,5,42,381.000000
RH,83,468.125000,P1,1,83,381.000000
RH,86,468.125000,P1,2,86,381.000000
RH,90,468.125000,P1,2,90,381.000000
RH,95,468.125000,P1,1,95,381.000000
LH,34,468.750000,P1,5,34,381.333333
LH,46,468.750000,P1,5,46,381.333333
RH,82,468.750000,P1,1,82,381.333333
RH,94,468.750000,P1,1,94,381.333333
LH,35,469.250000,P1,5,35,381.666667
LH,47,469.250000,P1,5,47,381.666667
RH,83,469.250000,P1,1,83,381.666667
RH,95,469.250000,P1,1,95,381.666667
LH,36,469.500000,P1,5,36,382.000000
LH,48,469.500000,P1,5,48,382.000000
RH,82,469.500000,P1,1,82,382.000000
RH,94,469.500000,P1,1,94,382.000000
LH,37,469.875000,P1,5,37,382.333333
LH,49,469.875000,P1,5,49,382.333333
RH,81,469.875000,P1,1,81,382.333333
RH,93,469.875000,P1,1,93,382.333333
LH,38,470.125000,P1,5,38,382.666667
LH,50,470.125000,P1,5,50,382.666667
RH,80,470.125000,P1,1,80,382.666667
RH,92,470.125000,P1,1,92,382.666667
LH,37,470.375000,P1,5,37,383.000000
LH,49,470.375000,P1,5,49,383.000000
RH,81,470.375000,P1,1,81,383.000000
RH,88,470.375000,P1,2,88,383.000000
RH,93,470.375000,P1,1,93,383.000000
LH,36,470.750000,P1,5,36,383.333333
LH,48,470.750000,P1,5,48,383.333333
RH,80,470.750000,P1,1,80,383.333333
RH,92,470.750000,P1,1,92,383.333333
LH,37,471.000000,P1,5,37,383.666667
LH,49,471.000000,P1,5,49,383.666667
RH,81,471.000000,P1,1,81,383.666667
RH,93,471.000000,P1,1,93,383.666667
LH,38,471.333333,P1,5,38,384.000000
LH,50,471.333333,P1,5,50,384.000000
RH,80,471.333333,P1,1,80,384.000000
RH,92,471.333333,P1,1,92,384.000000
LH,39,471.625000,P1,5,39,384.333333
LH,51,471.625000,P1,5,51,384.333333
RH,79,471.625000,P1,1,79,384.333333
RH,91,471.625000,P1,1,91,384.333333
LH,40,471.875000,P1,5,40,384.666667
LH,52,471.875000,P1,5,52,384.666667
RH,78,471.875000,P1,1,78,384.666667
RH,90,471.875000,P1,1,90,384.666667
LH,39,472.125000,P1,5,39,385.000000
LH,51,472.125000,P1,5,51,385.000000
RH,79,472.125000,P1,1,79,385.000000
RH,82,472.125000,P1,2,82,385.000000
RH,85,472.125000,P1,2,85,385.000000
RH,91,472.125000,P1,1,91,385.000000
LH,38,472.500000,P1,5,38,385.333333
LH,50,472.500000,P1,5,50,385.333333
RH,78,472.500000,P1,1,78,385.333333
RH,90,472.500000,P1,1,90,385.333333
LH,39,472.666667,P1,5,39,385.666667
LH,51,472.666667,P1,5,51,385.666667
RH,79,472.666667,P1,1,79,385.666667
RH,91,472.666667,P1,1,91,385.666667
LH,40,472.875000,P1,5,40,386.000000
LH,52,472.875000,P1,5,52,386.000000
RH,78,472.875000,P1,1,78,386.000000
RH,90,472.875000,P1,1,90,386.000000
LH,41,473.250000,P1,5,41,386.333333
LH,53,473.250000,P1,5,53,386.333333
RH,77,473.250000,P1,1,77,386.333333
RH,89,473.250000,P1,1,89,386.333333
LH,42,473.500000,P1,5,42,386.666667
LH,54,473.500000,P1,5,54,386.666667
RH,76,473.500000,P1,1,76,386.666667
RH,88,473.500000,P1,1,88,386.666667
LH,41,473.666667,P1,5,41,387.000000
LH,53,473.666667,P1,5,53,387.000000
RH,77,473.666667,P1,1,77,387.000000
RH,82,473.666667,P1,2,82,387.000000
RH,85,473.666667,P1,3,85,387.000000
RH,89,473.666667,P1,1,89,387.000000
LH,40,474.000000,P1,5,40,387.333333
LH,52,474.000000,P1,5,52,387.333333
RH,76,474.000000,P1,1,76,387.333333
RH,88,474.000000,P1,1,88,387.333333
LH,41,474.250000,P1,5,41,387.666667
LH,53,474.250000,P1,5,53,387.666667
RH,76,474.250000,P1,1,76,388.000000
RH,77,474.250000,P1,1,77,387.666667
RH,88,474.250000,P1,1,88,388.000000
LH,42,474.500000,P1,5,42,388.000000
LH,54,474.500000,P1,5,54,388.000000
LH,43,474.750000,P1,5,43,388.333333
LH,55,474.750000,P1,5,55,388.333333
LH,44,475.000000,P1,5,44,388.666667
LH,56,475.000000,P1,5,56,388.666667
RH,86,475.000000,P1,1,86,388.666667
LH,43,475.250000,P1,5,43,389.000000
LH,55,475.250000,P1,5,55,389.000000
RH,76,475.250000,P1,1,76,389.000000
RH,82,475.250000,P1,2,82,389.000000
RH,85,475.250000,P1,3,85,389.000000
RH,88,475.250000,P1,1,88,389.000000
LH,42,475.625000,P1,5,42,389.333333
LH,54,475.625000,P1,5,54,389.333333
RH,75,475.625000,P1,1,75,389.333333
RH,87,475.625000,P1,1,87,389.333333
LH,43,475.750000,P1,5,43,389.666667
LH,55,475.750000,P1,5,55,389.666667
RH,76,475.750000,P1,1,76,389.666667
RH,88,475.750000,P1,1,88,389.666667
LH,44,476.000000,P1,5,44,390.000000
LH,56,476.000000,P1,5,56,390.000000
RH,75,476.000000,P1,1,75,390.000000
RH,87,476.000000,P1,1,87,390.000000
LH,45,476.250000,P1,5,45,390.333333
LH,57,476.250000,P1,5,57,390.333333
RH,74,476.250000,P1,1,74,390.333333
RH,86,476.250000,P1,1,86,390.333333
LH,46,476.500000,P1,5,46,390.666667
LH,58,476.500000,P1,5,58,390.666667
RH,73,476.500000,P1,1,73,390.666667
RH,85,476.500000,P1,1,85,390.666667
LH,47,476.750000,P1,5,47,391.000000
LH,59,476.750000,P1,5,59,391.000000
RH,74,476.750000,P1,1,74,391.000000
RH,77,476.750000,P1,2,77,391.000000
RH,80,476.750000,P1,2,80,391.000000
RH,86,476.750000,P1,1,86,391.000000
LH,46,477.000000,P1,5,46,391.333333
LH,58,477.000000,P1,5,58,391.333333
RH,73,477.000000,P1,1,73,391.333333
RH,85,477.125000,P1,1,85,391.333333
LH,47,477.333333,P1,5,47,391.666667
LH,59,477.333333,P1,5,59,391.666667
RH,74,477.333333,P1,1,74,391.666667
RH,86,477.333333,P1,1,86,391.666667
LH,48,477.625000,P1,5,48,392.000000
RH,60,477.625000,P1,5,60,392.000000
RH,73,477.625000,P1,1,73,392.000000
RH,85,477.625000,P1,1,85,392.000000
LH,49,477.875000,P1,5,49,392.333333
RH,61,477.875000,P1,5,61,392.333333
RH,72,477.875000,P1,1,72,392.333333
RH,84,477.875000,P1,1,84,392.333333
LH,50,478.125000,P1,5,50,392.666667
RH,62,478.125000,P1,5,62,392.666667
RH,72,478.125000,P1,1,72,392.333333
RH,83,478.125000,P1,1,83,392.666667
LH,54,478.625000,P1,5,54,393.000000
RH,61,478.625000,P1,5,61,393.000000
RH,66,478.625000,P1,5,66,393.000000
RH,71,478.625000,P1,1,71,393.000000
RH,73,478.625000,P1,1,73,393.000000
RH,78,478.625000,P1,1,78,393.000000
RH,83,478.625000,P1,1,83,393.000000
LH,42,480.750000,P1,5,42,395.000000
LH,49,480.750000,P1,5,49,395.000000
LH,54,480.750000,P1,5,54,395.000000
RH,70,480.750000,P1,1,70,395.000000
RH,73,480.750000,P1,1,73,395.000000
RH,78,480.750000,P1,1,78,395.000000
RH,82,480.750000,P1,1,82,395.000000
RH,71,483.500000,P1,1,71,397.000000
RH,74,483.500000,P1,1,74,397.000000
RH,78,483.500000,P1,1,78,397.000000
RH,83,483.500000,P1,1,83,397.000000
