hand,pitch,onset_ql,reference_part,reference_voice,reference_pitch,reference_onset_ql
RH,67,2.125000,P1,1,67,0.000000
RH,79,5.125000,P1,1,79,1.000000
RH,64,6.375000,P1,5,64,1.500000
RH,79,6.375000,P1,1,79,1.500000
RH,72,7.125000,P1,2,72,1.750000
RH,64,7.666667,P1,5,64,2.000000
RH,79,7.666667,P1,1,79,2.000000
RH,72,8.250000,P1,2,72,2.250000
RH,62,8.875000,P1,5,62,2.500000
RH,79,8.875000,P1,1,79,2.500000
RH,72,9.500000,P1,2,72,2.750000
RH,62,10.000000,P1,5,62,3.000000
RH,79,10.000000,P1,1,79,3.000000
RH,72,10.500000,P1,2,72,3.250000
RH,70,10.625000,P1,2,70,3.250000
RH,60,11.125000,P1,5,60,3.500000
RH,70,11.750000,P1,2,70,3.750000
RH,79,13.750000,P1,1,79,4.500000
LH,50,16.250000,P1,5,50,5.500000
RH,76,16.250000,P1,1,76,5.500000
RH,60,16.750000,P1,5,60,5.750000
RH,69,16.750000,P1,2,69,5.750000
RH,72,16.750000,P1,2,72,5.750000
RH,76,17.250000,P1,1,76,6.000000
LH,43,17.333333,P1,5,43,6.000000
RH,71,17.750000,P1,2,71,6.250000
LH,55,17.875000,P1,5,55,6.250000
RH,67,17.875000,P1,2,67,6.250000
LH,53,18.375000,P1,5,53,6.500000
LH,59,18.375000,P1,5,59,6.500000
RH,67,18.875000,P1,2,67,6.750000
LH,48,20.500000,P1,5,48,7.500000
RH,64,20.666667,P1,2,64,7.500000
RH,76,20.666667,P1,1,76,7.500000
LH,55,21.250000,P1,5,55,7.750000
RH,67,21.250000,P1,2,67,7.750000
RH,72,21.250000,P1,2,72,7.750000
RH,60,21.750000,P1,5,60,8.000000
RH,64,21.750000,P1,2,64,8.000000
RH,65,22.250000,P1,2,65,8.250000
RH,72,22.250000,P1,2,72,8.250000
LH,57,22.333333,P1,5,57,8.250000
LH,55,22.750000,P1,5,55,8.500000
RH,64,22.750000,P1,2,64,8.500000
RH,67,23.375000,P1,2,67,8.750000
RH,72,23.375000,P1,2,72,8.750000
RH,64,26.750000,P1,5,64,10.000000
RH,79,26.750000,P1,1,79,10.000000
RH,70,27.333333,P1,2,70,10.250000
RH,72,27.333333,P1,2,72,10.250000
RH,79,28.125000,P1,1,79,10.500000
LH,57,29.250000,P1,5,57,11.000000
RH,77,29.250000,P1,1,77,11.000000
RH,60,29.750000,P1,5,60,11.250000
RH,69,29.750000,P1,2,69,11.250000
RH,72,29.750000,P1,2,72,11.250000
LH,50,30.250000,P1,5,50,11.500000
RH,76,30.250000,P1,1,76,11.500000
RH,60,30.750000,P1,5,60,11.750000
RH,69,30.750000,P1,2,69,11.750000
RH,72,30.750000,P1,2,72,11.750000
LH,43,31.375000,P1,5,43,12.000000
RH,76,31.375000,P1,1,76,12.000000
LH,55,32.000000,P1,5,55,12.250000
RH,67,32.000000,P1,2,67,12.250000
RH,71,32.000000,P1,2,71,12.250000
LH,53,32.500000,P1,5,53,12.500000
LH,59,32.500000,P1,5,59,12.500000
RH,74,32.500000,P1,1,74,12.500000
LH,55,33.000000,P1,5,55,12.750000
RH,67,33.000000,P1,2,67,12.750000
RH,71,33.000000,P1,2,71,12.750000
LH,55,34.125000,P1,5,55,13.250000
RH,64,34.875000,P1,2,64,13.500000
RH,76,34.875000,P1,1,76,13.500000
LH,55,35.375000,P1,5,55,13.750000
RH,67,35.375000,P1,2,67,13.750000
RH,72,35.375000,P1,2,72,13.750000
RH,60,36.000000,P1,5,60,14.000000
RH,64,36.000000,P1,2,64,14.000000
RH,76,38.500000,P1,1,76,15.000000
LH,55,39.125000,P1,5,55,15.250000
RH,67,39.125000,P1,2,67,15.250000
RH,71,39.125000,P1,2,71,15.250000
LH,53,39.666667,P1,5,53,15.500000
LH,59,39.666667,P1,5,59,15.500000
RH,74,39.666667,P1,1,74,15.500000
LH,55,40.250000,P1,5,55,15.750000
RH,67,40.250000,P1,2,67,15.750000
RH,71,40.250000,P1,2,71,15.750000
LH,52,40.750000,P1,5,52,16.000000
RH,72,40.750000,P1,1,72,16.000000
LH,55,41.375000,P1,5,55,16.250000
RH,67,41.375000,P1,2,67,16.250000
LH,48,42.000000,P1,5,48,16.500000
RH,64,42.000000,P1,2,64,16.500000
RH,76,42.000000,P1,1,76,16.500000
LH,55,42.666667,P1,5,55,16.750000
RH,67,42.666667,P1,2,67,16.750000
RH,72,42.666667,P1,2,72,16.750000
RH,60,43.250000,P1,5,60,17.000000
RH,64,43.250000,P1,2,64,17.000000
LH,57,43.750000,P1,5,57,17.250000
RH,65,43.750000,P1,2,65,17.250000
RH,72,43.750000,P1,2,72,17.250000
RH,64,44.333333,P1,2,64,17.500000
LH,55,44.375000,P1,5,55,17.500000
RH,67,44.875000,P1,2,67,17.750000
RH,72,44.875000,P1,2,72,17.750000
RH,60,45.500000,P1,6,60,18.000000
RH,64,45.500000,P1,2,64,18.000000
LH,55,51.125000,P1,5,55,19.500000
RH,64,51.125000,P1,2,64,19.500000
LH,41,63.250000,P1,5,41,22.500000
LH,53,67.125000,P1,5,53,24.000000
RH,76,67.125000,P1,1,76,24.000000
RH,67,68.125000,P1,5,67,24.500000
RH,70,68.125000,P1,1,70,24.500000
RH,61,68.250000,P1,5,61,24.500000
RH,64,68.250000,P1,5,64,24.500000
RH,73,69.125000,P1,1,73,25.000000
LH,58,69.250000,P1,5,58,25.000000
RH,61,69.250000,P1,5,61,25.000000
RH,64,69.250000,P1,5,64,25.000000
LH,41,70.250000,P1,5,41,25.500000
RH,68,71.333333,P1,5,68,26.000000
RH,72,71.333333,P1,1,72,26.000000
RH,60,71.375000,P1,5,60,26.000000
RH,77,72.333333,P1,1,77,26.500000
LH,56,72.375000,P1,5,56,26.500000
RH,65,72.375000,P1,5,65,26.500000
LH,53,73.250000,P1,5,53,27.000000
RH,76,73.250000,P1,1,76,27.000000
RH,67,74.333333,P1,5,67,27.500000
RH,70,74.333333,P1,1,70,27.500000
RH,61,74.375000,P1,5,61,27.500000
RH,64,74.375000,P1,5,64,27.500000
RH,73,75.333333,P1,1,73,28.000000
LH,58,75.375000,P1,5,58,28.000000
RH,64,75.375000,P1,5,64,28.000000
RH,72,78.625000,P1,1,72,29.500000
RH,73,79.000000,P1,1,73,29.750000
LH,51,79.500000,P1,5,51,30.000000
RH,75,79.500000,P1,1,75,30.000000
RH,60,80.500000,P1,5,60,30.500000
RH,68,80.500000,P1,5,68,30.500000
RH,75,80.500000,P1,1,75,30.500000
LH,51,81.500000,P1,5,51,31.000000
LH,39,82.625000,P1,5,39,31.500000
RH,75,82.750000,P1,1,75,31.500000
RH,63,85.000000,P1,5,63,32.500000
RH,70,85.000000,P1,1,70,32.500000
RH,72,85.375000,P1,1,72,32.750000
LH,44,86.000000,P1,5,44,33.000000
RH,68,86.000000,P1,1,68,33.000000
LH,51,88.250000,P1,5,51,34.000000
RH,60,88.250000,P1,5,60,34.000000
RH,65,89.250000,P1,5,65,34.500000
LH,56,89.333333,P1,5,56,34.500000
RH,60,89.333333,P1,5,60,34.500000
LH,56,90.375000,P1,5,56,35.000000
LH,32,92.875000,P1,5,32,36.000000
LH,56,96.125000,P1,5,56,37.500000
RH,79,96.125000,P1,1,79,37.500000
RH,64,97.125000,P1,5,64,38.000000
RH,67,97.125000,P1,5,67,38.000000
RH,70,97.125000,P1,5,70,38.000000
RH,73,97.125000,P1,1,73,38.000000
RH,67,98.000000,P1,5,67,38.500000
RH,76,98.000000,P1,1,76,38.500000
RH,61,98.125000,P1,5,61,38.500000
RH,64,98.125000,P1,5,64,38.500000
LH,44,99.000000,P1,5,44,39.000000
RH,72,100.000000,P1,5,72,39.500000
RH,75,100.000000,P1,1,75,39.500000
RH,63,100.125000,P1,5,63,39.500000
RH,68,100.125000,P1,5,68,39.500000
RH,60,101.000000,P1,5,60,40.000000
RH,68,101.000000,P1,5,68,40.000000
RH,80,101.000000,P1,1,80,40.000000
LH,56,101.875000,P1,5,56,40.500000
RH,79,101.875000,P1,1,79,40.500000
RH,64,102.875000,P1,5,64,41.000000
RH,70,102.875000,P1,5,70,41.000000
RH,73,102.875000,P1,1,73,41.000000
RH,67,103.000000,P1,5,67,41.000000
LH,58,104.000000,P1,5,58,41.500000
RH,61,104.000000,P1,5,61,41.500000
RH,67,104.000000,P1,5,67,41.500000
RH,76,104.000000,P1,1,76,41.500000
LH,44,105.000000,P1,5,44,42.000000
RH,60,107.125000,P1,5,60,43.000000
RH,68,107.125000,P1,5,68,43.000000
RH,75,107.125000,P1,1,75,43.000000
RH,77,107.500000,P1,1,77,43.250000
LH,39,108.000000,P1,5,39,43.500000
RH,78,108.000000,P1,1,78,43.500000
RH,70,108.875000,P1,5,70,44.000000
RH,78,108.875000,P1,1,78,44.000000
RH,63,109.000000,P1,5,63,44.000000
RH,66,109.000000,P1,5,66,44.000000
LH,58,109.875000,P1,5,58,44.500000
RH,63,110.000000,P1,5,63,44.500000
LH,41,111.000000,P1,5,41,45.000000
RH,78,111.125000,P1,1,78,45.000000
LH,57,113.375000,P1,5,57,46.000000
RH,63,113.375000,P1,5,63,46.000000
RH,65,113.375000,P1,5,65,46.000000
RH,73,113.875000,P1,1,73,46.250000
LH,46,114.375000,P1,5,46,46.500000
RH,70,114.500000,P1,1,70,46.500000
RH,65,115.625000,P1,5,65,47.000000
LH,58,115.666667,P1,5,58,47.000000
RH,61,115.666667,P1,5,61,47.000000
LH,53,116.666667,P1,5,53,47.500000
LH,58,116.666667,P1,5,58,47.500000
RH,61,116.666667,P1,5,61,47.500000
LH,42,117.875000,P1,5,42,48.000000
RH,61,120.000000,P1,5,61,49.000000
RH,73,120.000000,P1,1,73,49.000000
RH,75,120.375000,P1,1,75,49.250000
LH,37,120.875000,P1,5,37,49.500000
RH,77,120.875000,P1,1,77,49.500000
RH,77,121.875000,P1,1,77,50.000000
LH,56,122.000000,P1,5,56,50.000000
RH,61,122.000000,P1,5,61,50.000000
RH,65,122.000000,P1,5,65,50.000000
LH,53,122.875000,P1,5,53,50.500000
LH,56,122.875000,P1,5,56,50.500000
RH,61,122.875000,P1,5,61,50.500000
RH,77,122.875000,P1,1,77,50.500000
LH,39,123.875000,P1,5,39,51.000000
RH,77,124.125000,P1,1,77,51.000000
RH,70,125.750000,P1,1,70,51.750000
LH,54,126.125000,P1,5,54,52.000000
LH,58,126.125000,P1,5,58,52.000000
RH,63,126.125000,P1,5,63,52.000000
RH,73,126.125000,P1,1,73,52.000000
RH,72,126.625000,P1,1,72,52.250000
LH,41,127.250000,P1,5,41,52.500000
RH,69,127.250000,P1,1,69,52.500000
LH,53,130.500000,P1,5,53,54.000000
RH,76,130.500000,P1,1,76,54.000000
RH,64,131.500000,P1,5,64,54.500000
RH,67,131.500000,P1,5,67,54.500000
RH,70,131.500000,P1,1,70,54.500000
RH,61,131.625000,P1,5,61,54.500000
LH,58,132.375000,P1,5,58,55.000000
RH,64,132.375000,P1,5,64,55.000000
RH,73,132.375000,P1,1,73,55.000000
RH,61,132.500000,P1,5,61,55.000000
LH,41,133.375000,P1,5,41,55.500000
RH,72,134.375000,P1,1,72,56.000000
RH,65,135.333333,P1,5,65,56.500000
RH,77,135.333333,P1,1,77,56.500000
LH,57,135.375000,P1,5,57,56.500000
LH,53,136.250000,P1,5,53,57.000000
RH,76,136.250000,P1,1,76,57.000000
RH,61,137.250000,P1,5,61,57.500000
RH,64,137.250000,P1,5,64,57.500000
RH,67,137.250000,P1,5,67,57.500000
RH,70,137.250000,P1,1,70,57.500000
LH,58,138.333333,P1,5,58,58.000000
RH,64,138.333333,P1,5,64,58.000000
LH,41,139.500000,P1,5,41,58.500000
RH,73,142.000000,P1,1,73,59.750000
LH,53,142.500000,P1,5,53,60.000000
RH,75,142.500000,P1,1,75,60.000000
RH,70,143.375000,P1,5,70,60.500000
RH,63,143.500000,P1,5,63,60.500000
RH,66,143.500000,P1,5,66,60.500000
LH,41,145.625000,P1,5,41,61.500000
RH,75,145.750000,P1,1,75,61.500000
LH,57,148.250000,P1,5,57,62.500000
RH,63,148.250000,P1,5,63,62.500000
RH,65,148.250000,P1,5,65,62.500000
RH,73,148.750000,P1,1,73,62.750000
LH,46,149.375000,P1,5,46,63.000000
RH,70,149.375000,P1,1,70,63.000000
LH,58,150.500000,P1,5,58,63.500000
RH,61,150.500000,P1,5,61,63.500000
RH,65,150.500000,P1,5,65,63.500000
LH,53,151.500000,P1,5,53,64.000000
LH,58,151.500000,P1,5,58,64.000000
RH,61,151.500000,P1,5,61,64.000000
LH,48,152.500000,P1,5,48,64.500000
RH,67,152.666667,P1,1,67,64.500000
LH,41,156.875000,P1,5,41,66.000000
LH,53,160.500000,P1,5,53,67.500000
RH,76,160.500000,P1,1,76,67.500000
RH,67,161.500000,P1,5,67,68.000000
RH,70,161.500000,P1,1,70,68.000000
RH,61,161.625000,P1,5,61,68.000000
RH,64,161.625000,P1,5,64,68.000000
LH,58,162.500000,P1,5,58,68.500000
RH,61,162.500000,P1,5,61,68.500000
RH,64,162.500000,P1,5,64,68.500000
RH,73,162.500000,P1,1,73,68.500000
LH,41,163.500000,P1,5,41,69.000000
RH,60,164.500000,P1,5,60,69.500000
RH,68,164.500000,P1,5,68,69.500000
RH,72,164.500000,P1,1,72,69.500000
RH,65,165.375000,P1,5,65,70.000000
RH,77,165.375000,P1,1,77,70.000000
LH,56,165.500000,P1,5,56,70.000000
LH,53,166.333333,P1,5,53,70.500000
RH,76,166.875000,P1,1,76,70.750000
RH,67,167.500000,P1,5,67,71.000000
RH,72,167.875000,P1,1,72,71.250000
LH,58,168.375000,P1,5,58,71.500000
RH,61,168.375000,P1,5,61,71.500000
RH,64,168.375000,P1,5,64,71.500000
RH,75,168.375000,P1,1,75,71.500000
RH,73,168.750000,P1,1,73,71.750000
LH,53,169.375000,P1,5,53,72.000000
RH,72,171.375000,P1,1,72,73.000000
RH,73,171.750000,P1,1,73,73.250000
LH,51,172.250000,P1,5,51,73.500000
RH,75,172.250000,P1,1,75,73.500000
RH,60,173.250000,P1,5,60,74.000000
RH,68,173.250000,P1,5,68,74.000000
RH,75,173.250000,P1,1,75,74.000000
LH,51,174.125000,P1,5,51,74.500000
RH,75,174.125000,P1,1,75,74.500000
LH,39,175.250000,P1,5,39,75.000000
RH,75,175.333333,P1,1,75,75.000000
RH,72,177.875000,P1,1,72,76.250000
LH,44,178.375000,P1,5,44,76.500000
RH,68,178.500000,P1,1,68,76.500000
LH,44,181.500000,P1,5,44,78.000000
LH,56,182.500000,P1,5,56,78.500000
RH,60,182.500000,P1,5,60,78.500000
LH,56,183.750000,P1,5,56,79.000000
LH,32,185.000000,P1,5,32,79.500000
LH,56,188.125000,P1,5,56,81.000000
RH,79,188.125000,P1,1,79,81.000000
RH,70,189.000000,P1,5,70,81.500000
RH,73,189.000000,P1,1,73,81.500000
RH,64,189.125000,P1,5,64,81.500000
RH,67,189.125000,P1,5,67,81.500000
RH,67,190.000000,P1,5,67,82.000000
RH,76,190.000000,P1,1,76,82.000000
RH,61,190.125000,P1,5,61,82.000000
RH,64,190.125000,P1,5,64,82.000000
LH,44,191.000000,P1,5,44,82.500000
RH,72,191.875000,P1,5,72,83.000000
RH,75,191.875000,P1,1,75,83.000000
RH,63,192.000000,P1,5,63,83.000000
RH,68,192.000000,P1,5,68,83.000000
RH,60,192.875000,P1,5,60,83.500000
RH,68,192.875000,P1,5,68,83.500000
RH,80,192.875000,P1,1,80,83.500000
RH,63,193.000000,P1,5,63,83.500000
LH,56,193.875000,P1,5,56,84.000000
RH,79,194.333333,P1,1,79,84.250000
RH,64,194.750000,P1,5,64,84.500000
RH,70,194.750000,P1,5,70,84.500000
RH,73,194.750000,P1,1,73,84.500000
RH,67,194.875000,P1,5,67,84.500000
RH,75,195.250000,P1,1,75,84.750000
LH,58,195.750000,P1,5,58,85.000000
RH,61,195.750000,P1,5,61,85.000000
RH,67,195.750000,P1,5,67,85.000000
RH,78,195.750000,P1,1,78,85.000000
LH,44,196.875000,P1,5,44,85.500000
RH,60,198.875000,P1,5,60,86.500000
RH,63,198.875000,P1,5,63,86.500000
RH,68,198.875000,P1,5,68,86.500000
RH,75,198.875000,P1,1,75,86.500000
RH,77,199.250000,P1,1,77,86.750000
LH,39,199.750000,P1,5,39,87.000000
RH,78,199.750000,P1,1,78,87.000000
RH,70,200.666667,P1,5,70,87.500000
RH,78,200.666667,P1,1,78,87.500000
RH,63,200.750000,P1,5,63,87.500000
RH,66,200.750000,P1,5,66,87.500000
RH,63,201.666667,P1,5,63,88.000000
LH,41,202.750000,P1,5,41,88.500000
RH,78,202.875000,P1,1,78,88.500000
LH,57,205.250000,P1,5,57,89.500000
RH,63,205.250000,P1,5,63,89.500000
RH,73,205.625000,P1,1,73,89.750000
LH,46,206.125000,P1,5,46,90.000000
RH,70,206.250000,P1,1,70,90.000000
RH,65,207.250000,P1,5,65,90.500000
RH,61,207.333333,P1,5,61,90.500000
LH,58,207.375000,P1,5,58,90.500000
LH,58,208.250000,P1,5,58,91.000000
RH,61,208.250000,P1,5,61,91.000000
LH,42,209.500000,P1,5,42,91.500000
RH,75,212.125000,P1,1,75,92.750000
LH,37,212.625000,P1,5,37,93.000000
RH,77,212.625000,P1,1,77,93.000000
RH,65,213.666667,P1,5,65,93.500000
RH,77,213.666667,P1,1,77,93.500000
LH,56,213.750000,P1,5,56,93.500000
RH,61,213.750000,P1,5,61,93.500000
LH,56,214.666667,P1,5,56,94.000000
RH,61,214.666667,P1,5,61,94.000000
LH,39,215.750000,P1,5,39,94.500000
RH,77,215.875000,P1,1,77,94.500000
RH,70,217.750000,P1,1,70,95.250000
LH,54,218.125000,P1,5,54,95.500000
LH,58,218.125000,P1,5,58,95.500000
RH,73,218.125000,P1,1,73,95.500000
RH,63,218.250000,P1,5,63,95.500000
RH,72,218.666667,P1,1,72,95.750000
LH,41,219.333333,P1,5,41,96.000000
RH,69,219.375000,P1,1,69,96.000000
LH,53,222.666667,P1,5,53,97.500000
RH,76,222.666667,P1,1,76,97.500000
RH,64,223.625000,P1,5,64,98.000000
RH,67,223.625000,P1,5,67,98.000000
RH,70,223.625000,P1,1,70,98.000000
RH,61,223.666667,P1,5,61,98.000000
LH,58,224.500000,P1,5,58,98.500000
RH,64,224.500000,P1,5,64,98.500000
RH,73,224.500000,P1,1,73,98.500000
LH,41,225.500000,P1,5,41,99.000000
RH,60,226.500000,P1,5,60,99.500000
RH,69,226.500000,P1,5,69,99.500000
RH,72,226.500000,P1,1,72,99.500000
RH,77,227.375000,P1,1,77,100.000000
LH,57,227.500000,P1,5,57,100.000000
RH,65,227.500000,P1,5,65,100.000000
LH,53,228.375000,P1,5,53,100.500000
RH,76,228.875000,P1,1,76,100.750000
RH,61,229.500000,P1,5,61,101.000000
RH,64,229.500000,P1,5,64,101.000000
RH,67,229.500000,P1,5,67,101.000000
RH,72,230.000000,P1,1,72,101.250000
LH,58,230.375000,P1,5,58,101.500000
RH,64,230.375000,P1,5,64,101.500000
RH,75,230.375000,P1,1,75,101.500000
RH,73,230.875000,P1,1,73,101.750000
LH,41,231.625000,P1,5,41,102.000000
RH,73,234.125000,P1,1,73,103.250000
LH,53,234.625000,P1,5,53,103.500000
RH,75,234.666667,P1,1,75,103.500000
RH,70,235.625000,P1,5,70,104.000000
RH,75,235.625000,P1,1,75,104.000000
RH,63,235.666667,P1,5,63,104.000000
RH,66,235.666667,P1,5,66,104.000000
RH,63,236.625000,P1,5,63,104.500000
LH,41,237.750000,P1,5,41,105.000000
RH,75,238.000000,P1,1,75,105.000000
LH,57,240.375000,P1,5,57,106.000000
RH,63,240.375000,P1,5,63,106.000000
RH,65,240.500000,P1,5,65,106.000000
RH,73,240.875000,P1,1,73,106.250000
LH,46,241.500000,P1,5,46,106.500000
RH,70,241.625000,P1,1,70,106.500000
LH,53,243.875000,P1,5,53,107.500000
RH,61,243.875000,P1,2,61,107.500000
LH,58,244.000000,P1,5,58,107.500000
RH,61,245.000000,P1,5,61,108.000000
RH,66,245.000000,P1,2,66,108.000000
LH,58,245.125000,P1,5,58,108.000000
RH,65,246.125000,P1,2,65,108.500000
LH,58,246.250000,P1,5,58,108.500000
RH,61,246.250000,P1,5,61,108.500000
LH,53,247.125000,P1,5,53,109.000000
RH,61,247.125000,P1,2,61,109.000000
LH,58,247.250000,P1,5,58,109.000000
LH,49,248.250000,P1,5,49,109.500000
LH,53,248.250000,P1,5,53,109.500000
LH,58,248.250000,P1,2,58,109.500000
LH,30,251.875000,P1,5,30,111.000000
LH,42,251.875000,P1,5,42,111.000000
LH,42,254.250000,P1,5,42,112.000000
LH,54,254.250000,P1,5,54,112.000000
RH,78,255.250000,P1,1,78,112.500000
LH,46,255.333333,P1,5,46,112.500000
LH,58,255.333333,P1,5,58,112.500000
RH,66,255.333333,P1,1,66,112.500000
RH,70,255.333333,P1,1,70,112.500000
LH,51,256.250000,P1,5,51,113.000000
LH,49,258.250000,P1,5,49,114.000000
RH,61,258.250000,P1,5,61,114.000000
RH,66,258.250000,P1,1,66,114.000000
RH,78,258.250000,P1,1,78,114.000000
RH,70,258.333333,P1,1,70,114.000000
LH,46,260.125000,P1,5,46,115.000000
LH,58,260.125000,P1,5,58,115.000000
LH,49,261.000000,P1,5,49,115.500000
RH,61,261.000000,P1,5,61,115.500000
LH,44,261.875000,P1,5,44,116.000000
LH,56,261.875000,P1,5,56,116.000000
LH,46,262.666667,P1,5,46,116.500000
LH,58,262.666667,P1,5,58,116.500000
LH,42,263.500000,P1,5,42,117.000000
LH,54,263.500000,P1,5,54,117.000000
LH,51,264.250000,P1,5,51,117.500000
LH,39,264.333333,P1,5,39,117.500000
LH,34,265.000000,P1,5,34,118.000000
LH,46,265.000000,P1,5,46,118.000000
LH,37,265.875000,P1,5,37,118.500000
LH,49,265.875000,P1,5,49,118.500000
RH,66,265.875000,P1,1,66,118.500000
RH,70,265.875000,P1,1,70,118.500000
RH,78,265.875000,P1,1,78,118.500000
RH,78,268.625000,P1,1,78,120.000000
RH,66,268.666667,P1,1,66,120.000000
RH,70,268.666667,P1,1,70,120.000000
LH,46,270.500000,P1,5,46,121.000000
LH,58,270.500000,P1,5,58,121.000000
LH,49,271.250000,P1,5,49,121.500000
RH,61,271.250000,P1,5,61,121.500000
RH,65,271.250000,P1,1,65,121.500000
RH,68,271.250000,P1,1,68,121.500000
RH,77,271.250000,P1,1,77,121.500000
RH,64,274.250000,P1,1,64,123.000000
RH,68,274.250000,P1,1,68,123.000000
RH,76,274.250000,P1,1,76,123.000000
LH,44,277.375000,P1,5,44,124.500000
LH,56,277.375000,P1,5,56,124.500000
RH,76,277.375000,P1,1,76,124.500000
RH,64,277.500000,P1,1,64,124.500000
RH,68,277.500000,P1,1,68,124.500000
LH,47,280.250000,P1,5,47,126.000000
LH,59,280.250000,P1,5,59,126.000000
RH,76,280.333333,P1,1,76,126.000000
RH,64,280.375000,P1,1,64,126.000000
RH,68,280.375000,P1,1,68,126.000000
LH,44,282.125000,P1,5,44,127.000000
LH,56,282.125000,P1,5,56,127.000000
LH,47,282.875000,P1,5,47,127.500000
LH,59,282.875000,P1,5,59,127.500000
LH,42,283.750000,P1,5,42,128.000000
LH,54,283.750000,P1,5,54,128.000000
LH,44,284.500000,P1,5,44,128.500000
LH,56,284.500000,P1,5,56,128.500000
LH,40,285.250000,P1,5,40,129.000000
LH,52,285.250000,P1,5,52,129.000000
LH,37,286.000000,P1,5,37,129.500000
LH,49,286.000000,P1,5,49,129.500000
LH,32,286.750000,P1,5,32,130.000000
LH,44,286.750000,P1,5,44,130.000000
LH,35,287.500000,P1,5,35,130.500000
LH,47,287.500000,P1,5,47,130.500000
RH,64,287.500000,P1,1,64,130.500000
RH,68,287.500000,P1,1,68,130.500000
RH,76,287.500000,P1,1,76,130.500000
LH,28,290.000000,P1,5,28,132.000000
LH,40,290.000000,P1,5,40,132.000000
RH,64,290.125000,P1,1,64,132.000000
RH,76,290.125000,P1,1,76,132.000000
RH,68,290.250000,P1,1,68,132.000000
LH,44,292.000000,P1,5,44,133.000000
LH,56,292.000000,P1,5,56,133.000000
LH,47,292.666667,P1,5,47,133.500000
LH,59,292.666667,P1,5,59,133.500000
RH,68,292.666667,P1,2,68,133.500000
RH,75,292.666667,P1,1,75,133.500000
RH,63,292.750000,P1,1,63,133.500000
LH,34,295.500000,P1,5,34,135.000000
LH,46,295.500000,P1,5,46,135.000000
RH,75,298.250000,P1,1,75,136.250000
RH,77,298.666667,P1,1,77,136.500000
LH,56,299.500000,P1,5,56,137.000000
RH,62,299.500000,P1,5,62,137.000000
RH,68,299.500000,P1,5,68,137.000000
RH,77,299.500000,P1,1,77,137.000000
LH,53,300.375000,P1,5,53,137.500000
RH,62,300.375000,P1,5,62,137.500000
RH,77,300.375000,P1,1,77,137.500000
LH,56,300.500000,P1,5,56,137.500000
LH,47,301.333333,P1,5,47,138.000000
RH,77,301.375000,P1,1,77,138.000000
LH,56,302.333333,P1,5,56,138.500000
RH,63,302.333333,P1,5,63,138.500000
RH,68,302.333333,P1,5,68,138.500000
RH,77,302.750000,P1,1,77,138.750000
LH,53,303.125000,P1,5,53,139.000000
LH,56,303.125000,P1,5,56,139.000000
RH,63,303.125000,P1,5,63,139.000000
RH,75,303.125000,P1,1,75,139.000000
LH,41,303.875000,P1,5,41,139.500000
RH,83,304.125000,P1,1,83,139.500000
LH,56,305.000000,P1,5,56,140.000000
RH,63,305.000000,P1,5,63,140.000000
RH,68,305.000000,P1,5,68,140.000000
LH,53,305.875000,P1,5,53,140.500000
LH,56,306.000000,P1,5,56,140.500000
RH,63,306.000000,P1,5,63,140.500000
LH,46,307.000000,P1,5,46,141.000000
RH,62,308.000000,P1,5,62,141.500000
RH,75,309.250000,P1,1,75,142.250000
LH,47,309.666667,P1,5,47,142.500000
RH,77,309.666667,P1,1,77,142.500000
LH,56,310.500000,P1,5,56,143.000000
RH,63,310.500000,P1,5,63,143.000000
RH,68,310.500000,P1,5,68,143.000000
RH,77,310.500000,P1,1,77,143.000000
LH,56,311.333333,P1,5,56,143.500000
RH,63,311.333333,P1,5,63,143.500000
RH,77,311.333333,P1,1,77,143.500000
LH,48,312.250000,P1,5,48,144.000000
RH,77,312.375000,P1,1,77,144.000000
RH,63,313.250000,P1,5,63,144.500000
RH,69,313.250000,P1,5,69,144.500000
LH,57,313.375000,P1,5,57,144.500000
RH,77,313.750000,P1,1,77,144.750000
LH,53,314.125000,P1,5,53,145.000000
LH,57,314.125000,P1,5,57,145.000000
RH,63,314.125000,P1,5,63,145.000000
RH,75,314.125000,P1,1,75,145.000000
LH,41,315.125000,P1,5,41,145.500000
RH,84,315.333333,P1,1,84,145.500000
LH,53,317.125000,P1,5,53,146.500000
LH,57,317.125000,P1,5,57,146.500000
RH,63,317.125000,P1,5,63,146.500000
LH,46,318.125000,P1,5,46,147.000000
RH,82,318.250000,P1,1,82,147.000000
RH,62,319.125000,P1,5,62,147.500000
RH,68,319.125000,P1,5,68,147.500000
LH,53,319.875000,P1,5,53,148.000000
LH,58,319.875000,P1,5,58,148.000000
RH,62,319.875000,P1,5,62,148.000000
RH,73,320.875000,P1,2,73,148.500000
RH,79,320.875000,P1,1,79,148.500000
RH,79,321.500000,P1,1,79,149.000000
RH,67,321.750000,P1,5,67,149.000000
RH,80,321.750000,P1,1,80,149.062500
RH,79,322.000000,P1,1,79,149.125000
RH,80,322.125000,P1,1,80,149.312500
RH,79,322.333333,P1,1,79,149.375000
LH,51,322.375000,P1,5,51,149.500000
LH,58,322.375000,P1,5,58,149.500000
RH,77,322.500000,P1,1,77,149.500000
LH,44,323.250000,P1,5,44,150.000000
RH,82,323.250000,P1,1,82,150.000000
RH,73,323.333333,P1,2,73,150.000000
RH,66,324.250000,P1,5,66,150.500000
LH,51,325.125000,P1,5,51,151.000000
LH,56,325.125000,P1,5,56,151.000000
RH,60,325.125000,P1,5,60,151.000000
RH,80,325.125000,P1,1,80,151.000000
RH,78,325.375000,P1,1,78,151.250000
RH,75,325.875000,P1,2,75,151.500000
RH,78,325.875000,P1,1,78,151.500000
RH,65,326.666667,P1,5,65,152.000000
LH,56,326.750000,P1,5,56,152.000000
RH,61,326.750000,P1,5,61,152.000000
RH,73,326.750000,P1,2,73,152.000000
RH,77,326.750000,P1,1,77,152.000000
RH,68,327.000000,P1,2,68,152.250000
LH,53,327.333333,P1,5,53,152.500000
RH,73,327.333333,P1,2,73,152.500000
RH,72,328.250000,P1,2,72,153.000000
RH,80,328.250000,P1,1,80,153.000000
RH,73,329.375000,P1,1,73,153.750000
LH,54,329.750000,P1,5,54,154.000000
RH,61,329.750000,P1,5,61,154.000000
RH,78,329.750000,P1,1,78,154.000000
RH,77,330.000000,P1,1,77,154.250000
LH,36,330.375000,P1,5,36,154.500000
RH,70,330.375000,P1,2,70,154.500000
RH,77,330.375000,P1,1,77,154.500000
LH,54,331.250000,P1,5,54,155.000000
RH,63,331.250000,P1,5,63,155.000000
RH,72,331.250000,P1,2,72,155.000000
RH,75,331.250000,P1,1,75,155.000000
RH,73,331.625000,P1,2,73,155.250000
RH,77,331.625000,P1,1,77,155.250000
RH,70,331.875000,P1,2,70,155.500000
RH,63,332.875000,P1,2,63,156.000000
RH,69,332.875000,P1,1,69,156.000000
RH,73,334.666667,P1,1,73,157.250000
RH,61,334.750000,P1,5,61,157.250000
RH,75,335.000000,P1,1,75,157.500000
RH,60,335.125000,P1,5,60,157.500000
RH,73,337.250000,P1,1,73,159.000000
LH,58,337.333333,P1,5,58,159.000000
RH,65,337.333333,P1,2,65,159.000000
RH,70,337.375000,P1,1,70,159.000000
RH,64,338.875000,P1,5,64,160.000000
RH,73,338.875000,P1,1,73,160.000000
RH,63,339.125000,P1,5,63,160.250000
RH,75,339.125000,P1,1,75,160.250000
RH,61,339.375000,P1,5,61,160.500000
RH,76,339.375000,P1,1,76,160.500000
RH,70,339.500000,P1,1,70,160.500000
RH,60,341.750000,P1,5,60,162.000000
RH,75,341.750000,P1,1,75,162.000000
RH,70,341.875000,P1,1,70,162.000000
RH,77,344.250000,P1,1,77,163.250000
RH,78,344.625000,P1,1,78,163.500000
RH,78,348.666667,P1,1,78,165.000000
LH,41,354.375000,P1,5,41,166.500000
RH,73,357.875000,P1,1,73,167.750000
LH,46,358.500000,P1,5,46,168.000000
RH,70,358.625000,P1,1,70,168.000000
RH,61,360.875000,P1,5,61,169.000000
RH,67,362.000000,P1,1,67,169.500000
LH,41,366.000000,P1,5,41,171.000000
RH,65,369.250000,P1,2,65,172.250000
RH,76,369.750000,P1,1,76,172.500000
RH,70,370.750000,P1,1,70,173.000000
RH,65,371.250000,P1,2,65,173.250000
RH,61,371.625000,P1,5,61,173.500000
RH,73,371.625000,P1,1,73,173.500000
LH,58,371.750000,P1,5,58,173.500000
RH,67,371.750000,P1,5,67,173.500000
RH,70,372.125000,P1,2,70,173.750000
LH,53,372.625000,P1,5,53,174.000000
LH,53,373.625000,P1,5,53,174.500000
RH,67,374.000000,P1,2,67,174.750000
RH,60,374.375000,P1,5,60,175.000000
RH,68,374.375000,P1,5,68,175.000000
LH,56,374.500000,P1,5,56,175.000000
RH,72,374.500000,P1,1,72,175.000000
RH,77,374.500000,P1,1,77,175.000000
RH,65,374.875000,P1,2,65,175.250000
RH,70,375.333333,P1,2,70,175.500000
RH,76,375.333333,P1,1,76,175.500000
RH,72,375.875000,P1,2,72,175.750000
LH,53,376.250000,P1,5,53,176.000000
LH,58,376.250000,P1,5,58,176.000000
RH,61,376.250000,P1,5,61,176.000000
RH,70,376.250000,P1,1,70,176.000000
LH,58,377.125000,P1,5,58,176.500000
RH,64,377.125000,P1,2,64,176.500000
RH,60,378.125000,P1,1,60,177.000000
RH,67,378.125000,P1,2,67,177.000000
RH,70,378.125000,P1,2,70,177.000000
RH,72,378.125000,P1,1,72,177.000000
RH,68,378.500000,P1,2,68,177.250000
RH,65,379.000000,P1,2,65,177.500000
RH,72,379.000000,P1,1,72,177.500000
RH,70,379.375000,P1,1,70,177.750000
RH,73,379.375000,P1,1,73,177.750000
LH,52,379.750000,P1,6,52,178.000000
RH,64,379.750000,P1,2,64,178.000000
RH,68,379.750000,P1,1,68,178.000000
RH,72,379.750000,P1,1,72,178.000000
LH,40,379.875000,P1,6,40,178.000000
RH,68,380.750000,P1,2,68,178.500000
RH,75,380.750000,P1,1,75,178.500000
RH,68,382.000000,P1,2,68,179.250000
RH,60,382.125000,P1,5,60,179.250000
LH,51,382.500000,P1,6,51,179.500000
RH,60,382.500000,P1,5,60,179.500000
RH,63,382.500000,P1,1,63,179.500000
RH,68,382.500000,P1,2,68,179.500000
RH,75,382.500000,P1,1,75,179.500000
RH,72,385.875000,P1,1,72,181.250000
LH,56,386.250000,P1,6,56,181.500000
RH,61,386.250000,P1,5,61,181.500000
RH,65,386.250000,P1,2,65,181.500000
RH,68,386.250000,P1,1,68,181.500000
RH,63,386.750000,P1,2,63,181.750000
LH,59,387.500000,P1,5,59,182.250000
RH,62,387.500000,P1,2,62,182.250000
LH,59,387.875000,P1,5,59,182.500000
LH,56,388.250000,P1,5,56,182.750000
RH,61,388.250000,P1,2,61,182.750000
LH,56,388.625000,P1,5,56,183.000000
RH,61,388.625000,P1,2,61,183.000000
RH,60,391.000000,P1,1,60,184.500000
RH,72,391.000000,P1,1,72,184.500000
RH,63,392.750000,P1,5,63,185.500000
RH,68,393.125000,P1,2,68,185.750000
RH,79,393.500000,P1,1,79,186.000000
RH,72,394.000000,P1,2,72,186.250000
RH,75,394.000000,P1,2,75,186.250000
LH,52,394.333333,P1,5,52,186.500000
LH,58,394.333333,P1,5,58,186.500000
RH,61,394.333333,P1,5,61,186.500000
RH,73,394.333333,P1,1,73,186.500000
RH,70,394.375000,P1,2,70,186.500000
LH,58,395.125000,P1,5,58,187.000000
RH,61,395.125000,P1,5,61,187.000000
RH,67,395.125000,P1,2,67,187.000000
RH,73,395.500000,P1,2,73,187.250000
RH,60,396.750000,P1,5,60,188.000000
RH,75,396.750000,P1,1,75,188.000000
RH,70,397.125000,P1,2,70,188.250000
RH,73,397.125000,P1,2,73,188.250000
LH,51,397.500000,P1,5,51,188.500000
RH,60,397.500000,P1,5,60,188.500000
RH,70,397.500000,P1,2,70,188.500000
RH,73,397.500000,P1,2,73,188.500000
RH,80,397.500000,P1,1,80,188.500000
RH,79,398.333333,P1,1,79,189.000000
RH,72,398.750000,P1,2,72,189.250000
RH,75,398.750000,P1,2,75,189.250000
LH,52,399.125000,P1,5,52,189.500000
RH,61,399.125000,P1,5,61,189.500000
RH,73,399.125000,P1,1,73,189.500000
LH,58,399.250000,P1,5,58,189.500000
RH,68,399.500000,P1,2,68,189.750000
RH,61,399.875000,P1,5,61,190.000000
RH,67,399.875000,P1,2,67,190.000000
LH,58,400.000000,P1,5,58,190.000000
RH,70,400.000000,P1,2,70,190.000000
RH,63,400.750000,P1,3,63,190.500000
RH,68,400.750000,P1,2,68,190.500000
RH,72,400.750000,P1,2,72,190.500000
RH,70,401.250000,P1,2,70,190.750000
RH,73,401.250000,P1,2,73,190.750000
LH,51,401.625000,P1,5,51,191.000000
LH,56,401.625000,P1,5,56,191.000000
RH,60,401.625000,P1,5,60,191.000000
RH,63,401.625000,P1,5,63,191.000000
RH,72,401.625000,P1,2,72,191.000000
RH,75,401.625000,P1,1,75,191.000000
RH,73,402.000000,P1,2,73,191.250000
RH,77,402.000000,P1,1,77,191.250000
RH,66,403.250000,P1,1,66,192.000000
RH,75,403.250000,P1,2,75,192.000000
RH,78,403.250000,P1,1,78,192.000000
RH,60,404.125000,P1,5,60,192.500000
RH,73,404.500000,P1,2,73,192.750000
LH,58,404.875000,P1,5,58,193.000000
RH,63,404.875000,P1,5,63,193.000000
RH,66,404.875000,P1,5,66,193.000000
RH,72,404.875000,P1,2,72,193.000000
RH,75,404.875000,P1,1,75,193.000000
RH,78,404.875000,P1,1,78,193.000000
RH,69,405.666667,P1,2,69,193.500000
RH,65,408.250000,P1,6,65,194.750000
RH,73,408.250000,P1,1,73,194.750000
LH,58,408.666667,P1,5,58,195.000000
RH,61,408.666667,P1,5,61,195.000000
RH,65,408.666667,P1,2,65,195.000000
RH,70,408.666667,P1,1,70,195.000000
LH,54,409.125000,P1,5,54,195.250000
RH,63,409.125000,P1,2,63,195.250000
LH,34,411.000000,P1,5,34,196.500000
RH,61,411.125000,P1,2,61,196.500000
RH,73,411.125000,P1,1,73,196.500000
RH,65,412.750000,P1,5,65,197.500000
RH,61,412.875000,P1,5,61,197.500000
RH,72,413.250000,P1,2,72,197.750000
RH,75,413.250000,P1,1,75,197.750000
RH,65,413.625000,P1,1,65,198.000000
RH,77,413.625000,P1,1,77,198.000000
RH,72,414.000000,P1,2,72,198.250000
LH,53,414.375000,P1,5,53,198.500000
LH,56,414.375000,P1,5,56,198.500000
RH,61,414.375000,P1,5,61,198.500000
RH,70,414.375000,P1,2,70,198.500000
RH,77,414.375000,P1,1,77,198.500000
LH,54,416.875000,P1,5,54,200.000000
LH,58,416.875000,P1,5,58,200.000000
RH,63,416.875000,P1,5,63,200.000000
RH,72,416.875000,P1,2,72,200.000000
RH,75,416.875000,P1,1,75,200.000000
RH,70,417.250000,P1,1,70,200.250000
LH,49,421.000000,P1,5,49,202.500000
RH,61,421.000000,P1,5,61,202.500000
RH,64,421.000000,P1,1,64,202.500000
RH,76,421.000000,P1,1,76,202.500000
LH,46,421.375000,P1,5,46,202.750000
LH,29,423.250000,P1,5,29,204.000000
LH,41,423.250000,P1,5,41,204.000000
RH,60,423.250000,P1,1,60,204.000000
RH,69,423.250000,P1,1,69,204.000000
LH,49,425.666667,P1,5,49,205.500000
RH,61,425.666667,P1,5,61,205.500000
RH,76,425.666667,P1,1,76,205.500000
RH,88,425.666667,P1,1,88,205.500000
LH,46,426.000000,P1,5,46,205.750000
LH,28,428.000000,P1,5,28,207.000000
LH,40,428.000000,P1,5,40,207.000000
RH,73,428.000000,P1,1,73,207.000000
RH,85,428.000000,P1,1,85,207.000000
RH,82,428.125000,P1,1,82,207.000000
LH,48,430.500000,P1,5,48,208.500000
RH,60,430.500000,P1,5,60,208.500000
RH,78,430.500000,P1,1,78,208.500000
RH,90,430.500000,P1,1,90,208.500000
LH,33,433.125000,P1,5,33,210.000000
LH,45,433.125000,P1,5,45,210.000000
RH,78,433.125000,P1,1,78,210.000000
RH,90,433.125000,P1,1,90,210.000000
RH,87,433.250000,P1,1,87,210.000000
LH,34,436.500000,P1,5,34,211.500000
LH,46,436.500000,P1,5,46,211.500000
LH,54,436.500000,P1,1,54,211.500000
RH,63,436.500000,P1,1,63,211.500000
LH,30,440.000000,P1,5,30,213.000000
LH,42,440.000000,P1,5,42,213.000000
RH,61,440.000000,P1,1,61,213.000000
LH,57,442.500000,P1,5,57,214.250000
LH,59,442.500000,P1,5,59,214.250000
RH,66,442.500000,P1,1,66,214.250000
LH,32,443.000000,P1,6,32,214.500000
LH,44,443.000000,P1,6,44,214.500000
LH,56,444.125000,P1,5,56,215.250000
RH,61,444.500000,P1,5,61,215.500000
LH,34,445.125000,P1,6,34,216.000000
LH,46,445.125000,P1,6,46,216.000000
RH,73,445.125000,P1,1,73,216.000000
LH,58,446.125000,P1,5,58,216.750000
RH,63,446.500000,P1,5,63,217.000000
RH,71,446.500000,P1,1,71,217.000000
RH,70,446.750000,P1,1,70,217.250000
LH,36,447.000000,P1,6,36,217.500000
LH,48,447.000000,P1,6,48,217.500000
RH,75,447.000000,P1,1,75,217.500000
RH,63,447.333333,P1,5,63,217.750000
RH,66,447.375000,P1,5,66,217.750000
LH,29,449.125000,P1,6,29,219.000000
LH,41,449.125000,P1,6,41,219.000000
RH,78,449.125000,P1,1,78,219.000000
RH,75,450.666667,P1,5,75,220.250000
RH,81,450.666667,P1,5,81,220.250000
RH,84,450.666667,P1,1,84,220.250000
RH,65,451.000000,P1,6,65,220.500000
RH,89,451.000000,P1,1,89,220.500000
RH,87,451.250000,P1,1,87,220.750000
RH,90,451.500000,P1,1,90,221.000000
RH,81,451.750000,P1,5,81,221.250000
RH,84,451.750000,P1,1,84,221.250000
RH,87,451.750000,P1,1,87,221.250000
RH,89,451.750000,P1,1,89,221.250000
RH,72,452.000000,P1,5,72,221.500000
RH,91,452.000000,P1,1,91,221.500000
RH,81,452.333333,P1,5,81,221.750000
RH,84,452.333333,P1,1,84,221.750000
RH,89,452.333333,P1,1,89,221.750000
RH,87,452.375000,P1,1,87,221.750000
RH,65,452.500000,P1,5,65,222.000000
RH,90,452.500000,P1,1,90,222.000000
RH,89,452.750000,P1,1,89,222.250000
RH,87,452.875000,P1,1,87,222.250000
RH,72,453.000000,P1,5,72,222.500000
RH,91,453.000000,P1,1,91,222.500000
RH,81,453.250000,P1,5,81,222.750000
RH,89,453.250000,P1,1,89,222.750000
RH,84,453.333333,P1,1,84,222.750000
RH,87,453.333333,P1,1,87,222.750000
RH,65,453.500000,P1,5,65,223.000000
RH,90,453.500000,P1,1,90,223.000000
RH,89,453.666667,P1,1,89,223.250000
RH,81,453.750000,P1,5,81,223.250000
RH,84,453.750000,P1,1,84,223.250000
RH,87,453.750000,P1,1,87,223.250000
RH,72,454.000000,P1,5,72,223.500000
RH,91,454.000000,P1,1,91,223.500000
RH,81,454.125000,P1,5,81,223.750000
RH,84,454.125000,P1,1,84,223.750000
RH,87,454.125000,P1,1,87,223.750000
RH,89,454.125000,P1,1,89,223.750000
RH,65,454.333333,P1,5,65,224.000000
RH,90,454.375000,P1,1,90,224.000000
RH,81,454.625000,P1,5,81,224.250000
RH,89,454.625000,P1,1,89,224.250000
RH,84,454.750000,P1,1,84,224.250000
RH,72,454.875000,P1,5,72,224.500000
RH,91,454.875000,P1,1,91,224.500000
RH,89,455.125000,P1,1,89,224.750000
RH,75,455.375000,P1,5,75,225.000000
RH,88,455.375000,P1,1,88,225.000000
RH,89,455.750000,P1,1,89,225.250000
RH,101,456.000000,P1,1,101,225.500000
RH,90,456.250000,P1,1,90,225.750000
RH,101,456.500000,P1,1,101,226.000000
RH,91,456.625000,P1,1,91,226.250000
RH,92,456.875000,P1,1,92,226.500000
RH,93,457.125000,P1,1,93,226.750000
RH,98,457.333333,P1,1,98,227.000000
RH,96,457.500000,P1,1,96,227.250000
RH,94,457.750000,P1,1,94,227.500000
RH,91,457.875000,P1,1,91,227.750000
RH,89,458.125000,P1,1,89,228.000000
RH,86,458.333333,P1,1,86,228.250000
RH,87,458.625000,P1,1,87,228.500000
RH,91,458.750000,P1,1,91,228.750000
RH,89,459.000000,P1,1,89,229.000000
RH,87,459.250000,P1,1,87,229.250000
RH,84,459.500000,P1,1,84,229.500000
RH,81,459.666667,P1,1,81,229.750000
RH,82,459.875000,P1,1,82,230.000000
RH,86,460.125000,P1,1,86,230.250000
RH,84,460.375000,P1,1,84,230.500000
RH,82,460.625000,P1,1,82,230.750000
RH,79,460.875000,P1,1,79,231.000000
RH,77,461.000000,P1,1,77,231.250000
RH,74,461.250000,P1,1,74,231.500000
RH,75,461.500000,P1,1,75,231.750000
RH,79,461.750000,P1,1,79,232.000000
RH,77,462.000000,P1,1,77,232.250000
RH,75,462.250000,P1,1,75,232.500000
RH,72,462.500000,P1,1,72,232.750000
RH,60,462.750000,P1,5,60,233.000000
RH,69,462.750000,P1,1,69,233.000000
RH,62,463.000000,P1,5,62,233.250000
RH,70,463.000000,P1,1,70,233.250000
RH,65,463.250000,P1,5,65,233.500000
RH,74,463.250000,P1,1,74,233.500000
RH,63,463.500000,P1,5,63,233.750000
RH,72,463.500000,P1,1,72,233.750000
RH,62,463.750000,P1,5,62,234.000000
RH,70,463.750000,P1,1,70,234.000000
LH,58,464.000000,P1,5,58,234.250000
RH,67,464.000000,P1,1,67,234.250000
LH,57,464.250000,P1,5,57,234.500000
RH,65,464.250000,P1,1,65,234.500000
LH,53,464.500000,P1,5,53,234.750000
RH,62,464.500000,P1,1,62,234.750000
LH,55,464.875000,P1,5,55,235.000000
RH,63,464.875000,P1,1,63,235.000000
RH,67,465.125000,P1,1,67,235.250000
LH,58,465.250000,P1,5,58,235.250000
LH,57,465.500000,P1,5,57,235.500000
RH,65,465.500000,P1,1,65,235.500000
LH,55,465.750000,P1,5,55,235.750000
RH,63,465.750000,P1,1,63,235.750000
LH,51,466.125000,P1,5,51,236.000000
RH,60,466.125000,P1,1,60,236.000000
LH,57,466.500000,P1,1,57,236.250000
LH,51,466.875000,P1,5,51,236.500000
RH,60,466.875000,P1,1,60,236.500000
LH,55,467.333333,P1,1,55,236.750000
LH,53,467.750000,P1,1,53,237.000000
LH,50,468.250000,P1,5,50,237.250000
LH,48,468.750000,P1,5,48,237.500000
LH,46,469.250000,P1,5,46,237.750000
LH,41,470.000000,P1,5,41,238.000000
LH,57,470.250000,P1,1,57,238.000000
RH,62,470.250000,P1,1,62,238.000000
LH,46,471.500000,P1,5,46,238.500000
LH,53,471.500000,P1,5,53,238.500000
RH,62,471.500000,P1,1,62,238.500000
LH,58,471.625000,P1,5,58,238.500000
LH,41,473.375000,P1,5,41,239.500000
RH,62,473.375000,P1,1,62,239.500000
LH,53,473.500000,P1,5,53,239.500000
LH,57,473.500000,P1,1,57,239.500000
LH,53,474.333333,P1,5,53,240.000000
RH,62,474.333333,P1,1,62,240.000000
LH,46,474.375000,P1,5,46,240.000000
LH,58,474.500000,P1,5,58,240.000000
RH,70,476.125000,P1,1,70,241.000000
LH,41,476.250000,P1,5,41,241.000000
LH,53,476.250000,P1,5,53,241.000000
RH,62,476.250000,P1,1,62,241.000000
LH,46,477.250000,P1,5,46,241.500000
LH,53,477.250000,P1,5,53,241.500000
RH,62,477.250000,P1,1,62,241.500000
LH,58,477.333333,P1,2,58,241.500000
LH,40,479.250000,P1,5,40,242.500000
LH,56,479.250000,P1,2,56,242.500000
LH,52,479.333333,P1,5,52,242.500000
LH,52,480.333333,P1,5,52,243.000000
LH,45,480.375000,P1,5,45,243.000000
RH,61,480.375000,P1,1,61,243.000000
LH,40,482.250000,P1,5,40,244.000000
LH,52,482.250000,P1,5,52,244.000000
RH,61,482.250000,P1,1,61,244.000000
RH,69,482.250000,P1,1,69,244.000000
LH,52,483.125000,P1,5,52,244.500000
RH,61,483.125000,P1,1,61,244.500000
LH,45,483.250000,P1,5,45,244.500000
RH,60,484.875000,P1,1,60,245.500000
LH,38,485.000000,P1,5,38,245.500000
LH,54,485.000000,P1,1,54,245.500000
LH,43,486.000000,P1,5,43,246.000000
LH,50,486.000000,P1,5,50,246.000000
LH,55,486.000000,P1,5,55,246.000000
LH,58,486.000000,P1,1,58,246.000000
RH,60,487.875000,P1,1,60,247.000000
LH,53,488.666667,P1,1,53,247.500000
RH,62,488.666667,P1,1,62,247.500000
LH,41,488.750000,P1,5,41,247.500000
LH,58,488.750000,P1,1,58,247.500000
LH,53,490.875000,P1,1,53,248.500000
LH,46,492.000000,P1,5,46,249.000000
LH,58,492.000000,P1,1,58,249.000000
RH,62,492.000000,P1,1,62,249.000000
LH,34,492.125000,P1,5,34,249.000000
LH,53,492.125000,P1,1,53,249.000000
LH,58,494.875000,P1,5,58,250.000000
RH,74,494.875000,P1,1,74,250.000000
LH,46,495.000000,P1,5,46,250.000000
LH,53,495.000000,P1,5,53,250.000000
RH,62,495.000000,P1,1,62,250.000000
RH,65,495.000000,P1,1,65,250.000000
LH,45,496.500000,P1,5,45,250.500000
LH,50,496.500000,P1,5,50,250.500000
LH,57,496.500000,P1,5,57,250.500000
RH,74,496.500000,P1,1,74,250.500000
RH,60,496.625000,P1,1,60,250.500000
RH,62,496.625000,P1,1,62,250.500000
RH,66,496.625000,P1,1,66,250.500000
LH,43,499.750000,P1,5,43,252.000000
LH,58,499.750000,P1,5,58,252.000000
RH,62,499.750000,P1,1,62,252.000000
RH,70,499.750000,P1,1,70,252.000000
LH,48,501.250000,P1,5,48,253.000000
LH,58,501.250000,P1,1,58,253.000000
RH,67,501.250000,P1,1,67,253.000000
RH,63,501.333333,P1,1,63,253.000000
RH,65,503.750000,P1,1,65,254.500000
LH,41,503.875000,P1,5,41,254.500000
LH,53,503.875000,P1,5,53,254.500000
LH,57,503.875000,P1,1,57,254.500000
RH,63,503.875000,P1,1,63,254.500000
LH,34,504.750000,P1,5,34,255.000000
LH,46,504.750000,P1,5,46,255.000000
LH,58,504.750000,P1,1,58,255.000000
RH,62,504.750000,P1,1,62,255.000000
LH,58,506.333333,P1,5,58,256.000000
RH,74,506.333333,P1,1,74,256.000000
LH,46,506.375000,P1,5,46,256.000000
LH,53,506.375000,P1,5,53,256.000000
RH,62,506.375000,P1,1,62,256.000000
RH,65,506.375000,P1,1,65,256.000000
RH,62,507.125000,P1,1,62,256.500000
RH,70,507.125000,P1,1,70,256.500000
LH,46,507.250000,P1,5,46,256.500000
LH,53,507.250000,P1,5,53,256.500000
LH,58,507.250000,P1,5,58,256.500000
RH,64,509.000000,P1,5,64,257.500000
RH,79,509.000000,P1,1,79,257.500000
LH,58,509.125000,P1,5,58,257.500000
RH,61,509.125000,P1,5,61,257.500000
RH,67,509.125000,P1,1,67,257.500000
RH,70,509.125000,P1,1,70,257.500000
RH,62,510.666667,P1,5,62,258.500000
RH,65,510.666667,P1,5,65,258.500000
LH,58,510.750000,P1,5,58,258.500000
RH,70,510.750000,P1,1,70,258.500000
RH,70,511.625000,P1,1,70,259.000000
LH,58,512.666667,P1,5,58,259.500000
RH,62,512.666667,P1,5,62,259.500000
RH,68,512.666667,P1,1,68,259.500000
RH,77,512.666667,P1,1,77,259.500000
RH,70,512.750000,P1,1,70,259.500000
LH,46,514.750000,P1,5,46,260.500000
LH,34,514.875000,P1,5,34,260.500000
LH,34,515.666667,P1,5,34,261.000000
LH,46,515.666667,P1,5,46,261.000000
RH,70,517.375000,P1,1,70,262.000000
LH,46,517.500000,P1,5,46,262.000000
LH,58,517.500000,P1,5,58,262.000000
RH,62,517.500000,P1,1,62,262.000000
LH,46,518.250000,P1,5,46,262.500000
LH,58,518.250000,P1,5,58,262.500000
RH,62,518.250000,P1,2,62,262.500000
RH,70,518.250000,P1,1,70,262.500000
RH,68,518.333333,P1,2,68,262.500000
LH,51,520.000000,P1,5,51,263.500000
LH,58,520.000000,P1,5,58,263.500000
RH,63,520.000000,P1,2,63,263.500000
RH,67,520.000000,P1,2,67,263.500000
LH,51,520.875000,P1,5,51,264.000000
LH,58,520.875000,P1,5,58,264.000000
RH,67,520.875000,P1,2,67,264.000000
RH,63,521.000000,P1,2,63,264.000000
LH,48,522.750000,P1,5,48,265.000000
RH,75,522.750000,P1,1,75,265.000000
RH,60,522.875000,P1,5,60,265.000000
RH,63,522.875000,P1,1,63,265.000000
RH,67,522.875000,P1,1,67,265.000000
RH,75,523.875000,P1,1,75,265.500000
LH,48,524.000000,P1,5,48,265.500000
RH,60,524.000000,P1,5,60,265.500000
RH,63,524.000000,P1,1,63,265.500000
RH,67,524.000000,P1,1,67,265.500000
LH,48,525.666667,P1,5,48,266.500000
LH,55,525.666667,P1,5,55,266.500000
RH,60,525.666667,P1,1,60,266.500000
RH,67,525.666667,P1,1,67,266.500000
LH,48,526.500000,P1,5,48,267.000000
LH,55,526.500000,P1,5,55,267.000000
RH,67,526.500000,P1,1,67,267.000000
RH,60,526.625000,P1,1,60,267.000000
RH,63,526.625000,P1,1,63,267.000000
LH,43,528.125000,P1,5,43,268.000000
LH,55,528.125000,P1,5,55,268.000000
RH,70,528.125000,P1,1,70,268.000000
LH,58,528.250000,P1,1,58,268.000000
RH,62,528.250000,P1,1,62,268.000000
LH,43,529.125000,P1,5,43,268.500000
LH,55,529.125000,P1,5,55,268.500000
LH,58,529.125000,P1,1,58,268.500000
RH,62,529.125000,P1,1,62,268.500000
RH,70,529.125000,P1,1,70,268.500000
LH,41,532.000000,P1,5,41,270.000000
LH,48,532.000000,P1,5,48,270.000000
RH,65,532.000000,P1,1,65,270.000000
LH,58,532.125000,P1,2,58,270.000000
LH,57,533.000000,P1,2,57,270.500000
RH,62,533.750000,P1,2,62,271.000000
RH,60,534.625000,P1,2,60,271.500000
LH,55,535.333333,P1,2,55,272.000000
LH,57,536.125000,P1,2,57,272.500000
LH,55,537.000000,P1,5,55,273.000000
RH,62,537.000000,P1,1,62,273.000000
LH,46,537.125000,P1,6,46,273.000000
LH,53,538.125000,P1,5,53,273.500000
RH,74,539.625000,P1,1,74,274.000000
RH,62,539.666667,P1,1,62,274.000000
LH,46,540.750000,P1,5,46,274.500000
LH,53,540.750000,P1,5,53,274.500000
RH,62,540.750000,P1,1,62,274.500000
RH,74,540.750000,P1,1,74,274.500000
LH,46,543.375000,P1,5,46,275.500000
LH,54,543.375000,P1,5,54,275.500000
RH,62,543.375000,P1,1,62,275.500000
RH,70,543.375000,P1,1,70,275.500000
LH,46,544.500000,P1,5,46,276.000000
LH,54,544.500000,P1,5,54,276.000000
RH,62,544.500000,P1,1,62,276.000000
RH,70,544.500000,P1,1,70,276.000000
LH,46,545.875000,P1,5,46,277.000000
LH,55,546.000000,P1,5,55,277.000000
LH,48,546.875000,P1,5,48,277.500000
LH,55,546.875000,P1,5,55,277.500000
RH,67,546.875000,P1,1,67,277.500000
LH,48,548.375000,P1,5,48,278.500000
RH,65,548.375000,P1,1,65,278.500000
LH,57,548.500000,P1,5,57,278.500000
RH,63,548.500000,P1,1,63,278.500000
LH,50,549.250000,P1,5,50,279.000000
LH,57,549.250000,P1,5,57,279.000000
RH,62,549.250000,P1,1,62,279.000000
RH,65,549.250000,P1,1,65,279.000000
LH,50,550.875000,P1,5,50,280.000000
LH,57,550.875000,P1,5,57,280.000000
RH,60,550.875000,P1,5,60,280.000000
RH,66,551.000000,P1,1,66,280.000000
LH,51,551.875000,P1,5,51,280.500000
LH,58,551.875000,P1,5,58,280.500000
RH,70,551.875000,P1,1,70,280.500000
LH,55,552.000000,P1,5,55,280.500000
RH,67,552.000000,P1,1,67,280.500000
LH,52,553.666667,P1,5,52,281.500000
RH,79,553.666667,P1,1,79,281.500000
LH,58,553.750000,P1,5,58,281.500000
RH,61,553.750000,P1,5,61,281.500000
RH,67,553.750000,P1,1,67,281.500000
RH,70,553.750000,P1,1,70,281.500000
RH,70,555.375000,P1,1,70,282.500000
RH,77,557.333333,P1,1,77,283.500000
LH,56,557.375000,P1,5,56,283.500000
LH,58,557.375000,P1,5,58,283.500000
RH,62,557.375000,P1,5,62,283.500000
RH,65,557.375000,P1,1,65,283.500000
RH,70,557.500000,P1,1,70,283.500000
LH,34,559.500000,P1,5,34,284.500000
LH,46,559.500000,P1,5,46,284.500000
LH,34,560.375000,P1,5,34,285.000000
LH,46,560.375000,P1,5,46,285.000000
LH,46,562.125000,P1,5,46,286.000000
LH,53,562.125000,P1,5,53,286.000000
LH,58,562.125000,P1,5,58,286.000000
RH,62,562.125000,P1,1,62,286.000000
RH,70,562.125000,P1,1,70,286.000000
RH,68,562.250000,P1,1,68,286.000000
LH,46,563.000000,P1,5,46,286.500000
LH,53,563.000000,P1,5,53,286.500000
LH,58,563.000000,P1,5,58,286.500000
RH,62,563.000000,P1,2,62,286.500000
RH,70,563.000000,P1,1,70,286.500000
RH,68,563.125000,P1,2,68,286.500000
LH,51,564.666667,P1,5,51,287.500000
RH,63,564.666667,P1,2,63,287.500000
RH,67,564.666667,P1,2,67,287.500000
LH,58,564.750000,P1,5,58,287.500000
LH,51,565.625000,P1,5,51,288.000000
LH,58,565.625000,P1,5,58,288.000000
RH,67,565.625000,P1,2,67,288.000000
RH,63,565.666667,P1,2,63,288.000000
RH,67,568.250000,P1,1,67,289.000000
RH,75,569.750000,P1,1,75,289.500000
LH,51,569.875000,P1,5,51,289.500000
LH,58,569.875000,P1,5,58,289.500000
RH,67,569.875000,P1,1,67,289.500000
LH,51,576.750000,P1,5,51,292.000000
RH,60,576.750000,P1,1,60,292.000000
RH,67,576.750000,P1,1,67,292.000000
LH,43,578.125000,P1,5,43,292.500000
LH,55,578.125000,P1,5,55,292.500000
LH,58,578.125000,P1,1,58,292.500000
RH,62,578.125000,P1,1,62,292.500000
RH,70,578.125000,P1,1,70,292.500000
RH,64,580.000000,P1,1,64,293.500000
LH,41,581.000000,P1,5,41,294.000000
LH,57,581.333333,P1,1,57,294.000000
LH,46,587.500000,P1,5,46,295.500000
LH,53,587.500000,P1,5,53,295.500000
LH,58,587.500000,P1,1,58,295.500000
RH,62,587.500000,P1,1,62,295.500000
RH,70,587.500000,P1,1,70,295.500000
LH,50,591.875000,P1,5,50,296.500000
RH,62,591.875000,P1,1,62,296.500000
LH,42,593.625000,P1,6,42,297.000000
RH,60,593.625000,P1,2,60,297.000000
RH,63,594.125000,P1,1,63,297.250000
RH,66,595.500000,P1,1,66,298.000000
RH,63,595.750000,P1,1,63,298.250000
LH,58,596.333333,P1,2,58,298.500000
RH,62,596.333333,P1,1,62,298.500000
LH,51,596.666667,P1,5,51,298.750000
RH,63,596.666667,P1,1,63,298.750000
RH,62,597.125000,P1,1,62,299.000000
RH,70,597.375000,P1,1,70,299.250000
RH,67,597.666667,P1,1,67,299.500000
RH,63,598.000000,P1,1,63,299.750000
LH,45,598.250000,P1,5,45,300.000000
LH,54,598.375000,P1,1,54,300.000000
RH,74,599.875000,P1,1,74,301.250000
RH,78,600.125000,P1,1,78,301.500000
RH,84,600.500000,P1,1,84,301.750000
RH,82,602.125000,P1,1,82,302.750000
RH,91,602.125000,P1,1,91,302.750000
LH,38,602.625000,P1,5,38,303.000000
RH,81,602.750000,P1,1,81,303.000000
RH,75,604.250000,P1,1,75,304.250000
RH,84,604.250000,P1,1,84,304.250000
RH,60,604.500000,P1,5,60,304.500000
RH,74,604.500000,P1,1,74,304.500000
RH,82,604.750000,P1,1,82,304.750000
RH,66,605.000000,P1,5,66,305.000000
RH,72,605.000000,P1,1,72,305.000000
RH,81,605.000000,P1,1,81,305.000000
RH,75,605.250000,P1,1,75,305.250000
RH,84,605.500000,P1,1,84,305.500000
RH,74,605.750000,P1,1,74,305.750000
RH,82,605.750000,P1,1,82,305.750000
LH,43,606.125000,P1,5,43,306.000000
RH,72,606.125000,P1,1,72,306.000000
RH,81,606.375000,P1,1,81,306.250000
LH,50,606.625000,P1,5,50,306.500000
RH,66,607.750000,P1,5,66,307.250000
RH,70,607.875000,P1,1,70,307.375000
RH,67,608.250000,P1,5,67,307.500000
RH,70,608.250000,P1,1,70,307.500000
RH,79,608.250000,P1,1,79,307.500000
LH,53,609.500000,P1,5,53,308.250000
RH,65,609.500000,P1,1,65,308.250000
LH,53,609.750000,P1,5,53,308.500000
RH,65,609.750000,P1,1,65,308.500000
LH,52,610.000000,P1,5,52,308.750000
RH,64,610.000000,P1,1,64,308.750000
LH,44,610.500000,P1,6,44,309.000000
RH,62,610.666667,P1,2,62,309.000000
RH,71,611.666667,P1,1,71,309.750000
RH,68,611.875000,P1,1,68,310.000000
RH,65,612.250000,P1,1,65,310.250000
RH,60,612.625000,P1,2,60,310.500000
RH,64,612.625000,P1,1,64,310.500000
LH,53,612.875000,P1,5,53,310.750000
RH,65,612.875000,P1,1,65,310.750000
LH,52,613.250000,P1,5,52,311.000000
RH,64,613.250000,P1,1,64,311.000000
RH,72,613.500000,P1,1,72,311.250000
RH,69,613.666667,P1,1,69,311.500000
RH,65,613.875000,P1,1,65,311.750000
LH,47,614.125000,P1,5,47,312.000000
LH,56,614.333333,P1,1,56,312.000000
RH,76,615.625000,P1,1,76,313.250000
RH,80,615.875000,P1,1,80,313.500000
RH,86,616.250000,P1,1,86,313.750000
RH,84,617.625000,P1,1,84,314.750000
LH,40,618.000000,P1,5,40,315.000000
RH,84,618.125000,P1,1,84,315.000000
LH,59,619.375000,P1,5,59,316.000000
RH,89,619.375000,P1,1,89,316.000000
RH,80,619.625000,P1,1,80,316.250000
RH,88,619.625000,P1,1,88,316.250000
RH,62,620.000000,P1,5,62,316.500000
RH,77,620.000000,P1,1,77,316.500000
RH,86,620.125000,P1,1,86,316.750000
RH,68,620.375000,P1,5,68,317.000000
RH,76,620.375000,P1,1,76,317.000000
RH,84,620.375000,P1,1,84,317.000000
RH,74,620.666667,P1,1,74,317.250000
RH,83,620.666667,P1,1,83,317.250000
RH,77,621.000000,P1,1,77,317.500000
RH,86,621.000000,P1,1,86,317.500000
RH,76,621.250000,P1,1,76,317.750000
RH,84,621.250000,P1,1,84,317.750000
LH,33,621.500000,P1,5,33,318.000000
RH,74,621.500000,P1,1,74,318.000000
RH,83,621.875000,P1,1,83,318.250000
LH,45,622.125000,P1,5,45,318.500000
RH,76,622.125000,P1,1,76,318.500000
RH,84,622.125000,P1,1,84,318.500000
LH,52,622.375000,P1,5,52,318.750000
RH,80,622.375000,P1,1,80,318.750000
RH,71,622.500000,P1,1,71,318.750000
LH,57,622.666667,P1,5,57,319.000000
RH,74,622.666667,P1,1,74,319.000000
RH,83,622.666667,P1,1,83,319.000000
RH,64,623.000000,P1,5,64,319.250000
RH,72,623.000000,P1,1,72,319.250000
RH,81,623.000000,P1,1,81,319.250000
RH,69,623.333333,P1,5,69,319.500000
RH,72,623.625000,P1,1,72,319.750000
RH,81,623.625000,P1,1,81,319.750000
RH,64,624.000000,P1,5,64,320.000000
RH,72,624.333333,P1,1,72,320.250000
RH,81,624.333333,P1,1,81,320.250000
RH,63,624.625000,P1,5,63,320.500000
RH,72,625.000000,P1,1,72,320.750000
RH,81,625.000000,P1,1,81,320.750000
RH,74,625.875000,P1,1,74,321.250000
RH,82,625.875000,P1,1,82,321.250000
RH,72,626.500000,P1,1,72,321.750000
RH,81,626.500000,P1,1,81,321.750000
LH,54,626.875000,P1,6,54,322.000000
RH,75,627.250000,P1,1,75,322.250000
RH,84,627.250000,P1,1,84,322.250000
LH,55,627.666667,P1,6,55,322.500000
RH,74,627.875000,P1,1,74,322.750000
RH,82,627.875000,P1,1,82,322.750000
LH,57,628.250000,P1,6,57,323.000000
RH,72,628.500000,P1,1,72,323.250000
RH,78,628.500000,P1,1,78,323.250000
LH,58,628.750000,P1,6,58,323.500000
RH,70,628.875000,P1,1,70,323.500000
RH,79,628.875000,P1,1,79,323.500000
LH,50,629.125000,P1,6,50,323.750000
RH,74,629.125000,P1,1,74,323.750000
RH,82,629.125000,P1,1,82,323.750000
LH,38,629.500000,P1,5,38,324.000000
RH,72,629.750000,P1,1,72,324.250000
RH,81,629.750000,P1,1,81,324.250000
RH,74,630.333333,P1,1,74,324.750000
RH,82,630.333333,P1,1,82,324.750000
RH,60,630.625000,P1,6,60,325.000000
RH,66,630.625000,P1,6,66,325.000000
RH,69,630.625000,P1,1,69,325.000000
RH,78,630.625000,P1,1,78,325.000000
RH,72,630.875000,P1,1,72,325.250000
RH,81,630.875000,P1,1,81,325.250000
LH,55,631.125000,P1,6,55,325.500000
RH,81,631.125000,P1,1,81,325.500000
RH,79,631.375000,P1,1,79,325.750000
RH,70,631.500000,P1,1,70,325.750000
RH,62,631.750000,P1,6,62,326.000000
RH,79,631.875000,P1,1,79,326.000000
RH,69,632.000000,P1,1,69,326.250000
RH,78,632.000000,P1,1,78,326.250000
RH,61,632.375000,P1,6,61,326.500000
RH,70,632.666667,P1,1,70,326.750000
RH,79,632.666667,P1,1,79,326.750000
RH,72,633.375000,P1,1,72,327.250000
RH,80,633.375000,P1,1,80,327.250000
RH,79,634.125000,P1,1,79,327.750000
RH,70,634.250000,P1,1,70,327.750000
LH,52,634.500000,P1,6,52,328.000000
RH,73,634.875000,P1,1,73,328.250000
RH,82,634.875000,P1,1,82,328.250000
LH,53,635.333333,P1,6,53,328.500000
RH,72,635.625000,P1,1,72,328.750000
RH,80,635.625000,P1,1,80,328.750000
LH,55,635.875000,P1,6,55,329.000000
RH,70,636.125000,P1,1,70,329.250000
RH,76,636.125000,P1,1,76,329.250000
LH,56,636.375000,P1,6,56,329.500000
RH,68,636.500000,P1,1,68,329.500000
RH,77,636.500000,P1,1,77,329.500000
LH,48,636.750000,P1,6,48,329.750000
RH,72,636.750000,P1,1,72,329.750000
RH,80,636.750000,P1,1,80,329.750000
LH,36,637.000000,P1,5,36,330.000000
RH,70,637.375000,P1,1,70,330.250000
RH,79,637.375000,P1,1,79,330.250000
RH,72,637.875000,P1,1,72,330.750000
RH,80,637.875000,P1,1,80,330.750000
LH,58,638.250000,P1,6,58,331.000000
RH,64,638.250000,P1,6,64,331.000000
RH,67,638.250000,P1,1,67,331.000000
RH,76,638.250000,P1,1,76,331.000000
RH,70,638.500000,P1,1,70,331.250000
RH,79,638.500000,P1,1,79,331.250000
LH,53,638.750000,P1,6,53,331.500000
RH,70,638.750000,P1,1,70,331.500000
RH,79,638.750000,P1,1,79,331.500000
RH,68,639.000000,P1,1,68,331.750000
RH,77,639.000000,P1,1,77,331.750000
RH,77,639.500000,P1,1,77,332.000000
RH,68,641.125000,P1,1,68,333.000000
RH,77,641.125000,P1,1,77,333.000000
RH,78,641.500000,P1,1,78,333.250000
LH,56,641.750000,P1,5,56,333.500000
LH,58,642.000000,P1,5,58,333.666667
LH,56,642.125000,P1,5,56,333.833333
RH,77,642.125000,P1,1,77,333.750000
LH,48,642.500000,P1,5,48,334.000000
RH,66,642.500000,P1,1,66,334.000000
RH,75,642.500000,P1,1,75,334.000000
RH,78,642.666667,P1,1,78,334.250000
RH,70,642.750000,P1,1,70,334.250000
LH,49,642.875000,P1,5,49,334.500000
RH,68,643.000000,P1,1,68,334.500000
RH,77,643.000000,P1,1,77,334.500000
RH,70,643.250000,P1,1,70,334.750000
RH,78,643.250000,P1,1,78,334.750000
LH,56,643.500000,P1,5,56,335.000000
RH,68,643.500000,P1,1,68,335.000000
RH,77,643.500000,P1,1,77,335.000000
RH,66,643.750000,P1,1,66,335.250000
RH,72,643.750000,P1,1,72,335.250000
LH,56,643.875000,P1,5,56,335.333333
RH,73,644.000000,P1,1,73,335.500000
RH,77,644.250000,P1,1,77,335.750000
RH,68,644.333333,P1,1,68,335.750000
LH,39,644.500000,P1,5,39,336.000000
RH,75,644.500000,P1,1,75,336.000000
RH,67,644.625000,P1,1,67,336.000000
RH,77,644.750000,P1,1,77,336.250000
RH,68,644.875000,P1,1,68,336.250000
LH,51,645.125000,P1,5,51,336.500000
RH,67,645.125000,P1,1,67,336.500000
RH,75,645.125000,P1,1,75,336.500000
RH,77,645.333333,P1,1,77,336.750000
LH,55,645.500000,P1,5,55,337.000000
RH,63,645.500000,P1,5,63,337.000000
RH,65,645.500000,P1,1,65,337.000000
RH,73,645.625000,P1,1,73,337.000000
RH,75,645.875000,P1,1,75,337.250000
LH,44,646.125000,P1,5,44,337.500000
RH,63,646.125000,P1,1,63,337.500000
RH,72,646.125000,P1,1,72,337.500000
RH,73,646.333333,P1,1,73,337.750000
RH,80,648.000000,P1,1,80,339.000000
RH,89,648.000000,P1,1,89,339.000000
RH,90,648.333333,P1,1,90,339.250000
RH,82,648.375000,P1,1,82,339.250000
RH,68,648.625000,P1,5,68,339.500000
RH,70,648.750000,P1,5,70,339.666667
RH,80,648.875000,P1,1,80,339.750000
RH,89,648.875000,P1,1,89,339.750000
RH,68,649.000000,P1,5,68,339.833333
RH,60,649.125000,P1,5,60,340.000000
RH,78,649.125000,P1,1,78,340.000000
RH,87,649.125000,P1,1,87,340.000000
RH,82,649.375000,P1,1,82,340.250000
RH,90,649.375000,P1,1,90,340.250000
RH,61,649.666667,P1,5,61,340.500000
RH,80,649.666667,P1,1,80,340.500000
RH,89,649.666667,P1,1,89,340.500000
RH,82,649.875000,P1,1,82,340.750000
RH,90,649.875000,P1,1,90,340.750000
RH,80,650.125000,P1,1,80,341.000000
RH,89,650.125000,P1,1,89,341.000000
RH,68,650.250000,P1,5,68,341.000000
RH,84,650.375000,P1,1,84,341.250000
RH,78,650.500000,P1,1,78,341.250000
RH,68,650.625000,P1,5,68,341.333333
RH,85,650.666667,P1,1,85,341.500000
RH,89,650.875000,P1,1,89,341.750000
RH,80,651.000000,P1,1,80,341.750000
LH,51,651.125000,P1,5,51,342.000000
RH,79,651.250000,P1,1,79,342.000000
RH,87,651.250000,P1,1,87,342.000000
RH,89,651.375000,P1,1,89,342.250000
RH,80,651.500000,P1,1,80,342.250000
RH,63,651.666667,P1,5,63,342.500000
RH,79,651.666667,P1,1,79,342.500000
RH,87,651.666667,P1,1,87,342.500000
RH,89,651.875000,P1,1,89,342.750000
RH,67,652.125000,P1,5,67,343.000000
RH,75,652.125000,P1,5,75,343.000000
RH,77,652.125000,P1,1,77,343.000000
RH,85,652.125000,P1,1,85,343.000000
RH,87,652.375000,P1,1,87,343.250000
LH,56,652.625000,P1,5,56,343.500000
RH,84,652.625000,P1,1,84,343.500000
RH,75,652.666667,P1,1,75,343.500000
RH,85,652.875000,P1,1,85,343.750000
RH,63,653.125000,P1,5,63,344.000000
RH,73,653.125000,P1,1,73,344.000000
RH,82,653.125000,P1,1,82,344.000000
RH,84,653.333333,P1,1,84,344.250000
RH,68,653.625000,P1,5,68,344.500000
RH,72,653.625000,P1,1,72,344.500000
RH,75,653.625000,P1,5,75,344.500000
RH,80,653.625000,P1,1,80,344.500000
RH,89,653.875000,P1,1,89,344.750000
LH,51,654.125000,P1,5,51,345.000000
RH,79,654.125000,P1,1,79,345.000000
RH,87,654.125000,P1,1,87,345.000000
RH,89,654.333333,P1,1,89,345.250000
RH,63,654.625000,P1,5,63,345.500000
RH,79,654.625000,P1,1,79,345.500000
RH,87,654.625000,P1,1,87,345.500000
RH,89,654.750000,P1,1,89,345.750000
RH,67,655.000000,P1,5,67,346.000000
RH,75,655.000000,P1,5,75,346.000000
RH,77,655.000000,P1,1,77,346.000000
RH,85,655.000000,P1,1,85,346.000000
RH,87,655.250000,P1,1,87,346.250000
LH,56,655.500000,P1,5,56,346.500000
RH,75,655.500000,P1,1,75,346.500000
RH,84,655.500000,P1,1,84,346.500000
LH,39,657.625000,P1,5,39,348.000000
RH,91,657.625000,P1,1,91,348.000000
RH,99,657.625000,P1,1,99,348.000000
RH,99,659.333333,P1,1,99,349.250000
LH,58,659.500000,P1,5,58,349.500000
RH,67,659.500000,P1,5,67,349.500000
RH,87,659.500000,P1,1,87,349.500000
RH,96,659.500000,P1,1,96,349.500000
RH,61,659.625000,P1,5,61,349.500000
RH,97,659.750000,P1,1,97,349.750000
RH,63,660.000000,P1,5,63,350.000000
RH,67,660.000000,P1,5,67,350.000000
RH,73,660.000000,P1,5,73,350.000000
RH,85,660.000000,P1,1,85,350.000000
RH,94,660.000000,P1,1,94,350.000000
RH,96,660.250000,P1,1,96,350.250000
RH,67,660.500000,P1,5,67,350.500000
RH,75,660.500000,P1,5,75,350.500000
RH,84,660.500000,P1,1,84,350.500000
RH,92,660.500000,P1,1,92,350.500000
RH,94,660.666667,P1,1,94,350.750000
RH,73,660.875000,P1,5,73,351.000000
RH,79,660.875000,P1,5,79,351.000000
RH,82,661.000000,P1,1,82,351.000000
RH,91,661.000000,P1,1,91,351.000000
RH,92,661.125000,P1,1,92,351.250000
RH,80,661.375000,P1,1,80,351.500000
RH,89,661.375000,P1,1,89,351.500000
RH,91,661.625000,P1,1,91,351.750000
RH,79,661.875000,P1,1,79,352.000000
RH,87,661.875000,P1,1,87,352.000000
RH,89,662.000000,P1,1,89,352.250000
RH,77,662.250000,P1,1,77,352.500000
RH,85,662.250000,P1,1,85,352.500000
RH,87,662.500000,P1,1,87,352.750000
RH,75,662.666667,P1,1,75,353.000000
RH,85,663.000000,P1,1,85,353.250000
RH,73,663.250000,P1,1,73,353.500000
RH,82,663.250000,P1,1,82,353.500000
RH,84,663.375000,P1,1,84,353.750000
RH,72,663.666667,P1,1,72,354.000000
RH,80,663.666667,P1,1,80,354.000000
RH,82,663.875000,P1,1,82,354.250000
RH,61,664.250000,P1,5,61,354.500000
RH,70,664.250000,P1,1,70,354.500000
RH,79,664.250000,P1,1,79,354.500000
RH,80,664.625000,P1,1,80,354.750000
RH,68,664.875000,P1,1,68,355.000000
RH,77,664.875000,P1,1,77,355.000000
RH,79,665.125000,P1,1,79,355.250000
RH,67,665.333333,P1,1,67,355.500000
RH,75,665.333333,P1,1,75,355.500000
RH,77,665.500000,P1,1,77,355.750000
LH,44,667.000000,P1,6,44,357.000000
RH,61,667.000000,P1,2,61,357.000000
RH,70,667.000000,P1,1,70,357.000000
RH,72,667.250000,P1,1,72,357.125000
LH,52,667.625000,P1,5,52,357.500000
RH,72,667.625000,P1,1,72,357.562500
RH,70,667.750000,P1,1,70,357.625000
RH,72,667.875000,P1,1,72,357.687500
LH,53,668.125000,P1,5,53,358.000000
RH,70,668.125000,P1,1,70,357.875000
RH,72,668.125000,P1,1,72,358.062500
RH,70,668.333333,P1,1,70,358.125000
RH,72,668.500000,P1,1,72,358.312500
RH,70,668.625000,P1,1,70,358.375000
LH,54,668.750000,P1,5,54,358.500000
RH,69,668.750000,P1,1,69,358.500000
RH,70,669.125000,P1,1,70,358.750000
LH,55,669.375000,P1,5,55,359.000000
RH,72,669.375000,P1,1,72,359.000000
RH,60,671.125000,P1,2,60,360.000000
RH,68,671.250000,P1,1,68,360.000000
RH,63,671.625000,P1,2,63,360.250000
RH,63,672.375000,P1,2,63,360.750000
LH,54,672.666667,P1,5,54,361.000000
RH,60,672.666667,P1,2,60,361.000000
RH,63,673.000000,P1,2,63,361.250000
LH,52,673.250000,P1,5,52,361.500000
RH,61,673.250000,P1,2,61,361.500000
RH,64,673.500000,P1,2,64,361.750000
LH,48,673.875000,P1,5,48,362.000000
RH,63,673.875000,P1,2,63,362.000000
RH,67,673.875000,P1,1,67,362.000000
RH,66,674.125000,P1,2,66,362.250000
RH,68,674.125000,P1,1,68,362.250000
LH,49,674.500000,P1,5,49,362.500000
RH,61,674.500000,P1,2,61,362.500000
RH,67,674.500000,P1,1,67,362.500000
RH,64,674.750000,P1,2,64,362.750000
RH,68,674.750000,P1,1,68,362.750000
RH,61,675.125000,P1,2,61,363.000000
RH,69,675.125000,P1,1,69,363.000000
RH,63,675.375000,P1,2,63,363.250000
LH,44,675.750000,P1,5,44,363.500000
RH,61,675.750000,P1,2,61,363.500000
RH,68,675.750000,P1,1,68,363.500000
RH,64,676.000000,P1,2,64,363.750000
LH,45,676.375000,P1,5,45,364.000000
RH,66,676.375000,P1,1,66,364.000000
LH,54,676.500000,P1,2,54,364.000000
RH,61,676.750000,P1,2,61,364.250000
LH,46,677.125000,P1,5,46,364.500000
LH,55,677.125000,P1,2,55,364.500000
RH,64,677.125000,P1,1,64,364.500000
RH,61,677.500000,P1,2,61,364.750000
LH,38,677.750000,P1,5,38,365.000000
LH,55,677.750000,P1,2,55,365.000000
LH,39,678.000000,P1,5,39,365.250000
RH,63,678.000000,P1,1,63,365.250000
RH,61,678.125000,P1,2,61,365.250000
LH,38,678.333333,P1,5,38,365.500000
RH,64,678.500000,P1,1,64,365.500000
LH,32,679.125000,P1,5,32,366.000000
LH,44,679.125000,P1,5,44,366.000000
RH,60,679.250000,P1,2,60,366.000000
RH,68,679.250000,P1,1,68,366.000000
RH,63,680.250000,P1,2,63,366.750000
LH,54,680.625000,P1,5,54,367.000000
RH,68,680.625000,P1,1,68,367.000000
LH,42,680.666667,P1,5,42,367.000000
RH,60,680.666667,P1,2,60,367.000000
RH,63,680.875000,P1,2,63,367.250000
LH,40,681.250000,P1,5,40,367.500000
LH,52,681.250000,P1,5,52,367.500000
LH,56,681.250000,P1,2,56,367.500000
RH,61,681.500000,P1,2,61,367.750000
LH,36,681.875000,P1,5,36,368.000000
LH,48,681.875000,P1,5,48,368.000000
LH,56,681.875000,P1,2,56,368.000000
RH,67,681.875000,P1,1,67,368.000000
RH,68,682.125000,P1,1,68,368.250000
RH,66,682.250000,P1,2,66,368.250000
LH,37,682.500000,P1,5,37,368.500000
LH,49,682.500000,P1,5,49,368.500000
LH,56,682.500000,P1,2,56,368.500000
RH,67,682.500000,P1,1,67,368.500000
RH,64,682.875000,P1,2,64,368.750000
RH,68,682.875000,P1,1,68,368.750000
LH,30,683.250000,P1,5,30,369.000000
LH,42,683.250000,P1,5,42,369.000000
RH,61,683.250000,P1,2,61,369.000000
RH,71,683.250000,P1,1,71,369.000000
RH,63,683.666667,P1,2,63,369.250000
RH,69,683.666667,P1,1,69,369.250000
LH,32,684.000000,P1,5,32,369.500000
LH,44,684.000000,P1,5,44,369.500000
RH,61,684.000000,P1,2,61,369.500000
RH,69,684.000000,P1,1,69,369.500000
RH,64,684.250000,P1,2,64,369.750000
RH,68,684.250000,P1,1,68,369.750000
LH,33,684.500000,P1,5,33,370.000000
LH,45,684.500000,P1,5,45,370.000000
RH,68,684.500000,P1,1,68,370.000000
RH,61,684.875000,P1,2,61,370.250000
RH,66,684.875000,P1,1,66,370.250000
LH,34,685.125000,P1,5,34,370.500000
LH,46,685.125000,P1,5,46,370.500000
LH,55,685.125000,P1,2,55,370.500000
RH,64,685.125000,P1,1,64,370.500000
RH,61,685.500000,P1,2,61,370.750000
RH,63,685.500000,P1,1,63,370.750000
LH,27,685.875000,P1,5,27,371.000000
LH,39,685.875000,P1,5,39,371.000000
RH,61,685.875000,P1,2,61,371.000000
RH,71,685.875000,P1,1,71,371.000000
RH,67,686.500000,P1,2,67,371.250000
LH,32,687.500000,P1,6,32,372.000000
LH,44,687.500000,P1,6,44,372.000000
RH,80,687.666667,P1,1,80,372.000000
RH,73,687.750000,P1,5,73,372.000000
RH,72,688.250000,P1,5,72,372.500000
LH,44,689.375000,P1,6,44,373.000000
LH,51,689.375000,P1,6,51,373.000000
RH,68,689.750000,P1,5,68,373.250000
RH,70,690.125000,P1,5,70,373.500000
RH,80,690.125000,P1,1,80,373.500000
RH,68,690.375000,P1,5,68,373.750000
LH,58,690.666667,P1,7,58,374.000000
RH,70,690.666667,P1,5,70,374.000000
RH,79,690.666667,P1,1,79,374.000000
RH,65,691.000000,P1,5,65,374.250000
LH,58,691.375000,P1,7,58,374.500000
RH,67,691.375000,P1,5,67,374.500000
RH,75,691.375000,P1,1,75,374.500000
RH,63,691.666667,P1,5,63,374.750000
RH,70,692.000000,P1,5,70,375.000000
RH,78,692.000000,P1,1,78,375.000000
RH,69,692.250000,P1,5,69,375.250000
LH,57,692.625000,P1,7,57,375.500000
RH,78,692.625000,P1,1,78,375.500000
RH,72,692.666667,P1,5,72,375.500000
LH,58,692.875000,P1,7,58,375.750000
RH,66,692.875000,P1,5,66,375.750000
LH,57,693.250000,P1,7,57,376.000000
RH,70,693.250000,P1,5,70,376.000000
RH,78,693.250000,P1,1,78,376.000000
RH,75,693.375000,P1,5,75,376.000000
RH,66,693.500000,P1,5,66,376.250000
RH,63,694.000000,P1,6,63,376.500000
RH,70,694.000000,P1,5,70,376.500000
RH,75,694.000000,P1,2,75,376.500000
RH,78,694.000000,P1,1,78,376.500000
RH,66,694.375000,P1,5,66,376.750000
RH,70,694.666667,P1,5,70,377.000000
RH,74,694.666667,P1,2,74,377.000000
RH,66,695.000000,P1,5,66,377.250000
RH,70,695.333333,P1,5,70,377.500000
RH,73,695.333333,P1,2,73,377.500000
RH,66,695.625000,P1,5,66,377.750000
LH,32,696.000000,P1,6,32,378.000000
LH,44,696.000000,P1,7,44,378.000000
RH,69,696.125000,P1,5,69,378.000000
RH,78,696.125000,P1,1,78,378.000000
RH,68,696.500000,P1,5,68,378.250000
LH,39,696.875000,P1,6,39,378.500000
LH,51,696.875000,P1,7,51,378.500000
RH,68,696.875000,P1,5,68,378.500000
RH,78,696.875000,P1,1,78,378.500000
LH,44,697.500000,P1,6,44,379.000000
LH,56,697.500000,P1,7,56,379.000000
RH,68,697.500000,P1,5,68,379.000000
RH,78,697.500000,P1,1,78,379.000000
RH,63,697.875000,P1,5,63,379.250000
RH,68,698.125000,P1,5,68,379.500000
RH,78,698.125000,P1,1,78,379.500000
RH,67,698.500000,P1,5,67,379.750000
LH,56,698.750000,P1,7,56,380.000000
RH,68,698.750000,P1,5,68,380.000000
RH,77,698.750000,P1,1,77,380.000000
RH,64,699.125000,P1,5,64,380.250000
LH,56,699.500000,P1,7,56,380.500000
RH,72,699.500000,P1,1,72,380.500000
RH,65,699.625000,P1,5,65,380.500000
RH,60,699.875000,P1,5,60,380.750000
RH,64,700.125000,P1,5,64,381.000000
RH,76,700.125000,P1,1,76,381.000000
RH,71,700.250000,P1,5,71,381.000000
RH,63,700.500000,P1,5,63,381.250000
LH,55,700.875000,P1,6,55,381.500000
RH,66,700.875000,P1,5,66,381.500000
RH,76,700.875000,P1,1,76,381.500000
LH,56,701.250000,P1,6,56,381.750000
LH,59,701.250000,P1,5,59,381.750000
LH,55,701.625000,P1,6,55,382.000000
RH,76,701.666667,P1,1,76,382.000000
RH,71,701.750000,P1,5,71,382.000000
LH,59,702.000000,P1,5,59,382.250000
RH,71,702.500000,P1,5,71,382.500000
RH,76,702.500000,P1,1,76,382.500000
RH,64,703.000000,P1,5,64,382.750000
LH,33,706.750000,P1,6,33,384.000000
RH,61,707.000000,P1,5,61,384.000000
RH,67,711.000000,P1,5,67,385.250000
RH,69,711.000000,P1,5,69,385.250000
LH,38,711.625000,P1,6,38,385.500000
RH,64,711.750000,P1,5,64,385.500000
RH,76,711.750000,P1,1,76,385.500000
LH,57,712.375000,P1,6,57,385.750000
RH,69,712.375000,P1,5,69,385.750000
LH,54,712.875000,P1,6,54,386.000000
RH,62,712.875000,P1,5,62,386.000000
RH,74,712.875000,P1,1,74,386.000000
LH,57,713.333333,P1,6,57,386.250000
RH,66,713.333333,P1,5,66,386.250000
RH,69,713.333333,P1,5,69,386.250000
LH,47,713.875000,P1,6,47,386.500000
RH,61,713.875000,P1,5,61,386.500000
RH,73,713.875000,P1,1,73,386.500000
LH,57,714.333333,P1,6,57,386.750000
RH,69,714.333333,P1,5,69,386.750000
RH,66,714.500000,P1,5,66,386.750000
LH,40,714.875000,P1,6,40,387.000000
RH,73,714.875000,P1,1,73,387.000000
RH,61,715.000000,P1,5,61,387.000000
LH,52,715.500000,P1,6,52,387.250000
RH,68,715.500000,P1,5,68,387.250000
RH,71,716.000000,P1,1,71,387.500000
LH,50,716.125000,P1,6,50,387.500000
LH,56,716.125000,P1,6,56,387.500000
LH,59,716.125000,P1,5,59,387.500000
LH,52,716.500000,P1,6,52,387.750000
RH,68,716.500000,P1,5,68,387.750000
RH,64,716.625000,P1,5,64,387.750000
LH,49,717.000000,P1,6,49,388.000000
RH,69,717.000000,P1,1,69,388.000000
LH,57,717.125000,P1,5,57,388.000000
LH,52,717.625000,P1,6,52,388.250000
RH,64,717.625000,P1,5,64,388.250000
RH,73,718.333333,P1,1,73,388.500000
RH,61,718.375000,P1,5,61,388.500000
LH,52,718.875000,P1,6,52,388.750000
RH,64,718.875000,P1,5,64,388.750000
RH,69,718.875000,P1,5,69,388.750000
LH,57,719.375000,P1,6,57,389.000000
RH,61,719.375000,P1,5,61,389.000000
RH,62,719.875000,P1,5,62,389.250000
LH,54,720.000000,P1,6,54,389.250000
LH,52,720.500000,P1,6,52,389.500000
RH,61,720.500000,P1,5,61,389.500000
RH,64,721.000000,P1,5,64,389.750000
RH,69,721.000000,P1,5,69,389.750000
LH,33,721.750000,P1,6,33,390.000000
LH,59,724.000000,P1,6,59,390.750000
RH,69,724.000000,P1,5,69,390.750000
RH,61,724.625000,P1,6,61,391.000000
RH,76,724.625000,P1,1,76,391.000000
RH,64,724.666667,P1,5,64,391.000000
RH,69,725.125000,P1,5,69,391.250000
RH,67,725.333333,P1,5,67,391.250000
LH,38,725.750000,P1,6,38,391.500000
RH,64,726.000000,P1,5,64,391.500000
RH,76,726.000000,P1,1,76,391.500000
RH,69,726.625000,P1,5,69,391.750000
LH,57,726.666667,P1,6,57,391.750000
LH,54,727.125000,P1,6,54,392.000000
RH,74,727.125000,P1,1,74,392.000000
RH,62,727.250000,P1,5,62,392.000000
LH,57,727.625000,P1,6,57,392.250000
RH,69,727.625000,P1,5,69,392.250000
RH,66,727.750000,P1,5,66,392.250000
LH,42,728.125000,P1,6,42,392.500000
RH,61,728.125000,P1,5,61,392.500000
RH,73,728.125000,P1,1,73,392.500000
LH,49,728.750000,P1,6,49,392.750000
RH,66,728.750000,P1,5,66,392.750000
RH,69,728.750000,P1,5,69,392.750000
LH,41,729.250000,P1,6,41,393.000000
RH,61,729.250000,P1,5,61,393.000000
RH,73,729.250000,P1,1,73,393.000000
LH,49,729.750000,P1,6,49,393.250000
RH,68,729.750000,P1,5,68,393.250000
LH,56,730.250000,P1,6,56,393.500000
LH,59,730.250000,P1,5,59,393.500000
RH,71,730.250000,P1,1,71,393.500000
LH,49,730.750000,P1,6,49,393.750000
RH,68,730.750000,P1,5,68,393.750000
LH,42,731.250000,P1,6,42,394.000000
LH,57,731.250000,P1,5,57,394.000000
RH,69,731.250000,P1,1,69,394.000000
LH,49,731.750000,P1,6,49,394.250000
RH,61,731.750000,P1,5,61,394.250000
RH,66,731.750000,P1,5,66,394.250000
LH,37,732.375000,P1,6,37,394.500000
RH,73,732.666667,P1,1,73,394.500000
LH,44,733.250000,P1,6,44,394.750000
RH,65,733.250000,P1,5,65,394.750000
RH,68,733.250000,P1,5,68,394.750000
LH,56,733.750000,P1,6,56,395.000000
RH,61,733.750000,P1,5,61,395.000000
LH,49,734.250000,P1,6,49,395.250000
RH,68,734.250000,P1,5,68,395.250000
RH,65,734.333333,P1,5,65,395.250000
RH,65,735.500000,P1,5,65,395.750000
RH,68,735.500000,P1,5,68,395.750000
LH,40,736.250000,P1,6,40,396.000000
RH,61,736.500000,P1,5,61,396.000000
RH,73,736.500000,P1,1,73,396.000000
LH,52,737.250000,P1,6,52,396.250000
RH,68,737.250000,P1,5,68,396.250000
RH,71,737.750000,P1,1,71,396.500000
LH,50,737.875000,P1,6,50,396.500000
LH,56,737.875000,P1,6,56,396.500000
LH,59,737.875000,P1,5,59,396.500000
LH,52,738.333333,P1,6,52,396.750000
RH,68,738.333333,P1,5,68,396.750000
RH,64,738.375000,P1,5,64,396.750000
LH,49,738.875000,P1,6,49,397.000000
LH,57,738.875000,P1,5,57,397.000000
RH,69,738.875000,P1,1,69,397.000000
LH,52,739.375000,P1,6,52,397.250000
RH,64,739.375000,P1,5,64,397.250000
LH,45,740.000000,P1,6,45,397.500000
RH,61,740.125000,P1,5,61,397.500000
RH,73,740.125000,P1,1,73,397.500000
LH,52,740.875000,P1,6,52,397.750000
RH,64,740.875000,P1,5,64,397.750000
RH,69,740.875000,P1,5,69,397.750000
LH,57,741.375000,P1,6,57,398.000000
RH,61,741.375000,P1,5,61,398.000000
LH,54,741.875000,P1,6,54,398.250000
RH,62,741.875000,P1,5,62,398.250000
LH,52,742.375000,P1,6,52,398.500000
RH,61,742.375000,P1,5,61,398.500000
LH,45,743.000000,P1,6,45,398.750000
RH,64,743.000000,P1,5,64,398.750000
RH,61,743.500000,P1,5,61,399.000000
LH,57,743.625000,P1,6,57,399.000000
RH,61,750.333333,P1,5,61,400.500000
LH,52,750.375000,P1,6,52,400.500000
RH,76,759.625000,P1,2,76,403.500000
RH,85,759.625000,P1,1,85,403.500000
RH,76,762.875000,P1,1,76,405.000000
RH,69,763.000000,P1,2,69,405.000000
RH,74,763.500000,P1,2,74,405.250000
RH,76,763.875000,P1,1,76,405.500000
RH,69,764.250000,P1,2,69,405.750000
RH,81,764.250000,P1,1,81,405.750000
RH,64,764.625000,P1,2,64,406.000000
RH,73,764.625000,P1,1,73,406.000000
RH,65,765.125000,P1,2,65,406.250000
RH,74,765.125000,P1,1,74,406.250000
RH,64,765.500000,P1,2,64,406.500000
RH,73,765.500000,P1,1,73,406.500000
LH,45,768.000000,P1,5,45,408.000000
RH,64,768.000000,P1,1,64,408.000000
RH,62,768.375000,P1,5,62,408.250000
RH,61,772.375000,P1,5,61,409.500000
RH,64,772.375000,P1,1,64,409.500000
RH,69,774.375000,P1,1,69,409.750000
RH,70,780.750000,P1,1,70,410.500000
RH,68,782.500000,P1,1,68,410.750000
RH,69,783.875000,P1,1,69,411.000000
RH,70,785.000000,P1,1,70,411.500000
RH,74,786.000000,P1,1,74,412.000000
LH,57,786.875000,P1,5,57,412.500000
RH,73,786.875000,P1,1,73,412.500000
LH,58,787.875000,P1,5,58,413.000000
RH,67,787.875000,P1,1,67,413.000000
RH,62,788.750000,P1,5,62,413.500000
RH,70,788.750000,P1,1,70,413.500000
RH,61,789.666667,P1,5,61,414.000000
RH,69,789.666667,P1,1,69,414.000000
LH,55,790.500000,P1,5,55,414.500000
RH,70,790.500000,P1,1,70,414.500000
LH,58,791.375000,P1,5,58,415.000000
RH,74,791.375000,P1,1,74,415.000000
LH,57,792.333333,P1,5,57,415.500000
RH,73,792.333333,P1,1,73,415.500000
LH,58,793.125000,P1,5,58,416.000000
RH,67,793.125000,P1,1,67,416.000000
RH,62,794.000000,P1,5,62,416.500000
RH,70,794.000000,P1,1,70,416.500000
RH,61,795.000000,P1,6,61,417.000000
RH,60,796.000000,P1,6,60,417.500000
RH,69,796.000000,P1,1,69,417.500000
RH,70,796.500000,P1,1,70,417.750000
LH,58,797.000000,P1,6,58,418.000000
RH,67,797.000000,P1,5,67,418.000000
RH,69,797.000000,P1,1,69,418.000000
RH,70,797.333333,P1,1,70,418.250000
RH,72,797.750000,P1,1,72,418.500000
RH,60,797.875000,P1,5,60,418.500000
LH,57,798.625000,P1,6,57,419.000000
RH,62,798.625000,P1,5,62,419.000000
RH,72,798.625000,P1,1,72,419.000000
LH,50,799.500000,P1,6,50,419.500000
RH,65,799.500000,P1,5,65,419.500000
RH,72,799.500000,P1,1,72,419.500000
LH,55,800.666667,P1,6,55,420.000000
LH,43,801.750000,P1,6,43,420.500000
RH,62,801.875000,P1,5,62,420.500000
RH,70,801.875000,P1,1,70,420.500000
RH,69,802.333333,P1,1,69,420.750000
LH,58,802.875000,P1,5,58,421.000000
RH,64,802.875000,P1,5,64,421.000000
RH,67,802.875000,P1,1,67,421.000000
LH,41,804.000000,P1,7,41,421.500000
LH,57,804.250000,P1,5,57,421.500000
RH,65,804.250000,P1,1,65,421.500000
LH,52,807.125000,P1,6,52,423.000000
RH,60,807.125000,P1,5,60,423.000000
RH,61,807.875000,P1,5,61,423.500000
LH,46,808.000000,P1,6,46,423.500000
LH,49,808.750000,P1,6,49,424.000000
RH,65,808.750000,P1,5,65,424.000000
RH,72,809.625000,P1,1,72,424.500000
LH,48,809.666667,P1,6,48,424.500000
RH,64,809.666667,P1,5,64,424.500000
LH,58,810.500000,P1,5,58,425.000000
RH,73,810.500000,P1,1,73,425.000000
RH,61,811.333333,P1,5,61,425.500000
RH,77,811.333333,P1,1,77,425.500000
RH,60,812.125000,P1,6,60,426.000000
RH,76,812.125000,P1,1,76,426.000000
RH,61,813.000000,P1,6,61,426.500000
RH,70,813.000000,P1,1,70,426.500000
RH,65,813.750000,P1,6,65,427.000000
RH,73,813.750000,P1,1,73,427.000000
RH,64,814.666667,P1,6,64,427.500000
RH,63,815.500000,P1,6,63,428.000000
RH,61,816.500000,P1,6,61,428.500000
RH,70,816.500000,P1,5,70,428.500000
RH,72,816.500000,P1,1,72,428.500000
RH,73,816.875000,P1,1,73,428.750000
RH,75,817.250000,P1,1,75,429.000000
RH,63,817.333333,P1,5,63,429.000000
RH,65,818.000000,P1,5,65,429.500000
RH,60,818.125000,P1,6,60,429.500000
LH,58,819.875000,P1,6,58,430.500000
RH,61,820.000000,P1,5,61,430.500000
RH,68,820.000000,P1,5,68,430.500000
RH,75,820.000000,P1,1,75,430.500000
LH,46,821.000000,P1,6,46,431.000000
RH,65,821.250000,P1,5,65,431.000000
RH,73,821.250000,P1,1,73,431.000000
RH,72,821.625000,P1,1,72,431.250000
RH,67,822.000000,P1,5,67,431.500000
RH,70,822.000000,P1,1,70,431.500000
RH,61,822.125000,P1,5,61,431.500000
RH,72,822.500000,P1,1,72,431.750000
LH,44,823.125000,P1,6,44,432.000000
RH,60,823.125000,P1,5,60,432.000000
RH,68,823.125000,P1,1,68,432.000000
LH,56,825.125000,P1,7,56,433.000000
LH,55,825.875000,P1,7,55,433.500000
RH,63,825.875000,P1,5,63,433.500000
LH,49,826.750000,P1,7,49,434.000000
RH,64,826.750000,P1,5,64,434.000000
LH,52,827.500000,P1,7,52,434.500000
RH,68,827.500000,P1,5,68,434.500000
LH,51,828.375000,P1,6,51,435.000000
RH,67,828.375000,P1,5,67,435.000000
RH,75,828.375000,P1,1,75,435.000000
RH,68,829.250000,P1,5,68,435.500000
RH,76,829.250000,P1,1,76,435.500000
RH,62,830.000000,P1,6,62,436.000000
RH,71,830.000000,P1,5,71,436.000000
RH,80,830.000000,P1,1,80,436.000000
RH,63,830.750000,P1,6,63,436.500000
RH,79,830.750000,P1,1,79,436.500000
RH,70,830.875000,P1,5,70,436.500000
RH,64,831.625000,P1,6,64,437.000000
RH,69,831.625000,P1,5,69,437.000000
RH,73,831.625000,P1,1,73,437.000000
RH,76,832.375000,P1,1,76,437.500000
RH,67,833.333333,P1,6,67,438.000000
RH,66,834.125000,P1,6,66,438.500000
RH,76,834.666667,P1,1,76,438.750000
RH,64,835.000000,P1,6,64,439.000000
RH,73,835.000000,P1,5,73,439.000000
RH,75,835.000000,P1,1,75,439.000000
RH,76,835.375000,P1,1,76,439.250000
RH,63,835.750000,P1,6,63,439.500000
RH,66,835.750000,P1,5,66,439.500000
RH,78,835.750000,P1,1,78,439.500000
RH,60,838.750000,P1,6,60,441.000000
RH,63,838.750000,P1,6,63,441.000000
RH,69,839.000000,P1,5,69,441.000000
RH,78,839.000000,P1,1,78,441.000000
LH,53,840.125000,P1,6,53,441.500000
RH,73,841.666667,P1,1,73,442.250000
LH,46,842.125000,P1,6,46,442.500000
RH,61,843.000000,P1,6,61,443.000000
LH,53,843.125000,P1,6,53,443.000000
LH,42,845.250000,P1,5,42,444.000000
RH,61,847.625000,P1,5,61,445.000000
RH,75,848.000000,P1,1,75,445.250000
LH,37,848.500000,P1,5,37,445.500000
RH,77,848.500000,P1,1,77,445.500000
LH,53,849.500000,P1,5,53,446.000000
RH,61,849.500000,P1,5,61,446.000000
RH,77,849.500000,P1,1,77,446.000000
LH,56,849.625000,P1,5,56,446.000000
LH,56,850.375000,P1,5,56,446.500000
LH,39,851.625000,P1,5,39,447.000000
RH,77,851.666667,P1,1,77,447.000000
RH,70,853.500000,P1,1,70,447.750000
LH,58,854.000000,P1,5,58,448.000000
RH,60,854.000000,P1,5,60,448.000000
RH,66,854.000000,P1,5,66,448.000000
RH,73,854.000000,P1,1,73,448.000000
RH,72,854.500000,P1,1,72,448.250000
LH,41,855.000000,P1,5,41,448.500000
RH,69,855.125000,P1,1,69,448.500000
LH,53,858.333333,P1,5,53,450.000000
RH,76,858.333333,P1,1,76,450.000000
RH,64,859.250000,P1,5,64,450.500000
RH,67,859.250000,P1,5,67,450.500000
RH,70,859.250000,P1,1,70,450.500000
RH,61,859.333333,P1,5,61,450.500000
RH,73,860.125000,P1,1,73,451.000000
LH,58,860.250000,P1,5,58,451.000000
RH,64,860.250000,P1,5,64,451.000000
RH,61,860.333333,P1,5,61,451.000000
LH,41,861.250000,P1,5,41,451.500000
RH,69,862.250000,P1,5,69,452.000000
RH,72,862.250000,P1,1,72,452.000000
RH,65,863.125000,P1,5,65,452.500000
RH,77,863.125000,P1,1,77,452.500000
LH,57,863.250000,P1,5,57,452.500000
LH,53,864.000000,P1,5,53,453.000000
RH,76,864.500000,P1,1,76,453.250000
RH,61,865.125000,P1,5,61,453.500000
RH,64,865.125000,P1,5,64,453.500000
RH,67,865.125000,P1,5,67,453.500000
RH,70,865.125000,P1,1,70,453.500000
RH,72,865.500000,P1,1,72,453.750000
LH,58,866.000000,P1,5,58,454.000000
RH,61,866.000000,P1,5,61,454.000000
RH,64,866.000000,P1,5,64,454.000000
RH,75,866.000000,P1,1,75,454.000000
LH,41,867.125000,P1,5,41,454.500000
RH,72,869.250000,P1,1,72,455.500000
RH,73,869.625000,P1,1,73,455.750000
LH,53,870.000000,P1,5,53,456.000000
RH,75,870.125000,P1,1,75,456.000000
RH,63,871.000000,P1,5,63,456.500000
RH,66,871.000000,P1,5,66,456.500000
RH,70,871.000000,P1,5,70,456.500000
RH,75,871.000000,P1,1,75,456.500000
RH,63,872.000000,P1,5,63,457.000000
LH,41,873.125000,P1,5,41,457.500000
RH,75,873.333333,P1,1,75,457.500000
LH,57,875.750000,P1,5,57,458.500000
RH,63,875.750000,P1,5,63,458.500000
RH,65,875.750000,P1,5,65,458.500000
RH,73,876.250000,P1,1,73,458.750000
LH,46,876.666667,P1,5,46,459.000000
RH,70,876.875000,P1,1,70,459.000000
RH,65,877.750000,P1,5,65,459.500000
LH,58,877.875000,P1,5,58,459.500000
RH,61,877.875000,P1,5,61,459.500000
LH,53,878.750000,P1,5,53,460.000000
RH,61,878.750000,P1,5,61,460.000000
LH,58,878.875000,P1,5,58,460.000000
LH,48,879.750000,P1,5,48,460.500000
RH,67,879.875000,P1,1,67,460.500000
LH,41,884.125000,P1,5,41,462.000000
LH,48,884.750000,P1,5,48,462.250000
RH,60,886.250000,P1,5,60,463.000000
RH,77,886.250000,P1,1,77,463.000000
RH,68,886.666667,P1,5,68,463.250000
LH,41,887.333333,P1,5,41,463.500000
RH,72,889.000000,P1,1,72,464.437500
RH,75,889.333333,P1,1,75,464.625000
RH,73,889.625000,P1,1,73,464.812500
LH,41,889.875000,P1,5,41,465.000000
LH,48,890.333333,P1,5,48,465.250000
LH,56,890.750000,P1,5,56,465.500000
LH,53,891.000000,P1,5,53,465.750000
RH,72,891.125000,P1,1,72,465.750000
RH,80,891.500000,P1,1,80,465.937500
RH,79,891.750000,P1,1,79,466.125000
RH,77,892.000000,P1,1,77,466.312500
LH,41,892.250000,P1,5,41,466.500000
RH,77,892.375000,P1,1,77,466.500000
LH,49,892.875000,P1,5,49,466.750000
RH,76,892.875000,P1,1,76,466.750000
RH,69,893.375000,P1,1,69,467.143750
RH,70,893.500000,P1,1,70,467.283333
LH,52,893.625000,P1,5,52,467.250000
RH,71,893.750000,P1,1,71,467.427083
RH,72,894.000000,P1,1,72,467.566667
RH,75,894.250000,P1,1,75,467.710417
RH,73,894.500000,P1,1,73,467.850000
LH,41,894.666667,P1,5,41,468.000000
LH,48,895.125000,P1,5,48,468.250000
LH,56,895.500000,P1,5,56,468.500000
RH,72,895.500000,P1,1,72,468.500000
RH,73,895.750000,P1,1,73,468.666667
LH,40,896.000000,P1,5,40,468.750000
RH,72,896.000000,P1,1,72,468.833333
RH,71,896.250000,P1,1,71,469.000000
LH,48,896.375000,P1,5,48,469.000000
RH,72,896.500000,P1,1,72,469.166667
LH,56,896.750000,P1,5,56,469.250000
RH,73,896.750000,P1,1,73,469.333333
LH,39,897.125000,P1,5,39,469.500000
RH,74,897.125000,P1,1,74,469.500000
LH,48,897.500000,P1,5,48,469.750000
LH,56,897.875000,P1,5,56,470.000000
LH,51,898.250000,P1,5,51,470.250000
RH,80,898.375000,P1,1,80,470.250000
RH,72,898.666667,P1,1,72,470.400000
RH,73,898.875000,P1,1,73,470.550000
RH,74,899.125000,P1,1,74,470.700000
RH,75,899.333333,P1,1,75,470.850000
RH,76,899.666667,P1,1,76,471.000000
LH,49,899.875000,P1,5,49,471.250000
RH,77,900.125000,P1,1,77,471.300000
LH,55,900.250000,P1,5,55,471.500000
RH,75,900.333333,P1,1,75,471.450000
RH,72,900.500000,P1,1,72,471.600000
RH,75,900.750000,P1,1,75,471.750000
RH,73,901.000000,P1,1,73,471.900000
RH,65,901.125000,P1,1,65,472.050000
RH,67,901.375000,P1,1,67,472.200000
RH,63,901.666667,P1,1,63,472.350000
LH,44,902.000000,P1,5,44,472.500000
RH,68,902.125000,P1,1,68,472.500000
RH,60,903.750000,P1,5,60,473.500000
RH,68,904.000000,P1,5,68,473.750000
LH,44,904.500000,P1,5,44,474.000000
LH,52,904.875000,P1,5,52,474.250000
LH,32,907.500000,P1,5,32,475.500000
RH,60,909.750000,P1,5,60,476.500000
RH,80,909.750000,P1,1,80,476.500000
RH,68,910.125000,P1,5,68,476.750000
LH,44,910.750000,P1,5,44,477.000000
LH,52,911.125000,P1,5,52,477.250000
RH,79,911.125000,P1,1,79,477.166667
RH,61,911.625000,P1,5,61,477.500000
RH,73,911.875000,P1,1,73,477.666667
LH,58,912.000000,P1,5,58,477.750000
RH,74,912.125000,P1,1,74,477.833333
RH,67,912.250000,P1,5,67,478.000000
RH,75,912.375000,P1,1,75,478.000000
RH,78,912.500000,P1,1,78,478.166667
RH,76,912.750000,P1,1,76,478.333333
LH,44,913.125000,P1,5,44,478.500000
LH,51,913.500000,P1,5,51,478.750000
RH,75,913.625000,P1,1,75,478.750000
RH,60,913.875000,P1,5,60,479.000000
RH,77,913.875000,P1,1,77,479.000000
LH,56,914.125000,P1,5,56,479.250000
RH,74,914.125000,P1,1,74,479.166667
RH,75,914.333333,P1,1,75,479.333333
RH,84,914.625000,P1,1,84,479.500000
RH,82,914.875000,P1,1,82,479.666667
RH,81,915.125000,P1,1,81,479.833333
LH,44,915.375000,P1,5,44,480.000000
RH,80,915.375000,P1,1,80,480.000000
LH,52,915.666667,P1,5,52,480.250000
RH,79,915.666667,P1,1,79,480.166667
RH,71,915.875000,P1,1,71,480.333333
RH,61,916.125000,P1,5,61,480.500000
RH,72,916.125000,P1,1,72,480.500000
RH,73,916.333333,P1,1,73,480.666667
LH,58,916.375000,P1,5,58,480.750000
RH,74,916.625000,P1,1,74,480.833333
RH,75,916.750000,P1,1,75,481.000000
RH,78,917.000000,P1,1,78,481.166667
RH,76,917.250000,P1,1,76,481.333333
LH,44,917.500000,P1,5,44,481.500000
LH,51,917.875000,P1,5,51,481.750000
RH,60,918.250000,P1,5,60,482.000000
RH,75,918.250000,P1,1,75,482.000000
RH,77,918.500000,P1,1,77,482.166667
LH,56,918.625000,P1,5,56,482.250000
LH,39,919.750000,P1,5,39,483.000000
RH,78,920.000000,P1,1,78,483.000000
LH,51,921.125000,P1,5,51,483.750000
LH,58,921.375000,P1,5,58,484.000000
RH,82,921.875000,P1,1,82,484.166667
RH,80,922.125000,P1,1,80,484.333333
LH,41,922.250000,P1,5,41,484.500000
RH,78,922.375000,P1,1,78,484.500000
RH,77,922.625000,P1,1,77,484.666667
LH,48,922.666667,P1,5,48,484.750000
RH,76,922.750000,P1,1,76,484.833333
LH,57,923.000000,P1,5,57,485.000000
RH,75,923.000000,P1,1,75,485.000000
LH,53,923.250000,P1,5,53,485.250000
RH,73,923.250000,P1,1,73,485.166667
RH,71,923.375000,P1,1,71,485.333333
RH,72,923.625000,P1,1,72,485.500000
RH,75,923.875000,P1,1,75,485.666667
RH,73,924.000000,P1,1,73,485.833333
LH,34,924.333333,P1,5,34,486.000000
RH,72,924.375000,P1,1,72,486.000000
LH,41,924.750000,P1,5,41,486.250000
LH,49,925.250000,P1,5,49,486.500000
LH,46,925.625000,P1,5,46,486.750000
LH,42,926.875000,P1,5,42,487.500000
LH,49,927.375000,P1,5,49,487.750000
LH,54,928.250000,P1,5,54,488.250000
RH,73,928.375000,P1,1,73,488.333333
RH,72,928.625000,P1,1,72,488.500000
RH,73,928.875000,P1,1,73,488.666667
RH,75,929.125000,P1,1,75,488.833333
LH,37,929.500000,P1,5,37,489.000000
RH,77,929.500000,P1,1,77,489.000000
LH,44,929.750000,P1,5,44,489.250000
LH,53,930.125000,P1,5,53,489.500000
LH,49,930.500000,P1,5,49,489.750000
RH,77,931.000000,P1,1,77,490.000000
RH,75,931.250000,P1,1,75,490.166667
RH,73,931.375000,P1,1,73,490.333333
RH,71,931.500000,P1,1,71,490.500000
RH,73,931.750000,P1,1,73,490.583333
RH,71,931.875000,P1,1,71,490.666667
RH,73,932.000000,P1,1,73,490.750000
RH,71,932.125000,P1,1,71,490.833333
RH,70,932.250000,P1,1,70,490.916667
RH,71,932.500000,P1,1,71,491.000000
RH,73,932.666667,P1,1,73,491.166667
LH,40,932.750000,P1,5,40,491.250000
RH,75,932.875000,P1,1,75,491.333333
RH,69,933.125000,P1,1,69,491.500000
LH,49,933.250000,P1,5,49,491.500000
RH,72,933.375000,P1,1,72,491.666667
LH,55,933.666667,P1,5,55,491.750000
RH,70,933.666667,P1,1,70,491.833333
RH,69,934.000000,P1,1,69,492.000000
LH,41,934.125000,P1,5,41,492.000000
RH,72,934.250000,P1,1,72,492.166667
LH,48,934.500000,P1,5,48,492.250000
RH,76,934.500000,P1,1,76,492.333333
LH,57,934.666667,P1,5,57,492.500000
RH,78,934.666667,P1,1,78,492.500000
RH,77,934.875000,P1,1,77,492.666667
LH,53,935.000000,P1,5,53,492.750000
RH,81,935.125000,P1,1,81,492.833333
RH,84,935.333333,P1,1,84,493.000000
RH,77,935.500000,P1,1,77,493.166667
RH,89,935.750000,P1,1,89,493.333333
LH,41,935.875000,P1,5,41,493.500000
RH,88,936.000000,P1,1,88,493.500000
RH,84,936.250000,P1,1,84,493.666667
LH,49,936.333333,P1,5,49,493.750000
LH,58,936.666667,P1,5,58,494.000000
LH,52,936.750000,P1,5,52,494.250000
RH,82,936.875000,P1,1,82,494.166667
RH,79,937.000000,P1,1,79,494.333333
RH,76,937.250000,P1,1,76,494.500000
RH,73,937.375000,P1,1,73,494.666667
RH,70,937.625000,P1,1,70,494.833333
LH,41,937.750000,P1,5,41,495.000000
RH,69,937.750000,P1,1,69,495.000000
RH,72,938.000000,P1,1,72,495.166667
LH,48,938.125000,P1,5,48,495.250000
RH,76,938.250000,P1,1,76,495.333333
LH,57,938.375000,P1,5,57,495.500000
RH,78,938.375000,P1,1,78,495.500000
RH,77,938.500000,P1,1,77,495.666667
RH,81,938.750000,P1,1,81,495.833333
RH,84,939.000000,P1,1,84,496.000000
RH,89,939.125000,P1,1,89,496.166667
RH,101,939.375000,P1,1,101,496.333333
LH,53,939.625000,P1,5,53,496.500000
RH,100,939.625000,P1,1,100,496.500000
RH,61,939.875000,P1,5,61,496.750000
RH,96,939.875000,P1,1,96,496.666667
RH,99,940.000000,P1,1,99,496.833333
RH,70,940.125000,P1,5,70,497.000000
RH,97,940.250000,P1,1,97,497.000000
RH,94,940.375000,P1,1,94,497.166667
RH,91,940.625000,P1,1,91,497.333333
RH,88,940.750000,P1,1,88,497.500000
RH,85,941.000000,P1,1,85,497.666667
RH,82,941.250000,P1,1,82,497.833333
RH,65,941.375000,P1,5,65,498.000000
RH,72,941.375000,P1,5,72,498.000000
RH,81,941.375000,P1,1,81,498.000000
RH,84,941.666667,P1,1,84,498.166667
RH,87,941.875000,P1,1,87,498.333333
RH,89,942.000000,P1,1,89,498.500000
RH,92,942.250000,P1,1,92,498.666667
RH,90,942.375000,P1,1,90,498.833333
RH,87,942.500000,P1,1,87,499.000000
RH,84,942.750000,P1,1,84,499.166667
RH,81,942.875000,P1,1,81,499.333333
RH,78,943.125000,P1,1,78,499.500000
RH,75,943.250000,P1,1,75,499.666667
RH,72,943.375000,P1,1,72,499.833333
RH,69,943.625000,P1,1,69,500.000000
RH,61,943.750000,P1,5,61,500.166667
RH,70,943.750000,P1,1,70,500.166667
RH,71,944.000000,P1,1,71,500.333333
RH,72,944.125000,P1,1,72,500.500000
RH,73,944.333333,P1,1,73,500.666667
RH,70,944.500000,P1,1,70,500.833333
RH,60,944.750000,P1,5,60,501.000000
RH,65,944.750000,P1,5,65,501.000000
RH,69,944.750000,P1,1,69,501.000000
RH,72,945.000000,P1,1,72,501.166667
RH,75,945.250000,P1,1,75,501.333333
RH,75,946.000000,P1,1,75,502.000000
RH,72,946.125000,P1,1,72,502.166667
RH,69,946.333333,P1,1,69,502.333333
RH,66,946.500000,P1,1,66,502.500000
RH,63,946.666667,P1,1,63,502.666667
RH,60,946.875000,P1,1,60,502.833333
LH,48,947.000000,P1,5,48,503.000000
LH,57,947.000000,P1,1,57,503.000000
LH,49,947.250000,P1,5,49,503.166667
LH,58,947.250000,P1,1,58,503.166667
LH,59,947.500000,P1,1,59,503.333333
RH,60,947.625000,P1,1,60,503.500000
RH,61,947.750000,P1,1,61,503.666667
LH,58,948.000000,P1,1,58,503.833333
LH,41,948.250000,P1,5,41,504.000000
LH,53,948.250000,P1,5,53,504.000000
LH,57,948.250000,P1,1,57,504.000000
LH,58,948.500000,P1,1,58,504.166667
LH,58,949.250000,P1,1,58,504.833333
LH,53,949.500000,P1,5,53,505.000000
LH,57,949.500000,P1,1,57,505.000000
LH,58,949.666667,P1,1,58,505.166667
LH,59,949.875000,P1,1,59,505.333333
LH,49,950.000000,P1,5,49,505.500000
LH,52,950.000000,P1,5,52,505.500000
RH,60,950.000000,P1,1,60,505.500000
RH,61,950.250000,P1,1,61,505.666667
LH,58,950.375000,P1,1,58,505.833333
LH,57,950.500000,P1,1,57,506.000000
LH,41,952.000000,P1,6,41,507.000000
LH,51,952.000000,P1,5,51,507.000000
LH,57,952.000000,P1,1,57,507.000000
RH,60,952.250000,P1,1,60,507.166667
RH,66,953.625000,P1,1,66,508.166667
RH,65,953.750000,P1,1,65,508.333333
RH,64,953.875000,P1,1,64,508.500000
RH,63,954.125000,P1,1,63,508.666667
RH,62,954.250000,P1,1,62,508.833333
RH,61,954.500000,P1,1,61,509.000000
RH,60,954.625000,P1,1,60,509.166667
LH,59,954.875000,P1,1,59,509.333333
LH,58,955.000000,P1,1,58,509.500000
LH,57,955.125000,P1,1,57,509.666667
LH,56,955.375000,P1,1,56,509.833333
LH,55,955.500000,P1,5,55,510.000000
LH,54,955.750000,P1,5,54,510.166667
LH,53,955.875000,P1,5,53,510.333333
LH,52,956.125000,P1,5,52,510.500000
LH,51,956.250000,P1,5,51,510.666667
LH,50,956.375000,P1,5,50,510.833333
LH,49,956.625000,P1,5,49,511.000000
LH,48,956.750000,P1,5,48,511.166667
LH,47,957.000000,P1,5,47,511.333333
LH,46,957.125000,P1,5,46,511.500000
LH,45,957.333333,P1,5,45,511.666667
LH,37,959.875000,P1,6,37,513.000000
LH,56,962.750000,P1,6,56,514.333333
LH,58,963.000000,P1,6,58,514.500000
RH,77,963.000000,P1,1,77,514.500000
RH,65,963.125000,P1,5,65,514.500000
LH,56,963.375000,P1,6,56,514.666667
RH,73,965.375000,P1,1,73,516.000000
LH,53,966.750000,P1,6,53,517.000000
RH,65,966.750000,P1,5,65,517.000000
LH,54,967.000000,P1,6,54,517.166667
RH,60,967.375000,P1,5,60,517.500000
RH,66,967.500000,P1,5,66,517.500000
LH,56,967.625000,P1,6,56,517.666667
RH,60,967.875000,P1,6,60,517.833333
RH,65,968.500000,P1,6,65,518.333333
LH,37,969.500000,P1,6,37,519.000000
RH,68,969.500000,P1,1,68,519.000000
RH,65,970.250000,P1,5,65,519.500000
LH,51,970.750000,P1,6,51,519.833333
LH,53,971.000000,P1,6,53,520.000000
LH,54,971.250000,P1,6,54,520.166667
LH,56,971.500000,P1,6,56,520.333333
LH,58,971.750000,P1,6,58,520.500000
RH,61,971.750000,P1,5,61,520.500000
RH,68,971.750000,P1,5,68,520.500000
RH,73,971.750000,P1,1,73,520.500000
RH,82,974.250000,P1,1,82,522.000000
RH,73,974.333333,P1,5,73,522.000000
LH,44,974.625000,P1,6,44,522.166667
LH,49,974.875000,P1,6,49,522.333333
LH,53,975.125000,P1,6,53,522.500000
RH,71,975.125000,P1,5,71,522.500000
RH,80,975.125000,P1,1,80,522.500000
LH,56,975.333333,P1,6,56,522.666667
RH,61,975.625000,P1,6,61,522.833333
RH,80,976.625000,P1,1,80,523.500000
RH,71,976.750000,P1,5,71,523.500000
RH,73,976.750000,P1,5,73,523.500000
RH,68,977.000000,P1,6,68,523.666667
RH,61,977.500000,P1,6,61,524.000000
LH,56,977.875000,P1,6,56,524.166667
LH,53,978.125000,P1,6,53,524.333333
LH,44,981.125000,P1,6,44,525.833333
LH,49,981.500000,P1,6,49,526.000000
LH,56,981.875000,P1,6,56,526.166667
RH,61,982.125000,P1,6,61,526.333333
RH,65,982.500000,P1,5,65,526.500000
RH,73,982.500000,P1,1,73,526.500000
LH,49,982.666667,P1,6,49,526.666667
LH,56,982.875000,P1,6,56,526.833333
RH,61,983.125000,P1,6,61,527.000000
RH,68,983.333333,P1,6,68,527.166667
LH,56,983.666667,P1,6,56,527.500000
LH,49,983.875000,P1,6,49,527.666667
RH,61,984.333333,P1,6,61,528.000000
RH,73,986.666667,P1,1,73,529.500000
RH,66,986.750000,P1,5,66,529.500000
RH,61,987.500000,P1,6,61,530.000000
LH,54,990.666667,P1,5,54,531.750000
LH,51,991.125000,P1,5,51,532.000000
LH,54,996.750000,P1,5,54,536.000000
RH,72,996.750000,P1,2,72,536.000000
LH,58,998.500000,P1,1,58,537.000000
RH,70,998.500000,P1,1,70,537.000000
LH,56,999.250000,P1,1,56,537.500000
RH,68,999.250000,P1,1,68,537.500000
LH,49,999.500000,P1,5,49,537.666667
LH,51,999.666667,P1,5,51,537.833333
LH,53,1000.000000,P1,5,53,538.000000
RH,77,1000.000000,P1,1,77,538.000000
RH,80,1000.000000,P1,1,80,538.000000
LH,54,1000.250000,P1,5,54,538.166667
LH,56,1000.500000,P1,5,56,538.333333
LH,58,1000.666667,P1,5,58,538.500000
RH,77,1000.666667,P1,1,77,538.500000
RH,80,1000.666667,P1,1,80,538.500000
RH,89,1000.666667,P1,1,89,538.500000
LH,56,1000.875000,P1,5,56,538.666667
LH,58,1001.125000,P1,5,58,538.833333
RH,73,1002.750000,P1,1,73,540.000000
RH,77,1002.750000,P1,1,77,540.000000
RH,85,1002.750000,P1,1,85,540.000000
RH,65,1003.375000,P1,1,65,540.500000
LH,51,1003.750000,P1,5,51,540.833333
LH,53,1003.875000,P1,5,53,541.000000
RH,73,1003.875000,P1,1,73,541.000000
RH,82,1003.875000,P1,1,82,541.000000
LH,54,1004.125000,P1,5,54,541.166667
LH,58,1004.500000,P1,5,58,541.500000
RH,72,1004.500000,P1,2,72,541.500000
RH,82,1004.500000,P1,1,82,541.500000
LH,56,1004.750000,P1,5,56,541.666667
RH,60,1005.000000,P1,5,60,541.833333
RH,61,1005.250000,P1,5,61,542.000000
RH,68,1006.500000,P1,1,68,543.000000
RH,80,1006.500000,P1,1,80,543.000000
LH,46,1007.000000,P1,5,46,543.333333
LH,48,1007.125000,P1,5,48,543.500000
RH,73,1007.125000,P1,2,73,543.500000
LH,49,1007.375000,P1,5,49,543.666667
LH,51,1007.625000,P1,5,51,543.833333
LH,54,1008.000000,P1,5,54,544.166667
LH,56,1008.125000,P1,5,56,544.333333
LH,58,1008.375000,P1,5,58,544.500000
RH,73,1008.375000,P1,1,73,544.500000
RH,85,1008.375000,P1,1,85,544.500000
LH,56,1008.625000,P1,5,56,544.666667
RH,82,1010.875000,P1,1,82,546.000000
RH,87,1010.875000,P1,1,87,546.000000
RH,94,1010.875000,P1,1,94,546.000000
RH,68,1013.000000,P1,5,68,547.333333
RH,80,1013.250000,P1,1,80,547.500000
RH,87,1013.250000,P1,1,87,547.500000
RH,92,1013.250000,P1,1,92,547.500000
RH,75,1013.500000,P1,5,75,547.666667
RH,68,1015.750000,P1,1,68,549.000000
RH,75,1015.750000,P1,1,75,549.000000
RH,80,1015.750000,P1,1,80,549.000000
RH,61,1017.250000,P1,5,61,550.000000
LH,53,1017.500000,P1,5,53,550.166667
RH,68,1018.000000,P1,2,68,550.500000
RH,73,1018.000000,P1,1,73,550.500000
RH,66,1019.250000,P1,2,66,551.500000
RH,78,1019.250000,P1,1,78,551.500000
LH,54,1019.500000,P1,5,54,551.666667
LH,44,1019.875000,P1,5,44,552.000000
RH,65,1019.875000,P1,1,65,552.000000
RH,77,1019.875000,P1,1,77,552.000000
LH,53,1020.250000,P1,5,53,552.333333
RH,60,1020.500000,P1,5,60,552.500000
LH,53,1020.666667,P1,5,53,552.666667
LH,42,1021.625000,P1,5,42,553.500000
RH,71,1021.625000,P1,1,71,553.500000
RH,73,1021.625000,P1,1,73,553.500000
RH,83,1021.625000,P1,1,83,553.500000
LH,49,1021.875000,P1,5,49,553.666667
RH,70,1023.750000,P1,1,70,555.000000
RH,73,1023.750000,P1,1,73,555.000000
RH,82,1023.750000,P1,1,82,555.000000
LH,49,1024.750000,P1,5,49,555.833333
LH,58,1024.875000,P1,5,58,556.000000
RH,63,1024.875000,P1,1,63,556.000000
RH,75,1024.875000,P1,1,75,556.000000
RH,70,1025.000000,P1,1,70,556.000000
RH,73,1025.000000,P1,1,73,556.000000
LH,51,1025.125000,P1,5,51,556.166667
RH,63,1025.500000,P1,1,63,556.500000
RH,70,1025.500000,P1,2,70,556.500000
RH,75,1025.500000,P1,1,75,556.500000
LH,51,1025.666667,P1,5,51,556.666667
LH,56,1025.875000,P1,5,56,556.833333
RH,65,1026.125000,P1,5,65,557.000000
RH,69,1026.125000,P1,2,69,557.000000
LH,56,1026.333333,P1,5,56,557.166667
LH,51,1026.500000,P1,5,51,557.333333
RH,63,1026.666667,P1,5,63,557.500000
RH,75,1026.666667,P1,1,75,557.500000
RH,80,1026.666667,P1,1,80,557.500000
LH,56,1026.875000,P1,5,56,557.666667
RH,68,1027.250000,P1,1,68,558.000000
RH,73,1027.250000,P1,2,73,558.000000
RH,80,1027.250000,P1,1,80,558.000000
LH,51,1027.500000,P1,5,51,558.166667
RH,67,1027.875000,P1,1,67,558.500000
RH,79,1027.875000,P1,1,79,558.500000
LH,55,1028.125000,P1,5,55,558.666667
RH,63,1028.375000,P1,5,63,559.000000
RH,73,1029.125000,P1,1,73,559.500000
RH,75,1029.125000,P1,1,75,559.500000
RH,85,1029.125000,P1,1,85,559.500000
RH,72,1031.500000,P1,1,72,561.000000
RH,78,1031.500000,P1,1,78,561.000000
RH,84,1031.500000,P1,1,84,561.000000
LH,54,1033.125000,P1,5,54,562.166667
LH,34,1033.625000,P1,5,34,562.500000
RH,61,1033.625000,P1,1,61,562.500000
RH,73,1033.625000,P1,1,73,562.500000
RH,66,1033.666667,P1,1,66,562.500000
LH,42,1034.000000,P1,5,42,562.750000
LH,49,1034.375000,P1,5,49,563.000000
LH,58,1034.375000,P1,1,58,563.000000
RH,61,1034.375000,P1,1,61,563.000000
RH,70,1034.375000,P1,1,70,563.000000
LH,42,1034.666667,P1,5,42,563.166667
LH,56,1035.875000,P1,1,56,564.000000
RH,68,1035.875000,P1,1,68,564.000000
LH,42,1036.250000,P1,5,42,564.250000
LH,49,1036.500000,P1,5,49,564.500000
LH,42,1036.666667,P1,5,42,564.666667
RH,66,1037.125000,P1,1,66,565.000000
LH,34,1037.750000,P1,5,34,565.500000
LH,42,1038.125000,P1,5,42,565.750000
LH,53,1038.500000,P1,1,53,566.000000
RH,65,1038.500000,P1,1,65,566.000000
RH,61,1038.625000,P1,1,61,566.000000
LH,55,1040.125000,P1,1,55,567.000000
RH,67,1040.125000,P1,1,67,567.000000
LH,49,1040.750000,P1,5,49,567.500000
LH,41,1041.000000,P1,5,41,567.666667
RH,68,1042.125000,P1,1,68,568.500000
LH,41,1042.375000,P1,5,41,568.750000
LH,48,1042.666667,P1,5,48,569.000000
LH,37,1044.000000,P1,5,37,570.000000
RH,60,1044.000000,P1,1,60,570.000000
RH,65,1044.000000,P1,1,65,570.000000
LH,46,1044.250000,P1,5,46,570.250000
LH,49,1044.750000,P1,5,49,570.666667
RH,61,1045.875000,P1,1,61,571.500000
RH,67,1045.875000,P1,1,67,571.500000
RH,73,1045.875000,P1,1,73,571.500000
LH,50,1046.500000,P1,5,50,572.000000
LH,51,1046.625000,P1,5,51,572.166667
RH,63,1047.666667,P1,1,63,573.000000
RH,75,1047.666667,P1,1,75,573.000000
LH,51,1048.250000,P1,5,51,573.500000
LH,54,1048.750000,P1,5,54,574.000000
RH,61,1048.750000,P1,1,61,574.000000
RH,68,1048.750000,P1,1,68,574.000000
RH,73,1048.750000,P1,1,73,574.000000
LH,43,1049.375000,P1,5,43,574.500000
RH,63,1050.000000,P1,1,63,575.000000
RH,75,1050.000000,P1,1,75,575.000000
LH,54,1050.250000,P1,5,54,575.166667
LH,55,1050.375000,P1,5,55,575.333333
LH,56,1050.625000,P1,5,56,575.500000
RH,64,1050.625000,P1,1,64,575.500000
RH,76,1050.625000,P1,1,76,575.500000
LH,44,1051.250000,P1,5,44,576.000000
RH,65,1051.250000,P1,2,65,576.000000
RH,77,1051.250000,P1,2,77,576.000000
LH,53,1051.500000,P1,5,53,576.166667
LH,56,1051.666667,P1,5,56,576.333333
RH,73,1051.666667,P1,1,73,576.333333
RH,70,1051.875000,P1,2,70,576.500000
RH,73,1051.875000,P1,2,73,576.500000
RH,82,1051.875000,P1,2,82,576.500000
LH,51,1054.250000,P1,5,51,577.833333
RH,66,1055.500000,P1,5,66,578.333333
RH,65,1057.000000,P1,1,65,579.000000
RH,73,1057.000000,P1,1,73,579.000000
RH,77,1057.000000,P1,1,77,579.000000
LH,49,1058.125000,P1,5,49,579.666667
RH,68,1059.250000,P1,5,68,580.333333
RH,73,1059.375000,P1,5,73,580.500000
RH,89,1059.375000,P1,1,89,580.500000
RH,68,1059.625000,P1,5,68,580.666667
RH,80,1059.625000,P1,1,80,580.666667
RH,61,1059.750000,P1,5,61,580.833333
RH,77,1059.750000,P1,1,77,580.833333
RH,61,1060.000000,P1,5,61,581.000000
RH,77,1060.000000,P1,1,77,581.000000
LH,56,1060.250000,P1,5,56,581.166667
RH,65,1060.375000,P1,1,65,581.333333
RH,65,1060.625000,P1,1,65,581.500000
LH,56,1060.750000,P1,1,56,581.666667
LH,53,1061.000000,P1,1,53,581.833333
LH,37,1061.125000,P1,5,37,582.000000
LH,57,1062.250000,P1,5,57,582.833333
RH,69,1062.250000,P1,1,69,582.833333
RH,77,1062.375000,P1,1,77,583.000000
RH,77,1062.625000,P1,1,77,583.166667
RH,81,1062.750000,P1,1,81,583.333333
RH,73,1063.000000,P1,5,73,583.500000
RH,89,1063.000000,P1,1,89,583.500000
RH,69,1063.125000,P1,5,69,583.666667
RH,81,1063.125000,P1,1,81,583.666667
RH,77,1063.333333,P1,1,77,583.833333
RH,61,1063.625000,P1,5,61,584.000000
RH,77,1063.625000,P1,1,77,584.000000
RH,69,1063.750000,P1,1,69,584.166667
RH,65,1063.875000,P1,1,65,584.333333
LH,49,1064.125000,P1,5,49,584.500000
RH,65,1064.125000,P1,1,65,584.500000
LH,45,1064.333333,P1,5,45,584.666667
LH,57,1064.333333,P1,1,57,584.666667
LH,53,1064.500000,P1,1,53,584.833333
LH,37,1064.750000,P1,5,37,585.000000
RH,65,1064.750000,P1,1,65,585.000000
LH,49,1065.375000,P1,5,49,585.500000
RH,65,1065.375000,P1,1,65,585.500000
RH,77,1066.000000,P1,1,77,586.000000
RH,77,1066.125000,P1,1,77,586.166667
RH,70,1066.333333,P1,5,70,586.333333
RH,82,1066.333333,P1,1,82,586.333333
RH,73,1066.500000,P1,5,73,586.500000
RH,89,1066.500000,P1,1,89,586.500000
RH,82,1066.750000,P1,1,82,586.666667
RH,61,1066.875000,P1,5,61,586.833333
RH,77,1066.875000,P1,1,77,586.833333
RH,61,1067.125000,P1,5,61,587.000000
RH,77,1067.125000,P1,1,77,587.000000
LH,58,1067.333333,P1,5,58,587.166667
RH,65,1067.666667,P1,1,65,587.500000
LH,46,1067.875000,P1,5,46,587.666667
LH,58,1067.875000,P1,1,58,587.666667
LH,37,1068.333333,P1,5,37,588.000000
RH,67,1068.333333,P1,1,67,588.000000
RH,71,1069.333333,P1,1,71,588.833333
RH,79,1069.500000,P1,1,79,589.000000
RH,77,1069.666667,P1,1,77,589.166667
RH,67,1069.875000,P1,5,67,589.333333
RH,83,1069.875000,P1,1,83,589.333333
RH,73,1070.125000,P1,5,73,589.500000
RH,91,1070.125000,P1,1,91,589.500000
RH,83,1070.333333,P1,1,83,589.666667
RH,67,1070.375000,P1,5,67,589.666667
LH,49,1071.333333,P1,5,49,590.333333
LH,36,1072.250000,P1,5,36,591.000000
LH,48,1072.250000,P1,5,48,591.000000
LH,56,1072.250000,P1,1,56,591.000000
RH,60,1072.250000,P1,1,60,591.000000
RH,68,1072.250000,P1,1,68,591.000000
LH,53,1074.750000,P1,6,53,592.500000
RH,65,1074.750000,P1,1,65,592.500000
LH,56,1075.000000,P1,6,56,592.666667
RH,68,1075.000000,P1,1,68,592.666667
LH,59,1075.125000,P1,6,59,592.833333
RH,71,1075.125000,P1,1,71,592.833333
RH,72,1075.250000,P1,1,72,593.000000
RH,65,1075.500000,P1,2,65,593.166667
RH,77,1075.500000,P1,1,77,593.166667
RH,68,1075.666667,P1,2,68,593.333333
RH,80,1075.666667,P1,1,80,593.333333
RH,71,1075.875000,P1,2,71,593.500000
RH,83,1075.875000,P1,1,83,593.500000
RH,72,1076.000000,P1,2,72,593.666667
RH,84,1076.000000,P1,1,84,593.666667
RH,89,1076.250000,P1,1,89,593.833333
RH,80,1076.375000,P1,2,80,594.000000
RH,92,1076.375000,P1,1,92,594.000000
LH,46,1078.375000,P1,5,46,595.500000
LH,54,1078.375000,P1,5,54,595.500000
LH,58,1078.375000,P1,5,58,595.500000
RH,66,1078.375000,P1,1,66,595.500000
RH,78,1078.375000,P1,1,78,595.500000
LH,44,1080.125000,P1,5,44,597.000000
LH,53,1080.125000,P1,5,53,597.000000
LH,56,1080.125000,P1,5,56,597.000000
RH,72,1080.125000,P1,1,72,597.000000
RH,77,1080.125000,P1,1,77,597.000000
RH,84,1080.125000,P1,1,84,597.000000
LH,48,1082.250000,P1,6,48,598.333333
LH,53,1082.375000,P1,6,53,598.500000
RH,65,1082.375000,P1,1,65,598.500000
LH,56,1082.625000,P1,6,56,598.666667
RH,68,1082.625000,P1,1,68,598.666667
LH,59,1082.750000,P1,6,59,598.833333
RH,71,1082.750000,P1,1,71,598.833333
RH,72,1082.875000,P1,1,72,599.000000
RH,65,1083.125000,P1,2,65,599.166667
RH,77,1083.125000,P1,1,77,599.166667
RH,68,1083.333333,P1,2,68,599.333333
RH,80,1083.333333,P1,1,80,599.333333
RH,71,1083.500000,P1,2,71,599.500000
RH,77,1083.875000,P1,2,77,599.833333
RH,80,1084.000000,P1,2,80,600.000000
RH,92,1084.000000,P1,1,92,600.000000
LH,49,1085.000000,P1,5,49,600.500000
LH,56,1085.000000,P1,5,56,600.500000
RH,61,1085.000000,P1,5,61,600.500000
RH,65,1085.000000,P1,1,65,600.500000
RH,68,1085.000000,P1,1,68,600.500000
RH,73,1085.000000,P1,1,73,600.500000
RH,77,1085.000000,P1,1,77,600.500000
LH,34,1086.875000,P1,5,34,601.500000
LH,46,1086.875000,P1,5,46,601.500000
LH,54,1086.875000,P1,1,54,601.500000
RH,66,1086.875000,P1,1,66,601.500000
LH,48,1087.375000,P1,5,48,602.000000
LH,55,1087.375000,P1,1,55,602.000000
RH,64,1087.375000,P1,1,64,602.000000
RH,72,1088.000000,P1,1,72,602.500000
LH,32,1088.500000,P1,5,32,603.000000
LH,44,1088.500000,P1,5,44,603.000000
RH,60,1088.500000,P1,1,60,603.000000
RH,65,1088.500000,P1,1,65,603.000000
RH,72,1088.500000,P1,1,72,603.000000
LH,43,1089.000000,P1,5,43,603.500000
RH,62,1089.000000,P1,1,62,603.500000
LH,42,1089.500000,P1,5,42,604.000000
RH,66,1089.500000,P1,1,66,604.000000
LH,40,1089.875000,P1,5,40,604.500000
RH,66,1089.875000,P1,1,66,604.500000
RH,70,1089.875000,P1,1,70,604.500000
RH,78,1089.875000,P1,1,78,604.500000
LH,39,1090.250000,P1,5,39,605.000000
RH,71,1090.250000,P1,1,71,605.000000
RH,83,1090.250000,P1,1,83,605.000000
LH,50,1090.666667,P1,5,50,605.500000
RH,68,1090.666667,P1,1,68,605.500000
RH,71,1090.666667,P1,1,71,605.500000
RH,80,1090.666667,P1,1,80,605.500000
LH,37,1091.000000,P1,5,37,606.000000
RH,70,1091.000000,P1,1,70,606.000000
RH,73,1091.000000,P1,1,73,606.000000
RH,82,1091.000000,P1,1,82,606.000000
LH,47,1091.500000,P1,5,47,606.500000
RH,85,1091.500000,P1,1,85,606.500000
LH,34,1091.875000,P1,5,34,607.000000
LH,46,1091.875000,P1,5,46,607.000000
RH,78,1091.875000,P1,1,78,607.000000
RH,90,1091.875000,P1,1,90,607.000000
RH,79,1092.250000,P1,1,79,607.500000
RH,88,1092.250000,P1,1,88,607.500000
RH,77,1093.125000,P1,1,77,608.500000
LH,36,1093.500000,P1,5,36,609.000000
LH,48,1093.500000,P1,5,48,609.000000
RH,72,1093.500000,P1,1,72,609.000000
RH,77,1093.500000,P1,1,77,609.000000
RH,84,1093.500000,P1,1,84,609.000000
LH,48,1095.000000,P1,5,48,610.500000
RH,60,1095.000000,P1,1,60,610.500000
LH,49,1095.625000,P1,5,49,611.000000
RH,61,1095.625000,P1,1,61,611.000000
LH,53,1096.000000,P1,5,53,611.500000
RH,65,1096.000000,P1,1,65,611.500000
LH,36,1096.500000,P1,5,36,612.000000
LH,48,1096.500000,P1,5,48,612.000000
LH,55,1096.500000,P1,1,55,612.000000
RH,67,1096.500000,P1,1,67,612.000000
RH,60,1096.625000,P1,1,60,612.000000
RH,64,1113.250000,P1,5,64,615.000000
RH,84,1113.250000,P1,1,84,615.000000
RH,72,1113.333333,P1,1,72,615.000000
RH,79,1113.333333,P1,1,79,615.000000
LH,55,1118.666667,P1,5,55,618.000000
RH,79,1118.666667,P1,1,79,618.000000
LH,48,1118.750000,P1,5,48,618.000000
RH,62,1118.750000,P1,5,62,618.000000
RH,65,1118.750000,P1,1,65,618.000000
RH,67,1118.750000,P1,1,67,618.000000
RH,71,1118.750000,P1,1,71,618.000000
RH,74,1118.875000,P1,1,74,618.000000
LH,48,1125.000000,P1,5,48,621.000000
RH,64,1125.000000,P1,1,64,621.000000
RH,76,1125.000000,P1,1,76,621.000000
LH,55,1125.125000,P1,5,55,621.000000
RH,60,1125.125000,P1,5,60,621.000000
RH,67,1125.125000,P1,1,67,621.000000
RH,70,1125.125000,P1,1,70,621.000000
LH,48,1131.750000,P1,5,48,624.000000
LH,55,1131.750000,P1,5,55,624.000000
LH,58,1131.750000,P1,5,58,624.000000
RH,62,1131.750000,P1,1,62,624.000000
RH,65,1131.750000,P1,1,65,624.000000
RH,74,1131.750000,P1,1,74,624.000000
LH,36,1139.875000,P1,5,36,627.000000
LH,48,1139.875000,P1,5,48,627.000000
LH,55,1139.875000,P1,1,55,627.000000
RH,60,1139.875000,P1,1,60,627.000000
RH,64,1139.875000,P1,1,64,627.000000
LH,29,1155.875000,P1,5,29,639.000000
LH,56,1155.875000,P1,1,56,639.000000
LH,56,1157.500000,P1,1,56,639.833333
LH,36,1158.000000,P1,5,36,640.000000
RH,60,1158.333333,P1,1,60,640.166667
LH,52,1158.375000,P1,5,52,640.166667
RH,67,1158.500000,P1,1,67,640.333333
LH,48,1158.625000,P1,5,48,640.333333
RH,60,1158.875000,P1,1,60,640.500000
LH,56,1159.000000,P1,5,56,640.500000
RH,70,1159.125000,P1,1,70,640.666667
LH,48,1159.250000,P1,5,48,640.666667
RH,65,1159.250000,P1,1,65,640.666667
LH,41,1159.375000,P1,5,41,640.833333
RH,68,1159.375000,P1,1,68,640.833333
LH,49,1159.666667,P1,5,49,641.000000
RH,67,1159.666667,P1,1,67,641.000000
LH,57,1159.875000,P1,1,57,641.166667
LH,37,1160.125000,P1,5,37,641.250000
LH,58,1160.125000,P1,1,58,641.333333
RH,65,1160.125000,P1,1,65,641.333333
LH,36,1160.250000,P1,5,36,641.500000
RH,61,1160.375000,P1,1,61,641.500000
LH,52,1160.500000,P1,5,52,641.666667
RH,60,1160.625000,P1,1,60,641.666667
LH,58,1160.666667,P1,1,58,641.666667
LH,48,1160.750000,P1,5,48,641.833333
RH,67,1160.750000,P1,1,67,641.833333
LH,41,1161.000000,P1,5,41,642.000000
LH,56,1161.125000,P1,2,56,642.000000
LH,53,1161.333333,P1,5,53,642.166667
RH,68,1161.375000,P1,1,68,642.166667
RH,63,1161.500000,P1,2,63,642.166667
LH,44,1161.625000,P1,5,44,642.333333
RH,61,1161.666667,P1,2,61,642.333333
LH,39,1161.875000,P1,5,39,642.500000
RH,61,1162.000000,P1,2,61,642.500000
LH,54,1162.125000,P1,5,54,642.666667
RH,60,1162.125000,P1,2,60,642.666667
LH,44,1162.375000,P1,5,44,642.833333
RH,66,1162.500000,P1,2,66,642.833333
LH,37,1162.750000,P1,5,37,643.000000
RH,68,1162.875000,P1,1,68,643.000000
LH,53,1163.125000,P1,5,53,643.166667
RH,65,1163.125000,P1,2,65,643.166667
LH,44,1163.500000,P1,5,44,643.333333
RH,73,1163.500000,P1,1,73,643.416667
LH,43,1163.750000,P1,5,43,643.500000
RH,61,1163.750000,P1,2,61,643.500000
LH,44,1164.000000,P1,5,44,643.666667
RH,65,1164.000000,P1,2,65,643.666667
RH,72,1164.000000,P1,1,72,643.666667
LH,45,1164.250000,P1,5,45,643.833333
RH,71,1164.250000,P1,1,71,643.833333
LH,46,1164.500000,P1,5,46,644.000000
RH,65,1164.500000,P1,2,65,644.000000
RH,70,1164.500000,P1,1,70,644.000000
RH,61,1164.750000,P1,2,61,644.166667
LH,48,1165.750000,P1,5,48,644.666667
LH,41,1166.125000,P1,5,41,645.000000
RH,68,1166.333333,P1,1,68,645.000000
RH,68,1167.375000,P1,1,68,645.666667
RH,71,1167.375000,P1,1,71,645.666667
RH,65,1167.666667,P1,1,65,645.833333
LH,48,1167.875000,P1,5,48,646.000000
RH,73,1167.875000,P1,1,73,646.000000
RH,64,1168.125000,P1,5,64,646.166667
RH,72,1168.125000,P1,1,72,646.166667
RH,70,1168.250000,P1,1,70,646.166667
RH,60,1168.333333,P1,5,60,646.333333
RH,79,1168.333333,P1,1,79,646.333333
RH,72,1168.625000,P1,1,72,646.500000
RH,68,1168.666667,P1,5,68,646.500000
RH,77,1168.875000,P1,1,77,646.666667
RH,82,1168.875000,P1,1,82,646.666667
RH,60,1169.000000,P1,5,60,646.666667
LH,53,1169.125000,P1,5,53,646.833333
RH,80,1169.125000,P1,1,80,646.833333
RH,61,1169.375000,P1,5,61,647.000000
RH,79,1169.375000,P1,1,79,647.000000
RH,69,1169.625000,P1,1,69,647.166667
LH,49,1169.875000,P1,5,49,647.250000
RH,70,1169.875000,P1,1,70,647.333333
RH,77,1169.875000,P1,1,77,647.333333
LH,48,1170.000000,P1,5,48,647.500000
RH,73,1170.125000,P1,1,73,647.500000
RH,64,1170.250000,P1,5,64,647.666667
RH,72,1170.250000,P1,1,72,647.666667
RH,70,1170.375000,P1,1,70,647.666667
RH,79,1170.500000,P1,1,79,647.833333
RH,60,1170.625000,P1,5,60,647.833333
LH,53,1170.750000,P1,5,53,648.000000
RH,68,1170.750000,P1,2,68,648.000000
RH,65,1171.000000,P1,5,65,648.166667
RH,80,1171.000000,P1,1,80,648.166667
RH,75,1171.125000,P1,2,75,648.166667
RH,73,1171.333333,P1,2,73,648.333333
LH,51,1171.500000,P1,5,51,648.500000
RH,73,1171.625000,P1,2,73,648.500000
RH,66,1171.750000,P1,5,66,648.666667
RH,72,1171.750000,P1,2,72,648.666667
LH,56,1172.000000,P1,5,56,648.833333
RH,78,1172.000000,P1,2,78,648.833333
RH,80,1172.000000,P1,1,80,648.833333
LH,49,1172.333333,P1,5,49,649.000000
RH,80,1172.375000,P1,1,80,649.000000
RH,65,1172.666667,P1,5,65,649.166667
RH,77,1172.666667,P1,2,77,649.166667
LH,56,1173.000000,P1,5,56,649.333333
LH,55,1173.125000,P1,5,55,649.500000
RH,73,1173.125000,P1,2,73,649.500000
RH,77,1173.375000,P1,2,77,649.666667
RH,84,1173.375000,P1,1,84,649.666667
LH,56,1173.500000,P1,5,56,649.666667
LH,57,1173.666667,P1,5,57,649.833333
RH,83,1173.666667,P1,1,83,649.833333
LH,58,1173.875000,P1,5,58,650.000000
RH,82,1173.875000,P1,1,82,650.000000
RH,60,1175.125000,P1,5,60,650.666667
RH,71,1175.750000,P1,2,71,651.000000
RH,74,1175.750000,P1,2,74,651.000000
RH,80,1175.750000,P1,1,80,651.000000
RH,62,1176.500000,P1,5,62,651.333333
RH,73,1176.500000,P1,2,73,651.333333
RH,76,1176.500000,P1,2,76,651.333333
LH,59,1176.750000,P1,5,59,651.500000
RH,74,1176.750000,P1,2,74,651.500000
RH,77,1176.750000,P1,2,77,651.500000
RH,68,1177.000000,P1,5,68,651.666667
RH,75,1177.000000,P1,2,75,651.666667
RH,78,1177.000000,P1,2,78,651.666667
RH,62,1177.250000,P1,5,62,651.833333
RH,76,1177.250000,P1,2,76,651.833333
RH,79,1177.250000,P1,2,79,651.833333
LH,52,1177.500000,P1,5,52,652.000000
RH,77,1177.500000,P1,2,77,652.000000
RH,80,1177.500000,P1,2,80,652.000000
RH,82,1178.125000,P1,2,82,652.333333
RH,69,1178.500000,P1,2,69,652.500000
RH,72,1178.500000,P1,2,72,652.500000
RH,78,1178.500000,P1,1,78,652.500000
RH,66,1178.875000,P1,5,66,652.666667
RH,70,1178.875000,P1,2,70,652.666667
RH,73,1178.875000,P1,2,73,652.666667
RH,60,1179.125000,P1,5,60,652.833333
RH,71,1179.125000,P1,2,71,652.833333
RH,74,1179.125000,P1,2,74,652.833333
LH,57,1179.333333,P1,5,57,653.000000
RH,72,1179.375000,P1,2,72,653.000000
RH,75,1179.375000,P1,2,75,653.000000
RH,66,1179.625000,P1,5,66,653.166667
RH,73,1179.625000,P1,2,73,653.166667
RH,76,1179.625000,P1,2,76,653.166667
RH,60,1179.750000,P1,5,60,653.333333
RH,74,1179.750000,P1,2,74,653.333333
RH,77,1179.750000,P1,2,77,653.333333
RH,67,1181.000000,P1,1,67,654.000000
RH,70,1181.000000,P1,1,70,654.000000
RH,64,1181.375000,P1,5,64,654.166667
RH,71,1181.375000,P1,1,71,654.166667
LH,58,1181.625000,P1,5,58,654.333333
RH,72,1181.625000,P1,1,72,654.333333
LH,55,1181.750000,P1,5,55,654.500000
RH,70,1181.875000,P1,1,70,654.500000
RH,73,1181.875000,P1,1,73,654.500000
RH,64,1182.000000,P1,5,64,654.666667
RH,71,1182.125000,P1,1,71,654.666667
RH,74,1182.125000,P1,1,74,654.666667
LH,58,1182.250000,P1,5,58,654.833333
RH,72,1182.333333,P1,1,72,654.833333
RH,75,1182.333333,P1,1,75,654.833333
LH,48,1182.375000,P1,5,48,655.000000
RH,73,1182.500000,P1,1,73,655.000000
RH,76,1182.500000,P1,1,76,655.000000
RH,64,1182.666667,P1,5,64,655.166667
RH,74,1182.750000,P1,1,74,655.166667
RH,77,1182.750000,P1,1,77,655.166667
LH,58,1183.000000,P1,5,58,655.333333
RH,75,1183.000000,P1,1,75,655.333333
RH,78,1183.000000,P1,1,78,655.333333
LH,47,1183.250000,P1,5,47,655.500000
RH,79,1183.250000,P1,1,79,655.500000
RH,76,1183.333333,P1,1,76,655.500000
RH,64,1183.500000,P1,5,64,655.666667
RH,78,1183.500000,P1,1,78,655.666667
RH,81,1183.500000,P1,1,81,655.666667
LH,59,1183.750000,P1,5,59,655.833333
RH,76,1183.750000,P1,1,76,655.833333
RH,79,1183.750000,P1,1,79,655.833333
LH,55,1184.000000,P1,5,55,656.000000
RH,75,1184.000000,P1,1,75,656.000000
RH,78,1184.000000,P1,1,78,656.000000
LH,44,1185.750000,P1,5,44,657.000000
RH,80,1185.875000,P1,1,80,657.000000
RH,84,1185.875000,P1,1,84,657.000000
RH,60,1187.375000,P1,5,60,657.833333
RH,82,1187.375000,P1,2,82,657.833333
RH,85,1187.375000,P1,1,85,657.833333
LH,46,1187.666667,P1,5,46,658.000000
RH,65,1188.000000,P1,5,65,658.166667
RH,84,1188.000000,P1,1,84,658.166667
LH,48,1188.500000,P1,5,48,658.500000
RH,82,1188.666667,P1,1,82,658.666667
RH,65,1188.750000,P1,5,65,658.666667
RH,60,1189.000000,P1,5,60,658.833333
RH,77,1189.000000,P1,1,77,658.833333
RH,80,1189.000000,P1,1,80,658.833333
LH,56,1189.250000,P1,5,56,659.000000
RH,65,1189.375000,P1,5,65,659.166667
RH,79,1189.375000,P1,1,79,659.166667
RH,75,1189.500000,P1,1,75,659.166667
RH,60,1189.625000,P1,5,60,659.333333
RH,73,1189.625000,P1,1,73,659.333333
RH,77,1189.625000,P1,1,77,659.333333
LH,48,1189.875000,P1,5,48,659.500000
RH,64,1190.125000,P1,5,64,659.666667
RH,76,1190.125000,P1,1,76,659.666667
RH,72,1190.250000,P1,1,72,659.666667
RH,60,1190.375000,P1,5,60,659.833333
RH,61,1191.000000,P1,5,61,660.166667
RH,79,1191.000000,P1,1,79,660.166667
LH,56,1191.125000,P1,5,56,660.333333
RH,68,1191.125000,P1,2,68,660.333333
LH,53,1191.375000,P1,5,53,660.500000
RH,72,1191.375000,P1,2,72,660.500000
RH,61,1191.625000,P1,5,61,660.666667
RH,75,1191.625000,P1,1,75,660.666667
LH,56,1191.875000,P1,5,56,660.833333
RH,70,1191.875000,P1,2,70,660.833333
RH,73,1191.875000,P1,1,73,660.833333
RH,72,1192.250000,P1,1,72,661.166667
RH,61,1192.375000,P1,5,61,661.166667
LH,55,1192.500000,P1,5,55,661.333333
RH,67,1192.500000,P1,2,67,661.333333
RH,70,1192.500000,P1,1,70,661.333333
LH,48,1192.750000,P1,5,48,661.500000
RH,60,1193.000000,P1,5,60,661.666667
RH,61,1193.250000,P1,5,61,661.833333
RH,60,1193.500000,P1,5,60,662.000000
RH,67,1193.500000,P1,1,67,662.000000
LH,59,1193.750000,P1,5,59,662.166667
RH,60,1193.875000,P1,5,60,662.333333
LH,55,1194.125000,P1,5,55,662.500000
RH,64,1194.125000,P1,1,64,662.500000
RH,60,1194.375000,P1,5,60,662.666667
LH,57,1194.500000,P1,5,57,662.833333
LH,58,1194.750000,P1,5,58,663.000000
RH,62,1194.750000,P1,1,62,663.000000
RH,65,1194.750000,P1,1,65,663.000000
LH,53,1195.000000,P1,5,53,663.166667
RH,61,1195.333333,P1,1,61,663.416667
RH,70,1195.333333,P1,1,70,663.416667
LH,55,1195.375000,P1,5,55,663.333333
LH,56,1195.625000,P1,5,56,663.500000
RH,60,1195.625000,P1,1,60,663.500000
RH,63,1195.625000,P1,1,63,663.500000
LH,51,1195.875000,P1,5,51,663.666667
LH,53,1196.000000,P1,5,53,663.833333
RH,60,1196.000000,P1,1,60,663.916667
RH,68,1196.000000,P1,1,68,663.916667
LH,55,1196.250000,P1,5,55,664.000000
LH,59,1196.250000,P1,1,59,664.000000
RH,62,1196.250000,P1,1,62,664.000000
LH,50,1196.500000,P1,5,50,664.166667
LH,58,1196.666667,P1,1,58,664.416667
RH,67,1196.666667,P1,1,67,664.416667
LH,52,1196.750000,P1,5,52,664.333333
LH,53,1196.875000,P1,5,53,664.500000
LH,57,1196.875000,P1,1,57,664.500000
RH,60,1196.875000,P1,1,60,664.500000
LH,48,1197.125000,P1,5,48,664.666667
LH,49,1197.375000,P1,5,49,664.833333
RH,65,1197.375000,P1,1,65,664.916667
LH,46,1197.625000,P1,5,46,665.000000
LH,55,1197.625000,P1,1,55,665.000000
RH,61,1197.625000,P1,1,61,665.000000
RH,65,1197.625000,P1,1,65,665.000000
LH,45,1197.875000,P1,5,45,665.166667
LH,46,1198.125000,P1,5,46,665.333333
LH,48,1198.333333,P1,5,48,665.500000
LH,55,1198.333333,P1,1,55,665.500000
RH,64,1198.333333,P1,1,64,665.500000
LH,47,1198.500000,P1,5,47,665.666667
LH,48,1198.750000,P1,5,48,665.833333
LH,45,1199.000000,P1,5,45,666.000000
LH,53,1199.000000,P1,2,53,666.000000
RH,63,1199.000000,P1,1,63,666.000000
LH,44,1199.250000,P1,5,44,666.166667
LH,45,1199.500000,P1,5,45,666.333333
LH,46,1199.750000,P1,5,46,666.500000
LH,58,1199.750000,P1,1,58,666.500000
RH,61,1199.750000,P1,1,61,666.500000
LH,48,1200.000000,P1,5,48,666.666667
LH,44,1200.250000,P1,5,44,666.833333
LH,43,1200.500000,P1,5,43,667.000000
LH,52,1200.500000,P1,2,52,667.000000
LH,44,1200.750000,P1,5,44,667.166667
LH,41,1201.000000,P1,5,41,667.333333
LH,53,1201.000000,P1,2,53,667.375000
LH,58,1201.000000,P1,2,58,667.500000
LH,40,1201.125000,P1,5,40,667.500000
LH,55,1201.125000,P1,2,55,667.500000
RH,60,1201.125000,P1,1,60,667.500000
LH,41,1201.500000,P1,5,41,667.666667
LH,43,1201.625000,P1,5,43,667.833333
LH,53,1203.875000,P1,1,53,669.000000
LH,55,1203.875000,P1,1,55,669.000000
RH,65,1203.875000,P1,1,65,669.000000
LH,36,1204.250000,P1,5,36,669.166667
LH,39,1205.250000,P1,5,39,669.833333
LH,37,1205.500000,P1,5,37,670.000000
LH,53,1205.500000,P1,1,53,670.000000
LH,58,1205.500000,P1,1,58,670.000000
LH,39,1205.875000,P1,5,39,670.166667
LH,41,1206.000000,P1,5,41,670.333333
LH,40,1206.250000,P1,5,40,670.500000
LH,55,1206.250000,P1,1,55,670.500000
RH,60,1206.250000,P1,1,60,670.500000
LH,58,1206.333333,P1,1,58,670.500000
LH,41,1206.500000,P1,5,41,670.666667
LH,43,1206.666667,P1,5,43,670.833333
LH,41,1206.875000,P1,5,41,671.000000
LH,56,1206.875000,P1,1,56,671.000000
RH,68,1206.875000,P1,1,68,671.000000
LH,46,1207.125000,P1,5,46,671.166667
LH,44,1207.333333,P1,5,44,671.333333
LH,43,1207.500000,P1,5,43,671.500000
LH,58,1207.500000,P1,1,58,671.500000
RH,64,1207.500000,P1,1,64,671.500000
LH,44,1207.750000,P1,5,44,671.666667
LH,46,1208.000000,P1,5,46,671.833333
LH,44,1208.250000,P1,5,44,672.000000
LH,56,1208.250000,P1,1,56,672.000000
RH,65,1208.250000,P1,1,65,672.000000
LH,46,1208.500000,P1,5,46,672.166667
LH,48,1208.666667,P1,5,48,672.333333
LH,45,1208.875000,P1,5,45,672.500000
LH,54,1208.875000,P1,1,54,672.500000
RH,63,1208.875000,P1,1,63,672.500000
LH,44,1209.125000,P1,5,44,672.666667
LH,45,1209.333333,P1,5,45,672.833333
LH,46,1209.625000,P1,5,46,673.000000
LH,53,1209.625000,P1,1,53,673.000000
RH,61,1209.625000,P1,1,61,673.000000
LH,48,1209.750000,P1,5,48,673.166667
LH,49,1210.000000,P1,5,49,673.333333
LH,48,1210.250000,P1,5,48,673.500000
LH,53,1210.250000,P1,1,53,673.500000
RH,60,1210.250000,P1,1,60,673.500000
LH,56,1210.333333,P1,1,56,673.500000
LH,44,1210.500000,P1,5,44,673.666667
LH,41,1210.750000,P1,5,41,673.833333
LH,37,1211.000000,P1,5,37,674.000000
LH,41,1212.750000,P1,5,41,675.000000
LH,48,1212.750000,P1,5,48,675.000000
LH,56,1212.750000,P1,1,56,675.000000
LH,57,1213.125000,P1,1,57,675.166667
LH,57,1214.125000,P1,5,57,675.875000
RH,72,1214.125000,P1,1,72,675.833333
RH,60,1214.375000,P1,5,60,676.000000
RH,68,1214.375000,P1,1,68,676.000000
RH,75,1214.375000,P1,1,75,676.000000
RH,69,1214.625000,P1,1,69,676.166667
RH,63,1214.875000,P1,5,63,676.375000
RH,72,1214.875000,P1,1,72,676.333333
RH,78,1214.875000,P1,1,78,676.333333
RH,66,1215.125000,P1,5,66,676.500000
RH,74,1215.125000,P1,1,74,676.500000
RH,81,1215.125000,P1,1,81,676.500000
RH,75,1215.333333,P1,1,75,676.666667
RH,69,1215.500000,P1,5,69,676.875000
RH,84,1215.500000,P1,1,84,676.833333
RH,72,1215.750000,P1,5,72,677.000000
RH,80,1215.750000,P1,1,80,677.000000
RH,87,1215.750000,P1,1,87,677.000000
RH,81,1216.000000,P1,1,81,677.166667
RH,75,1216.250000,P1,5,75,677.375000
RH,84,1216.250000,P1,1,84,677.333333
RH,90,1216.250000,P1,1,90,677.333333
RH,78,1216.375000,P1,5,78,677.500000
RH,86,1216.375000,P1,1,86,677.500000
RH,93,1216.375000,P1,1,93,677.500000
RH,87,1216.625000,P1,1,87,677.666667
RH,81,1216.875000,P1,5,81,677.875000
RH,96,1216.875000,P1,1,96,677.833333
RH,84,1217.125000,P1,5,84,678.000000
RH,93,1217.125000,P1,1,93,678.000000
RH,99,1217.125000,P1,1,99,678.000000
LH,42,1218.125000,P1,5,42,678.500000
LH,54,1218.125000,P1,5,54,678.500000
LH,57,1218.125000,P1,1,57,678.500000
RH,60,1218.125000,P1,1,60,678.500000
RH,63,1218.125000,P1,2,63,678.500000
RH,69,1218.125000,P1,1,69,678.500000
RH,66,1218.875000,P1,2,66,678.833333
LH,37,1219.125000,P1,5,37,679.000000
LH,49,1219.125000,P1,5,49,679.000000
LH,58,1219.125000,P1,1,58,679.000000
RH,70,1219.125000,P1,1,70,679.000000
LH,36,1219.375000,P1,5,36,679.166667
LH,48,1219.375000,P1,5,48,679.166667
LH,46,1219.625000,P1,5,46,679.333333
LH,34,1219.666667,P1,5,34,679.333333
LH,44,1219.750000,P1,5,44,679.500000
LH,32,1219.875000,P1,5,32,679.500000
LH,44,1219.875000,P1,5,44,679.500000
RH,61,1219.875000,P1,1,61,679.500000
RH,73,1219.875000,P1,1,73,679.500000
RH,70,1220.000000,P1,1,70,679.500000
LH,31,1220.125000,P1,5,31,679.666667
LH,43,1220.125000,P1,5,43,679.666667
LH,31,1220.375000,P1,5,31,679.833333
LH,43,1220.375000,P1,5,43,679.833333
LH,43,1220.625000,P1,5,43,680.000000
RH,60,1220.625000,P1,1,60,680.000000
RH,72,1220.625000,P1,1,72,680.000000
LH,31,1220.666667,P1,5,31,680.000000
RH,64,1220.666667,P1,1,64,680.000000
LH,24,1220.875000,P1,5,24,680.166667
LH,36,1220.875000,P1,5,36,680.166667
LH,24,1221.250000,P1,5,24,680.333333
LH,36,1221.250000,P1,5,36,680.166667
LH,25,1221.500000,P1,5,25,680.500000
LH,37,1221.500000,P1,5,37,680.500000
LH,58,1221.500000,P1,1,58,680.500000
LH,36,1221.750000,P1,5,36,680.666667
LH,24,1221.875000,P1,5,24,680.666667
LH,24,1222.125000,P1,5,24,680.833333
LH,36,1222.125000,P1,5,36,680.666667
LH,29,1222.500000,P1,5,29,681.000000
LH,41,1222.500000,P1,5,41,681.000000
LH,56,1222.500000,P1,1,56,681.000000
LH,57,1222.875000,P1,1,57,681.166667
LH,57,1224.000000,P1,5,57,681.875000
RH,72,1224.000000,P1,1,72,681.833333
RH,60,1224.250000,P1,5,60,682.000000
RH,68,1224.250000,P1,1,68,682.000000
RH,75,1224.250000,P1,1,75,682.000000
RH,69,1224.500000,P1,1,69,682.166667
RH,63,1224.750000,P1,5,63,682.375000
RH,72,1224.750000,P1,1,72,682.333333
RH,78,1224.750000,P1,1,78,682.333333
RH,66,1225.000000,P1,5,66,682.500000
RH,74,1225.000000,P1,1,74,682.500000
RH,81,1225.000000,P1,1,81,682.500000
RH,75,1225.125000,P1,1,75,682.666667
RH,69,1225.375000,P1,5,69,682.875000
RH,84,1225.375000,P1,1,84,682.833333
RH,72,1225.625000,P1,5,72,683.000000
RH,80,1225.625000,P1,1,80,683.000000
RH,87,1225.625000,P1,1,87,683.000000
RH,81,1225.875000,P1,1,81,683.166667
RH,75,1226.125000,P1,5,75,683.375000
RH,84,1226.125000,P1,1,84,683.333333
RH,90,1226.125000,P1,1,90,683.333333
RH,78,1226.333333,P1,5,78,683.500000
RH,86,1226.333333,P1,1,86,683.500000
RH,93,1226.333333,P1,1,93,683.500000
RH,87,1226.625000,P1,1,87,683.666667
RH,96,1226.875000,P1,1,96,683.833333
RH,84,1227.125000,P1,5,84,684.000000
RH,93,1227.125000,P1,1,93,684.000000
RH,99,1227.125000,P1,1,99,684.000000
LH,54,1228.333333,P1,5,54,684.500000
RH,66,1228.333333,P1,5,66,684.500000
RH,69,1228.333333,P1,1,69,684.500000
RH,75,1228.333333,P1,2,75,684.500000
RH,81,1228.333333,P1,1,81,684.500000
RH,72,1228.375000,P1,1,72,684.500000
RH,63,1229.125000,P1,5,63,684.833333
RH,78,1229.125000,P1,2,78,684.833333
RH,61,1229.500000,P1,5,61,685.000000
RH,70,1229.500000,P1,1,70,685.000000
RH,82,1229.500000,P1,1,82,685.000000
RH,60,1229.750000,P1,5,60,685.166667
LH,46,1230.000000,P1,5,46,685.333333
LH,58,1230.000000,P1,5,58,685.333333
LH,44,1230.333333,P1,5,44,685.500000
LH,56,1230.333333,P1,5,56,685.500000
RH,73,1230.333333,P1,1,73,685.500000
RH,85,1230.333333,P1,1,85,685.500000
RH,77,1230.500000,P1,1,77,685.500000
RH,82,1230.500000,P1,1,82,685.500000
LH,43,1230.666667,P1,5,43,685.666667
LH,55,1230.666667,P1,5,55,685.666667
LH,43,1231.000000,P1,5,43,685.666667
LH,55,1231.000000,P1,5,55,685.666667
LH,43,1231.250000,P1,5,43,685.833333
LH,55,1231.250000,P1,5,55,685.833333
LH,36,1232.000000,P1,5,36,686.166667
LH,48,1232.000000,P1,5,48,686.166667
LH,36,1233.500000,P1,5,36,686.666667
LH,48,1233.500000,P1,5,48,686.666667
LH,29,1234.250000,P1,5,29,687.000000
RH,65,1234.333333,P1,1,65,687.000000
RH,68,1234.333333,P1,1,68,687.000000
RH,77,1234.333333,P1,1,77,687.000000
LH,53,1236.666667,P1,1,53,688.166667
LH,58,1236.875000,P1,1,58,688.333333
LH,36,1237.125000,P1,5,36,688.500000
LH,56,1237.125000,P1,1,56,688.500000
LH,52,1237.375000,P1,1,52,688.666667
LH,46,1237.500000,P1,5,46,688.750000
LH,55,1237.625000,P1,1,55,688.833333
LH,52,1237.875000,P1,5,52,689.000000
LH,56,1237.875000,P1,1,56,689.000000
LH,40,1238.000000,P1,5,40,689.250000
LH,55,1238.000000,P1,1,55,689.166667
RH,60,1238.250000,P1,1,60,689.333333
LH,48,1238.333333,P1,5,48,689.500000
RH,61,1238.500000,P1,1,61,689.500000
LH,58,1238.625000,P1,5,58,689.750000
RH,60,1238.625000,P1,1,60,689.666667
RH,68,1238.750000,P1,1,68,689.833333
LH,41,1239.000000,P1,5,41,690.000000
RH,67,1239.000000,P1,1,67,690.000000
LH,48,1239.250000,P1,5,48,690.250000
LH,59,1239.250000,P1,1,59,690.166667
RH,60,1239.500000,P1,1,60,690.333333
RH,61,1239.625000,P1,1,61,690.500000
LH,56,1239.666667,P1,5,56,690.500000
LH,44,1239.875000,P1,5,44,690.750000
RH,60,1239.875000,P1,1,60,690.666667
LH,53,1240.000000,P1,5,53,691.000000
RH,65,1240.000000,P1,1,65,690.833333
RH,60,1240.375000,P1,5,60,691.250000
RH,65,1240.375000,P1,1,65,691.166667
RH,70,1240.500000,P1,1,70,691.333333
LH,48,1240.666667,P1,5,48,691.500000
RH,68,1240.750000,P1,1,68,691.500000
LH,58,1241.000000,P1,5,58,691.750000
RH,64,1241.000000,P1,1,64,691.666667
RH,67,1241.125000,P1,1,67,691.833333
RH,64,1241.333333,P1,5,64,692.000000
RH,68,1241.333333,P1,1,68,692.000000
RH,67,1241.500000,P1,1,67,692.166667
RH,72,1241.750000,P1,1,72,692.333333
RH,73,1241.875000,P1,1,73,692.500000
RH,72,1242.125000,P1,1,72,692.666667
RH,79,1242.333333,P1,1,79,692.833333
LH,41,1242.625000,P1,5,41,693.000000
RH,77,1242.625000,P1,1,77,693.000000
LH,48,1243.000000,P1,5,48,693.250000
LH,44,1243.625000,P1,5,44,693.750000
LH,53,1243.875000,P1,5,53,694.000000
RH,68,1244.000000,P1,1,68,694.000000
RH,60,1244.250000,P1,5,60,694.250000
RH,65,1244.250000,P1,1,65,694.166667
RH,70,1244.375000,P1,1,70,694.333333
LH,48,1244.625000,P1,5,48,694.500000
RH,68,1244.625000,P1,1,68,694.500000
LH,58,1244.875000,P1,5,58,694.750000
RH,64,1244.875000,P1,1,64,694.666667
RH,67,1245.000000,P1,1,67,694.833333
RH,68,1245.125000,P1,1,68,695.000000
RH,67,1245.375000,P1,1,67,695.166667
LH,52,1245.500000,P1,5,52,695.250000
RH,72,1245.500000,P1,1,72,695.333333
RH,60,1245.750000,P1,5,60,695.500000
RH,73,1245.750000,P1,1,73,695.500000
RH,72,1245.875000,P1,1,72,695.666667
RH,70,1246.000000,P1,5,70,695.750000
RH,80,1246.000000,P1,1,80,695.833333
LH,53,1246.250000,P1,5,53,696.000000
RH,79,1246.250000,P1,1,79,696.000000
RH,71,1246.500000,P1,1,71,696.166667
RH,60,1246.625000,P1,5,60,696.250000
RH,72,1246.666667,P1,1,72,696.333333
RH,68,1246.875000,P1,5,68,696.500000
RH,73,1246.875000,P1,1,73,696.500000
RH,72,1247.000000,P1,1,72,696.666667
LH,56,1247.125000,P1,5,56,696.750000
RH,77,1247.250000,P1,1,77,696.833333
RH,65,1247.375000,P1,5,65,697.000000
RH,77,1247.625000,P1,1,77,697.166667
RH,72,1247.666667,P1,5,72,697.250000
RH,82,1247.750000,P1,1,82,697.333333
RH,60,1248.000000,P1,5,60,697.500000
RH,80,1248.000000,P1,1,80,697.500000
RH,76,1248.125000,P1,1,76,697.666667
RH,70,1248.333333,P1,5,70,697.750000
RH,79,1248.333333,P1,1,79,697.833333
RH,80,1248.500000,P1,1,80,698.000000
RH,76,1248.625000,P1,5,76,698.000000
RH,79,1248.666667,P1,1,79,698.166667
RH,64,1248.875000,P1,5,64,698.250000
RH,84,1248.875000,P1,1,84,698.333333
RH,72,1249.000000,P1,5,72,698.500000
RH,85,1249.000000,P1,1,85,698.500000
RH,84,1249.250000,P1,1,84,698.666667
RH,91,1249.500000,P1,1,91,698.833333
RH,68,1249.666667,P1,5,68,699.000000
RH,72,1249.666667,P1,5,72,699.000000
RH,77,1249.666667,P1,5,77,699.000000
RH,89,1249.666667,P1,1,89,699.000000
RH,65,1249.750000,P1,5,65,699.000000
RH,101,1250.000000,P1,1,101,699.166667
RH,68,1250.333333,P1,5,68,699.500000
RH,73,1250.333333,P1,5,73,699.500000
RH,77,1250.333333,P1,5,77,699.500000
RH,99,1250.333333,P1,1,99,699.500000
RH,97,1250.500000,P1,1,97,699.666667
RH,96,1250.750000,P1,1,96,699.833333
RH,94,1250.875000,P1,1,94,700.000000
RH,92,1251.125000,P1,1,92,700.166667
RH,91,1251.250000,P1,1,91,700.333333
RH,65,1251.375000,P1,5,65,700.500000
RH,68,1251.375000,P1,5,68,700.500000
RH,72,1251.375000,P1,5,72,700.500000
RH,77,1251.375000,P1,5,77,700.500000
RH,89,1251.375000,P1,1,89,700.500000
RH,88,1251.500000,P1,1,88,700.666667
RH,87,1251.750000,P1,1,87,700.833333
RH,65,1251.875000,P1,5,65,701.000000
RH,68,1251.875000,P1,5,68,701.000000
RH,73,1251.875000,P1,5,73,701.000000
RH,77,1251.875000,P1,5,77,701.000000
RH,85,1251.875000,P1,1,85,701.000000
RH,82,1252.250000,P1,1,82,701.333333
LH,53,1253.000000,P1,5,53,702.000000
LH,56,1253.000000,P1,5,56,702.000000
RH,60,1253.000000,P1,5,60,702.000000
RH,65,1253.000000,P1,5,65,702.000000
RH,92,1253.000000,P1,1,92,702.000000
RH,91,1253.250000,P1,1,91,702.166667
RH,89,1253.375000,P1,1,89,702.333333
LH,53,1253.500000,P1,5,53,702.500000
LH,56,1253.500000,P1,5,56,702.500000
RH,61,1253.500000,P1,5,61,702.500000
RH,65,1253.500000,P1,5,65,702.500000
RH,87,1253.625000,P1,1,87,702.500000
RH,85,1253.750000,P1,1,85,702.666667
RH,84,1253.875000,P1,1,84,702.833333
RH,82,1254.125000,P1,1,82,703.000000
RH,80,1254.250000,P1,1,80,703.166667
RH,79,1254.375000,P1,1,79,703.333333
LH,53,1254.500000,P1,5,53,703.500000
LH,56,1254.500000,P1,5,56,703.500000
RH,60,1254.500000,P1,5,60,703.500000
RH,65,1254.500000,P1,5,65,703.500000
RH,77,1254.500000,P1,1,77,703.500000
RH,75,1254.750000,P1,1,75,703.666667
RH,73,1254.875000,P1,1,73,703.833333
LH,53,1255.000000,P1,5,53,704.000000
RH,61,1255.000000,P1,5,61,704.000000
RH,65,1255.000000,P1,5,65,704.000000
RH,72,1255.000000,P1,1,72,704.000000
LH,56,1255.125000,P1,5,56,704.000000
RH,70,1255.250000,P1,1,70,704.166667
RH,68,1255.375000,P1,1,68,704.333333
RH,67,1255.500000,P1,1,67,704.500000
RH,68,1256.500000,P1,1,68,705.333333
RH,72,1256.750000,P1,1,72,705.500000
RH,77,1257.000000,P1,1,77,705.666667
RH,80,1257.125000,P1,1,80,705.833333
RH,84,1257.333333,P1,1,84,706.000000
RH,89,1257.500000,P1,1,89,706.166667
RH,92,1257.750000,P1,1,92,706.333333
RH,85,1258.125000,P1,5,85,706.500000
RH,97,1258.125000,P1,1,97,706.500000
RH,72,1259.500000,P1,5,72,707.666667
RH,84,1259.500000,P1,1,84,707.666667
RH,79,1259.666667,P1,5,79,707.833333
RH,91,1259.750000,P1,1,91,707.833333
RH,77,1259.875000,P1,5,77,708.000000
RH,89,1259.875000,P1,1,89,708.000000
RH,72,1260.000000,P1,5,72,708.166667
RH,84,1260.000000,P1,1,84,708.166667
RH,80,1260.125000,P1,1,80,708.333333
RH,68,1260.250000,P1,5,68,708.333333
RH,73,1260.375000,P1,5,73,708.500000
RH,85,1260.375000,P1,1,85,708.500000
RH,72,1260.500000,P1,5,72,708.666667
RH,84,1260.500000,P1,1,84,708.666667
RH,68,1260.666667,P1,5,68,708.833333
RH,80,1260.666667,P1,1,80,708.833333
RH,65,1260.875000,P1,5,65,709.000000
RH,77,1260.875000,P1,1,77,709.000000
RH,70,1261.000000,P1,5,70,709.166667
RH,82,1261.000000,P1,1,82,709.166667
RH,80,1261.125000,P1,1,80,709.333333
RH,68,1261.250000,P1,5,68,709.333333
RH,77,1261.333333,P1,1,77,709.500000
RH,65,1261.375000,P1,5,65,709.500000
RH,72,1261.500000,P1,1,72,709.666667
RH,67,1261.625000,P1,5,67,709.833333
RH,79,1261.666667,P1,1,79,709.833333
RH,77,1261.750000,P1,1,77,710.000000
RH,65,1261.875000,P1,5,65,710.000000
RH,60,1262.000000,P1,5,60,710.166667
RH,72,1262.000000,P1,1,72,710.166667
LH,56,1262.125000,P1,5,56,710.333333
RH,68,1262.125000,P1,1,68,710.333333
RH,61,1262.333333,P1,5,61,710.500000
RH,73,1262.333333,P1,1,73,710.500000
RH,60,1262.500000,P1,5,60,710.666667
RH,72,1262.500000,P1,1,72,710.666667
LH,56,1262.666667,P1,5,56,710.833333
RH,68,1262.666667,P1,1,68,710.833333
LH,53,1262.750000,P1,5,53,711.000000
RH,65,1262.875000,P1,1,65,711.000000
LH,58,1263.000000,P1,5,58,711.166667
RH,70,1263.000000,P1,1,70,711.166667
LH,56,1263.125000,P1,5,56,711.333333
RH,68,1263.125000,P1,1,68,711.333333
RH,65,1263.333333,P1,1,65,711.500000
LH,53,1263.375000,P1,5,53,711.500000
LH,48,1263.500000,P1,5,48,711.666667
RH,60,1263.500000,P1,1,60,711.666667
LH,55,1263.625000,P1,5,55,711.833333
RH,67,1263.750000,P1,1,67,711.833333
LH,53,1263.875000,P1,5,53,712.000000
RH,65,1263.875000,P1,1,65,712.000000
LH,48,1264.000000,P1,5,48,712.166667
RH,60,1264.000000,P1,1,60,712.166667
LH,44,1264.125000,P1,5,44,712.333333
LH,56,1264.125000,P1,1,56,712.333333
LH,49,1264.333333,P1,6,49,712.500000
RH,61,1264.375000,P1,5,61,712.500000
LH,48,1264.500000,P1,6,48,712.666667
RH,60,1264.500000,P1,5,60,712.666667
LH,44,1264.666667,P1,6,44,712.833333
LH,56,1264.666667,P1,5,56,712.833333
LH,41,1264.875000,P1,6,41,713.000000
LH,53,1264.875000,P1,5,53,713.000000
LH,46,1265.125000,P1,6,46,713.166667
LH,58,1265.125000,P1,5,58,713.166667
LH,56,1265.250000,P1,5,56,713.333333
LH,44,1265.333333,P1,6,44,713.333333
LH,41,1265.375000,P1,6,41,713.500000
LH,53,1265.375000,P1,5,53,713.500000
LH,36,1265.500000,P1,6,36,713.666667
LH,48,1265.625000,P1,5,48,713.666667
LH,43,1265.750000,P1,6,43,713.833333
LH,55,1265.750000,P1,5,55,713.833333
LH,41,1266.000000,P1,6,41,714.000000
LH,53,1266.000000,P1,5,53,714.000000
LH,36,1266.125000,P1,6,36,714.166667
LH,48,1266.125000,P1,5,48,714.166667
LH,32,1266.375000,P1,6,32,714.333333
LH,44,1266.375000,P1,5,44,714.333333
LH,37,1266.625000,P1,6,37,714.500000
LH,49,1266.625000,P1,5,49,714.500000
LH,36,1266.750000,P1,6,36,714.666667
LH,48,1266.750000,P1,5,48,714.666667
LH,32,1267.000000,P1,6,32,714.833333
LH,44,1267.000000,P1,5,44,714.833333
LH,29,1267.125000,P1,6,29,715.000000
LH,41,1267.250000,P1,5,41,715.000000
LH,37,1267.375000,P1,6,37,715.166667
LH,49,1267.375000,P1,5,49,715.166667
LH,36,1267.625000,P1,6,36,715.333333
LH,48,1267.625000,P1,5,48,715.333333
LH,32,1267.750000,P1,6,32,715.500000
LH,44,1267.750000,P1,5,44,715.500000
LH,29,1267.875000,P1,6,29,715.666667
LH,41,1268.000000,P1,5,41,715.666667
LH,37,1268.125000,P1,6,37,715.833333
LH,49,1268.125000,P1,5,49,715.833333
LH,36,1268.333333,P1,6,36,716.000000
LH,48,1268.333333,P1,5,48,716.000000
LH,32,1268.625000,P1,6,32,716.166667
LH,44,1268.625000,P1,5,44,716.166667
LH,29,1268.750000,P1,6,29,716.333333
LH,41,1268.750000,P1,5,41,716.333333
LH,37,1269.000000,P1,6,37,716.500000
LH,49,1269.000000,P1,5,49,716.500000
LH,36,1269.250000,P1,6,36,716.666667
LH,48,1269.250000,P1,5,48,716.666667
LH,32,1269.375000,P1,6,32,716.833333
LH,44,1269.375000,P1,5,44,716.833333
LH,29,1269.750000,P1,6,29,717.000000
LH,41,1269.750000,P1,5,41,717.000000
LH,37,1271.250000,P1,5,37,718.500000
LH,49,1271.250000,P1,5,49,718.500000
RH,65,1271.250000,P1,1,65,718.500000
RH,68,1271.250000,P1,1,68,718.500000
RH,77,1271.250000,P1,1,77,718.500000
RH,73,1271.333333,P1,1,73,718.500000
LH,34,1272.750000,P1,5,34,720.000000
LH,46,1272.750000,P1,5,46,720.000000
RH,73,1272.750000,P1,1,73,720.000000
RH,77,1272.750000,P1,1,77,720.000000
RH,85,1272.750000,P1,1,85,720.000000
RH,79,1272.875000,P1,1,79,720.000000
LH,36,1274.375000,P1,5,36,721.500000
LH,48,1274.375000,P1,5,48,721.500000
LH,55,1274.375000,P1,1,55,721.500000
LH,58,1274.375000,P1,1,58,721.500000
RH,64,1274.375000,P1,1,64,721.500000
RH,60,1274.500000,P1,1,60,721.500000
LH,41,1276.625000,P1,5,41,723.000000
LH,53,1276.625000,P1,1,53,723.000000
LH,56,1276.625000,P1,1,56,723.000000
