hand,pitch,onset_ql,reference_part,reference_voice,reference_pitch,reference_onset_ql
LH,36,2.000000,P1,5,36,0.000000
LH,44,13.000000,P1,5,44,3.000000
LH,56,13.000000,P1,1,56,3.000000
LH,48,14.875000,P1,5,48,4.000000
RH,60,14.875000,P1,1,60,4.000000
LH,44,15.625000,P1,5,44,4.500000
LH,56,15.625000,P1,1,56,4.500000
LH,51,16.125000,P1,5,51,5.000000
RH,63,16.125000,P1,1,63,5.000000
LH,58,16.750000,P1,5,58,5.500000
RH,70,16.750000,P1,1,70,5.500000
RH,60,17.375000,P1,5,60,6.000000
RH,72,17.375000,P1,1,72,6.000000
LH,56,18.125000,P1,5,56,6.500000
RH,68,18.125000,P1,1,68,6.500000
RH,63,18.875000,P1,5,63,7.000000
RH,75,18.875000,P1,1,75,7.000000
RH,72,21.500000,P1,5,72,8.000000
RH,84,21.500000,P1,1,84,8.000000
RH,70,23.875000,P1,5,70,9.000000
RH,82,23.875000,P1,1,82,9.000000
RH,67,25.750000,P1,5,67,10.000000
RH,79,25.750000,P1,1,79,10.000000
RH,78,30.250000,P1,1,78,11.000000
RH,66,30.333333,P1,5,66,11.000000
RH,67,37.500000,P1,5,67,13.000000
RH,79,37.500000,P1,1,79,13.000000
RH,65,38.875000,P1,5,65,14.000000
RH,77,38.875000,P1,1,77,14.000000
RH,69,40.500000,P1,5,69,15.000000
RH,81,40.500000,P1,1,81,15.000000
RH,63,41.875000,P1,5,63,15.666992
RH,75,41.875000,P1,1,75,15.666992
RH,63,42.500000,P1,5,63,16.000000
RH,75,42.500000,P1,1,75,16.000000
RH,65,46.125000,P1,5,65,17.000000
RH,77,46.125000,P1,1,77,17.000000
RH,63,47.333333,P1,5,63,17.333008
RH,75,47.333333,P1,1,75,17.333008
RH,62,49.875000,P1,5,62,18.000000
RH,74,49.875000,P1,1,74,18.000000
LH,51,59.875000,P1,5,51,22.000000
RH,60,59.875000,P1,5,60,22.000000
RH,72,59.875000,P1,1,72,22.000000
LH,55,60.000000,P1,5,55,22.000000
LH,50,66.375000,P1,5,50,24.000000
LH,38,79.333333,P1,5,38,31.000000
RH,70,81.375000,P1,1,70,33.000000
RH,69,81.875000,P1,1,69,33.500000
RH,67,82.375000,P1,1,67,34.000000
LH,43,83.500000,P1,5,43,35.000000
LH,58,83.500000,P1,2,58,35.000000
RH,62,83.500000,P1,2,62,35.000000
RH,74,85.375000,P1,1,74,37.000000
LH,58,86.125000,P1,5,58,38.000000
RH,67,86.125000,P1,2,67,38.000000
RH,62,86.250000,P1,2,62,38.000000
LH,58,87.000000,P1,5,58,39.000000
RH,62,87.000000,P1,2,62,39.000000
RH,67,87.000000,P1,2,67,39.000000
RH,72,87.875000,P1,1,72,40.000000
LH,57,88.666667,P1,5,57,41.000000
RH,63,88.666667,P1,2,63,41.000000
RH,67,88.666667,P1,2,67,41.000000
RH,60,88.750000,P1,5,60,41.000000
LH,57,89.875000,P1,5,57,42.000000
RH,69,93.000000,P1,1,69,45.500000
RH,67,93.500000,P1,1,67,46.000000
LH,43,94.125000,P1,5,43,47.000000
LH,58,94.125000,P1,2,58,47.000000
RH,62,94.125000,P1,2,62,47.000000
LH,43,94.875000,P1,5,43,48.000000
LH,58,94.875000,P1,2,58,48.000000
RH,62,94.875000,P1,2,62,48.000000
RH,64,95.625000,P1,1,64,49.000000
LH,45,96.375000,P1,5,45,50.000000
LH,55,96.375000,P1,2,55,50.000000
LH,57,96.375000,P1,2,57,50.000000
RH,61,96.375000,P1,2,61,50.000000
LH,45,97.250000,P1,5,45,51.000000
LH,55,97.250000,P1,2,55,51.000000
LH,57,97.250000,P1,2,57,51.000000
RH,61,97.250000,P1,2,61,51.000000
RH,66,98.125000,P1,1,66,52.000000
RH,62,99.000000,P1,2,62,53.000000
LH,38,99.125000,P1,5,38,53.000000
LH,54,99.125000,P1,2,54,53.000000
LH,57,99.125000,P1,2,57,53.000000
RH,62,100.250000,P1,2,62,54.000000
RH,69,103.500000,P1,1,69,57.500000
RH,67,104.000000,P1,1,67,58.000000
LH,58,104.625000,P1,2,58,59.000000
RH,79,106.375000,P1,1,79,61.000000
RH,77,108.750000,P1,1,77,64.000000
RH,65,109.375000,P1,5,65,65.000000
RH,70,109.375000,P1,2,70,65.000000
RH,72,109.375000,P1,2,72,65.000000
RH,65,111.666667,P1,1,65,67.500000
RH,73,114.666667,P1,1,73,69.750000
RH,73,115.125000,P1,1,73,70.000000
LH,46,116.875000,P1,5,46,72.000000
RH,63,116.875000,P1,2,63,72.000000
RH,65,116.875000,P1,2,65,72.000000
RH,69,116.875000,P1,2,69,72.000000
RH,74,117.625000,P1,1,74,73.000000
LH,58,118.375000,P1,5,58,74.000000
RH,62,118.375000,P1,2,62,74.000000
RH,65,118.375000,P1,2,65,74.000000
RH,70,118.375000,P1,2,70,74.000000
LH,58,119.250000,P1,5,58,75.000000
RH,65,119.250000,P1,2,65,75.000000
RH,70,119.250000,P1,2,70,75.000000
RH,72,120.250000,P1,1,72,76.000000
LH,57,121.250000,P1,5,57,77.000000
RH,63,121.250000,P1,2,63,77.000000
RH,67,121.250000,P1,2,67,77.000000
LH,57,122.500000,P1,5,57,78.000000
RH,69,126.125000,P1,1,69,81.500000
RH,67,126.500000,P1,1,67,82.000000
LH,58,127.250000,P1,2,58,83.000000
RH,62,127.250000,P1,2,62,83.000000
LH,43,128.125000,P1,5,43,84.000000
LH,58,128.125000,P1,2,58,84.000000
RH,62,128.125000,P1,2,62,84.000000
RH,74,129.000000,P1,1,74,85.000000
RH,62,129.750000,P1,2,62,86.000000
RH,67,129.750000,P1,2,67,86.000000
LH,58,129.875000,P1,5,58,86.000000
LH,58,130.625000,P1,5,58,87.000000
RH,62,130.625000,P1,2,62,87.000000
RH,67,130.625000,P1,2,67,87.000000
RH,72,131.500000,P1,1,72,88.000000
LH,57,132.375000,P1,5,57,89.000000
RH,60,132.375000,P1,5,60,89.000000
RH,63,132.375000,P1,2,63,89.000000
RH,67,132.375000,P1,2,67,89.000000
RH,69,136.375000,P1,1,69,93.500000
RH,67,136.875000,P1,1,67,94.000000
LH,43,137.500000,P1,5,43,95.000000
LH,58,137.500000,P1,2,58,95.000000
RH,62,137.500000,P1,2,62,95.000000
LH,43,138.125000,P1,5,43,96.000000
LH,58,138.250000,P1,2,58,96.000000
RH,62,138.250000,P1,2,62,96.000000
RH,64,138.875000,P1,1,64,97.000000
LH,45,139.625000,P1,5,45,98.000000
LH,55,139.625000,P1,2,55,98.000000
RH,61,139.625000,P1,2,61,98.000000
LH,45,140.333333,P1,5,45,99.000000
RH,66,141.250000,P1,1,66,100.000000
LH,57,142.125000,P1,2,57,101.000000
RH,62,142.125000,P1,2,62,101.000000
LH,38,142.250000,P1,5,38,101.000000
LH,54,142.250000,P1,2,54,101.000000
RH,69,146.000000,P1,1,69,105.500000
RH,67,146.333333,P1,1,67,106.000000
LH,55,146.875000,P1,5,55,107.000000
RH,65,146.875000,P1,2,65,107.000000
LH,59,147.000000,P1,2,59,107.000000
RH,62,147.000000,P1,2,62,107.000000
LH,55,147.500000,P1,5,55,108.000000
LH,59,147.500000,P1,2,59,108.000000
RH,65,147.500000,P1,2,65,108.000000
RH,79,148.375000,P1,1,79,109.000000
RH,67,149.250000,P1,2,67,110.000000
RH,79,151.333333,P1,1,79,112.000000
RH,74,154.500000,P1,1,74,115.000000
LH,38,155.125000,P1,6,38,116.000000
LH,50,155.125000,P1,5,50,116.000000
RH,62,155.125000,P1,2,62,116.000000
RH,67,155.125000,P1,2,67,116.000000
RH,62,155.875000,P1,2,62,117.000000
RH,67,155.875000,P1,2,67,117.000000
LH,55,156.000000,P1,6,55,117.000000
RH,72,156.625000,P1,1,72,118.000000
LH,39,157.333333,P1,6,39,119.000000
LH,51,157.333333,P1,5,51,119.000000
RH,67,157.333333,P1,2,67,119.000000
RH,60,157.375000,P1,2,60,119.000000
LH,55,158.125000,P1,6,55,120.000000
RH,60,158.125000,P1,2,60,120.000000
RH,67,158.125000,P1,2,67,120.000000
RH,67,158.875000,P1,1,67,121.000000
LH,47,162.250000,P1,5,47,124.000000
RH,79,162.333333,P1,1,79,124.000000
LH,55,164.000000,P1,5,55,126.000000
RH,67,164.000000,P1,2,67,126.000000
RH,72,164.000000,P1,2,72,126.000000
RH,75,164.000000,P1,2,75,126.000000
LH,49,164.666667,P1,5,49,127.000000
RH,74,164.750000,P1,1,74,127.000000
LH,50,165.750000,P1,5,50,128.500000
LH,55,166.000000,P1,5,55,129.000000
RH,67,166.000000,P1,2,67,129.000000
LH,50,166.500000,P1,5,50,130.000000
RH,72,166.500000,P1,1,72,130.000000
LH,51,166.875000,P1,5,51,130.500000
LH,53,167.125000,P1,5,53,131.000000
RH,60,167.125000,P1,2,60,131.000000
LH,58,169.125000,P1,2,58,134.000000
LH,53,170.625000,P1,5,53,136.000000
RH,65,170.625000,P1,1,65,136.000000
LH,58,172.333333,P1,2,58,138.000000
RH,62,172.333333,P1,2,62,138.000000
RH,74,173.000000,P1,1,74,139.000000
RH,62,173.750000,P1,2,62,140.000000
RH,65,173.875000,P1,2,65,140.000000
LH,42,175.875000,P1,5,42,142.000000
LH,54,175.875000,P1,5,54,142.000000
RH,63,175.875000,P1,2,63,142.000000
RH,69,175.875000,P1,2,69,142.000000
RH,63,178.666667,P1,2,63,145.000000
RH,69,178.666667,P1,2,69,145.000000
RH,72,178.666667,P1,1,72,145.000000
LH,43,181.125000,P1,5,43,148.000000
LH,55,181.125000,P1,5,55,148.000000
RH,75,181.125000,P1,1,75,148.000000
RH,62,184.000000,P1,2,62,151.000000
RH,70,184.000000,P1,2,70,151.000000
RH,74,184.000000,P1,1,74,151.000000
LH,38,187.125000,P1,5,38,154.000000
LH,50,187.125000,P1,5,50,154.000000
RH,60,187.125000,P1,2,60,154.000000
RH,66,187.125000,P1,2,66,154.000000
RH,66,190.333333,P1,2,66,157.000000
RH,69,190.333333,P1,1,69,157.000000
RH,60,190.375000,P1,2,60,157.000000
LH,39,192.875000,P1,5,39,160.000000
LH,51,192.875000,P1,5,51,160.000000
RH,72,192.875000,P1,1,72,160.000000
LH,58,195.625000,P1,2,58,163.000000
RH,67,195.625000,P1,2,67,163.000000
RH,70,195.625000,P1,1,70,163.000000
LH,58,196.375000,P1,2,58,164.000000
RH,67,196.375000,P1,2,67,164.000000
RH,67,198.250000,P1,2,67,166.000000
RH,69,198.250000,P1,1,69,166.000000
LH,36,198.333333,P1,5,36,166.000000
LH,48,198.333333,P1,5,48,166.000000
RH,63,198.333333,P1,2,63,166.000000
LH,38,200.750000,P1,5,38,169.000000
LH,50,200.750000,P1,5,50,169.000000
RH,62,200.750000,P1,2,62,169.000000
RH,66,200.750000,P1,2,66,169.000000
RH,69,200.750000,P1,1,69,169.000000
RH,62,201.500000,P1,2,62,170.000000
RH,66,201.500000,P1,2,66,170.000000
LH,37,203.375000,P1,5,37,172.000000
LH,57,203.666667,P1,2,57,172.000000
RH,64,203.875000,P1,2,64,172.000000
LH,52,207.666667,P1,5,52,175.000000
LH,57,207.666667,P1,5,57,175.000000
RH,64,207.666667,P1,5,64,175.000000
LH,36,211.625000,P1,5,36,178.000000
LH,48,211.625000,P1,5,48,178.000000
RH,69,212.875000,P1,1,69,179.000000
RH,77,214.125000,P1,1,77,180.000000
RH,91,214.625000,P1,1,91,180.250000
RH,89,214.875000,P1,1,89,180.500000
RH,88,215.125000,P1,1,88,180.750000
LH,53,215.375000,P1,5,53,181.000000
LH,57,215.375000,P1,5,57,181.000000
RH,65,215.500000,P1,5,65,181.000000
RH,87,215.500000,P1,1,87,181.000000
RH,84,215.750000,P1,1,84,181.166992
RH,81,216.000000,P1,1,81,181.333008
RH,82,216.125000,P1,1,82,181.500000
RH,86,216.375000,P1,1,86,181.666992
RH,84,216.625000,P1,1,84,181.833008
RH,82,216.750000,P1,1,82,182.000000
RH,79,217.000000,P1,1,79,182.166992
RH,77,217.125000,P1,1,77,182.333008
RH,74,217.250000,P1,1,74,182.500000
RH,75,217.375000,P1,1,75,182.666992
RH,77,218.750000,P1,1,77,183.666992
RH,75,219.000000,P1,1,75,183.833008
LH,34,219.333333,P1,5,34,184.000000
LH,46,219.333333,P1,5,46,184.000000
RH,73,219.500000,P1,1,73,184.000000
LH,39,223.333333,P1,5,39,187.000000
RH,60,224.250000,P1,5,60,188.000000
LH,38,226.375000,P1,5,38,190.000000
RH,70,226.500000,P1,1,70,190.000000
LH,50,230.000000,P1,6,50,193.000000
RH,66,230.000000,P1,1,66,193.000000
LH,43,234.375000,P1,5,43,196.000000
RH,67,234.375000,P1,1,67,196.000000
RH,75,238.000000,P1,2,75,198.500000
LH,42,238.500000,P1,5,42,199.000000
RH,63,239.625000,P1,5,63,200.000000
RH,69,239.625000,P1,2,69,200.000000
RH,81,239.625000,P1,1,81,200.000000
RH,73,240.125000,P1,2,73,200.500000
RH,62,240.500000,P1,5,62,201.000000
RH,75,240.500000,P1,2,75,201.000000
RH,74,241.000000,P1,2,74,201.500000
LH,43,241.500000,P1,5,43,202.000000
RH,63,243.666667,P1,5,63,204.000000
RH,75,244.125000,P1,2,75,204.500000
LH,41,244.500000,P1,5,41,205.000000
LH,53,245.500000,P1,6,53,206.000000
RH,63,245.500000,P1,5,63,206.000000
RH,68,245.500000,P1,2,68,206.000000
RH,80,245.500000,P1,1,80,206.000000
RH,73,246.000000,P1,2,73,206.500000
RH,62,246.333333,P1,5,62,207.000000
RH,75,246.333333,P1,2,75,207.000000
RH,74,246.750000,P1,2,74,207.500000
LH,39,247.125000,P1,5,39,208.000000
RH,62,248.125000,P1,5,62,209.000000
RH,79,248.125000,P1,1,79,209.000000
RH,60,249.000000,P1,5,60,210.000000
RH,74,249.000000,P1,2,74,210.000000
RH,72,249.333333,P1,2,72,210.500000
LH,36,249.750000,P1,5,36,211.000000
LH,51,250.625000,P1,6,51,212.000000
LH,58,250.625000,P1,5,58,212.000000
RH,60,250.625000,P1,2,60,212.000000
RH,72,250.625000,P1,1,72,212.000000
LH,57,251.250000,P1,5,57,213.000000
RH,70,251.375000,P1,2,70,213.000000
RH,69,251.666667,P1,2,69,213.500000
LH,38,252.000000,P1,5,38,214.000000
LH,50,252.750000,P1,6,50,215.000000
LH,55,252.750000,P1,5,55,215.000000
RH,60,252.750000,P1,6,60,215.000000
RH,63,252.750000,P1,2,63,215.000000
RH,75,252.750000,P1,1,75,215.000000
RH,71,253.125000,P1,2,71,215.500000
LH,54,253.375000,P1,5,54,216.000000
RH,74,253.375000,P1,2,74,216.000000
RH,72,253.750000,P1,2,72,216.500000
LH,38,254.125000,P1,5,38,217.000000
LH,57,254.750000,P1,5,57,218.000000
RH,63,254.750000,P1,2,63,218.000000
RH,67,254.750000,P1,1,67,218.000000
RH,62,255.000000,P1,2,62,218.500000
LH,50,255.250000,P1,5,50,219.000000
RH,61,255.250000,P1,2,61,219.000000
RH,66,255.250000,P1,1,66,219.000000
RH,69,255.250000,P1,1,69,219.000000
RH,60,255.625000,P1,2,60,219.500000
LH,43,255.875000,P1,5,43,220.000000
LH,55,255.875000,P1,5,55,220.000000
LH,58,255.875000,P1,2,58,220.000000
RH,67,255.875000,P1,1,67,220.000000
RH,70,255.875000,P1,1,70,220.000000
LH,55,256.750000,P1,6,55,221.000000
RH,65,256.750000,P1,5,65,221.000000
RH,82,256.750000,P1,1,82,221.000000
RH,74,257.125000,P1,2,74,221.500000
LH,58,257.375000,P1,5,58,222.000000
RH,63,257.375000,P1,5,63,222.000000
RH,77,257.375000,P1,2,77,222.000000
RH,75,257.666667,P1,2,75,222.500000
LH,42,258.000000,P1,5,42,223.000000
LH,54,258.000000,P1,5,54,223.000000
LH,57,259.375000,P1,5,57,225.000000
RH,62,259.375000,P1,5,62,225.000000
RH,74,259.750000,P1,2,74,225.500000
LH,43,260.000000,P1,5,43,226.000000
LH,55,260.000000,P1,5,55,226.000000
RH,65,260.625000,P1,5,65,227.000000
RH,82,260.625000,P1,1,82,227.000000
RH,74,260.875000,P1,2,74,227.500000
RH,63,261.125000,P1,5,63,228.000000
RH,77,261.125000,P1,2,77,228.000000
RH,75,261.375000,P1,2,75,228.500000
LH,41,261.666667,P1,5,41,229.000000
LH,53,261.666667,P1,5,53,229.000000
RH,63,262.250000,P1,5,63,230.000000
RH,80,262.250000,P1,1,80,230.000000
LH,56,262.666667,P1,5,56,231.000000
LH,59,262.666667,P1,5,59,231.000000
RH,62,262.666667,P1,5,62,231.000000
RH,75,262.750000,P1,2,75,231.000000
RH,74,262.875000,P1,2,74,231.500000
LH,39,263.125000,P1,5,39,232.000000
LH,51,263.125000,P1,5,51,232.000000
LH,55,264.125000,P1,5,55,234.000000
RH,60,264.125000,P1,5,60,234.000000
RH,74,264.125000,P1,2,74,234.000000
RH,72,264.333333,P1,2,72,234.500000
LH,36,264.500000,P1,5,36,235.000000
LH,48,264.500000,P1,5,48,235.000000
LH,48,265.000000,P1,6,48,236.000000
LH,58,265.000000,P1,5,58,236.000000
RH,72,265.000000,P1,1,72,236.000000
RH,68,265.250000,P1,2,68,236.500000
LH,51,265.375000,P1,5,51,237.000000
RH,70,265.375000,P1,2,70,237.000000
LH,57,265.500000,P1,5,57,237.000000
RH,69,265.625000,P1,2,69,237.500000
LH,38,265.750000,P1,5,38,238.000000
LH,45,266.250000,P1,5,45,239.000000
LH,55,266.250000,P1,5,55,239.000000
RH,75,266.250000,P1,1,75,239.000000
RH,71,266.500000,P1,2,71,239.500000
LH,48,266.625000,P1,5,48,240.000000
LH,54,266.625000,P1,5,54,240.000000
RH,74,266.625000,P1,2,74,240.000000
RH,72,266.875000,P1,2,72,240.500000
LH,38,267.000000,P1,5,38,241.000000
LH,51,267.375000,P1,5,51,242.000000
RH,66,267.375000,P1,1,66,242.000000
LH,45,267.500000,P1,5,45,242.000000
RH,61,267.625000,P1,2,61,242.500000
LH,48,267.750000,P1,5,48,243.000000
RH,63,267.750000,P1,2,63,243.000000
RH,62,268.000000,P1,2,62,243.500000
LH,43,268.250000,P1,6,43,244.000000
LH,58,268.250000,P1,2,58,244.000000
RH,67,268.250000,P1,1,67,244.000000
LH,31,268.666667,P1,5,31,245.000000
LH,43,268.666667,P1,5,43,245.000000
LH,55,268.666667,P1,2,55,245.000000
RH,60,268.666667,P1,1,60,245.000000
LH,58,268.875000,P1,1,58,245.500000
LH,57,269.000000,P1,1,57,246.000000
LH,55,269.250000,P1,1,55,246.500000
LH,43,269.500000,P1,5,43,247.000000
LH,50,269.500000,P1,5,50,247.000000
LH,58,269.500000,P1,2,58,247.000000
RH,67,269.500000,P1,1,67,247.000000
LH,51,270.000000,P1,5,51,248.000000
LH,55,270.000000,P1,2,55,248.000000
RH,60,270.000000,P1,1,60,248.000000
LH,50,270.125000,P1,5,50,248.500000
LH,58,270.125000,P1,1,58,248.500000
LH,57,270.333333,P1,1,57,249.000000
LH,55,270.500000,P1,1,55,249.500000
LH,43,270.666667,P1,6,43,250.000000
LH,48,270.666667,P1,6,48,250.000000
LH,51,270.666667,P1,6,51,250.000000
RH,65,270.750000,P1,1,65,250.000000
RH,60,270.875000,P1,1,60,250.500000
LH,57,271.125000,P1,5,57,251.000000
RH,63,271.125000,P1,1,63,251.000000
LH,54,271.333333,P1,1,54,251.500000
RH,60,271.500000,P1,1,60,252.000000
RH,63,271.750000,P1,1,63,252.500000
RH,66,271.875000,P1,1,66,253.000000
RH,72,272.125000,P1,1,72,253.500000
LH,43,272.250000,P1,5,43,254.000000
LH,55,272.250000,P1,5,55,254.000000
RH,77,272.333333,P1,1,77,254.000000
RH,75,272.500000,P1,1,75,254.500000
LH,51,272.666667,P1,5,51,255.000000
RH,63,272.666667,P1,5,63,255.000000
RH,74,272.666667,P1,1,74,255.000000
RH,72,272.875000,P1,1,72,255.500000
LH,50,273.125000,P1,5,50,256.000000
RH,62,273.125000,P1,5,62,256.000000
RH,70,273.125000,P1,2,70,256.000000
RH,79,273.125000,P1,1,79,256.000000
LH,43,273.500000,P1,5,43,257.000000
LH,55,273.500000,P1,5,55,257.000000
RH,67,273.500000,P1,2,67,257.000000
RH,72,273.500000,P1,1,72,257.000000
RH,70,273.750000,P1,1,70,257.500000
RH,69,274.000000,P1,1,69,258.000000
RH,67,274.125000,P1,1,67,258.500000
LH,55,274.333333,P1,5,55,259.000000
RH,62,274.333333,P1,5,62,259.000000
RH,70,274.333333,P1,2,70,259.000000
RH,79,274.333333,P1,1,79,259.000000
RH,63,274.750000,P1,5,63,260.000000
RH,67,274.750000,P1,2,67,260.000000
RH,72,274.750000,P1,1,72,260.000000
RH,62,275.000000,P1,5,62,260.500000
RH,70,275.000000,P1,1,70,260.500000
RH,69,275.250000,P1,1,69,261.000000
RH,67,275.375000,P1,1,67,261.500000
LH,55,275.500000,P1,6,55,262.000000
RH,60,275.500000,P1,6,60,262.000000
RH,63,275.500000,P1,6,63,262.000000
RH,77,275.500000,P1,1,77,262.000000
RH,72,275.750000,P1,1,72,262.500000
RH,69,276.000000,P1,5,69,263.000000
RH,75,276.000000,P1,1,75,263.000000
RH,66,276.125000,P1,1,66,263.500000
RH,72,276.375000,P1,1,72,264.000000
RH,75,276.500000,P1,1,75,264.500000
RH,78,276.750000,P1,1,78,265.000000
RH,84,277.000000,P1,1,84,265.500000
LH,55,277.125000,P1,5,55,266.000000
RH,67,277.125000,P1,5,67,266.000000
RH,89,277.125000,P1,1,89,266.000000
RH,87,277.333333,P1,1,87,266.500000
RH,63,277.500000,P1,5,63,267.000000
RH,75,277.500000,P1,5,75,267.000000
RH,86,277.500000,P1,1,86,267.000000
RH,84,277.750000,P1,1,84,267.500000
RH,67,278.000000,P1,5,67,268.000000
RH,74,278.000000,P1,5,74,268.000000
RH,82,278.000000,P1,1,82,268.000000
RH,91,278.000000,P1,1,91,268.000000
RH,91,278.875000,P1,1,91,269.500000
RH,96,279.000000,P1,1,96,269.500000
RH,94,279.250000,P1,1,94,270.000000
RH,86,279.500000,P1,1,86,270.500000
RH,63,279.666667,P1,6,63,271.000000
RH,66,279.666667,P1,6,66,271.000000
RH,69,279.666667,P1,6,69,271.000000
RH,75,279.666667,P1,5,75,271.000000
RH,90,279.750000,P1,1,90,271.000000
RH,94,279.750000,P1,1,94,271.000000
RH,93,280.000000,P1,1,93,271.500000
RH,74,280.250000,P1,5,74,272.000000
RH,86,280.250000,P1,1,86,272.000000
RH,78,280.375000,P1,1,78,272.500000
RH,82,280.375000,P1,1,82,272.500000
RH,62,280.500000,P1,5,62,273.000000
RH,81,280.500000,P1,1,81,273.000000
RH,74,280.750000,P1,1,74,273.500000
RH,79,280.875000,P1,1,79,274.000000
RH,84,280.875000,P1,1,84,274.000000
LH,55,281.000000,P1,5,55,274.000000
RH,82,281.125000,P1,1,82,274.500000
RH,86,281.333333,P1,1,86,275.000000
RH,91,281.500000,P1,1,91,275.500000
RH,96,281.500000,P1,1,96,275.500000
RH,74,281.750000,P1,5,74,276.000000
RH,94,281.750000,P1,1,94,276.000000
RH,86,281.875000,P1,1,86,276.500000
RH,63,282.125000,P1,6,63,277.000000
RH,66,282.125000,P1,6,66,277.000000
RH,69,282.125000,P1,6,69,277.000000
RH,75,282.125000,P1,5,75,277.000000
RH,90,282.125000,P1,1,90,277.000000
RH,94,282.125000,P1,1,94,277.000000
RH,93,282.250000,P1,1,93,277.500000
RH,74,282.500000,P1,5,74,278.000000
RH,86,282.500000,P1,1,86,278.000000
RH,78,282.666667,P1,1,78,278.500000
RH,82,282.666667,P1,1,82,278.500000
RH,62,282.875000,P1,5,62,279.000000
RH,81,282.875000,P1,1,81,279.000000
RH,74,283.125000,P1,1,74,279.500000
LH,55,283.250000,P1,5,55,280.000000
RH,79,283.250000,P1,1,79,280.000000
RH,84,283.250000,P1,1,84,280.000000
RH,82,283.500000,P1,1,82,280.500000
RH,86,283.666667,P1,1,86,281.000000
RH,91,283.875000,P1,1,91,281.500000
RH,96,283.875000,P1,1,96,281.500000
LH,50,284.000000,P1,5,50,282.000000
RH,94,284.000000,P1,1,94,282.000000
RH,86,284.250000,P1,1,86,282.500000
LH,51,284.333333,P1,6,51,283.000000
LH,54,284.333333,P1,6,54,283.000000
LH,57,284.333333,P1,6,57,283.000000
RH,63,284.333333,P1,5,63,283.000000
RH,62,284.750000,P1,5,62,284.000000
LH,50,285.125000,P1,5,50,285.000000
LH,43,285.500000,P1,5,43,286.000000
RH,67,285.500000,P1,1,67,286.000000
RH,72,285.500000,P1,1,72,286.000000
RH,70,285.750000,P1,1,70,286.500000
RH,74,286.000000,P1,1,74,287.000000
RH,79,286.125000,P1,1,79,287.500000
RH,84,286.125000,P1,1,84,287.500000
RH,62,286.333333,P1,5,62,288.000000
RH,82,286.333333,P1,1,82,288.000000
RH,74,286.500000,P1,1,74,288.500000
LH,51,286.666667,P1,6,51,289.000000
LH,54,286.666667,P1,6,54,289.000000
LH,57,286.666667,P1,6,57,289.000000
RH,63,286.666667,P1,5,63,289.000000
RH,78,286.666667,P1,1,78,289.000000
RH,82,286.666667,P1,1,82,289.000000
RH,81,286.875000,P1,1,81,289.500000
RH,62,287.125000,P1,5,62,290.000000
RH,74,287.125000,P1,1,74,290.000000
RH,66,287.333333,P1,1,66,290.500000
RH,70,287.333333,P1,1,70,290.500000
LH,50,287.500000,P1,5,50,291.000000
RH,69,287.500000,P1,1,69,291.000000
RH,62,287.750000,P1,1,62,291.500000
RH,67,287.875000,P1,1,67,292.000000
RH,72,287.875000,P1,1,72,292.000000
RH,70,288.125000,P1,1,70,292.500000
LH,50,288.250000,P1,5,50,293.000000
LH,58,288.250000,P1,5,58,293.000000
RH,74,288.250000,P1,1,74,293.000000
RH,79,288.500000,P1,1,79,293.500000
RH,84,288.500000,P1,1,84,293.500000
RH,82,288.625000,P1,1,82,294.000000
RH,74,288.750000,P1,1,74,294.500000
LH,37,289.000000,P1,5,37,295.000000
LH,49,289.000000,P1,5,49,295.000000
RH,74,289.000000,P1,1,74,295.000000
RH,81,289.000000,P1,1,81,295.000000
RH,79,289.125000,P1,1,79,295.500000
LH,50,289.333333,P1,5,50,296.000000
RH,70,289.333333,P1,1,70,296.000000
LH,38,289.375000,P1,5,38,296.000000
RH,70,289.500000,P1,1,70,296.500000
RH,75,289.500000,P1,1,75,296.500000
RH,74,289.750000,P1,1,74,297.000000
RH,67,289.875000,P1,1,67,297.500000
LH,31,290.000000,P1,5,31,298.000000
LH,43,290.000000,P1,5,43,298.000000
RH,72,290.000000,P1,1,72,298.000000
RH,67,290.125000,P1,1,67,298.000000
RH,70,290.250000,P1,1,70,298.500000
LH,50,290.500000,P1,5,50,299.000000
RH,62,290.500000,P1,1,62,299.000000
RH,69,290.625000,P1,1,69,299.500000
RH,67,290.750000,P1,1,67,300.000000
LH,58,291.000000,P1,1,58,300.500000
LH,37,291.125000,P1,5,37,301.000000
RH,63,291.125000,P1,1,63,301.000000
RH,62,291.333333,P1,1,62,301.500000
LH,38,291.500000,P1,5,38,302.000000
LH,55,291.500000,P1,1,55,302.000000
RH,60,291.750000,P1,1,60,302.500000
LH,55,291.875000,P1,1,55,302.500000
LH,58,291.875000,P1,1,58,303.000000
LH,50,292.125000,P1,1,50,303.500000
LH,31,292.250000,P1,5,31,304.000000
LH,43,292.250000,P1,5,43,304.000000
RH,60,292.250000,P1,1,60,304.000000
LH,55,292.333333,P1,1,55,304.000000
LH,58,292.500000,P1,1,58,304.500000
LH,50,292.750000,P1,1,50,305.000000
RH,62,292.875000,P1,1,62,305.500000
LH,36,293.000000,P1,5,36,306.000000
LH,55,293.000000,P1,1,55,305.500000
RH,60,293.000000,P1,1,60,306.000000
LH,51,293.250000,P1,1,51,306.500000
LH,31,293.375000,P1,5,31,307.000000
LH,43,293.375000,P1,5,43,307.000000
RH,60,293.375000,P1,1,60,307.000000
LH,55,293.500000,P1,1,55,307.000000
LH,58,293.666667,P1,1,58,307.500000
LH,50,293.875000,P1,1,50,308.000000
RH,62,294.000000,P1,1,62,308.500000
LH,55,294.125000,P1,1,55,308.500000
LH,36,294.250000,P1,5,36,309.000000
RH,60,294.250000,P1,1,60,309.000000
LH,51,294.375000,P1,1,51,309.500000
LH,31,294.625000,P1,5,31,310.000000
LH,43,294.625000,P1,5,43,310.000000
LH,55,294.625000,P1,1,55,310.000000
RH,60,294.625000,P1,1,60,310.000000
LH,58,294.750000,P1,1,58,310.500000
LH,50,295.000000,P1,1,50,311.000000
LH,55,295.125000,P1,1,55,311.500000
RH,62,295.125000,P1,1,62,311.500000
LH,36,295.333333,P1,5,36,312.000000
RH,60,295.333333,P1,1,60,312.000000
LH,51,295.500000,P1,1,51,312.500000
LH,31,295.750000,P1,5,31,313.000000
LH,43,295.750000,P1,5,43,313.000000
LH,55,295.750000,P1,1,55,313.000000
RH,60,295.750000,P1,1,60,313.000000
LH,58,296.000000,P1,1,58,313.500000
LH,50,296.125000,P1,1,50,314.000000
LH,55,296.375000,P1,1,55,314.500000
RH,62,296.375000,P1,1,62,314.500000
LH,36,296.500000,P1,5,36,315.000000
RH,60,296.625000,P1,1,60,315.000000
LH,51,296.875000,P1,1,51,315.500000
LH,31,297.125000,P1,5,31,316.000000
LH,43,297.125000,P1,5,43,316.000000
LH,55,297.125000,P1,1,55,316.000000
RH,62,297.375000,P1,1,62,316.500000
LH,58,297.625000,P1,1,58,317.000000
RH,62,297.875000,P1,1,62,317.500000
RH,67,298.000000,P1,1,67,318.000000
RH,70,298.250000,P1,1,70,318.500000
RH,74,298.375000,P1,1,74,319.000000
RH,79,298.625000,P1,1,79,319.500000
RH,62,298.750000,P1,5,62,320.000000
RH,67,298.750000,P1,5,67,320.000000
RH,82,298.750000,P1,1,82,320.000000
RH,86,299.000000,P1,1,86,320.500000
LH,55,299.125000,P1,5,55,321.000000
RH,62,299.125000,P1,5,62,321.000000
RH,91,299.125000,P1,1,91,321.000000
RH,98,299.333333,P1,1,98,321.500000
RH,62,299.500000,P1,5,62,322.000000
RH,67,299.500000,P1,5,67,322.000000
RH,94,299.500000,P1,1,94,322.000000
RH,98,299.750000,P1,1,98,322.500000
RH,91,300.000000,P1,1,91,323.000000
RH,86,300.125000,P1,1,86,323.500000
RH,82,300.333333,P1,1,82,324.000000
RH,79,300.500000,P1,1,79,324.500000
RH,74,300.750000,P1,1,74,325.000000
RH,70,301.000000,P1,1,70,325.500000
RH,67,301.250000,P1,1,67,326.000000
RH,62,301.375000,P1,1,62,326.500000
LH,38,301.500000,P1,5,38,327.000000
LH,58,301.625000,P1,1,58,327.000000
LH,50,301.875000,P1,1,50,327.500000
LH,31,302.000000,P1,5,31,328.000000
LH,43,302.000000,P1,5,43,328.000000
LH,55,302.000000,P1,1,55,328.000000
RH,62,302.250000,P1,1,62,328.500000
LH,58,302.500000,P1,1,58,329.000000
RH,62,302.750000,P1,1,62,329.500000
RH,67,302.875000,P1,1,67,330.000000
RH,74,303.125000,P1,1,74,330.500000
RH,70,303.250000,P1,1,70,331.000000
RH,74,303.375000,P1,1,74,331.500000
RH,67,303.666667,P1,1,67,332.000000
RH,62,303.875000,P1,1,62,332.500000
LH,38,304.000000,P1,5,38,333.000000
LH,58,304.000000,P1,1,58,333.000000
LH,50,304.250000,P1,1,50,333.500000
LH,30,304.500000,P1,5,30,334.000000
LH,42,304.500000,P1,5,42,334.000000
LH,54,304.500000,P1,1,54,334.000000
RH,62,304.750000,P1,1,62,334.500000
LH,58,305.000000,P1,1,58,335.000000
RH,62,305.125000,P1,1,62,335.500000
RH,66,305.375000,P1,1,66,336.000000
RH,74,305.500000,P1,1,74,336.500000
RH,70,305.750000,P1,1,70,337.000000
RH,74,305.875000,P1,1,74,337.500000
RH,66,306.125000,P1,1,66,338.000000
RH,62,306.375000,P1,1,62,338.500000
LH,38,306.500000,P1,5,38,339.000000
LH,58,306.500000,P1,1,58,339.000000
LH,50,306.875000,P1,1,50,339.500000
LH,31,307.125000,P1,5,31,340.000000
LH,43,307.125000,P1,5,43,340.000000
LH,55,307.125000,P1,1,55,340.000000
RH,62,307.500000,P1,1,62,340.500000
LH,58,307.750000,P1,1,58,341.000000
RH,62,308.000000,P1,1,62,341.500000
RH,67,308.125000,P1,1,67,342.000000
RH,70,308.333333,P1,1,70,342.500000
RH,74,308.500000,P1,1,74,343.000000
RH,79,308.750000,P1,1,79,343.500000
LH,50,308.875000,P1,5,50,344.000000
LH,55,308.875000,P1,5,55,344.000000
RH,82,308.875000,P1,1,82,344.000000
RH,86,309.125000,P1,1,86,344.500000
LH,43,309.250000,P1,5,43,345.000000
LH,50,309.250000,P1,5,50,345.000000
RH,91,309.333333,P1,1,91,345.000000
RH,98,309.500000,P1,1,98,345.500000
LH,50,309.666667,P1,5,50,346.000000
LH,55,309.666667,P1,5,55,346.000000
RH,94,309.750000,P1,1,94,346.000000
RH,98,310.000000,P1,1,98,346.500000
RH,91,310.125000,P1,1,91,347.000000
RH,86,310.333333,P1,1,86,347.500000
RH,82,310.500000,P1,1,82,348.000000
RH,79,310.750000,P1,1,79,348.500000
RH,74,311.000000,P1,1,74,349.000000
RH,70,311.125000,P1,1,70,349.500000
RH,67,311.333333,P1,1,67,350.000000
RH,62,311.625000,P1,1,62,350.500000
LH,38,311.750000,P1,5,38,351.000000
LH,58,311.875000,P1,1,58,351.000000
LH,50,312.000000,P1,1,50,351.500000
LH,30,312.250000,P1,5,30,352.000000
LH,42,312.250000,P1,5,42,352.000000
LH,54,312.333333,P1,1,54,352.000000
RH,62,312.625000,P1,1,62,352.500000
LH,58,312.750000,P1,1,58,353.000000
RH,62,313.000000,P1,1,62,353.500000
RH,66,313.250000,P1,1,66,354.000000
RH,74,313.375000,P1,1,74,354.500000
RH,70,313.625000,P1,1,70,355.000000
RH,74,313.750000,P1,1,74,355.500000
RH,66,314.000000,P1,1,66,356.000000
RH,62,314.250000,P1,1,62,356.500000
LH,38,314.333333,P1,5,38,357.000000
LH,58,314.500000,P1,1,58,357.000000
LH,50,314.666667,P1,1,50,357.500000
LH,29,314.875000,P1,6,29,358.000000
LH,41,314.875000,P1,5,41,358.000000
LH,53,315.000000,P1,1,53,358.000000
RH,62,315.250000,P1,1,62,358.500000
LH,58,315.500000,P1,1,58,359.000000
RH,62,315.875000,P1,1,62,359.500000
RH,65,316.000000,P1,1,65,360.000000
RH,74,316.250000,P1,1,74,360.500000
RH,70,316.625000,P1,1,70,361.000000
RH,74,316.875000,P1,1,74,361.500000
LH,45,319.500000,P1,5,45,364.000000
LH,53,319.500000,P1,1,53,364.000000
RH,65,321.000000,P1,1,65,366.000000
RH,69,321.250000,P1,1,69,366.500000
RH,72,321.375000,P1,1,72,367.000000
RH,77,321.666667,P1,1,77,367.500000
RH,60,323.625000,P1,5,60,370.000000
RH,65,323.625000,P1,5,65,370.000000
RH,101,323.625000,P1,1,101,370.000000
LH,53,329.750000,P1,5,53,375.000000
RH,60,329.750000,P1,5,60,375.000000
RH,60,331.000000,P1,5,60,376.000000
RH,65,331.000000,P1,5,65,376.000000
RH,60,336.125000,P1,5,60,382.000000
RH,65,336.125000,P1,5,65,382.000000
LH,53,337.625000,P1,5,53,384.000000
RH,60,337.625000,P1,5,60,384.000000
RH,60,338.625000,P1,5,60,385.000000
RH,65,338.625000,P1,5,65,385.000000
RH,60,342.875000,P1,2,60,387.000000
RH,65,342.875000,P1,1,65,387.000000
LH,34,346.125000,P1,5,34,388.000000
LH,56,348.000000,P1,5,56,390.000000
LH,53,348.666667,P1,5,53,391.000000
RH,67,348.666667,P1,1,67,391.000000
RH,62,348.750000,P1,2,62,391.000000
RH,60,349.500000,P1,5,60,392.000000
LH,39,351.375000,P1,5,39,394.000000
LH,55,353.500000,P1,5,55,397.000000
LH,58,354.000000,P1,5,58,398.000000
RH,75,354.125000,P1,1,75,398.000000
RH,63,354.625000,P1,5,63,399.000000
RH,74,354.875000,P1,1,74,399.500000
RH,60,355.125000,P1,5,60,400.000000
RH,67,355.125000,P1,2,67,400.000000
RH,72,355.125000,P1,1,72,400.000000
RH,63,355.750000,P1,5,63,401.000000
LH,53,356.250000,P1,5,53,402.000000
RH,69,356.666667,P1,2,69,403.000000
RH,74,356.666667,P1,1,74,403.000000
RH,63,356.750000,P1,5,63,403.000000
RH,67,357.375000,P1,5,67,404.000000
LH,46,358.875000,P1,5,46,406.000000
RH,62,360.875000,P1,5,62,409.000000
RH,82,360.875000,P1,1,82,409.000000
RH,65,361.375000,P1,5,65,410.000000
RH,70,361.875000,P1,5,70,411.000000
RH,60,362.500000,P1,5,60,412.000000
RH,82,362.625000,P1,1,82,412.000000
RH,63,363.250000,P1,5,63,413.000000
LH,53,363.750000,P1,5,53,414.000000
RH,80,363.750000,P1,1,80,414.000000
LH,58,364.500000,P1,5,58,415.000000
RH,80,364.625000,P1,1,80,415.000000
RH,78,365.750000,P1,1,78,417.000000
LH,58,366.125000,P1,5,58,418.000000
RH,78,366.125000,P1,1,78,418.000000
RH,62,366.666667,P1,5,62,419.000000
LH,51,367.125000,P1,5,51,420.000000
RH,79,367.125000,P1,1,79,420.000000
LH,56,367.666667,P1,5,56,421.000000
RH,60,368.333333,P1,5,60,422.000000
RH,80,368.333333,P1,1,80,422.000000
RH,67,369.333333,P1,5,67,423.000000
RH,75,369.625000,P1,1,75,423.500000
LH,56,370.125000,P1,5,56,424.000000
RH,79,370.250000,P1,1,79,424.000000
LH,50,371.333333,P1,5,50,426.000000
RH,77,371.333333,P1,1,77,426.000000
LH,55,371.750000,P1,5,55,427.000000
LH,59,372.250000,P1,5,59,428.000000
RH,79,372.250000,P1,1,79,428.000000
LH,55,373.375000,P1,5,55,430.000000
RH,77,373.625000,P1,1,77,430.000000
LH,48,374.875000,P1,5,48,432.000000
RH,74,374.875000,P1,1,74,432.000000
LH,53,375.375000,P1,5,53,433.000000
RH,72,375.500000,P1,1,72,433.000000
RH,74,375.875000,P1,1,74,433.333008
RH,72,376.125000,P1,1,72,433.666992
LH,57,376.250000,P1,5,57,434.000000
RH,71,376.375000,P1,1,71,434.000000
RH,72,376.666667,P1,1,72,434.500000
RH,74,377.125000,P1,1,74,435.000000
LH,53,378.000000,P1,5,53,436.000000
RH,60,378.125000,P1,2,60,436.000000
LH,46,379.625000,P1,5,46,438.000000
LH,56,380.250000,P1,5,56,439.000000
RH,62,380.250000,P1,2,62,439.000000
RH,67,380.250000,P1,1,67,439.000000
RH,60,380.875000,P1,5,60,440.000000
LH,39,382.500000,P1,5,39,442.000000
LH,55,384.500000,P1,5,55,445.000000
LH,58,384.875000,P1,5,58,446.000000
RH,75,384.875000,P1,1,75,446.000000
RH,63,385.375000,P1,5,63,447.000000
RH,74,385.500000,P1,1,74,447.500000
RH,60,385.875000,P1,5,60,448.000000
RH,67,385.875000,P1,2,67,448.000000
RH,72,385.875000,P1,1,72,448.000000
RH,63,386.375000,P1,5,63,449.000000
LH,53,386.750000,P1,5,53,450.000000
RH,63,387.250000,P1,5,63,451.000000
RH,69,387.250000,P1,2,69,451.000000
RH,74,387.250000,P1,1,74,451.000000
RH,67,387.750000,P1,5,67,452.000000
RH,74,388.250000,P1,1,74,453.000000
LH,46,388.875000,P1,5,46,454.000000
LH,58,390.250000,P1,5,58,456.000000
RH,62,390.750000,P1,5,62,457.000000
RH,82,390.750000,P1,1,82,457.000000
LH,36,394.250000,P1,5,36,460.000000
RH,82,394.375000,P1,1,82,460.000000
RH,72,397.000000,P1,1,72,463.000000
RH,64,397.625000,P1,5,64,464.000000
LH,58,398.125000,P1,5,58,465.000000
RH,74,398.125000,P1,1,74,465.000000
RH,75,399.125000,P1,1,75,466.000000
LH,57,400.333333,P1,5,57,468.000000
RH,79,401.125000,P1,1,79,469.000000
RH,62,402.750000,P1,5,62,470.000000
RH,79,402.875000,P1,1,79,470.000000
RH,77,404.875000,P1,1,77,471.333008
RH,75,405.750000,P1,1,75,471.666992
LH,39,406.250000,P1,5,39,472.000000
RH,75,406.500000,P1,1,75,472.000000
LH,46,407.000000,P1,5,46,472.500000
LH,55,407.333333,P1,5,55,473.000000
LH,51,407.666667,P1,5,51,473.500000
LH,58,408.000000,P1,5,58,474.000000
RH,63,409.000000,P1,5,63,475.000000
RH,70,411.375000,P1,1,70,477.000000
RH,74,411.666667,P1,1,74,477.333008
RH,72,412.000000,P1,1,72,477.666992
LH,39,412.333333,P1,5,39,478.000000
RH,70,412.625000,P1,1,70,478.000000
LH,58,414.125000,P1,5,58,480.000000
LH,55,414.375000,P1,5,55,480.500000
RH,63,414.750000,P1,5,63,481.000000
RH,67,415.333333,P1,1,67,482.000000
RH,68,415.666667,P1,1,68,482.500000
RH,72,416.375000,P1,1,72,483.666992
LH,39,416.666667,P1,5,39,484.000000
RH,70,416.750000,P1,1,70,484.000000
LH,46,417.250000,P1,5,46,484.500000
LH,58,418.125000,P1,5,58,486.000000
LH,56,418.500000,P1,5,56,486.500000
RH,62,418.750000,P1,5,62,487.000000
RH,68,419.500000,P1,1,68,488.500000
RH,70,419.750000,P1,1,70,489.000000
RH,74,420.000000,P1,1,74,489.333008
RH,72,420.250000,P1,1,72,489.666992
LH,39,420.500000,P1,5,39,490.000000
RH,70,420.500000,P1,1,70,490.000000
LH,46,420.875000,P1,5,46,490.500000
LH,55,421.125000,P1,5,55,491.000000
RH,63,421.500000,P1,1,63,491.666992
RH,67,421.750000,P1,1,67,492.000000
RH,72,421.875000,P1,1,72,492.333008
RH,70,422.125000,P1,1,70,492.666992
LH,39,422.333333,P1,5,39,493.000000
RH,68,422.375000,P1,1,68,493.000000
LH,47,422.750000,P1,5,47,493.500000
LH,56,423.125000,P1,5,56,494.000000
RH,63,424.000000,P1,1,63,495.000000
RH,65,424.375000,P1,1,65,495.500000
LH,39,424.875000,P1,5,39,496.000000
RH,67,425.125000,P1,1,67,496.000000
LH,55,426.000000,P1,5,55,497.000000
LH,51,426.375000,P1,5,51,497.500000
LH,55,427.000000,P1,5,55,498.500000
RH,63,427.666667,P1,5,63,499.000000
RH,70,429.875000,P1,1,70,501.000000
RH,74,430.125000,P1,1,74,501.333008
RH,72,430.375000,P1,1,72,501.666992
LH,39,430.666667,P1,5,39,502.000000
RH,70,430.875000,P1,1,70,502.000000
LH,58,432.625000,P1,5,58,504.000000
LH,55,432.875000,P1,5,55,504.500000
RH,63,433.333333,P1,5,63,505.000000
RH,67,434.125000,P1,1,67,506.333008
RH,68,434.375000,P1,1,68,506.666992
RH,70,434.625000,P1,1,70,507.000000
RH,74,434.750000,P1,1,74,507.333008
RH,72,435.000000,P1,1,72,507.666992
LH,39,435.125000,P1,5,39,508.000000
RH,70,435.125000,P1,1,70,508.000000
LH,46,435.375000,P1,5,46,508.500000
RH,82,435.750000,P1,1,82,509.000000
LH,56,435.875000,P1,5,56,509.000000
LH,53,436.125000,P1,5,53,509.500000
LH,58,436.333333,P1,5,58,510.000000
LH,56,436.625000,P1,5,56,510.500000
RH,62,437.000000,P1,5,62,511.000000
RH,68,438.666667,P1,1,68,512.666992
RH,70,438.875000,P1,1,70,513.000000
RH,74,439.125000,P1,1,74,513.333008
RH,72,439.333333,P1,1,72,513.666992
LH,39,439.625000,P1,5,39,514.000000
RH,70,439.666667,P1,1,70,514.000000
LH,46,440.000000,P1,5,46,514.500000
LH,55,440.333333,P1,5,55,515.000000
RH,63,440.750000,P1,1,63,515.666992
RH,67,440.875000,P1,1,67,516.000000
RH,72,441.125000,P1,1,72,516.333008
RH,70,441.333333,P1,1,70,516.666992
LH,39,441.500000,P1,5,39,517.000000
RH,68,441.500000,P1,1,68,517.000000
LH,47,441.875000,P1,5,47,517.500000
LH,56,442.250000,P1,5,56,518.000000
LH,39,443.666667,P1,5,39,520.000000
RH,67,444.000000,P1,1,67,520.000000
LH,55,445.625000,P1,5,55,522.500000
RH,63,445.875000,P1,5,63,523.000000
RH,67,446.125000,P1,1,67,523.500000
RH,70,446.375000,P1,1,70,524.000000
RH,79,446.625000,P1,1,79,524.500000
RH,77,446.875000,P1,1,77,525.000000
RH,75,447.250000,P1,1,75,525.500000
RH,62,448.875000,P1,5,62,528.000000
LH,58,449.000000,P1,5,58,528.500000
RH,67,449.333333,P1,5,67,529.000000
RH,70,449.625000,P1,1,70,529.500000
RH,74,449.750000,P1,1,74,530.000000
RH,82,450.000000,P1,1,82,530.500000
RH,74,450.333333,P1,1,74,531.000000
RH,75,450.500000,P1,1,75,531.500000
RH,70,453.000000,P1,5,70,535.000000
RH,74,453.333333,P1,1,74,535.500000
RH,77,453.625000,P1,1,77,536.000000
RH,86,454.000000,P1,1,86,536.500000
RH,84,454.333333,P1,1,84,537.000000
RH,82,454.625000,P1,1,82,537.500000
RH,80,455.125000,P1,1,80,538.000000
RH,81,455.625000,P1,1,81,538.500000
RH,86,457.333333,P1,1,86,540.000000
RH,65,457.750000,P1,5,65,540.500000
RH,81,457.750000,P1,1,81,540.500000
LH,52,464.375000,P1,1,52,544.000000
LH,40,465.625000,P1,5,40,545.000000
LH,40,466.666667,P1,5,40,546.000000
RH,71,470.875000,P1,1,71,549.500000
RH,69,471.333333,P1,1,69,550.000000
LH,40,472.125000,P1,5,40,551.000000
RH,60,472.125000,P1,2,60,551.000000
RH,64,472.125000,P1,2,64,551.000000
RH,64,473.875000,P1,5,64,553.000000
RH,76,473.875000,P1,1,76,553.000000
LH,52,474.875000,P1,6,52,554.000000
LH,57,474.875000,P1,6,57,554.000000
RH,69,474.875000,P1,2,69,554.000000
LH,52,475.666667,P1,6,52,555.000000
LH,57,475.666667,P1,6,57,555.000000
RH,69,475.666667,P1,2,69,555.000000
RH,62,476.625000,P1,5,62,556.000000
RH,74,476.625000,P1,1,74,556.000000
LH,52,477.750000,P1,6,52,557.000000
LH,57,477.750000,P1,6,57,557.000000
RH,65,477.750000,P1,2,65,557.000000
RH,69,477.750000,P1,2,69,557.000000
LH,52,479.000000,P1,6,52,558.000000
LH,57,479.000000,P1,6,57,558.000000
RH,65,479.000000,P1,2,65,558.000000
RH,69,479.000000,P1,2,69,558.000000
RH,71,483.375000,P1,1,71,561.500000
RH,69,483.750000,P1,1,69,562.000000
LH,40,484.500000,P1,6,40,563.000000
RH,60,484.500000,P1,2,60,563.000000
RH,64,484.500000,P1,2,64,563.000000
LH,40,485.250000,P1,6,40,564.000000
RH,60,485.250000,P1,2,60,564.000000
RH,64,485.250000,P1,2,64,564.000000
RH,66,486.000000,P1,1,66,565.000000
LH,54,486.125000,P1,5,54,565.000000
LH,40,487.000000,P1,6,40,566.000000
LH,57,487.000000,P1,2,57,566.000000
RH,60,487.000000,P1,2,60,566.000000
RH,64,487.000000,P1,2,64,566.000000
LH,56,489.125000,P1,5,56,568.000000
RH,68,489.125000,P1,1,68,568.000000
LH,59,490.250000,P1,2,59,569.000000
RH,64,490.250000,P1,2,64,569.000000
LH,40,490.333333,P1,6,40,569.000000
LH,59,491.333333,P1,2,59,570.000000
LH,40,491.375000,P1,6,40,570.000000
RH,64,491.375000,P1,2,64,570.000000
RH,69,496.250000,P1,1,69,574.000000
RH,64,498.750000,P1,5,64,577.000000
RH,76,498.750000,P1,1,76,577.000000
RH,66,501.000000,P1,5,66,580.000000
RH,78,501.000000,P1,1,78,580.000000
LH,40,506.875000,P1,6,40,585.000000
RH,69,508.333333,P1,1,69,586.000000
RH,66,510.625000,P1,5,66,589.000000
RH,78,510.625000,P1,1,78,589.000000
RH,68,512.625000,P1,5,68,592.000000
RH,80,512.625000,P1,1,80,592.000000
LH,52,513.250000,P1,6,52,593.000000
LH,57,513.250000,P1,6,57,593.000000
RH,60,513.250000,P1,6,60,593.000000
RH,66,514.625000,P1,5,66,595.000000
RH,78,514.625000,P1,1,78,595.000000
LH,52,515.500000,P1,6,52,596.000000
LH,57,515.500000,P1,6,57,596.000000
RH,69,515.500000,P1,2,69,596.000000
RH,75,515.500000,P1,2,75,596.000000
RH,60,515.625000,P1,6,60,596.000000
RH,72,515.625000,P1,2,72,596.000000
RH,68,517.375000,P1,5,68,598.000000
RH,80,517.375000,P1,1,80,598.000000
RH,66,519.125000,P1,5,66,601.000000
RH,78,519.125000,P1,1,78,601.000000
RH,68,521.250000,P1,5,68,603.500000
RH,80,521.250000,P1,1,80,603.500000
LH,52,522.000000,P1,6,52,605.000000
LH,57,522.000000,P1,6,57,605.000000
RH,60,522.000000,P1,6,60,605.000000
RH,69,522.000000,P1,2,69,605.000000
RH,72,522.000000,P1,2,72,605.000000
RH,75,522.000000,P1,2,75,605.000000
LH,52,522.500000,P1,6,52,606.000000
LH,57,522.500000,P1,6,57,606.000000
RH,60,522.500000,P1,6,60,606.000000
RH,69,522.500000,P1,2,69,606.000000
RH,72,522.500000,P1,2,72,606.000000
RH,75,522.500000,P1,2,75,606.000000
RH,66,522.875000,P1,5,66,607.000000
RH,78,522.875000,P1,1,78,607.000000
LH,52,523.375000,P1,6,52,608.000000
LH,57,523.375000,P1,6,57,608.000000
RH,60,523.375000,P1,6,60,608.000000
RH,69,523.375000,P1,2,69,608.000000
RH,72,523.375000,P1,2,72,608.000000
RH,75,523.375000,P1,2,75,608.000000
RH,68,524.250000,P1,5,68,609.500000
RH,80,524.250000,P1,1,80,609.500000
RH,69,524.500000,P1,5,69,610.000000
RH,81,524.500000,P1,1,81,610.000000
LH,52,525.125000,P1,6,52,611.000000
LH,57,525.125000,P1,6,57,611.000000
RH,60,525.125000,P1,6,60,611.000000
RH,72,525.125000,P1,2,72,611.000000
RH,75,525.125000,P1,2,75,611.000000
RH,78,525.125000,P1,2,78,611.000000
LH,52,525.625000,P1,6,52,612.000000
LH,57,525.625000,P1,6,57,612.000000
RH,60,525.625000,P1,6,60,612.000000
RH,72,525.625000,P1,2,72,612.000000
RH,75,525.625000,P1,2,75,612.000000
RH,78,525.625000,P1,2,78,612.000000
RH,68,526.125000,P1,5,68,613.000000
RH,80,526.125000,P1,1,80,613.000000
LH,52,527.250000,P1,6,52,614.000000
LH,28,529.125000,P1,5,28,616.000000
RH,71,529.125000,P1,1,71,616.000000
RH,74,529.125000,P1,1,74,616.000000
RH,76,529.125000,P1,1,76,616.000000
RH,80,529.125000,P1,1,80,616.000000
RH,83,529.125000,P1,1,83,616.000000
LH,59,531.625000,P1,5,59,619.000000
RH,62,531.625000,P1,5,62,619.000000
RH,68,531.625000,P1,5,68,619.000000
RH,74,531.625000,P1,1,74,619.000000
RH,76,531.625000,P1,1,76,619.000000
RH,80,531.625000,P1,1,80,619.000000
RH,85,531.625000,P1,1,85,619.000000
LH,56,532.125000,P1,5,56,620.000000
RH,62,532.125000,P1,5,62,620.000000
RH,64,532.125000,P1,5,64,620.000000
LH,33,533.500000,P1,5,33,622.000000
LH,45,533.500000,P1,5,45,622.000000
RH,69,533.500000,P1,1,69,622.000000
RH,73,533.500000,P1,1,73,622.000000
RH,81,533.500000,P1,1,81,622.000000
RH,61,535.000000,P1,5,61,625.000000
RH,69,535.000000,P1,5,69,625.000000
RH,81,535.000000,P1,1,81,625.000000
RH,85,535.000000,P1,1,85,625.000000
RH,93,535.000000,P1,1,93,625.000000
LH,57,535.375000,P1,5,57,626.000000
RH,64,535.375000,P1,5,64,626.000000
LH,52,535.875000,P1,5,52,627.000000
RH,61,535.875000,P1,5,61,627.000000
RH,80,535.875000,P1,1,80,627.000000
RH,85,535.875000,P1,1,85,627.000000
RH,92,535.875000,P1,1,92,627.000000
LH,35,536.333333,P1,5,35,628.000000
LH,47,536.333333,P1,5,47,628.000000
RH,78,536.333333,P1,1,78,628.000000
RH,85,536.333333,P1,1,85,628.000000
RH,90,536.333333,P1,1,90,628.000000
LH,54,536.875000,P1,5,54,629.000000
LH,59,536.875000,P1,5,59,629.000000
LH,57,537.250000,P1,5,57,630.000000
RH,63,537.250000,P1,5,63,630.000000
LH,59,537.666667,P1,5,59,631.000000
RH,66,537.666667,P1,5,66,631.000000
RH,83,537.666667,P1,1,83,631.000000
RH,87,537.666667,P1,1,87,631.000000
RH,92,537.666667,P1,1,92,631.000000
LH,57,538.250000,P1,5,57,632.000000
RH,63,538.250000,P1,5,63,632.000000
RH,76,539.500000,P1,1,76,634.000000
RH,80,539.500000,P1,1,80,634.000000
RH,88,539.500000,P1,1,88,634.000000
LH,56,540.625000,P1,5,56,636.000000
RH,64,540.625000,P1,5,64,636.000000
LH,59,541.000000,P1,5,59,637.000000
RH,68,541.000000,P1,5,68,637.000000
RH,76,541.000000,P1,1,76,637.000000
RH,88,541.000000,P1,1,88,637.000000
LH,56,541.500000,P1,5,56,638.000000
RH,64,541.500000,P1,5,64,638.000000
RH,76,542.000000,P1,1,76,639.000000
RH,88,542.000000,P1,1,88,639.000000
LH,42,542.625000,P1,5,42,640.000000
LH,54,542.625000,P1,5,54,640.000000
RH,76,542.625000,P1,1,76,640.000000
RH,81,542.625000,P1,3,81,640.000000
RH,88,542.625000,P1,1,88,640.000000
LH,54,543.125000,P1,5,54,641.000000
LH,35,544.500000,P1,5,35,643.000000
LH,47,544.500000,P1,5,47,643.000000
RH,74,544.625000,P1,1,74,643.000000
RH,86,544.625000,P1,1,86,643.000000
LH,59,546.125000,P1,5,59,645.000000
RH,69,546.125000,P1,5,69,645.000000
LH,40,546.875000,P1,5,40,646.000000
LH,52,546.875000,P1,5,52,646.000000
RH,74,546.875000,P1,1,74,646.000000
RH,80,546.875000,P1,3,80,646.000000
RH,86,546.875000,P1,1,86,646.000000
LH,52,547.375000,P1,5,52,647.000000
RH,61,547.375000,P1,5,61,647.000000
LH,56,547.875000,P1,5,56,648.000000
RH,68,547.875000,P1,5,68,648.000000
RH,73,547.875000,P1,1,73,648.000000
RH,85,547.875000,P1,1,85,648.000000
LH,33,548.500000,P1,5,33,649.000000
LH,45,548.500000,P1,5,45,649.000000
RH,73,548.625000,P1,1,73,649.000000
RH,85,548.625000,P1,1,85,649.000000
RH,74,548.875000,P1,1,74,649.333008
RH,86,548.875000,P1,1,86,649.333008
LH,52,549.125000,P1,5,52,650.000000
RH,85,549.125000,P1,1,85,649.666992
RH,61,549.250000,P1,5,61,650.000000
RH,72,549.375000,P1,1,72,650.000000
RH,73,549.666667,P1,1,73,650.500000
RH,85,549.666667,P1,1,85,650.500000
RH,76,550.000000,P1,1,76,651.000000
RH,88,550.000000,P1,1,88,651.000000
RH,74,550.333333,P1,1,74,651.500000
RH,86,550.333333,P1,1,86,651.500000
LH,38,550.750000,P1,5,38,652.000000
LH,50,550.750000,P1,5,50,652.000000
RH,73,550.750000,P1,1,73,652.000000
RH,78,550.750000,P1,3,78,652.000000
RH,85,550.750000,P1,1,85,652.000000
LH,54,552.125000,P1,5,54,654.000000
RH,66,552.125000,P1,5,66,654.000000
RH,70,552.333333,P1,1,70,654.500000
RH,82,552.333333,P1,1,82,654.500000
LH,37,552.625000,P1,5,37,655.000000
LH,49,552.625000,P1,5,49,655.000000
RH,71,552.625000,P1,1,71,655.000000
RH,77,552.625000,P1,3,77,655.000000
RH,83,552.625000,P1,1,83,655.000000
RH,72,553.125000,P1,1,72,655.750000
RH,84,553.125000,P1,1,84,655.750000
LH,56,553.250000,P1,5,56,656.000000
RH,61,553.250000,P1,5,61,656.000000
RH,73,553.500000,P1,1,73,656.500000
RH,85,553.500000,P1,1,85,656.500000
LH,59,553.750000,P1,5,59,657.000000
RH,65,553.750000,P1,5,65,657.000000
RH,68,553.875000,P1,1,68,657.250000
RH,80,553.875000,P1,1,80,657.250000
LH,30,554.333333,P1,5,30,658.000000
LH,42,554.333333,P1,5,42,658.000000
RH,71,554.333333,P1,1,71,658.000000
RH,73,554.333333,P1,2,73,658.000000
RH,78,554.333333,P1,2,78,658.000000
RH,83,554.333333,P1,1,83,658.000000
LH,57,555.625000,P1,5,57,660.000000
RH,66,555.625000,P1,5,66,660.000000
RH,80,555.875000,P1,1,80,660.500000
RH,75,556.333333,P1,2,75,661.000000
RH,78,556.333333,P1,1,78,661.000000
RH,69,556.375000,P1,2,69,661.000000
RH,71,556.375000,P1,2,71,661.000000
LH,54,557.125000,P1,6,54,662.000000
LH,59,557.125000,P1,5,59,662.000000
RH,69,557.125000,P1,2,69,662.000000
RH,71,557.125000,P1,2,71,662.000000
RH,75,557.125000,P1,2,75,662.000000
RH,77,557.125000,P1,1,77,662.000000
RH,69,557.500000,P1,2,69,662.500000
RH,71,557.500000,P1,2,71,662.500000
RH,75,557.500000,P1,2,75,662.500000
RH,78,557.500000,P1,1,78,662.500000
RH,69,557.875000,P1,2,69,663.000000
RH,71,557.875000,P1,2,71,663.000000
RH,75,557.875000,P1,2,75,663.000000
RH,69,558.250000,P1,2,69,663.500000
RH,71,558.250000,P1,2,71,663.500000
LH,28,558.750000,P1,5,28,664.000000
LH,40,558.750000,P1,5,40,664.000000
RH,62,558.750000,P1,1,62,664.000000
RH,64,558.750000,P1,1,64,664.000000
RH,68,558.750000,P1,1,68,664.000000
RH,71,558.750000,P1,1,71,664.000000
LH,56,560.666667,P1,5,56,667.000000
RH,62,560.666667,P1,5,62,667.000000
RH,64,560.666667,P1,1,64,667.000000
RH,68,560.666667,P1,1,68,667.000000
RH,73,560.666667,P1,1,73,667.000000
RH,76,560.666667,P1,1,76,667.000000
LH,52,561.125000,P1,5,52,668.000000
LH,59,561.125000,P1,5,59,668.000000
LH,57,562.500000,P1,1,57,670.000000
RH,61,562.500000,P1,1,61,670.000000
RH,69,562.500000,P1,1,69,670.000000
LH,52,563.125000,P1,5,52,671.000000
LH,57,563.500000,P1,5,57,672.000000
RH,64,563.500000,P1,5,64,672.000000
RH,69,563.500000,P1,1,69,672.000000
RH,73,563.500000,P1,1,73,672.000000
RH,81,563.500000,P1,1,81,672.000000
RH,61,564.000000,P1,5,61,673.000000
RH,69,564.000000,P1,5,69,673.000000
RH,81,564.000000,P1,1,81,673.000000
RH,85,564.000000,P1,1,85,673.000000
RH,93,564.000000,P1,1,93,673.000000
LH,57,564.375000,P1,5,57,674.000000
RH,64,564.375000,P1,5,64,674.000000
LH,52,564.750000,P1,5,52,675.000000
RH,80,564.750000,P1,1,80,675.000000
RH,85,564.750000,P1,1,85,675.000000
RH,92,564.750000,P1,1,92,675.000000
LH,35,565.250000,P1,5,35,676.000000
LH,47,565.250000,P1,5,47,676.000000
RH,78,565.250000,P1,1,78,676.000000
RH,85,565.250000,P1,1,85,676.000000
RH,90,565.250000,P1,1,90,676.000000
LH,57,566.125000,P1,5,57,678.000000
RH,63,566.125000,P1,5,63,678.000000
LH,59,566.625000,P1,5,59,679.000000
RH,66,566.625000,P1,5,66,679.000000
RH,83,566.625000,P1,1,83,679.000000
RH,87,566.625000,P1,1,87,679.000000
RH,92,566.625000,P1,1,92,679.000000
LH,57,567.125000,P1,5,57,680.000000
RH,63,567.125000,P1,5,63,680.000000
LH,54,567.625000,P1,5,54,681.000000
LH,59,567.625000,P1,5,59,681.000000
RH,81,567.625000,P1,1,81,681.000000
RH,87,567.625000,P1,1,87,681.000000
RH,92,567.625000,P1,1,92,681.000000
LH,40,568.125000,P1,5,40,682.000000
LH,52,568.125000,P1,5,52,682.000000
RH,76,568.125000,P1,1,76,682.000000
RH,80,568.125000,P1,1,80,682.000000
RH,88,568.125000,P1,1,88,682.000000
LH,52,568.666667,P1,5,52,683.000000
LH,59,568.666667,P1,5,59,683.000000
LH,56,569.125000,P1,5,56,684.000000
LH,59,569.750000,P1,5,59,685.000000
RH,68,569.750000,P1,5,68,685.000000
RH,88,569.750000,P1,1,88,685.000000
RH,100,569.750000,P1,1,100,685.000000
LH,56,570.333333,P1,5,56,686.000000
RH,64,570.333333,P1,5,64,686.000000
RH,88,571.375000,P1,1,88,687.750000
RH,100,571.375000,P1,1,100,687.750000
LH,40,571.625000,P1,5,40,688.000000
LH,52,571.625000,P1,5,52,688.000000
RH,88,571.625000,P1,1,88,688.000000
RH,100,571.625000,P1,1,100,688.000000
LH,52,572.250000,P1,5,52,689.000000
LH,58,572.250000,P1,5,58,689.000000
LH,54,573.000000,P1,5,54,690.000000
RH,61,573.000000,P1,5,61,690.000000
LH,58,573.500000,P1,5,58,691.000000
RH,64,573.500000,P1,5,64,691.000000
RH,66,573.500000,P1,1,66,691.000000
RH,78,573.500000,P1,1,78,691.000000
RH,61,574.000000,P1,5,61,692.000000
LH,28,575.375000,P1,5,28,694.000000
LH,40,575.375000,P1,5,40,694.000000
LH,52,576.250000,P1,5,52,695.000000
LH,58,576.250000,P1,5,58,695.000000
RH,80,576.375000,P1,2,80,695.200195
LH,54,576.875000,P1,5,54,696.000000
RH,61,577.000000,P1,5,61,696.000000
RH,77,577.125000,P1,1,77,696.000000
LH,58,577.666667,P1,5,58,697.000000
RH,64,577.666667,P1,5,64,697.000000
RH,80,577.750000,P1,1,80,697.000000
LH,54,578.250000,P1,5,54,698.000000
RH,61,578.250000,P1,5,61,698.000000
RH,71,578.250000,P1,1,71,698.000000
RH,83,578.250000,P1,1,83,698.000000
LH,52,578.500000,P1,5,52,699.000000
RH,73,578.500000,P1,1,73,698.500000
RH,85,578.500000,P1,1,85,698.500000
RH,74,578.666667,P1,1,74,699.000000
RH,86,578.666667,P1,1,86,699.000000
RH,76,578.875000,P1,1,76,699.500000
RH,88,578.875000,P1,1,88,699.500000
LH,40,579.125000,P1,5,40,700.000000
LH,52,579.125000,P1,5,52,700.000000
RH,78,579.125000,P1,1,78,700.000000
RH,90,579.125000,P1,1,90,700.000000
LH,52,579.625000,P1,5,52,701.000000
RH,60,579.625000,P1,5,60,701.000000
LH,56,580.000000,P1,5,56,702.000000
RH,63,580.000000,P1,5,63,702.000000
RH,60,580.500000,P1,5,60,703.000000
RH,66,580.500000,P1,5,66,703.000000
RH,68,580.500000,P1,1,68,703.000000
RH,80,580.500000,P1,1,80,703.000000
LH,56,580.875000,P1,5,56,704.000000
RH,63,580.875000,P1,5,63,704.000000
LH,28,581.875000,P1,5,28,706.000000
LH,40,581.875000,P1,5,40,706.000000
RH,67,582.875000,P1,1,67,708.000000
RH,68,583.125000,P1,1,68,708.500000
RH,80,583.125000,P1,1,80,708.500000
RH,70,583.375000,P1,1,70,709.000000
RH,82,583.375000,P1,1,82,709.000000
RH,72,583.625000,P1,1,72,709.500000
RH,84,583.625000,P1,1,84,709.500000
RH,85,583.750000,P1,1,85,710.000000
RH,73,583.875000,P1,1,73,710.000000
RH,75,584.000000,P1,1,75,710.500000
RH,87,584.000000,P1,1,87,710.500000
LH,52,584.125000,P1,5,52,711.000000
RH,76,584.250000,P1,1,76,711.000000
RH,88,584.250000,P1,1,88,711.000000
RH,78,584.500000,P1,1,78,711.500000
RH,90,584.500000,P1,1,90,711.500000
LH,40,584.666667,P1,5,40,712.000000
LH,52,584.666667,P1,5,52,712.000000
RH,80,584.666667,P1,1,80,712.000000
RH,92,584.666667,P1,1,92,712.000000
LH,52,585.125000,P1,5,52,713.000000
RH,61,585.125000,P1,5,61,713.000000
LH,56,585.625000,P1,5,56,714.000000
RH,64,585.625000,P1,5,64,714.000000
LH,39,586.000000,P1,5,39,715.000000
LH,51,586.000000,P1,5,51,715.000000
RH,68,586.000000,P1,1,68,715.000000
RH,80,586.000000,P1,1,80,715.000000
LH,51,586.500000,P1,5,51,716.000000
LH,59,586.500000,P1,5,59,716.000000
LH,56,587.000000,P1,5,56,717.000000
RH,63,587.000000,P1,5,63,717.000000
RH,68,587.000000,P1,1,68,717.000000
RH,80,587.000000,P1,1,80,717.000000
LH,37,587.500000,P1,5,37,718.000000
LH,49,587.500000,P1,5,49,718.000000
RH,68,587.500000,P1,1,68,718.000000
RH,80,588.000000,P1,2,80,718.799805
LH,49,588.250000,P1,5,49,719.000000
LH,56,588.250000,P1,5,56,719.000000
LH,52,588.750000,P1,5,52,720.000000
RH,61,588.750000,P1,5,61,720.000000
LH,32,589.250000,P1,5,32,721.000000
LH,44,589.250000,P1,5,44,721.000000
RH,73,589.375000,P1,1,73,721.000000
RH,85,589.375000,P1,1,85,721.000000
RH,75,589.625000,P1,1,75,721.500000
RH,87,589.625000,P1,1,87,721.500000
LH,47,589.875000,P1,5,47,722.000000
LH,56,589.875000,P1,5,56,722.000000
RH,77,589.875000,P1,1,77,722.000000
RH,89,589.875000,P1,1,89,722.000000
RH,79,590.125000,P1,1,79,722.500000
RH,91,590.125000,P1,1,91,722.500000
LH,51,590.500000,P1,5,51,723.000000
RH,82,590.875000,P1,1,82,723.500000
RH,94,590.875000,P1,1,94,723.500000
LH,29,591.250000,P1,5,29,724.000000
LH,41,591.250000,P1,5,41,724.000000
RH,83,591.250000,P1,1,83,724.000000
RH,95,591.250000,P1,1,95,724.000000
RH,80,593.000000,P1,1,80,727.000000
RH,83,593.000000,P1,1,83,727.000000
RH,77,593.250000,P1,1,77,727.500000
RH,75,593.375000,P1,1,75,728.000000
RH,71,593.500000,P1,1,71,728.500000
RH,68,593.750000,P1,1,68,729.000000
RH,71,593.750000,P1,1,71,729.000000
RH,65,594.000000,P1,1,65,729.500000
RH,63,594.125000,P1,1,63,730.000000
LH,59,594.250000,P1,1,59,730.500000
LH,56,594.500000,P1,1,56,731.000000
LH,53,594.750000,P1,1,53,731.500000
LH,51,594.875000,P1,1,51,732.000000
LH,47,595.000000,P1,1,47,732.500000
LH,56,595.250000,P1,1,56,733.000000
LH,59,595.250000,P1,1,59,733.000000
LH,53,595.375000,P1,1,53,733.500000
LH,51,595.625000,P1,1,51,734.000000
LH,47,595.875000,P1,1,47,734.500000
LH,56,595.875000,P1,1,56,735.000000
LH,59,595.875000,P1,2,59,735.000000
LH,34,596.250000,P1,5,34,736.000000
LH,53,596.250000,P1,1,53,735.500000
LH,58,596.375000,P1,1,58,736.000000
LH,56,596.625000,P1,1,56,736.500000
LH,50,596.750000,P1,5,50,737.000000
LH,59,596.875000,P1,1,59,737.000000
LH,53,597.000000,P1,1,53,737.500000
LH,58,597.125000,P1,1,58,738.000000
LH,56,597.333333,P1,1,56,738.500000
LH,34,597.375000,P1,5,34,739.000000
LH,59,597.500000,P1,1,59,739.000000
LH,53,597.666667,P1,1,53,739.500000
LH,50,597.875000,P1,5,50,740.000000
LH,58,597.875000,P1,1,58,740.000000
LH,56,598.000000,P1,1,56,740.500000
LH,59,598.250000,P1,1,59,741.000000
LH,53,598.333333,P1,1,53,741.500000
LH,34,598.500000,P1,5,34,742.000000
LH,58,598.500000,P1,1,58,742.000000
LH,56,598.666667,P1,1,56,742.500000
LH,50,598.875000,P1,5,50,743.000000
LH,59,598.875000,P1,1,59,743.000000
LH,53,599.000000,P1,1,53,743.500000
LH,58,599.250000,P1,1,58,744.000000
LH,56,599.500000,P1,1,56,744.500000
LH,34,599.625000,P1,5,34,745.000000
LH,59,599.625000,P1,1,59,745.000000
LH,53,599.750000,P1,1,53,745.500000
LH,50,600.000000,P1,5,50,746.000000
LH,58,600.000000,P1,1,58,746.000000
LH,56,600.125000,P1,1,56,746.500000
LH,59,600.333333,P1,1,59,747.000000
LH,53,600.500000,P1,1,53,747.500000
LH,50,600.625000,P1,5,50,748.000000
LH,58,600.625000,P1,1,58,748.000000
LH,56,600.875000,P1,1,56,748.500000
LH,59,601.000000,P1,1,59,749.000000
RH,65,601.000000,P1,5,65,749.000000
LH,53,601.250000,P1,1,53,749.500000
LH,58,601.333333,P1,1,58,750.000000
LH,50,601.625000,P1,5,50,751.000000
LH,56,601.625000,P1,1,56,750.500000
LH,59,601.750000,P1,1,59,751.000000
LH,53,601.875000,P1,1,53,751.500000
LH,58,602.125000,P1,1,58,752.000000
RH,65,602.125000,P1,5,65,752.000000
LH,56,602.250000,P1,1,56,752.500000
LH,59,602.500000,P1,1,59,753.000000
LH,53,602.625000,P1,1,53,753.500000
LH,50,602.750000,P1,5,50,754.000000
LH,58,602.750000,P1,1,58,754.000000
LH,56,603.000000,P1,1,56,754.500000
LH,59,603.125000,P1,1,59,755.000000
RH,65,603.125000,P1,5,65,755.000000
LH,53,603.333333,P1,1,53,755.500000
LH,58,603.500000,P1,1,58,756.000000
LH,56,603.666667,P1,1,56,756.500000
LH,50,603.875000,P1,5,50,757.000000
LH,59,603.875000,P1,1,59,757.000000
LH,53,604.125000,P1,1,53,757.500000
LH,58,604.250000,P1,1,58,758.000000
RH,65,604.250000,P1,5,65,758.000000
LH,56,604.375000,P1,1,56,758.500000
LH,59,604.500000,P1,1,59,759.000000
LH,53,604.750000,P1,1,53,759.500000
LH,58,604.875000,P1,1,58,760.000000
LH,58,605.375000,P1,1,58,761.000000
RH,62,605.625000,P1,1,62,761.500000
LH,59,605.750000,P1,1,59,762.000000
RH,62,606.000000,P1,1,62,762.500000
LH,46,606.125000,P1,5,46,763.000000
LH,53,606.125000,P1,5,53,763.000000
LH,56,606.125000,P1,5,56,763.000000
RH,61,606.125000,P1,1,61,763.000000
RH,65,606.333333,P1,1,65,763.500000
RH,62,606.500000,P1,1,62,764.000000
RH,68,606.666667,P1,1,68,764.500000
RH,64,606.875000,P1,1,64,765.000000
RH,68,607.125000,P1,1,68,765.500000
LH,53,607.250000,P1,5,53,766.000000
LH,56,607.250000,P1,5,56,766.000000
RH,62,607.250000,P1,5,62,766.000000
RH,65,607.333333,P1,1,65,766.000000
RH,71,607.375000,P1,1,71,766.500000
RH,67,607.666667,P1,1,67,767.000000
RH,71,607.875000,P1,1,71,767.500000
RH,68,608.000000,P1,1,68,768.000000
RH,74,608.125000,P1,1,74,768.500000
LH,56,608.375000,P1,5,56,769.000000
RH,62,608.375000,P1,5,62,769.000000
RH,65,608.375000,P1,5,65,769.000000
RH,70,608.375000,P1,1,70,769.000000
RH,74,608.625000,P1,1,74,769.500000
RH,71,608.750000,P1,1,71,770.000000
RH,74,608.875000,P1,1,74,770.500000
RH,73,609.125000,P1,1,73,771.000000
RH,77,609.250000,P1,1,77,771.500000
LH,58,609.500000,P1,5,58,772.000000
RH,65,609.500000,P1,5,65,772.000000
RH,68,609.500000,P1,5,68,772.000000
RH,74,609.500000,P1,1,74,772.000000
RH,80,609.625000,P1,1,80,772.500000
RH,76,609.875000,P1,1,76,773.000000
RH,80,610.000000,P1,1,80,773.500000
RH,77,610.125000,P1,1,77,774.000000
RH,83,610.333333,P1,1,83,774.500000
RH,79,610.500000,P1,1,79,775.000000
RH,65,610.625000,P1,5,65,775.000000
RH,68,610.625000,P1,5,68,775.000000
RH,74,610.625000,P1,5,74,775.000000
RH,83,610.666667,P1,1,83,775.500000
RH,80,610.875000,P1,1,80,776.000000
RH,86,611.000000,P1,1,86,776.500000
RH,82,611.250000,P1,1,82,777.000000
RH,86,611.500000,P1,1,86,777.500000
RH,68,611.625000,P1,5,68,778.000000
RH,74,611.625000,P1,5,74,778.000000
RH,77,611.625000,P1,5,77,778.000000
RH,83,611.625000,P1,1,83,778.000000
RH,86,611.750000,P1,1,86,778.500000
RH,85,612.000000,P1,1,85,779.000000
RH,89,612.125000,P1,1,89,779.500000
RH,86,612.375000,P1,1,86,780.000000
RH,92,612.500000,P1,1,92,780.500000
RH,70,612.625000,P1,5,70,781.000000
RH,77,612.625000,P1,5,77,781.000000
RH,80,612.625000,P1,5,80,781.000000
RH,88,612.750000,P1,1,88,781.000000
RH,92,613.000000,P1,1,92,781.500000
RH,89,613.125000,P1,1,89,782.000000
RH,95,613.333333,P1,1,95,782.500000
RH,91,613.625000,P1,1,91,783.000000
RH,95,613.875000,P1,1,95,783.500000
RH,77,614.000000,P1,5,77,784.000000
RH,80,614.125000,P1,5,80,784.000000
RH,86,614.125000,P1,5,86,784.000000
RH,94,614.250000,P1,1,94,784.000000
RH,94,615.125000,P1,1,94,786.000000
RH,92,615.250000,P1,1,92,786.500000
RH,96,615.375000,P1,1,96,787.000000
RH,89,615.625000,P1,1,89,787.500000
RH,94,615.750000,P1,1,94,788.000000
RH,92,615.875000,P1,1,92,788.500000
RH,97,616.125000,P1,1,97,789.000000
RH,89,616.250000,P1,1,89,789.500000
RH,94,616.375000,P1,1,94,790.000000
RH,92,616.625000,P1,1,92,790.500000
RH,98,616.750000,P1,1,98,791.000000
RH,89,616.875000,P1,1,89,791.500000
RH,94,617.000000,P1,1,94,792.000000
RH,92,617.250000,P1,1,92,792.500000
RH,99,617.375000,P1,1,99,793.000000
RH,75,617.500000,P1,5,75,793.000000
RH,80,617.500000,P1,5,80,793.000000
RH,84,617.500000,P1,5,84,793.000000
RH,89,617.625000,P1,1,89,793.500000
RH,94,617.750000,P1,1,94,794.000000
RH,92,618.000000,P1,1,92,794.500000
RH,100,618.250000,P1,1,100,795.000000
RH,89,618.375000,P1,1,89,795.500000
RH,75,618.625000,P1,5,75,796.000000
RH,80,618.625000,P1,5,80,796.000000
RH,84,618.625000,P1,5,84,796.000000
RH,101,618.750000,P1,1,101,796.000000
RH,99,619.625000,P1,1,99,798.000000
RH,96,619.750000,P1,1,96,798.500000
RH,74,619.875000,P1,5,74,799.000000
RH,82,619.875000,P1,5,82,799.000000
RH,95,620.000000,P1,1,95,799.000000
RH,98,620.125000,P1,1,98,799.500000
RH,97,620.250000,P1,1,97,800.000000
RH,94,620.500000,P1,1,94,800.500000
RH,93,620.625000,P1,1,93,801.000000
RH,96,620.750000,P1,1,96,801.500000
RH,95,621.000000,P1,1,95,802.000000
RH,92,621.125000,P1,1,92,802.500000
RH,91,621.333333,P1,1,91,803.000000
RH,94,621.500000,P1,1,94,803.500000
RH,92,621.750000,P1,1,92,804.000000
RH,89,621.875000,P1,1,89,804.500000
RH,86,622.125000,P1,1,86,805.000000
RH,82,622.250000,P1,1,82,805.500000
RH,82,622.666667,P1,1,82,806.500000
RH,82,623.125000,P1,1,82,807.500000
LH,51,623.250000,P1,5,51,808.000000
RH,78,623.500000,P1,1,78,808.000000
RH,63,624.000000,P1,6,63,809.000000
RH,91,624.000000,P1,1,91,809.000000
RH,86,624.250000,P1,1,86,809.500000
RH,70,624.375000,P1,5,70,810.000000
RH,87,624.375000,P1,1,87,810.000000
RH,83,624.625000,P1,1,83,810.500000
LH,46,624.750000,P1,5,46,811.000000
RH,84,624.750000,P1,1,84,811.000000
RH,79,625.000000,P1,1,79,811.500000
LH,57,625.125000,P1,6,57,812.000000
RH,62,625.125000,P1,5,62,812.000000
RH,68,625.125000,P1,5,68,812.000000
RH,82,625.125000,P1,1,82,812.000000
RH,80,625.333333,P1,1,80,812.500000
LH,58,625.500000,P1,6,58,813.000000
RH,79,625.500000,P1,1,79,813.000000
RH,77,625.750000,P1,1,77,813.500000
LH,51,625.875000,P1,5,51,814.000000
RH,78,625.875000,P1,1,78,814.000000
RH,79,626.125000,P1,1,79,814.500000
RH,67,626.250000,P1,6,67,815.000000
RH,72,626.250000,P1,5,72,815.000000
RH,91,626.250000,P1,1,91,815.000000
RH,63,626.375000,P1,6,63,815.000000
RH,86,626.500000,P1,1,86,815.500000
RH,70,626.625000,P1,5,70,816.000000
RH,87,626.625000,P1,1,87,816.000000
RH,83,626.875000,P1,1,83,816.500000
LH,46,627.000000,P1,5,46,817.000000
RH,84,627.000000,P1,1,84,817.000000
RH,79,627.250000,P1,1,79,817.500000
LH,57,627.375000,P1,6,57,818.000000
RH,62,627.375000,P1,5,62,818.000000
RH,68,627.375000,P1,5,68,818.000000
RH,82,627.375000,P1,1,82,818.000000
RH,80,627.625000,P1,1,80,818.500000
LH,58,627.750000,P1,6,58,819.000000
RH,79,627.875000,P1,1,79,819.000000
RH,77,628.000000,P1,1,77,819.500000
LH,51,628.125000,P1,5,51,820.000000
RH,78,628.250000,P1,1,78,820.000000
RH,79,628.375000,P1,1,79,820.500000
RH,63,628.625000,P1,6,63,821.000000
RH,68,628.625000,P1,5,68,821.000000
RH,91,628.625000,P1,1,91,821.000000
RH,86,628.750000,P1,1,86,821.500000
RH,67,629.000000,P1,5,67,822.000000
RH,87,629.000000,P1,1,87,822.000000
RH,83,629.125000,P1,1,83,822.500000
LH,44,629.250000,P1,5,44,823.000000
RH,84,629.333333,P1,1,84,823.000000
RH,79,629.500000,P1,1,79,823.500000
RH,67,629.750000,P1,5,67,824.000000
RH,82,629.750000,P1,1,82,824.000000
RH,60,629.875000,P1,6,60,824.000000
RH,80,629.875000,P1,1,80,824.500000
RH,65,630.125000,P1,5,65,825.000000
RH,79,630.125000,P1,1,79,825.000000
RH,77,630.375000,P1,1,77,825.500000
LH,46,630.625000,P1,5,46,826.000000
RH,80,631.000000,P1,1,80,826.500000
RH,63,631.250000,P1,5,63,827.000000
RH,77,631.250000,P1,1,77,827.000000
LH,53,631.333333,P1,6,53,827.000000
RH,62,631.666667,P1,5,62,828.000000
RH,80,631.666667,P1,1,80,828.000000
RH,77,631.875000,P1,1,77,828.500000
LH,46,632.125000,P1,5,46,829.000000
RH,80,632.333333,P1,1,80,829.500000
LH,53,632.625000,P1,6,53,830.000000
LH,56,632.625000,P1,6,56,830.000000
RH,60,632.625000,P1,5,60,830.000000
RH,77,632.625000,P1,1,77,830.000000
LH,58,633.000000,P1,5,58,831.000000
RH,80,633.000000,P1,1,80,831.000000
RH,77,633.333333,P1,1,77,831.500000
LH,51,633.500000,P1,5,51,832.000000
RH,78,633.625000,P1,1,78,832.000000
RH,79,633.875000,P1,1,79,832.500000
RH,63,634.125000,P1,6,63,833.000000
RH,67,634.125000,P1,6,67,833.000000
RH,72,634.125000,P1,5,72,833.000000
RH,91,634.125000,P1,1,91,833.000000
RH,86,634.333333,P1,1,86,833.500000
RH,70,634.500000,P1,5,70,834.000000
RH,87,634.500000,P1,1,87,834.000000
RH,83,634.666667,P1,1,83,834.500000
LH,46,634.875000,P1,5,46,835.000000
RH,84,634.875000,P1,1,84,835.000000
RH,79,635.000000,P1,1,79,835.500000
LH,57,635.250000,P1,6,57,836.000000
RH,62,635.250000,P1,5,62,836.000000
RH,68,635.250000,P1,5,68,836.000000
RH,82,635.250000,P1,1,82,836.000000
RH,80,635.500000,P1,1,80,836.500000
LH,58,635.625000,P1,6,58,837.000000
RH,79,635.666667,P1,1,79,837.000000
RH,77,635.875000,P1,1,77,837.500000
LH,51,636.000000,P1,5,51,838.000000
RH,78,636.125000,P1,1,78,838.000000
RH,79,636.250000,P1,1,79,838.500000
RH,67,636.375000,P1,6,67,839.000000
RH,72,636.375000,P1,5,72,839.000000
RH,91,636.375000,P1,1,91,839.000000
RH,63,636.500000,P1,6,63,839.000000
RH,86,636.625000,P1,1,86,839.500000
RH,70,636.750000,P1,5,70,840.000000
RH,87,636.750000,P1,1,87,840.000000
RH,83,637.000000,P1,1,83,840.500000
LH,46,637.125000,P1,5,46,841.000000
RH,84,637.125000,P1,1,84,841.000000
RH,79,637.333333,P1,1,79,841.500000
RH,62,637.500000,P1,5,62,842.000000
RH,68,637.500000,P1,5,68,842.000000
RH,82,637.500000,P1,1,82,842.000000
LH,57,637.625000,P1,6,57,842.000000
RH,80,637.750000,P1,1,80,842.500000
LH,58,637.875000,P1,6,58,843.000000
RH,79,637.875000,P1,1,79,843.000000
RH,77,638.125000,P1,1,77,843.500000
LH,51,638.250000,P1,5,51,844.000000
RH,78,638.250000,P1,1,78,844.000000
RH,79,638.500000,P1,1,79,844.500000
RH,67,638.666667,P1,6,67,845.000000
RH,70,638.666667,P1,6,70,845.000000
RH,77,638.666667,P1,5,77,845.000000
RH,91,638.666667,P1,1,91,845.000000
RH,86,638.875000,P1,1,86,845.500000
RH,75,639.125000,P1,5,75,846.000000
RH,87,639.125000,P1,1,87,846.000000
RH,83,639.250000,P1,1,83,846.500000
LH,44,639.500000,P1,5,44,847.000000
RH,84,639.500000,P1,1,84,847.000000
RH,79,639.666667,P1,1,79,847.500000
RH,82,639.875000,P1,1,82,848.000000
RH,67,640.000000,P1,5,67,848.000000
RH,80,640.000000,P1,1,80,848.500000
RH,65,640.125000,P1,5,65,849.000000
RH,79,640.250000,P1,1,79,849.000000
RH,77,640.500000,P1,1,77,849.500000
LH,46,640.666667,P1,5,46,850.000000
RH,76,640.666667,P1,1,76,850.000000
RH,75,640.875000,P1,1,75,850.500000
RH,74,641.125000,P1,1,74,851.000000
RH,73,641.250000,P1,1,73,851.500000
LH,53,641.500000,P1,5,53,852.000000
LH,56,641.500000,P1,5,56,852.000000
RH,62,641.500000,P1,5,62,852.000000
RH,72,641.500000,P1,1,72,852.000000
RH,71,641.666667,P1,1,71,852.500000
LH,53,641.875000,P1,5,53,853.000000
LH,56,641.875000,P1,5,56,853.000000
RH,62,641.875000,P1,5,62,853.000000
RH,70,641.875000,P1,1,70,853.000000
RH,69,642.000000,P1,1,69,853.500000
LH,53,642.250000,P1,5,53,854.000000
LH,56,642.250000,P1,5,56,854.000000
RH,62,642.250000,P1,5,62,854.000000
RH,72,642.250000,P1,1,72,854.000000
RH,70,642.375000,P1,1,70,854.500000
LH,53,642.500000,P1,5,53,855.000000
LH,56,642.500000,P1,5,56,855.000000
RH,62,642.500000,P1,5,62,855.000000
RH,69,642.500000,P1,1,69,855.000000
RH,68,642.750000,P1,1,68,855.500000
LH,51,643.000000,P1,5,51,856.000000
LH,58,643.000000,P1,5,58,856.000000
RH,61,643.000000,P1,5,61,856.000000
RH,67,643.000000,P1,1,67,856.000000
RH,68,643.250000,P1,1,68,856.500000
RH,69,643.375000,P1,1,69,857.000000
LH,39,643.625000,P1,5,39,857.500000
LH,51,643.625000,P1,5,51,857.500000
RH,70,643.625000,P1,1,70,857.500000
LH,51,643.750000,P1,5,51,858.000000
RH,72,643.750000,P1,1,72,858.000000
RH,70,644.000000,P1,1,70,858.500000
LH,56,644.125000,P1,5,56,859.000000
RH,60,644.125000,P1,5,60,859.000000
RH,68,644.125000,P1,1,68,859.000000
RH,70,644.333333,P1,1,70,859.500000
LH,43,644.500000,P1,5,43,860.000000
LH,55,644.500000,P1,5,55,860.000000
RH,71,644.500000,P1,1,71,860.000000
RH,72,644.750000,P1,1,72,860.500000
LH,42,644.875000,P1,5,42,861.000000
LH,54,644.875000,P1,5,54,861.000000
RH,73,644.875000,P1,1,73,861.000000
RH,72,645.125000,P1,1,72,861.500000
LH,57,645.333333,P1,5,57,862.000000
RH,63,645.333333,P1,5,63,862.000000
RH,69,645.333333,P1,1,69,862.000000
RH,70,645.625000,P1,1,70,862.500000
RH,71,645.875000,P1,1,71,863.000000
LH,41,646.000000,P1,5,41,863.500000
LH,53,646.000000,P1,5,53,863.500000
RH,72,646.000000,P1,1,72,863.500000
LH,41,646.250000,P1,5,41,864.000000
LH,53,646.250000,P1,5,53,864.000000
RH,74,646.250000,P1,1,74,864.000000
RH,72,646.375000,P1,1,72,864.500000
LH,58,646.500000,P1,5,58,865.000000
RH,70,646.500000,P1,1,70,865.000000
RH,72,646.750000,P1,1,72,865.500000
LH,45,646.875000,P1,5,45,866.000000
LH,57,646.875000,P1,5,57,866.000000
RH,73,647.000000,P1,1,73,866.000000
RH,74,647.125000,P1,1,74,866.500000
LH,44,647.250000,P1,5,44,867.000000
LH,56,647.250000,P1,5,56,867.000000
RH,75,647.250000,P1,1,75,867.000000
RH,74,647.500000,P1,1,74,867.500000
LH,59,647.666667,P1,5,59,868.000000
RH,65,647.666667,P1,5,65,868.000000
RH,71,647.666667,P1,1,71,868.000000
RH,72,648.000000,P1,1,72,868.500000
RH,73,648.250000,P1,1,73,869.000000
LH,43,648.333333,P1,5,43,869.500000
LH,55,648.333333,P1,5,55,869.500000
RH,74,648.375000,P1,1,74,869.500000
LH,43,648.500000,P1,5,43,870.000000
LH,55,648.500000,P1,5,55,870.000000
RH,75,648.500000,P1,1,75,870.000000
RH,74,648.666667,P1,1,74,870.500000
RH,60,648.875000,P1,5,60,871.000000
RH,63,648.875000,P1,5,63,871.000000
RH,72,648.875000,P1,1,72,871.000000
RH,73,649.125000,P1,1,73,871.500000
LH,36,649.250000,P1,5,36,872.000000
LH,48,649.250000,P1,5,48,872.000000
RH,74,649.250000,P1,1,74,872.000000
RH,75,649.375000,P1,1,75,872.500000
RH,76,649.625000,P1,1,76,873.000000
RH,77,649.750000,P1,1,77,873.500000
LH,56,650.000000,P1,5,56,874.000000
RH,63,650.000000,P1,5,63,874.000000
RH,79,650.000000,P1,1,79,874.000000
RH,77,650.250000,P1,1,77,874.500000
LH,47,650.333333,P1,5,47,875.000000
RH,76,650.333333,P1,1,76,875.000000
RH,75,650.500000,P1,1,75,875.500000
RH,74,650.666667,P1,1,74,876.000000
RH,73,650.875000,P1,1,73,876.500000
LH,56,651.000000,P1,5,56,877.000000
RH,62,651.000000,P1,5,62,877.000000
RH,72,651.000000,P1,1,72,877.000000
RH,71,651.250000,P1,1,71,877.500000
LH,46,651.375000,P1,5,46,878.000000
RH,70,651.375000,P1,1,70,878.000000
RH,69,651.666667,P1,1,69,878.500000
RH,70,651.875000,P1,1,70,879.000000
RH,68,652.000000,P1,1,68,879.500000
LH,39,652.333333,P1,5,39,880.000000
LH,51,652.333333,P1,5,51,880.000000
RH,67,652.333333,P1,1,67,880.000000
LH,43,652.875000,P1,5,43,881.000000
LH,55,652.875000,P1,5,55,881.000000
LH,58,652.875000,P1,1,58,881.000000
RH,70,653.000000,P1,1,70,881.500000
LH,44,653.250000,P1,5,44,882.000000
LH,56,653.250000,P1,5,56,882.000000
RH,71,653.375000,P1,1,71,882.500000
LH,43,653.625000,P1,5,43,883.000000
LH,55,653.625000,P1,5,55,883.000000
LH,58,653.625000,P1,1,58,883.000000
RH,70,653.750000,P1,1,70,883.500000
LH,39,654.000000,P1,5,39,884.000000
LH,51,654.000000,P1,5,51,884.000000
RH,67,654.250000,P1,1,67,884.500000
LH,46,654.375000,P1,5,46,885.000000
LH,58,654.375000,P1,5,58,885.000000
RH,73,654.500000,P1,1,73,885.500000
LH,45,654.750000,P1,5,45,886.000000
LH,57,654.750000,P1,5,57,886.000000
RH,60,654.750000,P1,1,60,886.000000
RH,72,655.000000,P1,1,72,886.500000
LH,41,655.125000,P1,5,41,887.000000
LH,53,655.125000,P1,5,53,887.000000
RH,69,655.375000,P1,1,69,887.500000
LH,46,655.625000,P1,5,46,888.000000
LH,58,655.625000,P1,5,58,888.000000
RH,73,655.750000,P1,1,73,888.500000
LH,45,656.000000,P1,5,45,889.000000
LH,57,656.000000,P1,5,57,889.000000
RH,60,656.000000,P1,1,60,889.000000
RH,72,656.250000,P1,1,72,889.500000
LH,41,656.375000,P1,5,41,890.000000
LH,53,656.375000,P1,5,53,890.000000
RH,69,656.500000,P1,1,69,890.500000
LH,48,656.750000,P1,5,48,891.000000
RH,60,656.750000,P1,5,60,891.000000
RH,75,657.000000,P1,1,75,891.500000
LH,47,657.125000,P1,5,47,892.000000
LH,59,657.125000,P1,5,59,892.000000
RH,62,657.125000,P1,1,62,892.000000
RH,74,657.375000,P1,1,74,892.500000
LH,43,657.625000,P1,5,43,893.000000
LH,55,657.625000,P1,5,55,893.000000
RH,71,657.750000,P1,1,71,893.500000
LH,48,658.000000,P1,5,48,894.000000
RH,60,658.000000,P1,5,60,894.000000
RH,75,658.125000,P1,1,75,894.500000
LH,47,658.375000,P1,5,47,895.000000
LH,59,658.375000,P1,5,59,895.000000
RH,62,658.375000,P1,1,62,895.000000
RH,74,658.500000,P1,1,74,895.500000
LH,43,658.750000,P1,5,43,896.000000
LH,55,658.750000,P1,5,55,896.000000
RH,71,658.875000,P1,1,71,896.500000
LH,50,659.125000,P1,5,50,897.000000
RH,62,659.125000,P1,5,62,897.000000
RH,77,659.250000,P1,1,77,897.500000
LH,49,659.500000,P1,5,49,898.000000
RH,61,659.500000,P1,5,61,898.000000
RH,64,659.500000,P1,1,64,898.000000
RH,76,659.666667,P1,1,76,898.500000
LH,45,659.875000,P1,5,45,899.000000
LH,57,659.875000,P1,5,57,899.000000
RH,73,660.125000,P1,1,73,899.500000
LH,52,660.333333,P1,5,52,900.000000
RH,64,660.333333,P1,5,64,900.000000
RH,79,660.500000,P1,1,79,900.500000
LH,51,660.750000,P1,5,51,901.000000
RH,63,660.750000,P1,5,63,901.000000
RH,66,660.750000,P1,1,66,901.000000
RH,78,660.875000,P1,1,78,901.500000
LH,47,661.125000,P1,5,47,902.000000
LH,59,661.125000,P1,5,59,902.000000
RH,75,661.333333,P1,1,75,902.500000
LH,50,661.625000,P1,5,50,903.000000
RH,62,661.625000,P1,5,62,903.000000
RH,81,661.875000,P1,1,81,903.500000
LH,37,662.250000,P1,5,37,904.000000
LH,49,662.250000,P1,5,49,904.000000
RH,73,662.250000,P1,1,73,904.000000
RH,78,662.250000,P1,1,78,904.000000
RH,85,662.250000,P1,1,85,904.000000
RH,72,662.750000,P1,1,72,905.000000
RH,73,663.000000,P1,1,73,905.500000
LH,57,663.125000,P1,5,57,906.000000
RH,66,663.125000,P1,5,66,906.000000
RH,69,663.125000,P1,5,69,906.000000
RH,75,663.125000,P1,1,75,906.000000
LH,57,663.250000,P1,5,57,906.000000
RH,61,663.250000,P1,5,61,906.000000
RH,69,663.250000,P1,5,69,906.000000
RH,66,663.333333,P1,5,66,906.000000
RH,77,663.375000,P1,1,77,906.500000
LH,57,663.666667,P1,5,57,907.000000
RH,61,663.666667,P1,5,61,907.000000
RH,66,663.666667,P1,5,66,907.000000
RH,69,663.666667,P1,5,69,907.000000
RH,78,663.666667,P1,1,78,907.000000
RH,80,663.875000,P1,1,80,907.500000
LH,57,664.000000,P1,5,57,908.000000
RH,61,664.000000,P1,5,61,908.000000
RH,66,664.000000,P1,5,66,908.000000
RH,69,664.000000,P1,5,69,908.000000
RH,81,664.000000,P1,1,81,908.000000
RH,83,664.250000,P1,1,83,908.500000
LH,57,664.500000,P1,5,57,909.000000
RH,61,664.500000,P1,5,61,909.000000
RH,66,664.500000,P1,5,66,909.000000
RH,69,664.500000,P1,5,69,909.000000
RH,85,664.500000,P1,1,85,909.000000
RH,87,664.666667,P1,1,87,909.500000
LH,57,664.875000,P1,5,57,910.000000
RH,61,664.875000,P1,5,61,910.000000
RH,66,664.875000,P1,5,66,910.000000
RH,69,664.875000,P1,5,69,910.000000
RH,89,664.875000,P1,1,89,910.000000
RH,90,665.000000,P1,1,90,910.500000
RH,92,665.250000,P1,1,92,911.000000
RH,93,665.375000,P1,1,93,911.500000
RH,90,665.666667,P1,1,90,912.000000
RH,85,665.875000,P1,1,85,912.500000
RH,81,666.000000,P1,1,81,913.000000
RH,78,666.250000,P1,1,78,913.500000
RH,73,666.500000,P1,1,73,914.000000
RH,69,666.625000,P1,1,69,914.500000
LH,37,666.875000,P1,5,37,915.000000
LH,49,666.875000,P1,5,49,915.000000
RH,66,666.875000,P1,1,66,915.000000
RH,61,667.000000,P1,1,61,915.500000
LH,36,667.250000,P1,5,36,916.000000
LH,48,667.250000,P1,5,48,916.000000
LH,57,667.250000,P1,1,57,916.000000
RH,66,667.500000,P1,1,66,916.500000
RH,63,667.666667,P1,1,63,917.000000
LH,54,667.875000,P1,5,54,917.500000
LH,57,667.875000,P1,5,57,917.500000
RH,69,667.875000,P1,1,69,917.500000
LH,57,668.000000,P1,5,57,918.000000
RH,63,668.000000,P1,5,63,918.000000
RH,69,668.000000,P1,1,69,918.000000
LH,54,668.125000,P1,5,54,918.000000
RH,78,668.250000,P1,1,78,918.500000
LH,54,668.375000,P1,5,54,919.000000
LH,57,668.375000,P1,5,57,919.000000
RH,63,668.375000,P1,5,63,919.000000
RH,75,668.500000,P1,1,75,919.000000
RH,81,668.625000,P1,1,81,919.500000
RH,81,668.875000,P1,1,81,920.000000
RH,90,669.000000,P1,1,90,920.500000
LH,36,669.250000,P1,5,36,921.000000
LH,48,669.250000,P1,5,48,921.000000
RH,87,669.250000,P1,1,87,921.000000
RH,93,669.500000,P1,1,93,921.500000
LH,35,669.666667,P1,5,35,922.000000
LH,47,669.666667,P1,5,47,922.000000
RH,90,669.750000,P1,1,90,922.000000
RH,93,670.000000,P1,1,93,922.500000
RH,87,670.250000,P1,1,87,923.000000
LH,54,670.333333,P1,5,54,923.500000
LH,57,670.333333,P1,5,57,923.500000
RH,63,670.375000,P1,5,63,923.500000
RH,81,670.375000,P1,1,81,923.500000
LH,54,670.625000,P1,5,54,924.000000
LH,57,670.625000,P1,5,57,924.000000
RH,63,670.625000,P1,5,63,924.000000
RH,78,670.625000,P1,1,78,924.000000
RH,81,670.750000,P1,1,81,924.500000
LH,54,670.875000,P1,5,54,925.000000
LH,57,670.875000,P1,5,57,925.000000
RH,63,670.875000,P1,5,63,925.000000
RH,75,671.000000,P1,1,75,925.000000
RH,69,671.125000,P1,1,69,925.500000
RH,66,671.500000,P1,1,66,926.000000
RH,69,671.625000,P1,1,69,926.500000
LH,35,671.875000,P1,5,35,927.000000
LH,47,671.875000,P1,5,47,927.000000
RH,63,671.875000,P1,1,63,927.000000
LH,57,672.125000,P1,1,57,927.500000
LH,34,672.375000,P1,5,34,928.000000
LH,46,672.375000,P1,5,46,928.000000
LH,58,672.375000,P1,1,58,928.000000
RH,63,672.375000,P1,1,63,928.000000
RH,67,672.375000,P1,1,67,928.000000
RH,70,672.375000,P1,1,70,928.000000
RH,60,673.750000,P1,1,60,930.000000
RH,62,674.000000,P1,1,62,930.500000
RH,63,674.125000,P1,1,63,931.000000
RH,64,674.333333,P1,1,64,931.500000
LH,57,674.375000,P1,5,57,932.000000
RH,60,674.375000,P1,5,60,932.000000
RH,63,674.375000,P1,5,63,932.000000
RH,67,674.500000,P1,1,67,932.000000
RH,65,674.666667,P1,1,65,932.500000
LH,56,674.750000,P1,5,56,933.000000
LH,58,674.750000,P1,5,58,933.000000
RH,62,674.875000,P1,5,62,933.000000
RH,67,674.875000,P1,1,67,933.000000
RH,65,675.125000,P1,1,65,933.500000
LH,55,675.250000,P1,5,55,934.000000
RH,63,675.250000,P1,5,63,934.000000
RH,72,675.250000,P1,1,72,934.000000
RH,70,675.500000,P1,1,70,934.500000
RH,69,675.666667,P1,1,69,935.000000
RH,70,675.875000,P1,1,70,935.500000
RH,72,676.000000,P1,1,72,936.000000
RH,74,676.250000,P1,1,74,936.500000
RH,75,676.333333,P1,1,75,937.000000
RH,76,676.500000,P1,1,76,937.500000
RH,69,676.666667,P1,5,69,938.000000
RH,72,676.666667,P1,5,72,938.000000
RH,79,676.666667,P1,1,79,938.000000
RH,75,676.750000,P1,5,75,938.000000
RH,77,676.875000,P1,1,77,938.500000
RH,68,677.000000,P1,5,68,939.000000
RH,79,677.000000,P1,1,79,939.000000
RH,70,677.125000,P1,5,70,939.000000
RH,74,677.125000,P1,5,74,939.000000
RH,77,677.250000,P1,1,77,939.500000
RH,67,677.500000,P1,5,67,940.000000
RH,84,677.500000,P1,1,84,940.000000
RH,75,677.625000,P1,5,75,940.000000
RH,82,677.666667,P1,1,82,940.500000
RH,81,677.875000,P1,1,81,941.000000
RH,82,678.000000,P1,1,82,941.500000
RH,84,678.250000,P1,1,84,942.000000
RH,86,678.375000,P1,1,86,942.500000
RH,87,678.500000,P1,1,87,943.000000
RH,88,678.750000,P1,1,88,943.500000
RH,91,678.875000,P1,1,91,944.000000
RH,81,679.000000,P1,5,81,944.000000
RH,84,679.000000,P1,5,84,944.000000
RH,87,679.000000,P1,5,87,944.000000
RH,89,679.125000,P1,1,89,944.500000
RH,80,679.250000,P1,5,80,945.000000
RH,91,679.250000,P1,1,91,945.000000
RH,82,679.333333,P1,5,82,945.000000
RH,86,679.333333,P1,5,86,945.000000
RH,89,679.500000,P1,1,89,945.500000
RH,94,679.666667,P1,1,94,946.000000
RH,79,679.750000,P1,5,79,946.000000
RH,87,679.875000,P1,5,87,946.000000
RH,81,680.250000,P1,1,81,947.000000
RH,82,680.500000,P1,1,82,947.500000
RH,84,680.666667,P1,1,84,948.000000
RH,86,680.875000,P1,1,86,948.500000
RH,87,681.000000,P1,1,87,949.000000
RH,88,681.125000,P1,1,88,949.500000
RH,81,681.333333,P1,5,81,950.000000
RH,84,681.333333,P1,5,84,950.000000
RH,87,681.333333,P1,5,87,950.000000
RH,91,681.333333,P1,1,91,950.000000
RH,89,681.500000,P1,1,89,950.500000
RH,80,681.750000,P1,5,80,951.000000
RH,86,681.750000,P1,5,86,951.000000
RH,91,681.750000,P1,1,91,951.000000
RH,82,681.875000,P1,5,82,951.000000
RH,89,682.000000,P1,1,89,951.500000
RH,79,682.333333,P1,5,79,952.000000
RH,94,682.333333,P1,1,94,952.000000
RH,87,682.375000,P1,5,87,952.000000
RH,60,684.250000,P1,5,60,955.000000
RH,63,684.250000,P1,5,63,955.000000
RH,65,684.250000,P1,5,65,955.000000
RH,69,684.250000,P1,5,69,955.000000
RH,100,684.666667,P1,1,100,955.500000
RH,98,685.250000,P1,1,98,956.500000
RH,96,685.375000,P1,1,96,957.000000
RH,94,685.625000,P1,1,94,957.500000
RH,93,685.750000,P1,1,93,958.000000
RH,91,686.000000,P1,1,91,958.500000
RH,89,686.125000,P1,1,89,959.000000
RH,88,686.250000,P1,1,88,959.500000
RH,87,686.375000,P1,1,87,960.000000
RH,86,686.625000,P1,1,86,960.500000
RH,84,686.666667,P1,1,84,961.000000
RH,68,688.250000,P1,1,68,966.000000
RH,66,688.500000,P1,1,66,966.500000
RH,65,688.625000,P1,1,65,967.000000
RH,63,688.750000,P1,1,63,967.500000
RH,61,689.000000,P1,1,61,968.000000
LH,59,689.125000,P1,1,59,968.500000
LH,58,689.333333,P1,1,58,969.000000
LH,56,689.500000,P1,1,56,969.500000
LH,35,689.625000,P1,5,35,970.000000
LH,54,689.625000,P1,1,54,970.000000
LH,53,689.875000,P1,1,53,970.500000
LH,51,690.000000,P1,1,51,971.000000
LH,49,690.250000,P1,1,49,971.500000
LH,47,690.375000,P1,1,47,972.000000
LH,46,690.625000,P1,1,46,972.500000
LH,44,690.750000,P1,1,44,973.000000
LH,42,691.000000,P1,1,42,973.500000
LH,41,691.125000,P1,1,41,974.000000
LH,39,691.333333,P1,1,39,974.500000
LH,37,691.625000,P1,1,37,975.000000
LH,35,691.750000,P1,1,35,975.500000
LH,34,692.125000,P1,5,34,976.000000
LH,46,693.625000,P1,5,46,978.000000
LH,41,694.333333,P1,5,41,978.500000
LH,34,694.625000,P1,5,34,979.000000
LH,58,694.625000,P1,1,58,979.000000
RH,62,694.625000,P1,1,62,979.000000
RH,67,694.625000,P1,1,67,979.000000
LH,41,695.000000,P1,5,41,979.500000
LH,46,695.333333,P1,5,46,980.000000
LH,46,695.875000,P1,5,46,981.000000
LH,56,695.875000,P1,1,56,981.000000
RH,62,695.875000,P1,1,62,981.000000
RH,67,695.875000,P1,1,67,981.000000
LH,41,696.250000,P1,5,41,981.500000
LH,39,696.500000,P1,5,39,982.000000
LH,55,696.750000,P1,1,55,982.000000
RH,63,696.750000,P1,1,63,982.000000
LH,55,697.875000,P1,5,55,983.500000
LH,51,698.125000,P1,5,51,984.000000
RH,63,698.125000,P1,1,63,984.000000
RH,67,698.125000,P1,1,67,984.000000
RH,75,698.125000,P1,1,75,984.000000
LH,46,698.375000,P1,5,46,984.500000
LH,39,698.666667,P1,5,39,985.000000
LH,51,699.250000,P1,5,51,986.000000
LH,58,699.375000,P1,5,58,986.500000
LH,51,699.625000,P1,5,51,987.000000
RH,63,699.625000,P1,1,63,987.000000
RH,70,699.625000,P1,1,70,987.000000
RH,74,699.625000,P1,1,74,987.000000
LH,41,700.125000,P1,5,41,988.000000
RH,63,700.250000,P1,1,63,988.000000
RH,70,700.250000,P1,1,70,988.000000
RH,72,700.250000,P1,1,72,988.000000
LH,48,700.500000,P1,5,48,988.500000
LH,51,700.750000,P1,5,51,989.000000
LH,58,701.000000,P1,5,58,989.500000
LH,51,701.250000,P1,5,51,990.000000
LH,48,701.375000,P1,5,48,990.500000
LH,41,701.666667,P1,5,41,991.000000
RH,65,701.666667,P1,1,65,991.000000
RH,69,701.666667,P1,1,69,991.000000
RH,74,701.666667,P1,1,74,991.000000
LH,48,702.000000,P1,5,48,991.500000
LH,51,702.333333,P1,5,51,992.000000
LH,57,702.500000,P1,5,57,992.500000
LH,51,702.750000,P1,5,51,993.000000
RH,63,702.750000,P1,1,63,993.000000
RH,69,702.750000,P1,1,69,993.000000
RH,74,702.750000,P1,1,74,993.000000
LH,48,703.000000,P1,5,48,993.500000
LH,46,703.375000,P1,5,46,994.000000
RH,62,703.625000,P1,1,62,994.000000
RH,70,703.625000,P1,1,70,994.000000
RH,62,704.625000,P1,5,62,995.500000
LH,58,704.750000,P1,5,58,996.000000
LH,53,704.875000,P1,5,53,996.500000
LH,46,705.250000,P1,5,46,997.000000
RH,70,705.250000,P1,1,70,997.000000
RH,82,705.250000,P1,1,82,997.000000
LH,53,705.500000,P1,5,53,997.500000
LH,58,705.750000,P1,5,58,998.000000
RH,65,706.000000,P1,5,65,998.500000
RH,71,706.125000,P1,1,71,999.000000
RH,83,706.125000,P1,1,83,999.000000
LH,58,706.250000,P1,5,58,999.000000
LH,53,706.500000,P1,5,53,999.500000
LH,46,706.750000,P1,5,46,1000.000000
RH,72,707.000000,P1,1,72,1000.000000
RH,84,707.000000,P1,1,84,1000.000000
LH,55,707.333333,P1,5,55,1000.500000
RH,82,707.333333,P1,1,82,1000.599609
RH,85,707.333333,P1,1,85,1000.599609
RH,60,707.625000,P1,5,60,1001.000000
RH,76,707.625000,P1,1,76,1001.200195
RH,84,707.625000,P1,1,84,1001.200195
RH,64,707.875000,P1,5,64,1001.500000
RH,82,707.875000,P1,1,82,1001.799805
RH,83,707.875000,P1,1,83,1001.799805
RH,84,708.125000,P1,1,84,1002.400391
LH,55,708.250000,P1,5,55,1002.500000
RH,80,708.500000,P1,1,80,1003.000000
LH,46,708.666667,P1,5,46,1003.000000
RH,60,709.875000,P1,5,60,1005.000000
LH,56,710.000000,P1,5,56,1005.500000
RH,75,710.000000,P1,1,75,1005.500000
RH,84,710.000000,P1,1,84,1005.500000
LH,46,710.250000,P1,5,46,1006.000000
RH,74,710.250000,P1,1,74,1006.000000
RH,82,710.250000,P1,1,82,1006.000000
LH,53,710.500000,P1,5,53,1006.500000
RH,80,710.500000,P1,1,80,1006.599609
RH,84,710.500000,P1,1,84,1006.599609
LH,56,710.750000,P1,5,56,1007.000000
RH,74,710.750000,P1,1,74,1007.200195
RH,82,710.750000,P1,1,82,1007.200195
RH,62,711.000000,P1,5,62,1007.500000
RH,80,711.000000,P1,1,80,1007.799805
RH,81,711.000000,P1,1,81,1007.799805
LH,56,711.250000,P1,5,56,1008.000000
RH,74,711.250000,P1,1,74,1008.400391
RH,82,711.250000,P1,1,82,1008.400391
LH,53,711.333333,P1,5,53,1008.500000
RH,79,711.500000,P1,1,79,1009.000000
LH,46,711.625000,P1,5,46,1009.000000
LH,51,712.000000,P1,5,51,1009.500000
LH,55,712.375000,P1,5,55,1010.000000
RH,63,712.625000,P1,5,63,1010.500000
LH,55,712.875000,P1,5,55,1011.000000
LH,51,713.000000,P1,5,51,1011.500000
RH,74,713.000000,P1,1,74,1011.500000
RH,82,713.000000,P1,1,82,1011.500000
LH,46,713.333333,P1,5,46,1012.000000
RH,72,713.375000,P1,1,72,1012.000000
RH,80,713.375000,P1,1,80,1012.000000
LH,51,713.666667,P1,5,51,1012.500000
RH,82,713.666667,P1,1,82,1012.599609
RH,75,713.750000,P1,1,75,1012.599609
LH,56,714.000000,P1,5,56,1013.000000
RH,72,714.000000,P1,1,72,1013.200195
RH,80,714.000000,P1,1,80,1013.200195
RH,60,714.375000,P1,5,60,1013.500000
LH,56,714.750000,P1,5,56,1014.000000
LH,51,715.125000,P1,5,51,1014.500000
RH,77,715.625000,P1,1,77,1015.000000
LH,46,715.875000,P1,5,46,1015.000000
RH,80,717.500000,P1,1,80,1017.000000
RH,77,717.625000,P1,1,77,1017.000000
LH,53,717.875000,P1,5,53,1017.500000
LH,47,718.125000,P1,5,47,1018.000000
RH,77,718.250000,P1,1,77,1018.000000
RH,79,718.250000,P1,1,79,1018.000000
LH,53,718.625000,P1,5,53,1018.500000
LH,55,718.875000,P1,5,55,1019.000000
RH,62,719.250000,P1,5,62,1019.500000
LH,55,719.375000,P1,5,55,1020.000000
LH,53,719.500000,P1,5,53,1020.500000
RH,77,719.625000,P1,1,77,1020.500000
RH,79,719.625000,P1,1,79,1020.500000
LH,48,719.875000,P1,5,48,1021.000000
RH,75,719.875000,P1,1,75,1021.000000
RH,79,719.875000,P1,1,79,1021.000000
LH,51,720.250000,P1,5,51,1021.500000
RH,75,720.375000,P1,1,75,1022.000000
RH,80,720.375000,P1,1,80,1022.000000
LH,55,720.500000,P1,5,55,1022.000000
RH,63,720.750000,P1,5,63,1022.500000
LH,54,721.000000,P1,5,54,1023.000000
RH,75,721.000000,P1,1,75,1023.000000
RH,81,721.000000,P1,1,81,1023.000000
LH,51,721.250000,P1,5,51,1023.500000
LH,50,721.666667,P1,5,50,1024.000000
RH,68,721.750000,P1,2,68,1024.000000
RH,70,721.750000,P1,2,70,1024.000000
RH,77,721.750000,P1,2,77,1024.000000
RH,82,721.750000,P1,1,82,1024.000000
LH,56,722.250000,P1,5,56,1025.000000
RH,65,722.750000,P1,5,65,1025.500000
LH,58,723.000000,P1,5,58,1026.000000
LH,56,723.125000,P1,5,56,1026.500000
RH,68,723.375000,P1,2,68,1027.000000
RH,70,723.375000,P1,2,70,1027.000000
RH,74,723.375000,P1,2,74,1027.000000
RH,79,723.375000,P1,2,79,1027.000000
RH,82,723.375000,P1,1,82,1027.000000
LH,46,723.500000,P1,5,46,1027.000000
LH,53,723.875000,P1,5,53,1027.500000
RH,62,724.375000,P1,5,62,1028.500000
LH,58,724.666667,P1,5,58,1029.000000
RH,74,724.666667,P1,2,74,1029.000000
RH,79,724.666667,P1,2,79,1029.000000
RH,82,724.666667,P1,1,82,1029.000000
RH,68,724.750000,P1,2,68,1029.000000
RH,70,724.750000,P1,2,70,1029.000000
LH,39,725.375000,P1,5,39,1030.000000
RH,67,725.625000,P1,2,67,1030.000000
RH,75,725.625000,P1,1,75,1030.000000
LH,46,726.125000,P1,5,46,1030.500000
LH,51,726.375000,P1,5,51,1031.000000
LH,55,726.625000,P1,5,55,1031.500000
LH,58,726.750000,P1,5,58,1032.000000
RH,63,727.000000,P1,5,63,1032.500000
RH,67,727.250000,P1,5,67,1033.000000
RH,75,727.250000,P1,1,75,1033.000000
RH,79,727.250000,P1,1,79,1033.000000
RH,87,727.250000,P1,1,87,1033.000000
RH,63,727.625000,P1,5,63,1033.500000
LH,58,727.750000,P1,5,58,1034.000000
LH,55,728.125000,P1,5,55,1034.500000
RH,75,728.125000,P1,1,75,1035.000000
RH,82,728.125000,P1,1,82,1035.000000
RH,86,728.125000,P1,1,86,1035.000000
LH,46,728.500000,P1,5,46,1035.500000
LH,41,728.750000,P1,5,41,1036.000000
RH,75,728.750000,P1,1,75,1036.000000
RH,82,728.750000,P1,1,82,1036.000000
RH,84,728.750000,P1,1,84,1036.000000
LH,48,729.125000,P1,5,48,1036.500000
LH,51,729.375000,P1,5,51,1037.000000
LH,58,729.625000,P1,5,58,1037.500000
LH,51,729.875000,P1,5,51,1038.000000
LH,48,730.000000,P1,5,48,1038.500000
LH,41,730.333333,P1,5,41,1039.000000
RH,77,730.333333,P1,1,77,1039.000000
RH,81,730.333333,P1,1,81,1039.000000
RH,86,730.333333,P1,1,86,1039.000000
LH,48,730.666667,P1,5,48,1039.500000
LH,51,731.000000,P1,5,51,1040.000000
LH,57,731.125000,P1,5,57,1040.500000
LH,51,731.500000,P1,5,51,1041.000000
RH,75,731.500000,P1,1,75,1041.000000
RH,81,731.500000,P1,1,81,1041.000000
RH,86,731.500000,P1,1,86,1041.000000
LH,48,731.750000,P1,5,48,1041.500000
LH,34,732.250000,P1,5,34,1042.000000
RH,74,732.333333,P1,1,74,1042.000000
RH,82,732.333333,P1,1,82,1042.000000
LH,46,732.625000,P1,5,46,1042.500000
LH,53,732.875000,P1,5,53,1043.000000
LH,58,733.125000,P1,5,58,1043.500000
RH,62,733.375000,P1,5,62,1044.000000
RH,65,733.625000,P1,5,65,1044.500000
RH,74,734.125000,P1,5,74,1045.000000
RH,82,734.125000,P1,1,82,1045.000000
RH,94,734.125000,P1,1,94,1045.000000
RH,70,734.500000,P1,5,70,1045.500000
RH,65,734.750000,P1,5,65,1046.000000
RH,62,735.125000,P1,5,62,1046.500000
LH,58,735.375000,P1,5,58,1047.000000
LH,53,735.625000,P1,5,53,1047.500000
RH,82,735.750000,P1,1,82,1047.500000
RH,94,735.750000,P1,1,94,1047.500000
LH,46,735.875000,P1,5,46,1048.000000
RH,94,735.875000,P1,1,94,1048.000000
RH,82,736.000000,P1,1,82,1048.000000
LH,52,736.500000,P1,5,52,1048.500000
LH,55,736.875000,P1,5,55,1049.000000
RH,60,737.333333,P1,5,60,1049.500000
LH,55,737.666667,P1,5,55,1050.000000
LH,52,738.000000,P1,5,52,1050.500000
LH,46,738.250000,P1,5,46,1051.000000
RH,60,738.250000,P1,2,60,1051.000000
RH,72,738.250000,P1,1,72,1051.000000
LH,52,738.500000,P1,5,52,1051.500000
LH,55,738.875000,P1,5,55,1052.000000
RH,60,739.000000,P1,5,60,1052.500000
RH,62,739.250000,P1,2,62,1053.000000
RH,74,739.250000,P1,1,74,1053.000000
LH,55,739.333333,P1,5,55,1053.000000
LH,52,739.500000,P1,5,52,1053.500000
LH,46,739.666667,P1,5,46,1054.000000
RH,63,739.875000,P1,2,63,1054.000000
LH,53,740.125000,P1,5,53,1054.500000
LH,57,740.625000,P1,5,57,1055.000000
RH,60,740.875000,P1,5,60,1055.500000
LH,57,741.125000,P1,5,57,1056.000000
LH,53,741.250000,P1,5,53,1056.500000
RH,63,741.250000,P1,2,63,1056.000000
RH,75,741.250000,P1,1,75,1056.000000
LH,46,741.500000,P1,5,46,1057.000000
RH,67,741.666667,P1,2,67,1057.000000
RH,74,741.666667,P1,1,74,1057.000000
RH,79,741.666667,P1,1,79,1057.000000
LH,53,742.000000,P1,5,53,1057.500000
RH,68,742.125000,P1,2,68,1057.750000
RH,79,742.750000,P1,1,79,1058.000000
RH,77,744.000000,P1,1,77,1059.333008
RH,75,744.375000,P1,1,75,1059.666992
LH,39,744.750000,P1,5,39,1060.000000
RH,67,745.000000,P1,2,67,1060.000000
RH,75,745.000000,P1,1,75,1060.000000
LH,51,746.000000,P1,5,51,1062.000000
LH,46,746.666667,P1,5,46,1062.500000
LH,39,746.875000,P1,5,39,1063.000000
LH,46,747.250000,P1,5,46,1063.500000
RH,67,747.625000,P1,1,67,1064.333008
RH,68,747.875000,P1,1,68,1064.666992
LH,51,748.125000,P1,5,51,1065.000000
RH,70,748.125000,P1,1,70,1065.000000
LH,46,748.333333,P1,5,46,1065.500000
RH,74,748.333333,P1,1,74,1065.333008
RH,72,748.500000,P1,1,72,1065.666992
LH,39,748.750000,P1,5,39,1066.000000
RH,70,748.750000,P1,1,70,1066.000000
LH,46,750.250000,P1,5,46,1068.500000
LH,39,750.500000,P1,5,39,1069.000000
LH,46,750.750000,P1,5,46,1069.500000
LH,51,751.000000,P1,5,51,1070.000000
LH,58,751.250000,P1,5,58,1070.500000
RH,70,751.375000,P1,1,70,1071.000000
LH,51,751.500000,P1,5,51,1071.000000
RH,74,751.625000,P1,1,74,1071.333008
RH,72,751.750000,P1,1,72,1071.666992
LH,39,752.000000,P1,5,39,1072.000000
RH,70,752.000000,P1,1,70,1072.000000
LH,46,752.375000,P1,5,46,1072.500000
LH,50,752.625000,P1,5,50,1073.000000
LH,56,752.875000,P1,5,56,1073.500000
LH,50,753.125000,P1,5,50,1074.000000
LH,46,753.333333,P1,5,46,1074.500000
LH,39,753.625000,P1,5,39,1075.000000
LH,46,753.875000,P1,5,46,1075.500000
LH,50,754.000000,P1,5,50,1076.000000
LH,58,754.375000,P1,5,58,1076.500000
LH,50,754.625000,P1,5,50,1077.000000
RH,70,754.625000,P1,1,70,1077.000000
RH,74,754.750000,P1,1,74,1077.333008
LH,46,754.875000,P1,5,46,1077.500000
RH,72,755.000000,P1,1,72,1077.666992
LH,39,755.250000,P1,5,39,1078.000000
RH,70,755.250000,P1,1,70,1078.000000
LH,46,755.500000,P1,5,46,1078.500000
LH,51,755.750000,P1,5,51,1079.000000
LH,55,756.000000,P1,5,55,1079.500000
RH,63,756.125000,P1,1,63,1079.666992
LH,51,756.250000,P1,5,51,1080.000000
RH,67,756.333333,P1,1,67,1080.000000
RH,72,756.500000,P1,1,72,1080.333008
RH,70,756.750000,P1,1,70,1080.666992
LH,39,756.875000,P1,5,39,1081.000000
RH,68,757.000000,P1,1,68,1081.000000
LH,47,757.250000,P1,5,47,1081.500000
LH,51,757.500000,P1,5,51,1082.000000
RH,63,758.250000,P1,1,63,1083.000000
LH,39,759.000000,P1,5,39,1084.000000
RH,67,759.333333,P1,1,67,1084.000000
LH,46,761.000000,P1,5,46,1086.500000
LH,39,761.250000,P1,5,39,1087.000000
LH,46,761.500000,P1,5,46,1087.500000
LH,51,761.875000,P1,5,51,1088.000000
LH,58,762.125000,P1,5,58,1088.500000
RH,68,762.125000,P1,1,68,1088.666992
LH,51,762.333333,P1,5,51,1089.000000
RH,70,762.375000,P1,1,70,1089.000000
LH,46,762.625000,P1,5,46,1089.500000
RH,74,762.625000,P1,1,74,1089.333008
RH,72,762.750000,P1,1,72,1089.666992
LH,39,762.875000,P1,5,39,1090.000000
RH,70,763.000000,P1,1,70,1090.000000
LH,46,763.250000,P1,5,46,1090.500000
RH,82,763.333333,P1,1,82,1090.500000
LH,51,763.625000,P1,5,51,1091.000000
LH,51,764.125000,P1,5,51,1092.000000
LH,46,764.375000,P1,5,46,1092.500000
LH,39,764.666667,P1,5,39,1093.000000
LH,46,765.000000,P1,5,46,1093.500000
LH,51,765.333333,P1,5,51,1094.000000
RH,67,765.625000,P1,1,67,1094.333008
LH,58,765.750000,P1,5,58,1094.500000
RH,68,765.875000,P1,1,68,1094.666992
LH,51,766.000000,P1,5,51,1095.000000
RH,70,766.125000,P1,1,70,1095.000000
RH,74,766.333333,P1,1,74,1095.333008
RH,72,766.500000,P1,1,72,1095.666992
LH,39,766.750000,P1,5,39,1096.000000
RH,70,766.875000,P1,1,70,1096.000000
LH,46,768.666667,P1,5,46,1098.500000
LH,39,768.875000,P1,5,39,1099.000000
LH,46,769.125000,P1,5,46,1099.500000
LH,50,769.375000,P1,5,50,1100.000000
LH,58,769.750000,P1,5,58,1100.500000
RH,68,769.750000,P1,1,68,1100.666992
LH,50,770.000000,P1,5,50,1101.000000
RH,70,770.000000,P1,1,70,1101.000000
RH,74,770.250000,P1,1,74,1101.333008
RH,72,770.375000,P1,1,72,1101.666992
LH,39,770.625000,P1,5,39,1102.000000
RH,70,770.625000,P1,1,70,1102.000000
LH,46,770.875000,P1,5,46,1102.500000
LH,51,771.125000,P1,5,51,1103.000000
LH,55,771.333333,P1,5,55,1103.500000
RH,63,771.500000,P1,1,63,1103.666992
LH,51,771.666667,P1,5,51,1104.000000
RH,67,771.750000,P1,1,67,1104.000000
RH,72,772.000000,P1,1,72,1104.333008
RH,70,772.125000,P1,1,70,1104.666992
LH,39,772.250000,P1,5,39,1105.000000
RH,68,772.375000,P1,1,68,1105.000000
LH,47,772.666667,P1,5,47,1105.500000
LH,51,773.000000,P1,5,51,1106.000000
LH,39,774.375000,P1,5,39,1108.000000
RH,67,774.625000,P1,1,67,1108.000000
LH,46,776.250000,P1,5,46,1110.500000
LH,39,776.500000,P1,5,39,1111.000000
RH,67,776.666667,P1,1,67,1111.500000
LH,46,776.750000,P1,5,46,1111.500000
LH,51,777.000000,P1,5,51,1112.000000
RH,70,777.000000,P1,1,70,1112.000000
RH,79,777.250000,P1,1,79,1112.500000
LH,58,777.333333,P1,5,58,1112.500000
RH,77,777.500000,P1,1,77,1113.000000
LH,51,777.625000,P1,5,51,1113.000000
LH,46,777.750000,P1,5,46,1113.500000
RH,75,777.750000,P1,1,75,1113.500000
LH,39,778.125000,P1,5,39,1114.000000
RH,70,778.250000,P1,1,70,1114.000000
LH,46,778.625000,P1,5,46,1114.500000
LH,51,778.875000,P1,5,51,1115.000000
LH,55,779.250000,P1,5,55,1115.500000
LH,51,779.500000,P1,5,51,1116.000000
LH,46,779.750000,P1,5,46,1116.500000
LH,39,780.250000,P1,5,39,1117.000000
LH,46,780.500000,P1,5,46,1117.500000
LH,43,783.375000,P1,5,43,1120.000000
RH,74,783.500000,P1,1,74,1120.000000
RH,62,785.125000,P1,5,62,1122.000000
LH,58,785.375000,P1,5,58,1122.500000
RH,67,785.750000,P1,5,67,1123.000000
RH,70,786.000000,P1,1,70,1123.500000
RH,62,786.125000,P1,5,62,1123.500000
LH,58,786.375000,P1,5,58,1124.000000
RH,74,786.375000,P1,1,74,1124.000000
LH,43,787.625000,P1,5,43,1125.500000
LH,31,788.125000,P1,5,31,1126.000000
RH,74,788.250000,P1,1,74,1126.000000
LH,58,789.750000,P1,5,58,1128.000000
RH,62,790.125000,P1,5,62,1128.500000
RH,70,790.500000,P1,5,70,1129.000000
RH,67,790.875000,P1,5,67,1129.500000
RH,70,790.875000,P1,1,70,1129.500000
RH,62,791.250000,P1,5,62,1130.000000
RH,74,791.250000,P1,1,74,1130.000000
LH,43,793.125000,P1,5,43,1132.000000
RH,74,793.250000,P1,1,74,1132.000000
RH,81,795.500000,P1,1,81,1134.000000
RH,79,796.000000,P1,1,79,1134.500000
RH,74,796.375000,P1,1,74,1135.000000
RH,70,796.750000,P1,1,70,1135.500000
RH,74,799.875000,P1,1,74,1138.000000
RH,70,804.500000,P1,1,70,1141.000000
LH,50,810.625000,P1,1,50,1144.000000
RH,67,820.333333,P1,1,67,1150.000000
LH,38,821.250000,P1,5,38,1151.000000
RH,62,823.625000,P1,5,62,1153.000000
RH,74,823.625000,P1,1,74,1153.000000
LH,55,825.000000,P1,6,55,1154.000000
RH,67,825.000000,P1,2,67,1154.000000
LH,50,826.000000,P1,6,50,1155.000000
LH,55,826.000000,P1,6,55,1155.000000
RH,67,826.000000,P1,2,67,1155.000000
RH,60,827.250000,P1,5,60,1156.000000
RH,72,827.250000,P1,1,72,1156.000000
LH,50,830.125000,P1,6,50,1158.000000
RH,67,836.500000,P1,1,67,1162.000000
LH,58,837.333333,P1,2,58,1163.000000
RH,62,837.333333,P1,2,62,1163.000000
LH,38,837.375000,P1,5,38,1163.000000
LH,38,838.250000,P1,5,38,1164.000000
RH,64,839.375000,P1,1,64,1165.000000
LH,38,840.500000,P1,5,38,1166.000000
LH,55,840.500000,P1,2,55,1166.000000
LH,58,840.500000,P1,2,58,1166.000000
RH,61,840.500000,P1,2,61,1166.000000
RH,66,843.000000,P1,1,66,1168.000000
LH,54,844.250000,P1,2,54,1169.000000
LH,57,844.250000,P1,2,57,1169.000000
RH,62,844.250000,P1,2,62,1169.000000
LH,38,844.333333,P1,5,38,1169.000000
RH,69,850.125000,P1,1,69,1173.500000
RH,67,850.625000,P1,1,67,1174.000000
RH,74,853.500000,P1,1,74,1177.000000
RH,62,853.625000,P1,5,62,1177.000000
RH,70,855.500000,P1,2,70,1179.000000
RH,64,856.333333,P1,5,64,1180.000000
RH,76,856.333333,P1,1,76,1180.000000
LH,50,857.500000,P1,6,50,1181.000000
LH,55,857.500000,P1,6,55,1181.000000
RH,70,857.500000,P1,2,70,1181.000000
RH,67,857.625000,P1,2,67,1181.000000
RH,67,858.875000,P1,2,67,1182.000000
RH,70,858.875000,P1,2,70,1182.000000
LH,50,859.000000,P1,6,50,1182.000000
LH,55,859.000000,P1,6,55,1182.000000
LH,58,859.000000,P1,6,58,1182.000000
LH,38,863.125000,P1,6,38,1185.000000
RH,67,864.500000,P1,1,67,1186.000000
LH,58,865.125000,P1,2,58,1187.000000
RH,64,865.125000,P1,2,64,1187.000000
RH,61,865.250000,P1,2,61,1187.000000
RH,76,866.750000,P1,1,76,1189.000000
RH,64,866.875000,P1,5,64,1189.000000
RH,66,869.000000,P1,5,66,1192.000000
RH,78,869.000000,P1,1,78,1192.000000
LH,50,869.625000,P1,6,50,1193.000000
LH,55,869.625000,P1,6,55,1193.000000
LH,58,869.625000,P1,6,58,1193.000000
RH,67,869.625000,P1,2,67,1193.000000
RH,70,869.625000,P1,2,70,1193.000000
RH,73,869.625000,P1,2,73,1193.000000
RH,64,871.125000,P1,5,64,1195.000000
RH,76,871.125000,P1,1,76,1195.000000
LH,50,872.125000,P1,6,50,1196.000000
LH,55,872.125000,P1,6,55,1196.000000
LH,58,872.125000,P1,6,58,1196.000000
RH,67,872.125000,P1,2,67,1196.000000
RH,70,872.125000,P1,2,70,1196.000000
RH,73,872.125000,P1,2,73,1196.000000
RH,66,874.125000,P1,5,66,1198.000000
RH,78,874.125000,P1,1,78,1198.000000
RH,64,876.000000,P1,5,64,1201.000000
RH,76,876.000000,P1,1,76,1201.000000
LH,50,876.625000,P1,6,50,1202.000000
LH,55,876.625000,P1,6,55,1202.000000
LH,58,876.625000,P1,6,58,1202.000000
RH,66,878.250000,P1,5,66,1204.000000
RH,78,878.250000,P1,1,78,1204.000000
LH,50,879.333333,P1,6,50,1206.000000
LH,55,879.333333,P1,6,55,1206.000000
LH,58,879.333333,P1,6,58,1206.000000
RH,67,879.333333,P1,2,67,1206.000000
RH,70,879.333333,P1,2,70,1206.000000
RH,73,879.333333,P1,2,73,1206.000000
RH,64,879.750000,P1,5,64,1207.000000
RH,76,879.750000,P1,1,76,1207.000000
LH,50,880.333333,P1,6,50,1208.000000
LH,55,880.333333,P1,6,55,1208.000000
LH,58,880.333333,P1,6,58,1208.000000
RH,67,880.333333,P1,2,67,1208.000000
RH,70,880.333333,P1,2,70,1208.000000
RH,73,880.333333,P1,2,73,1208.000000
RH,66,881.125000,P1,5,66,1209.500000
RH,78,881.125000,P1,1,78,1209.500000
RH,69,881.375000,P1,5,69,1210.000000
RH,81,881.375000,P1,1,81,1210.000000
LH,58,882.000000,P1,6,58,1211.000000
RH,61,882.000000,P1,6,61,1211.000000
RH,64,882.000000,P1,6,64,1211.000000
RH,70,882.000000,P1,2,70,1211.000000
RH,73,882.000000,P1,2,73,1211.000000
RH,76,882.000000,P1,2,76,1211.000000
LH,58,882.500000,P1,6,58,1212.000000
RH,61,882.500000,P1,6,61,1212.000000
RH,64,882.500000,P1,6,64,1212.000000
RH,70,882.500000,P1,2,70,1212.000000
RH,73,882.500000,P1,2,73,1212.000000
RH,76,882.500000,P1,2,76,1212.000000
RH,67,883.125000,P1,5,67,1213.000000
RH,79,883.125000,P1,1,79,1213.000000
LH,26,886.000000,P1,5,26,1216.000000
RH,70,886.000000,P1,1,70,1216.000000
RH,74,886.000000,P1,1,74,1216.000000
RH,82,886.000000,P1,1,82,1216.000000
RH,94,887.666667,P1,1,94,1217.500000
LH,58,889.125000,P1,5,58,1219.000000
RH,67,889.125000,P1,5,67,1219.000000
RH,84,889.125000,P1,1,84,1219.000000
RH,93,889.125000,P1,1,93,1219.000000
RH,82,889.333333,P1,1,82,1219.500000
RH,79,891.333333,P1,1,79,1221.750000
RH,87,891.333333,P1,1,87,1221.750000
LH,26,891.500000,P1,5,26,1222.000000
LH,38,891.500000,P1,5,38,1222.000000
RH,79,891.500000,P1,1,79,1222.000000
RH,87,891.500000,P1,1,87,1222.000000
LH,54,893.000000,P1,5,54,1224.000000
RH,60,893.000000,P1,5,60,1224.000000
RH,62,893.000000,P1,5,62,1224.000000
RH,81,893.000000,P1,1,81,1224.000000
RH,70,893.333333,P1,1,70,1224.500000
RH,79,893.333333,P1,1,79,1224.500000
RH,60,893.666667,P1,5,60,1225.000000
RH,66,893.666667,P1,5,66,1225.000000
RH,69,893.750000,P1,1,69,1225.000000
RH,78,893.750000,P1,1,78,1225.000000
RH,72,894.125000,P1,1,72,1225.333008
RH,75,894.125000,P1,1,75,1225.333008
RH,72,894.375000,P1,1,72,1225.333008
RH,74,894.750000,P1,1,74,1225.666992
RH,74,895.125000,P1,1,74,1225.666992
RH,74,895.333333,P1,1,74,1226.000000
RH,74,895.625000,P1,1,74,1226.000000
RH,74,895.875000,P1,1,74,1226.200195
RH,70,896.000000,P1,1,70,1226.200195
RH,74,896.000000,P1,1,74,1226.400391
RH,69,896.625000,P1,1,69,1226.799805
RH,74,896.625000,P1,1,74,1226.599609
RH,74,897.250000,P1,1,74,1227.000000
RH,74,898.000000,P1,1,74,1227.500000
LH,31,899.000000,P1,5,31,1228.000000
LH,43,899.000000,P1,5,43,1228.000000
RH,67,899.000000,P1,1,67,1228.000000
RH,74,899.000000,P1,1,74,1228.000000
RH,86,900.250000,P1,1,86,1229.000000
RH,91,900.250000,P1,1,91,1229.000000
RH,94,900.250000,P1,1,94,1229.000000
RH,81,900.500000,P1,1,81,1229.500000
LH,58,900.625000,P1,5,58,1230.000000
RH,62,900.625000,P1,5,62,1230.000000
RH,67,900.625000,P1,5,67,1230.000000
RH,82,900.750000,P1,1,82,1230.500000
RH,86,900.750000,P1,1,86,1230.500000
RH,91,900.750000,P1,1,91,1230.500000
LH,46,901.000000,P1,5,46,1231.000000
RH,82,901.000000,P1,1,82,1231.000000
RH,86,901.000000,P1,1,86,1231.000000
RH,91,901.000000,P1,1,91,1231.000000
RH,78,901.333333,P1,1,78,1231.500000
LH,58,901.500000,P1,5,58,1232.000000
RH,62,901.500000,P1,5,62,1232.000000
RH,67,901.500000,P1,5,67,1232.000000
RH,79,901.666667,P1,1,79,1232.500000
RH,82,901.666667,P1,1,82,1232.500000
RH,86,901.666667,P1,1,86,1232.500000
LH,50,901.875000,P1,5,50,1233.000000
RH,79,901.875000,P1,1,79,1233.000000
RH,82,901.875000,P1,1,82,1233.000000
RH,86,901.875000,P1,1,86,1233.000000
RH,73,902.125000,P1,1,73,1233.500000
LH,58,902.333333,P1,5,58,1234.000000
RH,62,902.333333,P1,5,62,1234.000000
RH,67,902.333333,P1,5,67,1234.000000
RH,74,902.500000,P1,1,74,1234.500000
RH,79,902.500000,P1,1,79,1234.500000
RH,82,902.500000,P1,1,82,1234.500000
LH,55,902.666667,P1,5,55,1235.000000
RH,74,902.666667,P1,1,74,1235.000000
RH,79,902.666667,P1,1,79,1235.000000
RH,82,902.666667,P1,1,82,1235.000000
RH,70,902.875000,P1,1,70,1235.500000
LH,57,903.000000,P1,5,57,1236.000000
RH,60,903.000000,P1,5,60,1236.000000
RH,67,903.000000,P1,5,67,1236.000000
RH,75,903.250000,P1,1,75,1236.500000
RH,79,903.250000,P1,1,79,1236.500000
RH,84,903.250000,P1,1,84,1236.500000
RH,75,903.500000,P1,1,75,1237.000000
RH,79,903.500000,P1,1,79,1237.000000
RH,84,903.500000,P1,1,84,1237.000000
RH,74,903.666667,P1,1,74,1237.500000
RH,60,903.875000,P1,5,60,1238.000000
RH,63,903.875000,P1,5,63,1238.000000
RH,67,903.875000,P1,5,67,1238.000000
RH,73,903.875000,P1,1,73,1238.000000
RH,72,904.125000,P1,1,72,1238.500000
LH,57,904.250000,P1,5,57,1239.000000
RH,75,904.250000,P1,1,75,1239.000000
RH,79,904.250000,P1,1,79,1239.000000
RH,84,904.250000,P1,1,84,1239.000000
RH,74,904.500000,P1,1,74,1239.500000
RH,60,904.666667,P1,5,60,1240.000000
RH,66,904.666667,P1,5,66,1240.000000
RH,73,904.666667,P1,1,73,1240.000000
RH,62,904.750000,P1,5,62,1240.000000
RH,72,904.875000,P1,1,72,1240.500000
LH,50,905.000000,P1,5,50,1241.000000
RH,75,905.000000,P1,1,75,1241.000000
RH,78,905.000000,P1,1,78,1241.000000
RH,84,905.000000,P1,1,84,1241.000000
RH,74,905.250000,P1,1,74,1241.500000
RH,60,905.500000,P1,5,60,1242.000000
RH,62,905.500000,P1,5,62,1242.000000
RH,66,905.500000,P1,5,66,1242.000000
RH,73,905.500000,P1,1,73,1242.000000
RH,72,905.666667,P1,1,72,1242.500000
LH,57,905.875000,P1,5,57,1243.000000
RH,74,905.875000,P1,1,74,1243.000000
RH,78,905.875000,P1,1,78,1243.000000
RH,81,905.875000,P1,1,81,1243.000000
RH,72,906.125000,P1,1,72,1243.500000
LH,55,906.375000,P1,5,55,1244.000000
RH,62,906.375000,P1,5,62,1244.000000
RH,67,906.375000,P1,5,67,1244.000000
RH,70,906.375000,P1,1,70,1244.000000
RH,74,906.375000,P1,1,74,1244.000000
RH,79,906.375000,P1,1,79,1244.000000
RH,82,906.375000,P1,1,82,1244.000000
RH,86,906.875000,P1,1,86,1245.000000
RH,91,906.875000,P1,1,91,1245.000000
RH,94,906.875000,P1,1,94,1245.000000
RH,81,907.125000,P1,1,81,1245.500000
LH,58,907.333333,P1,5,58,1246.000000
RH,67,907.333333,P1,5,67,1246.000000
RH,82,907.500000,P1,1,82,1246.500000
RH,86,907.500000,P1,1,86,1246.500000
RH,91,907.500000,P1,1,91,1246.500000
LH,46,907.750000,P1,5,46,1247.000000
RH,82,907.750000,P1,1,82,1247.000000
RH,86,907.750000,P1,1,86,1247.000000
RH,91,907.750000,P1,1,91,1247.000000
RH,78,908.000000,P1,1,78,1247.500000
LH,58,908.125000,P1,5,58,1248.000000
RH,62,908.125000,P1,5,62,1248.000000
RH,67,908.125000,P1,5,67,1248.000000
RH,79,908.333333,P1,1,79,1248.500000
RH,82,908.333333,P1,1,82,1248.500000
RH,86,908.333333,P1,1,86,1248.500000
LH,50,908.500000,P1,5,50,1249.000000
RH,79,908.500000,P1,1,79,1249.000000
RH,82,908.500000,P1,1,82,1249.000000
RH,86,908.500000,P1,1,86,1249.000000
RH,73,908.750000,P1,1,73,1249.500000
LH,58,909.000000,P1,5,58,1250.000000
RH,62,909.000000,P1,5,62,1250.000000
RH,67,909.000000,P1,5,67,1250.000000
RH,74,909.125000,P1,1,74,1250.500000
RH,79,909.125000,P1,1,79,1250.500000
RH,82,909.125000,P1,1,82,1250.500000
LH,55,909.333333,P1,5,55,1251.000000
RH,74,909.333333,P1,1,74,1251.000000
RH,82,909.333333,P1,1,82,1251.000000
RH,79,909.375000,P1,1,79,1251.000000
RH,70,909.625000,P1,1,70,1251.500000
LH,57,909.750000,P1,5,57,1252.000000
RH,60,909.750000,P1,5,60,1252.000000
RH,67,909.750000,P1,5,67,1252.000000
RH,75,910.000000,P1,1,75,1252.500000
RH,79,910.000000,P1,1,79,1252.500000
RH,84,910.000000,P1,1,84,1252.500000
LH,45,910.125000,P1,5,45,1253.000000
RH,75,910.125000,P1,1,75,1253.000000
RH,79,910.125000,P1,1,79,1253.000000
RH,84,910.125000,P1,1,84,1253.000000
RH,74,910.375000,P1,1,74,1253.500000
RH,60,910.625000,P1,5,60,1254.000000
RH,67,910.625000,P1,5,67,1254.000000
RH,73,910.625000,P1,1,73,1254.000000
RH,63,910.666667,P1,5,63,1254.000000
RH,72,910.750000,P1,1,72,1254.500000
LH,57,911.000000,P1,5,57,1255.000000
RH,75,911.000000,P1,1,75,1255.000000
RH,79,911.000000,P1,1,79,1255.000000
RH,84,911.000000,P1,1,84,1255.000000
RH,74,911.250000,P1,1,74,1255.500000
RH,60,911.375000,P1,5,60,1256.000000
RH,62,911.375000,P1,5,62,1256.000000
RH,66,911.375000,P1,5,66,1256.000000
RH,73,911.375000,P1,1,73,1256.000000
RH,72,911.625000,P1,1,72,1256.500000
LH,50,911.750000,P1,5,50,1257.000000
RH,75,911.750000,P1,1,75,1257.000000
RH,78,911.750000,P1,1,78,1257.000000
RH,84,911.750000,P1,1,84,1257.000000
RH,74,912.000000,P1,1,74,1257.500000
RH,66,912.250000,P1,5,66,1258.000000
RH,73,912.250000,P1,1,73,1258.000000
RH,62,912.333333,P1,5,62,1258.000000
RH,72,912.500000,P1,1,72,1258.500000
LH,57,912.625000,P1,5,57,1259.000000
RH,74,912.625000,P1,1,74,1259.000000
RH,78,912.625000,P1,1,78,1259.000000
RH,81,912.625000,P1,1,81,1259.000000
RH,72,912.875000,P1,1,72,1259.500000
LH,55,913.125000,P1,5,55,1260.000000
RH,62,913.125000,P1,5,62,1260.000000
RH,67,913.125000,P1,5,67,1260.000000
RH,70,913.125000,P1,1,70,1260.000000
RH,74,913.125000,P1,1,74,1260.000000
RH,79,913.125000,P1,1,79,1260.000000
RH,82,913.125000,P1,1,82,1260.000000
LH,48,913.875000,P1,5,48,1261.000000
RH,87,914.125000,P1,2,87,1261.500000
RH,92,914.125000,P1,2,92,1261.500000
RH,80,914.333333,P1,1,80,1262.000000
RH,75,914.500000,P1,1,75,1262.500000
LH,56,914.750000,P1,6,56,1263.000000
RH,63,914.750000,P1,6,63,1263.000000
RH,67,914.750000,P1,1,67,1263.000000
RH,75,915.000000,P1,1,75,1263.500000
RH,79,915.000000,P1,2,79,1263.500000
LH,50,915.125000,P1,5,50,1264.000000
RH,69,915.333333,P1,1,69,1264.500000
RH,78,915.375000,P1,1,78,1264.500000
LH,57,915.500000,P1,5,57,1265.000000
RH,78,915.625000,P1,1,78,1265.000000
RH,60,915.750000,P1,5,60,1265.000000
RH,81,915.750000,P1,1,81,1265.500000
RH,90,915.750000,P1,1,90,1265.500000
LH,43,916.000000,P1,5,43,1266.000000
RH,91,916.250000,P1,1,91,1266.500000
LH,55,916.375000,P1,5,55,1267.000000
RH,62,916.375000,P1,5,62,1267.000000
RH,79,916.500000,P1,1,79,1267.000000
RH,70,916.625000,P1,1,70,1267.500000
RH,79,916.625000,P1,1,79,1267.500000
LH,48,916.750000,P1,6,48,1268.000000
RH,75,917.125000,P1,1,75,1268.500000
LH,56,917.250000,P1,5,56,1269.000000
RH,63,917.250000,P1,5,63,1269.000000
RH,87,917.500000,P1,1,87,1269.500000
RH,92,917.500000,P1,1,92,1269.500000
RH,80,917.666667,P1,1,80,1270.000000
RH,75,917.875000,P1,1,75,1270.500000
RH,80,917.875000,P1,1,80,1270.500000
LH,56,918.125000,P1,5,56,1271.000000
RH,63,918.125000,P1,5,63,1271.000000
RH,75,918.250000,P1,1,75,1271.500000
RH,79,918.250000,P1,1,79,1271.500000
LH,50,918.500000,P1,5,50,1272.000000
RH,69,918.625000,P1,1,69,1272.500000
RH,78,918.666667,P1,1,78,1272.500000
LH,57,918.875000,P1,5,57,1273.000000
RH,60,918.875000,P1,5,60,1273.000000
RH,78,918.875000,P1,1,78,1273.000000
RH,81,919.125000,P1,1,81,1273.500000
RH,90,919.125000,P1,1,90,1273.500000
LH,43,919.250000,P1,5,43,1274.000000
RH,82,919.500000,P1,1,82,1274.500000
RH,91,919.500000,P1,1,91,1274.500000
LH,55,919.750000,P1,5,55,1275.000000
LH,58,919.750000,P1,5,58,1275.000000
RH,62,919.750000,P1,5,62,1275.000000
RH,79,919.750000,P1,1,79,1275.000000
RH,70,919.875000,P1,1,70,1275.500000
RH,79,919.875000,P1,1,79,1275.500000
LH,47,920.125000,P1,5,47,1276.000000
RH,77,920.375000,P1,1,77,1276.500000
LH,53,920.500000,P1,7,53,1277.000000
LH,56,920.500000,P1,7,56,1277.000000
RH,62,920.500000,P1,7,62,1277.000000
RH,77,920.625000,P1,1,77,1277.000000
RH,80,920.750000,P1,1,80,1277.500000
RH,89,920.750000,P1,1,89,1277.500000
LH,48,920.875000,P1,5,48,1278.000000
RH,77,920.875000,P1,1,77,1278.000000
RH,68,921.125000,P1,1,68,1278.500000
RH,75,921.125000,P1,1,75,1278.500000
LH,51,921.333333,P1,7,51,1279.000000
LH,56,921.333333,P1,7,56,1279.000000
RH,60,921.333333,P1,7,60,1279.000000
RH,75,921.500000,P1,1,75,1279.500000
LH,50,921.750000,P1,5,50,1280.000000
RH,74,921.875000,P1,1,74,1280.500000
LH,53,922.125000,P1,7,53,1281.000000
LH,56,922.125000,P1,7,56,1281.000000
LH,59,922.125000,P1,7,59,1281.000000
RH,80,922.333333,P1,1,80,1281.500000
RH,86,922.333333,P1,1,86,1281.500000
LH,51,922.500000,P1,5,51,1282.000000
RH,74,922.500000,P1,1,74,1282.000000
RH,68,922.750000,P1,1,68,1282.500000
RH,72,922.750000,P1,1,72,1282.500000
LH,56,923.000000,P1,7,56,1283.000000
RH,68,923.250000,P1,1,68,1283.500000
RH,72,923.250000,P1,1,72,1283.500000
LH,42,923.375000,P1,5,42,1284.000000
RH,60,923.625000,P1,1,60,1284.000000
RH,72,923.875000,P1,1,72,1284.500000
LH,54,924.125000,P1,5,54,1285.000000
RH,60,924.125000,P1,5,60,1285.000000
RH,63,924.125000,P1,5,63,1285.000000
RH,75,924.250000,P1,1,75,1285.500000
RH,84,924.250000,P1,1,84,1285.500000
LH,55,924.500000,P1,5,55,1286.000000
LH,58,924.500000,P1,5,58,1286.000000
RH,62,924.500000,P1,5,62,1286.000000
RH,75,924.666667,P1,1,75,1286.500000
RH,84,924.666667,P1,1,84,1286.500000
LH,43,924.875000,P1,5,43,1287.000000
RH,74,925.125000,P1,1,74,1287.500000
RH,82,925.125000,P1,1,82,1287.500000
RH,74,925.500000,P1,1,74,1288.500000
RH,82,925.625000,P1,1,82,1288.500000
LH,57,925.750000,P1,5,57,1289.000000
RH,67,925.750000,P1,5,67,1289.000000
RH,72,926.000000,P1,1,72,1289.500000
RH,81,926.000000,P1,1,81,1289.500000
LH,50,926.125000,P1,5,50,1290.000000
RH,70,926.375000,P1,1,70,1290.500000
RH,79,926.375000,P1,1,79,1290.500000
LH,57,926.500000,P1,7,57,1291.000000
RH,62,926.625000,P1,7,62,1291.000000
RH,69,926.875000,P1,1,69,1291.500000
RH,78,926.875000,P1,1,78,1291.500000
LH,55,927.125000,P1,5,55,1292.000000
LH,58,927.125000,P1,7,58,1292.000000
RH,62,927.125000,P1,7,62,1292.000000
RH,67,927.125000,P1,1,67,1292.000000
RH,70,927.125000,P1,1,70,1292.000000
RH,79,927.125000,P1,1,79,1292.000000
LH,48,927.750000,P1,5,48,1293.000000
RH,87,928.000000,P1,2,87,1293.500000
RH,92,928.000000,P1,2,92,1293.500000
RH,80,928.250000,P1,1,80,1294.000000
RH,75,928.500000,P1,1,75,1294.500000
LH,56,928.750000,P1,7,56,1295.000000
RH,63,928.750000,P1,7,63,1295.000000
RH,67,928.750000,P1,1,67,1295.000000
RH,75,928.875000,P1,1,75,1295.500000
RH,79,928.875000,P1,2,79,1295.500000
LH,50,929.125000,P1,5,50,1296.000000
RH,69,929.250000,P1,1,69,1296.500000
RH,78,929.333333,P1,1,78,1296.500000
LH,57,929.625000,P1,5,57,1297.000000
RH,60,929.625000,P1,5,60,1297.000000
RH,78,929.625000,P1,1,78,1297.000000
RH,62,929.666667,P1,5,62,1297.000000
RH,81,929.750000,P1,1,81,1297.500000
RH,90,929.750000,P1,1,90,1297.500000
LH,43,930.000000,P1,5,43,1298.000000
RH,82,930.250000,P1,1,82,1298.500000
RH,91,930.250000,P1,1,91,1298.500000
LH,55,930.375000,P1,5,55,1299.000000
RH,62,930.375000,P1,5,62,1299.000000
RH,79,930.375000,P1,1,79,1299.000000
LH,58,930.500000,P1,5,58,1299.000000
RH,70,930.625000,P1,1,70,1299.500000
RH,79,930.625000,P1,1,79,1299.500000
LH,48,930.875000,P1,6,48,1300.000000
RH,75,931.125000,P1,1,75,1300.500000
RH,80,931.125000,P1,1,80,1300.500000
LH,56,931.333333,P1,5,56,1301.000000
RH,63,931.333333,P1,5,63,1301.000000
RH,87,931.625000,P1,1,87,1301.500000
RH,92,931.625000,P1,1,92,1301.500000
LH,50,931.750000,P1,6,50,1302.000000
RH,80,931.750000,P1,1,80,1302.000000
RH,75,932.000000,P1,1,75,1302.500000
RH,80,932.000000,P1,1,80,1302.500000
LH,51,932.125000,P1,6,51,1303.000000
RH,79,932.500000,P1,1,79,1303.500000
LH,50,932.666667,P1,5,50,1304.000000
RH,69,932.875000,P1,1,69,1304.500000
RH,78,932.875000,P1,1,78,1304.500000
LH,57,933.125000,P1,5,57,1305.000000
RH,60,933.125000,P1,5,60,1305.000000
RH,62,933.125000,P1,5,62,1305.000000
RH,78,933.125000,P1,1,78,1305.000000
RH,90,933.375000,P1,1,90,1305.500000
LH,43,933.625000,P1,5,43,1306.000000
RH,82,933.875000,P1,1,82,1306.500000
RH,91,933.875000,P1,1,91,1306.500000
RH,62,934.000000,P1,5,62,1307.000000
RH,79,934.000000,P1,1,79,1307.000000
LH,58,934.125000,P1,5,58,1307.000000
RH,70,934.333333,P1,1,70,1307.500000
RH,79,934.333333,P1,1,79,1307.500000
LH,35,934.666667,P1,5,35,1308.000000
LH,47,934.666667,P1,5,47,1308.000000
RH,68,935.000000,P1,1,68,1308.500000
RH,77,935.000000,P1,1,77,1308.500000
LH,53,935.250000,P1,5,53,1309.000000
LH,56,935.250000,P1,5,56,1309.000000
RH,77,935.250000,P1,1,77,1309.000000
RH,62,935.333333,P1,5,62,1309.000000
RH,80,935.375000,P1,1,80,1309.500000
RH,89,935.375000,P1,1,89,1309.500000
LH,36,935.625000,P1,5,36,1310.000000
LH,48,935.625000,P1,5,48,1310.000000
RH,77,935.666667,P1,1,77,1310.000000
RH,75,935.875000,P1,1,75,1310.500000
LH,51,936.125000,P1,5,51,1311.000000
LH,55,936.125000,P1,5,55,1311.000000
RH,60,936.125000,P1,5,60,1311.000000
RH,75,936.250000,P1,1,75,1311.500000
LH,50,936.500000,P1,5,50,1312.000000
RH,66,936.666667,P1,1,66,1312.500000
RH,74,936.666667,P1,1,74,1312.500000
LH,54,936.875000,P1,5,54,1313.000000
LH,57,936.875000,P1,5,57,1313.000000
RH,74,937.000000,P1,1,74,1313.000000
RH,78,937.125000,P1,1,78,1313.500000
RH,86,937.125000,P1,1,86,1313.500000
LH,40,937.375000,P1,5,40,1314.000000
LH,52,937.375000,P1,5,52,1314.000000
RH,64,937.666667,P1,1,64,1314.500000
RH,73,937.666667,P1,1,73,1314.500000
LH,55,937.875000,P1,5,55,1315.000000
RH,64,938.125000,P1,1,64,1315.500000
RH,73,938.125000,P1,1,73,1315.500000
LH,42,938.500000,P1,5,42,1316.000000
LH,54,938.500000,P1,5,54,1316.000000
RH,63,938.875000,P1,1,63,1316.500000
RH,72,938.875000,P1,1,72,1316.500000
LH,54,939.250000,P1,5,54,1317.000000
RH,60,939.250000,P1,5,60,1317.000000
RH,63,939.250000,P1,5,63,1317.000000
RH,75,939.500000,P1,1,75,1317.500000
RH,84,939.500000,P1,1,84,1317.500000
LH,55,939.666667,P1,5,55,1318.000000
RH,60,939.750000,P1,5,60,1318.000000
RH,83,939.875000,P1,1,83,1318.500000
RH,75,940.000000,P1,1,75,1318.500000
LH,43,940.125000,P1,5,43,1319.000000
LH,55,940.125000,P1,5,55,1319.000000
RH,75,940.333333,P1,1,75,1319.500000
RH,84,940.333333,P1,1,84,1319.500000
LH,44,940.500000,P1,5,44,1320.000000
LH,56,940.500000,P1,5,56,1320.000000
RH,75,940.750000,P1,1,75,1320.500000
RH,84,940.750000,P1,1,84,1320.500000
LH,56,941.000000,P1,5,56,1321.000000
RH,63,941.000000,P1,5,63,1321.000000
RH,66,941.000000,P1,5,66,1321.000000
RH,87,941.125000,P1,1,87,1321.500000
RH,78,941.250000,P1,1,78,1321.500000
LH,57,941.375000,P1,5,57,1322.000000
RH,63,941.375000,P1,5,63,1322.000000
RH,66,941.375000,P1,5,66,1322.000000
RH,78,941.625000,P1,1,78,1322.500000
RH,86,941.625000,P1,1,86,1322.500000
LH,45,941.750000,P1,5,45,1323.000000
LH,57,941.750000,P1,5,57,1323.000000
RH,78,942.000000,P1,1,78,1323.500000
RH,87,942.000000,P1,1,87,1323.500000
LH,46,942.250000,P1,5,46,1324.000000
LH,58,942.250000,P1,5,58,1324.000000
RH,78,942.375000,P1,1,78,1324.500000
RH,87,942.375000,P1,1,87,1324.500000
LH,58,942.666667,P1,5,58,1325.000000
RH,63,942.666667,P1,5,63,1325.000000
RH,66,942.666667,P1,5,66,1325.000000
RH,90,942.750000,P1,1,90,1325.500000
RH,82,942.875000,P1,1,82,1325.500000
LH,59,943.000000,P1,5,59,1326.000000
RH,63,943.000000,P1,5,63,1326.000000
RH,69,943.000000,P1,5,69,1326.000000
RH,80,943.250000,P1,1,80,1326.500000
LH,47,943.500000,P1,5,47,1327.000000
LH,59,943.500000,P1,5,59,1327.000000
RH,81,943.750000,P1,1,81,1327.500000
RH,90,943.750000,P1,1,90,1327.500000
RH,60,944.000000,P1,5,60,1328.000000
RH,81,944.125000,P1,1,81,1328.500000
RH,90,944.125000,P1,1,90,1328.500000
RH,62,944.375000,P1,5,62,1329.000000
RH,66,944.375000,P1,5,66,1329.000000
RH,69,944.500000,P1,5,69,1329.000000
RH,84,944.625000,P1,1,84,1329.500000
RH,93,944.625000,P1,1,93,1329.500000
RH,86,945.000000,P1,1,86,1330.500000
RH,94,945.000000,P1,1,94,1330.500000
RH,62,945.333333,P1,5,62,1331.000000
RH,66,945.333333,P1,5,66,1331.000000
RH,69,945.333333,P1,5,69,1331.000000
RH,60,945.375000,P1,5,60,1331.000000
RH,87,945.666667,P1,1,87,1331.500000
RH,96,945.666667,P1,1,96,1331.500000
LH,46,946.000000,P1,5,46,1332.000000
LH,58,946.000000,P1,5,58,1332.000000
RH,96,946.333333,P1,1,96,1332.500000
RH,87,946.375000,P1,1,87,1332.500000
LH,55,946.500000,P1,5,55,1333.000000
RH,62,946.500000,P1,5,62,1333.000000
RH,67,946.500000,P1,5,67,1333.000000
RH,86,946.875000,P1,1,86,1333.500000
RH,94,946.875000,P1,1,94,1333.500000
LH,48,947.000000,P1,5,48,1334.000000
RH,60,947.000000,P1,5,60,1334.000000
RH,86,947.250000,P1,1,86,1334.500000
RH,94,947.250000,P1,1,94,1334.500000
LH,57,947.500000,P1,5,57,1335.000000
RH,67,947.500000,P1,5,67,1335.000000
RH,84,947.666667,P1,1,84,1335.500000
RH,93,947.666667,P1,1,93,1335.500000
LH,50,947.875000,P1,5,50,1336.000000
RH,62,947.875000,P1,5,62,1336.000000
RH,84,948.125000,P1,1,84,1336.500000
RH,93,948.125000,P1,1,93,1336.500000
RH,62,948.333333,P1,5,62,1337.000000
RH,67,948.333333,P1,5,67,1337.000000
RH,70,948.333333,P1,5,70,1337.000000
RH,82,948.500000,P1,1,82,1337.500000
RH,91,948.625000,P1,1,91,1337.500000
LH,48,948.750000,P1,5,48,1338.000000
RH,60,948.750000,P1,5,60,1338.000000
RH,82,949.000000,P1,1,82,1338.500000
RH,91,949.000000,P1,1,91,1338.500000
RH,62,949.333333,P1,5,62,1339.000000
RH,66,949.333333,P1,5,66,1339.000000
RH,69,949.333333,P1,5,69,1339.000000
RH,60,949.375000,P1,5,60,1339.000000
RH,78,949.625000,P1,1,78,1339.500000
RH,86,949.625000,P1,1,86,1339.500000
LH,46,950.000000,P1,5,46,1340.000000
LH,58,950.000000,P1,5,58,1340.000000
RH,82,950.333333,P1,1,82,1340.500000
LH,55,950.500000,P1,5,55,1341.000000
RH,62,950.500000,P1,5,62,1341.000000
RH,67,950.500000,P1,5,67,1341.000000
RH,86,950.500000,P1,1,86,1341.000000
RH,94,950.500000,P1,1,94,1341.000000
RH,82,950.875000,P1,1,82,1341.500000
LH,48,951.000000,P1,5,48,1342.000000
RH,60,951.000000,P1,5,60,1342.000000
RH,85,951.000000,P1,1,85,1342.000000
RH,94,951.000000,P1,1,94,1342.000000
RH,82,951.250000,P1,1,82,1342.500000
LH,57,951.500000,P1,5,57,1343.000000
RH,63,951.500000,P1,5,63,1343.000000
RH,67,951.500000,P1,5,67,1343.000000
RH,84,951.500000,P1,1,84,1343.000000
RH,93,951.500000,P1,1,93,1343.000000
RH,81,951.750000,P1,1,81,1343.500000
LH,50,951.875000,P1,5,50,1344.000000
RH,62,951.875000,P1,5,62,1344.000000
RH,84,951.875000,P1,1,84,1344.000000
RH,93,951.875000,P1,1,93,1344.000000
RH,81,952.125000,P1,1,81,1344.500000
RH,62,952.333333,P1,5,62,1345.000000
RH,70,952.333333,P1,5,70,1345.000000
RH,82,952.333333,P1,1,82,1345.000000
RH,91,952.333333,P1,1,91,1345.000000
RH,67,952.375000,P1,5,67,1345.000000
RH,79,952.625000,P1,1,79,1345.500000
LH,48,952.875000,P1,5,48,1346.000000
RH,60,952.875000,P1,5,60,1346.000000
RH,82,952.875000,P1,1,82,1346.000000
RH,91,952.875000,P1,1,91,1346.000000
RH,79,953.125000,P1,1,79,1346.500000
RH,62,953.375000,P1,5,62,1347.000000
RH,66,953.375000,P1,5,66,1347.000000
RH,69,953.375000,P1,5,69,1347.000000
RH,78,953.375000,P1,1,78,1347.000000
RH,86,953.375000,P1,1,86,1347.000000
RH,60,953.500000,P1,5,60,1347.000000
RH,74,953.750000,P1,1,74,1347.500000
LH,46,954.125000,P1,5,46,1348.000000
LH,58,954.125000,P1,5,58,1348.000000
RH,86,954.625000,P1,1,86,1348.500000
RH,91,955.000000,P1,1,91,1349.000000
RH,94,955.000000,P1,1,94,1349.000000
RH,98,955.000000,P1,1,98,1349.000000
RH,86,955.250000,P1,1,86,1349.500000
RH,79,955.375000,P1,5,79,1350.000000
RH,82,955.375000,P1,5,82,1350.000000
RH,86,955.375000,P1,5,86,1350.000000
RH,74,955.666667,P1,5,74,1350.500000
RH,79,955.875000,P1,1,79,1351.000000
RH,82,955.875000,P1,1,82,1351.000000
RH,86,955.875000,P1,1,86,1351.000000
RH,74,956.000000,P1,1,74,1351.500000
RH,67,956.250000,P1,5,67,1352.000000
RH,70,956.250000,P1,5,70,1352.000000
RH,74,956.250000,P1,5,74,1352.000000
RH,62,956.375000,P1,5,62,1352.500000
RH,67,956.625000,P1,1,67,1353.000000
RH,70,956.625000,P1,1,70,1353.000000
RH,74,956.625000,P1,1,74,1353.000000
RH,62,956.875000,P1,1,62,1353.500000
LH,55,957.000000,P1,5,55,1354.000000
LH,58,957.000000,P1,5,58,1354.000000
RH,62,957.000000,P1,5,62,1354.000000
LH,50,957.250000,P1,5,50,1354.500000
LH,55,957.375000,P1,1,55,1355.000000
LH,58,957.375000,P1,1,58,1355.000000
RH,62,957.375000,P1,1,62,1355.000000
LH,50,957.625000,P1,1,50,1355.500000
LH,30,957.875000,P1,5,30,1356.000000
LH,42,957.875000,P1,5,42,1356.000000
LH,31,958.000000,P1,5,31,1356.500000
LH,43,958.000000,P1,5,43,1356.500000
LH,55,958.250000,P1,1,55,1357.000000
LH,58,958.250000,P1,1,58,1357.000000
RH,64,958.250000,P1,1,64,1357.000000
LH,50,958.375000,P1,1,50,1357.500000
LH,37,958.625000,P1,5,37,1358.000000
LH,49,958.625000,P1,5,49,1358.000000
LH,38,958.875000,P1,5,38,1358.500000
LH,50,958.875000,P1,5,50,1358.500000
LH,55,959.000000,P1,1,55,1359.000000
LH,58,959.000000,P1,1,58,1359.000000
RH,64,959.000000,P1,1,64,1359.000000
LH,50,959.250000,P1,1,50,1359.500000
LH,30,959.500000,P1,5,30,1360.000000
LH,42,959.500000,P1,5,42,1360.000000
LH,31,959.666667,P1,5,31,1360.500000
LH,43,959.666667,P1,5,43,1360.500000
LH,55,960.000000,P1,1,55,1361.000000
LH,58,960.000000,P1,1,58,1361.000000
RH,64,960.000000,P1,1,64,1361.000000
LH,50,960.250000,P1,1,50,1361.500000
LH,37,960.500000,P1,5,37,1362.000000
LH,49,960.500000,P1,5,49,1362.000000
LH,38,960.666667,P1,5,38,1362.500000
LH,50,960.666667,P1,5,50,1362.500000
LH,55,961.000000,P1,1,55,1363.000000
LH,58,961.000000,P1,1,58,1363.000000
RH,64,961.000000,P1,1,64,1363.000000
LH,50,961.250000,P1,1,50,1363.500000
LH,26,961.666667,P1,5,26,1364.000000
LH,38,961.666667,P1,5,38,1364.000000
LH,55,963.500000,P1,1,55,1366.000000
LH,56,963.875000,P1,1,56,1366.333008
LH,57,964.125000,P1,1,57,1366.666992
LH,58,964.250000,P1,1,58,1367.000000
LH,59,964.375000,P1,1,59,1367.333008
RH,60,964.625000,P1,1,60,1367.666992
RH,61,964.666667,P1,1,61,1368.000000
RH,62,964.875000,P1,1,62,1368.333008
RH,63,965.125000,P1,1,63,1368.666992
RH,64,965.250000,P1,1,64,1369.000000
RH,65,965.375000,P1,1,65,1369.333008
RH,66,965.375000,P1,1,66,1369.666992
LH,55,965.625000,P1,5,55,1370.000000
LH,58,965.625000,P1,5,58,1370.000000
RH,61,965.625000,P1,5,61,1370.000000
RH,64,965.625000,P1,5,64,1370.000000
RH,67,965.625000,P1,1,67,1370.000000
RH,68,965.875000,P1,1,68,1370.333008
RH,69,966.000000,P1,1,69,1370.666992
RH,61,966.125000,P1,5,61,1371.500000
RH,70,966.125000,P1,1,70,1371.000000
RH,71,966.333333,P1,1,71,1371.333008
LH,58,966.375000,P1,5,58,1372.000000
RH,61,966.375000,P1,5,61,1372.000000
RH,66,966.375000,P1,5,66,1372.000000
RH,73,966.625000,P1,1,73,1372.000000
RH,74,966.750000,P1,1,74,1372.333008
RH,75,967.000000,P1,1,75,1372.666992
RH,76,967.125000,P1,1,76,1373.000000
RH,78,967.250000,P1,1,78,1373.666992
LH,55,967.375000,P1,5,55,1374.000000
LH,58,967.375000,P1,5,58,1374.000000
RH,61,967.375000,P1,5,61,1374.000000
RH,64,967.375000,P1,5,64,1374.000000
RH,79,967.375000,P1,1,79,1374.000000
RH,80,967.666667,P1,1,80,1374.333008
RH,81,967.875000,P1,1,81,1374.666992
RH,82,968.000000,P1,1,82,1375.000000
LH,55,968.250000,P1,5,55,1376.000000
LH,58,968.250000,P1,5,58,1376.000000
RH,61,968.250000,P1,5,61,1376.000000
RH,66,968.250000,P1,5,66,1376.000000
RH,85,968.333333,P1,1,85,1376.000000
RH,87,968.750000,P1,1,87,1376.666992
RH,88,969.000000,P1,1,88,1377.000000
RH,64,969.125000,P1,5,64,1378.000000
RH,90,969.125000,P1,1,90,1377.666992
LH,55,969.250000,P1,5,55,1378.000000
LH,58,969.250000,P1,5,58,1378.000000
RH,61,969.250000,P1,5,61,1378.000000
RH,91,969.375000,P1,1,91,1378.000000
RH,92,969.625000,P1,1,92,1378.333008
LH,50,970.000000,P1,5,50,1380.000000
RH,99,970.333333,P1,1,99,1380.000000
RH,98,970.666667,P1,1,98,1380.307617
RH,101,970.875000,P1,1,101,1380.615234
RH,99,971.125000,P1,1,99,1380.922852
RH,98,971.333333,P1,1,98,1381.230469
RH,96,971.500000,P1,1,96,1381.538086
RH,95,971.625000,P1,1,95,1381.845703
RH,98,971.750000,P1,1,98,1382.154297
RH,96,971.875000,P1,1,96,1382.461914
RH,94,972.000000,P1,1,94,1382.769531
RH,93,972.125000,P1,1,93,1383.077148
RH,91,972.333333,P1,1,91,1383.384766
RH,90,972.500000,P1,1,90,1383.692383
RH,93,972.666667,P1,1,93,1384.000000
RH,91,972.750000,P1,1,91,1384.250000
RH,87,973.000000,P1,1,87,1384.750000
RH,86,973.125000,P1,1,86,1385.000000
RH,87,973.333333,P1,1,87,1385.250000
RH,86,973.500000,P1,1,86,1385.500000
RH,89,973.625000,P1,1,89,1385.750000
RH,87,973.750000,P1,1,87,1386.000000
RH,86,973.875000,P1,1,86,1386.250000
RH,84,974.000000,P1,1,84,1386.500000
RH,83,974.250000,P1,1,83,1386.750000
RH,86,974.333333,P1,1,86,1387.000000
RH,84,974.500000,P1,1,84,1387.250000
RH,82,974.625000,P1,1,82,1387.500000
RH,81,974.666667,P1,1,81,1387.750000
RH,79,974.875000,P1,1,79,1388.000000
RH,66,975.000000,P1,5,66,1388.000000
RH,78,975.000000,P1,1,78,1388.210938
RH,81,975.125000,P1,1,81,1388.420898
RH,79,975.375000,P1,1,79,1388.631836
RH,78,975.500000,P1,1,78,1388.841797
RH,75,975.625000,P1,1,75,1389.052734
RH,74,975.750000,P1,1,74,1389.262695
RH,75,976.000000,P1,1,75,1389.473633
RH,74,976.125000,P1,1,74,1389.684570
RH,77,976.250000,P1,1,77,1389.894531
RH,75,976.375000,P1,1,75,1390.105469
RH,74,976.500000,P1,1,74,1390.315430
RH,72,976.666667,P1,1,72,1390.526367
RH,71,976.875000,P1,1,71,1390.737305
RH,74,977.000000,P1,1,74,1390.947266
RH,72,977.250000,P1,1,72,1391.158203
RH,70,977.333333,P1,1,70,1391.368164
RH,69,977.500000,P1,1,69,1391.579102
RH,67,977.625000,P1,1,67,1391.789062
RH,66,977.875000,P1,1,66,1392.000000
RH,63,978.000000,P1,1,63,1392.200195
RH,62,978.125000,P1,1,62,1392.400391
RH,60,978.333333,P1,1,60,1392.599609
LH,58,978.500000,P1,1,58,1392.799805
LH,57,978.625000,P1,1,57,1393.000000
LH,55,978.750000,P1,1,55,1393.200195
LH,57,978.875000,P1,1,57,1393.000000
LH,54,979.000000,P1,1,54,1393.400391
LH,51,979.125000,P1,1,51,1393.599609
LH,50,979.250000,P1,1,50,1393.799805
LH,48,979.500000,P1,1,48,1394.000000
LH,46,979.625000,P1,1,46,1394.200195
LH,45,979.750000,P1,1,45,1394.400391
LH,43,980.000000,P1,1,43,1394.599609
LH,42,980.125000,P1,1,42,1394.799805
LH,39,980.333333,P1,1,39,1395.000000
LH,38,980.500000,P1,1,38,1395.200195
LH,36,980.625000,P1,1,36,1395.400391
LH,34,980.750000,P1,1,34,1395.599609
LH,31,980.875000,P1,5,31,1396.000000
LH,33,980.875000,P1,1,33,1395.799805
LH,31,981.125000,P1,5,31,1396.000000
LH,45,988.333333,P1,1,45,1400.190430
LH,33,988.375000,P1,5,33,1400.190430
LH,34,988.875000,P1,5,34,1400.380859
LH,46,988.875000,P1,1,46,1400.380859
LH,36,989.250000,P1,5,36,1400.571289
LH,48,989.250000,P1,1,48,1400.571289
LH,38,989.375000,P1,5,38,1400.761719
LH,50,989.375000,P1,1,50,1400.761719
LH,40,989.625000,P1,5,40,1400.952148
LH,52,989.625000,P1,1,52,1400.952148
LH,42,989.750000,P1,5,42,1401.142578
LH,54,989.750000,P1,1,54,1401.142578
LH,43,990.000000,P1,5,43,1401.333008
LH,55,990.000000,P1,1,55,1401.333008
LH,45,990.125000,P1,5,45,1401.523438
LH,57,990.125000,P1,1,57,1401.523438
LH,46,990.250000,P1,5,46,1401.713867
LH,58,990.250000,P1,1,58,1401.713867
LH,48,990.375000,P1,5,48,1401.904297
LH,50,990.500000,P1,5,50,1402.095703
RH,60,990.500000,P1,1,60,1401.904297
RH,62,990.625000,P1,1,62,1402.095703
LH,52,990.750000,P1,5,52,1402.286133
RH,64,990.750000,P1,1,64,1402.286133
LH,54,990.875000,P1,5,54,1402.476562
RH,66,990.875000,P1,1,66,1402.476562
LH,55,991.000000,P1,5,55,1402.666992
RH,67,991.000000,P1,1,67,1402.666992
LH,57,991.250000,P1,5,57,1402.857422
RH,69,991.250000,P1,1,69,1402.857422
LH,58,991.333333,P1,5,58,1403.047852
RH,70,991.375000,P1,1,70,1403.047852
RH,60,991.500000,P1,5,60,1403.238281
RH,62,991.625000,P1,5,62,1403.428711
RH,72,991.625000,P1,1,72,1403.238281
RH,74,991.750000,P1,1,74,1403.428711
RH,64,991.875000,P1,5,64,1403.619141
RH,76,991.875000,P1,1,76,1403.619141
RH,66,992.000000,P1,5,66,1403.809570
RH,78,992.000000,P1,1,78,1403.809570
RH,67,992.125000,P1,5,67,1404.000000
RH,79,992.125000,P1,1,79,1404.000000
LH,31,999.125000,P1,5,31,1406.000000
LH,43,999.125000,P1,5,43,1406.000000
LH,50,999.125000,P1,1,50,1406.000000
LH,55,999.125000,P1,1,55,1406.000000
LH,58,999.125000,P1,1,58,1406.000000
LH,31,1007.125000,P1,5,31,1408.000000
LH,43,1007.125000,P1,5,43,1408.000000
LH,50,1007.125000,P1,1,50,1408.000000
LH,55,1007.125000,P1,1,55,1408.000000
LH,58,1007.125000,P1,1,58,1408.000000
LH,38,1012.375000,P1,5,38,1410.333008
LH,50,1012.375000,P1,1,50,1410.333008
LH,43,1013.125000,P1,5,43,1410.666992
LH,55,1013.125000,P1,1,55,1410.666992
LH,45,1013.500000,P1,5,45,1411.000000
LH,57,1013.500000,P1,1,57,1411.000000
LH,48,1013.875000,P1,5,48,1411.333008
RH,60,1013.875000,P1,1,60,1411.333008
LH,46,1014.125000,P1,5,46,1411.666992
LH,58,1014.125000,P1,1,58,1411.666992
LH,46,1014.375000,P1,5,46,1412.000000
LH,58,1014.375000,P1,1,58,1412.000000
LH,31,1016.000000,P1,5,31,1414.000000
LH,46,1016.000000,P1,1,46,1414.000000
LH,33,1018.500000,P1,5,33,1416.148438
LH,48,1018.500000,P1,1,48,1416.148438
LH,34,1018.750000,P1,5,34,1416.295898
LH,50,1018.750000,P1,1,50,1416.295898
LH,36,1019.000000,P1,5,36,1416.444336
LH,52,1019.000000,P1,1,52,1416.444336
LH,38,1019.125000,P1,5,38,1416.592773
LH,54,1019.125000,P1,1,54,1416.592773
LH,40,1019.333333,P1,5,40,1416.741211
LH,55,1019.333333,P1,1,55,1416.741211
LH,42,1019.500000,P1,5,42,1416.888672
LH,57,1019.500000,P1,1,57,1416.888672
LH,43,1019.750000,P1,5,43,1417.037109
LH,58,1019.750000,P1,1,58,1417.037109
LH,45,1019.875000,P1,5,45,1417.185547
RH,60,1019.875000,P1,1,60,1417.185547
LH,46,1020.000000,P1,5,46,1417.333008
RH,62,1020.000000,P1,1,62,1417.333008
LH,48,1020.125000,P1,5,48,1417.481445
RH,64,1020.125000,P1,1,64,1417.481445
LH,50,1020.250000,P1,5,50,1417.629883
RH,66,1020.250000,P1,1,66,1417.629883
LH,52,1020.375000,P1,5,52,1417.777344
LH,54,1020.500000,P1,5,54,1417.925781
RH,67,1020.500000,P1,1,67,1417.777344
RH,69,1020.625000,P1,1,69,1417.925781
LH,55,1020.750000,P1,5,55,1418.074219
RH,70,1020.750000,P1,1,70,1418.074219
LH,57,1020.875000,P1,5,57,1418.222656
RH,72,1020.875000,P1,1,72,1418.222656
LH,58,1021.000000,P1,5,58,1418.370117
RH,60,1021.125000,P1,5,60,1418.518555
RH,74,1021.125000,P1,1,74,1418.370117
RH,62,1021.250000,P1,5,62,1418.666992
RH,76,1021.250000,P1,1,76,1418.518555
RH,78,1021.333333,P1,1,78,1418.666992
RH,64,1021.500000,P1,5,64,1418.814453
RH,79,1021.500000,P1,1,79,1418.814453
RH,66,1021.625000,P1,5,66,1418.962891
RH,81,1021.666667,P1,1,81,1418.962891
RH,67,1021.750000,P1,5,67,1419.111328
RH,82,1021.750000,P1,1,82,1419.111328
RH,69,1022.000000,P1,5,69,1419.258789
RH,70,1022.000000,P1,5,70,1419.407227
RH,84,1022.000000,P1,1,84,1419.258789
RH,86,1022.125000,P1,1,86,1419.407227
RH,72,1022.250000,P1,5,72,1419.555664
RH,88,1022.333333,P1,1,88,1419.555664
RH,74,1022.375000,P1,5,74,1419.704102
RH,90,1022.375000,P1,1,90,1419.704102
RH,91,1022.500000,P1,1,91,1419.851562
RH,78,1022.666667,P1,5,78,1419.851562
RH,79,1022.875000,P1,5,79,1420.000000
RH,94,1022.875000,P1,1,94,1420.000000
LH,31,1030.500000,P1,5,31,1422.000000
LH,43,1030.500000,P1,5,43,1422.000000
LH,50,1030.500000,P1,1,50,1422.000000
LH,55,1030.500000,P1,1,55,1422.000000
LH,58,1030.500000,P1,1,58,1422.000000
LH,31,1039.125000,P1,5,31,1424.000000
LH,43,1039.125000,P1,5,43,1424.000000
LH,50,1039.125000,P1,1,50,1424.000000
LH,55,1039.125000,P1,1,55,1424.000000
LH,58,1039.125000,P1,1,58,1424.000000
LH,50,1044.666667,P1,5,50,1426.333008
RH,62,1044.666667,P1,1,62,1426.333008
LH,55,1045.375000,P1,5,55,1426.666992
RH,67,1045.375000,P1,1,67,1426.666992
LH,58,1045.875000,P1,5,58,1427.000000
RH,70,1045.875000,P1,1,70,1427.000000
RH,63,1046.125000,P1,5,63,1427.333008
RH,75,1046.125000,P1,1,75,1427.333008
RH,62,1046.375000,P1,5,62,1427.666992
RH,74,1046.375000,P1,1,74,1427.666992
RH,62,1046.666667,P1,5,62,1428.000000
RH,74,1046.666667,P1,1,74,1428.000000
LH,34,1048.875000,P1,5,34,1430.000000
RH,100,1048.875000,P1,1,100,1430.000000
LH,46,1049.000000,P1,5,46,1430.000000
RH,88,1049.000000,P1,1,88,1430.000000
LH,37,1054.000000,P1,5,37,1432.000000
RH,97,1054.000000,P1,1,97,1432.000000
RH,85,1054.125000,P1,1,85,1432.000000
LH,39,1055.333333,P1,5,39,1433.333008
RH,95,1055.333333,P1,1,95,1433.333008
LH,40,1055.875000,P1,5,40,1434.000000
RH,94,1055.875000,P1,1,94,1434.000000
LH,41,1056.333333,P1,5,41,1434.666992
LH,53,1056.333333,P1,5,53,1434.666992
RH,81,1056.333333,P1,1,81,1434.666992
RH,93,1056.333333,P1,1,93,1434.666992
LH,42,1056.750000,P1,5,42,1435.333008
LH,54,1056.750000,P1,5,54,1435.333008
RH,80,1056.750000,P1,1,80,1435.333008
RH,92,1056.750000,P1,1,92,1435.333008
LH,43,1057.333333,P1,5,43,1436.000000
LH,55,1057.333333,P1,5,55,1436.000000
RH,79,1057.333333,P1,1,79,1436.000000
RH,91,1057.333333,P1,1,91,1436.000000
LH,41,1058.375000,P1,5,41,1437.333008
LH,53,1058.375000,P1,5,53,1437.333008
RH,77,1058.375000,P1,1,77,1437.333008
RH,89,1058.375000,P1,1,89,1437.333008
LH,40,1058.750000,P1,5,40,1438.000000
LH,52,1058.750000,P1,5,52,1438.000000
RH,76,1058.750000,P1,1,76,1438.000000
RH,88,1058.750000,P1,1,88,1438.000000
LH,39,1059.000000,P1,5,39,1438.666992
LH,51,1059.000000,P1,5,51,1438.666992
RH,75,1059.000000,P1,1,75,1438.666992
RH,87,1059.000000,P1,1,87,1438.666992
LH,38,1059.250000,P1,5,38,1439.333008
LH,50,1059.250000,P1,5,50,1439.333008
RH,74,1059.250000,P1,1,74,1439.333008
RH,86,1059.250000,P1,1,86,1439.333008
LH,37,1059.625000,P1,5,37,1440.000000
LH,49,1059.625000,P1,5,49,1440.000000
RH,73,1059.625000,P1,1,73,1440.000000
RH,85,1059.625000,P1,1,85,1440.000000
LH,36,1059.875000,P1,5,36,1440.666992
LH,48,1059.875000,P1,5,48,1440.666992
RH,72,1059.875000,P1,1,72,1440.666992
RH,84,1059.875000,P1,1,84,1440.666992
LH,35,1060.125000,P1,5,35,1441.333008
LH,47,1060.125000,P1,5,47,1441.333008
RH,71,1060.125000,P1,1,71,1441.333008
RH,83,1060.125000,P1,1,83,1441.333008
LH,34,1060.375000,P1,5,34,1442.000000
LH,46,1060.375000,P1,5,46,1442.000000
RH,70,1060.375000,P1,1,70,1442.000000
RH,82,1060.375000,P1,1,82,1442.000000
LH,33,1060.750000,P1,5,33,1442.666992
LH,45,1060.750000,P1,5,45,1442.666992
RH,69,1060.750000,P1,1,69,1442.666992
RH,81,1060.750000,P1,1,81,1442.666992
LH,32,1061.125000,P1,5,32,1443.333008
LH,44,1061.125000,P1,5,44,1443.333008
LH,31,1061.625000,P1,5,31,1444.000000
LH,43,1061.625000,P1,5,43,1444.000000
RH,67,1061.625000,P1,1,67,1444.000000
RH,79,1061.625000,P1,1,79,1444.000000
LH,55,1064.500000,P1,5,55,1448.000000
RH,62,1064.500000,P1,5,62,1448.000000
RH,67,1064.500000,P1,5,67,1448.000000
RH,82,1064.500000,P1,1,82,1448.000000
RH,86,1064.500000,P1,1,86,1448.000000
RH,91,1064.500000,P1,1,91,1448.000000
RH,94,1064.500000,P1,1,94,1448.000000
LH,55,1069.500000,P1,1,55,1452.000000
