hand,pitch,onset_ql,reference_part,reference_voice,reference_pitch,reference_onset_ql
RH,64,2.000000,P1,1,64,0.000000
RH,64,4.375000,P1,1,64,1.000000
RH,64,6.250000,P1,1,64,1.750000
RH,64,6.875000,P1,1,64,2.000000
RH,65,9.500000,P1,1,65,3.000000
RH,64,12.125000,P1,1,64,4.000000
RH,60,14.625000,P1,1,60,5.000000
RH,64,18.000000,P1,1,64,6.000000
LH,48,24.750000,P1,5,48,8.000000
LH,55,24.750000,P1,1,55,8.000000
RH,60,24.750000,P1,1,60,8.000000
RH,64,24.750000,P1,1,64,8.000000
LH,48,27.000000,P1,5,48,9.000000
LH,55,27.000000,P1,1,55,9.000000
RH,60,27.000000,P1,1,60,9.000000
RH,64,27.000000,P1,1,64,9.000000
LH,48,28.750000,P1,5,48,9.750000
LH,55,28.750000,P1,1,55,9.750000
RH,60,28.750000,P1,1,60,9.750000
RH,64,28.750000,P1,1,64,9.750000
LH,48,29.333333,P1,5,48,10.000000
LH,55,29.333333,P1,1,55,10.000000
RH,60,29.333333,P1,1,60,10.000000
RH,64,29.333333,P1,1,64,10.000000
LH,41,31.875000,P1,5,41,11.000000
LH,57,31.875000,P1,1,57,11.000000
RH,60,31.875000,P1,1,60,11.000000
RH,65,31.875000,P1,1,65,11.000000
LH,36,34.250000,P1,5,36,12.000000
RH,64,34.250000,P1,1,64,12.000000
LH,55,34.333333,P1,1,55,12.000000
RH,60,34.333333,P1,1,60,12.000000
LH,41,36.750000,P1,5,41,13.000000
LH,57,36.750000,P1,1,57,13.000000
RH,60,36.750000,P1,1,60,13.000000
LH,36,39.666667,P1,5,36,14.000000
LH,55,39.666667,P1,2,55,14.000000
RH,60,39.666667,P1,2,60,14.000000
RH,64,39.666667,P1,1,64,14.000000
LH,35,44.750000,P1,5,35,15.000000
LH,56,44.750000,P1,2,56,15.000000
RH,62,44.750000,P1,2,62,15.000000
LH,33,50.250000,P1,5,33,16.000000
RH,101,50.250000,P1,1,101,16.000000
RH,96,50.500000,P1,1,96,16.166667
RH,100,50.666667,P1,1,100,16.333333
RH,93,50.875000,P1,1,93,16.500000
RH,99,51.000000,P1,1,99,16.666667
RH,96,51.125000,P1,1,96,16.833333
LH,57,51.250000,P1,5,57,17.000000
RH,60,51.250000,P1,5,60,17.000000
RH,64,51.250000,P1,5,64,17.000000
RH,98,51.250000,P1,1,98,17.000000
RH,93,51.375000,P1,1,93,17.166667
RH,97,51.500000,P1,1,97,17.333333
RH,93,51.666667,P1,1,93,17.500000
LH,57,51.875000,P1,5,57,17.750000
RH,60,51.875000,P1,5,60,17.750000
RH,64,51.875000,P1,5,64,17.750000
RH,96,51.875000,P1,1,96,17.666667
RH,88,52.000000,P1,1,88,17.833333
LH,57,52.125000,P1,5,57,18.000000
RH,60,52.125000,P1,5,60,18.000000
RH,64,52.125000,P1,5,64,18.000000
RH,95,52.125000,P1,1,95,18.000000
RH,88,52.250000,P1,1,88,18.166667
RH,94,52.375000,P1,1,94,18.333333
RH,84,52.500000,P1,1,84,18.500000
RH,93,52.750000,P1,1,93,18.666667
RH,88,52.875000,P1,1,88,18.833333
LH,57,53.000000,P1,5,57,19.000000
RH,60,53.000000,P1,5,60,19.000000
RH,65,53.000000,P1,5,65,19.000000
RH,92,53.000000,P1,1,92,19.000000
RH,84,53.125000,P1,1,84,19.166667
RH,91,53.333333,P1,1,91,19.333333
RH,84,53.500000,P1,1,84,19.500000
RH,90,53.625000,P1,1,90,19.666667
RH,81,53.750000,P1,1,81,19.833333
LH,57,54.000000,P1,5,57,20.000000
RH,60,54.000000,P1,5,60,20.000000
RH,64,54.000000,P1,5,64,20.000000
RH,89,54.000000,P1,1,89,20.000000
RH,84,54.125000,P1,1,84,20.166667
RH,88,54.250000,P1,1,88,20.333333
RH,81,54.375000,P1,1,81,20.500000
RH,87,54.500000,P1,1,87,20.666667
RH,84,54.666667,P1,1,84,20.833333
LH,52,54.750000,P1,5,52,21.000000
LH,57,54.750000,P1,5,57,21.000000
RH,60,54.750000,P1,5,60,21.000000
RH,86,54.750000,P1,1,86,21.000000
RH,81,55.000000,P1,1,81,21.166667
RH,85,55.000000,P1,1,85,21.333333
RH,81,55.250000,P1,1,81,21.500000
RH,84,55.375000,P1,1,84,21.666667
RH,76,55.500000,P1,1,76,21.833333
LH,57,55.750000,P1,5,57,22.000000
RH,60,55.750000,P1,5,60,22.000000
RH,64,55.750000,P1,5,64,22.000000
RH,83,55.750000,P1,1,83,22.000000
RH,76,55.875000,P1,1,76,22.166667
RH,82,56.000000,P1,1,82,22.333333
RH,72,56.125000,P1,1,72,22.500000
RH,81,56.333333,P1,1,81,22.666667
RH,76,56.500000,P1,1,76,22.833333
RH,80,56.625000,P1,1,80,23.000000
RH,72,56.750000,P1,1,72,23.166667
RH,79,56.875000,P1,1,79,23.333333
RH,72,57.000000,P1,1,72,23.500000
RH,78,57.125000,P1,1,78,23.666667
RH,69,57.250000,P1,1,69,23.833333
LH,33,57.375000,P1,5,33,24.000000
RH,77,57.500000,P1,1,77,24.000000
RH,72,57.625000,P1,1,72,24.166667
RH,76,57.750000,P1,1,76,24.333333
RH,69,57.875000,P1,1,69,24.500000
RH,75,58.000000,P1,1,75,24.666667
RH,72,58.125000,P1,1,72,24.833333
LH,45,58.250000,P1,5,45,25.000000
LH,52,58.250000,P1,5,52,25.000000
RH,74,58.250000,P1,1,74,25.000000
RH,69,58.375000,P1,1,69,25.166667
RH,73,58.500000,P1,1,73,25.333333
RH,69,58.666667,P1,1,69,25.500000
LH,45,58.875000,P1,5,45,25.750000
LH,52,58.875000,P1,5,52,25.750000
RH,72,58.875000,P1,1,72,25.666667
RH,64,59.000000,P1,1,64,25.833333
LH,45,59.125000,P1,5,45,26.000000
LH,52,59.125000,P1,5,52,26.000000
RH,71,59.125000,P1,1,71,26.000000
RH,64,59.250000,P1,1,64,26.166667
RH,70,59.375000,P1,1,70,26.333333
RH,60,59.500000,P1,1,60,26.500000
RH,69,59.666667,P1,1,69,26.666667
RH,64,59.750000,P1,1,64,26.833333
LH,45,60.000000,P1,5,45,27.000000
LH,53,60.000000,P1,5,53,27.000000
RH,68,60.000000,P1,1,68,27.000000
RH,60,60.125000,P1,1,60,27.166667
RH,67,60.250000,P1,1,67,27.333333
RH,60,60.375000,P1,1,60,27.500000
RH,66,60.500000,P1,1,66,27.666667
LH,57,60.666667,P1,1,57,27.833333
LH,45,60.750000,P1,5,45,28.000000
LH,52,60.750000,P1,5,52,28.000000
RH,65,60.875000,P1,1,65,28.000000
RH,60,61.000000,P1,1,60,28.166667
RH,64,61.125000,P1,1,64,28.333333
LH,57,61.250000,P1,1,57,28.500000
RH,63,61.375000,P1,1,63,28.666667
RH,60,61.500000,P1,1,60,28.833333
RH,62,61.666667,P1,1,62,29.000000
LH,57,61.875000,P1,1,57,29.166667
RH,61,62.000000,P1,1,61,29.333333
LH,57,62.125000,P1,1,57,29.500000
RH,60,62.250000,P1,1,60,29.666667
LH,52,62.375000,P1,1,52,29.833333
LH,59,62.500000,P1,1,59,30.000000
LH,40,62.625000,P1,5,40,30.000000
LH,52,62.750000,P1,1,52,30.166667
LH,58,62.875000,P1,1,58,30.333333
LH,48,63.000000,P1,1,48,30.500000
LH,57,63.125000,P1,1,57,30.666667
LH,52,63.333333,P1,1,52,30.833333
LH,56,63.375000,P1,1,56,31.000000
LH,48,63.625000,P1,1,48,31.166667
LH,57,63.750000,P1,1,57,31.333333
LH,52,64.000000,P1,1,52,31.500000
RH,60,64.000000,P1,1,60,31.666667
LH,53,64.250000,P1,1,53,31.833333
LH,32,64.375000,P1,5,32,32.000000
RH,64,64.375000,P1,1,64,32.000000
LH,59,64.625000,P1,1,59,32.166667
RH,62,64.666667,P1,1,62,32.333333
RH,65,64.875000,P1,1,65,32.500000
RH,76,65.000000,P1,1,76,32.666667
RH,71,65.250000,P1,1,71,32.833333
LH,53,65.333333,P1,5,53,33.000000
RH,62,65.333333,P1,5,62,33.000000
RH,74,65.333333,P1,1,74,33.000000
RH,77,65.500000,P1,1,77,33.166667
RH,88,65.666667,P1,1,88,33.333333
RH,83,65.875000,P1,1,83,33.500000
LH,53,66.000000,P1,5,53,33.750000
RH,62,66.000000,P1,5,62,33.750000
RH,86,66.000000,P1,1,86,33.666667
RH,77,66.125000,P1,1,77,33.833333
LH,53,66.250000,P1,5,53,34.000000
RH,60,66.250000,P1,5,60,34.000000
RH,86,66.250000,P1,1,86,34.000000
RH,81,66.375000,P1,1,81,34.166667
RH,84,66.500000,P1,1,84,34.333333
RH,77,66.666667,P1,1,77,34.500000
RH,74,66.875000,P1,1,74,34.666667
LH,33,67.125000,P1,5,33,35.000000
LH,45,67.125000,P1,5,45,35.000000
RH,69,67.125000,P1,1,69,34.833333
RH,72,67.125000,P1,1,72,35.000000
RH,65,67.333333,P1,1,65,35.166667
RH,62,67.500000,P1,1,62,35.333333
LH,57,67.750000,P1,1,57,35.500000
RH,60,67.750000,P1,1,60,35.666667
LH,53,67.875000,P1,1,53,35.833333
LH,32,68.000000,P1,5,32,36.000000
LH,44,68.000000,P1,5,44,36.000000
RH,64,68.125000,P1,1,64,36.000000
LH,59,68.250000,P1,1,59,36.166667
RH,62,68.333333,P1,1,62,36.333333
RH,76,68.666667,P1,1,76,36.666667
RH,71,68.875000,P1,1,71,36.833333
LH,55,69.000000,P1,5,55,37.000000
RH,62,69.000000,P1,5,62,37.000000
RH,74,69.000000,P1,1,74,37.000000
RH,77,69.125000,P1,1,77,37.166667
LH,53,69.250000,P1,5,53,37.333333
RH,88,69.333333,P1,1,88,37.333333
LH,52,69.500000,P1,5,52,37.666667
RH,62,69.500000,P1,5,62,37.666667
RH,83,69.500000,P1,1,83,37.500000
RH,86,69.500000,P1,1,86,37.666667
LH,52,69.875000,P1,5,52,38.000000
RH,60,69.875000,P1,5,60,38.000000
RH,86,69.875000,P1,1,86,38.000000
RH,81,70.125000,P1,1,81,38.166667
RH,84,70.125000,P1,1,84,38.333333
RH,74,70.500000,P1,1,74,38.666667
LH,33,70.750000,P1,5,33,39.000000
LH,45,70.750000,P1,5,45,39.000000
RH,69,70.750000,P1,1,69,38.833333
RH,72,70.750000,P1,1,72,39.000000
RH,62,71.125000,P1,1,62,39.333333
LH,57,71.375000,P1,1,57,39.500000
RH,60,71.375000,P1,1,60,39.666667
LH,59,71.625000,P1,1,59,39.833333
LH,35,71.750000,P1,5,35,40.000000
LH,47,71.750000,P1,5,47,40.000000
RH,69,71.750000,P1,1,69,40.000000
RH,64,72.000000,P1,1,64,40.166667
RH,68,72.000000,P1,1,68,40.333333
RH,71,72.250000,P1,1,71,40.500000
RH,81,72.375000,P1,1,81,40.666667
RH,76,72.500000,P1,1,76,40.833333
LH,56,72.625000,P1,6,56,41.000000
LH,59,72.625000,P1,6,59,41.000000
RH,64,72.625000,P1,5,64,41.000000
RH,80,72.625000,P1,1,80,41.000000
RH,83,72.875000,P1,1,83,41.166667
RH,68,73.000000,P1,5,68,41.333333
RH,93,73.000000,P1,1,93,41.333333
RH,88,73.125000,P1,1,88,41.500000
RH,73,73.250000,P1,5,73,41.666667
RH,92,73.250000,P1,1,92,41.666667
RH,83,73.375000,P1,1,83,41.833333
LH,59,73.625000,P1,5,59,42.000000
RH,63,73.625000,P1,5,63,42.000000
RH,69,73.625000,P1,5,69,42.000000
RH,71,73.625000,P1,5,71,42.000000
RH,92,73.625000,P1,1,92,42.000000
RH,87,73.750000,P1,1,87,42.166667
RH,90,73.875000,P1,1,90,42.333333
RH,83,74.000000,P1,1,83,42.500000
RH,80,74.250000,P1,1,80,42.666667
RH,75,74.375000,P1,1,75,42.833333
LH,47,74.500000,P1,5,47,43.000000
LH,59,74.500000,P1,5,59,43.000000
RH,78,74.500000,P1,1,78,43.000000
RH,71,74.625000,P1,1,71,43.166667
RH,68,74.875000,P1,1,68,43.333333
RH,66,75.000000,P1,1,66,43.666667
LH,59,75.125000,P1,1,59,43.833333
LH,40,75.375000,P1,5,40,44.000000
LH,52,75.375000,P1,5,52,44.000000
RH,69,75.375000,P1,1,69,44.000000
RH,64,75.500000,P1,1,64,44.166667
RH,68,75.625000,P1,1,68,44.333333
RH,71,75.875000,P1,1,71,44.500000
RH,81,76.000000,P1,1,81,44.666667
RH,76,76.125000,P1,1,76,44.833333
LH,59,76.250000,P1,5,59,45.000000
RH,68,76.250000,P1,5,68,45.000000
RH,80,76.250000,P1,1,80,45.000000
LH,58,76.500000,P1,5,58,45.333333
RH,67,76.500000,P1,5,67,45.333333
RH,93,76.500000,P1,1,93,45.333333
RH,88,76.666667,P1,1,88,45.500000
RH,92,76.750000,P1,1,92,45.666667
LH,59,76.875000,P1,5,59,45.666667
RH,68,76.875000,P1,5,68,45.666667
RH,83,76.875000,P1,1,83,45.833333
LH,52,77.125000,P1,5,52,46.000000
LH,56,77.125000,P1,5,56,46.000000
RH,64,77.125000,P1,5,64,46.000000
RH,100,77.125000,P1,1,100,46.000000
LH,33,79.250000,P1,5,33,48.000000
RH,101,79.250000,P1,1,101,48.000000
RH,96,79.500000,P1,1,96,48.166667
RH,100,79.666667,P1,1,100,48.333333
RH,93,79.750000,P1,1,93,48.500000
RH,99,79.875000,P1,1,99,48.666667
LH,57,80.125000,P1,5,57,49.000000
RH,60,80.125000,P1,5,60,49.000000
RH,64,80.125000,P1,5,64,49.000000
RH,96,80.125000,P1,1,96,48.833333
RH,98,80.125000,P1,1,98,49.000000
RH,93,80.333333,P1,1,93,49.166667
RH,97,80.375000,P1,1,97,49.333333
RH,93,80.625000,P1,1,93,49.500000
RH,96,80.750000,P1,1,96,49.666667
LH,57,80.875000,P1,5,57,49.750000
RH,60,80.875000,P1,5,60,49.750000
RH,64,80.875000,P1,5,64,49.750000
RH,88,80.875000,P1,1,88,49.833333
LH,57,81.000000,P1,5,57,50.000000
RH,60,81.000000,P1,5,60,50.000000
RH,64,81.000000,P1,5,64,50.000000
RH,95,81.000000,P1,1,95,50.000000
RH,88,81.125000,P1,1,88,50.166667
RH,94,81.333333,P1,1,94,50.333333
RH,84,81.375000,P1,1,84,50.500000
RH,93,81.625000,P1,1,93,50.666667
RH,88,81.750000,P1,1,88,50.833333
LH,57,81.875000,P1,5,57,51.000000
RH,60,81.875000,P1,5,60,51.000000
RH,65,81.875000,P1,5,65,51.000000
RH,92,81.875000,P1,1,92,51.000000
RH,84,82.125000,P1,1,84,51.166667
RH,91,82.250000,P1,1,91,51.333333
RH,84,82.375000,P1,1,84,51.500000
RH,90,82.500000,P1,1,90,51.666667
RH,81,82.625000,P1,1,81,51.833333
LH,57,82.750000,P1,5,57,52.000000
RH,60,82.750000,P1,5,60,52.000000
RH,64,82.750000,P1,5,64,52.000000
RH,89,82.750000,P1,1,89,52.000000
RH,84,83.000000,P1,1,84,52.166667
RH,88,83.125000,P1,1,88,52.333333
RH,81,83.250000,P1,1,81,52.500000
RH,87,83.375000,P1,1,87,52.666667
RH,84,83.500000,P1,1,84,52.833333
LH,52,83.625000,P1,5,52,53.000000
LH,57,83.625000,P1,5,57,53.000000
RH,60,83.625000,P1,5,60,53.000000
RH,86,83.625000,P1,1,86,53.000000
RH,81,83.750000,P1,1,81,53.166667
RH,85,84.000000,P1,1,85,53.333333
RH,81,84.125000,P1,1,81,53.500000
RH,84,84.250000,P1,1,84,53.666667
RH,76,84.375000,P1,1,76,53.833333
LH,57,84.625000,P1,5,57,54.000000
RH,60,84.625000,P1,5,60,54.000000
RH,64,84.625000,P1,5,64,54.000000
RH,83,84.625000,P1,1,83,54.000000
RH,76,84.875000,P1,1,76,54.166667
RH,72,85.000000,P1,1,72,54.500000
RH,82,85.000000,P1,1,82,54.333333
RH,81,85.250000,P1,1,81,54.666667
RH,76,85.375000,P1,1,76,54.833333
RH,80,85.500000,P1,1,80,55.000000
RH,72,85.666667,P1,1,72,55.166667
RH,79,85.875000,P1,1,79,55.333333
RH,72,86.000000,P1,1,72,55.500000
RH,78,86.125000,P1,1,78,55.666667
RH,69,86.250000,P1,1,69,55.833333
LH,24,86.333333,P1,5,24,56.000000
LH,36,86.333333,P1,5,36,56.000000
RH,77,86.375000,P1,1,77,56.000000
RH,70,86.500000,P1,1,70,56.166667
RH,76,86.666667,P1,1,76,56.333333
RH,67,86.875000,P1,1,67,56.500000
RH,75,87.000000,P1,1,75,56.666667
RH,70,87.125000,P1,1,70,56.833333
LH,43,87.250000,P1,5,43,57.000000
LH,52,87.250000,P1,5,52,57.000000
RH,74,87.250000,P1,1,74,57.000000
RH,67,87.375000,P1,1,67,57.166667
RH,73,87.500000,P1,1,73,57.333333
RH,70,87.666667,P1,1,70,57.500000
LH,43,87.875000,P1,5,43,57.750000
LH,52,87.875000,P1,5,52,57.750000
RH,72,87.875000,P1,1,72,57.666667
RH,67,88.000000,P1,1,67,57.833333
LH,43,88.125000,P1,5,43,58.000000
LH,52,88.125000,P1,5,52,58.000000
RH,71,88.125000,P1,1,71,58.000000
RH,67,88.333333,P1,1,67,58.166667
RH,70,88.333333,P1,1,70,58.333333
RH,64,88.500000,P1,1,64,58.500000
RH,69,88.666667,P1,1,69,58.666667
RH,60,88.750000,P1,1,60,58.833333
LH,43,89.000000,P1,5,43,59.000000
LH,53,89.000000,P1,5,53,59.000000
RH,68,89.000000,P1,1,68,59.000000
LH,58,89.125000,P1,1,58,59.166667
RH,67,89.250000,P1,1,67,59.333333
RH,60,89.375000,P1,1,60,59.500000
RH,66,89.500000,P1,1,66,59.666667
LH,58,89.666667,P1,1,58,59.833333
LH,43,89.750000,P1,5,43,60.000000
LH,52,89.750000,P1,5,52,60.000000
RH,65,89.750000,P1,1,65,60.000000
RH,60,90.000000,P1,1,60,60.166667
RH,64,90.125000,P1,1,64,60.333333
LH,58,90.250000,P1,1,58,60.500000
RH,63,90.375000,P1,1,63,60.666667
RH,60,90.500000,P1,1,60,60.833333
LH,36,90.666667,P1,6,36,61.000000
LH,48,90.666667,P1,5,48,61.000000
RH,62,90.666667,P1,1,62,61.000000
LH,55,90.875000,P1,1,55,61.166667
RH,61,91.000000,P1,1,61,61.333333
LH,58,91.125000,P1,1,58,61.500000
RH,60,91.250000,P1,1,60,61.666667
LH,55,91.375000,P1,1,55,61.833333
LH,59,91.500000,P1,1,59,62.000000
LH,43,91.625000,P1,5,43,62.000000
LH,52,91.625000,P1,5,52,62.000000
LH,55,91.750000,P1,1,55,62.166667
RH,60,91.875000,P1,1,60,62.333333
LH,58,92.000000,P1,1,58,62.500000
RH,61,92.125000,P1,1,61,62.666667
LH,55,92.333333,P1,1,55,62.833333
LH,58,92.625000,P1,1,58,63.166667
RH,63,92.750000,P1,1,63,63.333333
LH,55,92.875000,P1,1,55,63.500000
RH,64,93.000000,P1,1,64,63.666667
LH,58,93.125000,P1,1,58,63.833333
LH,36,93.333333,P1,5,36,64.000000
RH,69,93.333333,P1,1,69,64.000000
RH,64,93.500000,P1,1,64,64.166667
RH,67,93.625000,P1,1,67,64.333333
RH,70,93.875000,P1,1,70,64.500000
RH,81,94.000000,P1,1,81,64.666667
LH,55,94.125000,P1,5,55,65.000000
RH,64,94.125000,P1,5,64,65.000000
RH,76,94.125000,P1,1,76,64.833333
LH,58,94.250000,P1,5,58,65.000000
RH,79,94.250000,P1,1,79,65.000000
LH,47,94.500000,P1,5,47,65.333333
RH,82,94.500000,P1,1,82,65.166667
RH,93,94.625000,P1,1,93,65.333333
LH,48,94.666667,P1,5,48,65.666667
RH,88,94.666667,P1,1,88,65.500000
RH,91,94.875000,P1,1,91,65.666667
LH,49,95.000000,P1,5,49,66.000000
RH,82,95.000000,P1,1,82,65.833333
RH,93,95.125000,P1,1,93,66.000000
RH,87,95.333333,P1,1,87,66.166667
RH,91,95.375000,P1,1,91,66.333333
RH,82,95.500000,P1,1,82,66.500000
RH,81,95.750000,P1,1,81,66.666667
RH,75,95.875000,P1,1,75,66.833333
LH,37,96.000000,P1,5,37,67.000000
LH,49,96.000000,P1,5,49,67.000000
RH,79,96.000000,P1,1,79,67.000000
RH,70,96.125000,P1,1,70,67.166667
RH,69,96.375000,P1,1,69,67.333333
RH,63,96.500000,P1,1,63,67.500000
RH,67,96.666667,P1,1,67,67.666667
LH,38,96.875000,P1,5,38,68.000000
LH,50,96.875000,P1,5,50,68.000000
LH,58,96.875000,P1,1,58,67.833333
RH,69,96.875000,P1,1,69,68.000000
RH,67,97.250000,P1,1,67,68.333333
RH,70,97.375000,P1,1,70,68.500000
RH,81,97.500000,P1,1,81,68.666667
LH,58,97.750000,P1,5,58,69.000000
RH,67,97.750000,P1,5,67,69.000000
RH,62,97.875000,P1,5,62,69.000000
RH,79,97.875000,P1,1,79,69.000000
LH,49,98.000000,P1,5,49,69.333333
RH,82,98.000000,P1,1,82,69.166667
LH,50,98.250000,P1,5,50,69.666667
RH,93,98.250000,P1,1,93,69.333333
LH,51,98.500000,P1,5,51,70.000000
RH,91,98.500000,P1,1,91,69.666667
RH,82,98.625000,P1,1,82,69.833333
RH,93,98.750000,P1,1,93,70.000000
RH,91,99.000000,P1,1,91,70.333333
RH,82,99.125000,P1,1,82,70.500000
RH,81,99.375000,P1,1,81,70.666667
LH,39,99.666667,P1,5,39,71.000000
LH,51,99.666667,P1,5,51,71.000000
RH,79,99.666667,P1,1,79,71.000000
RH,70,99.875000,P1,1,70,71.166667
RH,69,100.125000,P1,1,69,71.333333
RH,67,100.333333,P1,1,67,71.666667
LH,58,100.500000,P1,1,58,71.833333
LH,40,100.625000,P1,5,40,72.000000
LH,52,100.625000,P1,5,52,72.000000
RH,69,100.625000,P1,1,69,72.000000
RH,60,100.750000,P1,1,60,72.166667
RH,67,100.875000,P1,1,67,72.333333
LH,58,101.125000,P1,1,58,72.500000
RH,72,101.250000,P1,1,72,72.666667
RH,69,101.375000,P1,1,69,72.833333
RH,60,101.500000,P1,5,60,73.000000
RH,70,101.500000,P1,1,70,73.000000
RH,67,101.750000,P1,1,67,73.166667
RH,81,101.875000,P1,1,81,73.333333
RH,72,102.000000,P1,1,72,73.500000
RH,60,102.250000,P1,5,60,73.750000
RH,79,102.250000,P1,1,79,73.666667
RH,70,102.333333,P1,1,70,73.833333
RH,60,102.500000,P1,5,60,74.000000
RH,84,102.500000,P1,1,84,74.000000
RH,81,102.625000,P1,1,81,74.166667
RH,82,102.750000,P1,1,82,74.333333
RH,79,102.875000,P1,1,79,74.500000
RH,93,103.125000,P1,1,93,74.666667
RH,84,103.250000,P1,1,84,74.833333
LH,36,103.375000,P1,5,36,75.000000
LH,48,103.375000,P1,5,48,75.000000
RH,91,103.375000,P1,1,91,75.000000
RH,82,103.500000,P1,1,82,75.166667
RH,96,103.750000,P1,1,96,75.333333
RH,93,103.875000,P1,1,93,75.500000
RH,94,104.000000,P1,1,94,75.666667
RH,91,104.250000,P1,1,91,75.833333
LH,41,104.333333,P1,5,41,76.000000
LH,53,104.333333,P1,5,53,76.000000
RH,98,104.333333,P1,1,98,76.000000
RH,93,104.500000,P1,1,93,76.166667
RH,96,104.625000,P1,1,96,76.333333
RH,89,104.750000,P1,1,89,76.500000
RH,92,105.000000,P1,1,92,76.666667
RH,89,105.125000,P1,1,89,76.833333
RH,69,105.250000,P1,5,69,77.000000
RH,93,105.250000,P1,1,93,77.000000
RH,84,105.375000,P1,1,84,77.166667
RH,88,105.625000,P1,1,88,77.333333
RH,84,105.750000,P1,1,84,77.500000
LH,57,105.875000,P1,5,57,77.750000
RH,89,106.000000,P1,1,89,77.666667
LH,53,106.125000,P1,5,53,78.000000
RH,62,106.125000,P1,6,62,78.000000
RH,81,106.125000,P1,1,81,77.833333
RH,81,106.500000,P1,1,81,78.166667
RH,77,106.750000,P1,1,77,78.500000
RH,64,106.875000,P1,6,64,78.750000
RH,80,106.875000,P1,1,80,78.666667
RH,77,107.000000,P1,1,77,78.833333
RH,65,107.125000,P1,6,65,79.000000
RH,81,107.250000,P1,1,81,79.000000
RH,76,107.500000,P1,1,76,79.333333
RH,77,107.875000,P1,1,77,79.666667
RH,69,108.000000,P1,1,69,79.833333
LH,31,108.125000,P1,5,31,80.000000
LH,43,108.125000,P1,5,43,80.000000
RH,76,108.125000,P1,1,76,80.000000
RH,71,108.375000,P1,1,71,80.166667
RH,74,108.375000,P1,1,74,80.333333
RH,77,108.625000,P1,1,77,80.500000
RH,88,108.750000,P1,1,88,80.666667
LH,55,108.875000,P1,6,55,81.000000
RH,83,108.875000,P1,1,83,80.833333
LH,59,109.000000,P1,5,59,81.000000
RH,86,109.000000,P1,1,86,81.000000
RH,65,109.250000,P1,5,65,81.333333
RH,89,109.250000,P1,1,89,81.166667
RH,100,109.375000,P1,1,100,81.333333
RH,69,109.500000,P1,5,69,81.666667
RH,95,109.500000,P1,1,95,81.500000
RH,98,109.625000,P1,1,98,81.666667
RH,89,109.750000,P1,1,89,81.833333
RH,67,109.875000,P1,5,67,82.000000
RH,93,109.875000,P1,1,93,82.000000
RH,89,110.125000,P1,1,89,82.166667
RH,91,110.125000,P1,1,91,82.333333
RH,83,110.333333,P1,1,83,82.500000
RH,81,110.500000,P1,1,81,82.666667
RH,77,110.666667,P1,1,77,82.833333
LH,55,110.750000,P1,5,55,83.000000
LH,59,110.750000,P1,5,59,83.000000
RH,65,110.750000,P1,5,65,83.000000
RH,79,110.750000,P1,1,79,83.000000
RH,71,110.875000,P1,1,71,83.166667
RH,88,111.125000,P1,1,88,83.333333
RH,79,111.250000,P1,1,79,83.500000
RH,77,111.500000,P1,1,77,83.833333
RH,86,111.500000,P1,1,86,83.666667
LH,36,111.750000,P1,5,36,84.000000
LH,48,111.750000,P1,5,48,84.000000
RH,83,111.750000,P1,1,83,84.000000
RH,79,111.875000,P1,1,79,84.166667
RH,84,112.000000,P1,1,84,84.333333
RH,76,112.250000,P1,1,76,84.500000
RH,87,112.375000,P1,1,87,84.666667
LH,48,112.500000,P1,5,48,85.000000
RH,84,112.625000,P1,1,84,84.833333
RH,88,112.750000,P1,1,88,85.000000
RH,79,112.875000,P1,1,79,85.166667
RH,90,113.125000,P1,1,90,85.333333
RH,88,113.250000,P1,1,88,85.500000
RH,91,113.375000,P1,1,91,85.666667
RH,84,113.500000,P1,1,84,85.833333
RH,94,113.666667,P1,1,94,86.000000
RH,91,113.750000,P1,1,91,86.166667
RH,95,114.000000,P1,1,95,86.333333
RH,88,114.125000,P1,1,88,86.500000
RH,96,114.250000,P1,1,96,86.666667
RH,91,114.375000,P1,1,91,86.833333
RH,97,114.625000,P1,1,97,87.000000
RH,88,114.666667,P1,1,88,87.166667
RH,98,114.875000,P1,1,98,87.333333
RH,91,115.000000,P1,1,91,87.500000
RH,99,115.125000,P1,1,99,87.666667
RH,88,115.333333,P1,1,88,87.833333
LH,28,115.500000,P1,5,28,88.000000
LH,40,115.500000,P1,5,40,88.000000
RH,100,115.500000,P1,1,100,88.000000
RH,95,115.750000,P1,1,95,88.166667
RH,99,115.875000,P1,1,99,88.333333
RH,91,116.000000,P1,1,91,88.500000
RH,98,116.250000,P1,1,98,88.666667
RH,95,116.375000,P1,1,95,88.833333
LH,52,116.500000,P1,5,52,89.000000
LH,55,116.500000,P1,5,55,89.000000
LH,59,116.500000,P1,5,59,89.000000
RH,97,116.500000,P1,1,97,89.000000
RH,91,116.625000,P1,1,91,89.166667
RH,96,116.750000,P1,1,96,89.333333
RH,91,117.000000,P1,1,91,89.500000
LH,52,117.125000,P1,5,52,89.750000
LH,55,117.125000,P1,5,55,89.750000
LH,59,117.125000,P1,5,59,89.750000
RH,95,117.125000,P1,1,95,89.666667
RH,88,117.250000,P1,1,88,89.833333
LH,52,117.375000,P1,5,52,90.000000
LH,55,117.375000,P1,5,55,90.000000
LH,59,117.375000,P1,5,59,90.000000
RH,94,117.375000,P1,1,94,90.000000
RH,91,117.625000,P1,1,91,90.166667
RH,93,117.750000,P1,1,93,90.333333
RH,88,117.875000,P1,1,88,90.500000
RH,92,118.000000,P1,1,92,90.666667
LH,52,118.250000,P1,5,52,91.000000
LH,55,118.250000,P1,5,55,91.000000
RH,60,118.250000,P1,5,60,91.000000
RH,88,118.250000,P1,1,88,90.833333
RH,91,118.333333,P1,1,91,91.000000
RH,90,118.625000,P1,1,90,91.333333
RH,89,118.875000,P1,1,89,91.666667
RH,79,119.000000,P1,1,79,91.833333
LH,52,119.125000,P1,5,52,92.000000
LH,55,119.125000,P1,5,55,92.000000
LH,59,119.125000,P1,5,59,92.000000
RH,88,119.125000,P1,1,88,92.000000
RH,83,119.333333,P1,1,83,92.166667
RH,87,119.500000,P1,1,87,92.333333
RH,79,119.625000,P1,1,79,92.500000
RH,86,119.750000,P1,1,86,92.666667
RH,83,119.875000,P1,1,83,92.833333
LH,47,120.000000,P1,5,47,93.000000
LH,52,120.000000,P1,5,52,93.000000
LH,55,120.000000,P1,5,55,93.000000
RH,85,120.000000,P1,1,85,93.000000
RH,79,120.250000,P1,1,79,93.166667
RH,84,120.375000,P1,1,84,93.333333
RH,79,120.625000,P1,1,79,93.500000
RH,83,120.666667,P1,1,83,93.666667
RH,76,120.875000,P1,1,76,93.833333
LH,52,121.000000,P1,5,52,94.000000
LH,55,121.000000,P1,5,55,94.000000
LH,59,121.000000,P1,5,59,94.000000
RH,82,121.000000,P1,1,82,94.000000
RH,79,121.250000,P1,1,79,94.166667
RH,81,121.333333,P1,1,81,94.333333
RH,76,121.500000,P1,1,76,94.500000
RH,80,121.625000,P1,1,80,94.666667
RH,76,121.750000,P1,1,76,94.833333
RH,79,121.875000,P1,1,79,95.000000
RH,78,122.250000,P1,1,78,95.333333
RH,77,122.500000,P1,1,77,95.666667
RH,67,122.625000,P1,1,67,95.833333
LH,28,122.750000,P1,5,28,96.000000
RH,76,122.750000,P1,1,76,96.000000
RH,71,122.875000,P1,1,71,96.166667
RH,75,123.125000,P1,1,75,96.333333
RH,67,123.250000,P1,1,67,96.500000
RH,74,123.333333,P1,1,74,96.666667
RH,71,123.500000,P1,1,71,96.833333
LH,40,123.625000,P1,5,40,97.000000
LH,47,123.625000,P1,5,47,97.000000
RH,73,123.625000,P1,1,73,97.000000
RH,67,123.750000,P1,1,67,97.166667
RH,72,124.000000,P1,1,72,97.333333
RH,67,124.125000,P1,1,67,97.500000
LH,40,124.250000,P1,5,40,97.750000
LH,47,124.250000,P1,5,47,97.750000
RH,71,124.250000,P1,1,71,97.666667
RH,64,124.375000,P1,1,64,97.833333
LH,40,124.500000,P1,5,40,98.000000
LH,47,124.500000,P1,5,47,98.000000
RH,70,124.500000,P1,1,70,98.000000
RH,67,124.750000,P1,1,67,98.166667
RH,69,124.875000,P1,1,69,98.333333
RH,64,125.000000,P1,1,64,98.500000
RH,68,125.125000,P1,1,68,98.666667
LH,40,125.375000,P1,5,40,99.000000
LH,48,125.375000,P1,5,48,99.000000
RH,67,125.375000,P1,1,67,99.000000
RH,66,125.666667,P1,1,66,99.333333
RH,65,126.000000,P1,1,65,99.666667
LH,55,126.125000,P1,1,55,99.833333
LH,40,126.250000,P1,5,40,100.000000
LH,47,126.250000,P1,5,47,100.000000
RH,64,126.333333,P1,1,64,100.000000
LH,59,126.500000,P1,1,59,100.166667
RH,63,126.625000,P1,1,63,100.333333
LH,55,126.750000,P1,1,55,100.500000
RH,62,126.875000,P1,1,62,100.666667
LH,59,127.000000,P1,1,59,100.833333
RH,61,127.125000,P1,1,61,101.000000
LH,55,127.375000,P1,1,55,101.166667
RH,60,127.500000,P1,1,60,101.333333
LH,55,127.625000,P1,1,55,101.500000
LH,59,127.750000,P1,1,59,101.666667
LH,52,128.000000,P1,1,52,101.833333
LH,35,128.125000,P1,5,35,102.000000
LH,58,128.125000,P1,1,58,102.000000
LH,55,128.250000,P1,1,55,102.166667
LH,57,128.375000,P1,1,57,102.333333
LH,47,128.625000,P1,1,47,102.500000
LH,56,128.750000,P1,1,56,102.666667
LH,52,128.875000,P1,1,52,102.833333
LH,55,129.000000,P1,1,55,103.000000
LH,47,129.125000,P1,1,47,103.166667
LH,54,129.333333,P1,1,54,103.333333
LH,52,129.500000,P1,1,52,103.500000
LH,55,129.625000,P1,1,55,103.666667
LH,48,129.750000,P1,1,48,103.833333
LH,27,129.875000,P1,5,27,104.000000
LH,59,129.875000,P1,1,59,104.000000
LH,54,130.125000,P1,1,54,104.166667
LH,57,130.250000,P1,1,57,104.333333
RH,60,130.500000,P1,1,60,104.500000
RH,71,130.625000,P1,1,71,104.666667
RH,66,130.750000,P1,1,66,104.833333
LH,51,130.875000,P1,5,51,105.000000
RH,60,130.875000,P1,5,60,105.000000
RH,69,130.875000,P1,1,69,105.000000
RH,72,131.125000,P1,1,72,105.166667
RH,83,131.250000,P1,1,83,105.333333
RH,78,131.375000,P1,1,78,105.500000
LH,51,131.500000,P1,5,51,105.750000
RH,60,131.500000,P1,5,60,105.750000
RH,81,131.500000,P1,1,81,105.666667
RH,72,131.666667,P1,1,72,105.833333
LH,52,131.750000,P1,5,52,106.000000
RH,60,131.750000,P1,5,60,106.000000
RH,81,131.750000,P1,1,81,106.000000
RH,76,132.000000,P1,1,76,106.166667
RH,79,132.125000,P1,1,79,106.333333
RH,72,132.250000,P1,1,72,106.500000
RH,69,132.500000,P1,1,69,106.666667
RH,64,132.666667,P1,1,64,106.833333
LH,28,132.750000,P1,5,28,107.000000
LH,40,132.750000,P1,5,40,107.000000
RH,67,132.750000,P1,1,67,107.000000
RH,60,132.875000,P1,1,60,107.166667
LH,57,133.125000,P1,1,57,107.333333
LH,52,133.333333,P1,1,52,107.500000
LH,55,133.333333,P1,1,55,107.666667
LH,48,133.500000,P1,1,48,107.833333
LH,27,133.666667,P1,5,27,108.000000
LH,39,133.666667,P1,5,39,108.000000
LH,59,133.666667,P1,1,59,108.000000
LH,54,133.750000,P1,1,54,108.166667
LH,57,134.000000,P1,1,57,108.333333
RH,71,134.333333,P1,1,71,108.666667
RH,66,134.500000,P1,1,66,108.833333
LH,51,134.625000,P1,5,51,109.000000
RH,62,134.625000,P1,5,62,109.000000
RH,69,134.625000,P1,1,69,109.000000
LH,51,134.875000,P1,5,51,109.333333
RH,60,134.875000,P1,5,60,109.333333
RH,83,134.875000,P1,1,83,109.333333
RH,78,135.125000,P1,1,78,109.500000
RH,81,135.250000,P1,1,81,109.666667
LH,51,135.375000,P1,5,51,109.833333
LH,59,135.375000,P1,5,59,109.833333
RH,72,135.375000,P1,1,72,109.833333
LH,52,135.500000,P1,5,52,110.000000
LH,59,135.500000,P1,5,59,110.000000
RH,81,135.500000,P1,1,81,110.000000
RH,76,135.666667,P1,1,76,110.166667
RH,79,135.875000,P1,1,79,110.333333
RH,69,136.250000,P1,1,69,110.666667
RH,64,136.375000,P1,1,64,110.833333
LH,28,136.500000,P1,5,28,111.000000
LH,40,136.500000,P1,5,40,111.000000
RH,67,136.500000,P1,1,67,111.000000
LH,57,136.875000,P1,1,57,111.333333
LH,52,137.000000,P1,1,52,111.500000
LH,55,137.125000,P1,1,55,111.666667
LH,54,137.333333,P1,1,54,111.833333
LH,30,137.500000,P1,5,30,112.000000
LH,42,137.500000,P1,5,42,112.000000
RH,64,137.500000,P1,1,64,112.000000
LH,59,137.625000,P1,1,59,112.166667
RH,63,137.750000,P1,1,63,112.333333
RH,66,138.000000,P1,1,66,112.500000
RH,76,138.125000,P1,1,76,112.666667
RH,71,138.333333,P1,1,71,112.833333
LH,54,138.375000,P1,6,54,113.000000
LH,59,138.375000,P1,5,59,113.000000
RH,75,138.375000,P1,1,75,113.000000
RH,78,138.625000,P1,1,78,113.166667
RH,63,138.666667,P1,5,63,113.333333
RH,88,138.750000,P1,1,88,113.333333
RH,83,138.875000,P1,1,83,113.500000
RH,68,139.000000,P1,5,68,113.666667
RH,87,139.000000,P1,1,87,113.666667
RH,78,139.125000,P1,1,78,113.833333
LH,54,139.250000,P1,5,54,114.000000
LH,58,139.250000,P1,5,58,114.000000
RH,64,139.250000,P1,5,64,114.000000
RH,66,139.250000,P1,5,66,114.000000
RH,87,139.333333,P1,1,87,114.000000
RH,82,139.500000,P1,1,82,114.166667
RH,85,139.625000,P1,1,85,114.333333
RH,78,139.750000,P1,1,78,114.500000
RH,75,140.000000,P1,1,75,114.666667
RH,70,140.125000,P1,1,70,114.833333
LH,30,140.250000,P1,5,30,115.000000
LH,42,140.250000,P1,5,42,115.000000
RH,73,140.250000,P1,1,73,115.000000
RH,66,140.375000,P1,1,66,115.166667
RH,63,140.625000,P1,1,63,115.333333
LH,58,140.750000,P1,1,58,115.500000
RH,61,140.750000,P1,1,61,115.666667
LH,54,141.000000,P1,1,54,115.833333
LH,35,141.125000,P1,5,35,116.000000
LH,47,141.125000,P1,5,47,116.000000
RH,64,141.125000,P1,1,64,116.000000
LH,59,141.333333,P1,1,59,116.166667
RH,63,141.375000,P1,1,63,116.333333
RH,66,141.625000,P1,1,66,116.500000
RH,76,141.750000,P1,1,76,116.666667
RH,71,141.875000,P1,1,71,116.833333
LH,54,142.000000,P1,5,54,117.000000
RH,63,142.000000,P1,5,63,117.000000
RH,75,142.000000,P1,1,75,117.000000
RH,78,142.250000,P1,1,78,117.166667
LH,53,142.333333,P1,5,53,117.333333
RH,62,142.333333,P1,5,62,117.333333
RH,88,142.375000,P1,1,88,117.333333
RH,83,142.500000,P1,1,83,117.500000
LH,54,142.625000,P1,5,54,117.666667
RH,63,142.625000,P1,5,63,117.666667
RH,87,142.625000,P1,1,87,117.666667
RH,78,142.750000,P1,1,78,117.833333
LH,47,143.000000,P1,5,47,118.000000
LH,51,143.000000,P1,5,51,118.000000
LH,59,143.000000,P1,5,59,118.000000
RH,95,143.000000,P1,1,95,118.000000
LH,40,145.000000,P1,5,40,120.000000
RH,96,145.000000,P1,1,96,120.000000
RH,91,145.250000,P1,1,91,120.166667
RH,95,145.500000,P1,1,95,120.333333
RH,94,145.750000,P1,1,94,120.666667
LH,52,145.875000,P1,5,52,121.000000
LH,55,145.875000,P1,5,55,121.000000
LH,59,145.875000,P1,5,59,121.000000
RH,91,145.875000,P1,1,91,120.833333
RH,93,146.000000,P1,1,93,121.000000
RH,88,146.125000,P1,1,88,121.166667
RH,92,146.250000,P1,1,92,121.333333
RH,88,146.375000,P1,1,88,121.500000
LH,52,146.500000,P1,5,52,121.750000
LH,55,146.500000,P1,5,55,121.750000
LH,59,146.500000,P1,5,59,121.750000
RH,91,146.500000,P1,1,91,121.666667
RH,83,146.666667,P1,1,83,121.833333
LH,52,146.750000,P1,5,52,122.000000
LH,55,146.750000,P1,5,55,122.000000
LH,59,146.750000,P1,5,59,122.000000
RH,90,146.750000,P1,1,90,122.000000
RH,83,147.000000,P1,1,83,122.166667
RH,89,147.125000,P1,1,89,122.333333
RH,79,147.250000,P1,1,79,122.500000
RH,88,147.375000,P1,1,88,122.666667
RH,83,147.500000,P1,1,83,122.833333
LH,52,147.666667,P1,5,52,123.000000
LH,55,147.666667,P1,5,55,123.000000
RH,60,147.666667,P1,5,60,123.000000
RH,87,147.666667,P1,1,87,123.000000
RH,79,147.750000,P1,1,79,123.166667
RH,86,148.000000,P1,1,86,123.333333
RH,85,148.250000,P1,1,85,123.666667
LH,52,148.500000,P1,5,52,124.000000
LH,55,148.500000,P1,5,55,124.000000
LH,59,148.500000,P1,5,59,124.000000
RH,84,148.500000,P1,1,84,124.000000
RH,79,148.750000,P1,1,79,124.166667
RH,83,148.875000,P1,1,83,124.333333
RH,76,149.000000,P1,1,76,124.500000
RH,82,149.125000,P1,1,82,124.666667
RH,79,149.333333,P1,1,79,124.833333
LH,47,149.375000,P1,5,47,125.000000
LH,52,149.375000,P1,5,52,125.000000
LH,55,149.375000,P1,5,55,125.000000
RH,81,149.375000,P1,1,81,125.000000
RH,76,149.625000,P1,1,76,125.166667
RH,80,149.666667,P1,1,80,125.333333
RH,76,149.875000,P1,1,76,125.500000
RH,79,150.000000,P1,1,79,125.666667
RH,71,150.250000,P1,1,71,125.833333
LH,52,150.375000,P1,5,52,126.000000
LH,55,150.375000,P1,5,55,126.000000
LH,59,150.375000,P1,5,59,126.000000
RH,78,150.375000,P1,1,78,126.000000
RH,71,150.625000,P1,1,71,126.166667
RH,77,150.666667,P1,1,77,126.333333
RH,67,150.875000,P1,1,67,126.500000
RH,76,151.000000,P1,1,76,126.666667
RH,71,151.125000,P1,1,71,126.833333
RH,75,151.250000,P1,1,75,127.000000
RH,67,151.375000,P1,1,67,127.166667
RH,74,151.500000,P1,1,74,127.333333
RH,73,151.875000,P1,1,73,127.666667
LH,31,152.125000,P1,5,31,128.000000
RH,72,152.125000,P1,1,72,128.000000
RH,67,152.375000,P1,1,67,128.166667
RH,71,152.375000,P1,1,71,128.333333
RH,70,152.750000,P1,1,70,128.666667
RH,67,152.875000,P1,1,67,128.833333
LH,38,153.000000,P1,6,38,129.000000
LH,47,153.000000,P1,5,47,129.000000
RH,69,153.000000,P1,1,69,129.000000
RH,68,153.250000,P1,1,68,129.333333
LH,47,153.625000,P1,5,47,129.750000
LH,59,153.625000,P1,1,59,129.833333
RH,67,153.625000,P1,1,67,129.666667
LH,47,153.875000,P1,5,47,130.000000
RH,66,153.875000,P1,1,66,130.000000
RH,65,154.125000,P1,1,65,130.333333
LH,55,154.250000,P1,1,55,130.500000
RH,64,154.375000,P1,1,64,130.666667
LH,59,154.625000,P1,1,59,130.833333
LH,48,154.750000,P1,5,48,131.000000
RH,63,154.750000,P1,1,63,131.000000
LH,54,154.875000,P1,1,54,131.166667
RH,62,155.125000,P1,1,62,131.333333
LH,55,155.250000,P1,1,55,131.500000
RH,61,155.375000,P1,1,61,131.666667
LH,53,155.500000,P1,1,53,131.833333
LH,47,155.625000,P1,5,47,132.000000
RH,60,155.666667,P1,1,60,132.000000
LH,55,155.875000,P1,1,55,132.166667
LH,59,155.875000,P1,1,59,132.333333
LH,58,156.250000,P1,1,58,132.666667
LH,55,156.375000,P1,1,55,132.833333
LH,57,156.500000,P1,1,57,133.000000
LH,56,156.875000,P1,1,56,133.333333
LH,55,157.125000,P1,1,55,133.666667
LH,47,157.250000,P1,1,47,133.833333
LH,38,157.375000,P1,5,38,134.000000
LH,54,157.375000,P1,1,54,134.000000
LH,53,157.625000,P1,1,53,134.166667
LH,55,157.666667,P1,1,55,134.333333
LH,47,157.750000,P1,1,47,134.500000
LH,56,158.000000,P1,1,56,134.666667
LH,53,158.125000,P1,1,53,134.833333
LH,57,158.333333,P1,1,57,135.000000
LH,50,158.375000,P1,1,50,135.166667
LH,58,158.625000,P1,1,58,135.333333
LH,55,158.750000,P1,1,55,135.500000
LH,59,158.875000,P1,1,59,135.666667
LH,53,159.000000,P1,1,53,135.833333
LH,31,159.250000,P1,5,31,136.000000
RH,64,159.250000,P1,1,64,136.000000
LH,59,159.375000,P1,1,59,136.166667
RH,62,159.500000,P1,1,62,136.333333
RH,65,159.750000,P1,1,65,136.500000
RH,76,159.875000,P1,1,76,136.666667
RH,71,160.000000,P1,1,71,136.833333
LH,50,160.125000,P1,5,50,137.000000
LH,59,160.125000,P1,5,59,137.000000
RH,74,160.125000,P1,1,74,137.000000
LH,42,160.375000,P1,5,42,137.333333
RH,77,160.375000,P1,1,77,137.166667
RH,88,160.500000,P1,1,88,137.333333
LH,43,160.625000,P1,5,43,137.666667
RH,83,160.625000,P1,1,83,137.500000
RH,86,160.750000,P1,1,86,137.666667
RH,77,160.875000,P1,1,77,137.833333
LH,44,161.000000,P1,5,44,138.000000
RH,88,161.000000,P1,1,88,138.000000
RH,82,161.250000,P1,1,82,138.166667
RH,86,161.333333,P1,1,86,138.333333
RH,77,161.500000,P1,1,77,138.500000
RH,76,161.666667,P1,1,76,138.666667
LH,32,161.875000,P1,5,32,139.000000
RH,70,161.875000,P1,1,70,138.833333
RH,65,162.000000,P1,1,65,139.166667
RH,74,162.000000,P1,1,74,139.000000
RH,64,162.333333,P1,1,64,139.333333
LH,58,162.500000,P1,1,58,139.500000
RH,62,162.500000,P1,1,62,139.666667
LH,53,162.666667,P1,1,53,139.833333
LH,33,162.750000,P1,5,33,140.000000
RH,64,162.750000,P1,1,64,140.000000
LH,57,163.000000,P1,1,57,140.166667
RH,62,163.000000,P1,1,62,140.333333
RH,65,163.250000,P1,1,65,140.500000
RH,76,163.375000,P1,1,76,140.666667
RH,69,163.500000,P1,1,69,140.833333
LH,53,163.625000,P1,5,53,141.000000
RH,62,163.625000,P1,5,62,141.000000
RH,74,163.625000,P1,1,74,141.000000
LH,44,163.875000,P1,5,44,141.333333
RH,77,163.875000,P1,1,77,141.166667
RH,88,164.000000,P1,1,88,141.333333
LH,45,164.250000,P1,5,45,141.666667
RH,81,164.250000,P1,1,81,141.500000
RH,86,164.333333,P1,1,86,141.666667
LH,46,164.500000,P1,5,46,142.000000
RH,77,164.500000,P1,1,77,141.833333
RH,88,164.625000,P1,1,88,142.000000
RH,80,164.750000,P1,1,80,142.166667
RH,86,164.875000,P1,1,86,142.333333
RH,77,165.000000,P1,1,77,142.500000
RH,76,165.250000,P1,1,76,142.666667
LH,34,165.500000,P1,5,34,143.000000
RH,68,165.500000,P1,1,68,142.833333
RH,74,165.500000,P1,1,74,143.000000
RH,65,165.666667,P1,1,65,143.166667
RH,64,165.875000,P1,1,64,143.333333
LH,56,166.125000,P1,1,56,143.500000
RH,62,166.125000,P1,1,62,143.666667
LH,53,166.250000,P1,1,53,143.833333
LH,35,166.500000,P1,5,35,144.000000
RH,64,166.500000,P1,1,64,144.000000
LH,55,166.625000,P1,1,55,144.166667
RH,62,166.750000,P1,1,62,144.333333
LH,53,166.875000,P1,1,53,144.500000
RH,67,167.125000,P1,1,67,144.666667
RH,64,167.250000,P1,1,64,144.833333
LH,55,167.333333,P1,5,55,145.000000
RH,65,167.333333,P1,1,65,145.000000
RH,62,167.500000,P1,1,62,145.166667
RH,76,167.750000,P1,1,76,145.333333
RH,67,167.875000,P1,1,67,145.500000
LH,55,168.000000,P1,5,55,145.750000
RH,74,168.000000,P1,1,74,145.666667
LH,55,168.250000,P1,5,55,146.000000
RH,65,168.250000,P1,1,65,145.833333
RH,79,168.375000,P1,1,79,146.000000
RH,76,168.500000,P1,1,76,146.166667
RH,77,168.625000,P1,1,77,146.333333
RH,74,168.750000,P1,1,74,146.500000
RH,88,169.000000,P1,1,88,146.666667
RH,79,169.125000,P1,1,79,146.833333
LH,31,169.250000,P1,5,31,147.000000
LH,43,169.250000,P1,5,43,147.000000
RH,86,169.250000,P1,1,86,147.000000
RH,77,169.375000,P1,1,77,147.166667
RH,91,169.625000,P1,1,91,147.333333
RH,88,169.750000,P1,1,88,147.500000
RH,89,169.875000,P1,1,89,147.666667
RH,86,170.000000,P1,1,86,147.833333
LH,36,170.250000,P1,5,36,148.000000
LH,48,170.250000,P1,5,48,148.000000
RH,93,170.250000,P1,1,93,148.000000
RH,88,170.375000,P1,1,88,148.166667
RH,91,170.500000,P1,1,91,148.333333
RH,84,170.625000,P1,1,84,148.500000
RH,100,170.875000,P1,1,100,148.666667
RH,91,171.000000,P1,1,91,148.833333
LH,52,171.125000,P1,5,52,149.000000
RH,98,171.125000,P1,1,98,149.000000
RH,60,171.500000,P1,5,60,149.333333
RH,96,171.500000,P1,1,96,149.333333
RH,68,171.750000,P1,5,68,149.666667
RH,95,171.750000,P1,1,95,149.666667
RH,88,171.875000,P1,1,88,149.833333
LH,41,172.125000,P1,5,41,150.000000
RH,94,172.125000,P1,1,94,150.000000
RH,89,172.250000,P1,1,89,150.166667
RH,92,172.375000,P1,1,92,150.333333
RH,85,172.500000,P1,1,85,150.500000
RH,90,172.625000,P1,1,90,150.666667
RH,85,172.750000,P1,1,85,150.833333
LH,53,172.875000,P1,5,53,151.000000
LH,56,172.875000,P1,5,56,151.000000
RH,89,172.875000,P1,1,89,151.000000
RH,80,173.125000,P1,1,80,151.166667
RH,61,173.250000,P1,5,61,151.333333
RH,87,173.250000,P1,1,87,151.333333
RH,68,173.500000,P1,5,68,151.666667
RH,80,173.500000,P1,1,80,151.500000
RH,85,173.500000,P1,1,85,151.666667
RH,77,173.625000,P1,1,77,151.833333
LH,43,173.875000,P1,5,43,152.000000
RH,85,173.875000,P1,1,85,152.000000
RH,78,174.000000,P1,1,78,152.166667
RH,84,174.125000,P1,1,84,152.333333
RH,76,174.333333,P1,1,76,152.500000
RH,79,174.500000,P1,1,79,152.666667
RH,72,174.625000,P1,1,72,152.833333
LH,55,174.750000,P1,5,55,153.000000
RH,60,174.750000,P1,5,60,153.000000
RH,80,174.750000,P1,1,80,153.000000
RH,64,175.000000,P1,5,64,153.333333
RH,76,175.000000,P1,1,76,153.166667
RH,78,175.000000,P1,1,78,153.333333
RH,72,175.250000,P1,1,72,153.500000
RH,67,175.333333,P1,5,67,153.666667
RH,79,175.333333,P1,1,79,153.666667
RH,76,175.500000,P1,1,76,153.833333
LH,43,175.666667,P1,5,43,154.000000
RH,81,175.666667,P1,1,81,154.000000
RH,71,175.750000,P1,1,71,154.166667
RH,78,176.000000,P1,1,78,154.333333
RH,77,176.125000,P1,1,77,154.500000
RH,79,176.250000,P1,1,79,154.666667
RH,71,176.375000,P1,1,71,154.833333
LH,55,176.500000,P1,5,55,155.000000
RH,62,176.500000,P1,5,62,155.000000
RH,65,176.500000,P1,5,65,155.000000
RH,67,176.500000,P1,5,67,155.000000
RH,83,176.625000,P1,1,83,155.000000
RH,77,176.750000,P1,1,77,155.166667
RH,88,176.875000,P1,1,88,155.333333
RH,79,177.125000,P1,1,79,155.500000
RH,86,177.250000,P1,1,86,155.666667
LH,48,177.375000,P1,5,48,156.000000
RH,77,177.375000,P1,1,77,155.833333
RH,86,177.625000,P1,1,86,156.000000
RH,79,177.750000,P1,1,79,156.166667
RH,84,177.875000,P1,1,84,156.333333
RH,76,178.125000,P1,1,76,156.500000
RH,81,178.333333,P1,1,81,156.666667
RH,76,178.500000,P1,1,76,156.833333
RH,79,178.625000,P1,1,79,157.000000
RH,72,178.666667,P1,1,72,157.166667
RH,77,178.875000,P1,1,77,157.333333
RH,72,179.000000,P1,1,72,157.500000
RH,76,179.125000,P1,1,76,157.666667
RH,67,179.250000,P1,1,67,157.833333
RH,81,179.500000,P1,1,81,158.000000
RH,76,179.625000,P1,1,76,158.166667
RH,79,179.666667,P1,1,79,158.333333
RH,72,179.875000,P1,1,72,158.500000
RH,77,180.000000,P1,1,77,158.666667
RH,72,180.125000,P1,1,72,158.833333
RH,76,180.333333,P1,1,76,159.000000
RH,67,180.500000,P1,1,67,159.166667
RH,81,180.625000,P1,1,81,159.333333
RH,76,180.750000,P1,1,76,159.500000
RH,79,180.875000,P1,1,79,159.666667
RH,72,181.000000,P1,1,72,159.833333
RH,69,181.250000,P1,5,69,160.000000
RH,76,181.250000,P1,1,76,160.000000
RH,79,181.250000,P1,1,79,160.000000
RH,64,181.375000,P1,5,64,160.166667
RH,67,181.625000,P1,5,67,160.333333
RH,61,181.750000,P1,5,61,160.500000
RH,65,181.875000,P1,5,65,160.666667
RH,61,182.125000,P1,5,61,160.833333
RH,64,182.250000,P1,5,64,161.000000
RH,67,182.250000,P1,1,67,161.000000
RH,76,182.250000,P1,1,76,161.000000
RH,79,182.250000,P1,1,79,161.000000
LH,58,182.375000,P1,5,58,161.166667
RH,62,182.500000,P1,5,62,161.333333
LH,58,182.750000,P1,5,58,161.500000
RH,61,182.875000,P1,5,61,161.666667
RH,67,182.875000,P1,1,67,161.750000
RH,76,182.875000,P1,1,76,161.750000
RH,79,182.875000,P1,1,79,161.750000
LH,55,183.000000,P1,5,55,161.833333
RH,60,183.125000,P1,5,60,162.000000
RH,67,183.125000,P1,1,67,162.000000
RH,76,183.125000,P1,1,76,162.000000
RH,79,183.125000,P1,1,79,162.000000
LH,55,183.250000,P1,5,55,162.166667
LH,58,183.375000,P1,5,58,162.333333
LH,52,183.500000,P1,5,52,162.500000
LH,57,183.666667,P1,5,57,162.666667
LH,52,183.875000,P1,5,52,162.833333
LH,55,184.000000,P1,5,55,163.000000
RH,69,184.000000,P1,1,69,163.000000
RH,76,184.000000,P1,1,76,163.000000
RH,81,184.000000,P1,1,81,163.000000
LH,49,184.125000,P1,5,49,163.166667
LH,53,184.333333,P1,5,53,163.333333
LH,49,184.500000,P1,5,49,163.500000
LH,52,184.625000,P1,5,52,163.666667
LH,46,184.750000,P1,5,46,163.833333
RH,67,184.875000,P1,1,67,164.000000
RH,76,184.875000,P1,1,76,164.000000
RH,79,184.875000,P1,1,79,164.000000
LH,50,185.000000,P1,5,50,164.000000
LH,46,185.125000,P1,5,46,164.166667
LH,49,185.250000,P1,5,49,164.333333
LH,43,185.333333,P1,5,43,164.500000
LH,48,185.500000,P1,5,48,164.666667
LH,43,185.625000,P1,5,43,164.833333
LH,46,185.750000,P1,5,46,165.000000
RH,67,185.750000,P1,1,67,165.000000
RH,73,185.750000,P1,1,73,165.000000
RH,76,185.750000,P1,1,76,165.000000
LH,40,185.875000,P1,5,40,165.166667
LH,45,186.000000,P1,5,45,165.333333
LH,40,186.125000,P1,5,40,165.500000
LH,43,186.333333,P1,5,43,165.666667
LH,37,186.500000,P1,5,37,165.833333
LH,37,186.750000,P1,5,37,166.166667
LH,41,186.750000,P1,5,41,166.000000
RH,67,186.750000,P1,1,67,166.000000
RH,76,186.750000,P1,1,76,166.000000
RH,79,186.750000,P1,1,79,166.000000
LH,40,187.000000,P1,5,40,166.333333
LH,34,187.125000,P1,5,34,166.500000
LH,38,187.333333,P1,5,38,166.666667
LH,34,187.500000,P1,5,34,166.833333
LH,37,187.500000,P1,5,37,167.000000
LH,31,187.625000,P1,5,31,167.166667
LH,36,187.750000,P1,5,36,167.333333
LH,31,187.875000,P1,5,31,167.166667
RH,72,188.666667,P1,5,72,168.000000
RH,79,188.666667,P1,1,79,168.000000
RH,82,188.666667,P1,1,82,168.000000
RH,67,188.875000,P1,5,67,168.166667
RH,70,189.000000,P1,5,70,168.333333
RH,64,189.125000,P1,5,64,168.500000
RH,69,189.333333,P1,5,69,168.666667
RH,64,189.500000,P1,5,64,168.833333
RH,67,189.500000,P1,5,67,169.000000
RH,70,189.500000,P1,1,70,169.000000
RH,79,189.500000,P1,1,79,169.000000
RH,82,189.500000,P1,1,82,169.000000
RH,61,189.750000,P1,5,61,169.166667
RH,65,189.875000,P1,5,65,169.333333
RH,61,190.125000,P1,5,61,169.500000
RH,64,190.250000,P1,5,64,169.666667
RH,70,190.250000,P1,1,70,169.750000
RH,82,190.250000,P1,1,82,169.750000
LH,58,190.375000,P1,5,58,169.833333
RH,70,190.375000,P1,1,70,170.000000
RH,79,190.375000,P1,1,79,170.000000
RH,82,190.375000,P1,1,82,170.000000
RH,62,190.500000,P1,5,62,170.000000
LH,58,190.666667,P1,5,58,170.166667
RH,61,190.750000,P1,5,61,170.333333
LH,55,190.875000,P1,5,55,170.500000
RH,60,191.125000,P1,5,60,170.666667
LH,55,191.250000,P1,5,55,170.833333
LH,58,191.333333,P1,5,58,171.000000
RH,72,191.333333,P1,1,72,171.000000
RH,79,191.333333,P1,1,79,171.000000
RH,84,191.333333,P1,1,84,171.000000
LH,52,191.375000,P1,5,52,171.166667
LH,57,191.625000,P1,5,57,171.333333
LH,52,191.750000,P1,5,52,171.500000
LH,55,191.875000,P1,5,55,171.666667
LH,49,192.125000,P1,5,49,171.833333
LH,53,192.250000,P1,5,53,172.000000
RH,70,192.250000,P1,1,70,172.000000
RH,79,192.250000,P1,1,79,172.000000
RH,82,192.250000,P1,1,82,172.000000
LH,49,192.375000,P1,5,49,172.166667
LH,52,192.625000,P1,5,52,172.333333
LH,46,192.666667,P1,5,46,172.500000
LH,50,192.875000,P1,5,50,172.666667
LH,46,193.000000,P1,5,46,172.833333
LH,49,193.125000,P1,5,49,173.000000
RH,70,193.125000,P1,1,70,173.000000
RH,76,193.125000,P1,1,76,173.000000
RH,79,193.125000,P1,1,79,173.000000
LH,43,193.250000,P1,5,43,173.166667
LH,48,193.375000,P1,5,48,173.333333
LH,43,193.500000,P1,5,43,173.500000
LH,46,193.625000,P1,5,46,173.666667
LH,40,193.750000,P1,5,40,173.833333
LH,40,194.000000,P1,5,40,174.166667
LH,45,194.000000,P1,5,45,174.000000
RH,70,194.000000,P1,1,70,174.000000
RH,79,194.000000,P1,1,79,174.000000
RH,82,194.000000,P1,1,82,174.000000
LH,43,194.250000,P1,5,43,174.333333
LH,37,194.375000,P1,5,37,174.500000
LH,41,194.625000,P1,5,41,174.666667
LH,40,194.875000,P1,5,40,175.000000
LH,34,195.000000,P1,5,34,175.166667
LH,38,195.250000,P1,5,38,175.333333
LH,34,195.333333,P1,5,34,175.166667
LH,27,196.250000,P1,5,27,176.000000
LH,39,196.250000,P1,5,39,176.000000
RH,96,196.250000,P1,1,96,176.000000
RH,87,196.500000,P1,1,87,176.166667
RH,94,196.750000,P1,1,94,176.333333
RH,85,196.875000,P1,1,85,176.500000
RH,92,197.000000,P1,1,92,176.666667
RH,87,197.125000,P1,1,87,176.833333
RH,63,197.333333,P1,5,63,177.000000
RH,91,197.375000,P1,1,91,177.000000
RH,85,197.500000,P1,1,85,177.166667
RH,89,197.666667,P1,1,89,177.333333
RH,85,197.875000,P1,1,85,177.500000
RH,63,198.000000,P1,5,63,177.750000
RH,87,198.000000,P1,1,87,177.666667
RH,63,198.125000,P1,5,63,178.000000
RH,79,198.125000,P1,1,79,177.833333
LH,51,198.250000,P1,6,51,178.000000
RH,60,198.250000,P1,6,60,178.000000
RH,89,198.250000,P1,1,89,178.000000
RH,84,198.375000,P1,1,84,178.166667
RH,87,198.500000,P1,1,87,178.333333
RH,80,198.666667,P1,1,80,178.500000
RH,85,198.875000,P1,1,85,178.666667
RH,80,199.000000,P1,1,80,178.833333
RH,68,199.125000,P1,5,68,179.000000
RH,84,199.125000,P1,1,84,179.000000
RH,75,199.375000,P1,1,75,179.166667
RH,82,199.500000,P1,1,82,179.333333
RH,75,199.666667,P1,1,75,179.500000
RH,60,199.875000,P1,5,60,179.750000
RH,80,199.875000,P1,1,80,179.666667
RH,72,200.000000,P1,1,72,179.833333
LH,51,200.125000,P1,6,51,180.000000
RH,63,200.125000,P1,5,63,180.000000
RH,84,200.125000,P1,1,84,180.000000
RH,75,200.375000,P1,1,75,180.166667
RH,82,200.500000,P1,1,82,180.333333
RH,73,200.666667,P1,1,73,180.500000
RH,81,200.875000,P1,1,81,180.666667
RH,75,201.000000,P1,1,75,180.833333
LH,58,201.125000,P1,5,58,181.000000
RH,82,201.125000,P1,1,82,181.000000
RH,73,201.250000,P1,1,73,181.166667
RH,85,201.375000,P1,1,85,181.333333
RH,75,201.500000,P1,1,75,181.500000
RH,79,201.625000,P1,1,79,181.666667
RH,73,201.750000,P1,1,73,181.833333
LH,44,202.000000,P1,6,44,182.000000
RH,60,202.125000,P1,5,60,182.000000
RH,82,202.125000,P1,1,82,182.000000
RH,75,202.333333,P1,1,75,182.166667
RH,80,202.375000,P1,1,80,182.333333
RH,72,202.500000,P1,1,72,182.500000
RH,79,202.666667,P1,1,79,182.666667
RH,75,202.875000,P1,1,75,182.833333
RH,72,203.125000,P1,1,72,183.166667
RH,82,203.250000,P1,1,82,183.333333
RH,75,203.375000,P1,1,75,183.500000
RH,80,203.500000,P1,1,80,183.666667
RH,72,203.666667,P1,1,72,183.833333
LH,35,203.875000,P1,5,35,184.000000
LH,47,203.875000,P1,5,47,184.000000
RH,92,203.875000,P1,1,92,184.000000
RH,83,204.125000,P1,1,83,184.166667
RH,90,204.250000,P1,1,90,184.333333
RH,81,204.375000,P1,1,81,184.500000
RH,88,204.500000,P1,1,88,184.666667
RH,83,204.666667,P1,1,83,184.833333
LH,59,204.875000,P1,5,59,185.000000
RH,87,204.875000,P1,1,87,185.000000
RH,81,205.000000,P1,1,81,185.166667
RH,85,205.250000,P1,1,85,185.333333
RH,81,205.333333,P1,1,81,185.500000
LH,59,205.500000,P1,5,59,185.750000
RH,83,205.500000,P1,1,83,185.666667
RH,78,205.625000,P1,1,78,185.833333
LH,47,205.750000,P1,6,47,186.000000
LH,56,205.750000,P1,6,56,186.000000
LH,59,205.750000,P1,5,59,186.000000
RH,88,205.750000,P1,1,88,186.000000
RH,87,206.125000,P1,1,87,186.333333
RH,76,206.250000,P1,1,76,186.500000
RH,85,206.375000,P1,1,85,186.666667
RH,80,206.500000,P1,1,80,186.833333
RH,64,206.750000,P1,6,64,187.000000
RH,83,206.750000,P1,1,83,187.000000
RH,76,206.875000,P1,1,76,187.166667
RH,81,207.125000,P1,1,81,187.333333
RH,76,207.250000,P1,1,76,187.500000
LH,56,207.375000,P1,6,56,187.750000
RH,80,207.375000,P1,1,80,187.666667
LH,59,207.625000,P1,5,59,188.000000
RH,71,207.625000,P1,1,71,187.833333
LH,47,207.666667,P1,6,47,188.000000
RH,80,207.666667,P1,1,80,188.000000
RH,75,207.875000,P1,1,75,188.166667
RH,78,208.000000,P1,1,78,188.333333
RH,69,208.125000,P1,1,69,188.500000
RH,77,208.333333,P1,1,77,188.666667
RH,75,208.500000,P1,1,75,188.833333
LH,54,208.625000,P1,5,54,189.000000
RH,69,208.750000,P1,1,69,189.166667
RH,78,208.750000,P1,1,78,189.000000
LH,56,208.875000,P1,5,56,189.333333
RH,81,208.875000,P1,1,81,189.333333
RH,71,209.000000,P1,1,71,189.500000
LH,57,209.125000,P1,5,57,189.666667
RH,75,209.250000,P1,1,75,189.666667
RH,69,209.375000,P1,1,69,189.833333
LH,40,209.500000,P1,6,40,190.000000
LH,56,209.625000,P1,5,56,190.000000
RH,78,209.625000,P1,1,78,190.000000
RH,71,209.875000,P1,1,71,190.166667
RH,77,210.000000,P1,1,77,190.333333
RH,68,210.125000,P1,1,68,190.500000
RH,76,210.250000,P1,1,76,190.666667
RH,71,210.500000,P1,1,71,190.833333
RH,75,210.500000,P1,1,75,191.000000
RH,68,210.666667,P1,1,68,191.166667
RH,71,210.875000,P1,1,71,191.500000
RH,74,210.875000,P1,1,74,191.333333
RH,73,211.125000,P1,1,73,191.666667
LH,40,211.375000,P1,5,40,192.000000
LH,52,211.375000,P1,5,52,192.000000
RH,73,211.375000,P1,1,73,192.000000
RH,68,211.500000,P1,1,68,192.166667
RH,71,211.666667,P1,1,71,192.333333
RH,62,211.750000,P1,1,62,192.500000
RH,73,212.000000,P1,1,73,192.666667
RH,68,212.125000,P1,1,68,192.833333
LH,35,212.250000,P1,5,35,193.000000
LH,47,212.250000,P1,5,47,193.000000
RH,71,212.250000,P1,1,71,193.000000
LH,32,212.500000,P1,5,32,193.333333
LH,44,212.500000,P1,5,44,193.333333
RH,74,212.500000,P1,1,74,193.166667
RH,85,212.666667,P1,1,85,193.333333
RH,80,212.750000,P1,1,80,193.500000
LH,35,212.875000,P1,5,35,193.666667
LH,47,212.875000,P1,5,47,193.666667
RH,83,213.000000,P1,1,83,193.666667
RH,86,213.125000,P1,1,86,193.833333
LH,28,213.250000,P1,5,28,194.000000
LH,40,213.250000,P1,5,40,194.000000
RH,97,213.250000,P1,1,97,194.000000
RH,92,213.375000,P1,1,92,194.166667
RH,86,213.625000,P1,1,86,194.500000
RH,95,213.625000,P1,1,95,194.333333
LH,40,213.875000,P1,5,40,194.750000
LH,52,213.875000,P1,5,52,194.750000
RH,80,214.000000,P1,1,80,194.833333
LH,42,214.125000,P1,5,42,195.000000
LH,54,214.125000,P1,5,54,195.000000
RH,74,214.250000,P1,1,74,195.166667
RH,73,214.500000,P1,1,73,195.333333
RH,68,214.666667,P1,1,68,195.500000
LH,40,214.750000,P1,5,40,195.750000
LH,52,214.750000,P1,5,52,195.750000
RH,71,214.750000,P1,1,71,195.666667
RH,62,214.875000,P1,1,62,195.833333
LH,39,215.000000,P1,5,39,196.000000
LH,51,215.000000,P1,5,51,196.000000
RH,74,215.125000,P1,1,74,196.000000
RH,67,215.250000,P1,1,67,196.166667
RH,72,215.375000,P1,1,72,196.333333
RH,60,215.500000,P1,1,60,196.500000
RH,77,215.750000,P1,1,77,196.666667
RH,72,215.875000,P1,1,72,196.833333
LH,36,216.000000,P1,5,36,197.000000
LH,48,216.000000,P1,5,48,197.000000
RH,75,216.000000,P1,1,75,197.000000
RH,67,216.250000,P1,1,67,197.166667
RH,80,216.375000,P1,1,80,197.333333
RH,75,216.500000,P1,1,75,197.500000
RH,79,216.625000,P1,1,79,197.666667
RH,72,216.750000,P1,1,72,197.833333
LH,39,216.875000,P1,5,39,198.000000
LH,51,216.875000,P1,5,51,198.000000
RH,84,216.875000,P1,1,84,198.000000
RH,79,217.125000,P1,1,79,198.166667
RH,83,217.250000,P1,1,83,198.333333
RH,75,217.333333,P1,1,75,198.500000
RH,82,217.500000,P1,1,82,198.666667
RH,79,217.625000,P1,1,79,198.833333
LH,41,217.750000,P1,5,41,199.000000
LH,53,217.750000,P1,5,53,199.000000
RH,75,217.875000,P1,1,75,199.166667
LH,42,218.000000,P1,5,42,199.333333
LH,54,218.000000,P1,5,54,199.333333
RH,80,218.000000,P1,1,80,199.333333
RH,75,218.125000,P1,1,75,199.500000
LH,43,218.333333,P1,5,43,199.666667
LH,55,218.333333,P1,5,55,199.666667
RH,79,218.333333,P1,1,79,199.666667
RH,72,218.375000,P1,1,72,199.833333
LH,44,218.625000,P1,5,44,200.000000
LH,56,218.625000,P1,5,56,200.000000
RH,77,218.625000,P1,1,77,200.000000
RH,72,218.875000,P1,1,72,200.166667
RH,75,218.875000,P1,1,75,200.333333
RH,66,219.125000,P1,1,66,200.500000
RH,77,219.250000,P1,1,77,200.666667
RH,72,219.375000,P1,1,72,200.833333
LH,39,219.500000,P1,5,39,201.000000
LH,51,219.500000,P1,5,51,201.000000
RH,75,219.500000,P1,1,75,201.000000
RH,78,219.750000,P1,1,78,201.166667
LH,36,219.875000,P1,5,36,201.333333
LH,48,219.875000,P1,5,48,201.333333
RH,89,219.875000,P1,1,89,201.333333
RH,84,220.000000,P1,1,84,201.500000
LH,39,220.125000,P1,5,39,201.666667
LH,51,220.125000,P1,5,51,201.666667
RH,87,220.125000,P1,1,87,201.666667
RH,90,220.333333,P1,1,90,201.833333
LH,32,220.375000,P1,5,32,202.000000
LH,44,220.375000,P1,5,44,202.000000
RH,101,220.500000,P1,1,101,202.000000
RH,96,220.625000,P1,1,96,202.166667
RH,99,220.750000,P1,1,99,202.333333
RH,90,220.875000,P1,1,90,202.500000
LH,44,221.000000,P1,5,44,202.750000
LH,56,221.000000,P1,5,56,202.750000
RH,89,221.000000,P1,1,89,202.666667
LH,46,221.250000,P1,5,46,203.000000
RH,84,221.250000,P1,1,84,202.833333
LH,58,221.333333,P1,5,58,203.000000
RH,87,221.333333,P1,1,87,203.000000
RH,78,221.500000,P1,1,78,203.166667
RH,77,221.666667,P1,1,77,203.333333
RH,72,221.875000,P1,1,72,203.500000
LH,44,222.000000,P1,5,44,203.750000
LH,56,222.000000,P1,5,56,203.750000
RH,75,222.000000,P1,1,75,203.666667
RH,66,222.125000,P1,1,66,203.833333
LH,43,222.250000,P1,5,43,204.000000
LH,55,222.250000,P1,5,55,204.000000
RH,78,222.250000,P1,1,78,204.000000
RH,71,222.500000,P1,1,71,204.166667
RH,76,222.500000,P1,1,76,204.333333
RH,64,222.625000,P1,1,64,204.500000
RH,81,222.875000,P1,1,81,204.666667
RH,76,223.000000,P1,1,76,204.833333
LH,40,223.125000,P1,5,40,205.000000
LH,52,223.125000,P1,5,52,205.000000
RH,79,223.125000,P1,1,79,205.000000
RH,84,223.375000,P1,1,84,205.333333
RH,79,223.625000,P1,1,79,205.500000
RH,83,223.666667,P1,1,83,205.666667
RH,76,223.875000,P1,1,76,205.833333
LH,43,224.000000,P1,5,43,206.000000
LH,55,224.000000,P1,5,55,206.000000
RH,88,224.000000,P1,1,88,206.000000
RH,83,224.250000,P1,1,83,206.166667
RH,87,224.333333,P1,1,87,206.333333
RH,79,224.500000,P1,1,79,206.500000
RH,86,224.666667,P1,1,86,206.666667
RH,83,224.750000,P1,1,83,206.833333
LH,45,224.875000,P1,5,45,207.000000
LH,57,224.875000,P1,5,57,207.000000
RH,85,224.875000,P1,1,85,207.000000
LH,46,225.125000,P1,5,46,207.333333
LH,58,225.125000,P1,5,58,207.333333
RH,79,225.125000,P1,1,79,207.166667
RH,84,225.125000,P1,1,84,207.333333
RH,79,225.375000,P1,1,79,207.500000
LH,47,225.500000,P1,5,47,207.666667
LH,59,225.500000,P1,5,59,207.666667
RH,83,225.500000,P1,1,83,207.666667
RH,76,225.625000,P1,1,76,207.833333
LH,48,225.875000,P1,5,48,208.000000
RH,60,225.875000,P1,5,60,208.000000
RH,82,225.875000,P1,1,82,208.000000
RH,76,226.000000,P1,1,76,208.166667
RH,81,226.125000,P1,1,81,208.333333
RH,70,226.250000,P1,1,70,208.500000
RH,80,226.375000,P1,1,80,208.666667
LH,36,226.500000,P1,5,36,209.000000
RH,76,226.500000,P1,1,76,208.833333
RH,79,226.666667,P1,1,79,209.000000
RH,70,226.875000,P1,1,70,209.166667
RH,81,227.000000,P1,1,81,209.333333
RH,76,227.125000,P1,1,76,209.500000
RH,79,227.333333,P1,1,79,209.666667
LH,41,227.375000,P1,5,41,210.000000
RH,70,227.375000,P1,1,70,209.833333
RH,79,227.625000,P1,1,79,210.000000
RH,72,227.875000,P1,1,72,210.166667
RH,78,228.000000,P1,1,78,210.333333
RH,69,228.125000,P1,1,69,210.500000
RH,77,228.250000,P1,1,77,210.666667
LH,35,228.333333,P1,5,35,211.000000
RH,72,228.375000,P1,1,72,210.833333
RH,78,228.500000,P1,1,78,211.000000
RH,69,228.666667,P1,1,69,211.166667
RH,79,228.875000,P1,1,79,211.333333
RH,71,229.000000,P1,1,71,211.500000
RH,78,229.125000,P1,1,78,211.666667
LH,40,229.250000,P1,5,40,212.000000
RH,69,229.250000,P1,1,69,211.833333
RH,78,229.375000,P1,1,78,212.000000
RH,67,229.750000,P1,1,67,212.500000
RH,77,229.750000,P1,1,77,212.333333
RH,76,230.000000,P1,1,76,212.666667
LH,45,230.125000,P1,5,45,213.000000
RH,71,230.125000,P1,1,71,212.833333
RH,76,230.333333,P1,1,76,213.000000
RH,67,230.500000,P1,1,67,213.166667
RH,77,230.625000,P1,1,77,213.333333
RH,69,230.750000,P1,1,69,213.500000
RH,76,230.875000,P1,1,76,213.666667
RH,67,231.000000,P1,1,67,213.833333
LH,50,231.125000,P1,5,50,214.000000
RH,76,231.250000,P1,1,76,214.000000
RH,69,231.375000,P1,1,69,214.166667
RH,73,231.500000,P1,1,73,214.333333
RH,65,231.625000,P1,1,65,214.500000
RH,74,231.750000,P1,1,74,214.666667
LH,45,232.000000,P1,5,45,215.000000
RH,69,232.000000,P1,1,69,214.833333
RH,74,232.125000,P1,1,74,215.000000
RH,64,232.333333,P1,1,64,215.166667
RH,71,232.375000,P1,1,71,215.333333
RH,69,232.625000,P1,1,69,215.500000
RH,72,232.666667,P1,1,72,215.666667
RH,64,232.875000,P1,1,64,215.833333
LH,38,233.000000,P1,5,38,216.000000
LH,50,233.000000,P1,5,50,216.000000
RH,72,233.000000,P1,1,72,216.000000
RH,69,233.250000,P1,1,69,216.166667
RH,71,233.333333,P1,1,71,216.333333
RH,65,233.500000,P1,1,65,216.500000
RH,72,233.625000,P1,1,72,216.666667
RH,69,233.750000,P1,1,69,216.833333
LH,53,233.875000,P1,5,53,217.000000
RH,65,233.875000,P1,5,65,217.000000
RH,71,233.875000,P1,1,71,217.000000
RH,77,234.125000,P1,1,77,217.166667
RH,84,234.250000,P1,1,84,217.333333
RH,81,234.375000,P1,1,81,217.500000
RH,83,234.500000,P1,1,83,217.666667
RH,89,234.750000,P1,1,89,217.833333
LH,46,234.875000,P1,6,46,218.000000
LH,58,234.875000,P1,6,58,218.000000
RH,96,234.875000,P1,1,96,218.000000
RH,93,235.000000,P1,1,93,218.166667
RH,95,235.125000,P1,1,95,218.333333
RH,89,235.333333,P1,1,89,218.500000
LH,48,235.375000,P1,6,48,218.750000
RH,60,235.375000,P1,6,60,218.750000
RH,84,235.500000,P1,1,84,218.666667
LH,47,235.666667,P1,5,47,219.000000
LH,59,235.666667,P1,5,59,219.000000
RH,81,235.666667,P1,1,81,218.833333
RH,83,235.750000,P1,1,83,219.000000
RH,77,235.875000,P1,1,77,219.166667
RH,72,236.125000,P1,1,72,219.333333
RH,69,236.250000,P1,1,69,219.500000
RH,71,236.375000,P1,1,71,219.666667
RH,65,236.500000,P1,1,65,219.833333
LH,39,236.666667,P1,5,39,220.000000
LH,51,236.666667,P1,5,51,220.000000
RH,71,236.666667,P1,1,71,220.000000
RH,66,236.875000,P1,1,66,220.166667
RH,69,236.875000,P1,1,69,220.333333
RH,60,237.000000,P1,1,60,220.500000
RH,71,237.125000,P1,1,71,220.666667
LH,54,237.625000,P1,5,54,221.000000
RH,66,237.625000,P1,5,66,221.000000
RH,72,237.666667,P1,1,72,221.166667
RH,83,237.750000,P1,1,83,221.333333
RH,78,238.000000,P1,1,78,221.500000
RH,81,238.125000,P1,1,81,221.666667
RH,84,238.333333,P1,1,84,221.833333
LH,45,238.500000,P1,6,45,222.000000
LH,57,238.500000,P1,6,57,222.000000
RH,95,238.500000,P1,1,95,222.000000
RH,90,238.666667,P1,1,90,222.166667
RH,93,238.750000,P1,1,93,222.333333
RH,84,238.875000,P1,1,84,222.500000
LH,50,239.125000,P1,6,50,222.750000
RH,62,239.125000,P1,6,62,222.750000
RH,83,239.125000,P1,1,83,222.666667
RH,78,239.333333,P1,1,78,222.833333
LH,48,239.375000,P1,5,48,223.000000
RH,60,239.375000,P1,5,60,223.000000
RH,81,239.375000,P1,1,81,223.000000
RH,72,239.625000,P1,1,72,223.166667
RH,71,239.750000,P1,1,71,223.333333
RH,66,240.000000,P1,1,66,223.500000
RH,69,240.000000,P1,1,69,223.666667
RH,60,240.250000,P1,1,60,223.833333
LH,40,240.333333,P1,5,40,224.000000
LH,52,240.333333,P1,6,52,224.000000
RH,69,240.333333,P1,1,69,224.000000
RH,64,240.500000,P1,1,64,224.166667
RH,68,240.625000,P1,1,68,224.333333
RH,71,240.875000,P1,1,71,224.500000
RH,81,241.000000,P1,1,81,224.666667
RH,76,241.125000,P1,1,76,224.833333
LH,59,241.250000,P1,5,59,225.000000
RH,80,241.250000,P1,1,80,225.000000
RH,83,241.500000,P1,1,83,225.166667
RH,93,241.625000,P1,1,93,225.333333
RH,88,241.750000,P1,1,88,225.500000
RH,92,241.875000,P1,1,92,225.666667
RH,64,242.000000,P1,5,64,225.750000
RH,83,242.125000,P1,1,83,225.833333
RH,62,242.250000,P1,5,62,226.000000
RH,92,242.250000,P1,1,92,226.000000
RH,90,242.625000,P1,1,90,226.333333
RH,83,242.750000,P1,1,83,226.500000
RH,80,242.875000,P1,1,80,226.666667
RH,78,243.125000,P1,1,78,227.000000
RH,71,243.333333,P1,1,71,227.166667
RH,68,243.500000,P1,1,68,227.333333
RH,66,243.750000,P1,1,66,227.666667
LH,59,243.875000,P1,1,59,227.833333
LH,28,244.125000,P1,5,28,228.000000
LH,40,244.125000,P1,5,40,228.000000
RH,66,244.125000,P1,1,66,228.000000
RH,61,244.250000,P1,1,61,228.166667
RH,64,244.333333,P1,1,64,228.333333
RH,68,244.625000,P1,1,68,228.500000
RH,78,244.666667,P1,1,78,228.666667
RH,73,244.875000,P1,1,73,228.833333
LH,56,245.000000,P1,5,56,229.000000
RH,76,245.000000,P1,1,76,229.000000
RH,80,245.250000,P1,1,80,229.166667
RH,90,245.333333,P1,1,90,229.333333
RH,61,245.500000,P1,5,61,229.750000
RH,88,245.500000,P1,1,88,229.666667
RH,80,245.666667,P1,1,80,229.833333
LH,59,245.875000,P1,5,59,230.000000
RH,88,245.875000,P1,1,88,230.000000
RH,83,246.000000,P1,1,83,230.166667
RH,86,246.125000,P1,1,86,230.333333
RH,78,246.250000,P1,1,78,230.500000
RH,76,246.500000,P1,1,76,230.666667
RH,71,246.666667,P1,1,71,230.833333
RH,74,246.750000,P1,1,74,231.000000
RH,66,246.875000,P1,1,66,231.166667
RH,64,247.125000,P1,1,64,231.333333
RH,62,247.375000,P1,1,62,231.666667
LH,54,247.500000,P1,1,54,231.833333
RH,61,247.750000,P1,1,61,232.000000
LH,56,247.875000,P1,1,56,232.166667
LH,59,248.000000,P1,1,59,232.333333
LH,53,248.125000,P1,1,53,232.500000
RH,64,248.333333,P1,1,64,232.666667
LH,59,248.500000,P1,1,59,232.833333
RH,62,248.625000,P1,1,62,233.000000
LH,53,248.666667,P1,6,53,233.000000
LH,56,248.666667,P1,1,56,233.166667
RH,67,248.875000,P1,1,67,233.333333
RH,62,249.125000,P1,1,62,233.500000
RH,65,249.125000,P1,1,65,233.666667
LH,53,249.333333,P1,6,53,233.750000
LH,59,249.333333,P1,1,59,233.833333
LH,53,249.500000,P1,6,53,234.000000
RH,69,249.500000,P1,1,69,234.000000
RH,65,249.666667,P1,1,65,234.166667
RH,68,249.750000,P1,1,68,234.333333
RH,62,250.000000,P1,1,62,234.500000
RH,72,250.125000,P1,1,72,234.666667
RH,68,250.250000,P1,1,68,234.833333
RH,71,250.375000,P1,1,71,235.000000
LH,55,250.500000,P1,6,55,235.000000
RH,65,250.625000,P1,1,65,235.166667
RH,76,250.750000,P1,1,76,235.333333
RH,71,250.875000,P1,1,71,235.500000
RH,74,251.000000,P1,1,74,235.666667
RH,68,251.125000,P1,1,68,235.833333
LH,53,251.333333,P1,6,53,236.000000
RH,79,251.333333,P1,1,79,236.000000
RH,74,251.500000,P1,1,74,236.166667
RH,77,251.666667,P1,1,77,236.333333
RH,71,251.750000,P1,1,71,236.500000
RH,77,252.125000,P1,1,77,236.833333
RH,81,252.125000,P1,1,81,236.666667
LH,50,252.250000,P1,6,50,237.000000
RH,80,252.333333,P1,1,80,237.000000
RH,74,252.375000,P1,1,74,237.166667
RH,84,252.666667,P1,1,84,237.333333
RH,80,252.750000,P1,1,80,237.500000
RH,83,252.875000,P1,1,83,237.666667
LH,53,253.125000,P1,6,53,238.000000
RH,77,253.125000,P1,1,77,237.833333
RH,88,253.250000,P1,1,88,238.000000
RH,83,253.375000,P1,1,83,238.166667
RH,86,253.500000,P1,1,86,238.333333
RH,80,253.625000,P1,1,80,238.500000
RH,91,253.750000,P1,1,91,238.666667
RH,86,254.000000,P1,1,86,238.833333
RH,89,254.000000,P1,1,89,239.000000
RH,83,254.125000,P1,1,83,239.166667
RH,93,254.375000,P1,1,93,239.333333
RH,89,254.500000,P1,1,89,239.500000
RH,92,254.625000,P1,1,92,239.666667
RH,86,254.750000,P1,1,86,239.833333
LH,40,255.000000,P1,5,40,240.000000
RH,101,255.000000,P1,1,101,240.000000
LH,47,255.125000,P1,5,47,240.166667
RH,95,255.125000,P1,1,95,240.166667
LH,44,255.250000,P1,5,44,240.333333
RH,100,255.250000,P1,1,100,240.333333
LH,50,255.375000,P1,5,50,240.500000
RH,92,255.375000,P1,1,92,240.500000
LH,44,255.500000,P1,5,44,240.666667
RH,99,255.500000,P1,1,99,240.666667
LH,50,255.666667,P1,5,50,240.833333
RH,95,255.666667,P1,1,95,240.833333
LH,47,255.750000,P1,5,47,241.000000
RH,98,255.875000,P1,1,98,241.000000
LH,53,256.000000,P1,5,53,241.166667
RH,92,256.000000,P1,1,92,241.166667
LH,47,256.125000,P1,5,47,241.333333
RH,97,256.125000,P1,1,97,241.333333
LH,50,256.333333,P1,5,50,241.666667
LH,56,256.375000,P1,5,56,241.833333
RH,96,256.375000,P1,1,96,241.666667
RH,89,256.500000,P1,1,89,241.833333
LH,50,256.666667,P1,5,50,242.000000
RH,95,256.666667,P1,1,95,242.000000
LH,56,256.750000,P1,5,56,242.166667
LH,53,256.875000,P1,5,53,242.333333
RH,89,256.875000,P1,1,89,242.166667
LH,59,257.000000,P1,5,59,242.500000
RH,86,257.000000,P1,1,86,242.500000
RH,94,257.000000,P1,1,94,242.333333
LH,53,257.250000,P1,5,53,242.666667
RH,93,257.250000,P1,1,93,242.666667
LH,59,257.375000,P1,5,59,242.833333
RH,89,257.375000,P1,1,89,242.833333
LH,56,257.500000,P1,5,56,243.000000
RH,92,257.500000,P1,1,92,243.000000
RH,62,257.625000,P1,5,62,243.166667
RH,83,257.666667,P1,1,83,243.166667
LH,56,257.750000,P1,5,56,243.333333
RH,91,257.750000,P1,1,91,243.333333
LH,59,258.000000,P1,5,59,243.666667
RH,62,258.000000,P1,5,62,243.500000
RH,86,258.000000,P1,1,86,243.500000
RH,65,258.125000,P1,5,65,243.833333
RH,90,258.125000,P1,1,90,243.666667
RH,80,258.250000,P1,1,80,243.833333
LH,59,258.375000,P1,5,59,244.000000
RH,89,258.375000,P1,1,89,244.000000
RH,62,258.500000,P1,5,62,244.333333
RH,65,258.500000,P1,5,65,244.166667
RH,83,258.500000,P1,1,83,244.166667
RH,68,258.625000,P1,5,68,244.500000
RH,88,258.625000,P1,1,88,244.333333
RH,80,258.750000,P1,1,80,244.500000
RH,62,258.875000,P1,5,62,244.666667
RH,87,258.875000,P1,1,87,244.666667
RH,65,259.000000,P1,5,65,245.000000
RH,68,259.000000,P1,5,68,244.833333
RH,83,259.000000,P1,1,83,244.833333
RH,86,259.000000,P1,1,86,245.000000
RH,86,259.125000,P1,1,86,245.000000
RH,71,259.250000,P1,5,71,245.166667
RH,80,259.250000,P1,1,80,245.166667
RH,65,259.375000,P1,5,65,245.333333
RH,85,259.375000,P1,1,85,245.333333
RH,71,259.500000,P1,5,71,245.500000
RH,84,259.666667,P1,1,84,245.666667
RH,74,259.875000,P1,5,74,245.833333
RH,77,259.875000,P1,1,77,245.833333
RH,80,260.125000,P1,5,80,246.000000
RH,83,260.125000,P1,1,83,246.000000
LH,35,262.125000,P1,5,35,248.000000
RH,95,262.125000,P1,1,95,248.000000
LH,41,262.375000,P1,5,41,248.166667
RH,89,262.375000,P1,1,89,248.166667
LH,38,262.500000,P1,5,38,248.333333
RH,94,262.500000,P1,1,94,248.333333
LH,44,262.625000,P1,5,44,248.500000
RH,86,262.625000,P1,1,86,248.500000
LH,38,262.875000,P1,5,38,248.666667
RH,93,262.875000,P1,1,93,248.666667
LH,44,263.000000,P1,5,44,248.833333
RH,89,263.000000,P1,1,89,248.833333
LH,41,263.125000,P1,5,41,249.000000
RH,92,263.125000,P1,1,92,249.000000
LH,47,263.250000,P1,5,47,249.166667
LH,41,263.375000,P1,5,41,249.333333
RH,91,263.375000,P1,1,91,249.333333
LH,47,263.500000,P1,5,47,249.500000
RH,86,263.500000,P1,1,86,249.500000
LH,44,263.625000,P1,5,44,249.666667
RH,90,263.666667,P1,1,90,249.666667
LH,50,263.750000,P1,5,50,249.833333
LH,44,264.000000,P1,5,44,250.000000
RH,89,264.000000,P1,1,89,250.000000
LH,50,264.125000,P1,5,50,250.166667
RH,83,264.125000,P1,1,83,250.166667
LH,47,264.250000,P1,5,47,250.333333
RH,88,264.250000,P1,1,88,250.333333
LH,53,264.375000,P1,5,53,250.500000
RH,80,264.375000,P1,1,80,250.500000
LH,47,264.500000,P1,5,47,250.666667
RH,87,264.500000,P1,1,87,250.666667
LH,50,264.666667,P1,5,50,251.000000
LH,53,264.666667,P1,5,53,250.833333
RH,83,264.666667,P1,1,83,250.833333
LH,56,264.875000,P1,5,56,251.166667
LH,50,265.000000,P1,5,50,251.333333
RH,80,265.000000,P1,1,80,251.166667
RH,85,265.125000,P1,1,85,251.333333
LH,56,265.250000,P1,5,56,251.500000
RH,80,265.250000,P1,1,80,251.500000
LH,53,265.333333,P1,5,53,251.666667
RH,84,265.375000,P1,1,84,251.666667
LH,59,265.500000,P1,5,59,251.833333
RH,77,265.500000,P1,1,77,251.833333
LH,53,265.625000,P1,5,53,252.000000
RH,83,265.666667,P1,1,83,252.000000
LH,59,265.750000,P1,5,59,252.166667
LH,56,265.875000,P1,5,56,252.333333
RH,77,265.875000,P1,1,77,252.166667
RH,62,266.000000,P1,5,62,252.500000
RH,74,266.000000,P1,1,74,252.500000
RH,82,266.000000,P1,1,82,252.333333
LH,56,266.250000,P1,5,56,252.666667
RH,81,266.250000,P1,1,81,252.666667
RH,62,266.375000,P1,5,62,252.833333
RH,77,266.375000,P1,1,77,252.833333
LH,59,266.500000,P1,5,59,253.000000
RH,80,266.500000,P1,1,80,253.000000
RH,65,266.625000,P1,5,65,253.166667
RH,74,266.625000,P1,1,74,253.166667
LH,59,266.750000,P1,5,59,253.333333
RH,79,266.750000,P1,1,79,253.333333
RH,65,266.875000,P1,5,65,253.500000
RH,74,266.875000,P1,1,74,253.500000
RH,78,267.000000,P1,1,78,253.666667
RH,68,267.125000,P1,5,68,253.833333
RH,71,267.250000,P1,1,71,253.833333
RH,65,267.375000,P1,5,65,254.000000
RH,68,267.375000,P1,1,68,254.000000
RH,71,267.375000,P1,5,71,254.000000
RH,74,267.375000,P1,1,74,254.000000
RH,77,267.375000,P1,1,77,254.000000
RH,65,269.500000,P1,5,65,256.000000
RH,77,269.500000,P1,1,77,256.000000
RH,62,269.750000,P1,5,62,256.166667
RH,74,269.750000,P1,1,74,256.166667
RH,76,269.875000,P1,1,76,256.333333
LH,59,270.000000,P1,5,59,256.500000
RH,64,270.000000,P1,5,64,256.333333
RH,68,270.000000,P1,1,68,256.500000
RH,65,271.625000,P1,5,65,258.000000
RH,77,271.625000,P1,1,77,258.000000
RH,62,271.750000,P1,5,62,258.166667
RH,74,271.750000,P1,1,74,258.166667
LH,59,272.000000,P1,5,59,258.500000
RH,64,272.000000,P1,5,64,258.333333
RH,68,272.000000,P1,1,68,258.500000
RH,76,272.000000,P1,1,76,258.333333
RH,65,273.625000,P1,5,65,260.000000
RH,77,273.625000,P1,1,77,260.000000
RH,62,273.750000,P1,5,62,260.166667
RH,74,273.750000,P1,1,74,260.166667
RH,64,274.000000,P1,5,64,260.333333
RH,76,274.000000,P1,1,76,260.333333
LH,59,274.125000,P1,5,59,260.500000
RH,68,274.250000,P1,1,68,260.500000
RH,65,274.375000,P1,5,65,260.666667
RH,77,274.375000,P1,1,77,260.666667
RH,62,274.500000,P1,5,62,260.833333
RH,74,274.500000,P1,1,74,260.833333
LH,59,274.750000,P1,5,59,261.166667
RH,64,274.750000,P1,5,64,261.000000
RH,76,274.750000,P1,1,76,261.000000
RH,68,274.875000,P1,1,68,261.166667
RH,65,275.000000,P1,5,65,261.333333
RH,77,275.000000,P1,1,77,261.333333
RH,62,275.125000,P1,5,62,261.500000
RH,74,275.125000,P1,1,74,261.500000
RH,64,275.250000,P1,5,64,261.666667
RH,76,275.250000,P1,1,76,261.666667
LH,59,275.375000,P1,5,59,261.833333
RH,68,275.500000,P1,1,68,261.833333
RH,65,275.625000,P1,5,65,262.000000
RH,77,275.625000,P1,1,77,262.000000
RH,62,275.750000,P1,5,62,262.166667
RH,74,275.750000,P1,1,74,262.166667
RH,64,275.875000,P1,5,64,262.333333
RH,76,275.875000,P1,1,76,262.333333
LH,59,276.000000,P1,5,59,262.500000
RH,68,276.000000,P1,1,68,262.500000
RH,65,276.125000,P1,5,65,262.666667
RH,77,276.125000,P1,1,77,262.666667
RH,62,276.250000,P1,5,62,262.833333
RH,74,276.250000,P1,1,74,262.833333
RH,64,276.375000,P1,5,64,263.000000
RH,76,276.375000,P1,1,76,263.000000
LH,59,276.500000,P1,5,59,263.166667
RH,68,276.500000,P1,1,68,263.166667
RH,65,276.666667,P1,5,65,263.333333
RH,77,276.666667,P1,1,77,263.333333
RH,62,276.750000,P1,5,62,263.500000
RH,74,276.875000,P1,1,74,263.500000
LH,59,277.000000,P1,5,59,263.833333
RH,64,277.000000,P1,5,64,263.666667
RH,68,277.000000,P1,1,68,263.833333
RH,76,277.000000,P1,1,76,263.666667
RH,65,277.250000,P1,5,65,264.000000
RH,77,277.250000,P1,1,77,264.000000
RH,64,277.375000,P1,5,64,264.166667
RH,74,277.375000,P1,1,74,264.166667
RH,63,277.500000,P1,5,63,264.333333
RH,76,277.500000,P1,1,76,264.333333
RH,62,277.666667,P1,5,62,264.500000
RH,68,277.666667,P1,1,68,264.500000
RH,61,277.750000,P1,5,61,264.666667
RH,77,277.750000,P1,1,77,264.666667
RH,60,278.000000,P1,5,60,264.833333
RH,74,278.000000,P1,1,74,264.833333
LH,59,278.125000,P1,5,59,265.000000
RH,76,278.125000,P1,1,76,265.000000
LH,58,278.250000,P1,5,58,265.166667
RH,68,278.250000,P1,1,68,265.166667
LH,57,278.375000,P1,5,57,265.333333
RH,77,278.375000,P1,1,77,265.333333
LH,56,278.500000,P1,5,56,265.500000
RH,74,278.500000,P1,1,74,265.500000
LH,55,278.625000,P1,5,55,265.666667
RH,76,278.625000,P1,1,76,265.666667
LH,54,278.750000,P1,5,54,265.833333
RH,68,278.750000,P1,1,68,265.833333
LH,53,278.875000,P1,5,53,266.000000
RH,77,278.875000,P1,1,77,266.000000
LH,52,279.125000,P1,5,52,266.166667
RH,74,279.125000,P1,1,74,266.166667
LH,50,279.250000,P1,5,50,266.500000
LH,51,279.250000,P1,5,51,266.333333
RH,76,279.250000,P1,1,76,266.333333
RH,68,279.333333,P1,1,68,266.500000
LH,49,279.375000,P1,5,49,266.666667
RH,77,279.375000,P1,1,77,266.666667
LH,48,279.625000,P1,5,48,266.833333
RH,74,279.625000,P1,1,74,266.833333
LH,47,279.666667,P1,5,47,267.000000
LH,46,279.750000,P1,5,46,267.166667
RH,76,279.750000,P1,1,76,267.000000
RH,68,279.875000,P1,1,68,267.166667
LH,45,280.000000,P1,5,45,267.333333
RH,77,280.000000,P1,1,77,267.333333
LH,44,280.125000,P1,5,44,267.500000
LH,43,280.250000,P1,5,43,267.666667
RH,74,280.250000,P1,1,74,267.500000
LH,42,280.375000,P1,5,42,267.833333
RH,76,280.375000,P1,1,76,267.666667
RH,68,280.500000,P1,1,68,267.833333
LH,41,280.625000,P1,5,41,268.000000
RH,77,280.625000,P1,1,77,268.000000
LH,40,280.750000,P1,5,40,268.166667
LH,39,280.875000,P1,5,39,268.333333
RH,74,280.875000,P1,1,74,268.166667
RH,76,280.875000,P1,1,76,268.333333
LH,40,281.000000,P1,5,40,268.500000
RH,68,281.000000,P1,1,68,268.500000
RH,77,281.125000,P1,1,77,268.666667
LH,41,281.250000,P1,5,41,268.666667
RH,74,281.333333,P1,1,74,268.833333
LH,40,281.375000,P1,5,40,268.833333
RH,76,281.375000,P1,1,76,269.000000
LH,39,281.500000,P1,5,39,269.000000
RH,80,281.666667,P1,1,80,269.166667
LH,40,281.750000,P1,5,40,269.166667
LH,41,281.875000,P1,5,41,269.333333
RH,89,281.875000,P1,1,89,269.333333
RH,86,282.000000,P1,1,86,269.500000
LH,40,282.125000,P1,5,40,269.500000
RH,88,282.125000,P1,1,88,269.666667
LH,39,282.250000,P1,5,39,269.666667
RH,92,282.333333,P1,1,92,269.833333
LH,40,282.375000,P1,5,40,269.833333
RH,101,282.500000,P1,1,101,270.000000
LH,41,282.625000,P1,5,41,270.000000
RH,98,282.666667,P1,1,98,270.166667
LH,40,282.750000,P1,5,40,270.166667
RH,100,282.750000,P1,1,100,270.333333
LH,39,282.875000,P1,5,39,270.333333
RH,92,282.875000,P1,1,92,270.500000
LH,40,283.000000,P1,5,40,270.500000
RH,101,283.000000,P1,1,101,270.666667
LH,41,283.250000,P1,5,41,270.666667
RH,98,283.250000,P1,1,98,270.833333
LH,40,283.375000,P1,5,40,270.833333
RH,100,283.375000,P1,1,100,271.000000
RH,92,283.500000,P1,1,92,271.166667
LH,39,283.625000,P1,5,39,271.000000
RH,101,283.666667,P1,1,101,271.333333
LH,40,283.750000,P1,5,40,271.166667
LH,41,283.750000,P1,5,41,271.333333
LH,39,284.125000,P1,5,39,271.666667
LH,40,284.333333,P1,5,40,271.833333
LH,33,284.750000,P1,5,33,272.000000
RH,101,284.750000,P1,1,101,272.000000
RH,96,285.000000,P1,1,96,272.166667
RH,100,285.125000,P1,1,100,272.333333
RH,93,285.333333,P1,1,93,272.500000
RH,99,285.500000,P1,1,99,272.666667
RH,96,285.625000,P1,1,96,272.833333
LH,57,285.750000,P1,5,57,273.000000
RH,60,285.750000,P1,5,60,273.000000
RH,64,285.750000,P1,5,64,273.000000
RH,98,285.750000,P1,1,98,273.000000
RH,93,285.875000,P1,1,93,273.166667
RH,97,286.000000,P1,1,97,273.333333
RH,93,286.250000,P1,1,93,273.500000
RH,96,286.250000,P1,1,96,273.666667
LH,57,286.333333,P1,5,57,273.750000
RH,60,286.333333,P1,5,60,273.750000
RH,64,286.333333,P1,5,64,273.750000
RH,96,286.333333,P1,1,96,273.666667
RH,88,286.500000,P1,1,88,273.833333
LH,57,286.625000,P1,5,57,274.000000
RH,60,286.625000,P1,5,60,274.000000
RH,64,286.625000,P1,5,64,274.000000
RH,95,286.666667,P1,1,95,274.000000
RH,88,286.750000,P1,1,88,274.166667
RH,94,286.875000,P1,1,94,274.333333
RH,84,287.000000,P1,1,84,274.500000
RH,93,287.250000,P1,1,93,274.666667
RH,88,287.375000,P1,1,88,274.833333
LH,57,287.500000,P1,5,57,275.000000
RH,60,287.500000,P1,5,60,275.000000
RH,65,287.500000,P1,5,65,275.000000
RH,92,287.500000,P1,1,92,275.000000
RH,84,287.666667,P1,1,84,275.166667
RH,91,287.666667,P1,1,91,275.333333
RH,91,287.750000,P1,1,91,275.333333
RH,84,288.000000,P1,1,84,275.500000
RH,90,288.125000,P1,1,90,275.666667
RH,81,288.250000,P1,1,81,275.833333
LH,57,288.375000,P1,5,57,276.000000
RH,60,288.375000,P1,5,60,276.000000
RH,64,288.375000,P1,5,64,276.000000
RH,89,288.375000,P1,1,89,276.000000
RH,84,288.625000,P1,1,84,276.166667
RH,88,288.666667,P1,1,88,276.333333
RH,81,288.875000,P1,1,81,276.500000
RH,87,289.000000,P1,1,87,276.666667
RH,84,289.125000,P1,1,84,276.833333
LH,52,289.250000,P1,5,52,277.000000
LH,57,289.250000,P1,5,57,277.000000
RH,60,289.250000,P1,5,60,277.000000
RH,86,289.250000,P1,1,86,277.000000
RH,81,289.375000,P1,1,81,277.166667
RH,85,289.500000,P1,1,85,277.333333
RH,81,289.666667,P1,1,81,277.500000
RH,84,289.875000,P1,1,84,277.666667
RH,76,290.000000,P1,1,76,277.833333
LH,57,290.250000,P1,5,57,278.000000
RH,60,290.250000,P1,5,60,278.000000
RH,64,290.250000,P1,5,64,278.000000
RH,83,290.250000,P1,1,83,278.000000
RH,76,290.375000,P1,1,76,278.166667
RH,82,290.500000,P1,1,82,278.333333
RH,72,290.625000,P1,1,72,278.500000
RH,81,290.750000,P1,1,81,278.666667
RH,76,291.000000,P1,1,76,278.833333
RH,80,291.125000,P1,1,80,279.000000
RH,72,291.250000,P1,1,72,279.166667
RH,79,291.375000,P1,1,79,279.333333
RH,72,291.500000,P1,1,72,279.500000
RH,78,291.625000,P1,1,78,279.666667
RH,69,291.750000,P1,1,69,279.833333
LH,33,291.875000,P1,5,33,280.000000
RH,77,292.000000,P1,1,77,280.000000
RH,72,292.125000,P1,1,72,280.166667
RH,76,292.250000,P1,1,76,280.333333
RH,69,292.375000,P1,1,69,280.500000
RH,75,292.500000,P1,1,75,280.666667
RH,72,292.666667,P1,1,72,280.833333
LH,45,292.750000,P1,5,45,281.000000
LH,52,292.750000,P1,5,52,281.000000
RH,74,292.750000,P1,1,74,281.000000
RH,69,292.875000,P1,1,69,281.166667
RH,73,293.125000,P1,1,73,281.333333
RH,69,293.250000,P1,1,69,281.500000
LH,45,293.375000,P1,5,45,281.750000
LH,52,293.375000,P1,5,52,281.750000
RH,72,293.375000,P1,1,72,281.666667
RH,64,293.500000,P1,1,64,281.833333
LH,45,293.625000,P1,5,45,282.000000
LH,52,293.625000,P1,5,52,282.000000
RH,71,293.666667,P1,1,71,282.000000
RH,64,293.875000,P1,1,64,282.166667
RH,70,294.000000,P1,1,70,282.333333
RH,60,294.125000,P1,1,60,282.500000
RH,69,294.250000,P1,1,69,282.666667
RH,64,294.375000,P1,1,64,282.833333
LH,45,294.500000,P1,5,45,283.000000
LH,53,294.500000,P1,5,53,283.000000
RH,68,294.500000,P1,1,68,283.000000
RH,60,294.750000,P1,1,60,283.166667
RH,67,294.875000,P1,1,67,283.333333
RH,60,295.000000,P1,1,60,283.500000
RH,66,295.125000,P1,1,66,283.666667
LH,57,295.333333,P1,1,57,283.833333
LH,45,295.375000,P1,5,45,284.000000
LH,52,295.375000,P1,5,52,284.000000
RH,65,295.375000,P1,1,65,284.000000
RH,60,295.625000,P1,1,60,284.166667
RH,64,295.750000,P1,1,64,284.333333
LH,57,295.875000,P1,1,57,284.500000
RH,63,296.000000,P1,1,63,284.666667
RH,60,296.125000,P1,1,60,284.833333
RH,62,296.333333,P1,1,62,285.000000
LH,57,296.500000,P1,1,57,285.166667
RH,61,296.625000,P1,1,61,285.333333
LH,57,296.750000,P1,1,57,285.500000
RH,60,296.875000,P1,1,60,285.666667
LH,52,297.125000,P1,1,52,285.833333
LH,40,297.250000,P1,5,40,286.000000
LH,59,297.250000,P1,1,59,286.000000
LH,52,297.500000,P1,1,52,286.166667
LH,58,297.625000,P1,1,58,286.333333
LH,48,297.750000,P1,1,48,286.500000
LH,57,297.875000,P1,1,57,286.666667
LH,52,298.000000,P1,1,52,286.833333
LH,56,298.250000,P1,1,56,287.000000
LH,48,298.375000,P1,1,48,287.166667
LH,57,298.500000,P1,1,57,287.333333
LH,52,298.666667,P1,1,52,287.500000
RH,60,298.875000,P1,1,60,287.666667
LH,53,299.000000,P1,1,53,287.833333
LH,32,299.125000,P1,5,32,288.000000
RH,64,299.125000,P1,1,64,288.000000
LH,59,299.375000,P1,1,59,288.166667
RH,62,299.500000,P1,1,62,288.333333
RH,65,299.666667,P1,1,65,288.500000
RH,76,299.875000,P1,1,76,288.666667
RH,71,300.000000,P1,1,71,288.833333
LH,53,300.125000,P1,5,53,289.000000
RH,62,300.125000,P1,5,62,289.000000
RH,74,300.125000,P1,1,74,289.000000
RH,77,300.375000,P1,1,77,289.166667
RH,88,300.500000,P1,1,88,289.333333
RH,83,300.666667,P1,1,83,289.500000
RH,86,300.750000,P1,1,86,289.666667
LH,53,300.875000,P1,5,53,289.750000
RH,62,300.875000,P1,5,62,289.750000
RH,77,300.875000,P1,1,77,289.833333
LH,53,301.000000,P1,5,53,290.000000
RH,60,301.000000,P1,5,60,290.000000
RH,86,301.000000,P1,1,86,290.000000
RH,81,301.250000,P1,1,81,290.166667
RH,84,301.375000,P1,1,84,290.333333
RH,77,301.500000,P1,1,77,290.500000
RH,74,301.750000,P1,1,74,290.666667
LH,33,302.000000,P1,5,33,291.000000
LH,45,302.000000,P1,5,45,291.000000
RH,69,302.000000,P1,1,69,290.833333
RH,72,302.000000,P1,1,72,291.000000
RH,65,302.250000,P1,1,65,291.166667
RH,62,302.375000,P1,1,62,291.333333
LH,57,302.625000,P1,1,57,291.500000
RH,60,302.625000,P1,1,60,291.666667
LH,53,302.750000,P1,1,53,291.833333
LH,32,302.875000,P1,5,32,292.000000
LH,44,302.875000,P1,5,44,292.000000
RH,64,303.000000,P1,1,64,292.000000
LH,59,303.125000,P1,1,59,292.166667
RH,62,303.250000,P1,1,62,292.333333
RH,65,303.500000,P1,1,65,292.500000
RH,76,303.625000,P1,1,76,292.666667
RH,71,303.750000,P1,1,71,292.833333
LH,55,303.875000,P1,5,55,293.000000
RH,62,303.875000,P1,5,62,293.000000
RH,74,303.875000,P1,1,74,293.000000
LH,53,304.125000,P1,5,53,293.333333
RH,62,304.125000,P1,5,62,293.333333
RH,77,304.125000,P1,1,77,293.166667
RH,88,304.125000,P1,1,88,293.333333
RH,83,304.375000,P1,1,83,293.500000
LH,52,304.500000,P1,5,52,293.666667
RH,62,304.500000,P1,5,62,293.666667
RH,86,304.500000,P1,1,86,293.666667
LH,52,304.750000,P1,5,52,294.000000
RH,60,304.750000,P1,5,60,294.000000
RH,86,304.875000,P1,1,86,294.000000
RH,81,305.000000,P1,1,81,294.166667
RH,84,305.125000,P1,1,84,294.333333
RH,74,305.500000,P1,1,74,294.666667
RH,69,305.666667,P1,1,69,294.833333
LH,33,305.750000,P1,5,33,295.000000
LH,45,305.750000,P1,5,45,295.000000
RH,72,305.750000,P1,1,72,295.000000
RH,62,306.125000,P1,1,62,295.333333
LH,57,306.333333,P1,1,57,295.500000
RH,60,306.333333,P1,1,60,295.666667
LH,35,306.625000,P1,5,35,296.000000
LH,47,306.625000,P1,5,47,296.000000
LH,59,306.625000,P1,1,59,295.833333
RH,69,306.750000,P1,1,69,296.000000
RH,64,306.875000,P1,1,64,296.166667
RH,68,307.000000,P1,1,68,296.333333
RH,71,307.250000,P1,1,71,296.500000
RH,81,307.333333,P1,1,81,296.666667
LH,56,307.500000,P1,6,56,297.000000
LH,59,307.500000,P1,6,59,297.000000
RH,64,307.500000,P1,5,64,297.000000
RH,76,307.500000,P1,1,76,296.833333
RH,80,307.500000,P1,1,80,297.000000
RH,83,307.750000,P1,1,83,297.166667
RH,68,307.875000,P1,5,68,297.333333
RH,93,308.000000,P1,1,93,297.333333
RH,73,308.125000,P1,5,73,297.666667
RH,88,308.125000,P1,1,88,297.500000
RH,92,308.250000,P1,1,92,297.666667
RH,83,308.333333,P1,1,83,297.833333
LH,59,308.500000,P1,5,59,298.000000
RH,63,308.500000,P1,5,63,298.000000
RH,69,308.500000,P1,5,69,298.000000
RH,71,308.500000,P1,5,71,298.000000
RH,92,308.500000,P1,1,92,298.000000
RH,87,308.666667,P1,1,87,298.166667
RH,90,308.750000,P1,1,90,298.333333
RH,83,308.875000,P1,1,83,298.500000
RH,80,309.125000,P1,1,80,298.666667
RH,75,309.250000,P1,1,75,298.833333
RH,78,309.333333,P1,1,78,299.000000
LH,47,309.375000,P1,5,47,299.000000
LH,59,309.375000,P1,5,59,299.000000
RH,71,309.500000,P1,1,71,299.166667
RH,68,309.750000,P1,1,68,299.333333
RH,66,310.000000,P1,1,66,299.666667
LH,59,310.125000,P1,1,59,299.833333
LH,40,310.333333,P1,5,40,300.000000
LH,52,310.333333,P1,5,52,300.000000
RH,69,310.333333,P1,1,69,300.000000
RH,64,310.500000,P1,1,64,300.166667
RH,68,310.625000,P1,1,68,300.333333
RH,71,310.750000,P1,1,71,300.500000
RH,81,310.875000,P1,1,81,300.666667
RH,76,311.125000,P1,1,76,300.833333
LH,59,311.250000,P1,5,59,301.000000
RH,68,311.250000,P1,5,68,301.000000
RH,80,311.250000,P1,1,80,301.000000
RH,83,311.375000,P1,1,83,301.166667
LH,58,311.500000,P1,5,58,301.333333
RH,67,311.500000,P1,5,67,301.333333
RH,93,311.500000,P1,1,93,301.333333
RH,88,311.666667,P1,1,88,301.500000
LH,59,311.750000,P1,5,59,301.666667
RH,68,311.750000,P1,5,68,301.666667
RH,92,311.750000,P1,1,92,301.666667
RH,83,311.875000,P1,1,83,301.833333
LH,52,312.125000,P1,5,52,302.000000
LH,56,312.125000,P1,5,56,302.000000
RH,64,312.125000,P1,5,64,302.000000
RH,100,312.125000,P1,1,100,302.000000
LH,33,314.125000,P1,5,33,304.000000
RH,101,314.125000,P1,1,101,304.000000
RH,96,314.375000,P1,1,96,304.166667
RH,100,314.625000,P1,1,100,304.333333
RH,93,314.750000,P1,1,93,304.500000
RH,99,314.875000,P1,1,99,304.666667
RH,96,315.000000,P1,1,96,304.833333
LH,57,315.125000,P1,5,57,305.000000
RH,60,315.125000,P1,5,60,305.000000
RH,64,315.125000,P1,5,64,305.000000
RH,98,315.125000,P1,1,98,305.000000
RH,93,315.250000,P1,1,93,305.166667
RH,97,315.375000,P1,1,97,305.333333
RH,93,315.625000,P1,1,93,305.500000
LH,57,315.750000,P1,5,57,305.750000
RH,60,315.750000,P1,5,60,305.750000
RH,64,315.750000,P1,5,64,305.750000
RH,96,315.750000,P1,1,96,305.666667
RH,88,315.875000,P1,1,88,305.833333
LH,57,316.000000,P1,5,57,306.000000
RH,60,316.000000,P1,5,60,306.000000
RH,64,316.000000,P1,5,64,306.000000
RH,95,316.125000,P1,1,95,306.000000
RH,88,316.250000,P1,1,88,306.166667
RH,94,316.333333,P1,1,94,306.333333
RH,84,316.500000,P1,1,84,306.500000
RH,93,316.625000,P1,1,93,306.666667
LH,57,316.875000,P1,5,57,307.000000
RH,60,316.875000,P1,5,60,307.000000
RH,65,316.875000,P1,5,65,307.000000
RH,88,316.875000,P1,1,88,306.833333
RH,92,316.875000,P1,1,92,307.000000
RH,84,317.000000,P1,1,84,307.166667
RH,91,317.250000,P1,1,91,307.333333
RH,84,317.375000,P1,1,84,307.500000
RH,90,317.500000,P1,1,90,307.666667
RH,81,317.666667,P1,1,81,307.833333
LH,57,317.750000,P1,5,57,308.000000
RH,60,317.750000,P1,5,60,308.000000
RH,64,317.750000,P1,5,64,308.000000
RH,89,317.750000,P1,1,89,308.000000
RH,84,318.000000,P1,1,84,308.166667
RH,88,318.125000,P1,1,88,308.333333
RH,81,318.250000,P1,1,81,308.500000
RH,87,318.375000,P1,1,87,308.666667
RH,84,318.625000,P1,1,84,308.833333
LH,52,318.750000,P1,5,52,309.000000
LH,57,318.750000,P1,5,57,309.000000
RH,60,318.750000,P1,5,60,309.000000
RH,86,318.750000,P1,1,86,309.000000
RH,81,318.875000,P1,1,81,309.166667
RH,85,319.000000,P1,1,85,309.333333
RH,81,319.125000,P1,1,81,309.500000
RH,84,319.333333,P1,1,84,309.666667
RH,76,319.500000,P1,1,76,309.833333
LH,57,319.666667,P1,5,57,310.000000
RH,60,319.666667,P1,5,60,310.000000
RH,64,319.666667,P1,5,64,310.000000
RH,83,319.666667,P1,1,83,310.000000
RH,76,319.875000,P1,1,76,310.166667
RH,82,320.000000,P1,1,82,310.333333
RH,72,320.125000,P1,1,72,310.500000
RH,81,320.333333,P1,1,81,310.666667
RH,76,320.500000,P1,1,76,310.833333
RH,80,320.625000,P1,1,80,311.000000
RH,72,320.750000,P1,1,72,311.166667
RH,79,320.875000,P1,1,79,311.333333
RH,72,321.125000,P1,1,72,311.500000
RH,78,321.125000,P1,1,78,311.666667
RH,69,321.333333,P1,1,69,311.833333
LH,31,321.500000,P1,5,31,312.000000
RH,77,321.500000,P1,1,77,312.000000
RH,72,321.666667,P1,1,72,312.166667
RH,76,321.750000,P1,1,76,312.333333
RH,69,321.875000,P1,1,69,312.500000
RH,75,322.000000,P1,1,75,312.666667
RH,72,322.125000,P1,1,72,312.833333
LH,43,322.333333,P1,5,43,313.000000
LH,52,322.333333,P1,5,52,313.000000
RH,74,322.333333,P1,1,74,313.000000
RH,69,322.500000,P1,1,69,313.166667
RH,73,322.625000,P1,1,73,313.333333
RH,69,322.750000,P1,1,69,313.500000
LH,52,322.875000,P1,5,52,313.750000
RH,72,322.875000,P1,1,72,313.666667
RH,64,323.125000,P1,1,64,313.833333
LH,52,323.250000,P1,5,52,314.000000
RH,71,323.250000,P1,1,71,314.000000
RH,64,323.333333,P1,1,64,314.166667
RH,70,323.500000,P1,1,70,314.333333
RH,60,323.625000,P1,1,60,314.500000
RH,69,323.750000,P1,1,69,314.666667
RH,64,324.000000,P1,1,64,314.833333
LH,53,324.125000,P1,5,53,315.000000
RH,60,324.333333,P1,1,60,315.166667
RH,60,324.625000,P1,1,60,315.500000
RH,66,324.750000,P1,1,66,315.666667
LH,57,324.875000,P1,1,57,315.833333
LH,52,325.000000,P1,5,52,316.000000
RH,65,325.125000,P1,1,65,316.000000
RH,60,325.250000,P1,1,60,316.166667
RH,64,325.333333,P1,1,64,316.333333
LH,57,325.500000,P1,1,57,316.500000
RH,63,325.625000,P1,1,63,316.666667
LH,48,325.875000,P1,5,48,317.000000
RH,60,325.875000,P1,1,60,316.833333
RH,62,326.000000,P1,1,62,317.000000
LH,57,326.125000,P1,1,57,317.166667
RH,61,326.250000,P1,1,61,317.333333
LH,57,326.375000,P1,1,57,317.500000
RH,60,326.500000,P1,1,60,317.666667
LH,52,326.666667,P1,1,52,317.833333
LH,41,326.750000,P1,5,41,318.000000
LH,59,326.875000,P1,1,59,318.000000
LH,53,327.000000,P1,1,53,318.166667
LH,57,327.125000,P1,1,57,318.333333
LH,48,327.250000,P1,1,48,318.500000
LH,56,327.500000,P1,1,56,318.666667
LH,53,327.625000,P1,1,53,318.833333
LH,40,327.666667,P1,5,40,319.000000
LH,57,327.666667,P1,1,57,319.000000
LH,48,327.875000,P1,1,48,319.166667
LH,59,328.000000,P1,1,59,319.333333
LH,52,328.250000,P1,1,52,319.500000
RH,60,328.333333,P1,1,60,319.666667
LH,48,328.500000,P1,1,48,319.833333
LH,38,328.666667,P1,5,38,320.000000
RH,60,328.666667,P1,1,60,320.000000
LH,53,328.750000,P1,1,53,320.166667
LH,59,329.000000,P1,1,59,320.333333
LH,59,329.250000,P1,1,59,320.500000
RH,72,329.250000,P1,1,72,320.666667
RH,65,329.500000,P1,1,65,320.833333
RH,71,329.500000,P1,1,71,321.000000
LH,57,329.625000,P1,5,57,321.000000
LH,49,329.875000,P1,5,49,321.333333
LH,50,330.125000,P1,5,50,321.666667
RH,83,330.333333,P1,1,83,321.833333
LH,51,330.500000,P1,5,51,322.000000
RH,96,330.500000,P1,1,96,322.000000
RH,95,330.750000,P1,1,95,322.333333
RH,83,330.875000,P1,1,83,322.500000
RH,84,331.125000,P1,1,84,322.666667
RH,78,331.250000,P1,1,78,322.833333
LH,39,331.375000,P1,5,39,323.000000
RH,83,331.375000,P1,1,83,323.000000
RH,71,331.500000,P1,1,71,323.166667
RH,72,331.666667,P1,1,72,323.333333
RH,71,332.000000,P1,1,71,323.666667
LH,59,332.125000,P1,1,59,323.833333
LH,40,332.250000,P1,5,40,324.000000
RH,74,332.250000,P1,1,74,324.000000
RH,67,332.500000,P1,1,67,324.166667
RH,73,332.500000,P1,1,73,324.333333
RH,73,332.750000,P1,1,73,324.500000
RH,86,332.875000,P1,1,86,324.666667
LH,58,333.125000,P1,5,58,325.000000
RH,67,333.125000,P1,5,67,325.000000
RH,79,333.125000,P1,1,79,324.833333
RH,85,333.125000,P1,1,85,325.000000
LH,51,333.375000,P1,5,51,325.333333
RH,85,333.375000,P1,1,85,325.166667
RH,98,333.500000,P1,1,98,325.333333
LH,52,333.625000,P1,5,52,325.666667
RH,91,333.625000,P1,1,91,325.500000
RH,97,333.750000,P1,1,97,325.666667
RH,85,333.875000,P1,1,85,325.833333
LH,53,334.000000,P1,5,53,326.000000
RH,99,334.125000,P1,1,99,326.000000
RH,94,334.333333,P1,1,94,326.166667
RH,98,334.375000,P1,1,98,326.333333
RH,87,334.750000,P1,1,87,326.666667
LH,53,335.000000,P1,5,53,327.000000
LH,41,335.125000,P1,5,41,327.000000
RH,70,335.500000,P1,1,70,327.500000
RH,62,335.750000,P1,1,62,327.833333
LH,29,336.000000,P1,5,29,328.000000
LH,41,336.000000,P1,5,41,328.000000
RH,76,336.000000,P1,1,76,328.000000
RH,69,336.125000,P1,1,69,328.166667
RH,75,336.250000,P1,1,75,328.333333
RH,63,336.375000,P1,1,63,328.500000
RH,76,336.500000,P1,1,76,328.666667
RH,69,336.666667,P1,1,69,328.833333
RH,75,336.750000,P1,1,75,329.000000
LH,53,336.875000,P1,5,53,329.000000
RH,65,336.875000,P1,5,65,329.000000
RH,75,337.000000,P1,1,75,329.166667
RH,88,337.125000,P1,1,88,329.333333
RH,81,337.333333,P1,1,81,329.500000
LH,53,337.500000,P1,5,53,329.750000
RH,65,337.500000,P1,5,65,329.750000
RH,87,337.500000,P1,1,87,329.666667
RH,87,337.625000,P1,1,87,329.833333
LH,53,337.750000,P1,5,53,330.000000
RH,65,337.750000,P1,5,65,330.000000
RH,100,337.750000,P1,1,100,330.000000
RH,93,337.875000,P1,1,93,330.166667
RH,99,338.000000,P1,1,99,330.333333
RH,87,338.125000,P1,1,87,330.500000
RH,88,338.375000,P1,1,88,330.666667
RH,81,338.500000,P1,1,81,330.833333
RH,67,338.625000,P1,5,67,331.000000
RH,87,338.625000,P1,1,87,331.000000
RH,75,338.750000,P1,1,75,331.166667
RH,88,338.875000,P1,1,88,331.333333
RH,81,339.000000,P1,1,81,331.500000
RH,87,339.125000,P1,1,87,331.666667
RH,87,339.375000,P1,1,87,331.833333
LH,53,339.500000,P1,5,53,332.000000
RH,65,339.500000,P1,5,65,332.000000
RH,100,339.500000,P1,1,100,332.000000
RH,93,339.666667,P1,1,93,332.166667
RH,99,339.750000,P1,1,99,332.333333
RH,87,339.875000,P1,1,87,332.500000
RH,88,340.125000,P1,1,88,332.666667
RH,81,340.333333,P1,1,81,332.833333
LH,48,340.375000,P1,5,48,333.000000
RH,60,340.375000,P1,5,60,333.000000
RH,87,340.375000,P1,1,87,333.000000
RH,75,340.500000,P1,1,75,333.166667
RH,88,340.666667,P1,1,88,333.333333
RH,81,340.875000,P1,1,81,333.500000
RH,87,341.000000,P1,1,87,333.666667
RH,87,341.250000,P1,1,87,333.833333
LH,53,341.375000,P1,5,53,334.000000
RH,65,341.375000,P1,5,65,334.000000
RH,100,341.375000,P1,1,100,334.000000
RH,93,341.500000,P1,1,93,334.166667
RH,99,341.666667,P1,1,99,334.333333
RH,87,341.750000,P1,1,87,334.500000
RH,100,341.875000,P1,1,100,334.666667
RH,93,342.125000,P1,1,93,334.833333
RH,99,342.250000,P1,1,99,335.000000
RH,87,342.333333,P1,1,87,335.166667
RH,100,342.500000,P1,1,100,335.333333
RH,93,342.666667,P1,1,93,335.500000
RH,99,342.750000,P1,1,99,335.666667
RH,87,342.875000,P1,1,87,335.833333
LH,41,343.125000,P1,5,41,336.000000
RH,100,343.125000,P1,1,100,336.000000
RH,95,343.250000,P1,1,95,336.166667
LH,51,343.375000,P1,5,51,336.500000
RH,99,343.375000,P1,1,99,336.333333
RH,93,343.500000,P1,1,93,336.500000
LH,45,343.625000,P1,5,45,336.666667
LH,51,343.666667,P1,5,51,336.833333
RH,100,343.666667,P1,1,100,336.666667
LH,47,343.750000,P1,5,47,337.000000
RH,95,343.750000,P1,1,95,336.833333
RH,99,343.875000,P1,1,99,337.000000
LH,53,344.000000,P1,5,53,337.166667
LH,47,344.125000,P1,5,47,337.333333
RH,100,344.250000,P1,1,100,337.333333
LH,51,344.333333,P1,5,51,337.666667
LH,53,344.333333,P1,5,53,337.500000
RH,95,344.333333,P1,1,95,337.500000
LH,57,344.500000,P1,5,57,337.833333
RH,99,344.500000,P1,1,99,337.666667
LH,51,344.625000,P1,5,51,338.000000
RH,93,344.625000,P1,1,93,337.833333
RH,100,344.750000,P1,1,100,338.000000
LH,57,344.875000,P1,5,57,338.166667
LH,53,345.000000,P1,5,53,338.333333
RH,95,345.000000,P1,1,95,338.166667
RH,99,345.000000,P1,1,99,338.333333
LH,59,345.125000,P1,5,59,338.500000
RH,93,345.125000,P1,1,93,338.500000
LH,53,345.250000,P1,5,53,338.666667
RH,100,345.250000,P1,1,100,338.666667
LH,57,345.375000,P1,5,57,339.000000
RH,95,345.375000,P1,1,95,338.833333
RH,63,345.500000,P1,5,63,339.166667
RH,99,345.500000,P1,1,99,339.000000
RH,93,345.666667,P1,1,93,339.166667
LH,57,345.750000,P1,5,57,339.333333
RH,63,345.750000,P1,5,63,339.500000
RH,100,345.750000,P1,1,100,339.333333
LH,59,346.000000,P1,5,59,339.666667
RH,95,346.000000,P1,1,95,339.500000
RH,65,346.125000,P1,5,65,339.833333
RH,99,346.125000,P1,1,99,339.666667
LH,59,346.250000,P1,5,59,340.000000
RH,93,346.250000,P1,1,93,339.833333
RH,100,346.375000,P1,1,100,340.000000
RH,63,346.500000,P1,5,63,340.333333
RH,65,346.500000,P1,5,65,340.166667
RH,95,346.500000,P1,1,95,340.166667
RH,69,346.666667,P1,5,69,340.500000
RH,99,346.666667,P1,1,99,340.333333
RH,63,346.750000,P1,5,63,340.666667
RH,93,346.750000,P1,1,93,340.500000
RH,100,346.875000,P1,1,100,340.666667
RH,65,347.000000,P1,5,65,341.000000
RH,69,347.000000,P1,5,69,340.833333
RH,95,347.000000,P1,1,95,340.833333
RH,99,347.125000,P1,1,99,341.000000
RH,71,347.250000,P1,5,71,341.166667
RH,93,347.250000,P1,1,93,341.166667
RH,65,347.375000,P1,5,65,341.333333
RH,100,347.375000,P1,1,100,341.333333
RH,69,347.625000,P1,5,69,341.666667
RH,95,347.625000,P1,1,95,341.500000
RH,75,347.666667,P1,5,75,341.833333
RH,99,347.666667,P1,1,99,341.666667
RH,93,347.750000,P1,1,93,341.833333
RH,69,347.875000,P1,5,69,342.000000
RH,100,347.875000,P1,1,100,342.000000
RH,71,348.125000,P1,5,71,342.333333
RH,95,348.125000,P1,1,95,342.166667
RH,99,348.250000,P1,1,99,342.333333
RH,93,348.333333,P1,1,93,342.500000
RH,71,348.375000,P1,5,71,342.666667
RH,77,348.500000,P1,5,77,342.833333
RH,100,348.500000,P1,1,100,342.666667
RH,75,348.625000,P1,5,75,343.000000
RH,95,348.625000,P1,1,95,342.833333
RH,99,348.750000,P1,1,99,343.000000
RH,81,348.875000,P1,5,81,343.166667
RH,93,348.875000,P1,1,93,343.166667
RH,75,349.000000,P1,5,75,343.333333
RH,100,349.000000,P1,1,100,343.333333
RH,81,349.125000,P1,5,81,343.500000
RH,95,349.125000,P1,1,95,343.500000
RH,99,349.333333,P1,1,99,343.666667
RH,76,350.000000,P1,5,76,344.000000
RH,101,350.000000,P1,1,101,344.000000
RH,96,350.125000,P1,1,96,344.166667
RH,100,350.250000,P1,1,100,344.333333
RH,93,350.500000,P1,1,93,344.500000
RH,86,350.625000,P1,5,86,344.666667
RH,98,350.625000,P1,1,98,344.666667
RH,81,350.750000,P1,5,81,344.833333
RH,93,350.750000,P1,1,93,344.833333
RH,96,350.875000,P1,1,96,345.000000
RH,76,351.000000,P1,5,76,345.166667
RH,84,351.000000,P1,5,84,345.000000
RH,88,351.000000,P1,1,88,345.166667
RH,83,351.250000,P1,5,83,345.333333
RH,95,351.250000,P1,1,95,345.333333
RH,76,351.375000,P1,5,76,345.500000
RH,88,351.375000,P1,1,88,345.500000
RH,81,351.500000,P1,5,81,345.666667
RH,93,351.500000,P1,1,93,345.666667
RH,72,351.625000,P1,5,72,345.833333
RH,84,351.625000,P1,1,84,345.833333
RH,77,351.750000,P1,5,77,346.000000
RH,89,351.750000,P1,1,89,346.000000
RH,72,352.000000,P1,5,72,346.166667
RH,84,352.000000,P1,1,84,346.166667
RH,69,352.125000,P1,5,69,346.500000
RH,76,352.125000,P1,5,76,346.333333
RH,88,352.125000,P1,1,88,346.333333
RH,81,352.250000,P1,1,81,346.500000
RH,74,352.375000,P1,5,74,346.666667
RH,69,352.500000,P1,5,69,346.833333
RH,81,352.500000,P1,1,81,346.833333
RH,86,352.500000,P1,1,86,346.666667
RH,72,352.666667,P1,5,72,347.000000
RH,84,352.666667,P1,1,84,347.000000
RH,64,352.750000,P1,5,64,347.166667
RH,76,352.875000,P1,1,76,347.166667
RH,71,353.000000,P1,5,71,347.333333
RH,83,353.000000,P1,1,83,347.333333
RH,64,353.125000,P1,5,64,347.500000
RH,69,353.250000,P1,5,69,347.666667
RH,76,353.250000,P1,1,76,347.500000
RH,81,353.250000,P1,1,81,347.666667
RH,60,353.375000,P1,5,60,347.833333
RH,72,353.375000,P1,1,72,347.833333
RH,65,353.625000,P1,5,65,348.000000
RH,77,353.625000,P1,1,77,348.000000
RH,60,353.750000,P1,5,60,348.166667
RH,72,353.750000,P1,1,72,348.166667
RH,76,353.750000,P1,1,76,348.333333
LH,57,354.000000,P1,5,57,348.500000
RH,64,354.000000,P1,5,64,348.333333
RH,69,354.000000,P1,1,69,348.500000
RH,62,354.250000,P1,5,62,348.666667
RH,74,354.250000,P1,1,74,348.666667
LH,57,354.375000,P1,5,57,348.833333
RH,69,354.375000,P1,1,69,348.833333
RH,60,354.500000,P1,5,60,349.000000
RH,72,354.500000,P1,1,72,349.000000
LH,52,354.625000,P1,5,52,349.166667
RH,64,354.625000,P1,1,64,349.166667
LH,59,354.750000,P1,5,59,349.333333
RH,71,354.875000,P1,1,71,349.333333
LH,52,355.000000,P1,5,52,349.500000
RH,64,355.000000,P1,1,64,349.500000
LH,57,355.125000,P1,5,57,349.666667
RH,69,355.125000,P1,1,69,349.666667
LH,48,355.250000,P1,5,48,349.833333
RH,60,355.250000,P1,1,60,349.833333
LH,52,355.500000,P1,5,52,350.000000
LH,59,355.500000,P1,1,59,350.000000
RH,64,355.500000,P1,1,64,350.000000
RH,69,355.500000,P1,1,69,350.000000
RH,71,355.500000,P1,1,71,350.000000
LH,40,355.625000,P1,5,40,350.000000
LH,28,356.750000,P1,5,28,351.000000
LH,40,356.750000,P1,5,40,351.000000
RH,62,356.750000,P1,1,62,351.000000
RH,64,356.750000,P1,1,64,351.000000
RH,68,356.750000,P1,1,68,351.000000
RH,71,356.750000,P1,1,71,351.000000
RH,76,356.750000,P1,1,76,351.000000
LH,33,358.000000,P1,5,33,352.000000
RH,93,358.000000,P1,1,93,352.000000
LH,40,358.250000,P1,5,40,352.250000
RH,88,358.250000,P1,1,88,352.166667
RH,92,358.375000,P1,1,92,352.333333
LH,48,358.500000,P1,5,48,352.500000
RH,84,358.500000,P1,1,84,352.500000
RH,91,358.666667,P1,1,91,352.666667
LH,40,358.750000,P1,5,40,352.750000
RH,88,358.875000,P1,1,88,352.833333
LH,33,359.000000,P1,5,33,353.000000
RH,90,359.000000,P1,1,90,353.000000
RH,84,359.125000,P1,1,84,353.166667
LH,40,359.250000,P1,5,40,353.250000
RH,89,359.250000,P1,1,89,353.333333
LH,48,359.500000,P1,5,48,353.500000
RH,84,359.500000,P1,1,84,353.500000
RH,88,359.500000,P1,1,88,353.666667
LH,40,359.625000,P1,5,40,353.750000
RH,81,359.750000,P1,1,81,353.833333
LH,33,359.875000,P1,5,33,354.000000
RH,87,359.875000,P1,1,87,354.000000
LH,40,360.125000,P1,5,40,354.250000
RH,84,360.125000,P1,1,84,354.166667
RH,86,360.250000,P1,1,86,354.333333
LH,48,360.333333,P1,5,48,354.500000
RH,81,360.333333,P1,1,81,354.500000
LH,40,360.500000,P1,5,40,354.750000
RH,85,360.500000,P1,1,85,354.666667
RH,81,360.625000,P1,1,81,354.833333
RH,84,360.750000,P1,1,84,355.000000
LH,40,361.000000,P1,5,40,355.250000
RH,76,361.000000,P1,1,76,355.166667
RH,83,361.125000,P1,1,83,355.333333
LH,48,361.250000,P1,5,48,355.500000
RH,76,361.333333,P1,1,76,355.500000
RH,82,361.375000,P1,1,82,355.666667
LH,40,361.500000,P1,5,40,355.750000
RH,72,361.500000,P1,1,72,355.833333
LH,33,361.666667,P1,5,33,356.000000
RH,81,361.666667,P1,1,81,356.000000
LH,40,361.875000,P1,5,40,356.250000
RH,76,361.875000,P1,1,76,356.166667
RH,80,362.000000,P1,1,80,356.333333
LH,48,362.250000,P1,5,48,356.500000
RH,72,362.250000,P1,1,72,356.500000
LH,40,362.333333,P1,5,40,356.750000
RH,79,362.333333,P1,1,79,356.666667
LH,28,362.625000,P1,5,28,357.000000
RH,78,362.625000,P1,1,78,357.000000
LH,40,362.875000,P1,5,40,357.250000
RH,77,362.875000,P1,1,77,357.333333
LH,48,363.125000,P1,5,48,357.500000
RH,72,363.125000,P1,1,72,357.500000
RH,76,363.125000,P1,1,76,357.666667
LH,40,363.333333,P1,5,40,357.750000
RH,69,363.333333,P1,1,69,357.833333
LH,33,363.500000,P1,5,33,358.000000
RH,75,363.500000,P1,1,75,358.000000
RH,72,363.625000,P1,1,72,358.166667
LH,40,363.666667,P1,5,40,358.250000
RH,74,363.750000,P1,1,74,358.333333
RH,69,363.875000,P1,1,69,358.500000
LH,48,364.000000,P1,5,48,358.500000
RH,73,364.000000,P1,1,73,358.666667
LH,40,364.250000,P1,5,40,358.750000
RH,69,364.250000,P1,1,69,358.833333
RH,72,364.375000,P1,1,72,359.000000
LH,48,364.500000,P1,5,48,359.000000
RH,64,364.500000,P1,1,64,359.166667
LH,40,364.666667,P1,5,40,359.250000
RH,71,364.750000,P1,1,71,359.333333
LH,48,364.875000,P1,5,48,359.500000
RH,64,364.875000,P1,1,64,359.500000
LH,40,365.000000,P1,5,40,359.750000
RH,70,365.000000,P1,1,70,359.666667
RH,60,365.125000,P1,1,60,359.833333
LH,33,365.250000,P1,5,33,360.000000
RH,69,365.333333,P1,1,69,360.000000
LH,40,365.500000,P1,5,40,360.250000
RH,64,365.500000,P1,1,64,360.166667
RH,68,365.625000,P1,1,68,360.333333
LH,48,365.750000,P1,5,48,360.500000
RH,60,365.750000,P1,1,60,360.500000
LH,40,366.000000,P1,5,40,360.750000
RH,67,366.000000,P1,1,67,360.666667
LH,33,366.125000,P1,5,33,361.000000
RH,66,366.250000,P1,1,66,361.000000
LH,40,366.375000,P1,5,40,361.250000
RH,65,366.500000,P1,1,65,361.333333
LH,48,366.666667,P1,5,48,361.500000
RH,60,366.750000,P1,1,60,361.500000
RH,64,366.750000,P1,1,64,361.666667
LH,40,366.875000,P1,5,40,361.750000
LH,33,367.000000,P1,5,33,362.000000
LH,57,367.000000,P1,1,57,361.833333
RH,63,367.125000,P1,1,63,362.000000
LH,40,367.250000,P1,5,40,362.250000
RH,60,367.250000,P1,1,60,362.166667
RH,62,367.375000,P1,1,62,362.333333
LH,48,367.500000,P1,5,48,362.500000
LH,57,367.500000,P1,1,57,362.500000
RH,61,367.625000,P1,1,61,362.666667
LH,40,367.750000,P1,5,40,362.750000
LH,57,367.750000,P1,1,57,362.833333
LH,33,368.000000,P1,5,33,363.000000
RH,60,368.000000,P1,1,60,363.000000
LH,40,368.125000,P1,5,40,363.250000
LH,52,368.125000,P1,1,52,363.166667
LH,59,368.333333,P1,1,59,363.333333
LH,48,368.375000,P1,5,48,363.500000
LH,52,368.375000,P1,1,52,363.500000
LH,40,368.625000,P1,5,40,363.750000
LH,58,368.625000,P1,1,58,363.666667
LH,48,368.750000,P1,1,48,363.833333
LH,45,368.875000,P1,5,45,364.000000
LH,57,368.875000,P1,1,57,364.000000
LH,44,369.125000,P1,5,44,364.333333
LH,52,369.125000,P1,1,52,364.166667
LH,56,369.125000,P1,1,56,364.333333
LH,48,369.333333,P1,1,48,364.500000
LH,43,369.500000,P1,5,43,364.666667
LH,55,369.500000,P1,1,55,364.666667
LH,52,369.625000,P1,1,52,364.833333
LH,54,369.750000,P1,1,54,365.000000
LH,48,369.875000,P1,1,48,365.166667
LH,41,370.000000,P1,5,41,365.333333
LH,53,370.000000,P1,1,53,365.333333
LH,40,370.250000,P1,5,40,365.666667
LH,48,370.250000,P1,1,48,365.500000
LH,52,370.250000,P1,1,52,365.666667
LH,45,370.500000,P1,1,45,365.833333
LH,39,370.625000,P1,5,39,366.000000
LH,51,370.625000,P1,1,51,366.000000
LH,48,370.750000,P1,1,48,366.166667
LH,38,370.875000,P1,5,38,366.333333
LH,50,370.875000,P1,1,50,366.333333
LH,45,371.000000,P1,1,45,366.500000
LH,37,371.125000,P1,5,37,366.666667
LH,49,371.125000,P1,1,49,366.666667
LH,45,371.250000,P1,1,45,366.833333
LH,36,371.375000,P1,5,36,367.000000
LH,48,371.375000,P1,1,48,367.000000
LH,40,371.625000,P1,1,40,367.166667
LH,35,371.750000,P1,5,35,367.333333
LH,47,371.750000,P1,1,47,367.333333
LH,34,372.000000,P1,5,34,367.666667
LH,40,372.000000,P1,1,40,367.500000
LH,46,372.000000,P1,1,46,367.666667
LH,40,372.333333,P1,1,40,367.833333
LH,33,372.375000,P1,5,33,368.000000
LH,45,372.375000,P1,1,45,368.000000
LH,33,373.500000,P1,5,33,369.000000
LH,40,373.500000,P1,5,40,369.000000
LH,45,373.500000,P1,5,45,369.000000
LH,57,373.500000,P1,1,57,369.000000
RH,60,373.500000,P1,1,60,369.000000
RH,64,373.500000,P1,1,64,369.000000
RH,69,373.500000,P1,1,69,369.000000
LH,33,374.333333,P1,5,33,369.750000
LH,40,374.333333,P1,5,40,369.750000
LH,45,374.333333,P1,5,45,369.750000
LH,57,374.333333,P1,1,57,369.750000
RH,60,374.333333,P1,1,60,369.750000
RH,69,374.333333,P1,1,69,369.750000
RH,64,374.375000,P1,1,64,369.750000
LH,33,374.500000,P1,5,33,370.000000
LH,40,374.500000,P1,5,40,370.000000
LH,45,374.500000,P1,5,45,370.000000
LH,57,374.500000,P1,1,57,370.000000
RH,60,374.500000,P1,1,60,370.000000
RH,64,374.500000,P1,1,64,370.000000
RH,69,374.500000,P1,1,69,370.000000
LH,33,375.666667,P1,5,33,371.000000
LH,38,375.666667,P1,5,38,371.000000
LH,45,375.666667,P1,5,45,371.000000
LH,57,375.666667,P1,1,57,371.000000
RH,62,375.666667,P1,1,62,371.000000
RH,65,375.666667,P1,1,65,371.000000
RH,69,375.666667,P1,1,69,371.000000
LH,33,377.000000,P1,5,33,372.000000
LH,40,377.000000,P1,5,40,372.000000
LH,45,377.000000,P1,5,45,372.000000
LH,57,377.000000,P1,1,57,372.000000
RH,60,377.000000,P1,1,60,372.000000
RH,64,377.000000,P1,1,64,372.000000
RH,69,377.000000,P1,1,69,372.000000
LH,33,379.625000,P1,5,33,374.000000
LH,41,379.625000,P1,5,41,374.000000
LH,45,379.625000,P1,5,45,374.000000
LH,57,379.625000,P1,1,57,374.000000
LH,59,379.625000,P1,1,59,374.000000
RH,62,379.625000,P1,1,62,374.000000
RH,69,379.625000,P1,1,69,374.000000
LH,33,382.500000,P1,5,33,376.000000
LH,40,382.500000,P1,5,40,376.000000
LH,45,382.500000,P1,5,45,376.000000
LH,57,382.500000,P1,1,57,376.000000
RH,60,382.500000,P1,1,60,376.000000
RH,64,382.500000,P1,1,64,376.000000
RH,69,382.500000,P1,1,69,376.000000
LH,33,383.750000,P1,6,33,377.000000
LH,45,383.750000,P1,2,45,377.000000
LH,35,384.000000,P1,6,35,377.106250
LH,47,384.000000,P1,2,47,377.106250
LH,36,384.125000,P1,6,36,377.212500
LH,48,384.125000,P1,2,48,377.212500
LH,38,384.333333,P1,6,38,377.318750
LH,50,384.333333,P1,2,50,377.318750
LH,40,384.500000,P1,6,40,377.427083
LH,52,384.500000,P1,2,52,377.427083
LH,42,384.625000,P1,6,42,377.533333
LH,54,384.625000,P1,2,54,377.533333
LH,56,384.666667,P1,2,56,377.639583
LH,44,384.750000,P1,6,44,377.639583
LH,45,384.875000,P1,6,45,377.745833
LH,57,384.875000,P1,2,57,377.745833
LH,59,385.000000,P1,2,59,377.854167
LH,47,385.125000,P1,6,47,377.854167
LH,48,385.125000,P1,6,48,377.960417
RH,60,385.125000,P1,2,60,377.960417
LH,50,385.250000,P1,6,50,378.066667
RH,62,385.250000,P1,2,62,378.066667
LH,52,385.375000,P1,6,52,378.172917
RH,64,385.375000,P1,2,64,378.172917
LH,54,385.500000,P1,6,54,378.281250
RH,66,385.500000,P1,2,66,378.281250
RH,68,385.625000,P1,2,68,378.387500
LH,56,385.666667,P1,6,56,378.387500
LH,57,385.750000,P1,6,57,378.493750
RH,69,385.750000,P1,2,69,378.493750
RH,71,385.875000,P1,2,71,378.600000
LH,59,386.000000,P1,6,59,378.600000
RH,72,386.000000,P1,2,72,378.708333
RH,60,386.125000,P1,6,60,378.708333
RH,62,386.250000,P1,6,62,378.814583
RH,74,386.250000,P1,2,74,378.814583
RH,64,386.333333,P1,6,64,378.920833
RH,76,386.333333,P1,2,76,378.920833
RH,66,386.500000,P1,6,66,379.027083
RH,78,386.500000,P1,2,78,379.027083
RH,80,386.500000,P1,2,80,379.135417
RH,68,386.625000,P1,6,68,379.135417
RH,69,386.750000,P1,6,69,379.241667
RH,81,386.750000,P1,2,81,379.241667
RH,71,386.875000,P1,6,71,379.347917
RH,83,386.875000,P1,2,83,379.347917
RH,84,386.875000,P1,2,84,379.454167
RH,72,387.000000,P1,6,72,379.454167
RH,74,387.125000,P1,6,74,379.562500
RH,86,387.125000,P1,2,86,379.562500
RH,76,387.250000,P1,6,76,379.668750
RH,88,387.250000,P1,2,88,379.668750
RH,78,387.333333,P1,6,78,379.775000
RH,90,387.333333,P1,2,90,379.775000
RH,80,387.500000,P1,6,80,379.881250
RH,92,387.500000,P1,2,92,379.881250
RH,93,387.625000,P1,1,93,380.000000
