hand,pitch,onset_ql,reference_part,reference_voice,reference_pitch,reference_onset_ql
LH,44,2.000000,P1,5,44,0.000000
RH,87,2.375000,P1,1,87,0.250000
RH,83,2.625000,P1,1,83,0.500000
RH,80,2.750000,P1,1,80,0.750000
LH,56,3.125000,P1,5,56,1.000000
LH,59,3.125000,P1,5,59,1.000000
RH,63,3.125000,P1,5,63,1.000000
RH,80,3.125000,P1,1,80,1.000000
RH,63,3.250000,P1,5,63,1.000000
RH,83,3.250000,P1,1,83,1.250000
RH,80,3.500000,P1,1,80,1.500000
RH,75,3.750000,P1,1,75,1.750000
RH,75,4.000000,P1,1,75,2.000000
RH,80,4.250000,P1,1,80,2.250000
RH,75,4.375000,P1,1,75,2.500000
RH,71,4.625000,P1,1,71,2.750000
RH,71,4.875000,P1,1,71,3.000000
RH,75,5.125000,P1,1,75,3.250000
RH,71,5.333333,P1,1,71,3.500000
RH,68,5.625000,P1,1,68,3.750000
RH,68,5.750000,P1,1,68,4.000000
RH,71,6.000000,P1,1,71,4.250000
RH,68,6.250000,P1,1,68,4.500000
RH,63,6.500000,P1,1,63,4.750000
LH,58,6.666667,P1,5,58,5.000000
RH,67,6.666667,P1,1,67,5.000000
RH,70,6.666667,P1,1,70,5.000000
LH,51,6.750000,P1,5,51,5.000000
LH,44,7.875000,P1,5,44,6.000000
RH,83,7.875000,P1,1,83,6.000000
RH,87,8.125000,P1,1,87,6.250000
RH,83,8.375000,P1,1,83,6.500000
RH,80,8.625000,P1,1,80,6.750000
RH,63,8.750000,P1,5,63,7.000000
RH,63,8.875000,P1,5,63,7.000000
RH,80,8.875000,P1,1,80,7.000000
RH,83,9.125000,P1,1,83,7.250000
RH,80,9.333333,P1,1,80,7.500000
RH,75,9.500000,P1,1,75,7.750000
RH,75,9.750000,P1,1,75,8.000000
RH,80,10.000000,P1,1,80,8.250000
RH,75,10.250000,P1,1,75,8.500000
RH,71,10.375000,P1,1,71,8.750000
RH,71,10.666667,P1,1,71,9.000000
RH,75,10.875000,P1,1,75,9.250000
RH,71,11.125000,P1,1,71,9.500000
RH,68,11.250000,P1,1,68,9.750000
RH,68,11.500000,P1,1,68,10.000000
RH,71,11.750000,P1,1,71,10.250000
RH,68,12.000000,P1,1,68,10.500000
RH,63,12.250000,P1,1,63,10.750000
LH,51,12.500000,P1,5,51,11.000000
LH,58,12.500000,P1,5,58,11.000000
RH,67,12.500000,P1,1,67,11.000000
RH,70,12.500000,P1,1,70,11.000000
RH,63,12.625000,P1,5,63,11.000000
LH,56,13.625000,P1,5,56,12.000000
RH,68,13.625000,P1,1,68,12.000000
RH,71,13.625000,P1,1,71,12.000000
LH,59,13.666667,P1,5,59,12.000000
RH,63,13.666667,P1,5,63,12.000000
LH,58,14.625000,P1,5,58,13.000000
RH,70,14.625000,P1,1,70,13.000000
RH,76,14.625000,P1,1,76,13.000000
LH,51,14.666667,P1,5,51,13.000000
RH,64,14.666667,P1,5,64,13.000000
RH,67,14.666667,P1,1,67,13.000000
RH,76,15.666667,P1,1,76,14.000000
LH,51,15.750000,P1,5,51,14.000000
LH,58,15.750000,P1,5,58,14.000000
RH,67,15.750000,P1,1,67,14.000000
RH,70,15.750000,P1,1,70,14.000000
LH,51,16.750000,P1,5,51,15.000000
LH,58,16.750000,P1,5,58,15.000000
RH,64,16.750000,P1,5,64,15.000000
RH,67,16.750000,P1,1,67,15.000000
RH,70,16.750000,P1,1,70,15.000000
RH,76,16.750000,P1,1,76,15.000000
LH,51,17.875000,P1,5,51,16.000000
LH,58,17.875000,P1,5,58,16.000000
RH,63,17.875000,P1,5,63,16.000000
RH,67,17.875000,P1,1,67,16.000000
RH,70,17.875000,P1,1,70,16.000000
RH,75,17.875000,P1,1,75,16.000000
LH,51,19.000000,P1,5,51,17.000000
LH,58,19.000000,P1,5,58,17.000000
RH,61,19.000000,P1,5,61,17.000000
RH,67,19.000000,P1,1,67,17.000000
RH,70,19.000000,P1,1,70,17.000000
RH,73,19.000000,P1,1,73,17.000000
LH,44,20.375000,P1,5,44,18.000000
RH,83,20.500000,P1,1,83,18.000000
RH,87,20.750000,P1,1,87,18.250000
RH,83,21.000000,P1,1,83,18.500000
RH,80,21.125000,P1,1,80,18.750000
LH,56,21.375000,P1,5,56,19.000000
LH,59,21.375000,P1,5,59,19.000000
RH,63,21.375000,P1,5,63,19.000000
RH,80,21.375000,P1,1,80,19.000000
RH,83,21.666667,P1,1,83,19.250000
RH,80,21.875000,P1,1,80,19.500000
RH,75,22.125000,P1,1,75,19.750000
RH,75,22.333333,P1,1,75,20.000000
RH,80,22.500000,P1,1,80,20.250000
RH,75,22.750000,P1,1,75,20.500000
RH,71,23.000000,P1,1,71,20.750000
RH,71,23.250000,P1,1,71,21.000000
RH,75,23.375000,P1,1,75,21.250000
RH,71,23.666667,P1,1,71,21.500000
RH,68,23.875000,P1,1,68,21.750000
RH,68,24.125000,P1,1,68,22.000000
RH,71,24.250000,P1,1,71,22.250000
RH,68,24.500000,P1,1,68,22.500000
RH,63,24.750000,P1,1,63,22.750000
RH,67,25.000000,P1,1,67,23.000000
RH,70,25.000000,P1,1,70,23.000000
LH,51,25.125000,P1,5,51,23.000000
LH,58,25.125000,P1,5,58,23.000000
RH,63,25.125000,P1,5,63,23.000000
LH,44,26.125000,P1,5,44,24.000000
RH,83,26.125000,P1,1,83,24.000000
RH,87,26.375000,P1,1,87,24.250000
RH,83,26.666667,P1,1,83,24.500000
RH,80,26.875000,P1,1,80,24.750000
LH,56,27.125000,P1,5,56,25.000000
LH,59,27.125000,P1,5,59,25.000000
RH,63,27.125000,P1,5,63,25.000000
RH,80,27.125000,P1,1,80,25.000000
RH,63,27.250000,P1,5,63,25.000000
RH,83,27.333333,P1,1,83,25.250000
RH,80,27.500000,P1,1,80,25.500000
RH,75,27.750000,P1,1,75,25.750000
RH,75,28.000000,P1,1,75,26.000000
RH,80,28.250000,P1,1,80,26.250000
RH,75,28.500000,P1,1,75,26.500000
RH,71,28.666667,P1,1,71,26.750000
RH,71,28.875000,P1,1,71,27.000000
RH,75,29.125000,P1,1,75,27.250000
RH,71,29.333333,P1,1,71,27.500000
RH,68,29.500000,P1,1,68,27.750000
RH,68,29.750000,P1,1,68,28.000000
RH,71,30.000000,P1,1,71,28.250000
RH,68,30.250000,P1,1,68,28.500000
RH,63,30.375000,P1,1,63,28.750000
LH,51,30.750000,P1,5,51,29.000000
LH,58,30.750000,P1,5,58,29.000000
RH,63,30.750000,P1,5,63,29.000000
RH,67,30.750000,P1,1,67,29.000000
RH,70,30.750000,P1,1,70,29.000000
LH,56,31.750000,P1,5,56,30.000000
RH,63,31.750000,P1,5,63,30.000000
RH,68,31.750000,P1,1,68,30.000000
RH,71,31.750000,P1,1,71,30.000000
LH,54,32.875000,P1,5,54,31.000000
LH,58,32.875000,P1,5,58,31.000000
RH,64,32.875000,P1,5,64,31.000000
RH,66,32.875000,P1,1,66,31.000000
RH,70,32.875000,P1,1,70,31.000000
RH,76,32.875000,P1,1,76,31.000000
LH,54,33.875000,P1,5,54,32.000000
RH,64,33.875000,P1,5,64,32.000000
RH,66,33.875000,P1,1,66,32.000000
RH,70,33.875000,P1,1,70,32.000000
RH,76,33.875000,P1,1,76,32.000000
LH,58,34.000000,P1,5,58,32.000000
LH,58,34.875000,P1,5,58,33.000000
RH,66,34.875000,P1,1,66,33.000000
RH,70,34.875000,P1,1,70,33.000000
RH,76,34.875000,P1,1,76,33.000000
LH,54,35.000000,P1,5,54,33.000000
RH,64,35.000000,P1,5,64,33.000000
RH,66,35.125000,P1,1,66,33.000000
LH,54,36.000000,P1,5,54,34.000000
LH,58,36.000000,P1,5,58,34.000000
RH,63,36.000000,P1,5,63,34.000000
RH,66,36.000000,P1,1,66,34.000000
RH,70,36.000000,P1,1,70,34.000000
RH,75,36.000000,P1,1,75,34.000000
RH,74,37.000000,P1,1,74,35.000000
LH,54,37.125000,P1,5,54,35.000000
LH,58,37.125000,P1,5,58,35.000000
RH,62,37.125000,P1,5,62,35.000000
RH,66,37.125000,P1,1,66,35.000000
RH,70,37.125000,P1,1,70,35.000000
LH,47,38.625000,P1,5,47,36.000000
RH,87,38.625000,P1,1,87,36.000000
RH,90,38.875000,P1,1,90,36.250000
RH,87,39.125000,P1,1,87,36.500000
RH,83,39.333333,P1,1,83,36.750000
RH,83,39.500000,P1,1,83,37.000000
LH,54,39.625000,P1,5,54,37.000000
LH,59,39.625000,P1,5,59,37.000000
RH,63,39.625000,P1,5,63,37.000000
RH,87,39.750000,P1,1,87,37.250000
RH,83,40.000000,P1,1,83,37.500000
RH,78,40.125000,P1,1,78,37.750000
RH,78,40.375000,P1,1,78,38.000000
RH,83,40.625000,P1,1,83,38.250000
RH,78,40.875000,P1,1,78,38.500000
RH,75,41.000000,P1,1,75,38.750000
RH,75,41.250000,P1,1,75,39.000000
RH,78,41.500000,P1,1,78,39.250000
RH,75,41.750000,P1,1,75,39.500000
RH,71,41.875000,P1,1,71,39.750000
RH,71,42.125000,P1,1,71,40.000000
RH,75,42.375000,P1,1,75,40.250000
RH,71,42.625000,P1,1,71,40.500000
RH,66,42.750000,P1,1,66,40.750000
LH,54,43.000000,P1,5,54,41.000000
RH,64,43.000000,P1,5,64,41.000000
RH,70,43.000000,P1,1,70,41.000000
RH,73,43.000000,P1,1,73,41.000000
LH,47,44.125000,P1,5,47,42.000000
RH,87,44.250000,P1,1,87,42.000000
RH,90,44.375000,P1,1,90,42.250000
RH,87,44.666667,P1,1,87,42.500000
RH,83,44.875000,P1,1,83,42.750000
LH,54,45.125000,P1,5,54,43.000000
LH,59,45.125000,P1,5,59,43.000000
RH,63,45.125000,P1,5,63,43.000000
RH,83,45.125000,P1,1,83,43.000000
RH,63,45.250000,P1,5,63,43.000000
RH,87,45.333333,P1,1,87,43.250000
RH,83,45.500000,P1,1,83,43.500000
RH,78,45.750000,P1,1,78,43.750000
RH,78,46.000000,P1,1,78,44.000000
RH,83,46.250000,P1,1,83,44.250000
RH,78,46.375000,P1,1,78,44.500000
RH,75,46.625000,P1,1,75,44.750000
RH,75,46.875000,P1,1,75,45.000000
RH,78,47.000000,P1,1,78,45.250000
RH,75,47.250000,P1,1,75,45.500000
RH,71,47.500000,P1,1,71,45.750000
RH,71,47.750000,P1,1,71,46.000000
RH,75,48.000000,P1,1,75,46.250000
RH,71,48.250000,P1,1,71,46.500000
RH,66,48.375000,P1,1,66,46.750000
RH,70,48.666667,P1,1,70,47.000000
RH,73,48.666667,P1,1,73,47.000000
LH,54,48.750000,P1,5,54,47.000000
RH,64,48.750000,P1,5,64,47.000000
RH,75,49.666667,P1,1,75,48.000000
LH,59,49.750000,P1,5,59,48.000000
RH,63,49.750000,P1,5,63,48.000000
RH,71,49.750000,P1,1,71,48.000000
RH,80,50.750000,P1,1,80,49.000000
LH,54,50.875000,P1,5,54,49.000000
RH,64,50.875000,P1,5,64,49.000000
RH,70,50.875000,P1,1,70,49.000000
RH,73,50.875000,P1,1,73,49.000000
RH,70,51.875000,P1,1,70,50.000000
RH,80,51.875000,P1,1,80,50.000000
LH,54,52.000000,P1,5,54,50.000000
RH,64,52.000000,P1,5,64,50.000000
RH,73,52.000000,P1,1,73,50.000000
RH,73,52.875000,P1,1,73,51.000000
RH,80,52.875000,P1,1,80,51.000000
LH,54,53.000000,P1,5,54,51.000000
RH,64,53.000000,P1,5,64,51.000000
RH,70,53.000000,P1,1,70,51.000000
RH,63,54.000000,P1,5,63,52.000000
RH,70,54.000000,P1,1,70,52.000000
RH,75,54.000000,P1,1,75,52.000000
RH,78,54.000000,P1,1,78,52.000000
LH,54,54.125000,P1,5,54,52.000000
RH,61,55.125000,P1,5,61,53.000000
RH,70,55.125000,P1,1,70,53.000000
RH,76,55.125000,P1,1,76,53.000000
LH,54,55.250000,P1,5,54,53.000000
RH,86,56.625000,P1,1,86,54.000000
LH,47,56.666667,P1,5,47,54.000000
RH,90,57.000000,P1,1,90,54.250000
RH,86,57.333333,P1,1,86,54.500000
RH,83,57.500000,P1,1,83,54.750000
LH,54,57.750000,P1,5,54,55.000000
LH,59,57.750000,P1,5,59,55.000000
RH,62,57.750000,P1,5,62,55.000000
RH,83,57.750000,P1,1,83,55.000000
RH,86,58.000000,P1,1,86,55.250000
RH,83,58.250000,P1,1,83,55.500000
RH,78,58.375000,P1,1,78,55.750000
RH,78,58.666667,P1,1,78,56.000000
RH,83,58.875000,P1,1,83,56.250000
RH,78,59.125000,P1,1,78,56.500000
RH,74,59.250000,P1,1,74,56.750000
RH,74,59.625000,P1,1,74,57.000000
RH,78,59.750000,P1,1,78,57.250000
RH,74,60.000000,P1,1,74,57.500000
RH,71,60.250000,P1,1,71,57.750000
RH,71,60.375000,P1,1,71,58.000000
RH,74,60.625000,P1,1,74,58.250000
RH,71,60.875000,P1,1,71,58.500000
RH,66,61.000000,P1,1,66,58.750000
RH,70,61.250000,P1,1,70,59.000000
RH,73,61.250000,P1,1,73,59.000000
LH,54,61.333333,P1,5,54,59.000000
RH,64,61.333333,P1,5,64,59.000000
LH,47,62.500000,P1,5,47,60.000000
RH,86,62.500000,P1,1,86,60.000000
RH,90,62.750000,P1,1,90,60.250000
RH,86,63.000000,P1,1,86,60.500000
RH,83,63.250000,P1,1,83,60.750000
LH,54,63.375000,P1,5,54,61.000000
LH,59,63.375000,P1,5,59,61.000000
RH,62,63.375000,P1,5,62,61.000000
RH,83,63.375000,P1,1,83,61.000000
RH,86,63.666667,P1,1,86,61.250000
RH,83,63.875000,P1,1,83,61.500000
RH,78,64.125000,P1,1,78,61.750000
RH,78,64.333333,P1,1,78,62.000000
RH,83,64.500000,P1,1,83,62.250000
RH,78,64.750000,P1,1,78,62.500000
RH,74,65.000000,P1,1,74,62.750000
RH,74,65.250000,P1,1,74,63.000000
RH,78,65.375000,P1,1,78,63.250000
RH,74,65.625000,P1,1,74,63.500000
RH,71,65.875000,P1,1,71,63.750000
RH,71,66.125000,P1,1,71,64.000000
RH,74,66.333333,P1,1,74,64.250000
RH,71,66.500000,P1,1,71,64.500000
RH,66,66.750000,P1,1,66,64.750000
RH,70,67.000000,P1,1,70,65.000000
RH,73,67.000000,P1,1,73,65.000000
LH,54,67.125000,P1,5,54,65.000000
RH,64,67.125000,P1,5,64,65.000000
LH,59,68.125000,P1,5,59,66.000000
RH,62,68.125000,P1,5,62,66.000000
RH,66,68.125000,P1,1,66,66.000000
RH,71,68.125000,P1,1,71,66.000000
RH,74,68.125000,P1,1,74,66.000000
RH,76,69.125000,P1,1,76,67.000000
RH,83,69.125000,P1,1,83,67.000000
LH,57,69.250000,P1,5,57,67.000000
RH,67,69.250000,P1,5,67,67.000000
RH,73,69.250000,P1,1,73,67.000000
LH,57,70.250000,P1,5,57,68.000000
RH,67,70.250000,P1,5,67,68.000000
RH,73,70.250000,P1,1,73,68.000000
RH,76,70.250000,P1,1,76,68.000000
RH,83,70.250000,P1,1,83,68.000000
RH,73,71.250000,P1,1,73,69.000000
RH,83,71.250000,P1,1,83,69.000000
LH,57,71.333333,P1,5,57,69.000000
RH,67,71.333333,P1,5,67,69.000000
RH,76,71.333333,P1,1,76,69.000000
RH,66,72.333333,P1,5,66,70.000000
RH,81,72.333333,P1,1,81,70.000000
LH,57,72.375000,P1,5,57,70.000000
RH,78,72.375000,P1,1,78,70.000000
LH,57,73.375000,P1,5,57,71.000000
RH,64,73.375000,P1,5,64,71.000000
RH,79,73.375000,P1,1,79,71.000000
LH,59,74.375000,P1,5,59,72.000000
RH,62,74.375000,P1,5,62,72.000000
RH,74,74.375000,P1,1,74,72.000000
RH,78,74.375000,P1,1,78,72.000000
RH,79,75.500000,P1,1,79,73.000000
LH,54,75.625000,P1,5,54,73.000000
RH,64,75.625000,P1,5,64,73.000000
RH,70,75.625000,P1,1,70,73.000000
RH,73,75.625000,P1,1,73,73.000000
RH,70,76.666667,P1,1,70,74.000000
RH,73,76.666667,P1,1,73,74.000000
RH,79,76.666667,P1,1,79,74.000000
LH,54,76.750000,P1,5,54,74.000000
RH,64,76.750000,P1,5,64,74.000000
LH,54,77.750000,P1,5,54,75.000000
RH,70,77.750000,P1,1,70,75.000000
RH,73,77.750000,P1,1,73,75.000000
RH,79,77.750000,P1,1,79,75.000000
RH,64,77.875000,P1,5,64,75.000000
RH,61,78.750000,P1,5,61,76.000000
RH,78,78.750000,P1,1,78,76.000000
LH,54,78.875000,P1,5,54,76.000000
RH,70,78.875000,P1,1,70,76.000000
RH,73,78.875000,P1,1,73,76.000000
LH,54,79.875000,P1,5,54,77.000000
LH,58,79.875000,P1,5,58,77.000000
RH,73,79.875000,P1,1,73,77.000000
RH,76,79.875000,P1,1,76,77.000000
LH,56,81.000000,P1,5,56,78.000000
LH,59,81.000000,P1,5,59,78.000000
RH,71,81.000000,P1,1,71,78.000000
RH,75,81.000000,P1,1,75,78.000000
RH,64,82.125000,P1,1,64,79.000000
RH,68,82.125000,P1,1,68,79.000000
RH,76,82.125000,P1,1,76,79.000000
LH,49,82.250000,P1,5,49,79.000000
LH,56,82.250000,P1,5,56,79.000000
RH,61,82.250000,P1,5,61,79.000000
LH,56,83.250000,P1,5,56,80.000000
RH,64,83.250000,P1,1,64,80.000000
RH,68,83.250000,P1,1,68,80.000000
RH,76,83.250000,P1,1,76,80.000000
RH,61,83.333333,P1,5,61,80.000000
LH,49,83.375000,P1,5,49,80.000000
LH,56,84.375000,P1,5,56,81.000000
RH,61,84.375000,P1,5,61,81.000000
RH,64,84.375000,P1,1,64,81.000000
RH,68,84.375000,P1,1,68,81.000000
RH,76,84.375000,P1,1,76,81.000000
LH,49,84.500000,P1,5,49,81.000000
LH,51,85.500000,P1,5,51,82.000000
LH,56,85.500000,P1,5,56,82.000000
LH,59,85.500000,P1,5,59,82.000000
RH,63,85.500000,P1,1,63,82.000000
RH,68,85.500000,P1,1,68,82.000000
RH,75,85.500000,P1,1,75,82.000000
RH,63,85.666667,P1,1,63,82.000000
LH,56,86.625000,P1,5,56,83.000000
RH,68,86.625000,P1,1,68,83.000000
RH,73,86.625000,P1,1,73,83.000000
LH,52,86.666667,P1,5,52,83.000000
RH,61,86.666667,P1,1,61,83.000000
LH,51,87.750000,P1,5,51,84.000000
LH,56,87.750000,P1,5,56,84.000000
LH,59,87.750000,P1,5,59,84.000000
RH,63,87.750000,P1,1,63,84.000000
RH,68,87.750000,P1,1,68,84.000000
RH,71,87.750000,P1,1,71,84.000000
LH,51,88.750000,P1,5,51,85.000000
LH,56,88.750000,P1,5,56,85.000000
RH,63,88.750000,P1,1,63,85.000000
RH,68,88.750000,P1,1,68,85.000000
RH,71,88.750000,P1,1,71,85.000000
LH,59,88.875000,P1,5,59,85.000000
LH,51,89.875000,P1,5,51,86.000000
LH,56,89.875000,P1,5,56,86.000000
RH,63,89.875000,P1,1,63,86.000000
RH,68,89.875000,P1,1,68,86.000000
RH,71,89.875000,P1,1,71,86.000000
LH,59,90.000000,P1,5,59,86.000000
LH,51,91.000000,P1,5,51,87.000000
LH,55,91.000000,P1,5,55,87.000000
LH,58,91.000000,P1,5,58,87.000000
RH,67,91.000000,P1,1,67,87.000000
RH,70,91.000000,P1,1,70,87.000000
LH,51,92.125000,P1,5,51,88.000000
RH,63,92.125000,P1,1,63,88.000000
RH,70,92.125000,P1,1,70,88.000000
LH,55,92.250000,P1,5,55,88.000000
LH,58,92.250000,P1,5,58,88.000000
RH,67,92.250000,P1,1,67,88.000000
LH,51,93.500000,P1,5,51,89.000000
LH,55,93.500000,P1,5,55,89.000000
LH,58,93.500000,P1,5,58,89.000000
RH,67,93.500000,P1,1,67,89.000000
RH,70,93.500000,P1,1,70,89.000000
LH,44,95.750000,P1,5,44,90.000000
RH,84,95.750000,P1,1,84,90.000000
RH,87,96.333333,P1,1,87,90.250000
RH,84,96.666667,P1,1,84,90.500000
RH,80,96.875000,P1,1,80,90.750000
LH,51,97.125000,P1,5,51,91.000000
LH,56,97.125000,P1,5,56,91.000000
RH,60,97.125000,P1,5,60,91.000000
RH,80,97.125000,P1,1,80,91.000000
RH,84,97.375000,P1,1,84,91.250000
RH,80,97.666667,P1,1,80,91.500000
RH,75,97.875000,P1,1,75,91.750000
RH,75,98.125000,P1,1,75,92.000000
RH,80,98.250000,P1,1,80,92.250000
RH,75,98.500000,P1,1,75,92.500000
RH,72,98.750000,P1,1,72,92.750000
RH,72,99.000000,P1,1,72,93.000000
RH,75,99.125000,P1,1,75,93.250000
RH,72,99.375000,P1,1,72,93.500000
RH,68,99.625000,P1,1,68,93.750000
RH,68,99.875000,P1,1,68,94.000000
RH,72,100.125000,P1,1,72,94.250000
RH,68,100.333333,P1,1,68,94.500000
RH,63,100.500000,P1,1,63,94.750000
RH,67,100.750000,P1,1,67,95.000000
RH,70,100.750000,P1,1,70,95.000000
RH,61,100.875000,P1,5,61,95.000000
LH,44,102.000000,P1,5,44,96.000000
RH,84,102.000000,P1,1,84,96.000000
RH,87,102.250000,P1,1,87,96.250000
RH,84,102.500000,P1,1,84,96.500000
RH,80,102.666667,P1,1,80,96.750000
RH,80,102.875000,P1,1,80,97.000000
LH,51,103.000000,P1,5,51,97.000000
RH,84,103.125000,P1,1,84,97.250000
RH,80,103.375000,P1,1,80,97.500000
RH,75,103.625000,P1,1,75,97.750000
RH,75,103.875000,P1,1,75,98.000000
RH,80,104.000000,P1,1,80,98.250000
RH,75,104.250000,P1,1,75,98.500000
RH,72,104.500000,P1,1,72,98.750000
RH,72,104.750000,P1,1,72,99.000000
RH,75,104.875000,P1,1,75,99.250000
RH,72,105.125000,P1,1,72,99.500000
RH,68,105.333333,P1,1,68,99.750000
RH,68,105.625000,P1,1,68,100.000000
RH,72,105.750000,P1,1,72,100.250000
RH,68,106.000000,P1,1,68,100.500000
RH,63,106.250000,P1,1,63,100.750000
LH,51,106.500000,P1,5,51,101.000000
RH,61,106.500000,P1,5,61,101.000000
RH,67,106.500000,P1,1,67,101.000000
RH,70,106.500000,P1,1,70,101.000000
LH,44,107.666667,P1,5,44,102.000000
RH,87,107.666667,P1,1,87,102.000000
RH,92,108.000000,P1,1,92,102.250000
RH,87,108.250000,P1,1,87,102.500000
RH,84,108.375000,P1,1,84,102.750000
LH,51,108.625000,P1,5,51,103.000000
LH,56,108.625000,P1,5,56,103.000000
RH,60,108.625000,P1,5,60,103.000000
RH,84,108.625000,P1,1,84,103.000000
RH,87,108.875000,P1,1,87,103.250000
RH,84,109.125000,P1,1,84,103.500000
RH,80,109.333333,P1,1,80,103.750000
RH,80,109.500000,P1,1,80,104.000000
RH,84,109.750000,P1,1,84,104.250000
RH,80,109.875000,P1,1,80,104.500000
RH,75,110.125000,P1,1,75,104.750000
RH,75,110.375000,P1,1,75,105.000000
RH,80,110.500000,P1,1,80,105.250000
RH,75,110.750000,P1,1,75,105.500000
RH,72,111.000000,P1,1,72,105.750000
RH,72,111.125000,P1,1,72,106.000000
RH,75,111.333333,P1,1,75,106.250000
RH,72,111.625000,P1,1,72,106.500000
RH,68,111.750000,P1,1,68,106.750000
RH,67,112.000000,P1,1,67,107.000000
RH,70,112.000000,P1,1,70,107.000000
LH,51,112.125000,P1,5,51,107.000000
RH,61,112.125000,P1,5,61,107.000000
LH,44,113.000000,P1,5,44,108.000000
RH,87,113.125000,P1,1,87,108.000000
RH,92,113.333333,P1,1,92,108.250000
RH,87,113.625000,P1,1,87,108.500000
RH,84,113.750000,P1,1,84,108.750000
LH,51,114.000000,P1,5,51,109.000000
LH,56,114.000000,P1,5,56,109.000000
RH,60,114.000000,P1,5,60,109.000000
RH,84,114.000000,P1,1,84,109.000000
RH,87,114.250000,P1,1,87,109.250000
RH,84,114.500000,P1,1,84,109.500000
RH,80,114.666667,P1,1,80,109.750000
RH,80,114.875000,P1,1,80,110.000000
RH,84,115.125000,P1,1,84,110.250000
RH,80,115.333333,P1,1,80,110.500000
RH,75,115.500000,P1,1,75,110.750000
RH,75,115.750000,P1,1,75,111.000000
RH,80,116.000000,P1,1,80,111.250000
RH,75,116.125000,P1,1,75,111.500000
RH,72,116.375000,P1,1,72,111.750000
RH,72,116.666667,P1,1,72,112.000000
RH,75,116.875000,P1,1,75,112.250000
RH,72,117.125000,P1,1,72,112.500000
RH,68,117.250000,P1,1,68,112.750000
RH,61,117.625000,P1,5,61,113.000000
RH,67,117.625000,P1,1,67,113.000000
RH,70,117.625000,P1,1,70,113.000000
LH,51,117.666667,P1,5,51,113.000000
LH,44,119.000000,P1,5,44,114.000000
RH,72,119.000000,P1,1,72,114.000000
RH,75,119.250000,P1,1,75,114.250000
RH,72,119.375000,P1,1,72,114.500000
RH,68,119.625000,P1,1,68,114.750000
LH,54,119.875000,P1,5,54,115.000000
LH,56,119.875000,P1,5,56,115.000000
RH,60,119.875000,P1,5,60,115.000000
RH,68,119.875000,P1,1,68,115.000000
RH,72,120.125000,P1,1,72,115.250000
RH,68,120.333333,P1,1,68,115.500000
RH,63,120.500000,P1,1,63,115.750000
RH,68,120.875000,P1,1,68,116.000000
LH,49,121.750000,P1,5,49,117.000000
RH,73,121.750000,P1,1,73,117.000000
RH,77,122.000000,P1,1,77,117.250000
RH,73,122.125000,P1,1,73,117.500000
RH,68,122.375000,P1,1,68,117.750000
LH,53,122.625000,P1,5,53,118.000000
LH,56,122.625000,P1,5,56,118.000000
RH,61,122.625000,P1,5,61,118.000000
RH,68,122.625000,P1,1,68,118.000000
RH,73,122.875000,P1,1,73,118.250000
RH,68,123.000000,P1,1,68,118.500000
RH,65,123.250000,P1,1,65,118.750000
RH,68,123.625000,P1,1,68,119.000000
LH,39,124.500000,P1,5,39,120.000000
RH,75,124.500000,P1,1,75,120.000000
RH,79,124.750000,P1,1,79,120.250000
RH,75,125.000000,P1,1,75,120.500000
RH,70,125.250000,P1,1,70,120.750000
LH,51,125.375000,P1,5,51,121.000000
RH,61,125.375000,P1,5,61,121.000000
RH,70,125.375000,P1,1,70,121.000000
LH,58,125.500000,P1,5,58,121.000000
RH,75,125.666667,P1,1,75,121.250000
RH,70,125.875000,P1,1,70,121.500000
RH,67,126.125000,P1,1,67,121.750000
RH,70,126.375000,P1,1,70,122.000000
LH,44,127.375000,P1,5,44,123.000000
RH,75,127.375000,P1,1,75,123.000000
RH,80,127.666667,P1,1,80,123.250000
RH,75,127.875000,P1,1,75,123.500000
RH,72,128.125000,P1,1,72,123.750000
LH,51,128.333333,P1,5,51,124.000000
LH,56,128.333333,P1,5,56,124.000000
RH,60,128.333333,P1,5,60,124.000000
RH,72,128.375000,P1,1,72,124.000000
RH,75,128.625000,P1,1,75,124.250000
RH,72,128.750000,P1,1,72,124.500000
RH,68,129.000000,P1,1,68,124.750000
RH,72,129.250000,P1,1,72,125.000000
LH,44,130.500000,P1,5,44,126.000000
RH,84,130.500000,P1,1,84,126.000000
RH,87,130.750000,P1,1,87,126.250000
RH,84,131.000000,P1,1,84,126.500000
RH,80,131.125000,P1,1,80,126.750000
LH,54,131.375000,P1,5,54,127.000000
LH,56,131.375000,P1,5,56,127.000000
RH,60,131.375000,P1,5,60,127.000000
RH,80,131.375000,P1,1,80,127.000000
RH,84,131.625000,P1,1,84,127.250000
RH,80,131.875000,P1,1,80,127.500000
RH,75,132.125000,P1,1,75,127.750000
RH,80,132.333333,P1,1,80,128.000000
LH,49,133.125000,P1,5,49,129.000000
RH,85,133.250000,P1,1,85,129.000000
RH,89,133.500000,P1,1,89,129.250000
RH,85,133.750000,P1,1,85,129.500000
RH,80,133.875000,P1,1,80,129.750000
LH,53,134.125000,P1,5,53,130.000000
LH,56,134.125000,P1,5,56,130.000000
RH,61,134.125000,P1,5,61,130.000000
RH,80,134.125000,P1,1,80,130.000000
RH,85,134.333333,P1,1,85,130.250000
RH,80,134.625000,P1,1,80,130.500000
RH,77,134.750000,P1,1,77,130.750000
RH,80,135.000000,P1,1,80,131.000000
LH,39,136.000000,P1,5,39,132.000000
RH,87,136.000000,P1,1,87,132.000000
RH,91,136.250000,P1,1,91,132.250000
RH,87,136.500000,P1,1,87,132.500000
RH,82,136.666667,P1,1,82,132.750000
LH,51,136.875000,P1,5,51,133.000000
LH,58,136.875000,P1,5,58,133.000000
RH,61,136.875000,P1,5,61,133.000000
RH,82,136.875000,P1,1,82,133.000000
RH,87,137.125000,P1,1,87,133.250000
RH,82,137.375000,P1,1,82,133.500000
RH,79,137.625000,P1,1,79,133.750000
RH,82,137.875000,P1,1,82,134.000000
LH,44,138.875000,P1,5,44,135.000000
RH,87,139.000000,P1,1,87,135.000000
RH,92,139.250000,P1,1,92,135.250000
RH,87,139.500000,P1,1,87,135.500000
RH,84,139.750000,P1,1,84,135.750000
LH,51,140.000000,P1,5,51,136.000000
LH,56,140.000000,P1,5,56,136.000000
RH,60,140.000000,P1,5,60,136.000000
RH,84,140.000000,P1,1,84,136.000000
RH,87,140.250000,P1,1,87,136.250000
RH,84,140.500000,P1,1,84,136.500000
RH,80,140.875000,P1,1,80,136.750000
RH,84,141.125000,P1,1,84,137.000000
LH,44,142.750000,P1,6,44,138.000000
LH,51,142.750000,P1,5,51,138.000000
RH,72,142.750000,P1,1,72,138.000000
RH,75,143.250000,P1,1,75,138.250000
RH,72,143.500000,P1,1,72,138.500000
RH,68,143.666667,P1,1,68,138.750000
LH,56,143.875000,P1,5,56,139.000000
RH,68,144.000000,P1,1,68,139.000000
RH,72,144.250000,P1,1,72,139.250000
RH,68,144.500000,P1,1,68,139.500000
RH,63,144.625000,P1,1,63,139.750000
RH,68,144.875000,P1,1,68,140.000000
LH,55,145.250000,P1,5,55,140.500000
LH,49,145.750000,P1,6,49,141.000000
LH,53,145.750000,P1,5,53,141.000000
RH,73,145.750000,P1,1,73,141.000000
RH,77,146.000000,P1,1,77,141.250000
RH,73,146.250000,P1,1,73,141.500000
RH,68,146.500000,P1,1,68,141.750000
RH,61,146.666667,P1,5,61,142.000000
RH,68,146.750000,P1,1,68,142.000000
RH,73,146.875000,P1,1,73,142.250000
RH,68,147.125000,P1,1,68,142.500000
RH,65,147.333333,P1,1,65,142.750000
RH,68,147.500000,P1,1,68,143.000000
RH,60,148.000000,P1,5,60,143.500000
LH,51,148.500000,P1,6,51,144.000000
LH,58,148.500000,P1,5,58,144.000000
RH,75,148.625000,P1,1,75,144.000000
RH,79,148.750000,P1,1,79,144.250000
RH,75,149.000000,P1,1,75,144.500000
RH,70,149.250000,P1,1,70,144.750000
RH,63,149.375000,P1,5,63,145.000000
RH,70,149.500000,P1,1,70,145.000000
RH,75,149.750000,P1,1,75,145.250000
RH,70,149.875000,P1,1,70,145.500000
RH,67,150.125000,P1,1,67,145.750000
RH,70,150.333333,P1,1,70,146.000000
RH,61,150.750000,P1,5,61,146.500000
RH,60,151.250000,P1,5,60,147.000000
RH,75,151.250000,P1,1,75,147.000000
LH,56,151.375000,P1,6,56,147.000000
RH,80,151.500000,P1,1,80,147.250000
RH,75,151.750000,P1,1,75,147.500000
RH,72,151.875000,P1,1,72,147.750000
RH,63,152.125000,P1,5,63,148.000000
RH,72,152.250000,P1,1,72,148.000000
RH,75,152.375000,P1,1,75,148.250000
RH,72,152.625000,P1,1,72,148.500000
RH,68,152.750000,P1,1,68,148.750000
RH,72,153.000000,P1,1,72,149.000000
LH,44,154.250000,P1,6,44,150.000000
LH,51,154.250000,P1,5,51,150.000000
RH,84,154.333333,P1,1,84,150.000000
RH,87,154.666667,P1,1,87,150.250000
RH,84,154.875000,P1,1,84,150.500000
RH,80,155.125000,P1,1,80,150.750000
LH,56,155.333333,P1,5,56,151.000000
RH,80,155.375000,P1,1,80,151.000000
RH,84,155.625000,P1,1,84,151.250000
RH,80,155.875000,P1,1,80,151.500000
RH,75,156.000000,P1,1,75,151.750000
RH,80,156.250000,P1,1,80,152.000000
LH,55,156.625000,P1,5,55,152.500000
LH,49,157.125000,P1,6,49,153.000000
LH,53,157.125000,P1,5,53,153.000000
RH,85,157.125000,P1,1,85,153.000000
RH,89,157.375000,P1,1,89,153.250000
RH,85,157.625000,P1,1,85,153.500000
RH,80,157.875000,P1,1,80,153.750000
RH,61,158.000000,P1,5,61,154.000000
RH,80,158.000000,P1,1,80,154.000000
RH,85,158.250000,P1,1,85,154.250000
RH,80,158.500000,P1,1,80,154.500000
RH,77,158.666667,P1,1,77,154.750000
RH,80,158.875000,P1,1,80,155.000000
RH,60,159.333333,P1,5,60,155.500000
LH,51,159.750000,P1,6,51,156.000000
LH,58,159.750000,P1,5,58,156.000000
RH,87,159.750000,P1,1,87,156.000000
RH,91,160.125000,P1,1,91,156.250000
RH,87,160.333333,P1,1,87,156.500000
RH,82,160.500000,P1,1,82,156.750000
RH,63,160.666667,P1,5,63,157.000000
RH,82,160.666667,P1,1,82,157.000000
RH,87,161.000000,P1,1,87,157.250000
RH,82,161.125000,P1,1,82,157.500000
RH,79,161.333333,P1,1,79,157.750000
RH,82,161.625000,P1,1,82,158.000000
RH,61,162.000000,P1,5,61,158.500000
LH,56,162.500000,P1,6,56,159.000000
RH,60,162.500000,P1,5,60,159.000000
RH,87,162.625000,P1,1,87,159.000000
RH,92,162.875000,P1,1,92,159.250000
RH,87,163.125000,P1,1,87,159.500000
RH,84,163.333333,P1,1,84,159.750000
RH,63,163.500000,P1,5,63,160.000000
RH,84,163.500000,P1,1,84,160.000000
RH,87,163.750000,P1,1,87,160.250000
RH,84,164.000000,P1,1,84,160.500000
RH,80,164.125000,P1,1,80,160.750000
RH,84,164.375000,P1,1,84,161.000000
RH,60,164.750000,P1,5,60,161.500000
LH,58,165.333333,P1,5,58,162.000000
LH,51,165.375000,P1,6,51,162.000000
RH,87,165.375000,P1,1,87,162.000000
RH,91,165.625000,P1,1,91,162.250000
RH,87,165.875000,P1,1,87,162.500000
RH,82,166.000000,P1,1,82,162.750000
RH,63,166.250000,P1,5,63,163.000000
RH,82,166.250000,P1,1,82,163.000000
RH,87,166.500000,P1,1,87,163.250000
RH,82,166.750000,P1,1,82,163.500000
RH,79,167.000000,P1,1,79,163.750000
RH,82,167.125000,P1,1,82,164.000000
RH,61,167.500000,P1,5,61,164.500000
LH,56,168.000000,P1,6,56,165.000000
RH,60,168.000000,P1,5,60,165.000000
RH,87,168.125000,P1,1,87,165.000000
RH,92,168.250000,P1,1,92,165.250000
RH,87,168.500000,P1,1,87,165.500000
RH,84,168.750000,P1,1,84,165.750000
RH,63,168.875000,P1,5,63,166.000000
RH,84,168.875000,P1,1,84,166.000000
RH,87,169.125000,P1,1,87,166.250000
RH,84,169.375000,P1,1,84,166.500000
RH,80,169.625000,P1,1,80,166.750000
RH,84,169.750000,P1,1,84,167.000000
RH,60,170.250000,P1,5,60,167.500000
LH,53,170.666667,P1,6,53,168.000000
RH,60,170.666667,P1,5,60,168.000000
RH,65,171.625000,P1,5,65,169.000000
RH,63,172.875000,P1,5,63,170.500000
LH,58,173.375000,P1,6,58,171.000000
RH,61,173.375000,P1,5,61,171.000000
RH,65,174.250000,P1,5,65,172.000000
RH,61,175.500000,P1,5,61,173.500000
LH,53,176.125000,P1,6,53,174.000000
RH,60,176.125000,P1,5,60,174.000000
RH,65,177.000000,P1,5,65,175.000000
RH,63,178.333333,P1,5,63,176.500000
LH,58,178.750000,P1,6,58,177.000000
RH,61,178.750000,P1,5,61,177.000000
RH,65,179.666667,P1,5,65,178.000000
RH,61,180.875000,P1,5,61,179.500000
LH,56,181.375000,P1,6,56,180.000000
RH,63,181.375000,P1,5,63,180.000000
RH,68,182.333333,P1,5,68,181.000000
RH,66,183.625000,P1,5,66,182.500000
RH,61,184.000000,P1,6,61,183.000000
RH,65,184.000000,P1,5,65,183.000000
RH,68,185.000000,P1,5,68,184.000000
RH,65,186.125000,P1,5,65,185.500000
LH,56,186.625000,P1,6,56,186.000000
RH,63,186.625000,P1,5,63,186.000000
RH,68,187.375000,P1,5,68,187.000000
RH,66,188.750000,P1,5,66,188.500000
RH,61,189.500000,P1,5,61,189.000000
RH,65,189.500000,P1,5,65,189.000000
RH,80,192.333333,P1,1,80,192.000000
RH,85,192.500000,P1,1,85,192.250000
RH,80,192.750000,P1,1,80,192.500000
RH,77,192.875000,P1,1,77,192.750000
RH,77,193.125000,P1,1,77,193.000000
RH,80,193.333333,P1,1,80,193.250000
RH,77,193.500000,P1,1,77,193.500000
RH,73,193.666667,P1,1,73,193.750000
RH,73,193.875000,P1,1,73,194.000000
RH,77,194.125000,P1,1,77,194.250000
RH,73,194.333333,P1,1,73,194.500000
RH,68,194.500000,P1,1,68,194.750000
RH,68,194.875000,P1,5,68,195.000000
RH,80,194.875000,P1,1,80,195.000000
RH,85,195.000000,P1,1,85,195.250000
RH,80,195.333333,P1,1,80,195.500000
RH,77,195.500000,P1,1,77,195.750000
RH,65,195.750000,P1,5,65,196.000000
RH,77,195.750000,P1,1,77,196.000000
RH,80,196.000000,P1,1,80,196.250000
RH,77,196.250000,P1,1,77,196.500000
RH,73,196.375000,P1,1,73,196.750000
RH,61,196.625000,P1,5,61,197.000000
RH,73,196.625000,P1,1,73,197.000000
RH,77,196.875000,P1,1,77,197.250000
RH,73,197.125000,P1,1,73,197.500000
RH,68,197.250000,P1,1,68,197.750000
LH,56,197.500000,P1,5,56,198.000000
RH,65,198.250000,P1,1,65,198.750000
LH,53,198.375000,P1,5,53,199.000000
RH,61,199.125000,P1,1,61,199.750000
LH,49,199.333333,P1,5,49,200.000000
LH,56,200.000000,P1,1,56,200.500000
LH,43,200.375000,P1,5,43,201.000000
LH,46,200.375000,P1,5,46,201.000000
LH,49,200.375000,P1,5,49,201.000000
LH,52,200.375000,P1,5,52,201.000000
LH,58,201.125000,P1,1,58,201.750000
LH,43,202.333333,P1,5,43,203.000000
LH,46,202.333333,P1,5,46,203.000000
LH,49,202.333333,P1,5,49,203.000000
LH,52,202.333333,P1,5,52,203.000000
LH,58,203.000000,P1,1,58,203.750000
LH,43,204.250000,P1,5,43,205.000000
LH,46,204.250000,P1,5,46,205.000000
LH,49,204.250000,P1,5,49,205.000000
LH,52,204.250000,P1,5,52,205.000000
LH,58,204.875000,P1,1,58,205.750000
LH,51,206.000000,P1,5,51,207.000000
RH,61,206.000000,P1,1,61,207.000000
LH,49,206.125000,P1,5,49,207.000000
RH,63,206.250000,P1,1,63,207.250000
RH,61,206.500000,P1,1,61,207.500000
LH,58,206.666667,P1,1,58,207.750000
LH,58,207.000000,P1,1,58,208.000000
RH,61,207.250000,P1,1,61,208.250000
LH,58,207.375000,P1,1,58,208.500000
LH,55,207.666667,P1,1,55,208.750000
RH,61,207.875000,P1,1,61,209.000000
LH,43,208.000000,P1,5,43,209.000000
LH,46,208.000000,P1,5,46,209.000000
LH,49,208.000000,P1,5,49,209.000000
LH,51,208.000000,P1,5,51,209.000000
RH,63,208.125000,P1,1,63,209.250000
RH,61,208.375000,P1,1,61,209.500000
LH,58,208.625000,P1,1,58,209.750000
LH,58,208.875000,P1,1,58,210.000000
RH,61,209.125000,P1,1,61,210.250000
LH,58,209.375000,P1,1,58,210.500000
LH,55,209.625000,P1,1,55,210.750000
LH,43,209.875000,P1,5,43,211.000000
LH,46,209.875000,P1,5,46,211.000000
LH,49,209.875000,P1,5,49,211.000000
LH,51,209.875000,P1,5,51,211.000000
RH,61,210.000000,P1,1,61,211.000000
RH,63,210.250000,P1,1,63,211.250000
RH,61,210.500000,P1,1,61,211.500000
LH,58,210.750000,P1,1,58,211.750000
LH,58,211.000000,P1,1,58,212.000000
RH,61,211.375000,P1,1,61,212.250000
LH,44,213.125000,P1,5,44,213.000000
LH,56,214.250000,P1,2,56,213.666667
RH,63,214.875000,P1,2,63,214.333333
RH,60,215.250000,P1,2,60,214.666667
LH,48,215.375000,P1,5,48,215.000000
RH,63,215.750000,P1,2,63,215.333333
RH,60,216.000000,P1,2,60,215.666667
LH,49,216.375000,P1,5,49,216.000000
RH,61,216.875000,P1,2,61,216.333333
LH,56,217.000000,P1,2,56,216.666667
LH,46,217.375000,P1,5,46,217.000000
RH,65,217.750000,P1,2,65,217.333333
RH,61,218.125000,P1,2,61,217.666667
LH,49,218.500000,P1,5,49,218.000000
RH,65,218.750000,P1,2,65,218.333333
RH,61,219.125000,P1,2,61,218.666667
LH,51,219.375000,P1,5,51,219.000000
RH,63,219.750000,P1,2,63,219.333333
RH,61,220.125000,P1,2,61,219.666667
RH,63,220.750000,P1,2,63,220.333333
RH,60,221.125000,P1,2,60,220.666667
RH,63,221.875000,P1,2,63,221.333333
RH,60,222.250000,P1,2,60,221.666667
LH,39,222.500000,P1,5,39,222.000000
RH,63,222.875000,P1,2,63,222.333333
RH,60,223.125000,P1,2,60,222.666667
RH,63,223.875000,P1,2,63,223.333333
LH,58,224.125000,P1,2,58,223.666667
RH,63,224.750000,P1,2,63,224.333333
LH,58,225.125000,P1,2,58,224.666667
LH,44,225.375000,P1,5,44,225.000000
RH,60,225.875000,P1,2,60,225.333333
LH,56,226.125000,P1,2,56,225.666667
RH,63,226.750000,P1,2,63,226.333333
RH,60,227.125000,P1,2,60,226.666667
LH,48,227.500000,P1,5,48,227.000000
RH,63,227.750000,P1,2,63,227.333333
RH,60,228.125000,P1,2,60,227.666667
LH,49,228.333333,P1,5,49,228.000000
RH,61,228.625000,P1,2,61,228.333333
LH,56,228.875000,P1,2,56,228.666667
LH,46,229.375000,P1,5,46,229.000000
RH,68,229.750000,P1,2,68,229.333333
RH,65,230.000000,P1,2,65,229.666667
LH,49,230.375000,P1,5,49,230.000000
LH,58,230.375000,P1,5,58,230.000000
RH,65,230.666667,P1,2,65,230.333333
RH,61,231.000000,P1,2,61,230.666667
LH,51,231.375000,P1,6,51,231.000000
RH,68,231.750000,P1,2,68,231.333333
RH,63,232.000000,P1,2,63,231.666667
LH,56,232.375000,P1,5,56,232.000000
RH,68,232.750000,P1,2,68,232.333333
RH,63,233.125000,P1,2,63,232.666667
LH,56,233.500000,P1,5,56,233.000000
RH,68,233.750000,P1,2,68,233.333333
RH,63,234.125000,P1,2,63,233.666667
LH,51,234.375000,P1,6,51,234.000000
LH,55,235.375000,P1,5,55,235.000000
RH,63,235.875000,P1,2,63,235.333333
RH,61,236.250000,P1,2,61,235.666667
LH,55,236.500000,P1,5,55,236.000000
RH,63,237.000000,P1,2,63,236.333333
RH,61,237.500000,P1,2,61,236.666667
LH,44,238.250000,P1,5,44,237.000000
RH,72,238.250000,P1,1,72,237.000000
RH,75,238.500000,P1,1,75,237.250000
RH,72,238.666667,P1,1,72,237.500000
RH,68,238.875000,P1,1,68,237.750000
LH,54,239.125000,P1,5,54,238.000000
LH,56,239.125000,P1,5,56,238.000000
RH,60,239.125000,P1,5,60,238.000000
RH,68,239.125000,P1,1,68,238.000000
RH,72,239.333333,P1,1,72,238.250000
RH,68,239.500000,P1,1,68,238.500000
RH,63,239.750000,P1,1,63,238.750000
RH,68,240.000000,P1,1,68,239.000000
RH,73,240.875000,P1,1,73,240.000000
RH,77,241.125000,P1,1,77,240.250000
RH,73,241.375000,P1,1,73,240.500000
RH,68,241.625000,P1,1,68,240.750000
LH,53,241.750000,P1,5,53,241.000000
LH,56,241.750000,P1,5,56,241.000000
RH,61,241.750000,P1,5,61,241.000000
RH,68,241.875000,P1,1,68,241.000000
RH,73,242.000000,P1,1,73,241.250000
RH,68,242.250000,P1,1,68,241.500000
RH,65,242.500000,P1,1,65,241.750000
RH,68,242.750000,P1,1,68,242.000000
LH,39,243.666667,P1,5,39,243.000000
RH,75,243.666667,P1,1,75,243.000000
RH,79,243.875000,P1,1,79,243.250000
RH,75,244.125000,P1,1,75,243.500000
RH,70,244.333333,P1,1,70,243.750000
LH,51,244.500000,P1,5,51,244.000000
LH,58,244.500000,P1,5,58,244.000000
RH,61,244.500000,P1,5,61,244.000000
RH,70,244.500000,P1,1,70,244.000000
RH,75,244.750000,P1,1,75,244.250000
RH,70,245.000000,P1,1,70,244.500000
RH,67,245.250000,P1,1,67,244.750000
RH,70,245.500000,P1,1,70,245.000000
LH,44,246.500000,P1,5,44,246.000000
RH,75,246.500000,P1,1,75,246.000000
RH,80,246.666667,P1,1,80,246.250000
RH,75,246.875000,P1,1,75,246.500000
RH,72,247.125000,P1,1,72,246.750000
LH,51,247.250000,P1,5,51,247.000000
LH,56,247.250000,P1,5,56,247.000000
RH,60,247.250000,P1,5,60,247.000000
RH,72,247.250000,P1,1,72,247.000000
RH,75,247.500000,P1,1,75,247.250000
RH,72,247.750000,P1,1,72,247.500000
RH,68,248.000000,P1,1,68,247.750000
RH,72,248.125000,P1,1,72,248.000000
LH,44,249.125000,P1,5,44,249.000000
RH,84,249.125000,P1,1,84,249.000000
RH,87,249.375000,P1,1,87,249.250000
RH,84,249.625000,P1,1,84,249.500000
RH,80,249.750000,P1,1,80,249.750000
LH,54,250.000000,P1,5,54,250.000000
LH,56,250.000000,P1,5,56,250.000000
RH,60,250.000000,P1,5,60,250.000000
RH,80,250.000000,P1,1,80,250.000000
RH,84,250.250000,P1,1,84,250.250000
RH,80,250.500000,P1,1,80,250.500000
RH,75,250.666667,P1,1,75,250.750000
RH,80,250.875000,P1,1,80,251.000000
LH,49,251.750000,P1,5,49,252.000000
RH,85,251.875000,P1,1,85,252.000000
RH,89,252.125000,P1,1,89,252.250000
RH,85,252.250000,P1,1,85,252.500000
RH,80,252.500000,P1,1,80,252.750000
LH,53,252.666667,P1,5,53,253.000000
LH,56,252.666667,P1,5,56,253.000000
RH,61,252.666667,P1,5,61,253.000000
RH,80,252.666667,P1,1,80,253.000000
RH,85,252.875000,P1,1,85,253.250000
RH,80,253.125000,P1,1,80,253.500000
RH,77,253.333333,P1,1,77,253.750000
RH,80,253.625000,P1,1,80,254.000000
LH,39,254.500000,P1,5,39,255.000000
RH,87,254.500000,P1,1,87,255.000000
RH,91,254.875000,P1,1,91,255.250000
RH,87,255.125000,P1,1,87,255.500000
RH,82,255.250000,P1,1,82,255.750000
LH,51,255.500000,P1,5,51,256.000000
LH,58,255.500000,P1,5,58,256.000000
RH,61,255.500000,P1,5,61,256.000000
RH,82,255.500000,P1,1,82,256.000000
RH,87,255.750000,P1,1,87,256.250000
RH,82,255.875000,P1,1,82,256.500000
RH,79,256.125000,P1,1,79,256.750000
RH,82,256.375000,P1,1,82,257.000000
LH,44,257.500000,P1,5,44,258.000000
RH,87,257.625000,P1,1,87,258.000000
RH,92,258.000000,P1,1,92,258.250000
RH,87,258.250000,P1,1,87,258.500000
RH,84,258.500000,P1,1,84,258.750000
LH,56,258.625000,P1,5,56,259.000000
RH,60,258.625000,P1,5,60,259.000000
LH,51,258.666667,P1,5,51,259.000000
RH,84,258.666667,P1,1,84,259.000000
RH,87,259.000000,P1,1,87,259.250000
RH,84,259.250000,P1,1,84,259.500000
RH,80,259.500000,P1,1,80,259.750000
RH,84,259.875000,P1,1,84,260.000000
LH,44,261.625000,P1,6,44,261.000000
LH,51,261.625000,P1,5,51,261.000000
RH,72,261.625000,P1,1,72,261.000000
RH,75,262.000000,P1,1,75,261.250000
RH,72,262.250000,P1,1,72,261.500000
RH,68,262.375000,P1,1,68,261.750000
LH,56,262.750000,P1,5,56,262.000000
RH,68,262.750000,P1,1,68,262.000000
RH,72,263.000000,P1,1,72,262.250000
RH,68,263.250000,P1,1,68,262.500000
RH,63,263.500000,P1,1,63,262.750000
RH,68,263.666667,P1,1,68,263.000000
LH,55,264.125000,P1,5,55,263.500000
LH,49,264.625000,P1,6,49,264.000000
LH,53,264.625000,P1,5,53,264.000000
RH,73,264.625000,P1,1,73,264.000000
RH,77,264.875000,P1,1,77,264.250000
RH,73,265.125000,P1,1,73,264.500000
RH,68,265.333333,P1,1,68,264.750000
RH,61,265.625000,P1,5,61,265.000000
RH,68,265.750000,P1,1,68,265.000000
RH,73,265.875000,P1,1,73,265.250000
RH,68,266.125000,P1,1,68,265.500000
RH,65,266.333333,P1,1,65,265.750000
RH,68,266.500000,P1,1,68,266.000000
RH,60,267.000000,P1,5,60,266.500000
LH,51,267.500000,P1,6,51,267.000000
LH,58,267.500000,P1,5,58,267.000000
RH,75,267.500000,P1,1,75,267.000000
RH,79,267.750000,P1,1,79,267.250000
RH,75,268.000000,P1,1,75,267.500000
RH,70,268.125000,P1,1,70,267.750000
RH,63,268.375000,P1,5,63,268.000000
RH,70,268.500000,P1,1,70,268.000000
RH,75,268.666667,P1,1,75,268.250000
RH,70,268.875000,P1,1,70,268.500000
RH,67,269.125000,P1,1,67,268.750000
RH,70,269.333333,P1,1,70,269.000000
RH,61,269.750000,P1,5,61,269.500000
LH,56,270.250000,P1,6,56,270.000000
RH,60,270.250000,P1,5,60,270.000000
RH,75,270.250000,P1,1,75,270.000000
RH,80,270.375000,P1,1,80,270.250000
RH,75,270.625000,P1,1,75,270.500000
RH,72,270.875000,P1,1,72,270.750000
RH,63,271.000000,P1,5,63,271.000000
RH,72,271.125000,P1,1,72,271.000000
RH,75,271.250000,P1,1,75,271.250000
RH,72,271.500000,P1,1,72,271.500000
RH,68,271.750000,P1,1,68,271.750000
RH,72,272.000000,P1,1,72,272.000000
LH,44,273.333333,P1,6,44,273.000000
LH,51,273.333333,P1,5,51,273.000000
RH,84,273.333333,P1,1,84,273.000000
RH,87,273.750000,P1,1,87,273.250000
RH,84,274.000000,P1,1,84,273.500000
RH,80,274.250000,P1,1,80,273.750000
LH,56,274.375000,P1,5,56,274.000000
RH,80,274.500000,P1,1,80,274.000000
RH,84,274.666667,P1,1,84,274.250000
RH,80,274.875000,P1,1,80,274.500000
RH,75,275.125000,P1,1,75,274.750000
RH,80,275.333333,P1,1,80,275.000000
LH,55,275.750000,P1,5,55,275.500000
LH,49,276.250000,P1,6,49,276.000000
LH,53,276.250000,P1,5,53,276.000000
RH,85,276.250000,P1,1,85,276.000000
RH,89,276.500000,P1,1,89,276.250000
RH,85,276.750000,P1,1,85,276.500000
RH,80,276.875000,P1,1,80,276.750000
RH,61,277.125000,P1,5,61,277.000000
RH,80,277.125000,P1,1,80,277.000000
RH,85,277.375000,P1,1,85,277.250000
RH,80,277.625000,P1,1,80,277.500000
RH,77,277.750000,P1,1,77,277.750000
RH,80,278.000000,P1,1,80,278.000000
RH,60,278.500000,P1,5,60,278.500000
LH,51,278.875000,P1,6,51,279.000000
LH,58,278.875000,P1,5,58,279.000000
RH,87,278.875000,P1,1,87,279.000000
RH,91,279.125000,P1,1,91,279.250000
RH,87,279.375000,P1,1,87,279.500000
RH,82,279.625000,P1,1,82,279.750000
RH,63,279.875000,P1,5,63,280.000000
RH,82,279.875000,P1,1,82,280.000000
RH,87,280.125000,P1,1,87,280.250000
RH,82,280.333333,P1,1,82,280.500000
RH,79,280.500000,P1,1,79,280.750000
RH,82,280.666667,P1,1,82,281.000000
RH,61,281.125000,P1,5,61,281.500000
LH,56,281.625000,P1,6,56,282.000000
RH,60,281.625000,P1,5,60,282.000000
RH,87,281.625000,P1,1,87,282.000000
RH,92,281.875000,P1,1,92,282.250000
RH,87,282.125000,P1,1,87,282.500000
RH,84,282.250000,P1,1,84,282.750000
RH,63,282.500000,P1,5,63,283.000000
RH,84,282.500000,P1,1,84,283.000000
RH,87,282.666667,P1,1,87,283.250000
RH,84,282.875000,P1,1,84,283.500000
RH,80,283.125000,P1,1,80,283.750000
RH,84,283.333333,P1,1,84,284.000000
RH,60,283.750000,P1,5,60,284.500000
LH,51,284.250000,P1,6,51,285.000000
LH,58,284.250000,P1,5,58,285.000000
RH,87,284.250000,P1,1,87,285.000000
RH,91,284.500000,P1,1,91,285.250000
RH,87,284.750000,P1,1,87,285.500000
RH,82,284.875000,P1,1,82,285.750000
RH,63,285.125000,P1,5,63,286.000000
RH,82,285.125000,P1,1,82,286.000000
RH,87,285.375000,P1,1,87,286.250000
RH,82,285.625000,P1,1,82,286.500000
RH,79,285.750000,P1,1,79,286.750000
RH,82,286.000000,P1,1,82,287.000000
RH,61,286.500000,P1,5,61,287.500000
LH,56,286.875000,P1,6,56,288.000000
RH,60,286.875000,P1,5,60,288.000000
RH,87,287.000000,P1,1,87,288.000000
RH,92,287.250000,P1,1,92,288.250000
RH,87,287.375000,P1,1,87,288.500000
RH,84,287.666667,P1,1,84,288.750000
RH,63,287.875000,P1,5,63,289.000000
RH,84,287.875000,P1,1,84,289.000000
RH,87,288.125000,P1,1,87,289.250000
RH,84,288.250000,P1,1,84,289.500000
RH,80,288.500000,P1,1,80,289.750000
RH,84,288.625000,P1,1,84,290.000000
RH,60,289.000000,P1,5,60,290.500000
LH,51,289.500000,P1,6,51,291.000000
LH,58,289.500000,P1,5,58,291.000000
RH,87,289.500000,P1,1,87,291.000000
RH,91,289.750000,P1,1,91,291.250000
RH,87,290.000000,P1,1,87,291.500000
RH,82,290.250000,P1,1,82,291.750000
RH,63,290.375000,P1,5,63,292.000000
RH,82,290.375000,P1,1,82,292.000000
RH,87,290.625000,P1,1,87,292.250000
RH,82,290.875000,P1,1,82,292.500000
RH,79,291.000000,P1,1,79,292.750000
RH,82,291.250000,P1,1,82,293.000000
RH,61,291.666667,P1,5,61,293.500000
LH,56,292.500000,P1,6,56,294.000000
RH,60,292.500000,P1,5,60,294.000000
RH,87,292.500000,P1,1,87,294.000000
RH,92,292.875000,P1,1,92,294.250000
RH,87,293.125000,P1,1,87,294.500000
RH,84,293.333333,P1,1,84,294.750000
RH,84,293.500000,P1,1,84,295.000000
RH,87,293.750000,P1,1,87,295.250000
RH,84,294.000000,P1,1,84,295.500000
RH,80,294.125000,P1,1,80,295.750000
RH,80,294.333333,P1,1,80,296.000000
RH,84,294.625000,P1,1,84,296.250000
RH,80,294.750000,P1,1,80,296.500000
RH,75,295.000000,P1,1,75,296.750000
RH,75,295.125000,P1,1,75,297.000000
RH,80,295.375000,P1,1,80,297.250000
RH,75,295.625000,P1,1,75,297.500000
RH,72,295.875000,P1,1,72,297.750000
RH,72,296.000000,P1,1,72,298.000000
RH,75,296.250000,P1,1,75,298.250000
RH,72,296.375000,P1,1,72,298.500000
RH,68,296.625000,P1,1,68,298.750000
RH,68,296.875000,P1,1,68,299.000000
RH,72,297.000000,P1,1,72,299.250000
RH,68,297.250000,P1,1,68,299.500000
RH,63,297.375000,P1,1,63,299.750000
RH,63,297.750000,P1,5,63,300.000000
RH,75,297.750000,P1,1,75,300.000000
RH,80,298.000000,P1,1,80,300.250000
RH,75,298.333333,P1,1,75,300.500000
RH,72,298.500000,P1,1,72,300.750000
RH,60,298.666667,P1,5,60,301.000000
RH,72,298.666667,P1,1,72,301.000000
RH,75,299.000000,P1,1,75,301.250000
RH,72,299.125000,P1,1,72,301.500000
RH,68,299.375000,P1,1,68,301.750000
LH,56,299.625000,P1,5,56,302.000000
RH,68,299.625000,P1,1,68,302.000000
RH,72,299.750000,P1,1,72,302.250000
RH,68,300.000000,P1,1,68,302.500000
RH,63,300.250000,P1,1,63,302.750000
LH,51,300.375000,P1,5,51,303.000000
RH,63,300.375000,P1,1,63,303.000000
RH,68,300.666667,P1,1,68,303.250000
RH,63,300.875000,P1,1,63,303.500000
RH,60,301.125000,P1,1,60,303.750000
LH,48,301.333333,P1,5,48,304.000000
RH,60,301.333333,P1,1,60,304.000000
RH,63,301.500000,P1,1,63,304.250000
RH,60,301.750000,P1,1,60,304.500000
LH,56,302.000000,P1,1,56,304.750000
LH,51,302.125000,P1,5,51,305.000000
RH,63,302.125000,P1,1,63,305.000000
RH,68,302.375000,P1,1,68,305.250000
RH,63,302.625000,P1,1,63,305.500000
RH,60,302.875000,P1,1,60,305.750000
LH,56,303.000000,P1,1,56,306.000000
LH,44,303.125000,P1,5,44,306.000000
RH,60,303.375000,P1,1,60,306.250000
LH,56,303.666667,P1,1,56,306.500000
LH,51,303.875000,P1,1,51,306.750000
LH,56,304.125000,P1,1,56,307.000000
RH,60,304.250000,P1,1,60,307.250000
LH,56,304.500000,P1,1,56,307.500000
LH,51,304.666667,P1,1,51,307.750000
LH,56,304.875000,P1,1,56,308.000000
RH,60,305.000000,P1,1,60,308.250000
LH,56,305.333333,P1,1,56,308.500000
LH,51,305.500000,P1,1,51,308.750000
LH,56,305.666667,P1,1,56,309.000000
RH,60,305.875000,P1,1,60,309.250000
LH,56,306.125000,P1,1,56,309.500000
LH,51,306.375000,P1,1,51,309.750000
LH,56,306.625000,P1,1,56,310.000000
RH,60,306.750000,P1,1,60,310.250000
LH,56,307.000000,P1,1,56,310.500000
LH,51,307.250000,P1,1,51,310.750000
LH,56,307.500000,P1,1,56,311.000000
RH,60,307.666667,P1,1,60,311.250000
RH,68,308.875000,P1,1,68,312.000000
LH,36,309.000000,P1,5,36,312.000000
LH,44,309.000000,P1,5,44,312.000000
LH,48,309.000000,P1,5,48,312.000000
RH,63,309.000000,P1,2,63,312.000000
RH,63,309.750000,P1,2,63,312.500000
LH,56,310.000000,P1,2,56,312.750000
RH,63,310.125000,P1,2,63,313.000000
RH,66,310.333333,P1,2,66,313.250000
RH,63,310.500000,P1,2,63,313.500000
LH,56,310.750000,P1,2,56,313.750000
RH,63,310.875000,P1,2,63,314.000000
RH,66,311.250000,P1,2,66,314.250000
RH,63,311.375000,P1,2,63,314.500000
LH,56,311.625000,P1,2,56,314.750000
RH,63,311.875000,P1,2,63,315.000000
RH,66,312.000000,P1,2,66,315.250000
RH,63,312.250000,P1,2,63,315.500000
LH,56,312.500000,P1,2,56,315.750000
RH,63,312.750000,P1,2,63,316.000000
RH,66,313.000000,P1,2,66,316.250000
RH,63,313.250000,P1,2,63,316.500000
LH,56,313.500000,P1,2,56,316.750000
RH,63,313.750000,P1,2,63,317.000000
RH,66,314.125000,P1,2,66,317.250000
LH,37,316.666667,P1,5,37,318.000000
RH,68,316.750000,P1,1,68,318.000000
LH,44,317.750000,P1,5,44,318.500000
LH,49,317.750000,P1,5,49,318.500000
LH,56,317.750000,P1,2,56,318.500000
RH,64,317.750000,P1,2,64,318.500000
RH,64,318.375000,P1,2,64,319.000000
LH,44,318.500000,P1,5,44,319.000000
LH,49,318.500000,P1,5,49,319.000000
LH,52,318.500000,P1,5,52,319.000000
LH,49,318.875000,P1,5,49,319.500000
LH,52,318.875000,P1,5,52,319.500000
LH,56,318.875000,P1,2,56,319.500000
RH,64,318.875000,P1,2,64,319.500000
LH,44,319.000000,P1,5,44,319.500000
LH,44,319.375000,P1,5,44,320.000000
LH,49,319.375000,P1,5,49,320.000000
LH,56,319.375000,P1,2,56,320.000000
RH,64,319.375000,P1,2,64,320.000000
LH,52,319.500000,P1,5,52,320.000000
LH,52,319.875000,P1,5,52,320.500000
LH,56,319.875000,P1,2,56,320.500000
RH,64,319.875000,P1,2,64,320.500000
LH,44,320.375000,P1,5,44,321.000000
LH,49,320.375000,P1,5,49,321.000000
LH,52,320.375000,P1,5,52,321.000000
RH,68,320.375000,P1,1,68,321.000000
LH,44,320.875000,P1,5,44,321.500000
LH,56,320.875000,P1,2,56,321.500000
RH,64,320.875000,P1,2,64,321.500000
LH,52,321.000000,P1,5,52,321.500000
LH,44,321.250000,P1,5,44,322.000000
RH,69,321.250000,P1,1,69,322.000000
LH,52,321.333333,P1,5,52,322.000000
LH,44,321.750000,P1,5,44,322.500000
LH,49,321.750000,P1,5,49,322.500000
LH,52,321.750000,P1,5,52,322.500000
RH,64,321.750000,P1,2,64,322.500000
LH,44,322.125000,P1,5,44,323.000000
LH,49,322.125000,P1,5,49,323.000000
RH,68,322.125000,P1,1,68,323.000000
LH,52,322.250000,P1,5,52,323.000000
LH,52,322.625000,P1,5,52,323.500000
RH,64,322.625000,P1,2,64,323.500000
LH,56,322.666667,P1,2,56,323.500000
LH,36,323.125000,P1,5,36,324.000000
RH,69,323.125000,P1,1,69,324.000000
LH,44,323.666667,P1,5,44,324.500000
LH,51,323.666667,P1,5,51,324.500000
LH,54,323.666667,P1,5,54,324.500000
LH,57,323.666667,P1,2,57,324.500000
RH,66,323.666667,P1,2,66,324.500000
LH,44,324.125000,P1,5,44,325.000000
LH,51,324.125000,P1,5,51,325.000000
LH,54,324.125000,P1,5,54,325.000000
LH,57,324.125000,P1,2,57,325.000000
RH,66,324.125000,P1,2,66,325.000000
LH,44,324.500000,P1,5,44,325.500000
LH,51,324.500000,P1,5,51,325.500000
LH,54,324.625000,P1,5,54,325.500000
LH,57,324.625000,P1,2,57,325.500000
RH,66,324.625000,P1,2,66,325.500000
LH,44,325.000000,P1,5,44,326.000000
LH,51,325.000000,P1,5,51,326.000000
LH,54,325.000000,P1,5,54,326.000000
RH,66,325.000000,P1,2,66,326.000000
LH,44,325.375000,P1,5,44,326.500000
LH,54,325.375000,P1,5,54,326.500000
RH,66,325.375000,P1,2,66,326.500000
LH,51,325.875000,P1,5,51,327.000000
RH,68,325.875000,P1,1,68,327.000000
LH,44,326.000000,P1,5,44,327.000000
LH,54,326.000000,P1,5,54,327.000000
LH,44,326.375000,P1,5,44,327.500000
LH,54,326.375000,P1,5,54,327.500000
LH,56,326.375000,P1,2,56,327.500000
RH,66,326.500000,P1,2,66,327.500000
LH,44,326.875000,P1,5,44,328.000000
LH,51,326.875000,P1,5,51,328.000000
LH,54,326.875000,P1,5,54,328.000000
LH,56,326.875000,P1,2,56,328.000000
RH,66,326.875000,P1,2,66,328.000000
LH,54,327.333333,P1,5,54,328.500000
LH,56,327.333333,P1,2,56,328.500000
RH,66,327.333333,P1,2,66,328.500000
LH,44,327.666667,P1,5,44,329.000000
LH,54,327.750000,P1,5,54,329.000000
LH,56,327.750000,P1,2,56,329.000000
RH,66,327.750000,P1,2,66,329.000000
LH,56,328.250000,P1,2,56,329.500000
RH,66,328.250000,P1,2,66,329.500000
LH,37,328.750000,P1,5,37,330.000000
RH,68,328.875000,P1,1,68,330.000000
LH,49,329.500000,P1,5,49,330.500000
LH,56,329.500000,P1,2,56,330.500000
RH,64,329.500000,P1,2,64,330.500000
LH,44,329.625000,P1,5,44,330.500000
LH,44,329.875000,P1,5,44,331.000000
LH,49,329.875000,P1,5,49,331.000000
LH,56,329.875000,P1,2,56,331.000000
RH,64,329.875000,P1,2,64,331.000000
LH,52,330.000000,P1,5,52,331.000000
LH,49,330.333333,P1,5,49,331.500000
LH,56,330.333333,P1,2,56,331.500000
RH,64,330.333333,P1,2,64,331.500000
LH,44,330.375000,P1,5,44,331.500000
LH,52,330.375000,P1,5,52,331.500000
LH,44,330.750000,P1,5,44,332.000000
LH,49,330.750000,P1,5,49,332.000000
LH,52,330.750000,P1,5,52,332.000000
LH,56,330.750000,P1,2,56,332.000000
RH,64,330.750000,P1,2,64,332.000000
LH,56,331.125000,P1,2,56,332.500000
RH,64,331.125000,P1,2,64,332.500000
LH,44,331.250000,P1,5,44,332.500000
LH,49,331.250000,P1,5,49,332.500000
LH,52,331.250000,P1,5,52,332.500000
LH,44,331.666667,P1,5,44,333.000000
LH,49,331.666667,P1,5,49,333.000000
RH,76,331.666667,P1,1,76,333.000000
LH,52,331.750000,P1,5,52,333.000000
LH,44,332.125000,P1,5,44,333.500000
LH,49,332.125000,P1,5,49,333.500000
RH,64,332.125000,P1,2,64,333.500000
RH,68,332.125000,P1,2,68,333.500000
LH,52,332.250000,P1,5,52,333.500000
RH,75,332.500000,P1,1,75,334.000000
LH,44,332.625000,P1,5,44,334.000000
LH,49,332.625000,P1,5,49,334.000000
LH,52,332.625000,P1,5,52,334.000000
LH,44,333.000000,P1,5,44,334.500000
LH,49,333.000000,P1,5,49,334.500000
LH,52,333.000000,P1,5,52,334.500000
RH,63,333.000000,P1,2,63,334.500000
RH,68,333.000000,P1,2,68,334.500000
LH,49,333.375000,P1,5,49,335.000000
RH,73,333.375000,P1,1,73,335.000000
LH,44,333.500000,P1,5,44,335.000000
LH,52,333.500000,P1,5,52,335.000000
LH,49,333.875000,P1,5,49,335.500000
LH,52,333.875000,P1,5,52,335.500000
RH,61,333.875000,P1,2,61,335.500000
RH,68,333.875000,P1,2,68,335.500000
LH,39,334.375000,P1,5,39,336.000000
RH,73,334.500000,P1,1,73,336.000000
LH,54,335.000000,P1,5,54,336.500000
RH,61,335.000000,P1,2,61,336.500000
RH,68,335.000000,P1,2,68,336.500000
LH,44,335.125000,P1,5,44,336.500000
LH,51,335.125000,P1,5,51,336.500000
LH,44,335.500000,P1,5,44,337.000000
RH,61,335.500000,P1,2,61,337.000000
LH,51,335.625000,P1,5,51,337.000000
RH,68,335.625000,P1,2,68,337.000000
LH,44,335.875000,P1,5,44,337.500000
LH,51,335.875000,P1,5,51,337.500000
LH,54,336.000000,P1,5,54,337.500000
RH,61,336.000000,P1,2,61,337.500000
RH,68,336.000000,P1,2,68,337.500000
LH,44,336.333333,P1,5,44,338.000000
LH,51,336.333333,P1,5,51,338.000000
LH,54,336.333333,P1,5,54,338.000000
RH,61,336.333333,P1,2,61,338.000000
RH,68,336.375000,P1,2,68,338.000000
LH,44,336.750000,P1,5,44,338.500000
LH,51,336.750000,P1,5,51,338.500000
LH,54,336.750000,P1,5,54,338.500000
RH,61,336.750000,P1,2,61,338.500000
RH,68,336.750000,P1,2,68,338.500000
LH,44,337.250000,P1,5,44,339.000000
LH,51,337.250000,P1,5,51,339.000000
LH,54,337.250000,P1,5,54,339.000000
RH,72,337.250000,P1,1,72,339.000000
LH,44,337.750000,P1,5,44,339.500000
LH,51,337.750000,P1,5,51,339.500000
LH,54,337.750000,P1,5,54,339.500000
RH,60,337.750000,P1,2,60,339.500000
RH,68,337.750000,P1,2,68,339.500000
LH,44,338.125000,P1,5,44,340.000000
RH,60,338.125000,P1,2,60,340.000000
RH,68,338.125000,P1,2,68,340.000000
LH,44,338.500000,P1,5,44,340.500000
LH,51,338.500000,P1,5,51,340.500000
LH,54,338.500000,P1,5,54,340.500000
RH,60,338.500000,P1,2,60,340.500000
RH,68,338.500000,P1,2,68,340.500000
LH,51,338.875000,P1,5,51,341.000000
LH,54,339.000000,P1,5,54,341.000000
RH,60,339.000000,P1,2,60,341.000000
RH,68,339.000000,P1,2,68,341.000000
RH,68,339.500000,P1,2,68,341.500000
RH,60,339.625000,P1,2,60,341.500000
LH,40,340.000000,P1,5,40,342.000000
RH,72,340.125000,P1,1,72,342.000000
RH,60,340.625000,P1,2,60,342.500000
LH,45,340.666667,P1,5,45,342.500000
LH,52,340.666667,P1,5,52,342.500000
RH,69,340.666667,P1,2,69,342.500000
RH,73,341.000000,P1,1,73,343.000000
LH,45,341.125000,P1,5,45,343.000000
LH,52,341.125000,P1,5,52,343.000000
LH,52,341.625000,P1,5,52,343.500000
RH,61,341.625000,P1,2,61,343.500000
RH,69,341.625000,P1,2,69,343.500000
LH,45,341.875000,P1,5,45,344.000000
LH,52,342.000000,P1,5,52,344.000000
RH,61,342.000000,P1,2,61,344.000000
RH,69,342.000000,P1,2,69,344.000000
LH,52,342.375000,P1,5,52,344.500000
RH,61,342.375000,P1,2,61,344.500000
RH,69,342.500000,P1,2,69,344.500000
LH,52,342.875000,P1,5,52,345.000000
RH,61,342.875000,P1,2,61,345.000000
RH,69,342.875000,P1,2,69,345.000000
LH,45,343.250000,P1,5,45,345.500000
LH,52,343.250000,P1,5,52,345.500000
RH,61,343.250000,P1,2,61,345.500000
RH,69,343.250000,P1,2,69,345.500000
RH,73,343.666667,P1,1,73,346.000000
LH,45,344.125000,P1,5,45,346.500000
LH,52,344.125000,P1,5,52,346.500000
RH,61,344.125000,P1,2,61,346.500000
RH,69,344.125000,P1,2,69,346.500000
RH,73,344.500000,P1,1,73,347.000000
RH,61,344.875000,P1,2,61,347.500000
RH,69,344.875000,P1,2,69,347.500000
RH,73,345.250000,P1,1,73,348.000000
LH,40,345.750000,P1,5,40,348.500000
LH,47,345.750000,P1,5,47,348.500000
RH,61,345.750000,P1,2,61,348.500000
RH,68,345.750000,P1,2,68,348.500000
LH,40,346.250000,P1,5,40,349.000000
LH,47,346.250000,P1,5,47,349.000000
RH,74,346.250000,P1,1,74,349.000000
LH,40,346.666667,P1,5,40,349.500000
RH,62,346.666667,P1,2,62,349.500000
RH,68,346.666667,P1,2,68,349.500000
LH,47,346.750000,P1,5,47,349.500000
LH,40,347.125000,P1,5,40,350.000000
LH,47,347.125000,P1,5,47,350.000000
RH,62,347.125000,P1,2,62,350.000000
RH,68,347.125000,P1,2,68,350.000000
LH,47,347.500000,P1,5,47,350.500000
RH,62,347.500000,P1,2,62,350.500000
RH,68,347.500000,P1,2,68,350.500000
LH,40,347.625000,P1,5,40,350.500000
LH,40,347.875000,P1,5,40,351.000000
LH,47,347.875000,P1,5,47,351.000000
RH,62,347.875000,P1,2,62,351.000000
RH,68,347.875000,P1,2,68,351.000000
LH,40,348.333333,P1,5,40,351.500000
LH,47,348.333333,P1,5,47,351.500000
RH,62,348.333333,P1,2,62,351.500000
RH,68,348.333333,P1,2,68,351.500000
RH,74,348.875000,P1,1,74,352.000000
LH,47,349.250000,P1,5,47,352.500000
RH,62,349.250000,P1,2,62,352.500000
RH,68,349.250000,P1,2,68,352.500000
RH,74,349.625000,P1,1,74,353.000000
LH,47,350.125000,P1,5,47,353.500000
LH,52,350.125000,P1,5,52,353.500000
RH,62,350.125000,P1,2,62,353.500000
RH,68,350.125000,P1,2,68,353.500000
LH,39,350.500000,P1,6,39,354.000000
RH,76,350.666667,P1,1,76,354.000000
LH,47,351.125000,P1,5,47,354.500000
LH,51,351.125000,P1,5,51,354.500000
RH,68,351.125000,P1,2,68,354.500000
RH,64,351.250000,P1,2,64,354.500000
RH,75,351.625000,P1,1,75,355.000000
LH,47,351.666667,P1,5,47,355.000000
LH,51,351.666667,P1,5,51,355.000000
LH,47,352.000000,P1,5,47,355.500000
RH,63,352.000000,P1,2,63,355.500000
RH,68,352.000000,P1,2,68,355.500000
LH,51,352.125000,P1,5,51,355.500000
LH,47,352.500000,P1,5,47,356.000000
LH,51,352.500000,P1,5,51,356.000000
RH,63,352.500000,P1,2,63,356.000000
RH,68,352.500000,P1,2,68,356.000000
LH,47,352.875000,P1,5,47,356.500000
LH,51,352.875000,P1,5,51,356.500000
RH,63,352.875000,P1,2,63,356.500000
RH,68,352.875000,P1,2,68,356.500000
RH,76,353.375000,P1,1,76,357.000000
LH,46,353.875000,P1,5,46,357.500000
LH,49,353.875000,P1,5,49,357.500000
LH,51,353.875000,P1,5,51,357.500000
RH,64,353.875000,P1,2,64,357.500000
RH,67,353.875000,P1,2,67,357.500000
RH,75,354.250000,P1,1,75,358.000000
LH,46,354.333333,P1,5,46,358.000000
LH,49,354.333333,P1,5,49,358.000000
LH,51,354.333333,P1,5,51,358.000000
LH,46,354.750000,P1,5,46,358.500000
LH,49,354.750000,P1,5,49,358.500000
LH,51,354.750000,P1,5,51,358.500000
RH,63,354.750000,P1,2,63,358.500000
RH,67,354.750000,P1,2,67,358.500000
LH,46,355.250000,P1,5,46,359.000000
LH,49,355.250000,P1,5,49,359.000000
LH,51,355.250000,P1,5,51,359.000000
RH,63,355.250000,P1,2,63,359.000000
RH,67,355.250000,P1,2,67,359.000000
RH,63,355.750000,P1,2,63,359.500000
RH,67,355.750000,P1,2,67,359.500000
RH,63,356.000000,P1,2,63,359.500000
LH,44,356.375000,P1,6,44,360.000000
RH,68,356.666667,P1,1,68,360.000000
LH,51,357.500000,P1,5,51,360.500000
LH,56,357.500000,P1,5,56,360.500000
LH,59,357.500000,P1,2,59,360.500000
RH,63,357.500000,P1,2,63,360.500000
LH,51,358.000000,P1,5,51,361.000000
LH,59,358.000000,P1,2,59,361.000000
RH,63,358.000000,P1,2,63,361.000000
LH,56,358.125000,P1,5,56,361.000000
LH,51,358.500000,P1,5,51,361.500000
LH,56,358.500000,P1,5,56,361.500000
LH,59,358.500000,P1,2,59,361.500000
RH,63,358.500000,P1,2,63,361.500000
LH,51,358.875000,P1,5,51,362.000000
LH,56,358.875000,P1,5,56,362.000000
LH,59,358.875000,P1,2,59,362.000000
RH,63,359.000000,P1,2,63,362.000000
LH,51,359.375000,P1,5,51,362.500000
LH,56,359.375000,P1,5,56,362.500000
RH,63,359.375000,P1,2,63,362.500000
LH,51,359.875000,P1,5,51,363.000000
RH,63,359.875000,P1,2,63,363.000000
LH,59,360.000000,P1,2,59,363.000000
LH,51,360.250000,P1,5,51,363.500000
LH,56,360.250000,P1,5,56,363.500000
LH,59,360.250000,P1,2,59,363.500000
RH,63,360.250000,P1,2,63,363.500000
LH,44,360.666667,P1,6,44,364.000000
RH,68,360.666667,P1,1,68,364.000000
LH,51,361.125000,P1,5,51,364.500000
LH,56,361.125000,P1,5,56,364.500000
LH,59,361.125000,P1,2,59,364.500000
RH,63,361.125000,P1,2,63,364.500000
LH,44,361.625000,P1,6,44,365.000000
RH,68,361.625000,P1,1,68,365.000000
LH,51,361.875000,P1,5,51,365.500000
LH,59,362.000000,P1,2,59,365.500000
RH,63,362.000000,P1,2,63,365.500000
LH,32,362.500000,P1,5,32,366.000000
RH,68,362.666667,P1,1,68,366.000000
LH,44,363.250000,P1,5,44,366.500000
LH,51,363.250000,P1,5,51,366.500000
LH,54,363.250000,P1,5,54,366.500000
RH,60,363.250000,P1,2,60,366.500000
RH,63,363.250000,P1,2,63,366.500000
LH,44,363.750000,P1,5,44,367.000000
LH,54,363.750000,P1,5,54,367.000000
RH,69,363.875000,P1,1,69,367.000000
LH,44,364.500000,P1,5,44,367.500000
LH,54,364.500000,P1,5,54,367.500000
RH,60,364.500000,P1,2,60,367.500000
RH,63,364.500000,P1,2,63,367.500000
LH,44,364.875000,P1,5,44,368.000000
LH,51,364.875000,P1,5,51,368.000000
RH,60,364.875000,P1,2,60,368.000000
RH,63,364.875000,P1,2,63,368.000000
LH,54,365.000000,P1,5,54,368.000000
LH,51,365.375000,P1,5,51,368.500000
LH,54,365.375000,P1,5,54,368.500000
RH,60,365.375000,P1,2,60,368.500000
RH,63,365.375000,P1,2,63,368.500000
LH,51,365.875000,P1,5,51,369.000000
LH,54,365.875000,P1,5,54,369.000000
RH,60,365.875000,P1,2,60,369.000000
RH,63,365.875000,P1,2,63,369.000000
LH,44,366.250000,P1,5,44,369.500000
LH,54,366.250000,P1,5,54,369.500000
RH,60,366.250000,P1,2,60,369.500000
RH,63,366.250000,P1,2,63,369.500000
LH,44,366.666667,P1,5,44,370.000000
RH,68,366.666667,P1,1,68,370.000000
LH,54,366.750000,P1,5,54,370.000000
LH,44,367.125000,P1,5,44,370.500000
RH,60,367.125000,P1,2,60,370.500000
RH,63,367.125000,P1,2,63,370.500000
LH,54,367.250000,P1,5,54,370.500000
RH,66,367.625000,P1,1,66,371.000000
LH,44,367.666667,P1,5,44,371.000000
LH,54,367.666667,P1,5,54,371.000000
LH,44,368.000000,P1,5,44,371.500000
LH,54,368.000000,P1,5,54,371.500000
RH,60,368.000000,P1,2,60,371.500000
RH,63,368.000000,P1,2,63,371.500000
LH,32,368.500000,P1,5,32,372.000000
LH,44,369.000000,P1,5,44,372.500000
LH,49,369.000000,P1,5,49,372.500000
LH,56,369.000000,P1,2,56,372.500000
RH,61,369.000000,P1,2,61,372.500000
LH,52,369.125000,P1,5,52,372.500000
LH,49,369.375000,P1,5,49,373.000000
LH,52,369.375000,P1,5,52,373.000000
LH,44,369.500000,P1,5,44,373.000000
LH,49,369.750000,P1,5,49,373.500000
RH,64,369.750000,P1,2,64,373.500000
LH,44,369.875000,P1,5,44,373.500000
LH,52,369.875000,P1,5,52,373.500000
RH,61,369.875000,P1,2,61,373.500000
LH,44,370.333333,P1,5,44,374.000000
LH,49,370.333333,P1,5,49,374.000000
LH,52,370.333333,P1,5,52,374.000000
LH,52,370.666667,P1,5,52,374.500000
RH,64,370.666667,P1,2,64,374.500000
RH,68,370.666667,P1,2,68,374.500000
LH,44,370.750000,P1,5,44,374.500000
LH,49,370.750000,P1,5,49,374.500000
LH,44,371.125000,P1,5,44,375.000000
LH,49,371.125000,P1,5,49,375.000000
LH,52,371.125000,P1,5,52,375.000000
LH,44,371.500000,P1,5,44,375.500000
LH,49,371.500000,P1,5,49,375.500000
LH,52,371.500000,P1,5,52,375.500000
RH,68,371.500000,P1,2,68,375.500000
RH,73,371.500000,P1,2,73,375.500000
LH,44,371.875000,P1,5,44,376.000000
LH,49,371.875000,P1,5,49,376.000000
LH,52,371.875000,P1,5,52,376.000000
LH,52,372.333333,P1,5,52,376.500000
RH,73,372.333333,P1,2,73,376.500000
RH,76,372.333333,P1,2,76,376.500000
LH,44,372.375000,P1,5,44,376.500000
LH,49,372.375000,P1,5,49,376.500000
LH,44,372.750000,P1,5,44,377.000000
LH,49,372.750000,P1,5,49,377.000000
LH,52,372.750000,P1,5,52,377.000000
LH,44,373.250000,P1,5,44,377.500000
LH,49,373.250000,P1,5,49,377.500000
LH,52,373.250000,P1,5,52,377.500000
RH,76,373.250000,P1,2,76,377.500000
RH,80,373.250000,P1,2,80,377.500000
LH,33,373.750000,P1,5,33,378.000000
RH,87,373.875000,P1,1,87,378.000000
LH,45,374.375000,P1,5,45,378.500000
LH,49,374.375000,P1,5,49,378.500000
LH,52,374.375000,P1,5,52,378.500000
RH,75,374.375000,P1,2,75,378.500000
RH,79,374.375000,P1,2,79,378.500000
LH,45,375.000000,P1,5,45,379.000000
LH,49,375.000000,P1,5,49,379.000000
LH,52,375.000000,P1,5,52,379.000000
RH,88,375.125000,P1,1,88,379.000000
RH,76,375.750000,P1,2,76,379.500000
RH,79,375.750000,P1,2,79,379.500000
LH,49,376.250000,P1,5,49,380.000000
LH,52,376.250000,P1,5,52,380.000000
RH,76,376.250000,P1,2,76,380.000000
RH,79,376.250000,P1,2,79,380.000000
LH,45,376.333333,P1,5,45,380.000000
LH,45,376.666667,P1,5,45,380.500000
LH,49,376.666667,P1,5,49,380.500000
LH,52,376.666667,P1,5,52,380.500000
RH,76,376.666667,P1,2,76,380.500000
RH,79,376.666667,P1,2,79,380.500000
LH,45,377.000000,P1,5,45,381.000000
LH,49,377.000000,P1,5,49,381.000000
LH,52,377.000000,P1,5,52,381.000000
RH,76,377.000000,P1,2,76,381.000000
RH,79,377.000000,P1,2,79,381.000000
LH,45,377.500000,P1,5,45,381.500000
LH,49,377.500000,P1,5,49,381.500000
LH,52,377.500000,P1,5,52,381.500000
RH,76,377.500000,P1,2,76,381.500000
RH,79,377.500000,P1,2,79,381.500000
LH,45,377.875000,P1,5,45,382.000000
LH,51,377.875000,P1,5,51,382.000000
RH,87,378.000000,P1,1,87,382.000000
LH,45,378.375000,P1,5,45,382.500000
LH,51,378.375000,P1,5,51,382.500000
RH,75,378.375000,P1,2,75,382.500000
RH,79,378.375000,P1,2,79,382.500000
RH,85,378.750000,P1,1,85,383.000000
LH,45,378.875000,P1,5,45,383.000000
LH,51,378.875000,P1,5,51,383.000000
RH,79,379.250000,P1,2,79,383.500000
RH,73,379.333333,P1,2,73,383.500000
LH,32,379.750000,P1,5,32,384.000000
LH,44,380.125000,P1,5,44,384.500000
RH,80,380.125000,P1,2,80,384.500000
RH,75,380.333333,P1,2,75,384.500000
LH,44,380.666667,P1,5,44,385.000000
LH,48,380.666667,P1,5,48,385.000000
LH,51,380.666667,P1,5,51,385.000000
LH,44,381.125000,P1,5,44,385.500000
LH,48,381.125000,P1,5,48,385.500000
LH,51,381.125000,P1,5,51,385.500000
RH,75,381.125000,P1,2,75,385.500000
RH,80,381.125000,P1,2,80,385.500000
LH,48,381.500000,P1,5,48,386.000000
LH,44,381.625000,P1,5,44,386.000000
LH,51,381.625000,P1,5,51,386.000000
LH,48,382.000000,P1,5,48,386.500000
RH,75,382.000000,P1,2,75,386.500000
LH,51,382.125000,P1,5,51,386.500000
RH,72,382.125000,P1,2,72,386.500000
LH,44,382.500000,P1,5,44,387.000000
LH,48,382.500000,P1,5,48,387.000000
LH,51,382.500000,P1,5,51,387.000000
LH,48,382.875000,P1,5,48,387.500000
LH,51,382.875000,P1,5,51,387.500000
RH,72,382.875000,P1,2,72,387.500000
LH,44,383.000000,P1,5,44,387.500000
RH,68,383.000000,P1,2,68,387.500000
LH,44,383.333333,P1,5,44,388.000000
LH,48,383.333333,P1,5,48,388.000000
LH,51,383.333333,P1,5,51,388.000000
LH,44,383.750000,P1,5,44,388.500000
LH,48,383.750000,P1,5,48,388.500000
LH,51,383.750000,P1,5,51,388.500000
RH,63,383.750000,P1,2,63,388.500000
RH,68,383.750000,P1,2,68,388.500000
LH,44,384.250000,P1,5,44,389.000000
LH,48,384.250000,P1,5,48,389.000000
LH,51,384.250000,P1,5,51,389.000000
RH,63,384.750000,P1,2,63,389.500000
RH,60,384.875000,P1,2,60,389.500000
LH,32,385.333333,P1,5,32,390.000000
RH,68,385.333333,P1,1,68,390.000000
RH,60,386.000000,P1,2,60,390.500000
RH,63,386.000000,P1,2,63,390.500000
LH,54,386.125000,P1,5,54,390.500000
RH,69,386.500000,P1,1,69,391.000000
LH,44,386.625000,P1,5,44,391.000000
LH,51,386.625000,P1,5,51,391.000000
LH,54,386.625000,P1,5,54,391.000000
LH,44,387.000000,P1,5,44,391.500000
LH,51,387.000000,P1,5,51,391.500000
LH,54,387.000000,P1,5,54,391.500000
RH,60,387.000000,P1,2,60,391.500000
RH,63,387.000000,P1,2,63,391.500000
LH,44,387.500000,P1,5,44,392.000000
LH,51,387.500000,P1,5,51,392.000000
LH,54,387.500000,P1,5,54,392.000000
RH,60,387.500000,P1,2,60,392.000000
RH,63,387.500000,P1,2,63,392.000000
LH,44,387.875000,P1,5,44,392.500000
LH,54,387.875000,P1,5,54,392.500000
RH,60,387.875000,P1,2,60,392.500000
RH,63,388.000000,P1,2,63,392.500000
LH,51,388.250000,P1,5,51,393.000000
LH,54,388.250000,P1,5,54,393.000000
RH,60,388.375000,P1,2,60,393.000000
RH,63,388.375000,P1,2,63,393.000000
LH,44,388.666667,P1,5,44,393.500000
LH,51,388.666667,P1,5,51,393.500000
LH,54,388.666667,P1,5,54,393.500000
RH,60,388.750000,P1,2,60,393.500000
RH,63,388.750000,P1,2,63,393.500000
LH,44,389.125000,P1,5,44,394.000000
RH,68,389.125000,P1,1,68,394.000000
LH,54,389.250000,P1,5,54,394.000000
LH,44,389.625000,P1,5,44,394.500000
LH,54,389.625000,P1,5,54,394.500000
RH,60,389.625000,P1,2,60,394.500000
RH,63,389.625000,P1,2,63,394.500000
LH,51,390.000000,P1,5,51,395.000000
LH,54,390.000000,P1,5,54,395.000000
RH,66,390.000000,P1,1,66,395.000000
LH,44,390.125000,P1,5,44,395.000000
LH,54,390.375000,P1,5,54,395.500000
RH,63,390.375000,P1,2,63,395.500000
LH,32,390.875000,P1,5,32,396.000000
LH,44,391.375000,P1,5,44,396.500000
LH,49,391.375000,P1,5,49,396.500000
LH,52,391.375000,P1,5,52,396.500000
LH,56,391.375000,P1,2,56,396.500000
RH,61,391.375000,P1,2,61,396.500000
LH,49,391.750000,P1,5,49,397.000000
LH,52,391.750000,P1,5,52,397.000000
LH,44,391.875000,P1,5,44,397.000000
LH,44,392.250000,P1,5,44,397.500000
LH,49,392.250000,P1,5,49,397.500000
LH,52,392.250000,P1,5,52,397.500000
RH,61,392.250000,P1,2,61,397.500000
RH,64,392.250000,P1,2,64,397.500000
LH,44,392.750000,P1,5,44,398.000000
LH,49,392.750000,P1,5,49,398.000000
LH,52,392.750000,P1,5,52,398.000000
LH,44,393.125000,P1,5,44,398.500000
LH,49,393.125000,P1,5,49,398.500000
LH,52,393.125000,P1,5,52,398.500000
RH,64,393.125000,P1,2,64,398.500000
RH,68,393.125000,P1,2,68,398.500000
LH,44,393.500000,P1,5,44,399.000000
LH,49,393.500000,P1,5,49,399.000000
LH,52,393.500000,P1,5,52,399.000000
LH,52,393.875000,P1,5,52,399.500000
RH,68,393.875000,P1,2,68,399.500000
RH,73,393.875000,P1,2,73,399.500000
LH,44,394.000000,P1,5,44,399.500000
LH,49,394.000000,P1,5,49,399.500000
LH,44,394.333333,P1,5,44,400.000000
LH,49,394.333333,P1,5,49,400.000000
LH,52,394.333333,P1,5,52,400.000000
LH,44,394.750000,P1,5,44,400.500000
LH,49,394.750000,P1,5,49,400.500000
LH,52,394.750000,P1,5,52,400.500000
RH,73,394.750000,P1,2,73,400.500000
RH,76,394.750000,P1,2,76,400.500000
LH,44,395.125000,P1,5,44,401.000000
LH,49,395.125000,P1,5,49,401.000000
LH,52,395.125000,P1,5,52,401.000000
LH,44,395.625000,P1,5,44,401.500000
LH,49,395.625000,P1,5,49,401.500000
LH,52,395.625000,P1,5,52,401.500000
RH,76,395.625000,P1,2,76,401.500000
RH,80,395.625000,P1,2,80,401.500000
LH,33,396.125000,P1,5,33,402.000000
RH,87,396.250000,P1,1,87,402.000000
LH,45,396.750000,P1,5,45,402.500000
LH,49,396.750000,P1,5,49,402.500000
LH,52,396.750000,P1,5,52,402.500000
RH,75,396.750000,P1,2,75,402.500000
RH,79,396.750000,P1,2,79,402.500000
LH,45,397.250000,P1,5,45,403.000000
LH,49,397.250000,P1,5,49,403.000000
LH,52,397.250000,P1,5,52,403.000000
RH,88,397.333333,P1,1,88,403.000000
LH,45,397.875000,P1,5,45,403.500000
LH,49,397.875000,P1,5,49,403.500000
RH,76,397.875000,P1,2,76,403.500000
RH,79,397.875000,P1,2,79,403.500000
LH,52,398.000000,P1,5,52,403.500000
LH,45,398.333333,P1,5,45,404.000000
LH,49,398.333333,P1,5,49,404.000000
RH,76,398.333333,P1,2,76,404.000000
RH,79,398.333333,P1,2,79,404.000000
LH,52,398.375000,P1,5,52,404.000000
LH,45,398.750000,P1,5,45,404.500000
LH,49,398.750000,P1,5,49,404.500000
LH,52,398.750000,P1,5,52,404.500000
RH,76,398.750000,P1,2,76,404.500000
RH,79,398.750000,P1,2,79,404.500000
LH,45,399.125000,P1,5,45,405.000000
LH,49,399.125000,P1,5,49,405.000000
LH,52,399.125000,P1,5,52,405.000000
RH,76,399.125000,P1,2,76,405.000000
RH,79,399.125000,P1,2,79,405.000000
LH,45,399.500000,P1,5,45,405.500000
LH,49,399.500000,P1,5,49,405.500000
LH,52,399.625000,P1,5,52,405.500000
RH,76,399.625000,P1,2,76,405.500000
RH,79,399.625000,P1,2,79,405.500000
LH,45,400.000000,P1,5,45,406.000000
LH,52,400.000000,P1,5,52,406.000000
LH,49,400.125000,P1,5,49,406.000000
LH,45,400.500000,P1,5,45,406.500000
LH,49,400.500000,P1,5,49,406.500000
LH,52,400.500000,P1,5,52,406.500000
RH,75,400.500000,P1,2,75,406.500000
RH,79,400.500000,P1,2,79,406.500000
LH,45,400.875000,P1,5,45,407.000000
LH,52,400.875000,P1,5,52,407.000000
LH,49,401.000000,P1,5,49,407.000000
LH,49,401.375000,P1,5,49,407.500000
RH,79,401.375000,P1,2,79,407.500000
RH,73,401.500000,P1,2,73,407.500000
LH,32,401.875000,P1,5,32,408.000000
RH,85,401.875000,P1,1,85,408.000000
LH,44,402.375000,P1,5,44,408.500000
RH,73,402.375000,P1,2,73,408.500000
RH,76,402.375000,P1,2,76,408.500000
RH,80,402.375000,P1,2,80,408.500000
LH,49,402.500000,P1,5,49,408.500000
LH,52,402.500000,P1,5,52,408.500000
LH,44,402.875000,P1,5,44,409.000000
LH,49,402.875000,P1,5,49,409.000000
RH,73,402.875000,P1,2,73,409.000000
RH,80,402.875000,P1,2,80,409.000000
LH,52,403.000000,P1,5,52,409.000000
RH,76,403.000000,P1,2,76,409.000000
LH,44,403.333333,P1,5,44,409.500000
LH,49,403.333333,P1,5,49,409.500000
LH,52,403.333333,P1,5,52,409.500000
RH,73,403.333333,P1,2,73,409.500000
RH,76,403.333333,P1,2,76,409.500000
RH,80,403.333333,P1,2,80,409.500000
LH,49,403.750000,P1,5,49,410.000000
LH,52,403.750000,P1,5,52,410.000000
RH,73,403.750000,P1,2,73,410.000000
RH,76,403.750000,P1,2,76,410.000000
RH,80,403.750000,P1,2,80,410.000000
LH,44,403.875000,P1,5,44,410.000000
RH,73,404.250000,P1,2,73,410.500000
RH,76,404.250000,P1,2,76,410.500000
RH,80,404.250000,P1,2,80,410.500000
LH,32,404.625000,P1,5,32,411.000000
RH,80,404.625000,P1,1,80,411.000000
LH,51,405.125000,P1,5,51,411.500000
RH,72,405.125000,P1,2,72,411.500000
RH,75,405.125000,P1,2,75,411.500000
LH,44,405.250000,P1,5,44,411.500000
LH,44,405.750000,P1,5,44,412.000000
LH,48,405.750000,P1,5,48,412.000000
LH,51,405.750000,P1,5,51,412.000000
RH,72,405.750000,P1,2,72,412.000000
RH,75,405.750000,P1,2,75,412.000000
LH,44,406.250000,P1,5,44,412.500000
LH,51,406.250000,P1,5,51,412.500000
RH,72,406.250000,P1,2,72,412.500000
RH,75,406.250000,P1,2,75,412.500000
LH,48,406.750000,P1,5,48,413.000000
RH,75,406.750000,P1,2,75,413.000000
LH,44,406.875000,P1,5,44,413.000000
RH,72,406.875000,P1,2,72,413.000000
LH,37,409.000000,P1,5,37,414.000000
RH,68,409.125000,P1,1,68,414.000000
LH,56,410.000000,P1,2,56,414.500000
RH,65,410.000000,P1,2,65,414.500000
LH,44,410.125000,P1,5,44,414.500000
LH,56,410.625000,P1,2,56,415.000000
RH,65,410.625000,P1,2,65,415.000000
LH,49,410.750000,P1,5,49,415.000000
LH,44,411.000000,P1,5,44,415.500000
LH,49,411.000000,P1,5,49,415.500000
LH,53,411.000000,P1,5,53,415.500000
LH,56,411.000000,P1,2,56,415.500000
RH,65,411.000000,P1,2,65,415.500000
LH,53,411.500000,P1,5,53,416.000000
LH,56,411.500000,P1,2,56,416.000000
RH,65,411.500000,P1,2,65,416.000000
LH,44,411.875000,P1,5,44,416.500000
LH,56,411.875000,P1,2,56,416.500000
RH,65,411.875000,P1,2,65,416.500000
LH,44,412.375000,P1,5,44,417.000000
LH,44,412.750000,P1,5,44,417.500000
LH,56,412.750000,P1,2,56,417.500000
RH,65,412.750000,P1,2,65,417.500000
LH,53,412.875000,P1,5,53,417.500000
LH,44,413.250000,P1,5,44,418.000000
LH,49,413.250000,P1,5,49,418.000000
LH,53,413.250000,P1,5,53,418.000000
LH,58,413.666667,P1,2,58,418.500000
RH,65,413.666667,P1,2,65,418.500000
LH,44,413.750000,P1,5,44,418.500000
LH,49,413.750000,P1,5,49,418.500000
LH,53,413.750000,P1,5,53,418.500000
LH,44,414.250000,P1,5,44,419.000000
LH,49,414.250000,P1,5,49,419.000000
LH,53,414.250000,P1,5,53,419.000000
LH,49,414.500000,P1,5,49,419.500000
LH,56,414.500000,P1,2,56,419.500000
RH,65,414.500000,P1,2,65,419.500000
LH,53,414.625000,P1,5,53,419.500000
LH,36,415.000000,P1,5,36,420.000000
RH,70,415.000000,P1,1,70,420.000000
LH,44,415.500000,P1,5,44,420.500000
LH,51,415.500000,P1,5,51,420.500000
LH,54,415.500000,P1,5,54,420.500000
LH,56,415.500000,P1,2,56,420.500000
RH,66,415.500000,P1,2,66,420.500000
LH,44,415.875000,P1,5,44,421.000000
LH,51,415.875000,P1,5,51,421.000000
LH,56,415.875000,P1,2,56,421.000000
RH,66,415.875000,P1,2,66,421.000000
LH,54,416.000000,P1,5,54,421.000000
LH,44,416.333333,P1,5,44,421.500000
LH,51,416.333333,P1,5,51,421.500000
LH,56,416.333333,P1,2,56,421.500000
RH,66,416.333333,P1,2,66,421.500000
LH,54,416.375000,P1,5,54,421.500000
LH,44,416.750000,P1,5,44,422.000000
LH,51,416.750000,P1,5,51,422.000000
LH,54,416.750000,P1,5,54,422.000000
LH,56,416.750000,P1,2,56,422.000000
RH,66,416.750000,P1,2,66,422.000000
LH,44,417.125000,P1,5,44,422.500000
LH,51,417.125000,P1,5,51,422.500000
RH,66,417.125000,P1,2,66,422.500000
LH,54,417.250000,P1,5,54,422.500000
LH,44,417.500000,P1,5,44,423.000000
LH,51,417.500000,P1,5,51,423.000000
RH,68,417.500000,P1,1,68,423.000000
LH,54,417.666667,P1,5,54,423.000000
LH,44,418.000000,P1,5,44,423.500000
LH,51,418.000000,P1,5,51,423.500000
LH,56,418.000000,P1,2,56,423.500000
RH,66,418.000000,P1,2,66,423.500000
LH,54,418.125000,P1,5,54,423.500000
LH,51,418.375000,P1,5,51,424.000000
LH,56,418.375000,P1,2,56,424.000000
LH,54,418.500000,P1,5,54,424.000000
RH,66,418.500000,P1,2,66,424.000000
LH,51,418.875000,P1,5,51,424.500000
LH,54,418.875000,P1,5,54,424.500000
LH,56,418.875000,P1,2,56,424.500000
RH,66,418.875000,P1,2,66,424.500000
LH,44,419.250000,P1,5,44,425.000000
LH,51,419.250000,P1,5,51,425.000000
LH,54,419.250000,P1,5,54,425.000000
LH,56,419.250000,P1,2,56,425.000000
RH,66,419.250000,P1,2,66,425.000000
RH,66,419.666667,P1,2,66,425.500000
RH,68,420.125000,P1,1,68,426.000000
LH,37,420.250000,P1,5,37,426.000000
LH,53,420.625000,P1,5,53,426.500000
RH,65,420.625000,P1,2,65,426.500000
LH,44,420.666667,P1,5,44,426.500000
LH,49,420.666667,P1,5,49,426.500000
LH,56,420.666667,P1,2,56,426.500000
LH,44,421.125000,P1,5,44,427.000000
LH,49,421.125000,P1,5,49,427.000000
LH,53,421.125000,P1,5,53,427.000000
LH,56,421.125000,P1,2,56,427.000000
RH,65,421.125000,P1,2,65,427.000000
LH,44,421.500000,P1,5,44,427.500000
LH,49,421.500000,P1,5,49,427.500000
LH,53,421.500000,P1,5,53,427.500000
LH,56,421.500000,P1,2,56,427.500000
RH,65,421.500000,P1,2,65,427.500000
LH,44,421.875000,P1,5,44,428.000000
LH,49,421.875000,P1,5,49,428.000000
LH,53,421.875000,P1,5,53,428.000000
LH,56,421.875000,P1,2,56,428.000000
RH,65,421.875000,P1,2,65,428.000000
LH,56,422.250000,P1,2,56,428.500000
RH,65,422.250000,P1,2,65,428.500000
LH,44,422.333333,P1,5,44,428.500000
LH,53,422.333333,P1,5,53,428.500000
LH,49,422.375000,P1,5,49,428.500000
LH,44,422.750000,P1,5,44,429.000000
LH,49,422.750000,P1,5,49,429.000000
RH,77,422.750000,P1,1,77,429.000000
LH,53,422.875000,P1,5,53,429.000000
LH,44,423.250000,P1,5,44,429.500000
LH,49,423.250000,P1,5,49,429.500000
LH,53,423.250000,P1,5,53,429.500000
RH,65,423.250000,P1,2,65,429.500000
RH,68,423.250000,P1,2,68,429.500000
RH,75,423.666667,P1,1,75,430.000000
LH,44,423.750000,P1,5,44,430.000000
LH,49,423.750000,P1,5,49,430.000000
LH,53,423.750000,P1,5,53,430.000000
LH,44,424.125000,P1,5,44,430.500000
LH,49,424.125000,P1,5,49,430.500000
LH,53,424.125000,P1,5,53,430.500000
RH,63,424.125000,P1,2,63,430.500000
RH,68,424.125000,P1,2,68,430.500000
LH,44,424.500000,P1,5,44,431.000000
LH,49,424.500000,P1,5,49,431.000000
LH,53,424.500000,P1,5,53,431.000000
RH,73,424.500000,P1,1,73,431.000000
RH,61,424.875000,P1,2,61,431.500000
RH,68,424.875000,P1,2,68,431.500000
LH,49,425.000000,P1,5,49,431.500000
LH,39,425.333333,P1,5,39,432.000000
RH,73,425.500000,P1,1,73,432.000000
LH,51,426.000000,P1,5,51,432.500000
RH,61,426.000000,P1,2,61,432.500000
RH,68,426.000000,P1,2,68,432.500000
LH,44,426.500000,P1,5,44,433.000000
LH,51,426.500000,P1,5,51,433.000000
LH,54,426.500000,P1,5,54,433.000000
RH,61,426.500000,P1,2,61,433.000000
RH,68,426.500000,P1,2,68,433.000000
LH,44,426.875000,P1,5,44,433.500000
LH,51,426.875000,P1,5,51,433.500000
LH,54,426.875000,P1,5,54,433.500000
RH,61,426.875000,P1,2,61,433.500000
RH,68,426.875000,P1,2,68,433.500000
LH,44,427.250000,P1,5,44,434.000000
LH,51,427.333333,P1,5,51,434.000000
LH,54,427.333333,P1,5,54,434.000000
RH,61,427.333333,P1,2,61,434.000000
RH,68,427.333333,P1,2,68,434.000000
RH,68,427.666667,P1,2,68,434.500000
LH,51,427.750000,P1,5,51,434.500000
LH,44,428.125000,P1,5,44,435.000000
RH,72,428.125000,P1,1,72,435.000000
LH,51,428.250000,P1,5,51,435.000000
LH,51,428.625000,P1,5,51,435.500000
LH,54,428.625000,P1,5,54,435.500000
RH,68,428.625000,P1,2,68,435.500000
RH,60,428.666667,P1,2,60,435.500000
LH,44,429.000000,P1,5,44,436.000000
LH,51,429.000000,P1,5,51,436.000000
LH,54,429.000000,P1,5,54,436.000000
RH,60,429.125000,P1,2,60,436.000000
RH,68,429.125000,P1,2,68,436.000000
LH,44,429.500000,P1,5,44,436.500000
LH,51,429.500000,P1,5,51,436.500000
LH,54,429.500000,P1,5,54,436.500000
RH,68,429.500000,P1,2,68,436.500000
LH,44,429.875000,P1,5,44,437.000000
RH,68,429.875000,P1,2,68,437.000000
RH,68,430.333333,P1,2,68,437.500000
RH,60,430.500000,P1,2,60,437.500000
LH,40,430.750000,P1,5,40,438.000000
RH,72,430.875000,P1,1,72,438.000000
RH,60,431.333333,P1,2,60,438.500000
RH,69,431.333333,P1,2,69,438.500000
LH,45,431.375000,P1,5,45,438.500000
LH,52,431.375000,P1,5,52,438.500000
LH,45,431.875000,P1,5,45,439.000000
LH,52,431.875000,P1,5,52,439.000000
RH,73,431.875000,P1,1,73,439.000000
LH,45,432.250000,P1,5,45,439.500000
RH,61,432.250000,P1,2,61,439.500000
RH,69,432.250000,P1,2,69,439.500000
LH,52,432.333333,P1,5,52,439.500000
LH,45,432.750000,P1,5,45,440.000000
RH,61,432.750000,P1,2,61,440.000000
RH,69,432.750000,P1,2,69,440.000000
LH,45,433.125000,P1,5,45,440.500000
RH,69,433.125000,P1,2,69,440.500000
RH,61,433.250000,P1,2,61,440.500000
LH,45,433.625000,P1,5,45,441.000000
LH,52,433.625000,P1,5,52,441.000000
RH,61,433.625000,P1,2,61,441.000000
RH,69,433.625000,P1,2,69,441.000000
LH,52,434.000000,P1,5,52,441.500000
RH,61,434.000000,P1,2,61,441.500000
RH,69,434.000000,P1,2,69,441.500000
RH,73,434.333333,P1,1,73,442.000000
LH,52,434.750000,P1,5,52,442.500000
RH,61,434.750000,P1,2,61,442.500000
RH,69,434.750000,P1,2,69,442.500000
RH,73,435.125000,P1,1,73,443.000000
RH,61,435.625000,P1,2,61,443.500000
RH,69,435.625000,P1,2,69,443.500000
RH,73,436.000000,P1,1,73,444.000000
LH,40,436.375000,P1,5,40,444.500000
LH,47,436.375000,P1,5,47,444.500000
RH,61,436.375000,P1,2,61,444.500000
RH,68,436.375000,P1,2,68,444.500000
LH,40,436.875000,P1,5,40,445.000000
LH,47,436.875000,P1,5,47,445.000000
RH,74,436.875000,P1,1,74,445.000000
LH,40,437.333333,P1,5,40,445.500000
RH,62,437.333333,P1,2,62,445.500000
RH,68,437.333333,P1,2,68,445.500000
LH,47,437.375000,P1,5,47,445.500000
LH,40,437.750000,P1,5,40,446.000000
LH,47,437.750000,P1,5,47,446.000000
RH,62,437.750000,P1,2,62,446.000000
RH,68,437.750000,P1,2,68,446.000000
LH,40,438.125000,P1,5,40,446.500000
LH,47,438.125000,P1,5,47,446.500000
RH,62,438.125000,P1,2,62,446.500000
RH,68,438.125000,P1,2,68,446.500000
LH,40,438.500000,P1,5,40,447.000000
LH,47,438.500000,P1,5,47,447.000000
RH,62,438.500000,P1,2,62,447.000000
RH,68,438.500000,P1,2,68,447.000000
LH,40,439.000000,P1,5,40,447.500000
LH,47,439.000000,P1,5,47,447.500000
RH,62,439.000000,P1,2,62,447.500000
RH,68,439.000000,P1,2,68,447.500000
RH,74,439.333333,P1,1,74,448.000000
LH,40,439.750000,P1,5,40,448.500000
LH,47,439.750000,P1,5,47,448.500000
RH,62,439.750000,P1,2,62,448.500000
RH,68,439.750000,P1,2,68,448.500000
RH,74,440.125000,P1,1,74,449.000000
LH,47,440.625000,P1,5,47,449.500000
RH,62,440.625000,P1,2,62,449.500000
RH,68,440.625000,P1,2,68,449.500000
RH,77,441.000000,P1,1,77,450.000000
LH,50,441.375000,P1,5,50,450.500000
RH,65,441.375000,P1,2,65,450.500000
RH,74,441.375000,P1,2,74,450.500000
LH,45,441.500000,P1,5,45,450.500000
RH,78,441.875000,P1,1,78,451.000000
LH,45,442.000000,P1,5,45,451.000000
LH,50,442.000000,P1,5,50,451.000000
RH,66,442.250000,P1,2,66,451.500000
RH,74,442.250000,P1,2,74,451.500000
LH,45,442.375000,P1,5,45,451.500000
LH,50,442.375000,P1,5,50,451.500000
RH,66,442.666667,P1,2,66,452.000000
RH,74,442.666667,P1,2,74,452.000000
LH,45,442.750000,P1,5,45,452.000000
LH,50,442.750000,P1,5,50,452.000000
LH,45,443.125000,P1,5,45,452.500000
LH,50,443.125000,P1,5,50,452.500000
RH,66,443.125000,P1,2,66,452.500000
RH,74,443.125000,P1,2,74,452.500000
LH,45,443.500000,P1,5,45,453.000000
LH,50,443.500000,P1,5,50,453.000000
RH,66,443.500000,P1,2,66,453.000000
RH,74,443.500000,P1,2,74,453.000000
LH,45,443.875000,P1,5,45,453.500000
LH,50,443.875000,P1,5,50,453.500000
RH,66,443.875000,P1,2,66,453.500000
RH,74,443.875000,P1,2,74,453.500000
RH,78,444.250000,P1,1,78,454.000000
RH,66,444.625000,P1,2,66,454.500000
RH,74,444.625000,P1,2,74,454.500000
LH,45,444.666667,P1,5,45,454.500000
LH,50,444.666667,P1,5,50,454.500000
RH,78,445.000000,P1,1,78,455.000000
LH,45,445.375000,P1,5,45,455.500000
LH,50,445.375000,P1,5,50,455.500000
RH,66,445.375000,P1,2,66,455.500000
RH,74,445.375000,P1,2,74,455.500000
RH,78,445.875000,P1,1,78,456.000000
LH,45,446.250000,P1,5,45,456.500000
RH,66,446.250000,P1,2,66,456.500000
RH,73,446.250000,P1,2,73,456.500000
LH,33,446.750000,P1,5,33,457.000000
RH,79,446.750000,P1,1,79,457.000000
LH,40,447.250000,P1,5,40,457.500000
LH,45,447.250000,P1,5,45,457.500000
RH,67,447.250000,P1,2,67,457.500000
RH,73,447.250000,P1,2,73,457.500000
LH,45,447.625000,P1,5,45,458.000000
RH,67,447.625000,P1,2,67,458.000000
RH,73,447.625000,P1,2,73,458.000000
LH,40,447.666667,P1,5,40,458.000000
LH,40,448.000000,P1,5,40,458.500000
LH,45,448.000000,P1,5,45,458.500000
RH,67,448.000000,P1,2,67,458.500000
RH,73,448.000000,P1,2,73,458.500000
LH,40,448.375000,P1,5,40,459.000000
LH,45,448.375000,P1,5,45,459.000000
RH,67,448.375000,P1,2,67,459.000000
RH,73,448.375000,P1,2,73,459.000000
LH,40,448.750000,P1,5,40,459.500000
LH,45,448.750000,P1,5,45,459.500000
RH,67,448.750000,P1,2,67,459.500000
RH,73,448.750000,P1,2,73,459.500000
RH,79,449.125000,P1,1,79,460.000000
LH,40,449.500000,P1,5,40,460.500000
RH,67,449.500000,P1,2,67,460.500000
RH,73,449.500000,P1,2,73,460.500000
LH,45,449.625000,P1,5,45,460.500000
RH,79,450.000000,P1,1,79,461.000000
LH,40,450.375000,P1,5,40,461.500000
LH,45,450.375000,P1,5,45,461.500000
RH,67,450.375000,P1,2,67,461.500000
RH,73,450.375000,P1,2,73,461.500000
RH,81,450.875000,P1,1,81,462.000000
LH,44,451.500000,P1,5,44,462.500000
LH,49,451.500000,P1,5,49,462.500000
LH,52,451.500000,P1,5,52,462.500000
RH,69,451.500000,P1,2,69,462.500000
RH,73,451.500000,P1,2,73,462.500000
LH,44,451.875000,P1,5,44,463.000000
LH,49,451.875000,P1,5,49,463.000000
LH,52,451.875000,P1,5,52,463.000000
RH,80,451.875000,P1,1,80,463.000000
LH,49,452.250000,P1,5,49,463.500000
RH,68,452.250000,P1,2,68,463.500000
RH,73,452.250000,P1,2,73,463.500000
LH,44,452.333333,P1,5,44,463.500000
LH,52,452.333333,P1,5,52,463.500000
LH,49,452.666667,P1,5,49,464.000000
LH,52,452.666667,P1,5,52,464.000000
RH,68,452.666667,P1,2,68,464.000000
RH,73,452.666667,P1,2,73,464.000000
LH,44,452.750000,P1,5,44,464.000000
LH,49,453.000000,P1,5,49,464.500000
LH,52,453.000000,P1,5,52,464.500000
RH,68,453.000000,P1,2,68,464.500000
RH,73,453.000000,P1,2,73,464.500000
LH,32,453.500000,P1,5,32,465.000000
RH,81,453.500000,P1,1,81,465.000000
LH,44,454.125000,P1,5,44,465.500000
LH,51,454.125000,P1,5,51,465.500000
LH,54,454.125000,P1,5,54,465.500000
RH,69,454.125000,P1,2,69,465.500000
RH,72,454.125000,P1,2,72,465.500000
LH,44,454.500000,P1,5,44,466.000000
LH,51,454.500000,P1,5,51,466.000000
LH,54,454.500000,P1,5,54,466.000000
RH,80,454.500000,P1,1,80,466.000000
LH,44,455.000000,P1,5,44,466.500000
LH,51,455.000000,P1,5,51,466.500000
LH,54,455.000000,P1,5,54,466.500000
RH,68,455.000000,P1,2,68,466.500000
RH,72,455.000000,P1,2,72,466.500000
LH,44,455.333333,P1,5,44,467.000000
LH,51,455.333333,P1,5,51,467.000000
RH,68,455.333333,P1,2,68,467.000000
LH,54,455.375000,P1,5,54,467.000000
RH,72,455.375000,P1,2,72,467.000000
LH,44,455.750000,P1,5,44,467.500000
LH,54,455.750000,P1,5,54,467.500000
RH,68,455.875000,P1,2,68,467.500000
RH,72,455.875000,P1,2,72,467.500000
RH,73,456.375000,P1,1,73,468.000000
LH,37,456.500000,P1,5,37,468.000000
LH,44,457.000000,P1,5,44,468.500000
LH,49,457.000000,P1,5,49,468.500000
LH,52,457.000000,P1,5,52,468.500000
RH,61,457.000000,P1,2,61,468.500000
RH,64,457.000000,P1,2,64,468.500000
RH,68,457.000000,P1,2,68,468.500000
LH,44,457.375000,P1,5,44,469.000000
LH,49,457.375000,P1,5,49,469.000000
RH,61,457.375000,P1,2,61,469.000000
RH,64,457.375000,P1,2,64,469.000000
RH,68,457.500000,P1,2,68,469.000000
LH,44,457.875000,P1,5,44,469.500000
LH,49,457.875000,P1,5,49,469.500000
RH,61,457.875000,P1,2,61,469.500000
RH,64,457.875000,P1,2,64,469.500000
RH,68,457.875000,P1,2,68,469.500000
LH,44,458.250000,P1,5,44,470.000000
LH,49,458.250000,P1,5,49,470.000000
RH,61,458.250000,P1,2,61,470.000000
LH,52,458.333333,P1,5,52,470.000000
RH,64,458.333333,P1,2,64,470.000000
RH,68,458.333333,P1,2,68,470.000000
LH,44,458.666667,P1,5,44,470.500000
LH,49,458.666667,P1,5,49,470.500000
RH,68,458.666667,P1,2,68,470.500000
LH,52,458.750000,P1,5,52,470.500000
RH,61,458.750000,P1,2,61,470.500000
RH,64,458.750000,P1,2,64,470.500000
LH,44,459.125000,P1,5,44,471.000000
LH,49,459.125000,P1,5,49,471.000000
LH,52,459.125000,P1,5,52,471.000000
RH,61,459.125000,P1,2,61,471.000000
RH,68,459.125000,P1,2,68,471.000000
RH,64,459.250000,P1,2,64,471.000000
LH,52,459.625000,P1,5,52,471.500000
RH,61,459.625000,P1,2,61,471.500000
RH,68,459.625000,P1,2,68,471.500000
RH,64,459.666667,P1,2,64,471.500000
LH,49,460.000000,P1,5,49,472.000000
RH,68,460.000000,P1,1,68,472.000000
LH,44,460.125000,P1,5,44,472.000000
LH,52,460.125000,P1,5,52,472.000000
LH,44,460.500000,P1,5,44,472.500000
LH,49,460.500000,P1,5,49,472.500000
LH,52,460.500000,P1,5,52,472.500000
RH,61,460.500000,P1,2,61,472.500000
RH,64,460.500000,P1,2,64,472.500000
LH,44,461.000000,P1,5,44,473.000000
LH,52,461.000000,P1,5,52,473.000000
RH,64,461.333333,P1,2,64,473.500000
RH,61,461.375000,P1,2,61,473.500000
LH,37,461.875000,P1,5,37,474.000000
RH,68,461.875000,P1,1,68,474.000000
LH,49,462.375000,P1,5,49,474.500000
RH,64,462.375000,P1,2,64,474.500000
RH,61,462.500000,P1,2,61,474.500000
LH,49,462.875000,P1,5,49,475.000000
RH,61,462.875000,P1,2,61,475.000000
RH,64,462.875000,P1,2,64,475.000000
RH,64,463.250000,P1,2,64,475.500000
LH,49,463.333333,P1,5,49,475.500000
LH,52,463.333333,P1,5,52,475.500000
RH,61,463.333333,P1,2,61,475.500000
LH,49,463.750000,P1,5,49,476.000000
RH,61,463.750000,P1,2,61,476.000000
RH,64,463.750000,P1,2,64,476.000000
LH,52,463.875000,P1,5,52,476.000000
LH,49,464.250000,P1,5,49,476.500000
RH,61,464.250000,P1,2,61,476.500000
RH,64,464.250000,P1,2,64,476.500000
LH,52,464.333333,P1,5,52,476.500000
RH,61,464.750000,P1,2,61,477.000000
RH,64,464.750000,P1,2,64,477.000000
RH,61,465.125000,P1,2,61,477.500000
RH,64,465.125000,P1,2,64,477.500000
LH,52,465.625000,P1,5,52,478.000000
RH,68,465.625000,P1,1,68,478.000000
LH,49,466.125000,P1,5,49,478.500000
LH,52,466.125000,P1,5,52,478.500000
RH,64,466.125000,P1,2,64,478.500000
RH,61,466.250000,P1,2,61,478.500000
RH,70,466.500000,P1,1,70,479.000000
LH,49,466.625000,P1,5,49,479.000000
RH,61,467.125000,P1,2,61,479.500000
RH,64,467.125000,P1,2,64,479.500000
LH,52,467.250000,P1,5,52,479.500000
LH,39,467.666667,P1,5,39,480.000000
RH,68,467.875000,P1,1,68,480.000000
LH,51,468.500000,P1,5,51,480.500000
LH,58,468.500000,P1,2,58,480.500000
RH,61,468.500000,P1,2,61,480.500000
LH,51,468.875000,P1,5,51,481.000000
LH,58,468.875000,P1,2,58,481.000000
RH,61,468.875000,P1,2,61,481.000000
LH,51,469.375000,P1,5,51,481.500000
LH,58,469.375000,P1,2,58,481.500000
RH,61,469.375000,P1,2,61,481.500000
LH,51,469.875000,P1,5,51,482.000000
LH,58,469.875000,P1,2,58,482.000000
RH,61,469.875000,P1,2,61,482.000000
LH,58,470.250000,P1,2,58,482.500000
RH,61,470.250000,P1,2,61,482.500000
LH,51,470.333333,P1,5,51,482.500000
LH,51,470.666667,P1,5,51,483.000000
LH,58,470.666667,P1,2,58,483.000000
RH,61,470.666667,P1,2,61,483.000000
LH,51,471.125000,P1,5,51,483.500000
LH,58,471.125000,P1,2,58,483.500000
RH,61,471.125000,P1,2,61,483.500000
LH,51,471.625000,P1,5,51,484.000000
LH,58,471.625000,P1,2,58,484.000000
RH,61,471.625000,P1,2,61,484.000000
LH,51,472.000000,P1,5,51,484.500000
LH,58,472.000000,P1,2,58,484.500000
RH,61,472.000000,P1,2,61,484.500000
LH,51,472.500000,P1,5,51,485.000000
RH,61,472.500000,P1,2,61,485.000000
LH,51,473.000000,P1,5,51,485.500000
LH,58,473.000000,P1,2,58,485.500000
RH,61,473.000000,P1,2,61,485.500000
LH,39,473.625000,P1,5,39,486.000000
RH,67,473.750000,P1,1,67,486.000000
LH,51,474.375000,P1,5,51,486.500000
LH,58,474.375000,P1,2,58,486.500000
RH,61,474.375000,P1,2,61,486.500000
LH,51,474.875000,P1,5,51,487.000000
LH,58,474.875000,P1,2,58,487.000000
RH,61,474.875000,P1,2,61,487.000000
LH,51,475.375000,P1,5,51,487.500000
LH,58,475.375000,P1,2,58,487.500000
RH,61,475.375000,P1,2,61,487.500000
LH,51,475.875000,P1,5,51,488.000000
LH,58,475.875000,P1,2,58,488.000000
RH,61,475.875000,P1,2,61,488.000000
LH,51,476.333333,P1,5,51,488.500000
LH,58,476.333333,P1,2,58,488.500000
RH,61,476.333333,P1,2,61,488.500000
LH,51,476.875000,P1,5,51,489.000000
LH,58,476.875000,P1,2,58,489.000000
RH,61,476.875000,P1,2,61,489.000000
LH,51,477.333333,P1,5,51,489.500000
LH,58,477.333333,P1,2,58,489.500000
RH,61,477.333333,P1,2,61,489.500000
LH,51,477.875000,P1,5,51,490.000000
LH,58,477.875000,P1,2,58,490.000000
RH,61,477.875000,P1,2,61,490.000000
LH,51,478.500000,P1,5,51,490.500000
LH,58,478.500000,P1,2,58,490.500000
RH,61,478.500000,P1,2,61,490.500000
LH,51,479.125000,P1,5,51,491.000000
RH,61,479.250000,P1,2,61,491.000000
LH,39,482.000000,P1,5,39,492.000000
RH,67,482.000000,P1,1,67,492.000000
RH,70,482.500000,P1,1,70,492.250000
RH,67,482.750000,P1,1,67,492.500000
RH,64,483.000000,P1,1,64,492.750000
LH,51,483.250000,P1,5,51,493.000000
LH,58,483.250000,P1,5,58,493.000000
RH,61,483.250000,P1,5,61,493.000000
RH,70,483.250000,P1,1,70,493.000000
RH,73,483.500000,P1,1,73,493.250000
RH,70,483.750000,P1,1,70,493.500000
RH,67,484.000000,P1,1,67,493.750000
RH,73,484.125000,P1,1,73,494.000000
RH,76,484.375000,P1,1,76,494.250000
RH,73,484.500000,P1,1,73,494.500000
RH,70,484.750000,P1,1,70,494.750000
RH,76,485.000000,P1,1,76,495.000000
RH,79,485.250000,P1,1,79,495.250000
RH,76,485.375000,P1,1,76,495.500000
RH,73,485.625000,P1,1,73,495.750000
RH,79,485.875000,P1,1,79,496.000000
RH,82,486.000000,P1,1,82,496.250000
RH,79,486.250000,P1,1,79,496.500000
RH,76,486.375000,P1,1,76,496.750000
RH,82,486.625000,P1,1,82,497.000000
RH,85,486.875000,P1,1,85,497.250000
RH,82,487.125000,P1,1,82,497.500000
RH,79,487.333333,P1,1,79,497.750000
LH,51,487.625000,P1,5,51,498.000000
LH,58,487.625000,P1,5,58,498.000000
RH,61,487.625000,P1,5,61,498.000000
LH,55,487.750000,P1,5,55,498.000000
RH,85,487.750000,P1,1,85,498.000000
RH,88,488.125000,P1,1,88,498.250000
RH,85,488.333333,P1,1,85,498.500000
RH,82,488.500000,P1,1,82,498.750000
RH,85,488.750000,P1,1,85,499.000000
RH,88,489.000000,P1,1,88,499.250000
RH,85,489.125000,P1,1,85,499.500000
RH,82,489.333333,P1,1,82,499.750000
RH,85,489.625000,P1,1,85,500.000000
RH,88,489.750000,P1,1,88,500.250000
RH,85,490.000000,P1,1,85,500.500000
RH,82,490.125000,P1,1,82,500.750000
RH,85,490.375000,P1,1,85,501.000000
RH,88,490.500000,P1,1,88,501.250000
RH,85,490.750000,P1,1,85,501.500000
RH,82,491.000000,P1,1,82,501.750000
RH,85,491.250000,P1,1,85,502.000000
RH,88,491.375000,P1,1,88,502.250000
RH,85,491.625000,P1,1,85,502.500000
RH,82,491.875000,P1,1,82,502.750000
RH,85,492.000000,P1,1,85,503.000000
RH,88,492.250000,P1,1,88,503.250000
RH,85,492.500000,P1,1,85,503.500000
RH,82,492.666667,P1,1,82,503.750000
RH,85,492.875000,P1,1,85,504.000000
RH,87,493.125000,P1,1,87,504.250000
RH,85,493.375000,P1,1,85,504.500000
RH,82,493.625000,P1,1,82,504.750000
RH,85,493.875000,P1,1,85,505.000000
RH,87,494.000000,P1,1,87,505.250000
RH,85,494.250000,P1,1,85,505.500000
RH,82,494.500000,P1,1,82,505.750000
RH,85,494.625000,P1,1,85,506.000000
RH,87,494.875000,P1,1,87,506.250000
RH,85,495.125000,P1,1,85,506.500000
RH,82,495.333333,P1,1,82,506.750000
RH,85,495.500000,P1,1,85,507.000000
RH,87,495.750000,P1,1,87,507.250000
RH,85,496.000000,P1,1,85,507.500000
RH,82,496.250000,P1,1,82,507.750000
RH,85,496.375000,P1,1,85,508.000000
RH,87,496.666667,P1,1,87,508.250000
RH,85,496.875000,P1,1,85,508.500000
RH,82,497.250000,P1,1,82,508.750000
RH,85,497.500000,P1,1,85,509.000000
RH,87,497.875000,P1,1,87,509.250000
LH,44,499.333333,P1,5,44,510.000000
RH,83,499.500000,P1,1,83,510.000000
RH,87,500.000000,P1,1,87,510.250000
RH,83,500.125000,P1,1,83,510.500000
RH,80,500.375000,P1,1,80,510.750000
LH,56,500.666667,P1,5,56,511.000000
LH,59,500.666667,P1,5,59,511.000000
RH,63,500.666667,P1,5,63,511.000000
RH,80,500.666667,P1,1,80,511.000000
RH,83,500.875000,P1,1,83,511.250000
RH,80,501.000000,P1,1,80,511.500000
RH,75,501.333333,P1,1,75,511.750000
RH,75,501.500000,P1,1,75,512.000000
RH,80,501.750000,P1,1,80,512.250000
RH,75,502.000000,P1,1,75,512.500000
RH,71,502.125000,P1,1,71,512.750000
RH,71,502.375000,P1,1,71,513.000000
RH,75,502.625000,P1,1,75,513.250000
RH,71,502.875000,P1,1,71,513.500000
RH,68,503.000000,P1,1,68,513.750000
RH,68,503.250000,P1,1,68,514.000000
RH,71,503.500000,P1,1,71,514.250000
RH,68,503.750000,P1,1,68,514.500000
RH,63,504.000000,P1,1,63,514.750000
LH,51,504.250000,P1,5,51,515.000000
LH,58,504.250000,P1,5,58,515.000000
RH,63,504.250000,P1,5,63,515.000000
RH,67,504.250000,P1,1,67,515.000000
RH,70,504.250000,P1,1,70,515.000000
LH,44,505.250000,P1,5,44,516.000000
RH,83,505.250000,P1,1,83,516.000000
RH,87,505.625000,P1,1,87,516.250000
RH,83,505.750000,P1,1,83,516.500000
RH,80,506.000000,P1,1,80,516.750000
RH,63,506.250000,P1,5,63,517.000000
RH,80,506.250000,P1,1,80,517.000000
LH,56,506.333333,P1,5,56,517.000000
RH,83,506.500000,P1,1,83,517.250000
RH,80,506.666667,P1,1,80,517.500000
RH,75,506.875000,P1,1,75,517.750000
RH,75,507.125000,P1,1,75,518.000000
RH,80,507.333333,P1,1,80,518.250000
RH,75,507.625000,P1,1,75,518.500000
RH,71,507.750000,P1,1,71,518.750000
RH,71,508.000000,P1,1,71,519.000000
RH,75,508.333333,P1,1,75,519.250000
RH,71,508.500000,P1,1,71,519.500000
RH,68,508.750000,P1,1,68,519.750000
RH,68,509.000000,P1,1,68,520.000000
RH,71,509.125000,P1,1,71,520.250000
RH,68,509.375000,P1,1,68,520.500000
RH,63,509.666667,P1,1,63,520.750000
LH,51,510.000000,P1,5,51,521.000000
LH,58,510.000000,P1,5,58,521.000000
RH,67,510.000000,P1,1,67,521.000000
RH,70,510.000000,P1,1,70,521.000000
RH,63,510.125000,P1,5,63,521.000000
LH,56,511.000000,P1,5,56,522.000000
RH,68,511.000000,P1,1,68,522.000000
RH,71,511.000000,P1,1,71,522.000000
RH,63,511.125000,P1,5,63,522.000000
RH,67,512.000000,P1,1,67,523.000000
RH,70,512.000000,P1,1,70,523.000000
RH,76,512.000000,P1,1,76,523.000000
LH,51,512.125000,P1,5,51,523.000000
LH,58,512.125000,P1,5,58,523.000000
RH,64,512.125000,P1,5,64,523.000000
LH,58,513.000000,P1,5,58,524.000000
RH,70,513.000000,P1,1,70,524.000000
RH,76,513.000000,P1,1,76,524.000000
LH,51,513.125000,P1,5,51,524.000000
RH,64,513.125000,P1,5,64,524.000000
RH,67,513.125000,P1,1,67,524.000000
LH,51,514.125000,P1,5,51,525.000000
LH,58,514.125000,P1,5,58,525.000000
RH,64,514.125000,P1,5,64,525.000000
RH,67,514.125000,P1,1,67,525.000000
RH,70,514.125000,P1,1,70,525.000000
RH,76,514.125000,P1,1,76,525.000000
LH,58,515.250000,P1,5,58,526.000000
RH,63,515.250000,P1,5,63,526.000000
RH,67,515.250000,P1,1,67,526.000000
RH,70,515.250000,P1,1,70,526.000000
RH,75,515.250000,P1,1,75,526.000000
LH,51,515.333333,P1,5,51,526.000000
LH,51,516.375000,P1,5,51,527.000000
LH,58,516.375000,P1,5,58,527.000000
RH,61,516.375000,P1,5,61,527.000000
RH,67,516.375000,P1,1,67,527.000000
RH,70,516.375000,P1,1,70,527.000000
RH,73,516.375000,P1,1,73,527.000000
LH,44,517.625000,P1,5,44,528.000000
RH,83,517.625000,P1,1,83,528.000000
RH,87,518.000000,P1,1,87,528.250000
RH,83,518.125000,P1,1,83,528.500000
RH,80,518.375000,P1,1,80,528.750000
LH,56,518.625000,P1,5,56,529.000000
LH,59,518.625000,P1,5,59,529.000000
RH,63,518.625000,P1,5,63,529.000000
RH,80,518.625000,P1,1,80,529.000000
RH,83,518.875000,P1,1,83,529.250000
RH,80,519.125000,P1,1,80,529.500000
RH,75,519.333333,P1,1,75,529.750000
RH,75,519.500000,P1,1,75,530.000000
RH,80,519.750000,P1,1,80,530.250000
RH,75,520.000000,P1,1,75,530.500000
RH,71,520.250000,P1,1,71,530.750000
RH,71,520.500000,P1,1,71,531.000000
RH,75,520.666667,P1,1,75,531.250000
RH,71,520.875000,P1,1,71,531.500000
RH,68,521.000000,P1,1,68,531.750000
RH,68,521.250000,P1,1,68,532.000000
RH,71,521.500000,P1,1,71,532.250000
RH,68,521.750000,P1,1,68,532.500000
RH,63,521.875000,P1,1,63,532.750000
LH,51,522.250000,P1,5,51,533.000000
LH,58,522.250000,P1,5,58,533.000000
RH,67,522.250000,P1,1,67,533.000000
RH,70,522.250000,P1,1,70,533.000000
RH,63,522.333333,P1,5,63,533.000000
RH,83,523.250000,P1,1,83,534.000000
RH,87,523.625000,P1,1,87,534.250000
RH,83,523.750000,P1,1,83,534.500000
RH,80,524.000000,P1,1,80,534.750000
RH,80,524.250000,P1,1,80,535.000000
LH,56,524.333333,P1,5,56,535.000000
RH,63,524.333333,P1,5,63,535.000000
RH,83,524.500000,P1,1,83,535.250000
RH,80,524.666667,P1,1,80,535.500000
RH,75,524.875000,P1,1,75,535.750000
RH,75,525.125000,P1,1,75,536.000000
RH,80,525.333333,P1,1,80,536.250000
RH,75,525.625000,P1,1,75,536.500000
RH,71,525.750000,P1,1,71,536.750000
RH,71,526.000000,P1,1,71,537.000000
RH,75,526.250000,P1,1,75,537.250000
RH,71,526.500000,P1,1,71,537.500000
RH,68,526.666667,P1,1,68,537.750000
RH,68,526.875000,P1,1,68,538.000000
RH,71,527.125000,P1,1,71,538.250000
RH,68,527.333333,P1,1,68,538.500000
RH,63,527.625000,P1,1,63,538.750000
LH,51,527.875000,P1,5,51,539.000000
LH,58,527.875000,P1,5,58,539.000000
RH,67,527.875000,P1,1,67,539.000000
RH,70,527.875000,P1,1,70,539.000000
RH,63,528.000000,P1,5,63,539.000000
LH,59,528.875000,P1,5,59,540.000000
RH,63,528.875000,P1,5,63,540.000000
RH,68,528.875000,P1,1,68,540.000000
RH,71,528.875000,P1,1,71,540.000000
RH,66,529.875000,P1,1,66,541.000000
RH,70,529.875000,P1,1,70,541.000000
RH,76,529.875000,P1,1,76,541.000000
LH,54,530.000000,P1,5,54,541.000000
LH,58,530.000000,P1,5,58,541.000000
RH,64,530.000000,P1,5,64,541.000000
RH,66,530.875000,P1,1,66,542.000000
RH,70,530.875000,P1,1,70,542.000000
RH,76,530.875000,P1,1,76,542.000000
LH,54,531.000000,P1,5,54,542.000000
LH,58,531.000000,P1,5,58,542.000000
RH,64,531.000000,P1,5,64,542.000000
RH,66,531.875000,P1,1,66,543.000000
RH,70,531.875000,P1,1,70,543.000000
RH,76,531.875000,P1,1,76,543.000000
LH,54,532.000000,P1,5,54,543.000000
LH,58,532.000000,P1,5,58,543.000000
RH,64,532.000000,P1,5,64,543.000000
LH,54,533.000000,P1,5,54,544.000000
LH,58,533.000000,P1,5,58,544.000000
RH,63,533.000000,P1,5,63,544.000000
RH,66,533.000000,P1,1,66,544.000000
RH,70,533.000000,P1,1,70,544.000000
RH,75,533.000000,P1,1,75,544.000000
LH,54,534.000000,P1,5,54,545.000000
LH,58,534.000000,P1,5,58,545.000000
RH,62,534.000000,P1,5,62,545.000000
RH,66,534.000000,P1,1,66,545.000000
RH,70,534.000000,P1,1,70,545.000000
RH,74,534.000000,P1,1,74,545.000000
LH,47,535.250000,P1,5,47,546.000000
RH,87,535.250000,P1,1,87,546.000000
RH,90,535.500000,P1,1,90,546.250000
RH,87,535.750000,P1,1,87,546.500000
RH,83,536.000000,P1,1,83,546.750000
LH,54,536.125000,P1,5,54,547.000000
LH,59,536.125000,P1,5,59,547.000000
RH,63,536.125000,P1,5,63,547.000000
RH,83,536.125000,P1,1,83,547.000000
RH,87,536.375000,P1,1,87,547.250000
RH,83,536.625000,P1,1,83,547.500000
RH,78,536.875000,P1,1,78,547.750000
RH,78,537.000000,P1,1,78,548.000000
RH,83,537.250000,P1,1,83,548.250000
RH,78,537.500000,P1,1,78,548.500000
RH,75,537.666667,P1,1,75,548.750000
RH,75,537.875000,P1,1,75,549.000000
RH,78,538.125000,P1,1,78,549.250000
RH,75,538.333333,P1,1,75,549.500000
RH,71,538.500000,P1,1,71,549.750000
RH,71,538.750000,P1,1,71,550.000000
RH,75,539.000000,P1,1,75,550.250000
RH,71,539.250000,P1,1,71,550.500000
RH,66,539.375000,P1,1,66,550.750000
LH,54,539.625000,P1,5,54,551.000000
RH,70,539.625000,P1,1,70,551.000000
RH,73,539.625000,P1,1,73,551.000000
RH,64,539.666667,P1,5,64,551.000000
LH,47,540.625000,P1,5,47,552.000000
RH,87,540.750000,P1,1,87,552.000000
RH,90,540.875000,P1,1,90,552.250000
RH,87,541.125000,P1,1,87,552.500000
RH,83,541.333333,P1,1,83,552.750000
LH,54,541.625000,P1,5,54,553.000000
LH,59,541.625000,P1,5,59,553.000000
RH,63,541.625000,P1,5,63,553.000000
RH,83,541.625000,P1,1,83,553.000000
RH,87,541.875000,P1,1,87,553.250000
RH,83,542.000000,P1,1,83,553.500000
RH,78,542.250000,P1,1,78,553.750000
RH,78,542.500000,P1,1,78,554.000000
RH,83,542.666667,P1,1,83,554.250000
RH,78,542.875000,P1,1,78,554.500000
RH,75,543.125000,P1,1,75,554.750000
RH,75,543.375000,P1,1,75,555.000000
RH,78,543.625000,P1,1,78,555.250000
RH,75,543.875000,P1,1,75,555.500000
RH,71,544.125000,P1,1,71,555.750000
RH,71,544.250000,P1,1,71,556.000000
RH,75,544.500000,P1,1,75,556.250000
RH,71,544.750000,P1,1,71,556.500000
RH,66,545.000000,P1,1,66,556.750000
LH,54,545.125000,P1,5,54,557.000000
RH,64,545.125000,P1,5,64,557.000000
RH,70,545.125000,P1,1,70,557.000000
RH,73,545.125000,P1,1,73,557.000000
LH,59,546.125000,P1,5,59,558.000000
RH,63,546.125000,P1,5,63,558.000000
RH,71,546.125000,P1,1,71,558.000000
RH,75,546.125000,P1,1,75,558.000000
RH,70,547.250000,P1,1,70,559.000000
RH,73,547.250000,P1,1,73,559.000000
RH,80,547.250000,P1,1,80,559.000000
LH,54,547.333333,P1,5,54,559.000000
RH,64,547.333333,P1,5,64,559.000000
LH,54,548.250000,P1,5,54,560.000000
RH,64,548.250000,P1,5,64,560.000000
RH,70,548.250000,P1,1,70,560.000000
RH,73,548.250000,P1,1,73,560.000000
RH,80,548.250000,P1,1,80,560.000000
LH,54,549.250000,P1,5,54,561.000000
RH,64,549.250000,P1,5,64,561.000000
RH,70,549.250000,P1,1,70,561.000000
RH,73,549.250000,P1,1,73,561.000000
RH,80,549.250000,P1,1,80,561.000000
RH,63,550.250000,P1,5,63,562.000000
RH,70,550.250000,P1,1,70,562.000000
RH,78,550.250000,P1,1,78,562.000000
LH,54,550.333333,P1,5,54,562.000000
RH,75,550.333333,P1,1,75,562.000000
LH,54,551.375000,P1,5,54,563.000000
RH,61,551.375000,P1,5,61,563.000000
RH,70,551.375000,P1,1,70,563.000000
RH,76,551.375000,P1,1,76,563.000000
LH,47,552.750000,P1,5,47,564.000000
RH,86,553.000000,P1,1,86,564.000000
RH,90,553.333333,P1,1,90,564.250000
RH,86,553.625000,P1,1,86,564.500000
RH,83,553.750000,P1,1,83,564.750000
LH,54,554.000000,P1,5,54,565.000000
LH,59,554.000000,P1,5,59,565.000000
RH,62,554.000000,P1,5,62,565.000000
RH,83,554.000000,P1,1,83,565.000000
RH,86,554.250000,P1,1,86,565.250000
RH,83,554.375000,P1,1,83,565.500000
RH,78,554.666667,P1,1,78,565.750000
RH,78,554.875000,P1,1,78,566.000000
RH,83,555.125000,P1,1,83,566.250000
RH,78,555.250000,P1,1,78,566.500000
RH,74,555.500000,P1,1,74,566.750000
RH,74,555.750000,P1,1,74,567.000000
RH,78,556.000000,P1,1,78,567.250000
RH,74,556.125000,P1,1,74,567.500000
RH,71,556.375000,P1,1,71,567.750000
RH,71,556.625000,P1,1,71,568.000000
RH,74,556.750000,P1,1,74,568.250000
RH,71,557.000000,P1,1,71,568.500000
RH,66,557.250000,P1,1,66,568.750000
LH,54,557.500000,P1,5,54,569.000000
RH,64,557.500000,P1,5,64,569.000000
RH,70,557.500000,P1,1,70,569.000000
RH,73,557.500000,P1,1,73,569.000000
LH,47,558.625000,P1,5,47,570.000000
RH,86,558.625000,P1,1,86,570.000000
RH,90,558.875000,P1,1,90,570.250000
RH,86,559.000000,P1,1,86,570.500000
RH,83,559.250000,P1,1,83,570.750000
LH,54,559.500000,P1,5,54,571.000000
LH,59,559.500000,P1,5,59,571.000000
RH,62,559.500000,P1,5,62,571.000000
RH,83,559.500000,P1,1,83,571.000000
RH,86,559.750000,P1,1,86,571.250000
RH,83,559.875000,P1,1,83,571.500000
RH,78,560.125000,P1,1,78,571.750000
RH,78,560.375000,P1,1,78,572.000000
RH,83,560.625000,P1,1,83,572.250000
RH,78,560.750000,P1,1,78,572.500000
RH,74,561.000000,P1,1,74,572.750000
RH,74,561.250000,P1,1,74,573.000000
RH,78,561.500000,P1,1,78,573.250000
RH,74,561.666667,P1,1,74,573.500000
RH,71,561.875000,P1,1,71,573.750000
RH,71,562.125000,P1,1,71,574.000000
RH,74,562.333333,P1,1,74,574.250000
RH,71,562.500000,P1,1,71,574.500000
RH,66,562.750000,P1,1,66,574.750000
LH,54,563.000000,P1,5,54,575.000000
RH,64,563.000000,P1,5,64,575.000000
RH,70,563.000000,P1,1,70,575.000000
RH,73,563.000000,P1,1,73,575.000000
LH,59,564.000000,P1,5,59,576.000000
RH,62,564.000000,P1,5,62,576.000000
RH,66,564.000000,P1,1,66,576.000000
RH,71,564.000000,P1,1,71,576.000000
RH,74,564.000000,P1,1,74,576.000000
RH,73,565.000000,P1,1,73,577.000000
RH,76,565.000000,P1,1,76,577.000000
RH,83,565.000000,P1,1,83,577.000000
LH,57,565.125000,P1,5,57,577.000000
RH,67,565.125000,P1,5,67,577.000000
RH,67,566.000000,P1,5,67,578.000000
RH,73,566.000000,P1,1,73,578.000000
RH,76,566.000000,P1,1,76,578.000000
RH,83,566.000000,P1,1,83,578.000000
LH,57,566.125000,P1,5,57,578.000000
RH,67,567.000000,P1,5,67,579.000000
RH,73,567.000000,P1,1,73,579.000000
RH,76,567.000000,P1,1,76,579.000000
RH,83,567.000000,P1,1,83,579.000000
LH,57,567.125000,P1,5,57,579.000000
LH,57,568.125000,P1,5,57,580.000000
RH,66,568.125000,P1,5,66,580.000000
RH,73,568.125000,P1,1,73,580.000000
RH,78,568.125000,P1,1,78,580.000000
RH,81,568.125000,P1,1,81,580.000000
RH,64,569.000000,P1,5,64,581.000000
RH,73,569.000000,P1,1,73,581.000000
RH,79,569.000000,P1,1,79,581.000000
LH,57,569.125000,P1,5,57,581.000000
LH,59,570.000000,P1,5,59,582.000000
RH,62,570.000000,P1,5,62,582.000000
RH,74,570.000000,P1,1,74,582.000000
RH,78,570.000000,P1,1,78,582.000000
RH,70,571.000000,P1,1,70,583.000000
RH,79,571.000000,P1,1,79,583.000000
LH,54,571.125000,P1,5,54,583.000000
RH,64,571.125000,P1,5,64,583.000000
RH,73,571.125000,P1,1,73,583.000000
LH,54,572.000000,P1,5,54,584.000000
RH,70,572.000000,P1,1,70,584.000000
RH,73,572.000000,P1,1,73,584.000000
RH,79,572.000000,P1,1,79,584.000000
RH,64,572.125000,P1,5,64,584.000000
LH,54,573.125000,P1,5,54,585.000000
RH,64,573.125000,P1,5,64,585.000000
RH,70,573.125000,P1,1,70,585.000000
RH,73,573.125000,P1,1,73,585.000000
RH,79,573.125000,P1,1,79,585.000000
LH,54,574.125000,P1,5,54,586.000000
RH,61,574.125000,P1,5,61,586.000000
RH,70,574.125000,P1,1,70,586.000000
RH,73,574.125000,P1,1,73,586.000000
RH,78,574.125000,P1,1,78,586.000000
RH,70,574.250000,P1,1,70,586.000000
RH,73,575.000000,P1,1,73,587.000000
RH,76,575.000000,P1,1,76,587.000000
LH,54,575.125000,P1,5,54,587.000000
LH,58,575.125000,P1,5,58,587.000000
LH,56,576.125000,P1,5,56,588.000000
LH,59,576.125000,P1,5,59,588.000000
RH,71,576.125000,P1,1,71,588.000000
RH,75,576.125000,P1,1,75,588.000000
RH,64,577.250000,P1,1,64,589.000000
RH,68,577.250000,P1,1,68,589.000000
RH,76,577.250000,P1,1,76,589.000000
LH,49,577.333333,P1,5,49,589.000000
LH,56,577.333333,P1,5,56,589.000000
RH,61,577.333333,P1,5,61,589.000000
LH,56,578.375000,P1,5,56,590.000000
RH,61,578.375000,P1,5,61,590.000000
RH,64,578.375000,P1,1,64,590.000000
RH,68,578.375000,P1,1,68,590.000000
RH,76,578.375000,P1,1,76,590.000000
LH,49,578.500000,P1,5,49,590.000000
LH,49,579.500000,P1,5,49,591.000000
LH,56,579.500000,P1,5,56,591.000000
RH,61,579.500000,P1,5,61,591.000000
RH,64,579.500000,P1,1,64,591.000000
RH,68,579.500000,P1,1,68,591.000000
RH,76,579.500000,P1,1,76,591.000000
LH,56,580.500000,P1,5,56,592.000000
RH,63,580.500000,P1,1,63,592.000000
RH,68,580.500000,P1,1,68,592.000000
RH,75,580.500000,P1,1,75,592.000000
LH,51,580.625000,P1,5,51,592.000000
LH,59,580.625000,P1,5,59,592.000000
LH,56,581.500000,P1,5,56,593.000000
RH,61,581.500000,P1,1,61,593.000000
RH,68,581.500000,P1,1,68,593.000000
RH,73,581.500000,P1,1,73,593.000000
LH,52,581.666667,P1,5,52,593.000000
RH,68,582.500000,P1,1,68,594.000000
RH,71,582.500000,P1,1,71,594.000000
LH,51,582.625000,P1,5,51,594.000000
LH,56,582.625000,P1,5,56,594.000000
LH,59,582.625000,P1,5,59,594.000000
RH,63,582.625000,P1,1,63,594.000000
RH,71,583.625000,P1,1,71,595.000000
LH,51,583.666667,P1,5,51,595.000000
LH,56,583.666667,P1,5,56,595.000000
LH,59,583.666667,P1,5,59,595.000000
RH,63,583.666667,P1,1,63,595.000000
RH,68,583.666667,P1,1,68,595.000000
RH,71,584.625000,P1,1,71,596.000000
LH,51,584.666667,P1,5,51,596.000000
LH,56,584.666667,P1,5,56,596.000000
LH,59,584.666667,P1,5,59,596.000000
RH,68,584.666667,P1,1,68,596.000000
LH,51,585.750000,P1,5,51,597.000000
LH,55,585.750000,P1,5,55,597.000000
LH,58,585.750000,P1,5,58,597.000000
RH,67,585.750000,P1,1,67,597.000000
RH,70,585.750000,P1,1,70,597.000000
RH,63,585.875000,P1,1,63,597.000000
LH,51,586.875000,P1,5,51,598.000000
LH,58,586.875000,P1,5,58,598.000000
RH,67,586.875000,P1,1,67,598.000000
RH,70,586.875000,P1,1,70,598.000000
LH,55,587.000000,P1,5,55,598.000000
LH,51,588.125000,P1,5,51,599.000000
RH,67,588.125000,P1,1,67,599.000000
RH,70,588.125000,P1,1,70,599.000000
LH,55,588.250000,P1,5,55,599.000000
LH,44,590.125000,P1,5,44,600.000000
RH,84,590.125000,P1,1,84,600.000000
RH,87,590.625000,P1,1,87,600.250000
RH,84,590.875000,P1,1,84,600.500000
RH,80,591.125000,P1,1,80,600.750000
LH,51,591.250000,P1,5,51,601.000000
LH,56,591.250000,P1,5,56,601.000000
RH,60,591.250000,P1,5,60,601.000000
RH,80,591.250000,P1,1,80,601.000000
RH,84,591.500000,P1,1,84,601.250000
RH,80,591.750000,P1,1,80,601.500000
RH,75,592.000000,P1,1,75,601.750000
RH,75,592.250000,P1,1,75,602.000000
RH,80,592.375000,P1,1,80,602.250000
RH,75,592.625000,P1,1,75,602.500000
RH,72,592.875000,P1,1,72,602.750000
RH,72,593.125000,P1,1,72,603.000000
RH,75,593.250000,P1,1,75,603.250000
RH,72,593.500000,P1,1,72,603.500000
RH,68,593.666667,P1,1,68,603.750000
RH,68,593.875000,P1,1,68,604.000000
RH,72,594.125000,P1,1,72,604.250000
RH,68,594.375000,P1,1,68,604.500000
RH,63,594.625000,P1,1,63,604.750000
LH,51,594.875000,P1,5,51,605.000000
RH,61,594.875000,P1,5,61,605.000000
RH,67,594.875000,P1,1,67,605.000000
RH,70,594.875000,P1,1,70,605.000000
LH,44,595.875000,P1,5,44,606.000000
RH,84,595.875000,P1,1,84,606.000000
RH,87,596.250000,P1,1,87,606.250000
RH,84,596.375000,P1,1,84,606.500000
RH,80,596.625000,P1,1,80,606.750000
LH,51,596.875000,P1,5,51,607.000000
LH,56,596.875000,P1,5,56,607.000000
RH,60,596.875000,P1,5,60,607.000000
RH,80,596.875000,P1,1,80,607.000000
RH,84,597.125000,P1,1,84,607.250000
RH,80,597.250000,P1,1,80,607.500000
RH,75,597.500000,P1,1,75,607.750000
RH,75,597.750000,P1,1,75,608.000000
RH,80,598.000000,P1,1,80,608.250000
RH,75,598.125000,P1,1,75,608.500000
RH,72,598.375000,P1,1,72,608.750000
RH,72,598.625000,P1,1,72,609.000000
RH,75,598.875000,P1,1,75,609.250000
RH,72,599.000000,P1,1,72,609.500000
RH,68,599.250000,P1,1,68,609.750000
RH,68,599.375000,P1,1,68,610.000000
RH,72,599.666667,P1,1,72,610.250000
RH,68,599.875000,P1,1,68,610.500000
RH,63,600.125000,P1,1,63,610.750000
RH,67,600.333333,P1,1,67,611.000000
RH,70,600.333333,P1,1,70,611.000000
LH,51,600.375000,P1,5,51,611.000000
RH,61,600.375000,P1,5,61,611.000000
LH,44,601.375000,P1,5,44,612.000000
RH,87,601.500000,P1,1,87,612.000000
RH,92,601.666667,P1,1,92,612.250000
RH,87,601.875000,P1,1,87,612.500000
RH,84,602.125000,P1,1,84,612.750000
LH,51,602.333333,P1,5,51,613.000000
LH,56,602.333333,P1,5,56,613.000000
RH,60,602.333333,P1,5,60,613.000000
RH,84,602.333333,P1,1,84,613.000000
RH,87,602.500000,P1,1,87,613.250000
RH,84,602.750000,P1,1,84,613.500000
RH,80,603.000000,P1,1,80,613.750000
RH,80,603.250000,P1,1,80,614.000000
RH,84,603.375000,P1,1,84,614.250000
RH,80,603.625000,P1,1,80,614.500000
RH,75,603.875000,P1,1,75,614.750000
RH,75,604.000000,P1,1,75,615.000000
RH,80,604.250000,P1,1,80,615.250000
RH,75,604.500000,P1,1,75,615.500000
RH,72,604.666667,P1,1,72,615.750000
RH,72,604.875000,P1,1,72,616.000000
RH,75,605.125000,P1,1,75,616.250000
RH,72,605.250000,P1,1,72,616.500000
RH,68,605.500000,P1,1,68,616.750000
RH,67,605.666667,P1,1,67,617.000000
RH,70,605.666667,P1,1,70,617.000000
LH,51,605.750000,P1,5,51,617.000000
RH,61,605.750000,P1,5,61,617.000000
LH,44,606.666667,P1,5,44,618.000000
RH,87,606.875000,P1,1,87,618.000000
RH,92,607.125000,P1,1,92,618.250000
RH,87,607.333333,P1,1,87,618.500000
RH,84,607.500000,P1,1,84,618.750000
LH,51,607.750000,P1,5,51,619.000000
LH,56,607.750000,P1,5,56,619.000000
RH,60,607.750000,P1,5,60,619.000000
RH,84,607.750000,P1,1,84,619.000000
RH,87,608.000000,P1,1,87,619.250000
RH,84,608.250000,P1,1,84,619.500000
RH,80,608.375000,P1,1,80,619.750000
RH,80,608.625000,P1,1,80,620.000000
RH,84,608.875000,P1,1,84,620.250000
RH,80,609.125000,P1,1,80,620.500000
RH,75,609.250000,P1,1,75,620.750000
RH,75,609.500000,P1,1,75,621.000000
RH,80,609.750000,P1,1,80,621.250000
RH,75,610.000000,P1,1,75,621.500000
RH,72,610.125000,P1,1,72,621.750000
RH,72,610.375000,P1,1,72,622.000000
RH,75,610.500000,P1,1,75,622.250000
RH,72,610.750000,P1,1,72,622.500000
RH,68,611.000000,P1,1,68,622.750000
RH,67,611.333333,P1,1,67,623.000000
RH,70,611.333333,P1,1,70,623.000000
LH,51,611.375000,P1,5,51,623.000000
RH,61,611.375000,P1,5,61,623.000000
LH,44,612.625000,P1,5,44,624.000000
RH,72,612.625000,P1,1,72,624.000000
RH,75,612.875000,P1,1,75,624.250000
RH,72,613.125000,P1,1,72,624.500000
RH,68,613.250000,P1,1,68,624.750000
LH,54,613.500000,P1,5,54,625.000000
LH,56,613.500000,P1,5,56,625.000000
RH,60,613.500000,P1,5,60,625.000000
RH,68,613.500000,P1,1,68,625.000000
RH,72,613.750000,P1,1,72,625.250000
RH,68,614.000000,P1,1,68,625.500000
RH,63,614.250000,P1,1,63,625.750000
RH,68,614.500000,P1,1,68,626.000000
LH,49,615.333333,P1,5,49,627.000000
RH,73,615.333333,P1,1,73,627.000000
RH,77,615.625000,P1,1,77,627.250000
RH,73,615.875000,P1,1,73,627.500000
RH,68,616.000000,P1,1,68,627.750000
LH,53,616.250000,P1,5,53,628.000000
LH,56,616.250000,P1,5,56,628.000000
RH,61,616.250000,P1,5,61,628.000000
RH,68,616.250000,P1,1,68,628.000000
RH,73,616.500000,P1,1,73,628.250000
RH,68,616.666667,P1,1,68,628.500000
RH,65,616.875000,P1,1,65,628.750000
RH,68,617.125000,P1,1,68,629.000000
LH,39,618.000000,P1,5,39,630.000000
RH,75,618.125000,P1,1,75,630.000000
RH,79,618.250000,P1,1,79,630.250000
RH,75,618.500000,P1,1,75,630.500000
RH,70,618.666667,P1,1,70,630.750000
LH,51,618.875000,P1,5,51,631.000000
LH,58,618.875000,P1,5,58,631.000000
RH,61,618.875000,P1,5,61,631.000000
RH,70,618.875000,P1,1,70,631.000000
RH,75,619.125000,P1,1,75,631.250000
RH,70,619.333333,P1,1,70,631.500000
RH,67,619.625000,P1,1,67,631.750000
RH,70,619.875000,P1,1,70,632.000000
LH,44,620.750000,P1,5,44,633.000000
RH,75,620.750000,P1,1,75,633.000000
RH,80,621.000000,P1,1,80,633.250000
RH,75,621.125000,P1,1,75,633.500000
RH,72,621.375000,P1,1,72,633.750000
LH,51,621.625000,P1,5,51,634.000000
LH,56,621.625000,P1,5,56,634.000000
RH,60,621.625000,P1,5,60,634.000000
RH,72,621.625000,P1,1,72,634.000000
RH,75,621.750000,P1,1,75,634.250000
RH,72,622.000000,P1,1,72,634.500000
RH,68,622.250000,P1,1,68,634.750000
RH,72,622.500000,P1,1,72,635.000000
LH,44,623.375000,P1,5,44,636.000000
RH,84,623.500000,P1,1,84,636.000000
RH,87,623.750000,P1,1,87,636.250000
RH,84,623.875000,P1,1,84,636.500000
RH,80,624.125000,P1,1,80,636.750000
LH,54,624.333333,P1,5,54,637.000000
LH,56,624.333333,P1,5,56,637.000000
RH,60,624.333333,P1,5,60,637.000000
RH,80,624.333333,P1,1,80,637.000000
RH,84,624.500000,P1,1,84,637.250000
RH,80,624.750000,P1,1,80,637.500000
RH,75,625.000000,P1,1,75,637.750000
RH,80,625.125000,P1,1,80,638.000000
LH,49,626.125000,P1,5,49,639.000000
RH,85,626.125000,P1,1,85,639.000000
RH,89,626.333333,P1,1,89,639.250000
RH,85,626.500000,P1,1,85,639.500000
RH,80,626.750000,P1,1,80,639.750000
LH,53,627.000000,P1,5,53,640.000000
LH,56,627.000000,P1,5,56,640.000000
RH,61,627.000000,P1,5,61,640.000000
RH,80,627.000000,P1,1,80,640.000000
RH,85,627.125000,P1,1,85,640.250000
RH,80,627.375000,P1,1,80,640.500000
RH,77,627.500000,P1,1,77,640.750000
RH,80,627.750000,P1,1,80,641.000000
LH,39,628.750000,P1,5,39,642.000000
RH,87,628.750000,P1,1,87,642.000000
RH,91,629.000000,P1,1,91,642.250000
RH,87,629.125000,P1,1,87,642.500000
RH,82,629.375000,P1,1,82,642.750000
LH,51,629.625000,P1,5,51,643.000000
LH,58,629.625000,P1,5,58,643.000000
RH,61,629.625000,P1,5,61,643.000000
RH,82,629.625000,P1,1,82,643.000000
RH,87,629.875000,P1,1,87,643.250000
RH,82,630.000000,P1,1,82,643.500000
RH,79,630.250000,P1,1,79,643.750000
RH,82,630.500000,P1,1,82,644.000000
LH,44,631.625000,P1,5,44,645.000000
RH,87,631.625000,P1,1,87,645.000000
RH,92,631.875000,P1,1,92,645.250000
RH,87,632.125000,P1,1,87,645.500000
RH,84,632.375000,P1,1,84,645.750000
LH,51,632.625000,P1,5,51,646.000000
LH,56,632.625000,P1,5,56,646.000000
RH,60,632.625000,P1,5,60,646.000000
RH,84,632.625000,P1,1,84,646.000000
RH,87,632.875000,P1,1,87,646.250000
RH,84,633.125000,P1,1,84,646.500000
RH,80,633.375000,P1,1,80,646.750000
RH,84,633.666667,P1,1,84,647.000000
LH,44,635.333333,P1,6,44,648.000000
LH,51,635.333333,P1,5,51,648.000000
RH,72,635.333333,P1,1,72,648.000000
RH,75,635.750000,P1,1,75,648.250000
RH,72,636.000000,P1,1,72,648.500000
RH,68,636.333333,P1,1,68,648.750000
LH,56,636.500000,P1,5,56,649.000000
RH,68,636.625000,P1,1,68,649.000000
RH,72,636.875000,P1,1,72,649.250000
RH,68,637.000000,P1,1,68,649.500000
RH,63,637.250000,P1,1,63,649.750000
RH,68,637.625000,P1,1,68,650.000000
LH,55,637.875000,P1,5,55,650.500000
LH,49,638.375000,P1,6,49,651.000000
LH,53,638.375000,P1,5,53,651.000000
RH,73,638.375000,P1,1,73,651.000000
RH,77,638.666667,P1,1,77,651.250000
RH,73,638.875000,P1,1,73,651.500000
RH,68,639.125000,P1,1,68,651.750000
RH,61,639.333333,P1,5,61,652.000000
RH,68,639.375000,P1,1,68,652.000000
RH,73,639.625000,P1,1,73,652.250000
RH,68,639.875000,P1,1,68,652.500000
RH,65,640.000000,P1,1,65,652.750000
RH,68,640.250000,P1,1,68,653.000000
RH,60,640.666667,P1,5,60,653.500000
LH,51,641.125000,P1,6,51,654.000000
LH,58,641.125000,P1,5,58,654.000000
RH,75,641.250000,P1,1,75,654.000000
RH,79,641.500000,P1,1,79,654.250000
RH,75,641.666667,P1,1,75,654.500000
RH,70,641.875000,P1,1,70,654.750000
RH,63,642.125000,P1,5,63,655.000000
RH,70,642.250000,P1,1,70,655.000000
RH,75,642.375000,P1,1,75,655.250000
RH,70,642.625000,P1,1,70,655.500000
RH,67,642.750000,P1,1,67,655.750000
RH,70,643.000000,P1,1,70,656.000000
RH,61,643.375000,P1,5,61,656.500000
LH,56,644.000000,P1,6,56,657.000000
RH,60,644.000000,P1,5,60,657.000000
RH,75,644.000000,P1,1,75,657.000000
RH,80,644.250000,P1,1,80,657.250000
RH,75,644.375000,P1,1,75,657.500000
RH,72,644.625000,P1,1,72,657.750000
RH,63,644.750000,P1,5,63,658.000000
RH,72,644.875000,P1,1,72,658.000000
RH,75,645.000000,P1,1,75,658.250000
RH,72,645.250000,P1,1,72,658.500000
RH,68,645.500000,P1,1,68,658.750000
RH,72,645.666667,P1,1,72,659.000000
LH,44,646.875000,P1,6,44,660.000000
LH,51,646.875000,P1,5,51,660.000000
RH,84,646.875000,P1,1,84,660.000000
RH,84,647.000000,P1,1,84,660.000000
RH,87,647.125000,P1,1,87,660.250000
RH,84,647.375000,P1,1,84,660.500000
RH,80,647.625000,P1,1,80,660.750000
LH,56,647.750000,P1,5,56,661.000000
RH,80,647.875000,P1,1,80,661.000000
RH,84,648.125000,P1,1,84,661.250000
RH,80,648.333333,P1,1,80,661.500000
RH,75,648.500000,P1,1,75,661.750000
RH,80,648.750000,P1,1,80,662.000000
LH,55,649.125000,P1,5,55,662.500000
LH,49,649.625000,P1,6,49,663.000000
LH,53,649.625000,P1,5,53,663.000000
RH,85,649.625000,P1,1,85,663.000000
RH,89,649.875000,P1,1,89,663.250000
RH,85,650.125000,P1,1,85,663.500000
RH,80,650.250000,P1,1,80,663.750000
RH,61,650.500000,P1,5,61,664.000000
RH,80,650.500000,P1,1,80,664.000000
RH,85,650.666667,P1,1,85,664.250000
RH,80,650.875000,P1,1,80,664.500000
RH,77,651.125000,P1,1,77,664.750000
RH,80,651.333333,P1,1,80,665.000000
RH,60,651.750000,P1,5,60,665.500000
LH,51,652.250000,P1,6,51,666.000000
LH,58,652.250000,P1,5,58,666.000000
RH,87,652.250000,P1,1,87,666.000000
RH,91,652.500000,P1,1,91,666.250000
RH,87,652.750000,P1,1,87,666.500000
RH,82,653.000000,P1,1,82,666.750000
RH,63,653.125000,P1,5,63,667.000000
RH,82,653.125000,P1,1,82,667.000000
RH,87,653.375000,P1,1,87,667.250000
RH,82,653.625000,P1,1,82,667.500000
RH,79,653.750000,P1,1,79,667.750000
RH,82,654.000000,P1,1,82,668.000000
RH,61,654.375000,P1,5,61,668.500000
LH,56,654.875000,P1,6,56,669.000000
RH,60,654.875000,P1,5,60,669.000000
RH,87,654.875000,P1,1,87,669.000000
RH,92,655.125000,P1,1,92,669.250000
RH,87,655.333333,P1,1,87,669.500000
RH,84,655.500000,P1,1,84,669.750000
RH,63,655.750000,P1,5,63,670.000000
RH,84,655.750000,P1,1,84,670.000000
RH,87,656.000000,P1,1,87,670.250000
RH,84,656.125000,P1,1,84,670.500000
RH,80,656.375000,P1,1,80,670.750000
RH,84,656.625000,P1,1,84,671.000000
RH,60,657.000000,P1,5,60,671.500000
LH,58,657.500000,P1,5,58,672.000000
RH,87,657.500000,P1,1,87,672.000000
LH,51,657.625000,P1,6,51,672.000000
RH,91,657.750000,P1,1,91,672.250000
RH,87,658.000000,P1,1,87,672.500000
RH,82,658.125000,P1,1,82,672.750000
RH,63,658.375000,P1,5,63,673.000000
RH,82,658.375000,P1,1,82,673.000000
RH,87,658.625000,P1,1,87,673.250000
RH,82,658.875000,P1,1,82,673.500000
RH,79,659.000000,P1,1,79,673.750000
RH,82,659.250000,P1,1,82,674.000000
RH,61,659.625000,P1,5,61,674.500000
LH,56,660.125000,P1,6,56,675.000000
RH,60,660.125000,P1,5,60,675.000000
RH,87,660.125000,P1,1,87,675.000000
RH,92,660.333333,P1,1,92,675.250000
RH,87,660.500000,P1,1,87,675.500000
RH,84,660.750000,P1,1,84,675.750000
RH,63,661.000000,P1,5,63,676.000000
RH,84,661.000000,P1,1,84,676.000000
RH,87,661.125000,P1,1,87,676.250000
RH,84,661.375000,P1,1,84,676.500000
RH,80,661.625000,P1,1,80,676.750000
RH,84,661.750000,P1,1,84,677.000000
RH,60,662.125000,P1,5,60,677.500000
LH,53,662.666667,P1,6,53,678.000000
RH,60,662.666667,P1,5,60,678.000000
RH,89,662.666667,P1,1,89,678.000000
RH,93,663.000000,P1,1,93,678.250000
RH,89,663.250000,P1,1,89,678.500000
RH,84,663.375000,P1,1,84,678.750000
RH,65,663.625000,P1,5,65,679.000000
RH,84,663.625000,P1,1,84,679.000000
RH,89,663.875000,P1,1,89,679.250000
RH,84,664.125000,P1,1,84,679.500000
RH,81,664.250000,P1,1,81,679.750000
RH,84,664.500000,P1,1,84,680.000000
RH,63,664.875000,P1,5,63,680.500000
LH,58,665.333333,P1,6,58,681.000000
RH,61,665.333333,P1,5,61,681.000000
RH,89,665.333333,P1,1,89,681.000000
RH,94,665.625000,P1,1,94,681.250000
RH,89,665.750000,P1,1,89,681.500000
RH,85,666.000000,P1,1,85,681.750000
RH,65,666.250000,P1,5,65,682.000000
RH,85,666.250000,P1,1,85,682.000000
RH,89,666.375000,P1,1,89,682.250000
RH,85,666.625000,P1,1,85,682.500000
RH,82,666.750000,P1,1,82,682.750000
RH,85,667.000000,P1,1,85,683.000000
RH,61,667.375000,P1,5,61,683.500000
LH,53,668.000000,P1,6,53,684.000000
RH,60,668.000000,P1,5,60,684.000000
RH,65,668.875000,P1,5,65,685.000000
RH,63,670.125000,P1,5,63,686.500000
LH,58,670.625000,P1,6,58,687.000000
RH,61,670.625000,P1,5,61,687.000000
RH,65,671.500000,P1,5,65,688.000000
RH,61,672.750000,P1,5,61,689.500000
LH,56,673.250000,P1,6,56,690.000000
RH,63,673.250000,P1,5,63,690.000000
RH,68,674.125000,P1,5,68,691.000000
RH,66,675.333333,P1,5,66,692.500000
RH,61,675.875000,P1,6,61,693.000000
RH,65,675.875000,P1,5,65,693.000000
RH,68,676.666667,P1,5,68,694.000000
RH,65,677.875000,P1,5,65,695.500000
LH,56,678.375000,P1,6,56,696.000000
RH,63,678.375000,P1,5,63,696.000000
RH,68,679.125000,P1,5,68,697.000000
RH,66,680.500000,P1,5,66,698.500000
RH,61,681.250000,P1,6,61,699.000000
RH,65,681.250000,P1,5,65,699.000000
RH,80,684.000000,P1,1,80,702.000000
RH,85,684.250000,P1,1,85,702.250000
RH,80,684.375000,P1,1,80,702.500000
RH,77,684.625000,P1,1,77,702.750000
RH,77,684.750000,P1,1,77,703.000000
RH,80,685.000000,P1,1,80,703.250000
RH,77,685.250000,P1,1,77,703.500000
RH,73,685.375000,P1,1,73,703.750000
RH,73,685.625000,P1,1,73,704.000000
RH,77,685.750000,P1,1,77,704.250000
RH,73,686.000000,P1,1,73,704.500000
RH,68,686.250000,P1,1,68,704.750000
RH,68,686.500000,P1,5,68,705.000000
RH,80,686.500000,P1,1,80,705.000000
RH,85,686.750000,P1,1,85,705.250000
RH,80,687.000000,P1,1,80,705.500000
RH,77,687.250000,P1,1,77,705.750000
RH,65,687.500000,P1,5,65,706.000000
RH,77,687.500000,P1,1,77,706.000000
RH,80,687.666667,P1,1,80,706.250000
RH,77,687.875000,P1,1,77,706.500000
RH,73,688.125000,P1,1,73,706.750000
RH,61,688.333333,P1,5,61,707.000000
RH,73,688.333333,P1,1,73,707.000000
RH,77,688.500000,P1,1,77,707.250000
RH,73,688.750000,P1,1,73,707.500000
RH,68,689.000000,P1,1,68,707.750000
LH,56,689.250000,P1,5,56,708.000000
RH,68,689.250000,P1,1,68,708.000000
RH,73,689.375000,P1,1,73,708.250000
RH,68,689.666667,P1,1,68,708.500000
RH,65,689.875000,P1,1,65,708.750000
LH,53,690.125000,P1,5,53,709.000000
RH,65,690.125000,P1,1,65,709.000000
RH,68,690.333333,P1,1,68,709.250000
RH,65,690.500000,P1,1,65,709.500000
RH,61,690.750000,P1,1,61,709.750000
LH,49,691.000000,P1,5,49,710.000000
RH,61,691.000000,P1,1,61,710.000000
RH,65,691.250000,P1,1,65,710.250000
RH,61,691.375000,P1,1,61,710.500000
LH,56,691.666667,P1,1,56,710.750000
LH,43,692.125000,P1,5,43,711.000000
LH,46,692.125000,P1,5,46,711.000000
LH,49,692.125000,P1,5,49,711.000000
LH,52,692.125000,P1,5,52,711.000000
RH,61,692.125000,P1,1,61,711.000000
RH,64,692.375000,P1,1,64,711.250000
RH,61,692.625000,P1,1,61,711.500000
LH,58,692.875000,P1,1,58,711.750000
LH,58,693.000000,P1,1,58,712.000000
RH,61,693.250000,P1,1,61,712.250000
LH,58,693.500000,P1,1,58,712.500000
LH,55,693.750000,P1,1,55,712.750000
LH,43,694.000000,P1,5,43,713.000000
LH,46,694.000000,P1,5,46,713.000000
LH,49,694.000000,P1,5,49,713.000000
LH,52,694.000000,P1,5,52,713.000000
RH,61,694.000000,P1,1,61,713.000000
RH,64,694.250000,P1,1,64,713.250000
RH,61,694.500000,P1,1,61,713.500000
LH,58,694.666667,P1,1,58,713.750000
LH,58,695.000000,P1,1,58,714.000000
RH,61,695.125000,P1,1,61,714.250000
LH,58,695.375000,P1,1,58,714.500000
LH,55,695.666667,P1,1,55,714.750000
LH,43,695.875000,P1,5,43,715.000000
LH,46,695.875000,P1,5,46,715.000000
LH,49,695.875000,P1,5,49,715.000000
LH,52,695.875000,P1,5,52,715.000000
RH,61,695.875000,P1,1,61,715.000000
RH,64,696.125000,P1,1,64,715.250000
RH,61,696.375000,P1,1,61,715.500000
LH,58,696.625000,P1,1,58,715.750000
LH,58,696.875000,P1,1,58,716.000000
RH,61,697.000000,P1,1,61,716.250000
LH,58,697.250000,P1,1,58,716.500000
LH,55,697.625000,P1,1,55,716.750000
LH,46,697.750000,P1,5,46,717.000000
LH,51,697.750000,P1,5,51,717.000000
RH,61,697.750000,P1,1,61,717.000000
LH,43,697.875000,P1,5,43,717.000000
LH,49,697.875000,P1,5,49,717.000000
RH,63,698.000000,P1,1,63,717.250000
RH,61,698.250000,P1,1,61,717.500000
LH,58,698.500000,P1,1,58,717.750000
LH,58,698.750000,P1,1,58,718.000000
RH,61,699.000000,P1,1,61,718.250000
LH,58,699.125000,P1,1,58,718.500000
LH,55,699.500000,P1,1,55,718.750000
RH,61,699.666667,P1,1,61,719.000000
LH,43,699.750000,P1,5,43,719.000000
LH,46,699.750000,P1,5,46,719.000000
LH,49,699.750000,P1,5,49,719.000000
LH,51,699.750000,P1,5,51,719.000000
RH,63,699.875000,P1,1,63,719.250000
RH,61,700.125000,P1,1,61,719.500000
LH,58,700.333333,P1,1,58,719.750000
LH,58,700.625000,P1,1,58,720.000000
RH,61,700.875000,P1,1,61,720.250000
LH,58,701.125000,P1,1,58,720.500000
LH,55,701.333333,P1,1,55,720.750000
LH,43,701.625000,P1,5,43,721.000000
LH,46,701.625000,P1,5,46,721.000000
LH,49,701.666667,P1,5,49,721.000000
RH,61,701.666667,P1,1,61,721.000000
RH,63,701.875000,P1,1,63,721.250000
RH,61,702.250000,P1,1,61,721.500000
LH,58,702.375000,P1,1,58,721.750000
LH,58,702.666667,P1,1,58,722.000000
RH,61,703.000000,P1,1,61,722.250000
LH,44,704.666667,P1,5,44,723.000000
RH,60,705.375000,P1,2,60,723.333333
LH,56,705.750000,P1,2,56,723.666667
RH,63,706.500000,P1,2,63,724.333333
RH,60,706.750000,P1,2,60,724.666667
LH,48,707.000000,P1,5,48,725.000000
RH,63,707.333333,P1,2,63,725.333333
RH,60,707.625000,P1,2,60,725.666667
LH,49,707.875000,P1,5,49,726.000000
RH,61,708.333333,P1,2,61,726.333333
LH,56,708.625000,P1,2,56,726.666667
LH,46,709.000000,P1,5,46,727.000000
RH,65,709.333333,P1,2,65,727.333333
RH,61,709.625000,P1,2,61,727.666667
LH,49,709.875000,P1,5,49,728.000000
RH,65,710.250000,P1,2,65,728.333333
RH,61,710.625000,P1,2,61,728.666667
LH,51,710.875000,P1,5,51,729.000000
RH,63,711.250000,P1,2,63,729.333333
RH,61,711.625000,P1,2,61,729.666667
RH,63,712.250000,P1,2,63,730.333333
RH,60,712.625000,P1,2,60,730.666667
RH,63,713.250000,P1,2,63,731.333333
RH,60,713.625000,P1,2,60,731.666667
LH,39,714.000000,P1,5,39,732.000000
RH,63,714.250000,P1,2,63,732.333333
RH,60,714.625000,P1,2,60,732.666667
RH,63,715.250000,P1,2,63,733.333333
LH,58,715.500000,P1,2,58,733.666667
RH,63,716.125000,P1,2,63,734.333333
LH,58,716.500000,P1,2,58,734.666667
LH,44,716.875000,P1,5,44,735.000000
RH,60,717.125000,P1,2,60,735.333333
LH,56,717.500000,P1,2,56,735.666667
RH,63,718.125000,P1,2,63,736.333333
RH,60,718.375000,P1,2,60,736.666667
LH,48,718.666667,P1,5,48,737.000000
RH,63,719.000000,P1,2,63,737.333333
RH,60,719.333333,P1,2,60,737.666667
LH,49,719.625000,P1,5,49,738.000000
RH,61,719.875000,P1,2,61,738.333333
LH,56,720.125000,P1,2,56,738.666667
LH,46,720.500000,P1,5,46,739.000000
RH,68,721.000000,P1,2,68,739.333333
RH,65,721.250000,P1,2,65,739.666667
LH,49,721.500000,P1,6,49,740.000000
LH,58,721.625000,P1,5,58,740.000000
RH,65,721.875000,P1,2,65,740.333333
RH,61,722.250000,P1,2,61,740.666667
RH,68,723.000000,P1,2,68,741.333333
RH,63,723.250000,P1,2,63,741.666667
LH,56,723.625000,P1,5,56,742.000000
RH,68,724.000000,P1,2,68,742.333333
RH,63,724.250000,P1,2,63,742.666667
LH,56,724.625000,P1,5,56,743.000000
RH,68,724.875000,P1,2,68,743.333333
RH,63,725.250000,P1,2,63,743.666667
LH,51,725.500000,P1,6,51,744.000000
RH,63,726.000000,P1,2,63,744.333333
RH,61,726.250000,P1,2,61,744.666667
LH,55,726.625000,P1,5,55,745.000000
RH,63,727.000000,P1,2,63,745.333333
RH,61,727.250000,P1,2,61,745.666667
LH,55,727.666667,P1,5,55,746.000000
RH,63,728.125000,P1,2,63,746.333333
RH,61,728.625000,P1,2,61,746.666667
LH,44,729.250000,P1,5,44,747.000000
RH,72,729.250000,P1,1,72,747.000000
RH,75,729.500000,P1,1,75,747.250000
RH,72,729.750000,P1,1,72,747.500000
RH,68,730.000000,P1,1,68,747.750000
LH,54,730.125000,P1,5,54,748.000000
LH,56,730.125000,P1,5,56,748.000000
RH,60,730.125000,P1,5,60,748.000000
RH,68,730.125000,P1,1,68,748.000000
RH,72,730.375000,P1,1,72,748.250000
RH,68,730.625000,P1,1,68,748.500000
RH,63,730.875000,P1,1,63,748.750000
RH,68,731.125000,P1,1,68,749.000000
LH,49,732.000000,P1,5,49,750.000000
RH,73,732.000000,P1,1,73,750.000000
RH,77,732.250000,P1,1,77,750.250000
RH,73,732.500000,P1,1,73,750.500000
RH,68,732.666667,P1,1,68,750.750000
LH,53,732.875000,P1,5,53,751.000000
LH,56,732.875000,P1,5,56,751.000000
RH,61,732.875000,P1,5,61,751.000000
RH,68,732.875000,P1,1,68,751.000000
RH,73,733.125000,P1,1,73,751.250000
RH,68,733.333333,P1,1,68,751.500000
RH,65,733.500000,P1,1,65,751.750000
RH,68,733.750000,P1,1,68,752.000000
LH,39,734.666667,P1,5,39,753.000000
RH,75,734.750000,P1,1,75,753.000000
RH,79,734.875000,P1,1,79,753.250000
RH,75,735.125000,P1,1,75,753.500000
RH,70,735.333333,P1,1,70,753.750000
LH,58,735.500000,P1,5,58,754.000000
RH,61,735.500000,P1,5,61,754.000000
LH,51,735.625000,P1,5,51,754.000000
RH,70,735.625000,P1,1,70,754.000000
RH,75,735.750000,P1,1,75,754.250000
RH,70,736.000000,P1,1,70,754.500000
RH,67,736.250000,P1,1,67,754.750000
RH,70,736.500000,P1,1,70,755.000000
LH,44,737.375000,P1,5,44,756.000000
RH,75,737.375000,P1,1,75,756.000000
RH,80,737.625000,P1,1,80,756.250000
RH,75,737.875000,P1,1,75,756.500000
RH,72,738.000000,P1,1,72,756.750000
LH,51,738.250000,P1,5,51,757.000000
LH,56,738.250000,P1,5,56,757.000000
RH,60,738.250000,P1,5,60,757.000000
RH,72,738.250000,P1,1,72,757.000000
RH,75,738.375000,P1,1,75,757.250000
RH,72,738.625000,P1,1,72,757.500000
RH,68,738.875000,P1,1,68,757.750000
RH,72,739.125000,P1,1,72,758.000000
LH,44,740.125000,P1,5,44,759.000000
RH,84,740.125000,P1,1,84,759.000000
RH,87,740.375000,P1,1,87,759.250000
RH,84,740.625000,P1,1,84,759.500000
RH,80,740.750000,P1,1,80,759.750000
LH,54,741.000000,P1,5,54,760.000000
LH,56,741.000000,P1,5,56,760.000000
RH,60,741.000000,P1,5,60,760.000000
RH,80,741.000000,P1,1,80,760.000000
RH,84,741.125000,P1,1,84,760.250000
RH,80,741.375000,P1,1,80,760.500000
RH,75,741.625000,P1,1,75,760.750000
RH,80,741.875000,P1,1,80,761.000000
LH,49,742.666667,P1,5,49,762.000000
RH,85,742.750000,P1,1,85,762.000000
RH,89,743.000000,P1,1,89,762.250000
RH,85,743.125000,P1,1,85,762.500000
RH,80,743.375000,P1,1,80,762.750000
LH,53,743.625000,P1,5,53,763.000000
LH,56,743.625000,P1,5,56,763.000000
RH,61,743.625000,P1,5,61,763.000000
RH,80,743.625000,P1,1,80,763.000000
RH,85,743.750000,P1,1,85,763.250000
RH,80,744.000000,P1,1,80,763.500000
RH,77,744.250000,P1,1,77,763.750000
RH,80,744.500000,P1,1,80,764.000000
LH,39,745.375000,P1,5,39,765.000000
RH,87,745.375000,P1,1,87,765.000000
RH,91,745.625000,P1,1,91,765.250000
RH,87,745.875000,P1,1,87,765.500000
RH,82,746.000000,P1,1,82,765.750000
LH,51,746.250000,P1,5,51,766.000000
LH,58,746.250000,P1,5,58,766.000000
RH,61,746.250000,P1,5,61,766.000000
RH,82,746.250000,P1,1,82,766.000000
RH,87,746.500000,P1,1,87,766.250000
RH,82,746.666667,P1,1,82,766.500000
RH,79,746.875000,P1,1,79,766.750000
RH,82,747.125000,P1,1,82,767.000000
LH,44,748.125000,P1,5,44,768.000000
RH,87,748.250000,P1,1,87,768.000000
RH,92,748.500000,P1,1,92,768.250000
RH,87,748.666667,P1,1,87,768.500000
RH,84,748.875000,P1,1,84,768.750000
LH,51,749.125000,P1,5,51,769.000000
LH,56,749.125000,P1,5,56,769.000000
RH,84,749.125000,P1,1,84,769.000000
RH,60,749.250000,P1,5,60,769.000000
RH,87,749.375000,P1,1,87,769.250000
RH,84,749.666667,P1,1,84,769.500000
RH,80,749.875000,P1,1,80,769.750000
RH,84,750.250000,P1,1,84,770.000000
RH,84,750.375000,P1,1,84,770.000000
LH,44,751.750000,P1,6,44,771.000000
LH,51,751.750000,P1,5,51,771.000000
RH,72,751.750000,P1,1,72,771.000000
RH,75,752.250000,P1,1,75,771.250000
RH,72,752.500000,P1,1,72,771.500000
RH,68,752.666667,P1,1,68,771.750000
LH,56,752.875000,P1,5,56,772.000000
RH,68,753.000000,P1,1,68,772.000000
RH,72,753.250000,P1,1,72,772.250000
RH,68,753.375000,P1,1,68,772.500000
RH,63,753.625000,P1,1,63,772.750000
RH,68,753.875000,P1,1,68,773.000000
LH,55,754.250000,P1,5,55,773.500000
LH,49,754.750000,P1,6,49,774.000000
LH,53,754.750000,P1,5,53,774.000000
RH,73,754.750000,P1,1,73,774.000000
RH,77,755.000000,P1,1,77,774.250000
RH,73,755.250000,P1,1,73,774.500000
RH,68,755.375000,P1,1,68,774.750000
RH,61,755.666667,P1,5,61,775.000000
RH,68,755.666667,P1,1,68,775.000000
RH,73,755.875000,P1,1,73,775.250000
RH,68,756.125000,P1,1,68,775.500000
RH,65,756.333333,P1,1,65,775.750000
RH,68,756.500000,P1,1,68,776.000000
RH,60,757.000000,P1,5,60,776.500000
LH,51,757.500000,P1,6,51,777.000000
LH,58,757.500000,P1,5,58,777.000000
RH,75,757.500000,P1,1,75,777.000000
RH,79,757.750000,P1,1,79,777.250000
RH,75,758.000000,P1,1,75,777.500000
RH,70,758.125000,P1,1,70,777.750000
RH,63,758.375000,P1,5,63,778.000000
RH,70,758.375000,P1,1,70,778.000000
RH,75,758.666667,P1,1,75,778.250000
RH,70,758.875000,P1,1,70,778.500000
RH,67,759.125000,P1,1,67,778.750000
RH,70,759.333333,P1,1,70,779.000000
RH,61,759.750000,P1,5,61,779.500000
LH,56,760.250000,P1,6,56,780.000000
RH,60,760.250000,P1,5,60,780.000000
RH,75,760.333333,P1,1,75,780.000000
RH,80,760.500000,P1,1,80,780.250000
RH,75,760.750000,P1,1,75,780.500000
RH,72,760.875000,P1,1,72,780.750000
RH,63,761.125000,P1,5,63,781.000000
RH,72,761.125000,P1,1,72,781.000000
RH,75,761.375000,P1,1,75,781.250000
RH,72,761.625000,P1,1,72,781.500000
RH,68,761.750000,P1,1,68,781.750000
RH,72,762.000000,P1,1,72,782.000000
LH,44,763.250000,P1,6,44,783.000000
LH,51,763.250000,P1,5,51,783.000000
RH,84,763.250000,P1,1,84,783.000000
RH,87,763.625000,P1,1,87,783.250000
RH,84,763.875000,P1,1,84,783.500000
RH,80,764.125000,P1,1,80,783.750000
LH,56,764.333333,P1,5,56,784.000000
RH,80,764.375000,P1,1,80,784.000000
RH,84,764.625000,P1,1,84,784.250000
RH,80,764.750000,P1,1,80,784.500000
RH,75,765.000000,P1,1,75,784.750000
RH,80,765.250000,P1,1,80,785.000000
LH,55,765.666667,P1,5,55,785.500000
LH,49,766.125000,P1,6,49,786.000000
LH,53,766.125000,P1,5,53,786.000000
RH,85,766.125000,P1,1,85,786.000000
RH,89,766.375000,P1,1,89,786.250000
RH,85,766.625000,P1,1,85,786.500000
RH,80,766.750000,P1,1,80,786.750000
RH,61,767.000000,P1,5,61,787.000000
RH,80,767.000000,P1,1,80,787.000000
RH,85,767.250000,P1,1,85,787.250000
RH,80,767.500000,P1,1,80,787.500000
RH,77,767.625000,P1,1,77,787.750000
RH,80,767.875000,P1,1,80,788.000000
RH,60,768.250000,P1,5,60,788.500000
LH,51,768.750000,P1,6,51,789.000000
LH,58,768.750000,P1,5,58,789.000000
RH,87,768.750000,P1,1,87,789.000000
RH,91,769.000000,P1,1,91,789.250000
RH,87,769.250000,P1,1,87,789.500000
RH,82,769.375000,P1,1,82,789.750000
RH,63,769.625000,P1,5,63,790.000000
RH,82,769.625000,P1,1,82,790.000000
RH,87,769.875000,P1,1,87,790.250000
RH,82,770.125000,P1,1,82,790.500000
RH,79,770.250000,P1,1,79,790.750000
RH,82,770.500000,P1,1,82,791.000000
RH,61,770.875000,P1,5,61,791.500000
RH,60,771.375000,P1,5,60,792.000000
RH,87,771.375000,P1,1,87,792.000000
RH,92,771.625000,P1,1,92,792.250000
RH,87,771.875000,P1,1,87,792.500000
RH,84,772.000000,P1,1,84,792.750000
RH,63,772.250000,P1,5,63,793.000000
RH,84,772.250000,P1,1,84,793.000000
RH,87,772.500000,P1,1,87,793.250000
RH,84,772.666667,P1,1,84,793.500000
RH,80,772.875000,P1,1,80,793.750000
RH,84,773.125000,P1,1,84,794.000000
RH,60,773.500000,P1,5,60,794.500000
LH,51,774.000000,P1,6,51,795.000000
LH,58,774.000000,P1,5,58,795.000000
RH,87,774.000000,P1,1,87,795.000000
RH,91,774.250000,P1,1,91,795.250000
RH,87,774.500000,P1,1,87,795.500000
RH,82,774.666667,P1,1,82,795.750000
RH,63,774.875000,P1,5,63,796.000000
RH,82,774.875000,P1,1,82,796.000000
RH,87,775.125000,P1,1,87,796.250000
RH,82,775.333333,P1,1,82,796.500000
RH,79,775.500000,P1,1,79,796.750000
RH,82,775.750000,P1,1,82,797.000000
RH,61,776.125000,P1,5,61,797.500000
LH,56,776.625000,P1,6,56,798.000000
RH,60,776.625000,P1,5,60,798.000000
RH,87,776.625000,P1,1,87,798.000000
RH,92,776.875000,P1,1,92,798.250000
RH,87,777.000000,P1,1,87,798.500000
RH,84,777.250000,P1,1,84,798.750000
RH,63,777.375000,P1,5,63,799.000000
RH,84,777.375000,P1,1,84,799.000000
RH,87,777.666667,P1,1,87,799.250000
RH,84,777.875000,P1,1,84,799.500000
RH,80,778.000000,P1,1,80,799.750000
RH,84,778.250000,P1,1,84,800.000000
RH,60,778.625000,P1,5,60,800.500000
LH,51,779.250000,P1,6,51,801.000000
LH,58,779.250000,P1,5,58,801.000000
RH,87,779.250000,P1,1,87,801.000000
RH,91,779.500000,P1,1,91,801.250000
RH,87,779.750000,P1,1,87,801.500000
RH,82,780.000000,P1,1,82,801.750000
RH,63,780.125000,P1,5,63,802.000000
RH,82,780.125000,P1,1,82,802.000000
RH,87,780.333333,P1,1,87,802.250000
RH,82,780.500000,P1,1,82,802.500000
RH,79,780.666667,P1,1,79,802.750000
RH,82,780.875000,P1,1,82,803.000000
RH,61,781.375000,P1,5,61,803.500000
LH,56,782.250000,P1,6,56,804.000000
RH,60,782.250000,P1,5,60,804.000000
RH,87,782.250000,P1,1,87,804.000000
RH,87,783.000000,P1,1,87,804.500000
RH,84,783.125000,P1,1,84,804.750000
RH,84,783.375000,P1,1,84,805.000000
RH,87,783.625000,P1,1,87,805.250000
RH,84,783.750000,P1,1,84,805.500000
RH,80,784.000000,P1,1,80,805.750000
RH,80,784.250000,P1,1,80,806.000000
RH,84,784.375000,P1,1,84,806.250000
RH,80,784.625000,P1,1,80,806.500000
RH,75,784.750000,P1,1,75,806.750000
RH,75,785.000000,P1,1,75,807.000000
RH,80,785.125000,P1,1,80,807.250000
RH,75,785.375000,P1,1,75,807.500000
RH,72,785.625000,P1,1,72,807.750000
RH,72,785.750000,P1,1,72,808.000000
RH,75,786.000000,P1,1,75,808.250000
RH,72,786.125000,P1,1,72,808.500000
RH,68,786.333333,P1,1,68,808.750000
RH,68,786.500000,P1,1,68,809.000000
RH,72,786.750000,P1,1,72,809.250000
RH,68,786.875000,P1,1,68,809.500000
RH,63,787.125000,P1,1,63,809.750000
RH,63,787.500000,P1,5,63,810.000000
RH,75,787.500000,P1,1,75,810.000000
RH,80,787.666667,P1,1,80,810.250000
RH,75,788.000000,P1,1,75,810.500000
RH,72,788.125000,P1,1,72,810.750000
RH,60,788.375000,P1,5,60,811.000000
RH,72,788.375000,P1,1,72,811.000000
RH,75,788.625000,P1,1,75,811.250000
RH,72,788.750000,P1,1,72,811.500000
RH,68,789.000000,P1,1,68,811.750000
LH,56,789.250000,P1,5,56,812.000000
RH,68,789.250000,P1,1,68,812.000000
RH,72,789.500000,P1,1,72,812.250000
RH,68,789.666667,P1,1,68,812.500000
RH,63,789.875000,P1,1,63,812.750000
LH,51,790.125000,P1,5,51,813.000000
RH,63,790.125000,P1,1,63,813.000000
RH,68,790.333333,P1,1,68,813.250000
RH,63,790.500000,P1,1,63,813.500000
RH,60,790.750000,P1,1,60,813.750000
LH,48,791.000000,P1,5,48,814.000000
RH,60,791.000000,P1,1,60,814.000000
RH,63,791.125000,P1,1,63,814.250000
RH,60,791.375000,P1,1,60,814.500000
LH,56,791.625000,P1,1,56,814.750000
LH,51,791.750000,P1,5,51,815.000000
RH,63,791.750000,P1,1,63,815.000000
RH,68,792.000000,P1,1,68,815.250000
RH,63,792.250000,P1,1,63,815.500000
RH,60,792.375000,P1,1,60,815.750000
LH,44,792.666667,P1,5,44,816.000000
LH,56,792.666667,P1,1,56,816.000000
LH,39,796.333333,P1,5,39,819.000000
LH,51,796.333333,P1,5,51,819.000000
RH,75,796.333333,P1,1,75,819.000000
RH,79,796.333333,P1,1,79,819.000000
RH,82,796.333333,P1,1,82,819.000000
RH,87,796.333333,P1,1,87,819.000000
RH,72,801.000000,P1,1,72,822.000000
RH,75,801.000000,P1,1,75,822.000000
RH,80,801.000000,P1,1,80,822.000000
RH,84,801.000000,P1,1,84,822.000000
