segment_id,piece,composer,title,event_id,hand,pitch,onset_ql,onset_location,voice,key_duration_ql,acoustic_duration_ql,pedal_extension_ql,next_voice_gap_ql,review_priority,reference_part,reference_voice,reference_onset_ql,reference_duration_ql,reference_tie_start,reference_tie_stop,auto_label_status,candidate_durations,candidate_sources,acoustic_sustain,performance_pedal_action,published_score_pedal,notation_decision,review_class,review_note
Liszt_Concert_Etude_S145_2_1,LisztConcert_Etude_S145_2,Liszt,Concert_Etude_S145_2,LisztConcert_Etude_S145_2:LH:46:155.750000:1,LH,46,155.750000,m.39 beat 4.750,1,0.125,0.125,0.0,0.375,normal,P1,5,257.5,0.5,0,0,labeled,0.125000;0.250000;0.375000,barline;key-release-grid+pedal-acoustic-grid;next-voice-onset,no,none,none,0.5,notation-shortening,reference duration 0.5; shorten acoustic extension to 0.5 (score convention; pedal carries the tail)
Liszt_Concert_Etude_S145_2_1,LisztConcert_Etude_S145_2,Liszt,Concert_Etude_S145_2,LisztConcert_Etude_S145_2:LH:49:13.375000:2,LH,49,13.375000,m.4 beat 2.375,2,0.125,0.125,0.0,0.75,normal,,,,,,,unmatched,0.125000;0.750000,key-release-grid+pedal-acoustic-grid;next-voice-onset,no,none,none,0.125,,routine; written duration follows score/readability
Liszt_Concert_Etude_S145_2_1,LisztConcert_Etude_S145_2,Liszt,Concert_Etude_S145_2,LisztConcert_Etude_S145_2:LH:49:156.875000:1,LH,49,156.875000,m.40 beat 1.875,1,0.125,0.125,0.0,0.25,normal,P1,5,259.5,0.5,0,0,reference-duration-not-candidate,0.125000;0.250000,key-release-grid+pedal-acoustic-grid;next-voice-onset,no,none,none,0.5,notation-shortening,reference duration 0.5; shorten acoustic extension to 0.5 (score convention; pedal carries the tail)
Liszt_Concert_Etude_S145_2_1,LisztConcert_Etude_S145_2,Liszt,Concert_Etude_S145_2,LisztConcert_Etude_S145_2:LH:49:158.375000:1,LH,49,158.375000,m.40 beat 3.375,1,0.125,0.125,0.0,0.25,normal,P1,5,262.5,0.5,0,0,reference-duration-not-candidate,0.125000;0.250000,key-release-grid+pedal-acoustic-grid;next-voice-onset,no,none,none,0.5,notation-shortening,reference duration 0.5; shorten acoustic extension to 0.5 (score convention; pedal carries the tail)
Liszt_Concert_Etude_S145_2_1,LisztConcert_Etude_S145_2,Liszt,Concert_Etude_S145_2,LisztConcert_Etude_S145_2:LH:49:19.375000:1,LH,49,19.375000,m.5 beat 4.375,1,0.125,0.125,0.0,0.75,normal,,,,,,,unmatched,0.125000;0.625000;0.750000,barline;key-release-grid+pedal-acoustic-grid;next-voice-onset,no,none,none,0.125,,routine; written duration follows score/readability
Liszt_Concert_Etude_S145_2_1,LisztConcert_Etude_S145_2,Liszt,Concert_Etude_S145_2,LisztConcert_Etude_S145_2:LH:49:86.750000:1,LH,49,86.750000,m.22 beat 3.750,1,0.125,0.125,0.0,0.875,normal,,,,,,,unmatched,0.125000;0.875000,key-release-grid+pedal-acoustic-grid;next-voice-onset,no,none,none,0.125,,routine; written duration follows score/readability
Liszt_Concert_Etude_S145_2_1,LisztConcert_Etude_S145_2,Liszt,Concert_Etude_S145_2,LisztConcert_Etude_S145_2:LH:49:92.875000:1,LH,49,92.875000,m.24 beat 1.875,1,0.125,0.125,0.0,0.75,normal,,,,,,,unmatched,0.125000;0.750000,key-release-grid+pedal-acoustic-grid;next-voice-onset,no,none,none,0.125,,routine; written duration follows score/readability
Liszt_Concert_Etude_S145_2_1,LisztConcert_Etude_S145_2,Liszt,Concert_Etude_S145_2,LisztConcert_Etude_S145_2:LH:50:155.500000:1,LH,50,155.500000,m.39 beat 4.500,1,0.125,0.125,0.0,0.25,normal,P1,5,257.0,0.5,0,0,reference-duration-not-candidate,0.125000;0.250000,key-release-grid+pedal-acoustic-grid;next-voice-onset,no,none,none,0.5,notation-shortening,reference duration 0.5; shorten acoustic extension to 0.5 (score convention; pedal carries the tail)
Liszt_Concert_Etude_S145_2_1,LisztConcert_Etude_S145_2,Liszt,Concert_Etude_S145_2,LisztConcert_Etude_S145_2:LH:50:156.625000:1,LH,50,156.625000,m.40 beat 1.625,1,0.125,0.125,0.0,0.25,normal,P1,5,259.0,0.5,0,0,reference-duration-not-candidate,0.125000;0.250000,key-release-grid+pedal-acoustic-grid;next-voice-onset,no,none,none,0.5,notation-shortening,reference duration 0.5; shorten acoustic extension to 0.5 (score convention; pedal carries the tail)
Liszt_Concert_Etude_S145_2_1,LisztConcert_Etude_S145_2,Liszt,Concert_Etude_S145_2,LisztConcert_Etude_S145_2:LH:50:157.125000:1,LH,50,157.125000,m.40 beat 2.125,1,0.125,0.125,0.0,0.208333333,normal,P1,5,260.0,0.5,0,0,reference-duration-not-candidate,0.125000;0.208333,key-release-grid+pedal-acoustic-grid;next-voice-onset,no,none,none,0.5,notation-shortening,reference duration 0.5; shorten acoustic extension to 0.5 (score convention; pedal carries the tail)
Liszt_Concert_Etude_S145_2_1,LisztConcert_Etude_S145_2,Liszt,Concert_Etude_S145_2,LisztConcert_Etude_S145_2:LH:50:158.125000:1,LH,50,158.125000,m.40 beat 3.125,1,0.125,0.125,0.0,0.25,normal,P1,5,262.0,0.5,0,0,reference-duration-not-candidate,0.125000;0.250000,key-release-grid+pedal-acoustic-grid;next-voice-onset,no,none,none,0.5,notation-shortening,reference duration 0.5; shorten acoustic extension to 0.5 (score convention; pedal carries the tail)
Liszt_Concert_Etude_S145_2_1,LisztConcert_Etude_S145_2,Liszt,Concert_Etude_S145_2,LisztConcert_Etude_S145_2:LH:50:158.625000:1,LH,50,158.625000,m.40 beat 3.625,1,0.125,0.125,0.0,0.25,normal,P1,5,263.0,0.5,0,0,reference-duration-not-candidate,0.125000;0.250000,key-release-grid+pedal-acoustic-grid;next-voice-onset,no,none,none,0.5,notation-shortening,reference duration 0.5; shorten acoustic extension to 0.5 (score convention; pedal carries the tail)
Liszt_Concert_Etude_S145_2_1,LisztConcert_Etude_S145_2,Liszt,Concert_Etude_S145_2,LisztConcert_Etude_S145_2:LH:51:154.333333:1,LH,51,154.333333,m.39 beat 3.333,1,0.125,0.125,0.0,0.291666667,normal,P1,5,254.5,0.5,0,0,reference-duration-not-candidate,0.125000;0.291667,key-release-grid+pedal-acoustic-grid;next-voice-onset,no,none,none,0.5,notation-shortening,reference duration 0.5; shorten acoustic extension to 0.5 (score convention; pedal carries the tail)
Liszt_Concert_Etude_S145_2_1,LisztConcert_Etude_S145_2,Liszt,Concert_Etude_S145_2,LisztConcert_Etude_S145_2:LH:51:156.333333:1,LH,51,156.333333,m.40 beat 1.333,1,0.125,0.125,0.0,0.291666667,normal,P1,5,258.5,0.5,0,0,reference-duration-not-candidate,0.125000;0.291667,key-release-grid+pedal-acoustic-grid;next-voice-onset,no,none,none,0.5,notation-shortening,reference duration 0.5; shorten acoustic extension to 0.5 (score convention; pedal carries the tail)
Liszt_Concert_Etude_S145_2_1,LisztConcert_Etude_S145_2,Liszt,Concert_Etude_S145_2,LisztConcert_Etude_S145_2:LH:51:157.333333:1,LH,51,157.333333,m.40 beat 2.333,1,0.125,0.125,0.0,0.291666667,normal,P1,5,260.5,0.5,0,0,reference-duration-not-candidate,0.125000;0.291667,key-release-grid+pedal-acoustic-grid;next-voice-onset,no,none,none,0.5,notation-shortening,reference duration 0.5; shorten acoustic extension to 0.5 (score convention; pedal carries the tail)
Liszt_Concert_Etude_S145_2_1,LisztConcert_Etude_S145_2,Liszt,Concert_Etude_S145_2,LisztConcert_Etude_S145_2:LH:51:157.750000:1,LH,51,157.750000,m.40 beat 2.750,1,0.125,0.125,0.0,0.375,normal,P1,5,261.5,0.5,0,0,labeled,0.125000;0.375000,key-release-grid+pedal-acoustic-grid;next-voice-onset,no,none,none,0.5,notation-shortening,reference duration 0.5; shorten acoustic extension to 0.5 (score convention; pedal carries the tail)
Liszt_Concert_Etude_S145_2_1,LisztConcert_Etude_S145_2,Liszt,Concert_Etude_S145_2,LisztConcert_Etude_S145_2:LH:53:157.625000:1,LH,53,157.625000,m.40 beat 2.625,1,0.125,0.125,0.0,0.125,normal,P1,5,261.0,0.5,0,0,reference-duration-not-candidate,0.125000,key-release-grid+next-voice-onset+pedal-acoustic-grid,no,none,none,0.5,notation-shortening,reference duration 0.5; shorten acoustic extension to 0.5 (score convention; pedal carries the tail)
Liszt_Concert_Etude_S145_2_1,LisztConcert_Etude_S145_2,Liszt,Concert_Etude_S145_2,LisztConcert_Etude_S145_2:LH:54:12.750000:2,LH,54,12.750000,m.4 beat 1.750,2,0.125,0.125,0.0,0.625,normal,,,,,,,unmatched,0.125000;0.625000,key-release-grid+pedal-acoustic-grid;next-voice-onset,no,none,none,0.125,,routine; written duration follows score/readability
Liszt_Concert_Etude_S145_2_1,LisztConcert_Etude_S145_2,Liszt,Concert_Etude_S145_2,LisztConcert_Etude_S145_2:LH:54:14.125000:2,LH,54,14.125000,m.4 beat 3.125,2,0.125,0.125,0.0,0.75,normal,,,,,,,unmatched,0.125000;0.750000,key-release-grid+pedal-acoustic-grid;next-voice-onset,no,none,none,0.125,,routine; written duration follows score/readability
Liszt_Concert_Etude_S145_2_1,LisztConcert_Etude_S145_2,Liszt,Concert_Etude_S145_2,LisztConcert_Etude_S145_2:LH:54:152.000000:1,LH,54,152.000000,m.39 beat 1.000,1,0.125,0.125,0.0,0.75,normal,P1,1,251.0,0.333333333,0,0,reference-duration-not-candidate,0.125000;0.750000,key-release-grid+pedal-acoustic-grid;next-voice-onset,no,none,change,0.333333333,notation-shortening,reference duration 0.333333333; shorten acoustic extension to 0.333333333 (score convention; pedal carries the tail)
Liszt_Concert_Etude_S145_2_1,LisztConcert_Etude_S145_2,Liszt,Concert_Etude_S145_2,LisztConcert_Etude_S145_2:LH:54:158.125000:1,LH,54,158.125000,m.40 beat 3.125,1,0.125,0.125,0.0,0.25,normal,P1,1,262.0,0.5,0,0,reference-duration-not-candidate,0.125000;0.250000,key-release-grid+pedal-acoustic-grid;next-voice-onset,no,none,none,0.5,notation-shortening,reference duration 0.5; shorten acoustic extension to 0.5 (score convention; pedal carries the tail)
Liszt_Concert_Etude_S145_2_1,LisztConcert_Etude_S145_2,Liszt,Concert_Etude_S145_2,LisztConcert_Etude_S145_2:LH:54:158.875000:1,LH,54,158.875000,m.40 beat 3.875,1,0.125,0.125,0.0,0.125,normal,P1,5,263.5,0.5,0,0,reference-duration-not-candidate,0.125000,key-release-grid+next-voice-onset+pedal-acoustic-grid,no,none,start,0.5,notation-shortening,reference duration 0.5; shorten acoustic extension to 0.5 (score convention; pedal carries the tail)
Liszt_Concert_Etude_S145_2_1,LisztConcert_Etude_S145_2,Liszt,Concert_Etude_S145_2,LisztConcert_Etude_S145_2:LH:54:18.750000:1,LH,54,18.750000,m.5 beat 3.750,1,0.125,0.125,0.0,0.625,normal,,,,,,,unmatched,0.125000;0.625000,key-release-grid+pedal-acoustic-grid;next-voice-onset,no,none,none,0.125,,routine; written duration follows score/readability
Liszt_Concert_Etude_S145_2_1,LisztConcert_Etude_S145_2,Liszt,Concert_Etude_S145_2,LisztConcert_Etude_S145_2:LH:54:20.125000:1,LH,54,20.125000,m.6 beat 1.125,1,0.125,0.125,0.0,0.75,normal,,,,,,,unmatched,0.125000;0.750000,key-release-grid+pedal-acoustic-grid;next-voice-onset,no,none,none,0.125,,routine; written duration follows score/readability
Liszt_Concert_Etude_S145_2_1,LisztConcert_Etude_S145_2,Liszt,Concert_Etude_S145_2,LisztConcert_Etude_S145_2:LH:54:86.125000:1,LH,54,86.125000,m.22 beat 3.125,1,0.125,0.125,0.0,0.625,normal,,,,,,,unmatched,0.125000;0.625000,key-release-grid+pedal-acoustic-grid;next-voice-onset,no,none,none,0.125,,routine; written duration follows score/readability
Liszt_Concert_Etude_S145_2_1,LisztConcert_Etude_S145_2,Liszt,Concert_Etude_S145_2,LisztConcert_Etude_S145_2:LH:54:87.625000:1,LH,54,87.625000,m.22 beat 4.625,1,0.125,0.125,0.0,0.708333333,normal,,,,,,,unmatched,0.125000;0.375000;0.708333,barline;key-release-grid+pedal-acoustic-grid;next-voice-onset,no,none,none,0.125,,routine; written duration follows score/readability
Liszt_Concert_Etude_S145_2_1,LisztConcert_Etude_S145_2,Liszt,Concert_Etude_S145_2,LisztConcert_Etude_S145_2:LH:54:92.125000:1,LH,54,92.125000,m.24 beat 1.125,1,0.125,0.125,0.0,0.75,normal,,,,,,,unmatched,0.125000;0.750000,key-release-grid+pedal-acoustic-grid;next-voice-onset,no,none,none,0.125,,routine; written duration follows score/readability
Liszt_Concert_Etude_S145_2_1,LisztConcert_Etude_S145_2,Liszt,Concert_Etude_S145_2,LisztConcert_Etude_S145_2:LH:54:93.625000:1,LH,54,93.625000,m.24 beat 2.625,1,0.125,0.125,0.0,0.75,normal,,,,,,,unmatched,0.125000;0.750000,key-release-grid+pedal-acoustic-grid;next-voice-onset,no,none,none,0.125,,routine; written duration follows score/readability
Liszt_Concert_Etude_S145_2_1,LisztConcert_Etude_S145_2,Liszt,Concert_Etude_S145_2,LisztConcert_Etude_S145_2:LH:55:151.125000:1,LH,55,151.125000,m.38 beat 4.125,1,0.125,0.125,0.0,0.875,normal,P1,1,250.0,0.333333333,0,0,reference-duration-not-candidate,0.125000;0.875000,barline+next-voice-onset;key-release-grid+pedal-acoustic-grid,no,none,change,0.333333333,notation-shortening,reference duration 0.333333333; shorten acoustic extension to 0.333333333 (score convention; pedal carries the tail)
Liszt_Concert_Etude_S145_2_1,LisztConcert_Etude_S145_2,Liszt,Concert_Etude_S145_2,LisztConcert_Etude_S145_2:LH:55:154.000000:1,LH,55,154.000000,m.39 beat 3.000,1,0.125,0.125,0.0,0.333333333,normal,P1,5,254.0,0.5,0,0,reference-duration-not-candidate,0.125000;0.333333,key-release-grid+pedal-acoustic-grid;next-voice-onset,no,none,none,0.5,notation-shortening,reference duration 0.5; shorten acoustic extension to 0.5 (score convention; pedal carries the tail)
Liszt_Concert_Etude_S145_2_1,LisztConcert_Etude_S145_2,Liszt,Concert_Etude_S145_2,LisztConcert_Etude_S145_2:LH:55:154.625000:1,LH,55,154.625000,m.39 beat 3.625,1,0.125,0.125,0.0,0.25,normal,P1,5,255.0,0.5,0,0,reference-duration-not-candidate,0.125000;0.250000,key-release-grid+pedal-acoustic-grid;next-voice-onset,no,none,none,0.5,notation-shortening,reference duration 0.5; shorten acoustic extension to 0.5 (score convention; pedal carries the tail)
Liszt_Concert_Etude_S145_2_1,LisztConcert_Etude_S145_2,Liszt,Concert_Etude_S145_2,LisztConcert_Etude_S145_2:LH:55:155.333333:1,LH,55,155.333333,m.39 beat 4.333,1,0.125,0.125,0.0,0.166666667,normal,P1,5,256.5,0.5,0,0,reference-duration-not-candidate,0.125000;0.166667,key-release-grid+pedal-acoustic-grid;next-voice-onset,no,none,none,0.5,notation-shortening,reference duration 0.5; shorten acoustic extension to 0.5 (score convention; pedal carries the tail)
Liszt_Concert_Etude_S145_2_1,LisztConcert_Etude_S145_2,Liszt,Concert_Etude_S145_2,LisztConcert_Etude_S145_2:LH:55:156.125000:1,LH,55,156.125000,m.40 beat 1.125,1,0.125,0.125,0.0,0.208333333,normal,P1,5,258.0,0.5,0,0,reference-duration-not-candidate,0.125000;0.208333,key-release-grid+pedal-acoustic-grid;next-voice-onset,no,none,none,0.5,notation-shortening,reference duration 0.5; shorten acoustic extension to 0.5 (score convention; pedal carries the tail)
Liszt_Concert_Etude_S145_2_1,LisztConcert_Etude_S145_2,Liszt,Concert_Etude_S145_2,LisztConcert_Etude_S145_2:LH:55:157.333333:1,LH,55,157.333333,m.40 beat 2.333,1,0.125,0.125,0.0,0.291666667,normal,P1,1,260.5,0.5,0,0,reference-duration-not-candidate,0.125000;0.291667,key-release-grid+pedal-acoustic-grid;next-voice-onset,no,none,none,0.5,notation-shortening,reference duration 0.5; shorten acoustic extension to 0.5 (score convention; pedal carries the tail)
Liszt_Concert_Etude_S145_2_1,LisztConcert_Etude_S145_2,Liszt,Concert_Etude_S145_2,LisztConcert_Etude_S145_2:LH:56:150.375000:1,LH,56,150.375000,m.38 beat 3.375,1,0.125,0.125,0.0,0.75,normal,P1,1,249.0,0.333333333,0,0,reference-duration-not-candidate,0.125000;0.750000,key-release-grid+pedal-acoustic-grid;next-voice-onset,no,none,change,0.333333333,notation-shortening,reference duration 0.333333333; shorten acoustic extension to 0.333333333 (score convention; pedal carries the tail)
Liszt_Concert_Etude_S145_2_1,LisztConcert_Etude_S145_2,Liszt,Concert_Etude_S145_2,LisztConcert_Etude_S145_2:LH:57:12.375000:1,LH,57,12.375000,m.4 beat 1.375,1,0.125,0.125,0.0,0.291666667,normal,,,,,,,unmatched,0.125000;0.291667,key-release-grid+pedal-acoustic-grid;next-voice-onset,no,release,none,0.125,,routine; written duration follows score/readability
Liszt_Concert_Etude_S145_2_1,LisztConcert_Etude_S145_2,Liszt,Concert_Etude_S145_2,LisztConcert_Etude_S145_2:LH:57:12.666667:1,LH,57,12.666667,m.4 beat 1.667,1,0.125,0.125,0.0,6.083333333,normal,,,,,,,unmatched,0.125000;3.333333;6.083333,barline;key-release-grid+pedal-acoustic-grid;next-voice-onset,no,none,none,0.125,,routine; written duration follows score/readability
Liszt_Concert_Etude_S145_2_1,LisztConcert_Etude_S145_2,Liszt,Concert_Etude_S145_2,LisztConcert_Etude_S145_2:LH:57:14.875000:2,LH,57,14.875000,m.4 beat 3.875,2,0.125,0.125,0.0,3.625,normal,,,,,,,unmatched,0.125000;1.125000;3.625000,barline;key-release-grid+pedal-acoustic-grid;next-voice-onset,no,none,none,0.125,,routine; written duration follows score/readability
Liszt_Concert_Etude_S145_2_1,LisztConcert_Etude_S145_2,Liszt,Concert_Etude_S145_2,LisztConcert_Etude_S145_2:LH:57:149.500000:1,LH,57,149.500000,m.38 beat 2.500,1,0.125,0.125,0.0,0.875,normal,P1,1,248.0,0.333333333,0,0,reference-duration-not-candidate,0.125000;0.875000,key-release-grid+pedal-acoustic-grid;next-voice-onset,no,none,start,0.333333333,notation-shortening,reference duration 0.333333333; shorten acoustic extension to 0.333333333 (score convention; pedal carries the tail)
Liszt_Concert_Etude_S145_2_1,LisztConcert_Etude_S145_2,Liszt,Concert_Etude_S145_2,LisztConcert_Etude_S145_2:LH:57:152.750000:1,LH,57,152.750000,m.39 beat 1.750,1,0.125,0.125,0.0,1.0,normal,P1,1,252.0,0.333333333,0,0,reference-duration-not-candidate,0.125000;1.000000,key-release-grid+pedal-acoustic-grid;next-voice-onset,no,none,change,0.333333333,notation-shortening,reference duration 0.333333333; shorten acoustic extension to 0.333333333 (score convention; pedal carries the tail)
Liszt_Concert_Etude_S145_2_1,LisztConcert_Etude_S145_2,Liszt,Concert_Etude_S145_2,LisztConcert_Etude_S145_2:LH:57:154.875000:1,LH,57,154.875000,m.39 beat 3.875,1,0.125,0.125,0.0,0.125,normal,P1,5,255.5,0.5,0,0,reference-duration-not-candidate,0.125000,key-release-grid+next-voice-onset+pedal-acoustic-grid,no,none,none,0.5,notation-shortening,reference duration 0.5; shorten acoustic extension to 0.5 (score convention; pedal carries the tail)
Liszt_Concert_Etude_S145_2_1,LisztConcert_Etude_S145_2,Liszt,Concert_Etude_S145_2,LisztConcert_Etude_S145_2:LH:57:158.125000:1,LH,57,158.125000,m.40 beat 3.125,1,0.125,0.125,0.0,0.25,normal,P1,1,262.0,0.5,0,0,reference-duration-not-candidate,0.125000;0.250000,key-release-grid+pedal-acoustic-grid;next-voice-onset,no,none,none,0.5,notation-shortening,reference duration 0.5; shorten acoustic extension to 0.5 (score convention; pedal carries the tail)
Liszt_Concert_Etude_S145_2_1,LisztConcert_Etude_S145_2,Liszt,Concert_Etude_S145_2,LisztConcert_Etude_S145_2:LH:57:159.000000:1,LH,57,159.000000,m.40 beat 4.000,1,0.125,0.125,0.0,0.75,normal,P1,5,264.0,0.5,0,0,reference-duration-not-candidate,0.125000;0.750000,key-release-grid+pedal-acoustic-grid;next-voice-onset,no,none,none,0.5,notation-shortening,reference duration 0.5; shorten acoustic extension to 0.5 (score convention; pedal carries the tail)
Liszt_Concert_Etude_S145_2_1,LisztConcert_Etude_S145_2,Liszt,Concert_Etude_S145_2,LisztConcert_Etude_S145_2:LH:57:18.500000:2,LH,57,18.500000,m.5 beat 3.500,2,0.166666667,0.166666667,0.0,0.166666667,normal,,,,,,,unmatched,0.125000;0.166667,key-release-grid+pedal-acoustic-grid;next-voice-onset,no,release,none,0.166667,,routine; written duration follows score/readability
Liszt_Concert_Etude_S145_2_1,LisztConcert_Etude_S145_2,Liszt,Concert_Etude_S145_2,LisztConcert_Etude_S145_2:LH:57:18.666667:2,LH,57,18.666667,m.5 beat 3.667,2,0.125,0.125,0.0,151.0,normal,,,,,,,unmatched,0.125000;1.333333;151.000000,barline;key-release-grid+pedal-acoustic-grid;next-voice-onset,no,none,none,0.125,,routine; written duration follows score/readability
Liszt_Concert_Etude_S145_2_1,LisztConcert_Etude_S145_2,Liszt,Concert_Etude_S145_2,LisztConcert_Etude_S145_2:LH:57:20.875000:1,LH,57,20.875000,m.6 beat 1.875,1,0.125,0.125,0.0,64.875,normal,,,,,,,unmatched,0.125000;3.125000;64.875000,barline;key-release-grid+pedal-acoustic-grid;next-voice-onset,no,none,none,0.125,,routine; written duration follows score/readability
Liszt_Concert_Etude_S145_2_1,LisztConcert_Etude_S145_2,Liszt,Concert_Etude_S145_2,LisztConcert_Etude_S145_2:LH:57:85.750000:1,LH,57,85.750000,m.22 beat 2.750,1,0.125,0.125,0.0,0.375,normal,,,,,,,unmatched,0.125000;0.375000,key-release-grid+pedal-acoustic-grid;next-voice-onset,no,release,none,0.125,,routine; written duration follows score/readability
Liszt_Concert_Etude_S145_2_1,LisztConcert_Etude_S145_2,Liszt,Concert_Etude_S145_2,LisztConcert_Etude_S145_2:LH:57:86.125000:1,LH,57,86.125000,m.22 beat 3.125,1,0.125,0.125,0.0,0.625,normal,,,,,,,unmatched,0.125000;0.625000,key-release-grid+pedal-acoustic-grid;next-voice-onset,no,none,none,0.125,,routine; written duration follows score/readability
Liszt_Concert_Etude_S145_2_1,LisztConcert_Etude_S145_2,Liszt,Concert_Etude_S145_2,LisztConcert_Etude_S145_2:LH:57:88.333333:1,LH,57,88.333333,m.23 beat 1.333,1,0.125,0.125,0.0,3.541666667,normal,,,,,,,unmatched,0.125000;3.541667,key-release-grid+pedal-acoustic-grid;next-voice-onset,no,none,none,0.125,,routine; written duration follows score/readability
Liszt_Concert_Etude_S145_2_1,LisztConcert_Etude_S145_2,Liszt,Concert_Etude_S145_2,LisztConcert_Etude_S145_2:LH:57:91.875000:1,LH,57,91.875000,m.23 beat 4.875,1,0.125,0.125,0.0,0.25,normal,,,,,,,unmatched,0.125000;0.250000,barline+key-release-grid+pedal-acoustic-grid;next-voice-onset,no,release,none,0.125,,routine; written duration follows score/readability
Liszt_Concert_Etude_S145_2_1,LisztConcert_Etude_S145_2,Liszt,Concert_Etude_S145_2,LisztConcert_Etude_S145_2:LH:57:92.125000:1,LH,57,92.125000,m.24 beat 1.125,1,0.125,0.125,0.0,0.75,normal,,,,,,,unmatched,0.125000;0.750000,key-release-grid+pedal-acoustic-grid;next-voice-onset,no,none,none,0.125,,routine; written duration follows score/readability
Liszt_Concert_Etude_S145_2_1,LisztConcert_Etude_S145_2,Liszt,Concert_Etude_S145_2,LisztConcert_Etude_S145_2:LH:57:94.375000:1,LH,57,94.375000,m.24 beat 3.375,1,0.125,0.125,0.0,54.625,normal,,,,,,,unmatched,0.125000;1.625000;54.625000,barline;key-release-grid+pedal-acoustic-grid;next-voice-onset,no,none,none,0.125,,routine; written duration follows score/readability
Liszt_Concert_Etude_S145_2_1,LisztConcert_Etude_S145_2,Liszt,Concert_Etude_S145_2,LisztConcert_Etude_S145_2:LH:58:149.250000:1,LH,58,149.250000,m.38 beat 2.250,1,0.125,0.125,0.0,0.25,normal,P1,5,247.666666667,0.333333333,0,0,labeled,0.125000;0.250000,key-release-grid+pedal-acoustic-grid;next-voice-onset,no,none,none,0.333333333,notation-shortening,reference duration 0.333333333; shorten acoustic extension to 0.333333333 (score convention; pedal carries the tail)
Liszt_Concert_Etude_S145_2_1,LisztConcert_Etude_S145_2,Liszt,Concert_Etude_S145_2,LisztConcert_Etude_S145_2:LH:58:153.750000:1,LH,58,153.750000,m.39 beat 2.750,1,0.125,0.125,0.0,0.25,normal,P1,5,253.5,0.5,0,0,reference-duration-not-candidate,0.125000;0.250000,key-release-grid+pedal-acoustic-grid;next-voice-onset,no,none,none,0.5,notation-shortening,reference duration 0.5; shorten acoustic extension to 0.5 (score convention; pedal carries the tail)
Liszt_Concert_Etude_S145_2_1,LisztConcert_Etude_S145_2,Liszt,Concert_Etude_S145_2,LisztConcert_Etude_S145_2:LH:58:155.000000:1,LH,58,155.000000,m.39 beat 4.000,1,0.125,0.125,0.0,0.333333333,normal,P1,5,256.0,0.5,0,0,reference-duration-not-candidate,0.125000;0.333333,key-release-grid+pedal-acoustic-grid;next-voice-onset,no,none,none,0.5,notation-shortening,reference duration 0.5; shorten acoustic extension to 0.5 (score convention; pedal carries the tail)
Liszt_Concert_Etude_S145_2_1,LisztConcert_Etude_S145_2,Liszt,Concert_Etude_S145_2,LisztConcert_Etude_S145_2:LH:58:159.750000:1,LH,58,159.750000,m.40 beat 4.750,1,0.125,0.125,0.0,0.375,normal,P1,5,265.5,0.5,0,0,labeled,0.125000;0.250000;0.375000,barline;key-release-grid+pedal-acoustic-grid;next-voice-onset,no,none,stop,0.5,notation-shortening,reference duration 0.5; shorten acoustic extension to 0.5 (score convention; pedal carries the tail)
Liszt_Concert_Etude_S145_2_1,LisztConcert_Etude_S145_2,Liszt,Concert_Etude_S145_2,LisztConcert_Etude_S145_2:LH:59:149.000000:1,LH,59,149.000000,m.38 beat 2.000,1,0.125,0.125,0.0,0.25,normal,P1,5,247.333333333,0.333333333,0,0,labeled,0.125000;0.250000,key-release-grid+pedal-acoustic-grid;next-voice-onset,no,none,none,0.333333333,notation-shortening,reference duration 0.333333333; shorten acoustic extension to 0.333333333 (score convention; pedal carries the tail)
Liszt_Concert_Etude_S145_2_1,LisztConcert_Etude_S145_2,Liszt,Concert_Etude_S145_2,LisztConcert_Etude_S145_2:RH:100:130.250000:3,RH,100,130.250000,m.33 beat 3.250,3,0.125,1.2109375,1.0859375,0.125,medium,P1,1,219.5,0.25,0,0,labeled,0.125000,key-release-grid+next-voice-onset,yes,hold,none,0.25,notation-shortening,reference duration 0.25; shorten acoustic extension to 0.25 (score convention; pedal carries the tail)
Liszt_Concert_Etude_S145_2_1,LisztConcert_Etude_S145_2,Liszt,Concert_Etude_S145_2,LisztConcert_Etude_S145_2:RH:100:132.875000:2,RH,100,132.875000,m.34 beat 1.875,2,0.125,1.1640625,1.0390625,0.125,medium,P1,1,224.0,0.25,0,0,labeled,0.125000,key-release-grid+next-voice-onset,yes,hold,none,0.25,notation-shortening,reference duration 0.25; shorten acoustic extension to 0.25 (score convention; pedal carries the tail)
Liszt_Concert_Etude_S145_2_1,LisztConcert_Etude_S145_2,Liszt,Concert_Etude_S145_2,LisztConcert_Etude_S145_2:RH:100:135.375000:2,RH,100,135.375000,m.34 beat 4.375,2,0.25,0.580729167,0.330729167,0.958333333,medium,P1,1,228.5,0.25,0,0,ambiguous-candidate,0.250000;0.333333;0.500000;0.625000;0.666667;0.958333,barline+pedal-acoustic-grid;key-release-grid;next-voice-onset;pedal-acoustic-grid,yes,hold,none,0.25,,routine; written duration follows score/readability
Liszt_Concert_Etude_S145_2_1,LisztConcert_Etude_S145_2,Liszt,Concert_Etude_S145_2,LisztConcert_Etude_S145_2:RH:100:141.250000:1,RH,100,141.250000,m.36 beat 2.250,1,0.125,0.369791667,0.244791667,0.125,normal,P1,1,237.75,0.125,0,0,labeled,0.125000,key-release-grid+next-voice-onset,no,hold,none,0.125,,routine; written duration follows score/readability
Liszt_Concert_Etude_S145_2_1,LisztConcert_Etude_S145_2,Liszt,Concert_Etude_S145_2,LisztConcert_Etude_S145_2:RH:100:63.500000:3,RH,100,63.500000,m.16 beat 4.500,3,0.25,0.403645833,0.153645833,0.25,normal,P1,1,107.0,0.25,0,0,labeled,0.250000,key-release-grid+next-voice-onset,no,hold,none,0.25,,routine; written duration follows score/readability
Liszt_Concert_Etude_S145_2_1,LisztConcert_Etude_S145_2,Liszt,Concert_Etude_S145_2,LisztConcert_Etude_S145_2:RH:100:64.500000:3,RH,100,64.500000,m.17 beat 1.500,3,0.125,0.291666667,0.166666667,0.125,normal,,,,,,,unmatched,0.125000,key-release-grid+next-voice-onset,no,hold,none,0.125,,routine; written duration follows score/readability
Liszt_Concert_Etude_S145_2_1,LisztConcert_Etude_S145_2,Liszt,Concert_Etude_S145_2,LisztConcert_Etude_S145_2:RH:100:65.375000:1,RH,100,65.375000,m.17 beat 2.375,1,0.125,2.369791667,2.244791667,0.125,medium,,,,,,,unmatched,0.125000,key-release-grid+next-voice-onset,yes,hold,none,0.125,pedal-only,pedal carries sustain; keep short written note
Liszt_Concert_Etude_S145_2_1,LisztConcert_Etude_S145_2,Liszt,Concert_Etude_S145_2,LisztConcert_Etude_S145_2:RH:100:68.250000:4,RH,100,68.250000,m.18 beat 1.250,4,0.25,0.46875,0.21875,0.5,normal,P1,1,114.625,0.125,0,0,labeled,0.250000;0.333333;0.500000,key-release-grid;key-release-grid+pedal-acoustic-grid;next-voice-onset+pedal-acoustic-grid,no,hold,stop,0.125,,key duration 0.250 exceeds notation 0.125 (pedal/sustain hold); score convention kept
Liszt_Concert_Etude_S145_2_1,LisztConcert_Etude_S145_2,Liszt,Concert_Etude_S145_2,LisztConcert_Etude_S145_2:RH:101:130.250000:3,RH,101,130.250000,m.33 beat 3.250,3,0.125,1.2109375,1.0859375,0.125,medium,,,,,,,unmatched,0.125000,key-release-grid+next-voice-onset,yes,hold,none,0.125,pedal-only,pedal carries sustain; keep short written note
Liszt_Concert_Etude_S145_2_1,LisztConcert_Etude_S145_2,Liszt,Concert_Etude_S145_2,LisztConcert_Etude_S145_2:RH:101:132.875000:2,RH,101,132.875000,m.34 beat 1.875,2,0.125,1.1640625,1.0390625,0.125,medium,,,,,,,unmatched,0.125000,key-release-grid+next-voice-onset,yes,hold,none,0.125,pedal-only,pedal carries sustain; keep short written note
Liszt_Concert_Etude_S145_2_1,LisztConcert_Etude_S145_2,Liszt,Concert_Etude_S145_2,LisztConcert_Etude_S145_2:RH:101:136.333333:2,RH,101,136.333333,m.35 beat 1.333,2,0.125,0.419270833,0.294270833,0.166666667,medium,P1,1,230.0,0.25,0,0,ambiguous-candidate,0.125000;0.166667,key-release-grid;next-voice-onset,yes,hold,none,0.25,notation-shortening,reference duration 0.25; shorten acoustic extension to 0.25 (score convention; pedal carries the tail)
Liszt_Concert_Etude_S145_2_1,LisztConcert_Etude_S145_2,Liszt,Concert_Etude_S145_2,LisztConcert_Etude_S145_2:RH:101:141.250000:1,RH,101,141.250000,m.36 beat 2.250,1,0.125,0.369791667,0.244791667,0.125,normal,P1,1,237.625,0.125,0,0,labeled,0.125000,key-release-grid+next-voice-onset,no,hold,none,0.125,,routine; written duration follows score/readability
Liszt_Concert_Etude_S145_2_1,LisztConcert_Etude_S145_2,Liszt,Concert_Etude_S145_2,LisztConcert_Etude_S145_2:RH:101:64.500000:1,RH,101,64.500000,m.17 beat 1.500,1,0.25,0.291666667,0.041666667,0.5,normal,P1,1,108.5,0.25,0,0,ambiguous-candidate,0.250000;0.333333;0.500000,key-release-grid+pedal-acoustic-grid;next-voice-onset,no,hold,none,0.25,,routine; written duration follows score/readability
Liszt_Concert_Etude_S145_2_1,LisztConcert_Etude_S145_2,Liszt,Concert_Etude_S145_2,LisztConcert_Etude_S145_2:RH:101:65.375000:1,RH,101,65.375000,m.17 beat 2.375,1,0.125,2.369791667,2.244791667,0.125,medium,P1,1,110.25,0.25,0,0,labeled,0.125000,key-release-grid+next-voice-onset,yes,hold,change,0.25,notation-shortening,reference duration 0.25; shorten acoustic extension to 0.25 (score convention; pedal carries the tail)
Liszt_Concert_Etude_S145_2_1,LisztConcert_Etude_S145_2,Liszt,Concert_Etude_S145_2,LisztConcert_Etude_S145_2:RH:101:65.875000:1,RH,101,65.875000,m.17 beat 2.875,1,0.25,1.869791667,1.619791667,0.458333333,medium,P1,1,111.0,0.25,0,0,ambiguous-candidate,0.250000;0.333333;0.458333,key-release-grid;next-voice-onset,yes,hold,change,0.25,,routine; written duration follows score/readability
Liszt_Concert_Etude_S145_2_1,LisztConcert_Etude_S145_2,Liszt,Concert_Etude_S145_2,LisztConcert_Etude_S145_2:RH:101:66.333333:1,RH,101,66.333333,m.17 beat 3.333,1,0.25,1.411458333,1.161458333,0.333333333,medium,P1,1,111.75,0.25,0,0,ambiguous-candidate,0.250000;0.333333,key-release-grid;key-release-grid+next-voice-onset,yes,hold,change,0.25,,routine; written duration follows score/readability
Liszt_Concert_Etude_S145_2_1,LisztConcert_Etude_S145_2,Liszt,Concert_Etude_S145_2,LisztConcert_Etude_S145_2:RH:101:66.875000:3,RH,101,66.875000,m.17 beat 3.875,3,0.25,0.869791667,0.619791667,0.375,medium,P1,1,112.5,0.25,0,0,ambiguous-candidate,0.250000;0.333333;0.375000,key-release-grid;next-voice-onset,yes,hold,change,0.25,,routine; written duration follows score/readability
Liszt_Concert_Etude_S145_2_1,LisztConcert_Etude_S145_2,Liszt,Concert_Etude_S145_2,LisztConcert_Etude_S145_2:RH:101:67.250000:3,RH,101,67.250000,m.17 beat 4.250,3,0.25,0.494791667,0.244791667,0.875,normal,P1,1,113.25,0.25,0,0,ambiguous-candidate,0.250000;0.333333;0.500000;0.750000;0.875000,barline;key-release-grid;key-release-grid+pedal-acoustic-grid;next-voice-onset;pedal-acoustic-grid,no,hold,change,0.25,,routine; written duration follows score/readability
Liszt_Concert_Etude_S145_2_1,LisztConcert_Etude_S145_2,Liszt,Concert_Etude_S145_2,LisztConcert_Etude_S145_2:RH:101:68.125000:3,RH,101,68.125000,m.18 beat 1.125,3,0.25,0.59375,0.34375,0.25,medium,P1,1,114.5,0.125,0,0,labeled,0.250000,key-release-grid+next-voice-onset,yes,hold,stop,0.125,,key duration 0.250 exceeds notation 0.125 (pedal/sustain hold); score convention kept
Liszt_Concert_Etude_S145_2_1,LisztConcert_Etude_S145_2,Liszt,Concert_Etude_S145_2,LisztConcert_Etude_S145_2:RH:102:137.000000:3,RH,102,137.000000,m.35 beat 2.000,3,0.25,0.619791667,0.369791667,0.25,medium,P1,1,231.5,0.25,0,0,labeled,0.250000,key-release-grid+next-voice-onset,yes,hold,none,0.25,,routine; written duration follows score/readability
Liszt_Concert_Etude_S145_2_1,LisztConcert_Etude_S145_2,Liszt,Concert_Etude_S145_2,LisztConcert_Etude_S145_2:RH:102:138.250000:3,RH,102,138.250000,m.35 beat 3.250,3,0.25,2.380208333,2.130208333,0.25,high,P1,1,233.25,0.25,0,0,labeled,0.250000,key-release-grid+next-voice-onset,yes,hold,change,0.25,,routine; written duration follows score/readability
Liszt_Concert_Etude_S145_2_1,LisztConcert_Etude_S145_2,Liszt,Concert_Etude_S145_2,LisztConcert_Etude_S145_2:RH:102:138.750000:3,RH,102,138.750000,m.35 beat 3.750,3,0.25,1.880208333,1.630208333,0.25,medium,P1,1,234.0,0.25,0,0,labeled,0.250000,key-release-grid+next-voice-onset,yes,hold,change,0.25,,routine; written duration follows score/readability
Liszt_Concert_Etude_S145_2_1,LisztConcert_Etude_S145_2,Liszt,Concert_Etude_S145_2,LisztConcert_Etude_S145_2:RH:102:139.250000:2,RH,102,139.250000,m.35 beat 4.250,2,0.25,1.380208333,1.130208333,0.5,medium,P1,1,234.75,0.25,0,0,ambiguous-candidate,0.250000;0.333333;0.500000,key-release-grid;next-voice-onset,yes,hold,change,0.25,,routine; written duration follows score/readability
Liszt_Concert_Etude_S145_2_1,LisztConcert_Etude_S145_2,Liszt,Concert_Etude_S145_2,LisztConcert_Etude_S145_2:RH:102:139.750000:2,RH,102,139.750000,m.35 beat 4.750,2,0.25,0.880208333,0.630208333,0.5,medium,P1,1,235.5,0.25,0,0,ambiguous-candidate,0.250000;0.333333;0.500000,barline+key-release-grid;key-release-grid;next-voice-onset,yes,hold,change,0.25,,routine; written duration follows score/readability
Liszt_Concert_Etude_S145_2_1,LisztConcert_Etude_S145_2,Liszt,Concert_Etude_S145_2,LisztConcert_Etude_S145_2:RH:102:140.250000:2,RH,102,140.250000,m.36 beat 1.250,2,0.25,0.380208333,0.130208333,0.875,normal,P1,1,236.25,0.25,0,0,ambiguous-candidate,0.250000;0.333333;0.375000;0.500000;0.875000,key-release-grid;key-release-grid+pedal-acoustic-grid;next-voice-onset;pedal-acoustic-grid,no,hold,change,0.25,,routine; written duration follows score/readability
Liszt_Concert_Etude_S145_2_1,LisztConcert_Etude_S145_2,Liszt,Concert_Etude_S145_2,LisztConcert_Etude_S145_2:RH:102:141.125000:2,RH,102,141.125000,m.36 beat 2.125,2,0.25,0.494791667,0.244791667,-1.0,normal,P1,1,237.5,0.125,0,0,labeled,0.250000;0.333333;0.500000;2.875000,barline;key-release-grid;key-release-grid+pedal-acoustic-grid;pedal-acoustic-grid,no,hold,none,0.125,,key duration 0.250 exceeds notation 0.125 (pedal/sustain hold); score convention kept
Liszt_Concert_Etude_S145_2_1,LisztConcert_Etude_S145_2,Liszt,Concert_Etude_S145_2,LisztConcert_Etude_S145_2:RH:60:14.875000:2,RH,60,14.875000,m.4 beat 3.875,2,0.125,0.125,0.0,0.375,normal,,,,,,,unmatched,0.125000;0.375000,key-release-grid+pedal-acoustic-grid;next-voice-onset,no,none,none,0.125,,routine; written duration follows score/readability
Liszt_Concert_Etude_S145_2_1,LisztConcert_Etude_S145_2,Liszt,Concert_Etude_S145_2,LisztConcert_Etude_S145_2:RH:60:148.000000:1,RH,60,148.000000,m.38 beat 1.000,1,0.125,0.125,0.0,0.25,normal,P1,1,246.0,0.333333333,0,0,labeled,0.125000;0.250000,key-release-grid+pedal-acoustic-grid;next-voice-onset,no,none,none,0.333333333,notation-shortening,reference duration 0.333333333; shorten acoustic extension to 0.333333333 (score convention; pedal carries the tail)
Liszt_Concert_Etude_S145_2_1,LisztConcert_Etude_S145_2,Liszt,Concert_Etude_S145_2,LisztConcert_Etude_S145_2:RH:60:148.750000:1,RH,60,148.750000,m.38 beat 1.750,1,0.125,0.125,0.0,1.0,normal,P1,5,247.0,0.333333333,0,0,reference-duration-not-candidate,0.125000;1.000000,key-release-grid+pedal-acoustic-grid;next-voice-onset,no,none,stop,0.333333333,notation-shortening,reference duration 0.333333333; shorten acoustic extension to 0.333333333 (score convention; pedal carries the tail)
Liszt_Concert_Etude_S145_2_1,LisztConcert_Etude_S145_2,Liszt,Concert_Etude_S145_2,LisztConcert_Etude_S145_2:RH:60:149.750000:1,RH,60,149.750000,m.38 beat 2.750,1,0.125,0.125,0.0,0.375,normal,P1,1,248.333333333,0.333333333,0,0,labeled,0.125000;0.375000,key-release-grid+pedal-acoustic-grid;next-voice-onset,no,none,none,0.333333333,notation-shortening,reference duration 0.333333333; shorten acoustic extension to 0.333333333 (score convention; pedal carries the tail)
Liszt_Concert_Etude_S145_2_1,LisztConcert_Etude_S145_2,Liszt,Concert_Etude_S145_2,LisztConcert_Etude_S145_2:RH:60:150.625000:1,RH,60,150.625000,m.38 beat 3.625,1,0.125,0.125,0.0,0.25,normal,P1,1,249.333333333,0.333333333,0,0,labeled,0.125000;0.250000,key-release-grid+pedal-acoustic-grid;next-voice-onset,no,none,none,0.333333333,notation-shortening,reference duration 0.333333333; shorten acoustic extension to 0.333333333 (score convention; pedal carries the tail)
Liszt_Concert_Etude_S145_2_1,LisztConcert_Etude_S145_2,Liszt,Concert_Etude_S145_2,LisztConcert_Etude_S145_2:RH:60:151.375000:1,RH,60,151.375000,m.38 beat 4.375,1,0.125,0.125,0.0,0.291666667,normal,P1,1,250.333333333,0.333333333,0,0,labeled,0.125000;0.291667,key-release-grid+pedal-acoustic-grid;next-voice-onset,no,none,none,0.333333333,notation-shortening,reference duration 0.333333333; shorten acoustic extension to 0.333333333 (score convention; pedal carries the tail)
Liszt_Concert_Etude_S145_2_1,LisztConcert_Etude_S145_2,Liszt,Concert_Etude_S145_2,LisztConcert_Etude_S145_2:RH:60:152.250000:1,RH,60,152.250000,m.39 beat 1.250,1,0.125,0.125,0.0,0.25,normal,P1,1,251.333333333,0.333333333,0,0,labeled,0.125000;0.250000,key-release-grid+pedal-acoustic-grid;next-voice-onset,no,none,none,0.333333333,notation-shortening,reference duration 0.333333333; shorten acoustic extension to 0.333333333 (score convention; pedal carries the tail)
Liszt_Concert_Etude_S145_2_1,LisztConcert_Etude_S145_2,Liszt,Concert_Etude_S145_2,LisztConcert_Etude_S145_2:RH:60:153.125000:1,RH,60,153.125000,m.39 beat 2.125,1,0.125,0.125,0.0,0.208333333,normal,P1,1,252.333333333,0.333333333,0,0,labeled,0.125000;0.208333,key-release-grid+pedal-acoustic-grid;next-voice-onset,no,none,none,0.333333333,notation-shortening,reference duration 0.333333333; shorten acoustic extension to 0.333333333 (score convention; pedal carries the tail)
Liszt_Concert_Etude_S145_2_1,LisztConcert_Etude_S145_2,Liszt,Concert_Etude_S145_2,LisztConcert_Etude_S145_2:RH:60:154.333333:1,RH,60,154.333333,m.39 beat 3.333,1,0.125,0.125,0.0,0.666666667,normal,P1,1,254.5,0.5,0,0,reference-duration-not-candidate,0.125000;0.666667,key-release-grid+pedal-acoustic-grid;next-voice-onset,no,none,none,0.5,notation-shortening,reference duration 0.5; shorten acoustic extension to 0.5 (score convention; pedal carries the tail)
Liszt_Concert_Etude_S145_2_1,LisztConcert_Etude_S145_2,Liszt,Concert_Etude_S145_2,LisztConcert_Etude_S145_2:RH:60:157.333333:1,RH,60,157.333333,m.40 beat 2.333,1,0.125,0.125,0.0,1.916666667,normal,P1,1,260.5,0.5,0,0,reference-duration-not-candidate,0.125000;1.916667,key-release-grid+pedal-acoustic-grid;next-voice-onset,no,none,none,0.5,notation-shortening,reference duration 0.5; shorten acoustic extension to 0.5 (score convention; pedal carries the tail)
Liszt_Concert_Etude_S145_2_1,LisztConcert_Etude_S145_2,Liszt,Concert_Etude_S145_2,LisztConcert_Etude_S145_2:RH:60:20.875000:1,RH,60,20.875000,m.6 beat 1.875,1,0.125,0.125,0.0,0.375,normal,,,,,,,unmatched,0.125000;0.375000,key-release-grid+pedal-acoustic-grid;next-voice-onset,no,none,none,0.125,,routine; written duration follows score/readability
Liszt_Concert_Etude_S145_2_1,LisztConcert_Etude_S145_2,Liszt,Concert_Etude_S145_2,LisztConcert_Etude_S145_2:RH:60:88.333333:1,RH,60,88.333333,m.23 beat 1.333,1,0.125,0.125,0.0,0.291666667,normal,,,,,,,unmatched,0.125000;0.291667,key-release-grid+pedal-acoustic-grid;next-voice-onset,no,none,none,0.125,,routine; written duration follows score/readability
Liszt_Concert_Etude_S145_2_1,LisztConcert_Etude_S145_2,Liszt,Concert_Etude_S145_2,LisztConcert_Etude_S145_2:RH:60:94.375000:3,RH,60,94.375000,m.24 beat 3.375,3,0.125,0.125,0.0,0.291666667,normal,,,,,,,unmatched,0.125000;0.291667,key-release-grid+pedal-acoustic-grid;next-voice-onset,no,none,none,0.125,,routine; written duration follows score/readability
Liszt_Concert_Etude_S145_2_1,LisztConcert_Etude_S145_2,Liszt,Concert_Etude_S145_2,LisztConcert_Etude_S145_2:RH:61:12.125000:2,RH,61,12.125000,m.4 beat 1.125,2,0.125,0.125,0.0,0.25,normal,,,,,,,unmatched,0.125000;0.250000,key-release-grid+pedal-acoustic-grid;next-voice-onset,no,release,none,0.125,,routine; written duration follows score/readability
Liszt_Concert_Etude_S145_2_1,LisztConcert_Etude_S145_2,Liszt,Concert_Etude_S145_2,LisztConcert_Etude_S145_2:RH:61:12.375000:2,RH,61,12.375000,m.4 beat 1.375,2,0.125,0.125,0.0,0.5,normal,,,,,,,unmatched,0.125000;0.500000,key-release-grid+pedal-acoustic-grid;next-voice-onset,no,release,none,0.125,,routine; written duration follows score/readability
Liszt_Concert_Etude_S145_2_1,LisztConcert_Etude_S145_2,Liszt,Concert_Etude_S145_2,LisztConcert_Etude_S145_2:RH:61:12.875000:2,RH,61,12.875000,m.4 beat 1.875,2,0.125,0.125,0.0,0.25,normal,,,,,,,unmatched,0.125000;0.250000,key-release-grid+pedal-acoustic-grid;next-voice-onset,no,none,none,0.125,,routine; written duration follows score/readability
Liszt_Concert_Etude_S145_2_1,LisztConcert_Etude_S145_2,Liszt,Concert_Etude_S145_2,LisztConcert_Etude_S145_2:RH:61:13.125000:2,RH,61,13.125000,m.4 beat 2.125,2,0.125,0.125,0.0,0.25,normal,,,,,,,unmatched,0.125000;0.250000,key-release-grid+pedal-acoustic-grid;next-voice-onset,no,none,none,0.125,,routine; written duration follows score/readability
Liszt_Concert_Etude_S145_2_1,LisztConcert_Etude_S145_2,Liszt,Concert_Etude_S145_2,LisztConcert_Etude_S145_2:RH:61:13.375000:2,RH,61,13.375000,m.4 beat 2.375,2,0.125,0.125,0.0,0.25,normal,,,,,,,unmatched,0.125000;0.250000,key-release-grid+pedal-acoustic-grid;next-voice-onset,no,none,none,0.125,,routine; written duration follows score/readability
Liszt_Concert_Etude_S145_2_1,LisztConcert_Etude_S145_2,Liszt,Concert_Etude_S145_2,LisztConcert_Etude_S145_2:RH:61:13.625000:2,RH,61,13.625000,m.4 beat 2.625,2,0.125,0.125,0.0,0.25,normal,,,,,,,unmatched,0.125000;0.250000,key-release-grid+pedal-acoustic-grid;next-voice-onset,no,none,none,0.125,,routine; written duration follows score/readability
Liszt_Concert_Etude_S145_2_1,LisztConcert_Etude_S145_2,Liszt,Concert_Etude_S145_2,LisztConcert_Etude_S145_2:RH:61:13.875000:2,RH,61,13.875000,m.4 beat 2.875,2,0.125,0.125,0.0,0.25,normal,,,,,,,unmatched,0.125000;0.250000,key-release-grid+pedal-acoustic-grid;next-voice-onset,no,none,none,0.125,,routine; written duration follows score/readability
Liszt_Concert_Etude_S145_2_1,LisztConcert_Etude_S145_2,Liszt,Concert_Etude_S145_2,LisztConcert_Etude_S145_2:RH:61:14.125000:2,RH,61,14.125000,m.4 beat 3.125,2,0.125,0.125,0.0,0.25,normal,,,,,,,unmatched,0.125000;0.250000,key-release-grid+pedal-acoustic-grid;next-voice-onset,no,none,none,0.125,,routine; written duration follows score/readability
Liszt_Concert_Etude_S145_2_1,LisztConcert_Etude_S145_2,Liszt,Concert_Etude_S145_2,LisztConcert_Etude_S145_2:RH:61:14.375000:2,RH,61,14.375000,m.4 beat 3.375,2,0.125,0.125,0.0,0.291666667,normal,,,,,,,unmatched,0.125000;0.291667,key-release-grid+pedal-acoustic-grid;next-voice-onset,no,none,none,0.125,,routine; written duration follows score/readability
Liszt_Concert_Etude_S145_2_1,LisztConcert_Etude_S145_2,Liszt,Concert_Etude_S145_2,LisztConcert_Etude_S145_2:RH:61:147.750000:1,RH,61,147.750000,m.37 beat 4.750,1,0.125,0.125,0.0,0.25,normal,P1,5,245.666666667,0.333333333,0,0,labeled,0.125000;0.250000,barline+next-voice-onset;key-release-grid+pedal-acoustic-grid,no,none,start,0.333333333,notation-shortening,reference duration 0.333333333; shorten acoustic extension to 0.333333333 (score convention; pedal carries the tail)
Liszt_Concert_Etude_S145_2_1,LisztConcert_Etude_S145_2,Liszt,Concert_Etude_S145_2,LisztConcert_Etude_S145_2:RH:61:15.375000:2,RH,61,15.375000,m.4 beat 4.375,2,0.125,0.125,0.0,0.375,normal,,,,,,,unmatched,0.125000;0.375000,key-release-grid+pedal-acoustic-grid;next-voice-onset,no,none,none,0.125,,routine; written duration follows score/readability
Liszt_Concert_Etude_S145_2_1,LisztConcert_Etude_S145_2,Liszt,Concert_Etude_S145_2,LisztConcert_Etude_S145_2:RH:61:159.250000:1,RH,61,159.250000,m.40 beat 4.250,1,0.125,0.125,0.0,0.25,normal,P1,5,264.5,0.5,0,0,reference-duration-not-candidate,0.125000;0.250000,key-release-grid+pedal-acoustic-grid;next-voice-onset,no,none,none,0.5,notation-shortening,reference duration 0.5; shorten acoustic extension to 0.5 (score convention; pedal carries the tail)
Liszt_Concert_Etude_S145_2_1,LisztConcert_Etude_S145_2,Liszt,Concert_Etude_S145_2,LisztConcert_Etude_S145_2:RH:61:18.250000:1,RH,61,18.250000,m.5 beat 3.250,1,0.125,0.125,0.0,0.25,normal,,,,,,,unmatched,0.125000;0.250000,key-release-grid+pedal-acoustic-grid;next-voice-onset,no,release,none,0.125,,routine; written duration follows score/readability
Liszt_Concert_Etude_S145_2_1,LisztConcert_Etude_S145_2,Liszt,Concert_Etude_S145_2,LisztConcert_Etude_S145_2:RH:61:18.500000:1,RH,61,18.500000,m.5 beat 3.500,1,0.125,0.125,0.0,0.5,normal,,,,,,,unmatched,0.125000;0.500000,key-release-grid+pedal-acoustic-grid;next-voice-onset,no,release,none,0.125,,routine; written duration follows score/readability
Liszt_Concert_Etude_S145_2_1,LisztConcert_Etude_S145_2,Liszt,Concert_Etude_S145_2,LisztConcert_Etude_S145_2:RH:61:19.000000:1,RH,61,19.000000,m.5 beat 4.000,1,0.125,0.125,0.0,0.25,normal,,,,,,,unmatched,0.125000;0.250000,key-release-grid+pedal-acoustic-grid;next-voice-onset,no,none,none,0.125,,routine; written duration follows score/readability
Liszt_Concert_Etude_S145_2_1,LisztConcert_Etude_S145_2,Liszt,Concert_Etude_S145_2,LisztConcert_Etude_S145_2:RH:61:19.250000:1,RH,61,19.250000,m.5 beat 4.250,1,0.125,0.125,0.0,0.125,normal,,,,,,,unmatched,0.125000,key-release-grid+next-voice-onset+pedal-acoustic-grid,no,none,none,0.125,,routine; written duration follows score/readability
Liszt_Concert_Etude_S145_2_1,LisztConcert_Etude_S145_2,Liszt,Concert_Etude_S145_2,LisztConcert_Etude_S145_2:RH:61:19.375000:1,RH,61,19.375000,m.5 beat 4.375,1,0.125,0.125,0.0,0.291666667,normal,,,,,,,unmatched,0.125000;0.291667,key-release-grid+pedal-acoustic-grid;next-voice-onset,no,none,none,0.125,,routine; written duration follows score/readability
Liszt_Concert_Etude_S145_2_1,LisztConcert_Etude_S145_2,Liszt,Concert_Etude_S145_2,LisztConcert_Etude_S145_2:RH:61:19.666667:1,RH,61,19.666667,m.5 beat 4.667,1,0.125,0.125,0.0,0.208333333,normal,,,,,,,unmatched,0.125000;0.208333,key-release-grid+pedal-acoustic-grid;next-voice-onset,no,none,none,0.125,,routine; written duration follows score/readability
Liszt_Concert_Etude_S145_2_1,LisztConcert_Etude_S145_2,Liszt,Concert_Etude_S145_2,LisztConcert_Etude_S145_2:RH:61:19.875000:1,RH,61,19.875000,m.5 beat 4.875,1,0.125,0.125,0.0,0.25,normal,,,,,,,unmatched,0.125000;0.250000,barline+key-release-grid+pedal-acoustic-grid;next-voice-onset,no,none,none,0.125,,routine; written duration follows score/readability
Liszt_Concert_Etude_S145_2_1,LisztConcert_Etude_S145_2,Liszt,Concert_Etude_S145_2,LisztConcert_Etude_S145_2:RH:61:2.000000:1,RH,61,2.000000,m.1 beat 3.000,1,0.125,0.125,0.0,0.375,normal,,,,,,,unmatched,0.125000;0.375000,key-release-grid+pedal-acoustic-grid;next-voice-onset,no,none,none,0.125,,routine; written duration follows score/readability
Liszt_Concert_Etude_S145_2_1,LisztConcert_Etude_S145_2,Liszt,Concert_Etude_S145_2,LisztConcert_Etude_S145_2:RH:61:20.125000:1,RH,61,20.125000,m.6 beat 1.125,1,0.125,0.125,0.0,0.25,normal,,,,,,,unmatched,0.125000;0.250000,key-release-grid+pedal-acoustic-grid;next-voice-onset,no,none,none,0.125,,routine; written duration follows score/readability
Liszt_Concert_Etude_S145_2_1,LisztConcert_Etude_S145_2,Liszt,Concert_Etude_S145_2,LisztConcert_Etude_S145_2:RH:61:20.375000:1,RH,61,20.375000,m.6 beat 1.375,1,0.125,0.125,0.0,0.291666667,normal,,,,,,,unmatched,0.125000;0.291667,key-release-grid+pedal-acoustic-grid;next-voice-onset,no,none,none,0.125,,routine; written duration follows score/readability
Liszt_Concert_Etude_S145_2_1,LisztConcert_Etude_S145_2,Liszt,Concert_Etude_S145_2,LisztConcert_Etude_S145_2:RH:61:21.500000:1,RH,61,21.500000,m.6 beat 2.500,1,0.125,0.125,0.0,5.833333333,normal,,,,,,,unmatched,0.125000;2.500000;5.833333,barline;key-release-grid+pedal-acoustic-grid;next-voice-onset,no,none,none,0.125,,routine; written duration follows score/readability
Liszt_Concert_Etude_S145_2_1,LisztConcert_Etude_S145_2,Liszt,Concert_Etude_S145_2,LisztConcert_Etude_S145_2:RH:61:75.125000:1,RH,61,75.125000,m.19 beat 4.125,1,0.125,0.125,0.0,0.375,normal,P1,1,123.0,0.5,0,0,labeled,0.125000;0.375000,key-release-grid+pedal-acoustic-grid;next-voice-onset,no,none,none,0.5,notation-shortening,reference duration 0.5; shorten acoustic extension to 0.5 (score convention; pedal carries the tail)
Liszt_Concert_Etude_S145_2_1,LisztConcert_Etude_S145_2,Liszt,Concert_Etude_S145_2,LisztConcert_Etude_S145_2:RH:61:75.500000:1,RH,61,75.500000,m.19 beat 4.500,1,0.125,0.125,0.0,0.375,normal,,,,,,,unmatched,0.125000;0.375000,key-release-grid+pedal-acoustic-grid;next-voice-onset,no,none,none,0.125,,routine; written duration follows score/readability
Liszt_Concert_Etude_S145_2_1,LisztConcert_Etude_S145_2,Liszt,Concert_Etude_S145_2,LisztConcert_Etude_S145_2:RH:61:85.500000:1,RH,61,85.500000,m.22 beat 2.500,1,0.125,0.125,0.0,0.25,normal,,,,,,,unmatched,0.125000;0.250000,key-release-grid+pedal-acoustic-grid;next-voice-onset,no,release,none,0.125,,routine; written duration follows score/readability
Liszt_Concert_Etude_S145_2_1,LisztConcert_Etude_S145_2,Liszt,Concert_Etude_S145_2,LisztConcert_Etude_S145_2:RH:61:85.750000:1,RH,61,85.750000,m.22 beat 2.750,1,0.125,0.125,0.0,0.583333333,normal,,,,,,,unmatched,0.125000;0.583333,key-release-grid+pedal-acoustic-grid;next-voice-onset,no,release,none,0.125,,routine; written duration follows score/readability
Liszt_Concert_Etude_S145_2_1,LisztConcert_Etude_S145_2,Liszt,Concert_Etude_S145_2,LisztConcert_Etude_S145_2:RH:61:86.333333:1,RH,61,86.333333,m.22 beat 3.333,1,0.125,0.125,0.0,0.666666667,normal,,,,,,,unmatched,0.125000;0.666667,key-release-grid+pedal-acoustic-grid;next-voice-onset,no,none,none,0.125,,routine; written duration follows score/readability
Liszt_Concert_Etude_S145_2_1,LisztConcert_Etude_S145_2,Liszt,Concert_Etude_S145_2,LisztConcert_Etude_S145_2:RH:61:87.000000:1,RH,61,87.000000,m.22 beat 4.000,1,0.125,0.125,0.0,0.333333333,normal,,,,,,,unmatched,0.125000;0.333333,key-release-grid+pedal-acoustic-grid;next-voice-onset,no,none,none,0.125,,routine; written duration follows score/readability
Liszt_Concert_Etude_S145_2_1,LisztConcert_Etude_S145_2,Liszt,Concert_Etude_S145_2,LisztConcert_Etude_S145_2:RH:61:87.333333:1,RH,61,87.333333,m.22 beat 4.333,1,0.125,0.125,0.0,0.291666667,normal,,,,,,,unmatched,0.125000;0.291667,key-release-grid+pedal-acoustic-grid;next-voice-onset,no,none,none,0.125,,routine; written duration follows score/readability
Liszt_Concert_Etude_S145_2_1,LisztConcert_Etude_S145_2,Liszt,Concert_Etude_S145_2,LisztConcert_Etude_S145_2:RH:61:87.625000:1,RH,61,87.625000,m.22 beat 4.625,1,0.125,0.125,0.0,0.25,normal,,,,,,,unmatched,0.125000;0.250000,key-release-grid+pedal-acoustic-grid;next-voice-onset,no,none,none,0.125,,routine; written duration follows score/readability
Liszt_Concert_Etude_S145_2_1,LisztConcert_Etude_S145_2,Liszt,Concert_Etude_S145_2,LisztConcert_Etude_S145_2:RH:61:87.875000:1,RH,61,87.875000,m.22 beat 4.875,1,0.125,0.125,0.0,0.25,normal,,,,,,,unmatched,0.125000;0.250000,barline+key-release-grid+pedal-acoustic-grid;next-voice-onset,no,none,none,0.125,,routine; written duration follows score/readability
Liszt_Concert_Etude_S145_2_1,LisztConcert_Etude_S145_2,Liszt,Concert_Etude_S145_2,LisztConcert_Etude_S145_2:RH:61:91.875000:3,RH,61,91.875000,m.23 beat 4.875,3,0.125,0.125,0.0,0.5,normal,,,,,,,unmatched,0.125000;0.500000,barline+key-release-grid+pedal-acoustic-grid;next-voice-onset,no,release,none,0.125,,routine; written duration follows score/readability
Liszt_Concert_Etude_S145_2_1,LisztConcert_Etude_S145_2,Liszt,Concert_Etude_S145_2,LisztConcert_Etude_S145_2:RH:61:92.375000:3,RH,61,92.375000,m.24 beat 1.375,3,0.125,0.125,0.0,0.25,normal,,,,,,,unmatched,0.125000;0.250000,key-release-grid+pedal-acoustic-grid;next-voice-onset,no,none,none,0.125,,routine; written duration follows score/readability
Liszt_Concert_Etude_S145_2_1,LisztConcert_Etude_S145_2,Liszt,Concert_Etude_S145_2,LisztConcert_Etude_S145_2:RH:61:92.625000:3,RH,61,92.625000,m.24 beat 1.625,3,0.125,0.125,0.0,0.25,normal,,,,,,,unmatched,0.125000;0.250000,key-release-grid+pedal-acoustic-grid;next-voice-onset,no,none,none,0.125,,routine; written duration follows score/readability
Liszt_Concert_Etude_S145_2_1,LisztConcert_Etude_S145_2,Liszt,Concert_Etude_S145_2,LisztConcert_Etude_S145_2:RH:61:92.875000:3,RH,61,92.875000,m.24 beat 1.875,3,0.125,0.125,0.0,0.25,normal,,,,,,,unmatched,0.125000;0.250000,key-release-grid+pedal-acoustic-grid;next-voice-onset,no,none,none,0.125,,routine; written duration follows score/readability
Liszt_Concert_Etude_S145_2_1,LisztConcert_Etude_S145_2,Liszt,Concert_Etude_S145_2,LisztConcert_Etude_S145_2:RH:61:93.125000:3,RH,61,93.125000,m.24 beat 2.125,3,0.125,0.125,0.0,0.25,normal,,,,,,,unmatched,0.125000;0.250000,key-release-grid+pedal-acoustic-grid;next-voice-onset,no,none,none,0.125,,routine; written duration follows score/readability
Liszt_Concert_Etude_S145_2_1,LisztConcert_Etude_S145_2,Liszt,Concert_Etude_S145_2,LisztConcert_Etude_S145_2:RH:61:93.375000:3,RH,61,93.375000,m.24 beat 2.375,3,0.125,0.125,0.0,0.25,normal,,,,,,,unmatched,0.125000;0.250000,key-release-grid+pedal-acoustic-grid;next-voice-onset,no,none,none,0.125,,routine; written duration follows score/readability
Liszt_Concert_Etude_S145_2_1,LisztConcert_Etude_S145_2,Liszt,Concert_Etude_S145_2,LisztConcert_Etude_S145_2:RH:61:93.625000:3,RH,61,93.625000,m.24 beat 2.625,3,0.125,0.125,0.0,0.25,normal,,,,,,,unmatched,0.125000;0.250000,key-release-grid+pedal-acoustic-grid;next-voice-onset,no,none,none,0.125,,routine; written duration follows score/readability
Liszt_Concert_Etude_S145_2_1,LisztConcert_Etude_S145_2,Liszt,Concert_Etude_S145_2,LisztConcert_Etude_S145_2:RH:61:93.875000:3,RH,61,93.875000,m.24 beat 2.875,3,0.125,0.125,0.0,0.25,normal,,,,,,,unmatched,0.125000;0.250000,key-release-grid+pedal-acoustic-grid;next-voice-onset,no,none,none,0.125,,routine; written duration follows score/readability
Liszt_Concert_Etude_S145_2_1,LisztConcert_Etude_S145_2,Liszt,Concert_Etude_S145_2,LisztConcert_Etude_S145_2:RH:61:95.000000:3,RH,61,95.000000,m.24 beat 4.000,3,0.125,0.125,0.0,3.75,normal,,,,,,,unmatched,0.125000;1.000000;3.750000,barline;key-release-grid+pedal-acoustic-grid;next-voice-onset,no,none,none,0.125,,routine; written duration follows score/readability
Liszt_Concert_Etude_S145_2_1,LisztConcert_Etude_S145_2,Liszt,Concert_Etude_S145_2,LisztConcert_Etude_S145_2:RH:61:96.750000:1,RH,61,96.750000,m.25 beat 1.750,1,0.125,0.125,0.0,0.25,normal,P1,1,160.625,0.125,0,0,ambiguous-candidate,0.125000;0.250000,key-release-grid+pedal-acoustic-grid;next-voice-onset,no,release,none,0.125,,routine; written duration follows score/readability
Liszt_Concert_Etude_S145_2_1,LisztConcert_Etude_S145_2,Liszt,Concert_Etude_S145_2,LisztConcert_Etude_S145_2:RH:62:11.375000:1,RH,62,11.375000,m.3 beat 4.375,1,0.125,0.125,0.0,0.25,normal,,,,,,,unmatched,0.125000;0.250000,key-release-grid+pedal-acoustic-grid;next-voice-onset,no,change,none,0.125,,routine; written duration follows score/readability
Liszt_Concert_Etude_S145_2_1,LisztConcert_Etude_S145_2,Liszt,Concert_Etude_S145_2,LisztConcert_Etude_S145_2:RH:62:147.500000:1,RH,62,147.500000,m.37 beat 4.500,1,0.125,0.125,0.0,0.25,normal,P1,5,245.333333333,0.333333333,0,0,labeled,0.125000;0.250000,key-release-grid+pedal-acoustic-grid;next-voice-onset,no,none,none,0.333333333,notation-shortening,reference duration 0.333333333; shorten acoustic extension to 0.333333333 (score convention; pedal carries the tail)
Liszt_Concert_Etude_S145_2_1,LisztConcert_Etude_S145_2,Liszt,Concert_Etude_S145_2,LisztConcert_Etude_S145_2:RH:62:153.500000:1,RH,62,153.500000,m.39 beat 2.500,1,0.125,0.125,0.0,0.833333333,normal,P1,5,253.0,0.5,0,0,reference-duration-not-candidate,0.125000;0.833333,key-release-grid+pedal-acoustic-grid;next-voice-onset,no,none,stop,0.5,notation-shortening,reference duration 0.5; shorten acoustic extension to 0.5 (score convention; pedal carries the tail)
Liszt_Concert_Etude_S145_2_1,LisztConcert_Etude_S145_2,Liszt,Concert_Etude_S145_2,LisztConcert_Etude_S145_2:RH:62:155.000000:1,RH,62,155.000000,m.39 beat 4.000,1,0.125,0.125,0.0,2.333333333,normal,P1,1,256.0,0.5,0,0,reference-duration-not-candidate,0.125000;1.000000;2.333333,barline;key-release-grid+pedal-acoustic-grid;next-voice-onset,no,none,none,0.5,notation-shortening,reference duration 0.5; shorten acoustic extension to 0.5 (score convention; pedal carries the tail)
Liszt_Concert_Etude_S145_2_1,LisztConcert_Etude_S145_2,Liszt,Concert_Etude_S145_2,LisztConcert_Etude_S145_2:RH:62:159.500000:1,RH,62,159.500000,m.40 beat 4.500,1,0.125,0.125,0.0,0.833333333,normal,P1,5,265.0,0.5,0,0,labeled,0.125000;0.500000;0.833333,barline;key-release-grid+pedal-acoustic-grid;next-voice-onset,no,none,none,0.5,notation-shortening,reference duration 0.5; shorten acoustic extension to 0.5 (score convention; pedal carries the tail)
Liszt_Concert_Etude_S145_2_1,LisztConcert_Etude_S145_2,Liszt,Concert_Etude_S145_2,LisztConcert_Etude_S145_2:RH:62:17.375000:2,RH,62,17.375000,m.5 beat 2.375,2,0.125,0.125,0.0,0.25,normal,,,,,,,unmatched,0.125000;0.250000,key-release-grid+pedal-acoustic-grid;next-voice-onset,no,none,none,0.125,,routine; written duration follows score/readability
Liszt_Concert_Etude_S145_2_1,LisztConcert_Etude_S145_2,Liszt,Concert_Etude_S145_2,LisztConcert_Etude_S145_2:RH:62:2.000000:1,RH,62,2.000000,m.1 beat 3.000,1,0.125,0.125,0.0,0.375,normal,,,,,,,unmatched,0.125000;0.375000,key-release-grid+pedal-acoustic-grid;next-voice-onset,no,none,none,0.125,,routine; written duration follows score/readability
Liszt_Concert_Etude_S145_2_1,LisztConcert_Etude_S145_2,Liszt,Concert_Etude_S145_2,LisztConcert_Etude_S145_2:RH:62:23.250000:2,RH,62,23.250000,m.6 beat 4.250,2,0.125,0.125,0.0,0.125,normal,,,,,,,unmatched,0.125000,key-release-grid+next-voice-onset+pedal-acoustic-grid,no,none,none,0.125,,routine; written duration follows score/readability
Liszt_Concert_Etude_S145_2_1,LisztConcert_Etude_S145_2,Liszt,Concert_Etude_S145_2,LisztConcert_Etude_S145_2:RH:62:24.375000:2,RH,62,24.375000,m.7 beat 1.375,2,0.125,0.125,0.0,0.25,normal,P1,1,40.125,0.125,0,0,ambiguous-candidate,0.125000;0.250000,key-release-grid+pedal-acoustic-grid;next-voice-onset,no,release,none,0.125,,routine; written duration follows score/readability
Liszt_Concert_Etude_S145_2_1,LisztConcert_Etude_S145_2,Liszt,Concert_Etude_S145_2,LisztConcert_Etude_S145_2:RH:62:74.125000:1,RH,62,74.125000,m.19 beat 3.125,1,0.125,0.125,0.0,0.25,normal,P1,1,121.5,0.5,0,0,reference-duration-not-candidate,0.125000;0.250000,key-release-grid+pedal-acoustic-grid;next-voice-onset,no,none,none,0.5,notation-shortening,reference duration 0.5; shorten acoustic extension to 0.5 (score convention; pedal carries the tail)
Liszt_Concert_Etude_S145_2_1,LisztConcert_Etude_S145_2,Liszt,Concert_Etude_S145_2,LisztConcert_Etude_S145_2:RH:62:75.500000:1,RH,62,75.500000,m.19 beat 4.500,1,0.125,0.125,0.0,0.375,normal,,,,,,,unmatched,0.125000;0.375000,key-release-grid+pedal-acoustic-grid;next-voice-onset,no,none,none,0.125,,routine; written duration follows score/readability
Liszt_Concert_Etude_S145_2_1,LisztConcert_Etude_S145_2,Liszt,Concert_Etude_S145_2,LisztConcert_Etude_S145_2:RH:62:84.750000:1,RH,62,84.750000,m.22 beat 1.750,1,0.125,0.125,0.0,0.583333333,normal,,,,,,,unmatched,0.125000;0.583333,key-release-grid+pedal-acoustic-grid;next-voice-onset,no,change,none,0.125,,routine; written duration follows score/readability
Liszt_Concert_Etude_S145_2_1,LisztConcert_Etude_S145_2,Liszt,Concert_Etude_S145_2,LisztConcert_Etude_S145_2:RH:62:90.875000:3,RH,62,90.875000,m.23 beat 3.875,3,0.125,0.125,0.0,0.25,normal,,,,,,,unmatched,0.125000;0.250000,key-release-grid+pedal-acoustic-grid;next-voice-onset,no,change,none,0.125,,routine; written duration follows score/readability
Liszt_Concert_Etude_S145_2_1,LisztConcert_Etude_S145_2,Liszt,Concert_Etude_S145_2,LisztConcert_Etude_S145_2:RH:62:98.000000:1,RH,62,98.000000,m.25 beat 3.000,1,0.125,0.125,0.0,0.25,normal,P1,1,163.125,0.125,0,0,ambiguous-candidate,0.125000;0.250000,key-release-grid+pedal-acoustic-grid;next-voice-onset,no,release,none,0.125,,routine; written duration follows score/readability
Liszt_Concert_Etude_S145_2_1,LisztConcert_Etude_S145_2,Liszt,Concert_Etude_S145_2,LisztConcert_Etude_S145_2:RH:63:14.666667:2,RH,63,14.666667,m.4 beat 3.667,2,0.125,0.125,0.0,0.208333333,normal,,,,,,,unmatched,0.125000;0.208333,key-release-grid+pedal-acoustic-grid;next-voice-onset,no,none,none,0.125,,routine; written duration follows score/readability
Liszt_Concert_Etude_S145_2_1,LisztConcert_Etude_S145_2,Liszt,Concert_Etude_S145_2,LisztConcert_Etude_S145_2:RH:63:146.625000:1,RH,63,146.625000,m.37 beat 3.625,1,0.125,0.125,0.0,0.25,normal,P1,1,244.0,0.333333333,0,0,labeled,0.125000;0.250000,key-release-grid+pedal-acoustic-grid;next-voice-onset,no,none,none,0.333333333,notation-shortening,reference duration 0.333333333; shorten acoustic extension to 0.333333333 (score convention; pedal carries the tail)
Liszt_Concert_Etude_S145_2_1,LisztConcert_Etude_S145_2,Liszt,Concert_Etude_S145_2,LisztConcert_Etude_S145_2:RH:63:147.333333:1,RH,63,147.333333,m.37 beat 4.333,1,0.125,0.125,0.0,0.166666667,normal,P1,5,245.0,0.333333333,0,0,reference-duration-not-candidate,0.125000;0.166667,key-release-grid+pedal-acoustic-grid;next-voice-onset,no,none,stop,0.333333333,notation-shortening,reference duration 0.333333333; shorten acoustic extension to 0.333333333 (score convention; pedal carries the tail)
Liszt_Concert_Etude_S145_2_1,LisztConcert_Etude_S145_2,Liszt,Concert_Etude_S145_2,LisztConcert_Etude_S145_2:RH:63:148.250000:1,RH,63,148.250000,m.38 beat 1.250,1,0.125,0.125,0.0,0.25,normal,P1,1,246.333333333,0.333333333,0,0,labeled,0.125000;0.250000,key-release-grid+pedal-acoustic-grid;next-voice-onset,no,none,none,0.333333333,notation-shortening,reference duration 0.333333333; shorten acoustic extension to 0.333333333 (score convention; pedal carries the tail)
Liszt_Concert_Etude_S145_2_1,LisztConcert_Etude_S145_2,Liszt,Concert_Etude_S145_2,LisztConcert_Etude_S145_2:RH:63:15.250000:2,RH,63,15.250000,m.4 beat 4.250,2,0.125,0.125,0.0,0.125,normal,,,,,,,unmatched,0.125000,key-release-grid+next-voice-onset+pedal-acoustic-grid,no,none,none,0.125,,routine; written duration follows score/readability
Liszt_Concert_Etude_S145_2_1,LisztConcert_Etude_S145_2,Liszt,Concert_Etude_S145_2,LisztConcert_Etude_S145_2:RH:63:150.125000:1,RH,63,150.125000,m.38 beat 3.125,1,0.125,0.125,0.0,0.5,normal,P1,1,248.666666667,0.333333333,0,0,reference-duration-not-candidate,0.125000;0.500000,key-release-grid+pedal-acoustic-grid;next-voice-onset,no,none,none,0.333333333,notation-shortening,reference duration 0.333333333; shorten acoustic extension to 0.333333333 (score convention; pedal carries the tail)
Liszt_Concert_Etude_S145_2_1,LisztConcert_Etude_S145_2,Liszt,Concert_Etude_S145_2,LisztConcert_Etude_S145_2:RH:63:150.875000:1,RH,63,150.875000,m.38 beat 3.875,1,0.125,0.125,0.0,0.5,normal,P1,1,249.666666667,0.333333333,0,0,reference-duration-not-candidate,0.125000;0.500000,key-release-grid+pedal-acoustic-grid;next-voice-onset,no,none,none,0.333333333,notation-shortening,reference duration 0.333333333; shorten acoustic extension to 0.333333333 (score convention; pedal carries the tail)
Liszt_Concert_Etude_S145_2_1,LisztConcert_Etude_S145_2,Liszt,Concert_Etude_S145_2,LisztConcert_Etude_S145_2:RH:63:151.666667:1,RH,63,151.666667,m.38 beat 4.667,1,0.125,0.125,0.0,0.583333333,normal,P1,1,250.666666667,0.333333333,0,0,labeled,0.125000;0.333333;0.583333,barline;key-release-grid+pedal-acoustic-grid;next-voice-onset,no,none,none,0.333333333,notation-shortening,reference duration 0.333333333; shorten acoustic extension to 0.333333333 (score convention; pedal carries the tail)
Liszt_Concert_Etude_S145_2_1,LisztConcert_Etude_S145_2,Liszt,Concert_Etude_S145_2,LisztConcert_Etude_S145_2:RH:63:152.500000:1,RH,63,152.500000,m.39 beat 1.500,1,0.125,0.125,0.0,0.625,normal,P1,1,251.666666667,0.333333333,0,0,reference-duration-not-candidate,0.125000;0.625000,key-release-grid+pedal-acoustic-grid;next-voice-onset,no,none,none,0.333333333,notation-shortening,reference duration 0.333333333; shorten acoustic extension to 0.333333333 (score convention; pedal carries the tail)
Liszt_Concert_Etude_S145_2_1,LisztConcert_Etude_S145_2,Liszt,Concert_Etude_S145_2,LisztConcert_Etude_S145_2:RH:63:153.333333:1,RH,63,153.333333,m.39 beat 2.333,1,0.125,0.125,0.0,0.166666667,normal,P1,1,252.666666667,0.333333333,0,0,reference-duration-not-candidate,0.125000;0.166667,key-release-grid+pedal-acoustic-grid;next-voice-onset,no,none,none,0.333333333,notation-shortening,reference duration 0.333333333; shorten acoustic extension to 0.333333333 (score convention; pedal carries the tail)
Liszt_Concert_Etude_S145_2_1,LisztConcert_Etude_S145_2,Liszt,Concert_Etude_S145_2,LisztConcert_Etude_S145_2:RH:63:20.666667:1,RH,63,20.666667,m.6 beat 1.667,1,0.125,0.125,0.0,0.208333333,normal,,,,,,,unmatched,0.125000;0.208333,key-release-grid+pedal-acoustic-grid;next-voice-onset,no,none,none,0.125,,routine; written duration follows score/readability
Liszt_Concert_Etude_S145_2_1,LisztConcert_Etude_S145_2,Liszt,Concert_Etude_S145_2,LisztConcert_Etude_S145_2:RH:63:21.250000:1,RH,63,21.250000,m.6 beat 2.250,1,0.125,0.125,0.0,0.25,normal,,,,,,,unmatched,0.125000;0.250000,key-release-grid+pedal-acoustic-grid;next-voice-onset,no,none,none,0.125,,routine; written duration follows score/readability
Liszt_Concert_Etude_S145_2_1,LisztConcert_Etude_S145_2,Liszt,Concert_Etude_S145_2,LisztConcert_Etude_S145_2:RH:63:26.125000:2,RH,63,26.125000,m.7 beat 3.125,2,0.125,0.125,0.0,0.208333333,normal,P1,1,43.625,0.125,0,0,ambiguous-candidate,0.125000;0.208333,key-release-grid+pedal-acoustic-grid;next-voice-onset,no,none,change,0.125,,routine; written duration follows score/readability
Liszt_Concert_Etude_S145_2_1,LisztConcert_Etude_S145_2,Liszt,Concert_Etude_S145_2,LisztConcert_Etude_S145_2:RH:63:73.750000:1,RH,63,73.750000,m.19 beat 2.750,1,0.125,0.125,0.0,0.375,normal,P1,5,121.0,0.5,0,0,labeled,0.125000;0.375000,key-release-grid+pedal-acoustic-grid;next-voice-onset,no,none,none,0.5,notation-shortening,reference duration 0.5; shorten acoustic extension to 0.5 (score convention; pedal carries the tail)
Liszt_Concert_Etude_S145_2_1,LisztConcert_Etude_S145_2,Liszt,Concert_Etude_S145_2,LisztConcert_Etude_S145_2:RH:63:88.125000:1,RH,63,88.125000,m.23 beat 1.125,1,0.125,0.125,0.0,0.208333333,normal,,,,,,,unmatched,0.125000;0.208333,key-release-grid+pedal-acoustic-grid;next-voice-onset,no,none,none,0.125,,routine; written duration follows score/readability
Liszt_Concert_Etude_S145_2_1,LisztConcert_Etude_S145_2,Liszt,Concert_Etude_S145_2,LisztConcert_Etude_S145_2:RH:63:88.625000:1,RH,63,88.625000,m.23 beat 1.625,1,0.125,0.125,0.0,0.25,normal,,,,,,,unmatched,0.125000;0.250000,key-release-grid+pedal-acoustic-grid;next-voice-onset,no,none,none,0.125,,routine; written duration follows score/readability
Liszt_Concert_Etude_S145_2_1,LisztConcert_Etude_S145_2,Liszt,Concert_Etude_S145_2,LisztConcert_Etude_S145_2:RH:63:94.125000:3,RH,63,94.125000,m.24 beat 3.125,3,0.125,0.125,0.0,0.25,normal,,,,,,,unmatched,0.125000;0.250000,key-release-grid+pedal-acoustic-grid;next-voice-onset,no,none,none,0.125,,routine; written duration follows score/readability
Liszt_Concert_Etude_S145_2_1,LisztConcert_Etude_S145_2,Liszt,Concert_Etude_S145_2,LisztConcert_Etude_S145_2:RH:63:94.666667:3,RH,63,94.666667,m.24 beat 3.667,3,0.125,0.125,0.0,0.333333333,normal,,,,,,,unmatched,0.125000;0.333333,key-release-grid+pedal-acoustic-grid;next-voice-onset,no,none,none,0.125,,routine; written duration follows score/readability
Liszt_Concert_Etude_S145_2_1,LisztConcert_Etude_S145_2,Liszt,Concert_Etude_S145_2,LisztConcert_Etude_S145_2:RH:63:99.625000:3,RH,63,99.625000,m.25 beat 4.625,3,0.125,0.125,0.0,0.25,normal,P1,1,166.625,0.125,0,0,ambiguous-candidate,0.125000;0.250000,key-release-grid+pedal-acoustic-grid;next-voice-onset,no,release,change,0.125,,routine; written duration follows score/readability
Liszt_Concert_Etude_S145_2_1,LisztConcert_Etude_S145_2,Liszt,Concert_Etude_S145_2,LisztConcert_Etude_S145_2:RH:64:100.875000:3,RH,64,100.875000,m.26 beat 1.875,3,0.125,0.125,0.0,0.25,normal,P1,1,169.125,0.125,0,0,ambiguous-candidate,0.125000;0.250000,key-release-grid+pedal-acoustic-grid;next-voice-onset,no,release,none,0.125,,routine; written duration follows score/readability
Liszt_Concert_Etude_S145_2_1,LisztConcert_Etude_S145_2,Liszt,Concert_Etude_S145_2,LisztConcert_Etude_S145_2:RH:64:146.333333:1,RH,64,146.333333,m.37 beat 3.333,1,0.125,0.125,0.0,0.291666667,normal,P1,5,243.666666667,0.333333333,0,0,labeled,0.125000;0.291667,key-release-grid+pedal-acoustic-grid;next-voice-onset,no,none,start,0.333333333,notation-shortening,reference duration 0.333333333; shorten acoustic extension to 0.333333333 (score convention; pedal carries the tail)
Liszt_Concert_Etude_S145_2_1,LisztConcert_Etude_S145_2,Liszt,Concert_Etude_S145_2,LisztConcert_Etude_S145_2:RH:64:27.333333:2,RH,64,27.333333,m.7 beat 4.333,2,0.125,0.125,0.0,1.416666667,normal,P1,1,46.125,0.125,0,0,labeled,0.125000;0.666667;1.416667,barline;key-release-grid+pedal-acoustic-grid;next-voice-onset,no,release,none,0.125,,routine; written duration follows score/readability
Liszt_Concert_Etude_S145_2_1,LisztConcert_Etude_S145_2,Liszt,Concert_Etude_S145_2,LisztConcert_Etude_S145_2:RH:64:36.000000:2,RH,64,36.000000,m.10 beat 1.000,2,0.125,1.591145833,1.466145833,0.333333333,medium,P1,5,61.0,0.5,0,0,reference-duration-not-candidate,0.125000;0.333333,key-release-grid;next-voice-onset,yes,hold,none,0.5,notation-shortening,reference duration 0.5; shorten acoustic extension to 0.5 (score convention; pedal carries the tail)
Liszt_Concert_Etude_S145_2_1,LisztConcert_Etude_S145_2,Liszt,Concert_Etude_S145_2,LisztConcert_Etude_S145_2:RH:64:36.375000:1,RH,64,36.375000,m.10 beat 1.375,1,0.125,1.216145833,1.091145833,0.25,medium,P1,5,61.5,0.5,0,0,reference-duration-not-candidate,0.125000;0.250000,key-release-grid;next-voice-onset,yes,hold,change,0.5,notation-shortening,reference duration 0.5; shorten acoustic extension to 0.5 (score convention; pedal carries the tail)
Liszt_Concert_Etude_S145_2_1,LisztConcert_Etude_S145_2,Liszt,Concert_Etude_S145_2,LisztConcert_Etude_S145_2:RH:64:36.625000:1,RH,64,36.625000,m.10 beat 1.625,1,0.125,0.966145833,0.841145833,0.25,medium,P1,5,62.0,0.5,0,0,reference-duration-not-candidate,0.125000;0.250000,key-release-grid;next-voice-onset,yes,hold,none,0.5,notation-shortening,reference duration 0.5; shorten acoustic extension to 0.5 (score convention; pedal carries the tail)
Liszt_Concert_Etude_S145_2_1,LisztConcert_Etude_S145_2,Liszt,Concert_Etude_S145_2,LisztConcert_Etude_S145_2:RH:64:36.875000:1,RH,64,36.875000,m.10 beat 1.875,1,0.125,0.716145833,0.591145833,0.25,medium,P1,5,62.0,0.5,0,0,reference-duration-not-candidate,0.125000;0.250000,key-release-grid;next-voice-onset,yes,hold,none,0.5,notation-shortening,reference duration 0.5; shorten acoustic extension to 0.5 (score convention; pedal carries the tail)
Liszt_Concert_Etude_S145_2_1,LisztConcert_Etude_S145_2,Liszt,Concert_Etude_S145_2,LisztConcert_Etude_S145_2:RH:64:37.250000:1,RH,64,37.250000,m.10 beat 2.250,1,0.125,0.341145833,0.216145833,0.125,normal,P1,5,62.5,0.5,0,0,reference-duration-not-candidate,0.125000,key-release-grid+next-voice-onset,no,hold,none,0.5,notation-shortening,reference duration 0.5; shorten acoustic extension to 0.5 (score convention; pedal carries the tail)
Liszt_Concert_Etude_S145_2_1,LisztConcert_Etude_S145_2,Liszt,Concert_Etude_S145_2,LisztConcert_Etude_S145_2:RH:64:37.500000:1,RH,64,37.500000,m.10 beat 2.500,1,0.166666667,0.166666667,0.0,0.166666667,normal,P1,5,62.5,0.5,0,0,reference-duration-not-candidate,0.125000;0.166667,key-release-grid+pedal-acoustic-grid;next-voice-onset,no,change,none,0.5,notation-shortening,reference duration 0.5; shorten acoustic extension to 0.5 (score convention; pedal carries the tail)
Liszt_Concert_Etude_S145_2_1,LisztConcert_Etude_S145_2,Liszt,Concert_Etude_S145_2,LisztConcert_Etude_S145_2:RH:64:37.666667:1,RH,64,37.666667,m.10 beat 2.667,1,0.125,0.78125,0.65625,0.958333333,medium,P1,5,63.0,0.5,0,0,reference-duration-not-candidate,0.125000;0.666667;0.750000;0.958333,key-release-grid;next-voice-onset;pedal-acoustic-grid,yes,change,change,0.5,notation-shortening,reference duration 0.5; shorten acoustic extension to 0.5 (score convention; pedal carries the tail)
Liszt_Concert_Etude_S145_2_1,LisztConcert_Etude_S145_2,Liszt,Concert_Etude_S145_2,LisztConcert_Etude_S145_2:RH:64:38.625000:1,RH,64,38.625000,m.10 beat 3.625,1,0.125,0.125,0.0,0.25,normal,P1,5,64.5,0.5,0,0,reference-duration-not-candidate,0.125000;0.250000,key-release-grid+pedal-acoustic-grid;next-voice-onset,no,release,change,0.5,notation-shortening,reference duration 0.5; shorten acoustic extension to 0.5 (score convention; pedal carries the tail)
Liszt_Concert_Etude_S145_2_1,LisztConcert_Etude_S145_2,Liszt,Concert_Etude_S145_2,LisztConcert_Etude_S145_2:RH:64:39.000000:1,RH,64,39.000000,m.10 beat 4.000,1,0.125,0.125,0.0,0.125,normal,P1,5,65.0,0.5,0,0,reference-duration-not-candidate,0.125000,key-release-grid+next-voice-onset+pedal-acoustic-grid,no,none,none,0.5,notation-shortening,reference duration 0.5; shorten acoustic extension to 0.5 (score convention; pedal carries the tail)
Liszt_Concert_Etude_S145_2_1,LisztConcert_Etude_S145_2,Liszt,Concert_Etude_S145_2,LisztConcert_Etude_S145_2:RH:64:39.250000:1,RH,64,39.250000,m.10 beat 4.250,1,0.125,0.125,0.0,0.125,normal,P1,5,65.5,0.5,0,0,reference-duration-not-candidate,0.125000,key-release-grid+next-voice-onset+pedal-acoustic-grid,no,change,none,0.5,notation-shortening,reference duration 0.5; shorten acoustic extension to 0.5 (score convention; pedal carries the tail)
Liszt_Concert_Etude_S145_2_1,LisztConcert_Etude_S145_2,Liszt,Concert_Etude_S145_2,LisztConcert_Etude_S145_2:RH:64:39.375000:1,RH,64,39.375000,m.10 beat 4.375,1,0.125,0.875,0.75,0.291666667,medium,P1,5,66.0,0.5,0,0,reference-duration-not-candidate,0.125000;0.291667,key-release-grid;next-voice-onset,yes,change,change,0.5,notation-shortening,reference duration 0.5; shorten acoustic extension to 0.5 (score convention; pedal carries the tail)
Liszt_Concert_Etude_S145_2_1,LisztConcert_Etude_S145_2,Liszt,Concert_Etude_S145_2,LisztConcert_Etude_S145_2:RH:64:41.125000:2,RH,64,41.125000,m.11 beat 2.125,2,0.125,0.9609375,0.8359375,0.25,medium,P1,5,69.0,0.5,0,0,reference-duration-not-candidate,0.125000;0.250000,key-release-grid;next-voice-onset,yes,hold,start,0.5,notation-shortening,reference duration 0.5; shorten acoustic extension to 0.5 (score convention; pedal carries the tail)
Liszt_Concert_Etude_S145_2_1,LisztConcert_Etude_S145_2,Liszt,Concert_Etude_S145_2,LisztConcert_Etude_S145_2:RH:64:41.500000:1,RH,64,41.500000,m.11 beat 2.500,1,0.125,0.5859375,0.4609375,0.25,medium,P1,5,69.5,0.5,0,0,reference-duration-not-candidate,0.125000;0.250000,key-release-grid;next-voice-onset,yes,hold,none,0.5,notation-shortening,reference duration 0.5; shorten acoustic extension to 0.5 (score convention; pedal carries the tail)
Liszt_Concert_Etude_S145_2_1,LisztConcert_Etude_S145_2,Liszt,Concert_Etude_S145_2,LisztConcert_Etude_S145_2:RH:64:41.750000:1,RH,64,41.750000,m.11 beat 2.750,1,0.125,0.3359375,0.2109375,0.25,normal,P1,5,70.0,0.5,0,0,reference-duration-not-candidate,0.125000;0.250000,key-release-grid;next-voice-onset+pedal-acoustic-grid,no,hold,none,0.5,notation-shortening,reference duration 0.5; shorten acoustic extension to 0.5 (score convention; pedal carries the tail)
Liszt_Concert_Etude_S145_2_1,LisztConcert_Etude_S145_2,Liszt,Concert_Etude_S145_2,LisztConcert_Etude_S145_2:RH:64:42.000000:1,RH,64,42.000000,m.11 beat 3.000,1,0.125,0.125,0.0,0.25,normal,P1,5,70.5,0.5,0,0,reference-duration-not-candidate,0.125000;0.250000,key-release-grid+pedal-acoustic-grid;next-voice-onset,no,release,change,0.5,notation-shortening,reference duration 0.5; shorten acoustic extension to 0.5 (score convention; pedal carries the tail)
Liszt_Concert_Etude_S145_2_1,LisztConcert_Etude_S145_2,Liszt,Concert_Etude_S145_2,LisztConcert_Etude_S145_2:RH:64:42.250000:1,RH,64,42.250000,m.11 beat 3.250,1,0.125,0.125,0.0,0.25,normal,P1,5,71.0,0.5,0,0,reference-duration-not-candidate,0.125000;0.250000,key-release-grid+pedal-acoustic-grid;next-voice-onset,no,release,none,0.5,notation-shortening,reference duration 0.5; shorten acoustic extension to 0.5 (score convention; pedal carries the tail)
Liszt_Concert_Etude_S145_2_1,LisztConcert_Etude_S145_2,Liszt,Concert_Etude_S145_2,LisztConcert_Etude_S145_2:RH:64:42.500000:1,RH,64,42.500000,m.11 beat 3.500,1,0.125,0.125,0.0,0.375,normal,P1,5,71.5,0.5,0,0,labeled,0.125000;0.375000,key-release-grid+pedal-acoustic-grid;next-voice-onset,no,none,none,0.5,notation-shortening,reference duration 0.5; shorten acoustic extension to 0.5 (score convention; pedal carries the tail)
Liszt_Concert_Etude_S145_2_1,LisztConcert_Etude_S145_2,Liszt,Concert_Etude_S145_2,LisztConcert_Etude_S145_2:RH:64:42.875000:1,RH,64,42.875000,m.11 beat 3.875,1,0.125,0.71875,0.59375,0.458333333,medium,P1,5,72.0,0.5,0,0,labeled,0.125000;0.458333,key-release-grid;next-voice-onset,yes,hold,change,0.5,notation-shortening,reference duration 0.5; shorten acoustic extension to 0.5 (score convention; pedal carries the tail)
Liszt_Concert_Etude_S145_2_1,LisztConcert_Etude_S145_2,Liszt,Concert_Etude_S145_2,LisztConcert_Etude_S145_2:RH:64:43.666667:1,RH,64,43.666667,m.11 beat 4.667,1,0.125,0.125,0.0,0.333333333,normal,P1,5,73.5,0.5,0,0,reference-duration-not-candidate,0.125000;0.333333,barline+next-voice-onset;key-release-grid+pedal-acoustic-grid,no,release,change,0.5,notation-shortening,reference duration 0.5; shorten acoustic extension to 0.5 (score convention; pedal carries the tail)
Liszt_Concert_Etude_S145_2_1,LisztConcert_Etude_S145_2,Liszt,Concert_Etude_S145_2,LisztConcert_Etude_S145_2:RH:64:44.000000:1,RH,64,44.000000,m.12 beat 1.000,1,0.125,0.125,0.0,0.333333333,normal,P1,5,74.0,0.5,0,0,reference-duration-not-candidate,0.125000;0.333333,key-release-grid+pedal-acoustic-grid;next-voice-onset,no,none,none,0.5,notation-shortening,reference duration 0.5; shorten acoustic extension to 0.5 (score convention; pedal carries the tail)
Liszt_Concert_Etude_S145_2_1,LisztConcert_Etude_S145_2,Liszt,Concert_Etude_S145_2,LisztConcert_Etude_S145_2:RH:64:44.333333:1,RH,64,44.333333,m.12 beat 1.333,1,0.125,0.125,0.0,0.291666667,normal,P1,5,74.5,0.5,0,0,reference-duration-not-candidate,0.125000;0.291667,key-release-grid+pedal-acoustic-grid;next-voice-onset,no,none,none,0.5,notation-shortening,reference duration 0.5; shorten acoustic extension to 0.5 (score convention; pedal carries the tail)
Liszt_Concert_Etude_S145_2_1,LisztConcert_Etude_S145_2,Liszt,Concert_Etude_S145_2,LisztConcert_Etude_S145_2:RH:64:44.625000:1,RH,64,44.625000,m.12 beat 1.625,1,0.25,0.770833333,0.520833333,9.708333333,medium,P1,5,75.0,0.5,0,0,reference-duration-not-candidate,0.250000;0.333333;0.666667;0.750000;3.375000;9.708333,barline;key-release-grid;next-voice-onset;pedal-acoustic-grid,yes,hold,change,0.5,notation-shortening,reference duration 0.5; shorten acoustic extension to 0.5 (score convention; pedal carries the tail)
Liszt_Concert_Etude_S145_2_1,LisztConcert_Etude_S145_2,Liszt,Concert_Etude_S145_2,LisztConcert_Etude_S145_2:RH:64:48.666667:3,RH,64,48.666667,m.13 beat 1.667,3,0.125,0.135416667,0.010416667,0.666666667,normal,,,,,,,unmatched,0.125000;0.250000;0.666667,key-release-grid+pedal-acoustic-grid;next-voice-onset;pedal-acoustic-grid,no,change,none,0.125,,routine; written duration follows score/readability
Liszt_Concert_Etude_S145_2_1,LisztConcert_Etude_S145_2,Liszt,Concert_Etude_S145_2,LisztConcert_Etude_S145_2:RH:64:73.500000:1,RH,64,73.500000,m.19 beat 2.500,1,0.125,0.125,0.0,0.25,normal,P1,5,120.5,0.5,0,0,reference-duration-not-candidate,0.125000;0.250000,key-release-grid+pedal-acoustic-grid;next-voice-onset,no,none,none,0.5,notation-shortening,reference duration 0.5; shorten acoustic extension to 0.5 (score convention; pedal carries the tail)
Liszt_Concert_Etude_S145_2_1,LisztConcert_Etude_S145_2,Liszt,Concert_Etude_S145_2,LisztConcert_Etude_S145_2:RH:64:88.875000:1,RH,64,88.875000,m.23 beat 1.875,1,0.125,0.125,0.0,3.791666667,normal,,,,,,,unmatched,0.125000;3.125000;3.791667,barline;key-release-grid+pedal-acoustic-grid;next-voice-onset,no,none,none,0.125,,routine; written duration follows score/readability
Liszt_Concert_Etude_S145_2_1,LisztConcert_Etude_S145_2,Liszt,Concert_Etude_S145_2,LisztConcert_Etude_S145_2:RH:65:102.333333:3,RH,65,102.333333,m.26 beat 3.333,3,0.125,0.125,0.0,0.166666667,normal,P1,1,172.125,0.125,0,0,ambiguous-candidate,0.125000;0.166667,key-release-grid+pedal-acoustic-grid;next-voice-onset,no,release,none,0.125,,routine; written duration follows score/readability
Liszt_Concert_Etude_S145_2_1,LisztConcert_Etude_S145_2,Liszt,Concert_Etude_S145_2,LisztConcert_Etude_S145_2:RH:65:103.750000:3,RH,65,103.750000,m.26 beat 4.750,3,0.125,0.125,0.0,0.25,normal,P1,1,175.125,0.125,0,0,ambiguous-candidate,0.125000;0.250000,barline+next-voice-onset;key-release-grid+pedal-acoustic-grid,no,release,none,0.125,,routine; written duration follows score/readability
Liszt_Concert_Etude_S145_2_1,LisztConcert_Etude_S145_2,Liszt,Concert_Etude_S145_2,LisztConcert_Etude_S145_2:RH:65:105.250000:3,RH,65,105.250000,m.27 beat 2.250,3,0.125,1.033854167,0.908854167,0.875,medium,,,,,,,unmatched,0.125000;0.875000,key-release-grid;next-voice-onset,yes,change,none,0.125,pedal-only,pedal carries sustain; keep short written note
Liszt_Concert_Etude_S145_2_1,LisztConcert_Etude_S145_2,Liszt,Concert_Etude_S145_2,LisztConcert_Etude_S145_2:RH:65:106.125000:3,RH,65,106.125000,m.27 beat 3.125,3,0.125,0.158854167,0.033854167,1.0,normal,,,,,,,unmatched,0.125000;0.250000;1.000000,key-release-grid+pedal-acoustic-grid;next-voice-onset;pedal-acoustic-grid,no,change,none,0.125,,routine; written duration follows score/readability
Liszt_Concert_Etude_S145_2_1,LisztConcert_Etude_S145_2,Liszt,Concert_Etude_S145_2,LisztConcert_Etude_S145_2:RH:65:107.125000:3,RH,65,107.125000,m.27 beat 4.125,3,0.125,0.125,0.0,1.625,normal,,,,,,,unmatched,0.125000;0.875000;1.625000,barline;key-release-grid+pedal-acoustic-grid;next-voice-onset,no,release,none,0.125,,routine; written duration follows score/readability
Liszt_Concert_Etude_S145_2_1,LisztConcert_Etude_S145_2,Liszt,Concert_Etude_S145_2,LisztConcert_Etude_S145_2:RH:65:109.625000:1,RH,65,109.625000,m.28 beat 2.625,1,0.125,1.567708333,1.442708333,0.25,medium,P1,5,183.0,0.5,0,0,reference-duration-not-candidate,0.125000;0.250000,key-release-grid;next-voice-onset,yes,hold,change,0.5,notation-shortening,reference duration 0.5; shorten acoustic extension to 0.5 (score convention; pedal carries the tail)
Liszt_Concert_Etude_S145_2_1,LisztConcert_Etude_S145_2,Liszt,Concert_Etude_S145_2,LisztConcert_Etude_S145_2:RH:65:109.875000:1,RH,65,109.875000,m.28 beat 2.875,1,0.125,1.317708333,1.192708333,0.375,medium,P1,5,183.5,0.5,0,0,labeled,0.125000;0.375000,key-release-grid;next-voice-onset,yes,hold,none,0.5,notation-shortening,reference duration 0.5; shorten acoustic extension to 0.5 (score convention; pedal carries the tail)
Liszt_Concert_Etude_S145_2_1,LisztConcert_Etude_S145_2,Liszt,Concert_Etude_S145_2,LisztConcert_Etude_S145_2:RH:65:110.250000:1,RH,65,110.250000,m.28 beat 3.250,1,0.125,0.942708333,0.817708333,0.25,medium,P1,5,184.0,0.5,0,0,reference-duration-not-candidate,0.125000;0.250000,key-release-grid;next-voice-onset,yes,hold,none,0.5,notation-shortening,reference duration 0.5; shorten acoustic extension to 0.5 (score convention; pedal carries the tail)
Liszt_Concert_Etude_S145_2_1,LisztConcert_Etude_S145_2,Liszt,Concert_Etude_S145_2,LisztConcert_Etude_S145_2:RH:65:110.500000:1,RH,65,110.500000,m.28 beat 3.500,1,0.125,0.692708333,0.567708333,0.166666667,medium,P1,5,184.5,0.5,0,0,reference-duration-not-candidate,0.125000;0.166667,key-release-grid;next-voice-onset,yes,hold,change,0.5,notation-shortening,reference duration 0.5; shorten acoustic extension to 0.5 (score convention; pedal carries the tail)
Liszt_Concert_Etude_S145_2_1,LisztConcert_Etude_S145_2,Liszt,Concert_Etude_S145_2,LisztConcert_Etude_S145_2:RH:65:110.750000:2,RH,65,110.750000,m.28 beat 3.750,2,0.125,0.442708333,0.317708333,0.125,medium,P1,5,185.0,0.5,0,0,reference-duration-not-candidate,0.125000,key-release-grid+next-voice-onset,yes,hold,none,0.5,notation-shortening,reference duration 0.5; shorten acoustic extension to 0.5 (score convention; pedal carries the tail)
Liszt_Concert_Etude_S145_2_1,LisztConcert_Etude_S145_2,Liszt,Concert_Etude_S145_2,LisztConcert_Etude_S145_2:RH:65:111.000000:2,RH,65,111.000000,m.28 beat 4.000,2,0.125,0.192708333,0.067708333,0.25,normal,P1,5,185.5,0.5,0,0,reference-duration-not-candidate,0.125000;0.250000,key-release-grid;next-voice-onset+pedal-acoustic-grid,no,change,none,0.5,notation-shortening,reference duration 0.5; shorten acoustic extension to 0.5 (score convention; pedal carries the tail)
Liszt_Concert_Etude_S145_2_1,LisztConcert_Etude_S145_2,Liszt,Concert_Etude_S145_2,LisztConcert_Etude_S145_2:RH:65:111.250000:2,RH,65,111.250000,m.28 beat 4.250,2,0.125,0.791666667,0.666666667,0.875,medium,P1,5,186.0,0.5,0,0,reference-duration-not-candidate,0.125000;0.666667;0.750000;0.875000,barline+pedal-acoustic-grid;key-release-grid;next-voice-onset;pedal-acoustic-grid,yes,change,change,0.5,notation-shortening,reference duration 0.5; shorten acoustic extension to 0.5 (score convention; pedal carries the tail)
Liszt_Concert_Etude_S145_2_1,LisztConcert_Etude_S145_2,Liszt,Concert_Etude_S145_2,LisztConcert_Etude_S145_2:RH:65:112.250000:2,RH,65,112.250000,m.29 beat 1.250,2,0.125,0.125,0.0,0.125,normal,P1,5,187.5,0.5,0,0,reference-duration-not-candidate,0.125000,key-release-grid+next-voice-onset+pedal-acoustic-grid,no,release,change,0.5,notation-shortening,reference duration 0.5; shorten acoustic extension to 0.5 (score convention; pedal carries the tail)
Liszt_Concert_Etude_S145_2_1,LisztConcert_Etude_S145_2,Liszt,Concert_Etude_S145_2,LisztConcert_Etude_S145_2:RH:65:112.375000:2,RH,65,112.375000,m.29 beat 1.375,2,0.25,0.25,0.0,0.291666667,normal,P1,5,188.0,0.5,0,0,reference-duration-not-candidate,0.250000;0.291667,key-release-grid+pedal-acoustic-grid;next-voice-onset,no,none,none,0.5,notation-shortening,reference duration 0.5; shorten acoustic extension to 0.5 (score convention; pedal carries the tail)
Liszt_Concert_Etude_S145_2_1,LisztConcert_Etude_S145_2,Liszt,Concert_Etude_S145_2,LisztConcert_Etude_S145_2:RH:65:113.000000:1,RH,65,113.000000,m.29 beat 2.000,1,0.25,0.859375,0.609375,1.625,medium,P1,5,189.0,0.5,0,0,reference-duration-not-candidate,0.250000;0.333333;0.750000;0.875000;1.000000;1.625000,key-release-grid;next-voice-onset;pedal-acoustic-grid,yes,change,change,0.5,notation-shortening,reference duration 0.5; shorten acoustic extension to 0.5 (score convention; pedal carries the tail)
Liszt_Concert_Etude_S145_2_1,LisztConcert_Etude_S145_2,Liszt,Concert_Etude_S145_2,LisztConcert_Etude_S145_2:RH:65:114.625000:1,RH,65,114.625000,m.29 beat 3.625,1,0.125,1.53125,1.40625,0.25,medium,P1,5,192.0,0.5,0,0,reference-duration-not-candidate,0.125000;0.250000,key-release-grid;next-voice-onset,yes,hold,start,0.5,notation-shortening,reference duration 0.5; shorten acoustic extension to 0.5 (score convention; pedal carries the tail)
Liszt_Concert_Etude_S145_2_1,LisztConcert_Etude_S145_2,Liszt,Concert_Etude_S145_2,LisztConcert_Etude_S145_2:RH:65:114.875000:1,RH,65,114.875000,m.29 beat 3.875,1,0.125,1.28125,1.15625,0.25,medium,P1,5,192.5,0.5,0,0,reference-duration-not-candidate,0.125000;0.250000,key-release-grid;next-voice-onset,yes,hold,none,0.5,notation-shortening,reference duration 0.5; shorten acoustic extension to 0.5 (score convention; pedal carries the tail)
Liszt_Concert_Etude_S145_2_1,LisztConcert_Etude_S145_2,Liszt,Concert_Etude_S145_2,LisztConcert_Etude_S145_2:RH:65:115.125000:1,RH,65,115.125000,m.29 beat 4.125,1,0.125,1.03125,0.90625,0.375,medium,P1,5,193.0,0.5,0,0,labeled,0.125000;0.375000,key-release-grid;next-voice-onset,yes,hold,none,0.5,notation-shortening,reference duration 0.5; shorten acoustic extension to 0.5 (score convention; pedal carries the tail)
Liszt_Concert_Etude_S145_2_1,LisztConcert_Etude_S145_2,Liszt,Concert_Etude_S145_2,LisztConcert_Etude_S145_2:RH:65:115.500000:1,RH,65,115.500000,m.29 beat 4.500,1,0.125,0.65625,0.53125,0.166666667,medium,P1,5,193.5,0.5,0,0,reference-duration-not-candidate,0.125000;0.166667,key-release-grid;next-voice-onset,yes,hold,change,0.5,notation-shortening,reference duration 0.5; shorten acoustic extension to 0.5 (score convention; pedal carries the tail)
Liszt_Concert_Etude_S145_2_1,LisztConcert_Etude_S145_2,Liszt,Concert_Etude_S145_2,LisztConcert_Etude_S145_2:RH:65:115.750000:3,RH,65,115.750000,m.29 beat 4.750,3,0.125,0.40625,0.28125,0.25,medium,P1,5,194.0,0.5,0,0,reference-duration-not-candidate,0.125000;0.250000,barline+next-voice-onset;key-release-grid,yes,hold,none,0.5,notation-shortening,reference duration 0.5; shorten acoustic extension to 0.5 (score convention; pedal carries the tail)
Liszt_Concert_Etude_S145_2_1,LisztConcert_Etude_S145_2,Liszt,Concert_Etude_S145_2,LisztConcert_Etude_S145_2:RH:65:116.250000:3,RH,65,116.250000,m.30 beat 1.250,3,0.125,0.815104167,0.690104167,0.875,medium,P1,5,195.0,0.5,0,0,reference-duration-not-candidate,0.125000;0.666667;0.750000;0.875000,key-release-grid;next-voice-onset+pedal-acoustic-grid;pedal-acoustic-grid,yes,change,change,0.5,notation-shortening,reference duration 0.5; shorten acoustic extension to 0.5 (score convention; pedal carries the tail)
Liszt_Concert_Etude_S145_2_1,LisztConcert_Etude_S145_2,Liszt,Concert_Etude_S145_2,LisztConcert_Etude_S145_2:RH:65:117.250000:3,RH,65,117.250000,m.30 beat 2.250,3,0.125,0.125,0.0,0.125,normal,P1,5,196.5,0.5,0,0,reference-duration-not-candidate,0.125000,key-release-grid+next-voice-onset+pedal-acoustic-grid,no,release,change,0.5,notation-shortening,reference duration 0.5; shorten acoustic extension to 0.5 (score convention; pedal carries the tail)
Liszt_Concert_Etude_S145_2_1,LisztConcert_Etude_S145_2,Liszt,Concert_Etude_S145_2,LisztConcert_Etude_S145_2:RH:65:117.500000:3,RH,65,117.500000,m.30 beat 2.500,3,0.25,0.25,0.0,0.5,normal,P1,5,197.0,0.5,0,0,labeled,0.250000;0.333333;0.500000,key-release-grid+pedal-acoustic-grid;next-voice-onset,no,none,none,0.5,notation-shortening,reference duration 0.5; shorten acoustic extension to 0.5 (score convention; pedal carries the tail)
Liszt_Concert_Etude_S145_2_1,LisztConcert_Etude_S145_2,Liszt,Concert_Etude_S145_2,LisztConcert_Etude_S145_2:RH:65:118.000000:3,RH,65,118.000000,m.30 beat 3.000,3,0.25,0.825520833,0.575520833,3.666666667,medium,P1,5,198.0,0.5,0,0,reference-duration-not-candidate,0.250000;0.333333;0.666667;0.750000;0.875000;2.000000;3.666667,barline;key-release-grid;next-voice-onset;pedal-acoustic-grid,yes,change,change,0.5,notation-shortening,reference duration 0.5; shorten acoustic extension to 0.5 (score convention; pedal carries the tail)
Liszt_Concert_Etude_S145_2_1,LisztConcert_Etude_S145_2,Liszt,Concert_Etude_S145_2,LisztConcert_Etude_S145_2:RH:65:122.000000:2,RH,65,122.000000,m.31 beat 3.000,2,0.125,0.125,0.0,0.125,normal,P1,5,205.5,0.5,0,0,reference-duration-not-candidate,0.125000,key-release-grid+next-voice-onset+pedal-acoustic-grid,no,change,change,0.5,notation-shortening,reference duration 0.5; shorten acoustic extension to 0.5 (score convention; pedal carries the tail)
Liszt_Concert_Etude_S145_2_1,LisztConcert_Etude_S145_2,Liszt,Concert_Etude_S145_2,LisztConcert_Etude_S145_2:RH:65:13.250000:1,RH,65,13.250000,m.4 beat 2.250,1,0.125,0.125,0.0,0.375,normal,,,,,,,unmatched,0.125000;0.375000,key-release-grid+pedal-acoustic-grid;next-voice-onset,no,none,none,0.125,,routine; written duration follows score/readability
Liszt_Concert_Etude_S145_2_1,LisztConcert_Etude_S145_2,Liszt,Concert_Etude_S145_2,LisztConcert_Etude_S145_2:RH:65:146.000000:1,RH,65,146.000000,m.37 beat 3.000,1,0.125,0.125,0.0,0.333333333,normal,P1,5,243.333333333,0.333333333,0,0,labeled,0.125000;0.333333,key-release-grid+pedal-acoustic-grid;next-voice-onset,no,none,none,0.333333333,notation-shortening,reference duration 0.333333333; shorten acoustic extension to 0.333333333 (score convention; pedal carries the tail)
Liszt_Concert_Etude_S145_2_1,LisztConcert_Etude_S145_2,Liszt,Concert_Etude_S145_2,LisztConcert_Etude_S145_2:RH:65:15.375000:1,RH,65,15.375000,m.4 beat 4.375,1,0.125,0.125,0.0,0.291666667,normal,,,,,,,unmatched,0.125000;0.291667,key-release-grid+pedal-acoustic-grid;next-voice-onset,no,none,none,0.125,,routine; written duration follows score/readability
Liszt_Concert_Etude_S145_2_1,LisztConcert_Etude_S145_2,Liszt,Concert_Etude_S145_2,LisztConcert_Etude_S145_2:RH:65:19.250000:2,RH,65,19.250000,m.5 beat 4.250,2,0.125,0.125,0.0,0.416666667,normal,,,,,,,unmatched,0.125000;0.416667,key-release-grid+pedal-acoustic-grid;next-voice-onset,no,none,none,0.125,,routine; written duration follows score/readability
Liszt_Concert_Etude_S145_2_1,LisztConcert_Etude_S145_2,Liszt,Concert_Etude_S145_2,LisztConcert_Etude_S145_2:RH:65:2.375000:1,RH,65,2.375000,m.1 beat 3.375,1,0.125,0.125,0.0,0.375,normal,,,,,,,unmatched,0.125000;0.375000,key-release-grid+pedal-acoustic-grid;next-voice-onset,no,none,none,0.125,,routine; written duration follows score/readability
Liszt_Concert_Etude_S145_2_1,LisztConcert_Etude_S145_2,Liszt,Concert_Etude_S145_2,LisztConcert_Etude_S145_2:RH:65:21.500000:2,RH,65,21.500000,m.6 beat 2.500,2,0.125,0.125,0.0,0.25,normal,,,,,,,unmatched,0.125000;0.250000,key-release-grid+pedal-acoustic-grid;next-voice-onset,no,none,none,0.125,,routine; written duration follows score/readability
Liszt_Concert_Etude_S145_2_1,LisztConcert_Etude_S145_2,Liszt,Concert_Etude_S145_2,LisztConcert_Etude_S145_2:RH:65:23.000000:2,RH,65,23.000000,m.6 beat 4.000,2,0.125,0.125,0.0,0.25,normal,P1,1,37.125,0.125,0,0,ambiguous-candidate,0.125000;0.250000,key-release-grid+pedal-acoustic-grid;next-voice-onset,no,release,none,0.125,,routine; written duration follows score/readability
Liszt_Concert_Etude_S145_2_1,LisztConcert_Etude_S145_2,Liszt,Concert_Etude_S145_2,LisztConcert_Etude_S145_2:RH:65:23.250000:2,RH,65,23.250000,m.6 beat 4.250,2,0.125,0.125,0.0,0.125,normal,P1,1,37.5,0.125,0,0,labeled,0.125000,key-release-grid+next-voice-onset+pedal-acoustic-grid,no,none,none,0.125,,routine; written duration follows score/readability
Liszt_Concert_Etude_S145_2_1,LisztConcert_Etude_S145_2,Liszt,Concert_Etude_S145_2,LisztConcert_Etude_S145_2:RH:65:28.750000:2,RH,65,28.750000,m.8 beat 1.750,2,0.125,0.125,0.0,0.25,normal,P1,1,49.125,0.125,0,0,ambiguous-candidate,0.125000;0.250000,key-release-grid+pedal-acoustic-grid;next-voice-onset,no,release,none,0.125,,routine; written duration follows score/readability
Liszt_Concert_Etude_S145_2_1,LisztConcert_Etude_S145_2,Liszt,Concert_Etude_S145_2,LisztConcert_Etude_S145_2:RH:65:30.250000:2,RH,65,30.250000,m.8 beat 3.250,2,0.125,0.125,0.0,0.25,normal,P1,1,52.125,0.125,0,0,ambiguous-candidate,0.125000;0.250000,key-release-grid+pedal-acoustic-grid;next-voice-onset,no,release,none,0.125,,routine; written duration follows score/readability
Liszt_Concert_Etude_S145_2_1,LisztConcert_Etude_S145_2,Liszt,Concert_Etude_S145_2,LisztConcert_Etude_S145_2:RH:65:31.666667:2,RH,65,31.666667,m.8 beat 4.667,2,0.125,0.125,0.0,0.833333333,normal,,,,,,,unmatched,0.125000;0.333333;0.833333,barline;key-release-grid+pedal-acoustic-grid;next-voice-onset,no,change,none,0.125,,routine; written duration follows score/readability
Liszt_Concert_Etude_S145_2_1,LisztConcert_Etude_S145_2,Liszt,Concert_Etude_S145_2,LisztConcert_Etude_S145_2:RH:65:32.500000:2,RH,65,32.500000,m.9 beat 1.500,2,0.125,0.260416667,0.135416667,1.0,normal,,,,,,,unmatched,0.125000;0.250000;0.333333;1.000000,key-release-grid;next-voice-onset;pedal-acoustic-grid,no,hold,none,0.125,,routine; written duration follows score/readability
Liszt_Concert_Etude_S145_2_1,LisztConcert_Etude_S145_2,Liszt,Concert_Etude_S145_2,LisztConcert_Etude_S145_2:RH:65:33.500000:2,RH,65,33.500000,m.9 beat 2.500,2,0.125,0.2109375,0.0859375,0.375,normal,,,,,,,unmatched,0.125000;0.250000;0.333333;0.375000,key-release-grid;next-voice-onset;pedal-acoustic-grid,no,release,none,0.125,,routine; written duration follows score/readability
Liszt_Concert_Etude_S145_2_1,LisztConcert_Etude_S145_2,Liszt,Concert_Etude_S145_2,LisztConcert_Etude_S145_2:RH:65:54.000000:3,RH,65,54.000000,m.14 beat 3.000,3,0.125,0.125,0.0,0.125,normal,P1,5,91.5,0.5,0,0,reference-duration-not-candidate,0.125000,key-release-grid+next-voice-onset+pedal-acoustic-grid,no,change,none,0.5,notation-shortening,reference duration 0.5; shorten acoustic extension to 0.5 (score convention; pedal carries the tail)
Liszt_Concert_Etude_S145_2_1,LisztConcert_Etude_S145_2,Liszt,Concert_Etude_S145_2,LisztConcert_Etude_S145_2:RH:65:73.250000:1,RH,65,73.250000,m.19 beat 2.250,1,0.125,0.125,0.0,0.25,normal,P1,5,120.0,0.5,0,0,reference-duration-not-candidate,0.125000;0.250000,key-release-grid+pedal-acoustic-grid;next-voice-onset,no,release,none,0.5,notation-shortening,reference duration 0.5; shorten acoustic extension to 0.5 (score convention; pedal carries the tail)
Liszt_Concert_Etude_S145_2_1,LisztConcert_Etude_S145_2,Liszt,Concert_Etude_S145_2,LisztConcert_Etude_S145_2:RH:65:74.375000:1,RH,65,74.375000,m.19 beat 3.375,1,0.125,0.125,0.0,0.375,normal,P1,1,122.0,0.5,0,0,labeled,0.125000;0.375000,key-release-grid+pedal-acoustic-grid;next-voice-onset,no,none,none,0.5,notation-shortening,reference duration 0.5; shorten acoustic extension to 0.5 (score convention; pedal carries the tail)
Liszt_Concert_Etude_S145_2_1,LisztConcert_Etude_S145_2,Liszt,Concert_Etude_S145_2,LisztConcert_Etude_S145_2:RH:65:75.875000:1,RH,65,75.875000,m.19 beat 4.875,1,0.125,0.125,0.0,0.375,normal,,,,,,,unmatched,0.125000;0.375000,barline+key-release-grid+pedal-acoustic-grid;next-voice-onset,no,none,none,0.125,,routine; written duration follows score/readability
Liszt_Concert_Etude_S145_2_1,LisztConcert_Etude_S145_2,Liszt,Concert_Etude_S145_2,LisztConcert_Etude_S145_2:RH:65:87.000000:1,RH,65,87.000000,m.22 beat 4.000,1,0.125,0.125,0.0,0.333333333,normal,,,,,,,unmatched,0.125000;0.333333,key-release-grid+pedal-acoustic-grid;next-voice-onset,no,none,none,0.125,,routine; written duration follows score/readability
Liszt_Concert_Etude_S145_2_1,LisztConcert_Etude_S145_2,Liszt,Concert_Etude_S145_2,LisztConcert_Etude_S145_2:RH:65:88.875000:1,RH,65,88.875000,m.23 beat 1.875,1,0.125,0.125,0.0,3.791666667,normal,,,,,,,unmatched,0.125000;3.125000;3.791667,barline;key-release-grid+pedal-acoustic-grid;next-voice-onset,no,none,none,0.125,,routine; written duration follows score/readability
Liszt_Concert_Etude_S145_2_1,LisztConcert_Etude_S145_2,Liszt,Concert_Etude_S145_2,LisztConcert_Etude_S145_2:RH:65:92.666667:1,RH,65,92.666667,m.24 beat 1.667,1,0.125,0.125,0.0,0.458333333,normal,,,,,,,unmatched,0.125000;0.458333,key-release-grid+pedal-acoustic-grid;next-voice-onset,no,none,none,0.125,,routine; written duration follows score/readability
Liszt_Concert_Etude_S145_2_1,LisztConcert_Etude_S145_2,Liszt,Concert_Etude_S145_2,LisztConcert_Etude_S145_2:RH:65:95.000000:1,RH,65,95.000000,m.24 beat 4.000,1,0.125,0.125,0.0,0.25,normal,,,,,,,unmatched,0.125000;0.250000,key-release-grid+pedal-acoustic-grid;next-voice-onset,no,none,none,0.125,,routine; written duration follows score/readability
Liszt_Concert_Etude_S145_2_1,LisztConcert_Etude_S145_2,Liszt,Concert_Etude_S145_2,LisztConcert_Etude_S145_2:RH:65:96.500000:1,RH,65,96.500000,m.25 beat 1.500,1,0.125,0.125,0.0,0.25,normal,P1,1,160.125,0.125,0,0,ambiguous-candidate,0.125000;0.250000,key-release-grid+pedal-acoustic-grid;next-voice-onset,no,release,none,0.125,,routine; written duration follows score/readability
Liszt_Concert_Etude_S145_2_1,LisztConcert_Etude_S145_2,Liszt,Concert_Etude_S145_2,LisztConcert_Etude_S145_2:RH:65:96.750000:1,RH,65,96.750000,m.25 beat 1.750,1,0.125,0.125,0.0,0.25,normal,P1,1,160.5,0.125,0,0,ambiguous-candidate,0.125000;0.250000,key-release-grid+pedal-acoustic-grid;next-voice-onset,no,release,none,0.125,,routine; written duration follows score/readability
Liszt_Concert_Etude_S145_2_1,LisztConcert_Etude_S145_2,Liszt,Concert_Etude_S145_2,LisztConcert_Etude_S145_2:RH:66:102.500000:3,RH,66,102.500000,m.26 beat 3.500,3,0.125,0.125,0.0,0.375,normal,P1,1,172.625,0.125,0,0,labeled,0.125000;0.375000,key-release-grid+pedal-acoustic-grid;next-voice-onset,no,release,change,0.125,,routine; written duration follows score/readability
Liszt_Concert_Etude_S145_2_1,LisztConcert_Etude_S145_2,Liszt,Concert_Etude_S145_2,LisztConcert_Etude_S145_2:RH:66:104.000000:3,RH,66,104.000000,m.27 beat 1.000,3,0.125,0.125,0.0,0.333333333,normal,P1,1,175.625,0.125,0,0,labeled,0.125000;0.333333,key-release-grid+pedal-acoustic-grid;next-voice-onset,no,release,change,0.125,,routine; written duration follows score/readability
Liszt_Concert_Etude_S145_2_1,LisztConcert_Etude_S145_2,Liszt,Concert_Etude_S145_2,LisztConcert_Etude_S145_2:RH:66:11.250000:1,RH,66,11.250000,m.3 beat 4.250,1,0.125,0.125,0.0,0.125,normal,,,,,,,unmatched,0.125000,key-release-grid+next-voice-onset+pedal-acoustic-grid,no,none,none,0.125,,routine; written duration follows score/readability
Liszt_Concert_Etude_S145_2_1,LisztConcert_Etude_S145_2,Liszt,Concert_Etude_S145_2,LisztConcert_Etude_S145_2:RH:66:11.375000:1,RH,66,11.375000,m.3 beat 4.375,1,0.125,0.125,0.0,0.25,normal,,,,,,,unmatched,0.125000;0.250000,key-release-grid+pedal-acoustic-grid;next-voice-onset,no,change,none,0.125,,routine; written duration follows score/readability
Liszt_Concert_Etude_S145_2_1,LisztConcert_Etude_S145_2,Liszt,Concert_Etude_S145_2,LisztConcert_Etude_S145_2:RH:66:11.666667:2,RH,66,11.666667,m.3 beat 4.667,2,0.125,0.5,0.375,0.208333333,medium,,,,,,,unmatched,0.125000;0.208333,key-release-grid;next-voice-onset,yes,hold,none,0.125,pedal-only,pedal carries sustain; keep short written note
Liszt_Concert_Etude_S145_2_1,LisztConcert_Etude_S145_2,Liszt,Concert_Etude_S145_2,LisztConcert_Etude_S145_2:RH:66:11.875000:2,RH,66,11.875000,m.3 beat 4.875,2,0.125,0.291666667,0.166666667,0.25,normal,,,,,,,unmatched,0.125000;0.250000,barline+key-release-grid;next-voice-onset+pedal-acoustic-grid,no,hold,none,0.125,,routine; written duration follows score/readability
Liszt_Concert_Etude_S145_2_1,LisztConcert_Etude_S145_2,Liszt,Concert_Etude_S145_2,LisztConcert_Etude_S145_2:RH:66:12.125000:1,RH,66,12.125000,m.4 beat 1.125,1,0.125,0.125,0.0,0.75,normal,,,,,,,unmatched,0.125000;0.750000,key-release-grid+pedal-acoustic-grid;next-voice-onset,no,release,none,0.125,,routine; written duration follows score/readability
Liszt_Concert_Etude_S145_2_1,LisztConcert_Etude_S145_2,Liszt,Concert_Etude_S145_2,LisztConcert_Etude_S145_2:RH:66:12.875000:1,RH,66,12.875000,m.4 beat 1.875,1,0.125,0.125,0.0,0.25,normal,,,,,,,unmatched,0.125000;0.250000,key-release-grid+pedal-acoustic-grid;next-voice-onset,no,none,none,0.125,,routine; written duration follows score/readability
Liszt_Concert_Etude_S145_2_1,LisztConcert_Etude_S145_2,Liszt,Concert_Etude_S145_2,LisztConcert_Etude_S145_2:RH:66:127.125000:2,RH,66,127.125000,m.32 beat 4.125,2,0.125,0.138020833,0.013020833,0.208333333,normal,,,,,,,unmatched,0.125000;0.208333,key-release-grid+pedal-acoustic-grid;next-voice-onset,no,change,none,0.125,,routine; written duration follows score/readability
Liszt_Concert_Etude_S145_2_1,LisztConcert_Etude_S145_2,Liszt,Concert_Etude_S145_2,LisztConcert_Etude_S145_2:RH:66:14.000000:1,RH,66,14.000000,m.4 beat 3.000,1,0.125,0.125,0.0,0.375,normal,,,,,,,unmatched,0.125000;0.375000,key-release-grid+pedal-acoustic-grid;next-voice-onset,no,none,none,0.125,,routine; written duration follows score/readability
Liszt_Concert_Etude_S145_2_1,LisztConcert_Etude_S145_2,Liszt,Concert_Etude_S145_2,LisztConcert_Etude_S145_2:RH:66:14.375000:1,RH,66,14.375000,m.4 beat 3.375,1,0.125,0.125,0.0,0.291666667,normal,,,,,,,unmatched,0.125000;0.291667,key-release-grid+pedal-acoustic-grid;next-voice-onset,no,none,none,0.125,,routine; written duration follows score/readability
Liszt_Concert_Etude_S145_2_1,LisztConcert_Etude_S145_2,Liszt,Concert_Etude_S145_2,LisztConcert_Etude_S145_2:RH:66:14.666667:1,RH,66,14.666667,m.4 beat 3.667,1,0.125,0.125,0.0,0.583333333,normal,,,,,,,unmatched,0.125000;0.583333,key-release-grid+pedal-acoustic-grid;next-voice-onset,no,none,none,0.125,,routine; written duration follows score/readability
Liszt_Concert_Etude_S145_2_1,LisztConcert_Etude_S145_2,Liszt,Concert_Etude_S145_2,LisztConcert_Etude_S145_2:RH:66:145.750000:1,RH,66,145.750000,m.37 beat 2.750,1,0.125,0.125,0.0,0.25,normal,P1,5,243.0,0.333333333,0,0,labeled,0.125000;0.250000,key-release-grid+pedal-acoustic-grid;next-voice-onset,no,none,none,0.333333333,notation-shortening,reference duration 0.333333333; shorten acoustic extension to 0.333333333 (score convention; pedal carries the tail)
Liszt_Concert_Etude_S145_2_1,LisztConcert_Etude_S145_2,Liszt,Concert_Etude_S145_2,LisztConcert_Etude_S145_2:RH:66:146.875000:1,RH,66,146.875000,m.37 beat 3.875,1,0.125,0.125,0.0,0.25,normal,P1,1,244.333333333,0.333333333,0,0,labeled,0.125000;0.250000,key-release-grid+pedal-acoustic-grid;next-voice-onset,no,none,none,0.333333333,notation-shortening,reference duration 0.333333333; shorten acoustic extension to 0.333333333 (score convention; pedal carries the tail)
Liszt_Concert_Etude_S145_2_1,LisztConcert_Etude_S145_2,Liszt,Concert_Etude_S145_2,LisztConcert_Etude_S145_2:RH:66:148.500000:1,RH,66,148.500000,m.38 beat 1.500,1,0.125,0.125,0.0,0.25,normal,P1,1,246.666666667,0.333333333,0,0,labeled,0.125000;0.250000,key-release-grid+pedal-acoustic-grid;next-voice-onset,no,none,none,0.333333333,notation-shortening,reference duration 0.333333333; shorten acoustic extension to 0.333333333 (score convention; pedal carries the tail)
Liszt_Concert_Etude_S145_2_1,LisztConcert_Etude_S145_2,Liszt,Concert_Etude_S145_2,LisztConcert_Etude_S145_2:RH:66:15.250000:1,RH,66,15.250000,m.4 beat 4.250,1,0.125,0.125,0.0,0.125,normal,,,,,,,unmatched,0.125000,key-release-grid+next-voice-onset+pedal-acoustic-grid,no,none,none,0.125,,routine; written duration follows score/readability
Liszt_Concert_Etude_S145_2_1,LisztConcert_Etude_S145_2,Liszt,Concert_Etude_S145_2,LisztConcert_Etude_S145_2:RH:66:17.250000:2,RH,66,17.250000,m.5 beat 2.250,2,0.125,0.125,0.0,0.125,normal,,,,,,,unmatched,0.125000,key-release-grid+next-voice-onset+pedal-acoustic-grid,no,none,none,0.125,,routine; written duration follows score/readability
Liszt_Concert_Etude_S145_2_1,LisztConcert_Etude_S145_2,Liszt,Concert_Etude_S145_2,LisztConcert_Etude_S145_2:RH:66:17.625000:2,RH,66,17.625000,m.5 beat 2.625,2,0.125,0.658854167,0.533854167,0.625,medium,,,,,,,unmatched,0.125000;0.625000,key-release-grid;next-voice-onset+pedal-acoustic-grid,yes,change,none,0.125,pedal-only,pedal carries sustain; keep short written note
Liszt_Concert_Etude_S145_2_1,LisztConcert_Etude_S145_2,Liszt,Concert_Etude_S145_2,LisztConcert_Etude_S145_2:RH:66:17.666667:1,RH,66,17.666667,m.5 beat 2.667,1,0.125,0.6171875,0.4921875,0.333333333,medium,,,,,,,unmatched,0.125000;0.333333,key-release-grid;next-voice-onset,yes,change,none,0.125,pedal-only,pedal carries sustain; keep short written note
Liszt_Concert_Etude_S145_2_1,LisztConcert_Etude_S145_2,Liszt,Concert_Etude_S145_2,LisztConcert_Etude_S145_2:RH:66:18.000000:1,RH,66,18.000000,m.5 beat 3.000,1,0.125,0.283854167,0.158854167,0.25,normal,,,,,,,unmatched,0.125000;0.250000,key-release-grid;next-voice-onset+pedal-acoustic-grid,no,hold,none,0.125,,routine; written duration follows score/readability
Liszt_Concert_Etude_S145_2_1,LisztConcert_Etude_S145_2,Liszt,Concert_Etude_S145_2,LisztConcert_Etude_S145_2:RH:66:18.250000:2,RH,66,18.250000,m.5 beat 3.250,2,0.125,0.125,0.0,0.75,normal,,,,,,,unmatched,0.125000;0.750000,key-release-grid+pedal-acoustic-grid;next-voice-onset,no,release,none,0.125,,routine; written duration follows score/readability
Liszt_Concert_Etude_S145_2_1,LisztConcert_Etude_S145_2,Liszt,Concert_Etude_S145_2,LisztConcert_Etude_S145_2:RH:66:19.000000:2,RH,66,19.000000,m.5 beat 4.000,2,0.125,0.125,0.0,0.25,normal,,,,,,,unmatched,0.125000;0.250000,key-release-grid+pedal-acoustic-grid;next-voice-onset,no,none,none,0.125,,routine; written duration follows score/readability
Liszt_Concert_Etude_S145_2_1,LisztConcert_Etude_S145_2,Liszt,Concert_Etude_S145_2,LisztConcert_Etude_S145_2:RH:66:2.375000:1,RH,66,2.375000,m.1 beat 3.375,1,0.125,0.125,0.0,0.375,normal,,,,,,,unmatched,0.125000;0.375000,key-release-grid+pedal-acoustic-grid;next-voice-onset,no,none,none,0.125,,routine; written duration follows score/readability
Liszt_Concert_Etude_S145_2_1,LisztConcert_Etude_S145_2,Liszt,Concert_Etude_S145_2,LisztConcert_Etude_S145_2:RH:66:20.000000:2,RH,66,20.000000,m.6 beat 1.000,2,0.125,0.125,0.0,0.375,normal,,,,,,,unmatched,0.125000;0.375000,key-release-grid+pedal-acoustic-grid;next-voice-onset,no,none,none,0.125,,routine; written duration follows score/readability
Liszt_Concert_Etude_S145_2_1,LisztConcert_Etude_S145_2,Liszt,Concert_Etude_S145_2,LisztConcert_Etude_S145_2:RH:66:20.375000:2,RH,66,20.375000,m.6 beat 1.375,2,0.125,0.125,0.0,0.291666667,normal,,,,,,,unmatched,0.125000;0.291667,key-release-grid+pedal-acoustic-grid;next-voice-onset,no,none,none,0.125,,routine; written duration follows score/readability
Liszt_Concert_Etude_S145_2_1,LisztConcert_Etude_S145_2,Liszt,Concert_Etude_S145_2,LisztConcert_Etude_S145_2:RH:66:20.666667:2,RH,66,20.666667,m.6 beat 1.667,2,0.125,0.125,0.0,0.583333333,normal,,,,,,,unmatched,0.125000;0.583333,key-release-grid+pedal-acoustic-grid;next-voice-onset,no,none,none,0.125,,routine; written duration follows score/readability
Liszt_Concert_Etude_S145_2_1,LisztConcert_Etude_S145_2,Liszt,Concert_Etude_S145_2,LisztConcert_Etude_S145_2:RH:66:21.250000:2,RH,66,21.250000,m.6 beat 2.250,2,0.125,0.125,0.0,0.25,normal,,,,,,,unmatched,0.125000;0.250000,key-release-grid+pedal-acoustic-grid;next-voice-onset,no,none,none,0.125,,routine; written duration follows score/readability
Liszt_Concert_Etude_S145_2_1,LisztConcert_Etude_S145_2,Liszt,Concert_Etude_S145_2,LisztConcert_Etude_S145_2:RH:66:24.125000:2,RH,66,24.125000,m.7 beat 1.125,2,0.125,0.239583333,0.114583333,0.25,normal,,,,,,,unmatched,0.125000;0.250000,key-release-grid;next-voice-onset+pedal-acoustic-grid,no,release,none,0.125,,routine; written duration follows score/readability
Liszt_Concert_Etude_S145_2_1,LisztConcert_Etude_S145_2,Liszt,Concert_Etude_S145_2,LisztConcert_Etude_S145_2:RH:66:24.375000:2,RH,66,24.375000,m.7 beat 1.375,2,0.125,0.125,0.0,0.25,normal,P1,1,40.0,0.125,0,0,ambiguous-candidate,0.125000;0.250000,key-release-grid+pedal-acoustic-grid;next-voice-onset,no,release,none,0.125,,routine; written duration follows score/readability
Liszt_Concert_Etude_S145_2_1,LisztConcert_Etude_S145_2,Liszt,Concert_Etude_S145_2,LisztConcert_Etude_S145_2:RH:66:24.625000:2,RH,66,24.625000,m.7 beat 1.625,2,0.125,0.125,0.0,0.25,normal,P1,1,40.5,0.125,0,0,ambiguous-candidate,0.125000;0.250000,key-release-grid+pedal-acoustic-grid;next-voice-onset,no,none,none,0.125,,routine; written duration follows score/readability
Liszt_Concert_Etude_S145_2_1,LisztConcert_Etude_S145_2,Liszt,Concert_Etude_S145_2,LisztConcert_Etude_S145_2:RH:66:25.875000:2,RH,66,25.875000,m.7 beat 2.875,2,0.125,0.125,0.0,0.25,normal,P1,1,43.125,0.125,0,0,ambiguous-candidate,0.125000;0.250000,key-release-grid+pedal-acoustic-grid;next-voice-onset,no,release,none,0.125,,routine; written duration follows score/readability
Liszt_Concert_Etude_S145_2_1,LisztConcert_Etude_S145_2,Liszt,Concert_Etude_S145_2,LisztConcert_Etude_S145_2:RH:66:29.000000:2,RH,66,29.000000,m.8 beat 2.000,2,0.125,0.125,0.0,1.25,normal,P1,1,49.625,0.125,0,0,labeled,0.125000;1.250000,key-release-grid+pedal-acoustic-grid;next-voice-onset,no,none,change,0.125,,routine; written duration follows score/readability
Liszt_Concert_Etude_S145_2_1,LisztConcert_Etude_S145_2,Liszt,Concert_Etude_S145_2,LisztConcert_Etude_S145_2:RH:66:30.500000:2,RH,66,30.500000,m.8 beat 3.500,2,0.125,0.125,0.0,1.166666667,normal,P1,1,52.625,0.125,0,0,labeled,0.125000;1.166667,key-release-grid+pedal-acoustic-grid;next-voice-onset,no,release,change,0.125,,routine; written duration follows score/readability
Liszt_Concert_Etude_S145_2_1,LisztConcert_Etude_S145_2,Liszt,Concert_Etude_S145_2,LisztConcert_Etude_S145_2:RH:66:38.625000:1,RH,66,38.625000,m.10 beat 3.625,1,0.125,0.125,0.0,0.25,normal,P1,5,64.5,0.5,0,0,reference-duration-not-candidate,0.125000;0.250000,key-release-grid+pedal-acoustic-grid;next-voice-onset,no,release,change,0.5,notation-shortening,reference duration 0.5; shorten acoustic extension to 0.5 (score convention; pedal carries the tail)
Liszt_Concert_Etude_S145_2_1,LisztConcert_Etude_S145_2,Liszt,Concert_Etude_S145_2,LisztConcert_Etude_S145_2:RH:66:43.750000:3,RH,66,43.750000,m.11 beat 4.750,3,0.125,0.125,0.0,0.25,normal,P1,5,73.5,0.5,0,0,reference-duration-not-candidate,0.125000;0.250000,barline+next-voice-onset;key-release-grid+pedal-acoustic-grid,no,release,change,0.5,notation-shortening,reference duration 0.5; shorten acoustic extension to 0.5 (score convention; pedal carries the tail)
Liszt_Concert_Etude_S145_2_1,LisztConcert_Etude_S145_2,Liszt,Concert_Etude_S145_2,LisztConcert_Etude_S145_2:RH:66:75.875000:1,RH,66,75.875000,m.19 beat 4.875,1,0.125,0.125,0.0,0.375,normal,,,,,,,unmatched,0.125000;0.375000,barline+key-release-grid+pedal-acoustic-grid;next-voice-onset,no,none,none,0.125,,routine; written duration follows score/readability
Liszt_Concert_Etude_S145_2_1,LisztConcert_Etude_S145_2,Liszt,Concert_Etude_S145_2,LisztConcert_Etude_S145_2:RH:66:84.500000:1,RH,66,84.500000,m.22 beat 1.500,1,0.125,0.125,0.0,0.25,normal,,,,,,,unmatched,0.125000;0.250000,key-release-grid+pedal-acoustic-grid;next-voice-onset,no,none,none,0.125,,routine; written duration follows score/readability
Liszt_Concert_Etude_S145_2_1,LisztConcert_Etude_S145_2,Liszt,Concert_Etude_S145_2,LisztConcert_Etude_S145_2:RH:66:84.750000:1,RH,66,84.750000,m.22 beat 1.750,1,0.125,0.125,0.0,0.583333333,normal,,,,,,,unmatched,0.125000;0.583333,key-release-grid+pedal-acoustic-grid;next-voice-onset,no,change,none,0.125,,routine; written duration follows score/readability
Liszt_Concert_Etude_S145_2_1,LisztConcert_Etude_S145_2,Liszt,Concert_Etude_S145_2,LisztConcert_Etude_S145_2:RH:66:85.333333:1,RH,66,85.333333,m.22 beat 2.333,1,0.166666667,0.21875,0.052083333,0.166666667,normal,,,,,,,unmatched,0.125000;0.166667,key-release-grid;next-voice-onset,no,release,none,0.166667,,routine; written duration follows score/readability
Liszt_Concert_Etude_S145_2_1,LisztConcert_Etude_S145_2,Liszt,Concert_Etude_S145_2,LisztConcert_Etude_S145_2:RH:66:85.500000:3,RH,66,85.500000,m.22 beat 2.500,3,0.125,0.125,0.0,0.833333333,normal,,,,,,,unmatched,0.125000;0.833333,key-release-grid+pedal-acoustic-grid;next-voice-onset,no,release,none,0.125,,routine; written duration follows score/readability
Liszt_Concert_Etude_S145_2_1,LisztConcert_Etude_S145_2,Liszt,Concert_Etude_S145_2,LisztConcert_Etude_S145_2:RH:66:86.333333:3,RH,66,86.333333,m.22 beat 3.333,3,0.125,0.125,0.0,0.166666667,normal,,,,,,,unmatched,0.125000;0.166667,key-release-grid+pedal-acoustic-grid;next-voice-onset,no,none,none,0.125,,routine; written duration follows score/readability
Liszt_Concert_Etude_S145_2_1,LisztConcert_Etude_S145_2,Liszt,Concert_Etude_S145_2,LisztConcert_Etude_S145_2:RH:66:87.333333:3,RH,66,87.333333,m.22 beat 4.333,3,0.125,0.125,0.0,0.541666667,normal,,,,,,,unmatched,0.125000;0.541667,key-release-grid+pedal-acoustic-grid;next-voice-onset,no,none,none,0.125,,routine; written duration follows score/readability
Liszt_Concert_Etude_S145_2_1,LisztConcert_Etude_S145_2,Liszt,Concert_Etude_S145_2,LisztConcert_Etude_S145_2:RH:66:87.875000:3,RH,66,87.875000,m.22 beat 4.875,3,0.125,0.125,0.0,0.25,normal,,,,,,,unmatched,0.125000;0.250000,barline+key-release-grid+pedal-acoustic-grid;next-voice-onset,no,none,none,0.125,,routine; written duration follows score/readability
Liszt_Concert_Etude_S145_2_1,LisztConcert_Etude_S145_2,Liszt,Concert_Etude_S145_2,LisztConcert_Etude_S145_2:RH:66:88.125000:3,RH,66,88.125000,m.23 beat 1.125,3,0.125,0.125,0.0,0.5,normal,,,,,,,unmatched,0.125000;0.500000,key-release-grid+pedal-acoustic-grid;next-voice-onset,no,none,none,0.125,,routine; written duration follows score/readability
Liszt_Concert_Etude_S145_2_1,LisztConcert_Etude_S145_2,Liszt,Concert_Etude_S145_2,LisztConcert_Etude_S145_2:RH:66:88.625000:3,RH,66,88.625000,m.23 beat 1.625,3,0.125,0.125,0.0,0.375,normal,,,,,,,unmatched,0.125000;0.375000,key-release-grid+pedal-acoustic-grid;next-voice-onset,no,none,none,0.125,,routine; written duration follows score/readability
Liszt_Concert_Etude_S145_2_1,LisztConcert_Etude_S145_2,Liszt,Concert_Etude_S145_2,LisztConcert_Etude_S145_2:RH:66:90.625000:3,RH,66,90.625000,m.23 beat 3.625,3,0.125,0.125,0.0,0.25,normal,,,,,,,unmatched,0.125000;0.250000,key-release-grid+pedal-acoustic-grid;next-voice-onset,no,none,none,0.125,,routine; written duration follows score/readability
Liszt_Concert_Etude_S145_2_1,LisztConcert_Etude_S145_2,Liszt,Concert_Etude_S145_2,LisztConcert_Etude_S145_2:RH:66:91.125000:3,RH,66,91.125000,m.23 beat 4.125,3,0.125,0.580729167,0.455729167,0.25,medium,,,,,,,unmatched,0.125000;0.250000,key-release-grid;next-voice-onset,yes,hold,none,0.125,pedal-only,pedal carries sustain; keep short written note
Liszt_Concert_Etude_S145_2_1,LisztConcert_Etude_S145_2,Liszt,Concert_Etude_S145_2,LisztConcert_Etude_S145_2:RH:66:91.375000:3,RH,66,91.375000,m.23 beat 4.375,3,0.125,0.330729167,0.205729167,0.25,normal,,,,,,,unmatched,0.125000;0.250000,key-release-grid;next-voice-onset+pedal-acoustic-grid,no,hold,none,0.125,,routine; written duration follows score/readability
Liszt_Concert_Etude_S145_2_1,LisztConcert_Etude_S145_2,Liszt,Concert_Etude_S145_2,LisztConcert_Etude_S145_2:RH:66:91.625000:3,RH,66,91.625000,m.23 beat 4.625,3,0.125,0.125,0.0,0.25,normal,,,,,,,unmatched,0.125000;0.250000,key-release-grid+pedal-acoustic-grid;next-voice-onset,no,release,none,0.125,,routine; written duration follows score/readability
Liszt_Concert_Etude_S145_2_1,LisztConcert_Etude_S145_2,Liszt,Concert_Etude_S145_2,LisztConcert_Etude_S145_2:RH:66:92.375000:3,RH,66,92.375000,m.24 beat 1.375,3,0.125,0.125,0.0,0.25,normal,,,,,,,unmatched,0.125000;0.250000,key-release-grid+pedal-acoustic-grid;next-voice-onset,no,none,none,0.125,,routine; written duration follows score/readability
Liszt_Concert_Etude_S145_2_1,LisztConcert_Etude_S145_2,Liszt,Concert_Etude_S145_2,LisztConcert_Etude_S145_2:RH:66:93.375000:1,RH,66,93.375000,m.24 beat 2.375,1,0.125,0.125,0.0,0.5,normal,,,,,,,unmatched,0.125000;0.500000,key-release-grid+pedal-acoustic-grid;next-voice-onset,no,none,none,0.125,,routine; written duration follows score/readability
Liszt_Concert_Etude_S145_2_1,LisztConcert_Etude_S145_2,Liszt,Concert_Etude_S145_2,LisztConcert_Etude_S145_2:RH:66:93.875000:1,RH,66,93.875000,m.24 beat 2.875,1,0.125,0.125,0.0,0.25,normal,,,,,,,unmatched,0.125000;0.250000,key-release-grid+pedal-acoustic-grid;next-voice-onset,no,none,none,0.125,,routine; written duration follows score/readability
Liszt_Concert_Etude_S145_2_1,LisztConcert_Etude_S145_2,Liszt,Concert_Etude_S145_2,LisztConcert_Etude_S145_2:RH:66:94.125000:1,RH,66,94.125000,m.24 beat 3.125,1,0.125,0.125,0.0,0.541666667,normal,,,,,,,unmatched,0.125000;0.541667,key-release-grid+pedal-acoustic-grid;next-voice-onset,no,none,none,0.125,,routine; written duration follows score/readability
Liszt_Concert_Etude_S145_2_1,LisztConcert_Etude_S145_2,Liszt,Concert_Etude_S145_2,LisztConcert_Etude_S145_2:RH:66:94.666667:1,RH,66,94.666667,m.24 beat 3.667,1,0.125,0.125,0.0,0.333333333,normal,,,,,,,unmatched,0.125000;0.333333,key-release-grid+pedal-acoustic-grid;next-voice-onset,no,none,none,0.125,,routine; written duration follows score/readability
Liszt_Concert_Etude_S145_2_1,LisztConcert_Etude_S145_2,Liszt,Concert_Etude_S145_2,LisztConcert_Etude_S145_2:RH:66:97.666667:1,RH,66,97.666667,m.25 beat 2.667,1,0.125,0.299479167,0.174479167,0.333333333,normal,,,,,,,unmatched,0.125000;0.250000;0.333333,key-release-grid;next-voice-onset+pedal-acoustic-grid;pedal-acoustic-grid,no,hold,none,0.125,,routine; written duration follows score/readability
Liszt_Concert_Etude_S145_2_1,LisztConcert_Etude_S145_2,Liszt,Concert_Etude_S145_2,LisztConcert_Etude_S145_2:RH:66:98.000000:1,RH,66,98.000000,m.25 beat 3.000,1,0.125,0.125,0.0,0.25,normal,P1,1,163.0,0.125,0,0,ambiguous-candidate,0.125000;0.250000,key-release-grid+pedal-acoustic-grid;next-voice-onset,no,release,none,0.125,,routine; written duration follows score/readability
Liszt_Concert_Etude_S145_2_1,LisztConcert_Etude_S145_2,Liszt,Concert_Etude_S145_2,LisztConcert_Etude_S145_2:RH:66:98.250000:1,RH,66,98.250000,m.25 beat 3.250,1,0.125,0.125,0.0,0.25,normal,P1,1,163.5,0.125,0,0,ambiguous-candidate,0.125000;0.250000,key-release-grid+pedal-acoustic-grid;next-voice-onset,no,none,none,0.125,,routine; written duration follows score/readability
Liszt_Concert_Etude_S145_2_1,LisztConcert_Etude_S145_2,Liszt,Concert_Etude_S145_2,LisztConcert_Etude_S145_2:RH:66:99.375000:3,RH,66,99.375000,m.25 beat 4.375,3,0.125,0.125,0.0,0.25,normal,P1,1,166.125,0.125,0,0,ambiguous-candidate,0.125000;0.250000,key-release-grid+pedal-acoustic-grid;next-voice-onset,no,release,none,0.125,,routine; written duration follows score/readability
Liszt_Concert_Etude_S145_2_1,LisztConcert_Etude_S145_2,Liszt,Concert_Etude_S145_2,LisztConcert_Etude_S145_2:RH:67:112.125000:2,RH,67,112.125000,m.29 beat 1.125,2,0.125,0.125,0.0,0.125,normal,P1,5,187.5,0.5,0,0,reference-duration-not-candidate,0.125000,key-release-grid+next-voice-onset+pedal-acoustic-grid,no,release,change,0.5,notation-shortening,reference duration 0.5; shorten acoustic extension to 0.5 (score convention; pedal carries the tail)
Liszt_Concert_Etude_S145_2_1,LisztConcert_Etude_S145_2,Liszt,Concert_Etude_S145_2,LisztConcert_Etude_S145_2:RH:67:117.250000:3,RH,67,117.250000,m.30 beat 2.250,3,0.125,0.125,0.0,0.125,normal,P1,5,196.5,0.5,0,0,reference-duration-not-candidate,0.125000,key-release-grid+next-voice-onset+pedal-acoustic-grid,no,release,change,0.5,notation-shortening,reference duration 0.5; shorten acoustic extension to 0.5 (score convention; pedal carries the tail)
Liszt_Concert_Etude_S145_2_1,LisztConcert_Etude_S145_2,Liszt,Concert_Etude_S145_2,LisztConcert_Etude_S145_2:RH:67:122.750000:2,RH,67,122.750000,m.31 beat 3.750,2,0.25,0.317708333,0.067708333,0.25,normal,P1,5,207.0,0.5,0,0,reference-duration-not-candidate,0.250000,key-release-grid+next-voice-onset+pedal-acoustic-grid,no,hold,change,0.5,notation-shortening,reference duration 0.5; shorten acoustic extension to 0.5 (score convention; pedal carries the tail)
Liszt_Concert_Etude_S145_2_1,LisztConcert_Etude_S145_2,Liszt,Concert_Etude_S145_2,LisztConcert_Etude_S145_2:RH:67:154.333333:1,RH,67,154.333333,m.39 beat 3.333,1,0.125,0.125,0.0,0.666666667,normal,P1,1,254.5,0.5,0,0,reference-duration-not-candidate,0.125000;0.666667,key-release-grid+pedal-acoustic-grid;next-voice-onset,no,none,none,0.5,notation-shortening,reference duration 0.5; shorten acoustic extension to 0.5 (score convention; pedal carries the tail)
Liszt_Concert_Etude_S145_2_1,LisztConcert_Etude_S145_2,Liszt,Concert_Etude_S145_2,LisztConcert_Etude_S145_2:RH:67:26.125000:2,RH,67,26.125000,m.7 beat 3.125,2,0.125,0.125,0.0,0.208333333,normal,P1,1,43.5,0.125,0,0,ambiguous-candidate,0.125000;0.208333,key-release-grid+pedal-acoustic-grid;next-voice-onset,no,none,change,0.125,,routine; written duration follows score/readability
Liszt_Concert_Etude_S145_2_1,LisztConcert_Etude_S145_2,Liszt,Concert_Etude_S145_2,LisztConcert_Etude_S145_2:RH:67:48.125000:3,RH,67,48.125000,m.13 beat 1.125,3,0.25,0.677083333,0.427083333,0.375,medium,P1,5,81.0,0.5,0,0,labeled,0.250000;0.333333;0.375000,key-release-grid;next-voice-onset,yes,hold,change,0.5,notation-shortening,reference duration 0.5; shorten acoustic extension to 0.5 (score convention; pedal carries the tail)
Liszt_Concert_Etude_S145_2_1,LisztConcert_Etude_S145_2,Liszt,Concert_Etude_S145_2,LisztConcert_Etude_S145_2:RH:67:54.875000:3,RH,67,54.875000,m.14 beat 3.875,3,0.125,0.200520833,0.075520833,0.125,normal,,,,,,,unmatched,0.125000,key-release-grid+next-voice-onset,no,change,none,0.125,,routine; written duration follows score/readability
Liszt_Concert_Etude_S145_2_1,LisztConcert_Etude_S145_2,Liszt,Concert_Etude_S145_2,LisztConcert_Etude_S145_2:RH:67:99.625000:3,RH,67,99.625000,m.25 beat 4.625,3,0.125,0.125,0.0,0.25,normal,P1,1,166.5,0.125,0,0,ambiguous-candidate,0.125000;0.250000,key-release-grid+pedal-acoustic-grid;next-voice-onset,no,release,change,0.125,,routine; written duration follows score/readability
Liszt_Concert_Etude_S145_2_1,LisztConcert_Etude_S145_2,Liszt,Concert_Etude_S145_2,LisztConcert_Etude_S145_2:RH:68:100.625000:3,RH,68,100.625000,m.26 beat 1.625,3,0.125,0.2890625,0.1640625,0.25,normal,,,,,,,unmatched,0.125000;0.250000,key-release-grid;next-voice-onset+pedal-acoustic-grid,no,hold,none,0.125,,routine; written duration follows score/readability
Liszt_Concert_Etude_S145_2_1,LisztConcert_Etude_S145_2,Liszt,Concert_Etude_S145_2,LisztConcert_Etude_S145_2:RH:68:100.875000:3,RH,68,100.875000,m.26 beat 1.875,3,0.125,0.125,0.0,0.25,normal,P1,1,169.0,0.125,0,0,ambiguous-candidate,0.125000;0.250000,key-release-grid+pedal-acoustic-grid;next-voice-onset,no,release,none,0.125,,routine; written duration follows score/readability
Liszt_Concert_Etude_S145_2_1,LisztConcert_Etude_S145_2,Liszt,Concert_Etude_S145_2,LisztConcert_Etude_S145_2:RH:68:101.125000:3,RH,68,101.125000,m.26 beat 2.125,3,0.125,0.125,0.0,0.208333333,normal,P1,1,169.5,0.125,0,0,ambiguous-candidate,0.125000;0.208333,key-release-grid+pedal-acoustic-grid;next-voice-onset,no,release,none,0.125,,routine; written duration follows score/readability
Liszt_Concert_Etude_S145_2_1,LisztConcert_Etude_S145_2,Liszt,Concert_Etude_S145_2,LisztConcert_Etude_S145_2:RH:68:102.333333:3,RH,68,102.333333,m.26 beat 3.333,3,0.125,0.125,0.0,0.166666667,normal,P1,1,172.0,0.125,0,0,ambiguous-candidate,0.125000;0.166667,key-release-grid+pedal-acoustic-grid;next-voice-onset,no,release,none,0.125,,routine; written duration follows score/readability
Liszt_Concert_Etude_S145_2_1,LisztConcert_Etude_S145_2,Liszt,Concert_Etude_S145_2,LisztConcert_Etude_S145_2:RH:68:103.750000:3,RH,68,103.750000,m.26 beat 4.750,3,0.125,0.125,0.0,0.25,normal,P1,1,175.0,0.125,0,0,ambiguous-candidate,0.125000;0.250000,barline+next-voice-onset;key-release-grid+pedal-acoustic-grid,no,release,none,0.125,,routine; written duration follows score/readability
Liszt_Concert_Etude_S145_2_1,LisztConcert_Etude_S145_2,Liszt,Concert_Etude_S145_2,LisztConcert_Etude_S145_2:RH:68:105.250000:3,RH,68,105.250000,m.27 beat 2.250,3,0.125,1.033854167,0.908854167,0.875,medium,,,,,,,unmatched,0.125000;0.875000,key-release-grid;next-voice-onset,yes,change,none,0.125,pedal-only,pedal carries sustain; keep short written note
Liszt_Concert_Etude_S145_2_1,LisztConcert_Etude_S145_2,Liszt,Concert_Etude_S145_2,LisztConcert_Etude_S145_2:RH:68:121.375000:2,RH,68,121.375000,m.31 beat 2.375,2,0.125,0.697916667,0.572916667,0.25,medium,P1,5,204.0,0.5,0,0,reference-duration-not-candidate,0.125000;0.250000,key-release-grid;next-voice-onset,yes,hold,change,0.5,notation-shortening,reference duration 0.5; shorten acoustic extension to 0.5 (score convention; pedal carries the tail)
Liszt_Concert_Etude_S145_2_1,LisztConcert_Etude_S145_2,Liszt,Concert_Etude_S145_2,LisztConcert_Etude_S145_2:RH:68:121.625000:2,RH,68,121.625000,m.31 beat 2.625,2,0.125,0.447916667,0.322916667,0.125,medium,P1,5,204.5,0.5,0,0,reference-duration-not-candidate,0.125000,key-release-grid+next-voice-onset,yes,hold,none,0.5,notation-shortening,reference duration 0.5; shorten acoustic extension to 0.5 (score convention; pedal carries the tail)
Liszt_Concert_Etude_S145_2_1,LisztConcert_Etude_S145_2,Liszt,Concert_Etude_S145_2,LisztConcert_Etude_S145_2:RH:68:127.875000:1,RH,68,127.875000,m.32 beat 4.875,1,0.25,0.28125,0.03125,0.25,normal,,,,,,,unmatched,0.125000;0.250000,barline;key-release-grid+next-voice-onset+pedal-acoustic-grid,no,hold,none,0.25,,routine; written duration follows score/readability
Liszt_Concert_Etude_S145_2_1,LisztConcert_Etude_S145_2,Liszt,Concert_Etude_S145_2,LisztConcert_Etude_S145_2:RH:68:13.125000:1,RH,68,13.125000,m.4 beat 2.125,1,0.125,0.125,0.0,0.125,normal,,,,,,,unmatched,0.125000,key-release-grid+next-voice-onset+pedal-acoustic-grid,no,none,none,0.125,,routine; written duration follows score/readability
Liszt_Concert_Etude_S145_2_1,LisztConcert_Etude_S145_2,Liszt,Concert_Etude_S145_2,LisztConcert_Etude_S145_2:RH:68:13.625000:1,RH,68,13.625000,m.4 beat 2.625,1,0.125,0.125,0.0,0.25,normal,,,,,,,unmatched,0.125000;0.250000,key-release-grid+pedal-acoustic-grid;next-voice-onset,no,none,none,0.125,,routine; written duration follows score/readability
Liszt_Concert_Etude_S145_2_1,LisztConcert_Etude_S145_2,Liszt,Concert_Etude_S145_2,LisztConcert_Etude_S145_2:RH:68:15.666667:1,RH,68,15.666667,m.4 beat 4.667,1,0.125,0.125,0.0,0.666666667,normal,,,,,,,unmatched,0.125000;0.333333;0.666667,barline;key-release-grid+pedal-acoustic-grid;next-voice-onset,no,none,none,0.125,,routine; written duration follows score/readability
Liszt_Concert_Etude_S145_2_1,LisztConcert_Etude_S145_2,Liszt,Concert_Etude_S145_2,LisztConcert_Etude_S145_2:RH:68:19.250000:2,RH,68,19.250000,m.5 beat 4.250,2,0.125,0.125,0.0,0.416666667,normal,,,,,,,unmatched,0.125000;0.416667,key-release-grid+pedal-acoustic-grid;next-voice-onset,no,none,none,0.125,,routine; written duration follows score/readability
Liszt_Concert_Etude_S145_2_1,LisztConcert_Etude_S145_2,Liszt,Concert_Etude_S145_2,LisztConcert_Etude_S145_2:RH:68:19.666667:2,RH,68,19.666667,m.5 beat 4.667,2,0.125,0.125,0.0,0.208333333,normal,,,,,,,unmatched,0.125000;0.208333,key-release-grid+pedal-acoustic-grid;next-voice-onset,no,none,none,0.125,,routine; written duration follows score/readability
Liszt_Concert_Etude_S145_2_1,LisztConcert_Etude_S145_2,Liszt,Concert_Etude_S145_2,LisztConcert_Etude_S145_2:RH:68:2.750000:1,RH,68,2.750000,m.1 beat 3.750,1,0.125,0.125,0.0,0.25,normal,,,,,,,unmatched,0.125000;0.250000,key-release-grid+pedal-acoustic-grid;next-voice-onset,no,none,none,0.125,,routine; written duration follows score/readability
Liszt_Concert_Etude_S145_2_1,LisztConcert_Etude_S145_2,Liszt,Concert_Etude_S145_2,LisztConcert_Etude_S145_2:RH:68:21.750000:2,RH,68,21.750000,m.6 beat 2.750,2,0.125,0.125,0.0,0.25,normal,,,,,,,unmatched,0.125000;0.250000,key-release-grid+pedal-acoustic-grid;next-voice-onset,no,none,none,0.125,,routine; written duration follows score/readability
Liszt_Concert_Etude_S145_2_1,LisztConcert_Etude_S145_2,Liszt,Concert_Etude_S145_2,LisztConcert_Etude_S145_2:RH:68:26.125000:2,RH,68,26.125000,m.7 beat 3.125,2,0.125,0.125,0.0,0.208333333,normal,,,,,,,unmatched,0.125000;0.208333,key-release-grid+pedal-acoustic-grid;next-voice-onset,no,none,none,0.125,,routine; written duration follows score/readability
Liszt_Concert_Etude_S145_2_1,LisztConcert_Etude_S145_2,Liszt,Concert_Etude_S145_2,LisztConcert_Etude_S145_2:RH:68:27.000000:2,RH,68,27.000000,m.7 beat 4.000,2,0.125,0.315104167,0.190104167,0.333333333,normal,,,,,,,unmatched,0.125000;0.250000;0.333333,key-release-grid;next-voice-onset+pedal-acoustic-grid;pedal-acoustic-grid,no,hold,none,0.125,,routine; written duration follows score/readability
Liszt_Concert_Etude_S145_2_1,LisztConcert_Etude_S145_2,Liszt,Concert_Etude_S145_2,LisztConcert_Etude_S145_2:RH:68:27.333333:1,RH,68,27.333333,m.7 beat 4.333,1,0.166666667,0.166666667,0.0,0.166666667,normal,P1,1,46.0,0.125,0,0,ambiguous-candidate,0.125000;0.166667,key-release-grid+pedal-acoustic-grid;next-voice-onset,no,release,none,0.125,,routine; written duration follows score/readability
Liszt_Concert_Etude_S145_2_1,LisztConcert_Etude_S145_2,Liszt,Concert_Etude_S145_2,LisztConcert_Etude_S145_2:RH:68:27.500000:1,RH,68,27.500000,m.7 beat 4.500,1,0.125,0.125,0.0,0.25,normal,P1,1,46.5,0.125,0,0,ambiguous-candidate,0.125000;0.250000,key-release-grid+pedal-acoustic-grid;next-voice-onset,no,release,none,0.125,,routine; written duration follows score/readability
Liszt_Concert_Etude_S145_2_1,LisztConcert_Etude_S145_2,Liszt,Concert_Etude_S145_2,LisztConcert_Etude_S145_2:RH:68:28.750000:2,RH,68,28.750000,m.8 beat 1.750,2,0.125,0.125,0.0,0.25,normal,P1,1,49.0,0.125,0,0,ambiguous-candidate,0.125000;0.250000,key-release-grid+pedal-acoustic-grid;next-voice-onset,no,release,none,0.125,,routine; written duration follows score/readability
Liszt_Concert_Etude_S145_2_1,LisztConcert_Etude_S145_2,Liszt,Concert_Etude_S145_2,LisztConcert_Etude_S145_2:RH:68:3.000000:1,RH,68,3.000000,m.1 beat 4.000,1,0.125,0.125,0.0,0.333333333,normal,,,,,,,unmatched,0.125000;0.333333,key-release-grid+pedal-acoustic-grid;next-voice-onset,no,none,none,0.125,,routine; written duration follows score/readability
Liszt_Concert_Etude_S145_2_1,LisztConcert_Etude_S145_2,Liszt,Concert_Etude_S145_2,LisztConcert_Etude_S145_2:RH:68:30.250000:2,RH,68,30.250000,m.8 beat 3.250,2,0.125,0.125,0.0,0.25,normal,P1,1,52.0,0.125,0,0,ambiguous-candidate,0.125000;0.250000,key-release-grid+pedal-acoustic-grid;next-voice-onset,no,release,none,0.125,,routine; written duration follows score/readability
Liszt_Concert_Etude_S145_2_1,LisztConcert_Etude_S145_2,Liszt,Concert_Etude_S145_2,LisztConcert_Etude_S145_2:RH:68:31.666667:2,RH,68,31.666667,m.8 beat 4.667,2,0.125,0.125,0.0,0.833333333,normal,,,,,,,unmatched,0.125000;0.333333;0.833333,barline;key-release-grid+pedal-acoustic-grid;next-voice-onset,no,change,none,0.125,,routine; written duration follows score/readability
Liszt_Concert_Etude_S145_2_1,LisztConcert_Etude_S145_2,Liszt,Concert_Etude_S145_2,LisztConcert_Etude_S145_2:RH:68:39.375000:1,RH,68,39.375000,m.10 beat 4.375,1,0.125,0.875,0.75,0.291666667,medium,P1,5,66.0,0.5,0,0,reference-duration-not-candidate,0.125000;0.291667,key-release-grid;next-voice-onset,yes,change,change,0.5,notation-shortening,reference duration 0.5; shorten acoustic extension to 0.5 (score convention; pedal carries the tail)
Liszt_Concert_Etude_S145_2_1,LisztConcert_Etude_S145_2,Liszt,Concert_Etude_S145_2,LisztConcert_Etude_S145_2:RH:68:44.625000:3,RH,68,44.625000,m.12 beat 1.625,3,0.25,0.770833333,0.520833333,1.708333333,medium,P1,5,75.0,0.5,0,0,reference-duration-not-candidate,0.250000;0.333333;0.666667;0.750000;1.708333,key-release-grid;next-voice-onset;pedal-acoustic-grid,yes,hold,change,0.5,notation-shortening,reference duration 0.5; shorten acoustic extension to 0.5 (score convention; pedal carries the tail)
Liszt_Concert_Etude_S145_2_1,LisztConcert_Etude_S145_2,Liszt,Concert_Etude_S145_2,LisztConcert_Etude_S145_2:RH:68:47.125000:3,RH,68,47.125000,m.12 beat 4.125,3,0.125,0.783854167,0.658854167,0.375,medium,P1,5,79.5,0.5,0,0,labeled,0.125000;0.375000,key-release-grid;next-voice-onset,yes,change,change,0.5,notation-shortening,reference duration 0.5; shorten acoustic extension to 0.5 (score convention; pedal carries the tail)
Liszt_Concert_Etude_S145_2_1,LisztConcert_Etude_S145_2,Liszt,Concert_Etude_S145_2,LisztConcert_Etude_S145_2:RH:68:47.500000:3,RH,68,47.500000,m.12 beat 4.500,3,0.125,0.408854167,0.283854167,0.25,medium,P1,5,80.0,0.5,0,0,reference-duration-not-candidate,0.125000;0.250000,key-release-grid;next-voice-onset,yes,hold,none,0.5,notation-shortening,reference duration 0.5; shorten acoustic extension to 0.5 (score convention; pedal carries the tail)
Liszt_Concert_Etude_S145_2_1,LisztConcert_Etude_S145_2,Liszt,Concert_Etude_S145_2,LisztConcert_Etude_S145_2:RH:68:47.750000:3,RH,68,47.750000,m.12 beat 4.750,3,0.25,0.25,0.0,0.375,normal,P1,5,80.5,0.5,0,0,labeled,0.250000;0.333333;0.375000,barline+key-release-grid+pedal-acoustic-grid;key-release-grid+pedal-acoustic-grid;next-voice-onset,no,change,none,0.5,notation-shortening,reference duration 0.5; shorten acoustic extension to 0.5 (score convention; pedal carries the tail)
Liszt_Concert_Etude_S145_2_1,LisztConcert_Etude_S145_2,Liszt,Concert_Etude_S145_2,LisztConcert_Etude_S145_2:RH:68:53.375000:3,RH,68,53.375000,m.14 beat 2.375,3,0.125,0.708333333,0.583333333,0.291666667,medium,P1,5,90.0,0.5,0,0,reference-duration-not-candidate,0.125000;0.291667,key-release-grid;next-voice-onset,yes,hold,none,0.5,notation-shortening,reference duration 0.5; shorten acoustic extension to 0.5 (score convention; pedal carries the tail)
Liszt_Concert_Etude_S145_2_1,LisztConcert_Etude_S145_2,Liszt,Concert_Etude_S145_2,LisztConcert_Etude_S145_2:RH:68:53.666667:3,RH,68,53.666667,m.14 beat 2.667,3,0.125,0.416666667,0.291666667,0.208333333,medium,P1,5,90.5,0.5,0,0,reference-duration-not-candidate,0.125000;0.208333,key-release-grid;next-voice-onset,yes,hold,none,0.5,notation-shortening,reference duration 0.5; shorten acoustic extension to 0.5 (score convention; pedal carries the tail)
Liszt_Concert_Etude_S145_2_1,LisztConcert_Etude_S145_2,Liszt,Concert_Etude_S145_2,LisztConcert_Etude_S145_2:RH:68:72.625000:1,RH,68,72.625000,m.19 beat 1.625,1,0.125,0.5703125,0.4453125,0.125,medium,P1,5,119.375,0.125,0,0,labeled,0.125000,key-release-grid+next-voice-onset,yes,hold,none,0.125,,routine; written duration follows score/readability
Liszt_Concert_Etude_S145_2_1,LisztConcert_Etude_S145_2,Liszt,Concert_Etude_S145_2,LisztConcert_Etude_S145_2:RH:68:73.125000:1,RH,68,73.125000,m.19 beat 2.125,1,0.125,0.125,0.0,0.125,normal,P1,1,119.875,0.125,0,0,labeled,0.125000,key-release-grid+next-voice-onset+pedal-acoustic-grid,no,release,none,0.125,,routine; written duration follows score/readability
Liszt_Concert_Etude_S145_2_1,LisztConcert_Etude_S145_2,Liszt,Concert_Etude_S145_2,LisztConcert_Etude_S145_2:RH:68:74.750000:1,RH,68,74.750000,m.19 beat 3.750,1,0.125,0.125,0.0,0.375,normal,P1,1,122.5,0.5,0,0,labeled,0.125000;0.375000,key-release-grid+pedal-acoustic-grid;next-voice-onset,no,none,none,0.5,notation-shortening,reference duration 0.5; shorten acoustic extension to 0.5 (score convention; pedal carries the tail)
Liszt_Concert_Etude_S145_2_1,LisztConcert_Etude_S145_2,Liszt,Concert_Etude_S145_2,LisztConcert_Etude_S145_2:RH:68:76.250000:1,RH,68,76.250000,m.20 beat 1.250,1,0.125,0.125,0.0,0.25,normal,,,,,,,unmatched,0.125000;0.250000,key-release-grid+pedal-acoustic-grid;next-voice-onset,no,none,none,0.125,,routine; written duration follows score/readability
Liszt_Concert_Etude_S145_2_1,LisztConcert_Etude_S145_2,Liszt,Concert_Etude_S145_2,LisztConcert_Etude_S145_2:RH:68:76.500000:1,RH,68,76.500000,m.20 beat 1.500,1,0.125,0.125,0.0,0.25,normal,,,,,,,unmatched,0.125000;0.250000,key-release-grid+pedal-acoustic-grid;next-voice-onset,no,none,none,0.125,,routine; written duration follows score/readability
Liszt_Concert_Etude_S145_2_1,LisztConcert_Etude_S145_2,Liszt,Concert_Etude_S145_2,LisztConcert_Etude_S145_2:RH:68:86.500000:3,RH,68,86.500000,m.22 beat 3.500,3,0.125,0.125,0.0,0.5,normal,,,,,,,unmatched,0.125000;0.500000,key-release-grid+pedal-acoustic-grid;next-voice-onset,no,none,none,0.125,,routine; written duration follows score/readability
Liszt_Concert_Etude_S145_2_1,LisztConcert_Etude_S145_2,Liszt,Concert_Etude_S145_2,LisztConcert_Etude_S145_2:RH:68:87.000000:3,RH,68,87.000000,m.22 beat 4.000,3,0.125,0.125,0.0,0.333333333,normal,,,,,,,unmatched,0.125000;0.333333,key-release-grid+pedal-acoustic-grid;next-voice-onset,no,none,none,0.125,,routine; written duration follows score/readability
Liszt_Concert_Etude_S145_2_1,LisztConcert_Etude_S145_2,Liszt,Concert_Etude_S145_2,LisztConcert_Etude_S145_2:RH:68:92.625000:3,RH,68,92.625000,m.24 beat 1.625,3,0.125,0.125,0.0,0.25,normal,,,,,,,unmatched,0.125000;0.250000,key-release-grid+pedal-acoustic-grid;next-voice-onset,no,none,none,0.125,,routine; written duration follows score/readability
Liszt_Concert_Etude_S145_2_1,LisztConcert_Etude_S145_2,Liszt,Concert_Etude_S145_2,LisztConcert_Etude_S145_2:RH:68:93.125000:1,RH,68,93.125000,m.24 beat 2.125,1,0.125,0.125,0.0,0.25,normal,,,,,,,unmatched,0.125000;0.250000,key-release-grid+pedal-acoustic-grid;next-voice-onset,no,none,none,0.125,,routine; written duration follows score/readability
Liszt_Concert_Etude_S145_2_1,LisztConcert_Etude_S145_2,Liszt,Concert_Etude_S145_2,LisztConcert_Etude_S145_2:RH:68:95.250000:1,RH,68,95.250000,m.24 beat 4.250,1,0.125,0.125,0.0,0.25,normal,,,,,,,unmatched,0.125000;0.250000,key-release-grid+pedal-acoustic-grid;next-voice-onset,no,none,none,0.125,,routine; written duration follows score/readability
Liszt_Concert_Etude_S145_2_1,LisztConcert_Etude_S145_2,Liszt,Concert_Etude_S145_2,LisztConcert_Etude_S145_2:RH:69:10.666667:1,RH,69,10.666667,m.3 beat 3.667,1,0.125,0.125,0.0,0.208333333,normal,,,,,,,unmatched,0.125000;0.208333,key-release-grid+pedal-acoustic-grid;next-voice-onset,no,release,none,0.125,,routine; written duration follows score/readability
Liszt_Concert_Etude_S145_2_1,LisztConcert_Etude_S145_2,Liszt,Concert_Etude_S145_2,LisztConcert_Etude_S145_2:RH:69:102.500000:3,RH,69,102.500000,m.26 beat 3.500,3,0.125,0.125,0.0,0.375,normal,P1,1,172.5,0.125,0,0,labeled,0.125000;0.375000,key-release-grid+pedal-acoustic-grid;next-voice-onset,no,release,change,0.125,,routine; written duration follows score/readability
Liszt_Concert_Etude_S145_2_1,LisztConcert_Etude_S145_2,Liszt,Concert_Etude_S145_2,LisztConcert_Etude_S145_2:RH:69:104.000000:3,RH,69,104.000000,m.27 beat 1.000,3,0.125,0.125,0.0,0.333333333,normal,P1,1,175.5,0.125,0,0,labeled,0.125000;0.333333,key-release-grid+pedal-acoustic-grid;next-voice-onset,no,release,change,0.125,,routine; written duration follows score/readability
Liszt_Concert_Etude_S145_2_1,LisztConcert_Etude_S145_2,Liszt,Concert_Etude_S145_2,LisztConcert_Etude_S145_2:RH:69:106.125000:3,RH,69,106.125000,m.27 beat 3.125,3,0.125,0.158854167,0.033854167,1.0,normal,,,,,,,unmatched,0.125000;0.250000;1.000000,key-release-grid+pedal-acoustic-grid;next-voice-onset;pedal-acoustic-grid,no,change,none,0.125,,routine; written duration follows score/readability
Liszt_Concert_Etude_S145_2_1,LisztConcert_Etude_S145_2,Liszt,Concert_Etude_S145_2,LisztConcert_Etude_S145_2:RH:69:107.125000:3,RH,69,107.125000,m.27 beat 4.125,3,0.125,0.125,0.0,1.625,normal,,,,,,,unmatched,0.125000;0.875000;1.625000,barline;key-release-grid+pedal-acoustic-grid;next-voice-onset,no,release,none,0.125,,routine; written duration follows score/readability
Liszt_Concert_Etude_S145_2_1,LisztConcert_Etude_S145_2,Liszt,Concert_Etude_S145_2,LisztConcert_Etude_S145_2:RH:69:11.000000:1,RH,69,11.000000,m.3 beat 4.000,1,0.125,0.125,0.0,0.25,normal,,,,,,,unmatched,0.125000;0.250000,key-release-grid+pedal-acoustic-grid;next-voice-onset,no,none,none,0.125,,routine; written duration follows score/readability
Liszt_Concert_Etude_S145_2_1,LisztConcert_Etude_S145_2,Liszt,Concert_Etude_S145_2,LisztConcert_Etude_S145_2:RH:69:11.250000:1,RH,69,11.250000,m.3 beat 4.250,1,0.125,0.125,0.0,0.125,normal,,,,,,,unmatched,0.125000,key-release-grid+next-voice-onset+pedal-acoustic-grid,no,none,none,0.125,,routine; written duration follows score/readability
Liszt_Concert_Etude_S145_2_1,LisztConcert_Etude_S145_2,Liszt,Concert_Etude_S145_2,LisztConcert_Etude_S145_2:RH:69:11.625000:1,RH,69,11.625000,m.3 beat 4.625,1,0.125,0.541666667,0.416666667,0.25,medium,,,,,,,unmatched,0.125000;0.250000,key-release-grid;next-voice-onset,yes,hold,none,0.125,pedal-only,pedal carries sustain; keep short written note
Liszt_Concert_Etude_S145_2_1,LisztConcert_Etude_S145_2,Liszt,Concert_Etude_S145_2,LisztConcert_Etude_S145_2:RH:69:11.875000:1,RH,69,11.875000,m.3 beat 4.875,1,0.125,0.291666667,0.166666667,0.25,normal,,,,,,,unmatched,0.125000;0.250000,barline+key-release-grid;next-voice-onset+pedal-acoustic-grid,no,hold,none,0.125,,routine; written duration follows score/readability
Liszt_Concert_Etude_S145_2_1,LisztConcert_Etude_S145_2,Liszt,Concert_Etude_S145_2,LisztConcert_Etude_S145_2:RH:69:113.000000:3,RH,69,113.000000,m.29 beat 2.000,3,0.125,0.859375,0.734375,2.75,medium,P1,5,189.0,0.5,0,0,reference-duration-not-candidate,0.125000;0.750000;0.875000;1.000000;2.750000,key-release-grid;next-voice-onset;pedal-acoustic-grid,yes,change,change,0.5,notation-shortening,reference duration 0.5; shorten acoustic extension to 0.5 (score convention; pedal carries the tail)
Liszt_Concert_Etude_S145_2_1,LisztConcert_Etude_S145_2,Liszt,Concert_Etude_S145_2,LisztConcert_Etude_S145_2:RH:69:118.125000:2,RH,69,118.125000,m.30 beat 3.125,2,0.125,0.700520833,0.575520833,0.625,medium,P1,5,198.0,0.5,0,0,labeled,0.125000;0.625000,key-release-grid;next-voice-onset,yes,hold,change,0.5,notation-shortening,reference duration 0.5; shorten acoustic extension to 0.5 (score convention; pedal carries the tail)
Liszt_Concert_Etude_S145_2_1,LisztConcert_Etude_S145_2,Liszt,Concert_Etude_S145_2,LisztConcert_Etude_S145_2:RH:69:120.500000:2,RH,69,120.500000,m.31 beat 1.500,2,0.125,0.723958333,0.598958333,0.25,medium,P1,5,202.5,0.5,0,0,reference-duration-not-candidate,0.125000;0.250000,key-release-grid;next-voice-onset,yes,hold,change,0.5,notation-shortening,reference duration 0.5; shorten acoustic extension to 0.5 (score convention; pedal carries the tail)
Liszt_Concert_Etude_S145_2_1,LisztConcert_Etude_S145_2,Liszt,Concert_Etude_S145_2,LisztConcert_Etude_S145_2:RH:69:120.750000:2,RH,69,120.750000,m.31 beat 1.750,2,0.125,0.473958333,0.348958333,0.25,medium,P1,5,203.0,0.5,0,0,reference-duration-not-candidate,0.125000;0.250000,key-release-grid;next-voice-onset,yes,hold,none,0.5,notation-shortening,reference duration 0.5; shorten acoustic extension to 0.5 (score convention; pedal carries the tail)
Liszt_Concert_Etude_S145_2_1,LisztConcert_Etude_S145_2,Liszt,Concert_Etude_S145_2,LisztConcert_Etude_S145_2:RH:69:121.000000:2,RH,69,121.000000,m.31 beat 2.000,2,0.125,0.223958333,0.098958333,0.375,normal,P1,5,203.5,0.5,0,0,labeled,0.125000;0.250000;0.333333;0.375000,key-release-grid;next-voice-onset;pedal-acoustic-grid,no,change,none,0.5,notation-shortening,reference duration 0.5; shorten acoustic extension to 0.5 (score convention; pedal carries the tail)
Liszt_Concert_Etude_S145_2_1,LisztConcert_Etude_S145_2,Liszt,Concert_Etude_S145_2,LisztConcert_Etude_S145_2:RH:69:126.500000:2,RH,69,126.500000,m.32 beat 3.500,2,0.25,0.763020833,0.513020833,0.625,medium,P1,5,213.0,0.5,0,0,labeled,0.250000;0.333333;0.625000,key-release-grid;next-voice-onset,yes,change,change,0.5,notation-shortening,reference duration 0.5; shorten acoustic extension to 0.5 (score convention; pedal carries the tail)
Liszt_Concert_Etude_S145_2_1,LisztConcert_Etude_S145_2,Liszt,Concert_Etude_S145_2,LisztConcert_Etude_S145_2:RH:69:13.875000:1,RH,69,13.875000,m.4 beat 2.875,1,0.125,0.125,0.0,0.125,normal,P1,1,19.5,0.5,0,0,reference-duration-not-candidate,0.125000,key-release-grid+next-voice-onset+pedal-acoustic-grid,no,none,change,0.5,notation-shortening,reference duration 0.5; shorten acoustic extension to 0.5 (score convention; pedal carries the tail)
Liszt_Concert_Etude_S145_2_1,LisztConcert_Etude_S145_2,Liszt,Concert_Etude_S145_2,LisztConcert_Etude_S145_2:RH:69:14.375000:1,RH,69,14.375000,m.4 beat 3.375,1,0.125,0.125,0.0,0.291666667,normal,,,,,,,unmatched,0.125000;0.291667,key-release-grid+pedal-acoustic-grid;next-voice-onset,no,none,none,0.125,,routine; written duration follows score/readability
Liszt_Concert_Etude_S145_2_1,LisztConcert_Etude_S145_2,Liszt,Concert_Etude_S145_2,LisztConcert_Etude_S145_2:RH:69:145.250000:4,RH,69,145.250000,m.37 beat 2.250,4,0.125,0.408854167,0.283854167,-1.0,medium,P1,5,242.375,0.125,0,0,labeled,0.125000;0.333333;0.375000;0.500000;2.750000,barline;key-release-grid;pedal-acoustic-grid,yes,hold,none,0.125,,routine; written duration follows score/readability
Liszt_Concert_Etude_S145_2_1,LisztConcert_Etude_S145_2,Liszt,Concert_Etude_S145_2,LisztConcert_Etude_S145_2:RH:69:145.625000:1,RH,69,145.625000,m.37 beat 2.625,1,0.125,0.125,0.0,0.125,normal,P1,1,242.875,0.125,0,0,labeled,0.125000,key-release-grid+next-voice-onset+pedal-acoustic-grid,no,release,none,0.125,,routine; written duration follows score/readability
Liszt_Concert_Etude_S145_2_1,LisztConcert_Etude_S145_2,Liszt,Concert_Etude_S145_2,LisztConcert_Etude_S145_2:RH:69:147.125000:1,RH,69,147.125000,m.37 beat 4.125,1,0.125,0.125,0.0,0.208333333,normal,P1,1,244.666666667,0.333333333,0,0,labeled,0.125000;0.208333,key-release-grid+pedal-acoustic-grid;next-voice-onset,no,none,none,0.333333333,notation-shortening,reference duration 0.333333333; shorten acoustic extension to 0.333333333 (score convention; pedal carries the tail)
Liszt_Concert_Etude_S145_2_1,LisztConcert_Etude_S145_2,Liszt,Concert_Etude_S145_2,LisztConcert_Etude_S145_2:RH:69:16.666667:2,RH,69,16.666667,m.5 beat 1.667,2,0.125,0.135416667,0.010416667,0.333333333,normal,,,,,,,unmatched,0.125000;0.250000;0.333333,key-release-grid+pedal-acoustic-grid;next-voice-onset;pedal-acoustic-grid,no,release,none,0.125,,routine; written duration follows score/readability
Liszt_Concert_Etude_S145_2_1,LisztConcert_Etude_S145_2,Liszt,Concert_Etude_S145_2,LisztConcert_Etude_S145_2:RH:69:17.000000:2,RH,69,17.000000,m.5 beat 2.000,2,0.125,0.125,0.0,0.25,normal,,,,,,,unmatched,0.125000;0.250000,key-release-grid+pedal-acoustic-grid;next-voice-onset,no,release,none,0.125,,routine; written duration follows score/readability
Liszt_Concert_Etude_S145_2_1,LisztConcert_Etude_S145_2,Liszt,Concert_Etude_S145_2,LisztConcert_Etude_S145_2:RH:69:17.250000:2,RH,69,17.250000,m.5 beat 2.250,2,0.125,0.125,0.0,0.125,normal,,,,,,,unmatched,0.125000,key-release-grid+next-voice-onset+pedal-acoustic-grid,no,none,none,0.125,,routine; written duration follows score/readability
Liszt_Concert_Etude_S145_2_1,LisztConcert_Etude_S145_2,Liszt,Concert_Etude_S145_2,LisztConcert_Etude_S145_2:RH:69:17.666667:1,RH,69,17.666667,m.5 beat 2.667,1,0.125,0.6171875,0.4921875,0.333333333,medium,,,,,,,unmatched,0.125000;0.333333,key-release-grid;next-voice-onset,yes,change,none,0.125,pedal-only,pedal carries sustain; keep short written note
Liszt_Concert_Etude_S145_2_1,LisztConcert_Etude_S145_2,Liszt,Concert_Etude_S145_2,LisztConcert_Etude_S145_2:RH:69:18.000000:1,RH,69,18.000000,m.5 beat 3.000,1,0.125,0.283854167,0.158854167,0.25,normal,,,,,,,unmatched,0.125000;0.250000,key-release-grid;next-voice-onset+pedal-acoustic-grid,no,hold,none,0.125,,routine; written duration follows score/readability
Liszt_Concert_Etude_S145_2_1,LisztConcert_Etude_S145_2,Liszt,Concert_Etude_S145_2,LisztConcert_Etude_S145_2:RH:69:19.875000:2,RH,69,19.875000,m.5 beat 4.875,2,0.125,0.125,0.0,0.125,normal,P1,1,31.5,0.5,0,0,reference-duration-not-candidate,0.125000,barline+key-release-grid+next-voice-onset+pedal-acoustic-grid,no,none,change,0.5,notation-shortening,reference duration 0.5; shorten acoustic extension to 0.5 (score convention; pedal carries the tail)
Liszt_Concert_Etude_S145_2_1,LisztConcert_Etude_S145_2,Liszt,Concert_Etude_S145_2,LisztConcert_Etude_S145_2:RH:69:2.750000:1,RH,69,2.750000,m.1 beat 3.750,1,0.125,0.125,0.0,0.25,normal,,,,,,,unmatched,0.125000;0.250000,key-release-grid+pedal-acoustic-grid;next-voice-onset,no,none,none,0.125,,routine; written duration follows score/readability
Liszt_Concert_Etude_S145_2_1,LisztConcert_Etude_S145_2,Liszt,Concert_Etude_S145_2,LisztConcert_Etude_S145_2:RH:69:20.375000:2,RH,69,20.375000,m.6 beat 1.375,2,0.125,0.125,0.0,0.291666667,normal,,,,,,,unmatched,0.125000;0.291667,key-release-grid+pedal-acoustic-grid;next-voice-onset,no,none,none,0.125,,routine; written duration follows score/readability
Liszt_Concert_Etude_S145_2_1,LisztConcert_Etude_S145_2,Liszt,Concert_Etude_S145_2,LisztConcert_Etude_S145_2:RH:69:22.666667:2,RH,69,22.666667,m.6 beat 3.667,2,0.125,0.294270833,0.169270833,0.333333333,normal,,,,,,,unmatched,0.125000;0.250000;0.333333,key-release-grid;next-voice-onset+pedal-acoustic-grid;pedal-acoustic-grid,no,hold,none,0.125,,routine; written duration follows score/readability
Liszt_Concert_Etude_S145_2_1,LisztConcert_Etude_S145_2,Liszt,Concert_Etude_S145_2,LisztConcert_Etude_S145_2:RH:69:23.000000:2,RH,69,23.000000,m.6 beat 4.000,2,0.125,0.125,0.0,0.25,normal,P1,1,37.0,0.125,0,0,ambiguous-candidate,0.125000;0.250000,key-release-grid+pedal-acoustic-grid;next-voice-onset,no,release,none,0.125,,routine; written duration follows score/readability
Liszt_Concert_Etude_S145_2_1,LisztConcert_Etude_S145_2,Liszt,Concert_Etude_S145_2,LisztConcert_Etude_S145_2:RH:69:23.375000:2,RH,69,23.375000,m.6 beat 4.375,2,0.125,0.125,0.0,0.25,normal,,,,,,,unmatched,0.125000;0.250000,key-release-grid+pedal-acoustic-grid;next-voice-onset,no,none,none,0.125,,routine; written duration follows score/readability
Liszt_Concert_Etude_S145_2_1,LisztConcert_Etude_S145_2,Liszt,Concert_Etude_S145_2,LisztConcert_Etude_S145_2:RH:69:24.125000:2,RH,69,24.125000,m.7 beat 1.125,2,0.125,0.239583333,0.114583333,0.25,normal,,,,,,,unmatched,0.125000;0.250000,key-release-grid;next-voice-onset+pedal-acoustic-grid,no,release,none,0.125,,routine; written duration follows score/readability
Liszt_Concert_Etude_S145_2_1,LisztConcert_Etude_S145_2,Liszt,Concert_Etude_S145_2,LisztConcert_Etude_S145_2:RH:69:24.625000:2,RH,69,24.625000,m.7 beat 1.625,2,0.125,0.125,0.0,0.25,normal,P1,1,40.625,0.125,0,0,ambiguous-candidate,0.125000;0.250000,key-release-grid+pedal-acoustic-grid;next-voice-onset,no,none,none,0.125,,routine; written duration follows score/readability
Liszt_Concert_Etude_S145_2_1,LisztConcert_Etude_S145_2,Liszt,Concert_Etude_S145_2,LisztConcert_Etude_S145_2:RH:69:29.000000:2,RH,69,29.000000,m.8 beat 2.000,2,0.125,0.125,0.0,1.25,normal,P1,1,49.5,0.125,0,0,labeled,0.125000;1.250000,key-release-grid+pedal-acoustic-grid;next-voice-onset,no,none,change,0.125,,routine; written duration follows score/readability
Liszt_Concert_Etude_S145_2_1,LisztConcert_Etude_S145_2,Liszt,Concert_Etude_S145_2,LisztConcert_Etude_S145_2:RH:69:3.000000:1,RH,69,3.000000,m.1 beat 4.000,1,0.125,0.125,0.0,0.333333333,normal,,,,,,,unmatched,0.125000;0.333333,key-release-grid+pedal-acoustic-grid;next-voice-onset,no,none,none,0.125,,routine; written duration follows score/readability
Liszt_Concert_Etude_S145_2_1,LisztConcert_Etude_S145_2,Liszt,Concert_Etude_S145_2,LisztConcert_Etude_S145_2:RH:69:30.500000:2,RH,69,30.500000,m.8 beat 3.500,2,0.125,0.125,0.0,1.166666667,normal,P1,1,52.5,0.125,0,0,labeled,0.125000;1.166667,key-release-grid+pedal-acoustic-grid;next-voice-onset,no,release,change,0.125,,routine; written duration follows score/readability
Liszt_Concert_Etude_S145_2_1,LisztConcert_Etude_S145_2,Liszt,Concert_Etude_S145_2,LisztConcert_Etude_S145_2:RH:69:32.500000:2,RH,69,32.500000,m.9 beat 1.500,2,0.125,0.260416667,0.135416667,1.0,normal,,,,,,,unmatched,0.125000;0.250000;0.333333;1.000000,key-release-grid;next-voice-onset;pedal-acoustic-grid,no,hold,none,0.125,,routine; written duration follows score/readability
Liszt_Concert_Etude_S145_2_1,LisztConcert_Etude_S145_2,Liszt,Concert_Etude_S145_2,LisztConcert_Etude_S145_2:RH:69:33.500000:2,RH,69,33.500000,m.9 beat 2.500,2,0.125,0.2109375,0.0859375,0.375,normal,,,,,,,unmatched,0.125000;0.250000;0.333333;0.375000,key-release-grid;next-voice-onset;pedal-acoustic-grid,no,release,none,0.125,,routine; written duration follows score/readability
Liszt_Concert_Etude_S145_2_1,LisztConcert_Etude_S145_2,Liszt,Concert_Etude_S145_2,LisztConcert_Etude_S145_2:RH:69:33.875000:2,RH,69,33.875000,m.9 beat 2.875,2,0.125,0.125,0.0,2.125,normal,,,,,,,unmatched,0.125000;2.125000,barline+next-voice-onset;key-release-grid+pedal-acoustic-grid,no,release,none,0.125,,routine; written duration follows score/readability
Liszt_Concert_Etude_S145_2_1,LisztConcert_Etude_S145_2,Liszt,Concert_Etude_S145_2,LisztConcert_Etude_S145_2:RH:69:36.000000:2,RH,69,36.000000,m.10 beat 1.000,2,0.125,1.591145833,1.466145833,0.333333333,medium,P1,5,61.0,0.5,0,0,reference-duration-not-candidate,0.125000;0.333333,key-release-grid;next-voice-onset,yes,hold,none,0.5,notation-shortening,reference duration 0.5; shorten acoustic extension to 0.5 (score convention; pedal carries the tail)
Liszt_Concert_Etude_S145_2_1,LisztConcert_Etude_S145_2,Liszt,Concert_Etude_S145_2,LisztConcert_Etude_S145_2:RH:69:36.375000:1,RH,69,36.375000,m.10 beat 1.375,1,0.125,1.216145833,1.091145833,0.25,medium,P1,5,61.5,0.5,0,0,reference-duration-not-candidate,0.125000;0.250000,key-release-grid;next-voice-onset,yes,hold,change,0.5,notation-shortening,reference duration 0.5; shorten acoustic extension to 0.5 (score convention; pedal carries the tail)
Liszt_Concert_Etude_S145_2_1,LisztConcert_Etude_S145_2,Liszt,Concert_Etude_S145_2,LisztConcert_Etude_S145_2:RH:69:36.625000:2,RH,69,36.625000,m.10 beat 1.625,2,0.125,0.966145833,0.841145833,0.125,medium,P1,5,62.0,0.5,0,0,reference-duration-not-candidate,0.125000,key-release-grid+next-voice-onset,yes,hold,none,0.5,notation-shortening,reference duration 0.5; shorten acoustic extension to 0.5 (score convention; pedal carries the tail)
Liszt_Concert_Etude_S145_2_1,LisztConcert_Etude_S145_2,Liszt,Concert_Etude_S145_2,LisztConcert_Etude_S145_2:RH:69:36.875000:1,RH,69,36.875000,m.10 beat 1.875,1,0.125,0.716145833,0.591145833,0.25,medium,P1,5,62.0,0.5,0,0,reference-duration-not-candidate,0.125000;0.250000,key-release-grid;next-voice-onset,yes,hold,none,0.5,notation-shortening,reference duration 0.5; shorten acoustic extension to 0.5 (score convention; pedal carries the tail)
Liszt_Concert_Etude_S145_2_1,LisztConcert_Etude_S145_2,Liszt,Concert_Etude_S145_2,LisztConcert_Etude_S145_2:RH:69:37.125000:1,RH,69,37.125000,m.10 beat 2.125,1,0.125,0.466145833,0.341145833,0.125,medium,P1,5,62.5,0.5,0,0,reference-duration-not-candidate,0.125000,key-release-grid+next-voice-onset,yes,hold,none,0.5,notation-shortening,reference duration 0.5; shorten acoustic extension to 0.5 (score convention; pedal carries the tail)
Liszt_Concert_Etude_S145_2_1,LisztConcert_Etude_S145_2,Liszt,Concert_Etude_S145_2,LisztConcert_Etude_S145_2:RH:69:37.375000:1,RH,69,37.375000,m.10 beat 2.375,1,0.125,0.216145833,0.091145833,0.125,normal,P1,5,62.5,0.5,0,0,reference-duration-not-candidate,0.125000,key-release-grid+next-voice-onset,no,change,none,0.5,notation-shortening,reference duration 0.5; shorten acoustic extension to 0.5 (score convention; pedal carries the tail)
Liszt_Concert_Etude_S145_2_1,LisztConcert_Etude_S145_2,Liszt,Concert_Etude_S145_2,LisztConcert_Etude_S145_2:RH:69:37.666667:1,RH,69,37.666667,m.10 beat 2.667,1,0.125,0.78125,0.65625,0.958333333,medium,P1,5,63.0,0.5,0,0,reference-duration-not-candidate,0.125000;0.666667;0.750000;0.958333,key-release-grid;next-voice-onset;pedal-acoustic-grid,yes,change,change,0.5,notation-shortening,reference duration 0.5; shorten acoustic extension to 0.5 (score convention; pedal carries the tail)
Liszt_Concert_Etude_S145_2_1,LisztConcert_Etude_S145_2,Liszt,Concert_Etude_S145_2,LisztConcert_Etude_S145_2:RH:69:38.625000:1,RH,69,38.625000,m.10 beat 3.625,1,0.125,0.125,0.0,0.25,normal,P1,5,64.5,0.5,0,0,reference-duration-not-candidate,0.125000;0.250000,key-release-grid+pedal-acoustic-grid;next-voice-onset,no,release,change,0.5,notation-shortening,reference duration 0.5; shorten acoustic extension to 0.5 (score convention; pedal carries the tail)
Liszt_Concert_Etude_S145_2_1,LisztConcert_Etude_S145_2,Liszt,Concert_Etude_S145_2,LisztConcert_Etude_S145_2:RH:69:38.875000:1,RH,69,38.875000,m.10 beat 3.875,1,0.125,0.125,0.0,0.125,normal,P1,5,65.0,0.5,0,0,reference-duration-not-candidate,0.125000,key-release-grid+next-voice-onset+pedal-acoustic-grid,no,none,none,0.5,notation-shortening,reference duration 0.5; shorten acoustic extension to 0.5 (score convention; pedal carries the tail)
Liszt_Concert_Etude_S145_2_1,LisztConcert_Etude_S145_2,Liszt,Concert_Etude_S145_2,LisztConcert_Etude_S145_2:RH:69:39.125000:1,RH,69,39.125000,m.10 beat 4.125,1,0.125,0.125,0.0,0.125,normal,P1,5,65.5,0.5,0,0,reference-duration-not-candidate,0.125000,key-release-grid+next-voice-onset+pedal-acoustic-grid,no,none,none,0.5,notation-shortening,reference duration 0.5; shorten acoustic extension to 0.5 (score convention; pedal carries the tail)
Liszt_Concert_Etude_S145_2_1,LisztConcert_Etude_S145_2,Liszt,Concert_Etude_S145_2,LisztConcert_Etude_S145_2:RH:69:41.125000:2,RH,69,41.125000,m.11 beat 2.125,2,0.125,0.9609375,0.8359375,0.25,medium,P1,5,69.0,0.5,0,0,reference-duration-not-candidate,0.125000;0.250000,key-release-grid;next-voice-onset,yes,hold,start,0.5,notation-shortening,reference duration 0.5; shorten acoustic extension to 0.5 (score convention; pedal carries the tail)
Liszt_Concert_Etude_S145_2_1,LisztConcert_Etude_S145_2,Liszt,Concert_Etude_S145_2,LisztConcert_Etude_S145_2:RH:69:41.500000:2,RH,69,41.500000,m.11 beat 2.500,2,0.166666667,0.5859375,0.419270833,0.166666667,medium,P1,5,69.5,0.5,0,0,reference-duration-not-candidate,0.125000;0.166667,key-release-grid;next-voice-onset,yes,hold,none,0.5,notation-shortening,reference duration 0.5; shorten acoustic extension to 0.5 (score convention; pedal carries the tail)
Liszt_Concert_Etude_S145_2_1,LisztConcert_Etude_S145_2,Liszt,Concert_Etude_S145_2,LisztConcert_Etude_S145_2:RH:69:41.666667:2,RH,69,41.666667,m.11 beat 2.667,2,0.125,0.419270833,0.294270833,0.208333333,medium,P1,5,70.0,0.5,0,0,reference-duration-not-candidate,0.125000;0.208333,key-release-grid;next-voice-onset,yes,hold,none,0.5,notation-shortening,reference duration 0.5; shorten acoustic extension to 0.5 (score convention; pedal carries the tail)
Liszt_Concert_Etude_S145_2_1,LisztConcert_Etude_S145_2,Liszt,Concert_Etude_S145_2,LisztConcert_Etude_S145_2:RH:69:42.000000:1,RH,69,42.000000,m.11 beat 3.000,1,0.125,0.125,0.0,0.25,normal,P1,5,70.5,0.5,0,0,reference-duration-not-candidate,0.125000;0.250000,key-release-grid+pedal-acoustic-grid;next-voice-onset,no,release,change,0.5,notation-shortening,reference duration 0.5; shorten acoustic extension to 0.5 (score convention; pedal carries the tail)
Liszt_Concert_Etude_S145_2_1,LisztConcert_Etude_S145_2,Liszt,Concert_Etude_S145_2,LisztConcert_Etude_S145_2:RH:69:42.250000:1,RH,69,42.250000,m.11 beat 3.250,1,0.125,0.125,0.0,0.25,normal,P1,5,71.0,0.5,0,0,reference-duration-not-candidate,0.125000;0.250000,key-release-grid+pedal-acoustic-grid;next-voice-onset,no,release,none,0.5,notation-shortening,reference duration 0.5; shorten acoustic extension to 0.5 (score convention; pedal carries the tail)
Liszt_Concert_Etude_S145_2_1,LisztConcert_Etude_S145_2,Liszt,Concert_Etude_S145_2,LisztConcert_Etude_S145_2:RH:69:42.500000:1,RH,69,42.500000,m.11 beat 3.500,1,0.125,0.125,0.0,0.375,normal,P1,5,71.5,0.5,0,0,labeled,0.125000;0.375000,key-release-grid+pedal-acoustic-grid;next-voice-onset,no,none,none,0.5,notation-shortening,reference duration 0.5; shorten acoustic extension to 0.5 (score convention; pedal carries the tail)
Liszt_Concert_Etude_S145_2_1,LisztConcert_Etude_S145_2,Liszt,Concert_Etude_S145_2,LisztConcert_Etude_S145_2:RH:69:42.875000:1,RH,69,42.875000,m.11 beat 3.875,1,0.125,0.71875,0.59375,0.458333333,medium,P1,5,72.0,0.5,0,0,labeled,0.125000;0.458333,key-release-grid;next-voice-onset,yes,hold,change,0.5,notation-shortening,reference duration 0.5; shorten acoustic extension to 0.5 (score convention; pedal carries the tail)
Liszt_Concert_Etude_S145_2_1,LisztConcert_Etude_S145_2,Liszt,Concert_Etude_S145_2,LisztConcert_Etude_S145_2:RH:69:43.666667:1,RH,69,43.666667,m.11 beat 4.667,1,0.125,0.125,0.0,0.333333333,normal,P1,5,73.5,0.5,0,0,reference-duration-not-candidate,0.125000;0.333333,barline+next-voice-onset;key-release-grid+pedal-acoustic-grid,no,release,change,0.5,notation-shortening,reference duration 0.5; shorten acoustic extension to 0.5 (score convention; pedal carries the tail)
Liszt_Concert_Etude_S145_2_1,LisztConcert_Etude_S145_2,Liszt,Concert_Etude_S145_2,LisztConcert_Etude_S145_2:RH:69:44.000000:3,RH,69,44.000000,m.12 beat 1.000,3,0.125,0.125,0.0,0.333333333,normal,P1,5,74.0,0.5,0,0,reference-duration-not-candidate,0.125000;0.333333,key-release-grid+pedal-acoustic-grid;next-voice-onset,no,none,none,0.5,notation-shortening,reference duration 0.5; shorten acoustic extension to 0.5 (score convention; pedal carries the tail)
Liszt_Concert_Etude_S145_2_1,LisztConcert_Etude_S145_2,Liszt,Concert_Etude_S145_2,LisztConcert_Etude_S145_2:RH:69:46.333333:3,RH,69,46.333333,m.12 beat 3.333,3,0.125,0.744791667,0.619791667,0.291666667,medium,P1,5,78.0,0.5,0,0,reference-duration-not-candidate,0.125000;0.291667,key-release-grid;next-voice-onset,yes,hold,start,0.5,notation-shortening,reference duration 0.5; shorten acoustic extension to 0.5 (score convention; pedal carries the tail)
Liszt_Concert_Etude_S145_2_1,LisztConcert_Etude_S145_2,Liszt,Concert_Etude_S145_2,LisztConcert_Etude_S145_2:RH:69:46.625000:3,RH,69,46.625000,m.12 beat 3.625,3,0.125,0.453125,0.328125,0.25,medium,P1,5,78.5,0.5,0,0,reference-duration-not-candidate,0.125000;0.250000,key-release-grid;next-voice-onset,yes,hold,none,0.5,notation-shortening,reference duration 0.5; shorten acoustic extension to 0.5 (score convention; pedal carries the tail)
Liszt_Concert_Etude_S145_2_1,LisztConcert_Etude_S145_2,Liszt,Concert_Etude_S145_2,LisztConcert_Etude_S145_2:RH:69:46.875000:3,RH,69,46.875000,m.12 beat 3.875,3,0.125,0.203125,0.078125,0.25,normal,P1,5,79.0,0.5,0,0,reference-duration-not-candidate,0.125000;0.250000,key-release-grid;next-voice-onset+pedal-acoustic-grid,no,change,none,0.5,notation-shortening,reference duration 0.5; shorten acoustic extension to 0.5 (score convention; pedal carries the tail)
Liszt_Concert_Etude_S145_2_1,LisztConcert_Etude_S145_2,Liszt,Concert_Etude_S145_2,LisztConcert_Etude_S145_2:RH:69:52.500000:3,RH,69,52.500000,m.14 beat 1.500,3,0.125,0.734375,0.609375,0.25,medium,P1,5,88.5,0.5,0,0,reference-duration-not-candidate,0.125000;0.250000,key-release-grid;next-voice-onset,yes,hold,none,0.5,notation-shortening,reference duration 0.5; shorten acoustic extension to 0.5 (score convention; pedal carries the tail)
Liszt_Concert_Etude_S145_2_1,LisztConcert_Etude_S145_2,Liszt,Concert_Etude_S145_2,LisztConcert_Etude_S145_2:RH:69:52.750000:3,RH,69,52.750000,m.14 beat 1.750,3,0.125,0.484375,0.359375,0.25,medium,P1,5,89.0,0.5,0,0,reference-duration-not-candidate,0.125000;0.250000,key-release-grid;next-voice-onset,yes,hold,none,0.5,notation-shortening,reference duration 0.5; shorten acoustic extension to 0.5 (score convention; pedal carries the tail)
Liszt_Concert_Etude_S145_2_1,LisztConcert_Etude_S145_2,Liszt,Concert_Etude_S145_2,LisztConcert_Etude_S145_2:RH:69:53.125000:3,RH,69,53.125000,m.14 beat 2.125,3,0.125,0.125,0.0,0.25,normal,P1,5,89.5,0.5,0,0,reference-duration-not-candidate,0.125000;0.250000,key-release-grid+pedal-acoustic-grid;next-voice-onset,no,change,none,0.5,notation-shortening,reference duration 0.5; shorten acoustic extension to 0.5 (score convention; pedal carries the tail)
Liszt_Concert_Etude_S145_2_1,LisztConcert_Etude_S145_2,Liszt,Concert_Etude_S145_2,LisztConcert_Etude_S145_2:RH:69:72.500000:1,RH,69,72.500000,m.19 beat 1.500,1,0.125,0.6953125,0.5703125,0.125,medium,P1,5,119.25,0.125,0,0,labeled,0.125000,key-release-grid+next-voice-onset,yes,hold,none,0.125,,routine; written duration follows score/readability
Liszt_Concert_Etude_S145_2_1,LisztConcert_Etude_S145_2,Liszt,Concert_Etude_S145_2,LisztConcert_Etude_S145_2:RH:69:73.000000:1,RH,69,73.000000,m.19 beat 2.000,1,0.125,0.1953125,0.0703125,0.125,normal,P1,1,119.75,0.125,0,0,labeled,0.125000,key-release-grid+next-voice-onset,no,release,none,0.125,,routine; written duration follows score/readability
Liszt_Concert_Etude_S145_2_1,LisztConcert_Etude_S145_2,Liszt,Concert_Etude_S145_2,LisztConcert_Etude_S145_2:RH:69:76.250000:1,RH,69,76.250000,m.20 beat 1.250,1,0.125,0.125,0.0,0.25,normal,,,,,,,unmatched,0.125000;0.250000,key-release-grid+pedal-acoustic-grid;next-voice-onset,no,none,none,0.125,,routine; written duration follows score/readability
Liszt_Concert_Etude_S145_2_1,LisztConcert_Etude_S145_2,Liszt,Concert_Etude_S145_2,LisztConcert_Etude_S145_2:RH:69:76.500000:1,RH,69,76.500000,m.20 beat 1.500,1,0.125,0.125,0.0,0.25,normal,,,,,,,unmatched,0.125000;0.250000,key-release-grid+pedal-acoustic-grid;next-voice-onset,no,none,none,0.125,,routine; written duration follows score/readability
Liszt_Concert_Etude_S145_2_1,LisztConcert_Etude_S145_2,Liszt,Concert_Etude_S145_2,LisztConcert_Etude_S145_2:RH:69:84.125000:1,RH,69,84.125000,m.22 beat 1.125,1,0.125,0.125,0.0,0.208333333,normal,,,,,,,unmatched,0.125000;0.208333,key-release-grid+pedal-acoustic-grid;next-voice-onset,no,release,none,0.125,,routine; written duration follows score/readability
Liszt_Concert_Etude_S145_2_1,LisztConcert_Etude_S145_2,Liszt,Concert_Etude_S145_2,LisztConcert_Etude_S145_2:RH:69:84.333333:1,RH,69,84.333333,m.22 beat 1.333,1,0.166666667,0.166666667,0.0,0.166666667,normal,,,,,,,unmatched,0.125000;0.166667,key-release-grid+pedal-acoustic-grid;next-voice-onset,no,release,none,0.166667,,routine; written duration follows score/readability
Liszt_Concert_Etude_S145_2_1,LisztConcert_Etude_S145_2,Liszt,Concert_Etude_S145_2,LisztConcert_Etude_S145_2:RH:69:84.500000:1,RH,69,84.500000,m.22 beat 1.500,1,0.125,0.125,0.0,0.25,normal,,,,,,,unmatched,0.125000;0.250000,key-release-grid+pedal-acoustic-grid;next-voice-onset,no,none,none,0.125,,routine; written duration follows score/readability
Liszt_Concert_Etude_S145_2_1,LisztConcert_Etude_S145_2,Liszt,Concert_Etude_S145_2,LisztConcert_Etude_S145_2:RH:69:85.000000:3,RH,69,85.000000,m.22 beat 2.000,3,0.125,0.552083333,0.427083333,0.25,medium,,,,,,,unmatched,0.125000;0.250000,key-release-grid;next-voice-onset,yes,hold,none,0.125,pedal-only,pedal carries sustain; keep short written note
Liszt_Concert_Etude_S145_2_1,LisztConcert_Etude_S145_2,Liszt,Concert_Etude_S145_2,LisztConcert_Etude_S145_2:RH:69:85.250000:3,RH,69,85.250000,m.22 beat 2.250,3,0.125,0.302083333,0.177083333,0.25,normal,,,,,,,unmatched,0.125000;0.250000,key-release-grid;next-voice-onset+pedal-acoustic-grid,no,hold,none,0.125,,routine; written duration follows score/readability
Liszt_Concert_Etude_S145_2_1,LisztConcert_Etude_S145_2,Liszt,Concert_Etude_S145_2,LisztConcert_Etude_S145_2:RH:69:87.333333:3,RH,69,87.333333,m.22 beat 4.333,3,0.125,0.125,0.0,0.541666667,normal,P1,1,142.5,0.5,0,0,labeled,0.125000;0.541667,key-release-grid+pedal-acoustic-grid;next-voice-onset,no,none,change,0.5,notation-shortening,reference duration 0.5; shorten acoustic extension to 0.5 (score convention; pedal carries the tail)
Liszt_Concert_Etude_S145_2_1,LisztConcert_Etude_S145_2,Liszt,Concert_Etude_S145_2,LisztConcert_Etude_S145_2:RH:69:87.875000:3,RH,69,87.875000,m.22 beat 4.875,3,0.125,0.125,0.0,0.25,normal,,,,,,,unmatched,0.125000;0.250000,barline+key-release-grid+pedal-acoustic-grid;next-voice-onset,no,none,none,0.125,,routine; written duration follows score/readability
Liszt_Concert_Etude_S145_2_1,LisztConcert_Etude_S145_2,Liszt,Concert_Etude_S145_2,LisztConcert_Etude_S145_2:RH:69:90.125000:3,RH,69,90.125000,m.23 beat 3.125,3,0.125,0.125,0.0,0.25,normal,,,,,,,unmatched,0.125000;0.250000,key-release-grid+pedal-acoustic-grid;next-voice-onset,no,release,none,0.125,,routine; written duration follows score/readability
Liszt_Concert_Etude_S145_2_1,LisztConcert_Etude_S145_2,Liszt,Concert_Etude_S145_2,LisztConcert_Etude_S145_2:RH:69:90.500000:3,RH,69,90.500000,m.23 beat 3.500,3,0.125,0.125,0.0,0.125,normal,,,,,,,unmatched,0.125000,key-release-grid+next-voice-onset+pedal-acoustic-grid,no,none,none,0.125,,routine; written duration follows score/readability
Liszt_Concert_Etude_S145_2_1,LisztConcert_Etude_S145_2,Liszt,Concert_Etude_S145_2,LisztConcert_Etude_S145_2:RH:69:90.625000:3,RH,69,90.625000,m.23 beat 3.625,3,0.125,0.125,0.0,0.25,normal,,,,,,,unmatched,0.125000;0.250000,key-release-grid+pedal-acoustic-grid;next-voice-onset,no,none,none,0.125,,routine; written duration follows score/readability
Liszt_Concert_Etude_S145_2_1,LisztConcert_Etude_S145_2,Liszt,Concert_Etude_S145_2,LisztConcert_Etude_S145_2:RH:69:91.125000:3,RH,69,91.125000,m.23 beat 4.125,3,0.125,0.580729167,0.455729167,0.25,medium,,,,,,,unmatched,0.125000;0.250000,key-release-grid;next-voice-onset,yes,hold,none,0.125,pedal-only,pedal carries sustain; keep short written note
Liszt_Concert_Etude_S145_2_1,LisztConcert_Etude_S145_2,Liszt,Concert_Etude_S145_2,LisztConcert_Etude_S145_2:RH:69:91.375000:3,RH,69,91.375000,m.23 beat 4.375,3,0.125,0.330729167,0.205729167,0.25,normal,,,,,,,unmatched,0.125000;0.250000,key-release-grid;next-voice-onset+pedal-acoustic-grid,no,hold,none,0.125,,routine; written duration follows score/readability
Liszt_Concert_Etude_S145_2_1,LisztConcert_Etude_S145_2,Liszt,Concert_Etude_S145_2,LisztConcert_Etude_S145_2:RH:69:93.375000:1,RH,69,93.375000,m.24 beat 2.375,1,0.125,0.125,0.0,0.5,normal,P1,1,154.5,0.5,0,0,labeled,0.125000;0.500000,key-release-grid+pedal-acoustic-grid;next-voice-onset,no,none,change,0.5,notation-shortening,reference duration 0.5; shorten acoustic extension to 0.5 (score convention; pedal carries the tail)
Liszt_Concert_Etude_S145_2_1,LisztConcert_Etude_S145_2,Liszt,Concert_Etude_S145_2,LisztConcert_Etude_S145_2:RH:69:93.875000:1,RH,69,93.875000,m.24 beat 2.875,1,0.125,0.125,0.0,0.25,normal,,,,,,,unmatched,0.125000;0.250000,key-release-grid+pedal-acoustic-grid;next-voice-onset,no,none,none,0.125,,routine; written duration follows score/readability
Liszt_Concert_Etude_S145_2_1,LisztConcert_Etude_S145_2,Liszt,Concert_Etude_S145_2,LisztConcert_Etude_S145_2:RH:69:96.250000:1,RH,69,96.250000,m.25 beat 1.250,1,0.125,0.270833333,0.145833333,0.25,normal,,,,,,,unmatched,0.125000;0.250000,key-release-grid;next-voice-onset+pedal-acoustic-grid,no,hold,none,0.125,,routine; written duration follows score/readability
Liszt_Concert_Etude_S145_2_1,LisztConcert_Etude_S145_2,Liszt,Concert_Etude_S145_2,LisztConcert_Etude_S145_2:RH:69:96.500000:1,RH,69,96.500000,m.25 beat 1.500,1,0.125,0.125,0.0,0.25,normal,P1,1,160.0,0.125,0,0,ambiguous-candidate,0.125000;0.250000,key-release-grid+pedal-acoustic-grid;next-voice-onset,no,release,none,0.125,,routine; written duration follows score/readability
Liszt_Concert_Etude_S145_2_1,LisztConcert_Etude_S145_2,Liszt,Concert_Etude_S145_2,LisztConcert_Etude_S145_2:RH:69:97.000000:1,RH,69,97.000000,m.25 beat 2.000,1,0.125,0.125,0.0,0.25,normal,,,,,,,unmatched,0.125000;0.250000,key-release-grid+pedal-acoustic-grid;next-voice-onset,no,none,none,0.125,,routine; written duration follows score/readability
Liszt_Concert_Etude_S145_2_1,LisztConcert_Etude_S145_2,Liszt,Concert_Etude_S145_2,LisztConcert_Etude_S145_2:RH:69:97.666667:1,RH,69,97.666667,m.25 beat 2.667,1,0.125,0.299479167,0.174479167,0.333333333,normal,,,,,,,unmatched,0.125000;0.250000;0.333333,key-release-grid;next-voice-onset+pedal-acoustic-grid;pedal-acoustic-grid,no,hold,none,0.125,,routine; written duration follows score/readability
Liszt_Concert_Etude_S145_2_1,LisztConcert_Etude_S145_2,Liszt,Concert_Etude_S145_2,LisztConcert_Etude_S145_2:RH:69:98.250000:1,RH,69,98.250000,m.25 beat 3.250,1,0.125,0.125,0.0,0.25,normal,P1,1,163.625,0.125,0,0,ambiguous-candidate,0.125000;0.250000,key-release-grid+pedal-acoustic-grid;next-voice-onset,no,none,none,0.125,,routine; written duration follows score/readability
Liszt_Concert_Etude_S145_2_1,LisztConcert_Etude_S145_2,Liszt,Concert_Etude_S145_2,LisztConcert_Etude_S145_2:RH:70:109.625000:1,RH,70,109.625000,m.28 beat 2.625,1,0.125,1.567708333,1.442708333,0.25,medium,P1,5,183.0,0.5,0,0,reference-duration-not-candidate,0.125000;0.250000,key-release-grid;next-voice-onset,yes,hold,change,0.5,notation-shortening,reference duration 0.5; shorten acoustic extension to 0.5 (score convention; pedal carries the tail)
Liszt_Concert_Etude_S145_2_1,LisztConcert_Etude_S145_2,Liszt,Concert_Etude_S145_2,LisztConcert_Etude_S145_2:RH:70:109.875000:1,RH,70,109.875000,m.28 beat 2.875,1,0.125,1.317708333,1.192708333,0.375,medium,P1,5,183.5,0.5,0,0,labeled,0.125000;0.375000,key-release-grid;next-voice-onset,yes,hold,none,0.5,notation-shortening,reference duration 0.5; shorten acoustic extension to 0.5 (score convention; pedal carries the tail)
Liszt_Concert_Etude_S145_2_1,LisztConcert_Etude_S145_2,Liszt,Concert_Etude_S145_2,LisztConcert_Etude_S145_2:RH:70:110.250000:1,RH,70,110.250000,m.28 beat 3.250,1,0.125,0.942708333,0.817708333,0.25,medium,P1,5,184.0,0.5,0,0,reference-duration-not-candidate,0.125000;0.250000,key-release-grid;next-voice-onset,yes,hold,none,0.5,notation-shortening,reference duration 0.5; shorten acoustic extension to 0.5 (score convention; pedal carries the tail)
Liszt_Concert_Etude_S145_2_1,LisztConcert_Etude_S145_2,Liszt,Concert_Etude_S145_2,LisztConcert_Etude_S145_2:RH:70:110.500000:1,RH,70,110.500000,m.28 beat 3.500,1,0.125,0.692708333,0.567708333,0.166666667,medium,P1,5,184.5,0.5,0,0,reference-duration-not-candidate,0.125000;0.166667,key-release-grid;next-voice-onset,yes,hold,change,0.5,notation-shortening,reference duration 0.5; shorten acoustic extension to 0.5 (score convention; pedal carries the tail)
Liszt_Concert_Etude_S145_2_1,LisztConcert_Etude_S145_2,Liszt,Concert_Etude_S145_2,LisztConcert_Etude_S145_2:RH:70:110.750000:2,RH,70,110.750000,m.28 beat 3.750,2,0.125,0.442708333,0.317708333,0.125,medium,P1,5,185.0,0.5,0,0,reference-duration-not-candidate,0.125000,key-release-grid+next-voice-onset,yes,hold,none,0.5,notation-shortening,reference duration 0.5; shorten acoustic extension to 0.5 (score convention; pedal carries the tail)
Liszt_Concert_Etude_S145_2_1,LisztConcert_Etude_S145_2,Liszt,Concert_Etude_S145_2,LisztConcert_Etude_S145_2:RH:70:110.875000:2,RH,70,110.875000,m.28 beat 3.875,2,0.125,0.317708333,0.192708333,0.125,normal,P1,5,185.5,0.5,0,0,reference-duration-not-candidate,0.125000,key-release-grid+next-voice-onset,no,hold,none,0.5,notation-shortening,reference duration 0.5; shorten acoustic extension to 0.5 (score convention; pedal carries the tail)
Liszt_Concert_Etude_S145_2_1,LisztConcert_Etude_S145_2,Liszt,Concert_Etude_S145_2,LisztConcert_Etude_S145_2:RH:70:111.250000:2,RH,70,111.250000,m.28 beat 4.250,2,0.125,0.791666667,0.666666667,0.875,medium,P1,5,186.0,0.5,0,0,reference-duration-not-candidate,0.125000;0.666667;0.750000;0.875000,barline+pedal-acoustic-grid;key-release-grid;next-voice-onset;pedal-acoustic-grid,yes,change,change,0.5,notation-shortening,reference duration 0.5; shorten acoustic extension to 0.5 (score convention; pedal carries the tail)
Liszt_Concert_Etude_S145_2_1,LisztConcert_Etude_S145_2,Liszt,Concert_Etude_S145_2,LisztConcert_Etude_S145_2:RH:70:112.125000:2,RH,70,112.125000,m.29 beat 1.125,2,0.125,0.125,0.0,0.125,normal,P1,5,187.5,0.5,0,0,reference-duration-not-candidate,0.125000,key-release-grid+next-voice-onset+pedal-acoustic-grid,no,release,change,0.5,notation-shortening,reference duration 0.5; shorten acoustic extension to 0.5 (score convention; pedal carries the tail)
Liszt_Concert_Etude_S145_2_1,LisztConcert_Etude_S145_2,Liszt,Concert_Etude_S145_2,LisztConcert_Etude_S145_2:RH:70:112.375000:1,RH,70,112.375000,m.29 beat 1.375,1,0.125,0.125,0.0,0.25,normal,P1,5,188.0,0.5,0,0,reference-duration-not-candidate,0.125000;0.250000,key-release-grid+pedal-acoustic-grid;next-voice-onset,no,none,none,0.5,notation-shortening,reference duration 0.5; shorten acoustic extension to 0.5 (score convention; pedal carries the tail)
Liszt_Concert_Etude_S145_2_1,LisztConcert_Etude_S145_2,Liszt,Concert_Etude_S145_2,LisztConcert_Etude_S145_2:RH:70:112.666667:2,RH,70,112.666667,m.29 beat 1.667,2,0.125,0.125,0.0,0.208333333,normal,P1,5,188.5,0.5,0,0,reference-duration-not-candidate,0.125000;0.208333,key-release-grid+pedal-acoustic-grid;next-voice-onset,no,none,none,0.5,notation-shortening,reference duration 0.5; shorten acoustic extension to 0.5 (score convention; pedal carries the tail)
Liszt_Concert_Etude_S145_2_1,LisztConcert_Etude_S145_2,Liszt,Concert_Etude_S145_2,LisztConcert_Etude_S145_2:RH:70:114.625000:1,RH,70,114.625000,m.29 beat 3.625,1,0.125,1.53125,1.40625,0.25,medium,P1,5,192.0,0.5,0,0,reference-duration-not-candidate,0.125000;0.250000,key-release-grid;next-voice-onset,yes,hold,start,0.5,notation-shortening,reference duration 0.5; shorten acoustic extension to 0.5 (score convention; pedal carries the tail)
Liszt_Concert_Etude_S145_2_1,LisztConcert_Etude_S145_2,Liszt,Concert_Etude_S145_2,LisztConcert_Etude_S145_2:RH:70:114.875000:1,RH,70,114.875000,m.29 beat 3.875,1,0.125,1.28125,1.15625,0.25,medium,P1,5,192.5,0.5,0,0,reference-duration-not-candidate,0.125000;0.250000,key-release-grid;next-voice-onset,yes,hold,none,0.5,notation-shortening,reference duration 0.5; shorten acoustic extension to 0.5 (score convention; pedal carries the tail)
Liszt_Concert_Etude_S145_2_1,LisztConcert_Etude_S145_2,Liszt,Concert_Etude_S145_2,LisztConcert_Etude_S145_2:RH:70:115.125000:1,RH,70,115.125000,m.29 beat 4.125,1,0.125,1.03125,0.90625,0.375,medium,P1,5,193.0,0.5,0,0,labeled,0.125000;0.375000,key-release-grid;next-voice-onset,yes,hold,none,0.5,notation-shortening,reference duration 0.5; shorten acoustic extension to 0.5 (score convention; pedal carries the tail)
Liszt_Concert_Etude_S145_2_1,LisztConcert_Etude_S145_2,Liszt,Concert_Etude_S145_2,LisztConcert_Etude_S145_2:RH:70:115.500000:1,RH,70,115.500000,m.29 beat 4.500,1,0.125,0.65625,0.53125,0.166666667,medium,P1,5,193.5,0.5,0,0,reference-duration-not-candidate,0.125000;0.166667,key-release-grid;next-voice-onset,yes,hold,change,0.5,notation-shortening,reference duration 0.5; shorten acoustic extension to 0.5 (score convention; pedal carries the tail)
Liszt_Concert_Etude_S145_2_1,LisztConcert_Etude_S145_2,Liszt,Concert_Etude_S145_2,LisztConcert_Etude_S145_2:RH:70:115.750000:3,RH,70,115.750000,m.29 beat 4.750,3,0.125,0.40625,0.28125,0.25,medium,P1,5,194.0,0.5,0,0,reference-duration-not-candidate,0.125000;0.250000,barline+next-voice-onset;key-release-grid,yes,hold,none,0.5,notation-shortening,reference duration 0.5; shorten acoustic extension to 0.5 (score convention; pedal carries the tail)
Liszt_Concert_Etude_S145_2_1,LisztConcert_Etude_S145_2,Liszt,Concert_Etude_S145_2,LisztConcert_Etude_S145_2:RH:70:116.000000:3,RH,70,116.000000,m.30 beat 1.000,3,0.125,0.15625,0.03125,0.25,normal,P1,5,194.5,0.5,0,0,reference-duration-not-candidate,0.125000;0.250000,key-release-grid+pedal-acoustic-grid;next-voice-onset+pedal-acoustic-grid,no,change,none,0.5,notation-shortening,reference duration 0.5; shorten acoustic extension to 0.5 (score convention; pedal carries the tail)
Liszt_Concert_Etude_S145_2_1,LisztConcert_Etude_S145_2,Liszt,Concert_Etude_S145_2,LisztConcert_Etude_S145_2:RH:70:116.250000:3,RH,70,116.250000,m.30 beat 1.250,3,0.125,0.815104167,0.690104167,0.875,medium,P1,5,195.0,0.5,0,0,reference-duration-not-candidate,0.125000;0.666667;0.750000;0.875000,key-release-grid;next-voice-onset+pedal-acoustic-grid;pedal-acoustic-grid,yes,change,change,0.5,notation-shortening,reference duration 0.5; shorten acoustic extension to 0.5 (score convention; pedal carries the tail)
Liszt_Concert_Etude_S145_2_1,LisztConcert_Etude_S145_2,Liszt,Concert_Etude_S145_2,LisztConcert_Etude_S145_2:RH:70:117.125000:3,RH,70,117.125000,m.30 beat 2.125,3,0.125,0.125,0.0,0.125,normal,P1,5,196.5,0.5,0,0,reference-duration-not-candidate,0.125000,key-release-grid+next-voice-onset+pedal-acoustic-grid,no,release,change,0.5,notation-shortening,reference duration 0.5; shorten acoustic extension to 0.5 (score convention; pedal carries the tail)
Liszt_Concert_Etude_S145_2_1,LisztConcert_Etude_S145_2,Liszt,Concert_Etude_S145_2,LisztConcert_Etude_S145_2:RH:70:117.375000:3,RH,70,117.375000,m.30 beat 2.375,3,0.125,0.125,0.0,0.125,normal,P1,5,197.0,0.5,0,0,reference-duration-not-candidate,0.125000,key-release-grid+next-voice-onset+pedal-acoustic-grid,no,none,none,0.5,notation-shortening,reference duration 0.5; shorten acoustic extension to 0.5 (score convention; pedal carries the tail)
Liszt_Concert_Etude_S145_2_1,LisztConcert_Etude_S145_2,Liszt,Concert_Etude_S145_2,LisztConcert_Etude_S145_2:RH:70:117.625000:2,RH,70,117.625000,m.30 beat 2.625,2,0.125,0.125,0.0,0.375,normal,P1,5,197.5,0.5,0,0,labeled,0.125000;0.375000,key-release-grid+pedal-acoustic-grid;next-voice-onset,no,none,none,0.5,notation-shortening,reference duration 0.5; shorten acoustic extension to 0.5 (score convention; pedal carries the tail)
Liszt_Concert_Etude_S145_2_1,LisztConcert_Etude_S145_2,Liszt,Concert_Etude_S145_2,LisztConcert_Etude_S145_2:RH:70:119.625000:2,RH,70,119.625000,m.30 beat 4.625,2,0.125,0.768229167,0.643229167,0.25,medium,P1,5,201.0,0.5,0,0,reference-duration-not-candidate,0.125000;0.250000,key-release-grid;next-voice-onset,yes,hold,start,0.5,notation-shortening,reference duration 0.5; shorten acoustic extension to 0.5 (score convention; pedal carries the tail)
Liszt_Concert_Etude_S145_2_1,LisztConcert_Etude_S145_2,Liszt,Concert_Etude_S145_2,LisztConcert_Etude_S145_2:RH:70:119.875000:2,RH,70,119.875000,m.30 beat 4.875,2,0.125,0.518229167,0.393229167,0.25,medium,P1,5,201.5,0.5,0,0,reference-duration-not-candidate,0.125000;0.250000,barline+key-release-grid;next-voice-onset,yes,hold,none,0.5,notation-shortening,reference duration 0.5; shorten acoustic extension to 0.5 (score convention; pedal carries the tail)
Liszt_Concert_Etude_S145_2_1,LisztConcert_Etude_S145_2,Liszt,Concert_Etude_S145_2,LisztConcert_Etude_S145_2:RH:70:120.125000:2,RH,70,120.125000,m.31 beat 1.125,2,0.125,0.268229167,0.143229167,0.208333333,normal,P1,5,202.0,0.5,0,0,reference-duration-not-candidate,0.125000;0.208333,key-release-grid;next-voice-onset,no,hold,none,0.5,notation-shortening,reference duration 0.5; shorten acoustic extension to 0.5 (score convention; pedal carries the tail)
Liszt_Concert_Etude_S145_2_1,LisztConcert_Etude_S145_2,Liszt,Concert_Etude_S145_2,LisztConcert_Etude_S145_2:RH:70:125.625000:2,RH,70,125.625000,m.32 beat 2.625,2,0.125,0.768229167,0.643229167,0.25,medium,P1,5,211.5,0.5,0,0,reference-duration-not-candidate,0.125000;0.250000,key-release-grid;next-voice-onset,yes,hold,change,0.5,notation-shortening,reference duration 0.5; shorten acoustic extension to 0.5 (score convention; pedal carries the tail)
Liszt_Concert_Etude_S145_2_1,LisztConcert_Etude_S145_2,Liszt,Concert_Etude_S145_2,LisztConcert_Etude_S145_2:RH:70:125.875000:2,RH,70,125.875000,m.32 beat 2.875,2,0.125,0.518229167,0.393229167,0.375,medium,P1,5,212.0,0.5,0,0,labeled,0.125000;0.375000,key-release-grid;next-voice-onset,yes,hold,none,0.5,notation-shortening,reference duration 0.5; shorten acoustic extension to 0.5 (score convention; pedal carries the tail)
Liszt_Concert_Etude_S145_2_1,LisztConcert_Etude_S145_2,Liszt,Concert_Etude_S145_2,LisztConcert_Etude_S145_2:RH:70:126.250000:2,RH,70,126.250000,m.32 beat 3.250,2,0.125,0.143229167,0.018229167,0.25,high,P1,5,212.5,0.5,0,0,reference-duration-not-candidate,0.125000;0.250000,key-release-grid+pedal-acoustic-grid;next-voice-onset+pedal-acoustic-grid,no,change,none,0.5,notation-shortening,reference duration 0.5; shorten acoustic extension to 0.5 (score convention; pedal carries the tail)
Liszt_Concert_Etude_S145_2_1,LisztConcert_Etude_S145_2,Liszt,Concert_Etude_S145_2,LisztConcert_Etude_S145_2:RH:70:145.125000:4,RH,70,145.125000,m.37 beat 2.125,4,0.125,0.533854167,0.408854167,0.125,medium,P1,5,242.25,0.125,0,0,labeled,0.125000,key-release-grid+next-voice-onset,yes,hold,none,0.125,,routine; written duration follows score/readability
Liszt_Concert_Etude_S145_2_1,LisztConcert_Etude_S145_2,Liszt,Concert_Etude_S145_2,LisztConcert_Etude_S145_2:RH:70:145.500000:1,RH,70,145.500000,m.37 beat 2.500,1,0.125,0.158854167,0.033854167,0.125,normal,P1,1,242.75,0.125,0,0,labeled,0.125000,key-release-grid+next-voice-onset+pedal-acoustic-grid,no,release,none,0.125,,routine; written duration follows score/readability
Liszt_Concert_Etude_S145_2_1,LisztConcert_Etude_S145_2,Liszt,Concert_Etude_S145_2,LisztConcert_Etude_S145_2:RH:70:24.875000:2,RH,70,24.875000,m.7 beat 1.875,2,0.125,0.125,0.0,0.25,normal,P1,5,41.0,0.125,0,0,ambiguous-candidate,0.125000;0.250000,key-release-grid+pedal-acoustic-grid;next-voice-onset,no,none,stop,0.125,,routine; written duration follows score/readability
Liszt_Concert_Etude_S145_2_1,LisztConcert_Etude_S145_2,Liszt,Concert_Etude_S145_2,LisztConcert_Etude_S145_2:RH:70:48.750000:2,RH,70,48.750000,m.13 beat 1.750,2,0.125,0.125,0.0,0.125,normal,,,,,,,unmatched,0.125000,key-release-grid+next-voice-onset+pedal-acoustic-grid,no,change,none,0.125,,routine; written duration follows score/readability
Liszt_Concert_Etude_S145_2_1,LisztConcert_Etude_S145_2,Liszt,Concert_Etude_S145_2,LisztConcert_Etude_S145_2:RH:70:49.750000:2,RH,70,49.750000,m.13 beat 2.750,2,0.125,0.455729167,0.330729167,0.125,medium,P1,5,84.0,0.5,0,0,reference-duration-not-candidate,0.125000,key-release-grid+next-voice-onset,yes,change,change,0.5,notation-shortening,reference duration 0.5; shorten acoustic extension to 0.5 (score convention; pedal carries the tail)
Liszt_Concert_Etude_S145_2_1,LisztConcert_Etude_S145_2,Liszt,Concert_Etude_S145_2,LisztConcert_Etude_S145_2:RH:70:51.625000:2,RH,70,51.625000,m.13 beat 4.625,2,0.125,0.736979167,0.611979167,0.125,medium,P1,5,87.0,0.5,0,0,reference-duration-not-candidate,0.125000,key-release-grid+next-voice-onset,yes,hold,none,0.5,notation-shortening,reference duration 0.5; shorten acoustic extension to 0.5 (score convention; pedal carries the tail)
Liszt_Concert_Etude_S145_2_1,LisztConcert_Etude_S145_2,Liszt,Concert_Etude_S145_2,LisztConcert_Etude_S145_2:RH:70:51.875000:3,RH,70,51.875000,m.13 beat 4.875,3,0.125,0.486979167,0.361979167,0.25,medium,P1,5,87.5,0.5,0,0,reference-duration-not-candidate,0.125000;0.250000,barline+key-release-grid;next-voice-onset,yes,hold,none,0.5,notation-shortening,reference duration 0.5; shorten acoustic extension to 0.5 (score convention; pedal carries the tail)
Liszt_Concert_Etude_S145_2_1,LisztConcert_Etude_S145_2,Liszt,Concert_Etude_S145_2,LisztConcert_Etude_S145_2:RH:70:52.125000:3,RH,70,52.125000,m.14 beat 1.125,3,0.125,0.236979167,0.111979167,0.375,normal,P1,5,88.0,0.5,0,0,labeled,0.125000;0.250000;0.333333;0.375000,key-release-grid;next-voice-onset;pedal-acoustic-grid,no,change,none,0.5,notation-shortening,reference duration 0.5; shorten acoustic extension to 0.5 (score convention; pedal carries the tail)
Liszt_Concert_Etude_S145_2_1,LisztConcert_Etude_S145_2,Liszt,Concert_Etude_S145_2,LisztConcert_Etude_S145_2:RH:70:72.333333:1,RH,70,72.333333,m.19 beat 1.333,1,0.125,0.861979167,0.736979167,0.166666667,medium,P1,5,119.125,0.125,0,0,ambiguous-candidate,0.125000;0.166667,key-release-grid;next-voice-onset,yes,hold,none,0.125,,routine; written duration follows score/readability
Liszt_Concert_Etude_S145_2_1,LisztConcert_Etude_S145_2,Liszt,Concert_Etude_S145_2,LisztConcert_Etude_S145_2:RH:70:72.750000:1,RH,70,72.750000,m.19 beat 1.750,1,0.125,0.4453125,0.3203125,0.25,medium,P1,1,119.625,0.125,0,0,ambiguous-candidate,0.125000;0.250000,key-release-grid;next-voice-onset,yes,hold,none,0.125,,routine; written duration follows score/readability
Liszt_Concert_Etude_S145_2_1,LisztConcert_Etude_S145_2,Liszt,Concert_Etude_S145_2,LisztConcert_Etude_S145_2:RH:71:100.625000:3,RH,71,100.625000,m.26 beat 1.625,3,0.125,0.2890625,0.1640625,0.25,normal,,,,,,,unmatched,0.125000;0.250000,key-release-grid;next-voice-onset+pedal-acoustic-grid,no,hold,none,0.125,,routine; written duration follows score/readability
Liszt_Concert_Etude_S145_2_1,LisztConcert_Etude_S145_2,Liszt,Concert_Etude_S145_2,LisztConcert_Etude_S145_2:RH:71:101.125000:3,RH,71,101.125000,m.26 beat 2.125,3,0.125,0.125,0.0,0.208333333,normal,P1,1,169.625,0.125,0,0,ambiguous-candidate,0.125000;0.208333,key-release-grid+pedal-acoustic-grid;next-voice-onset,no,release,none,0.125,,routine; written duration follows score/readability
Liszt_Concert_Etude_S145_2_1,LisztConcert_Etude_S145_2,Liszt,Concert_Etude_S145_2,LisztConcert_Etude_S145_2:RH:71:11.375000:1,RH,71,11.375000,m.3 beat 4.375,1,0.125,0.125,0.0,0.25,normal,,,,,,,unmatched,0.125000;0.250000,key-release-grid+pedal-acoustic-grid;next-voice-onset,no,change,none,0.125,,routine; written duration follows score/readability
Liszt_Concert_Etude_S145_2_1,LisztConcert_Etude_S145_2,Liszt,Concert_Etude_S145_2,LisztConcert_Etude_S145_2:RH:71:122.125000:2,RH,71,122.125000,m.31 beat 3.125,2,0.125,0.942708333,0.817708333,0.625,medium,P1,5,205.5,0.5,0,0,labeled,0.125000;0.625000,key-release-grid;next-voice-onset,yes,change,change,0.5,notation-shortening,reference duration 0.5; shorten acoustic extension to 0.5 (score convention; pedal carries the tail)
Liszt_Concert_Etude_S145_2_1,LisztConcert_Etude_S145_2,Liszt,Concert_Etude_S145_2,LisztConcert_Etude_S145_2:RH:71:123.000000:2,RH,71,123.000000,m.31 beat 4.000,2,0.125,0.125,0.0,0.125,normal,P1,5,207.0,0.5,0,0,reference-duration-not-candidate,0.125000,key-release-grid+next-voice-onset+pedal-acoustic-grid,no,change,change,0.5,notation-shortening,reference duration 0.5; shorten acoustic extension to 0.5 (score convention; pedal carries the tail)
Liszt_Concert_Etude_S145_2_1,LisztConcert_Etude_S145_2,Liszt,Concert_Etude_S145_2,LisztConcert_Etude_S145_2:RH:71:124.750000:2,RH,71,124.750000,m.32 beat 1.750,2,0.125,0.755208333,0.630208333,0.25,high,P1,5,210.0,0.5,0,0,reference-duration-not-candidate,0.125000;0.250000,key-release-grid;next-voice-onset,yes,hold,start,0.5,notation-shortening,reference duration 0.5; shorten acoustic extension to 0.5 (score convention; pedal carries the tail)
Liszt_Concert_Etude_S145_2_1,LisztConcert_Etude_S145_2,Liszt,Concert_Etude_S145_2,LisztConcert_Etude_S145_2:RH:71:125.000000:2,RH,71,125.000000,m.32 beat 2.000,2,0.125,0.505208333,0.380208333,0.333333333,medium,P1,5,210.5,0.5,0,0,reference-duration-not-candidate,0.125000;0.333333,key-release-grid;next-voice-onset,yes,hold,none,0.5,notation-shortening,reference duration 0.5; shorten acoustic extension to 0.5 (score convention; pedal carries the tail)
Liszt_Concert_Etude_S145_2_1,LisztConcert_Etude_S145_2,Liszt,Concert_Etude_S145_2,LisztConcert_Etude_S145_2:RH:71:125.333333:2,RH,71,125.333333,m.32 beat 2.333,2,0.125,0.171875,0.046875,0.291666667,normal,P1,5,211.0,0.5,0,0,reference-duration-not-candidate,0.125000;0.250000;0.291667,key-release-grid+pedal-acoustic-grid;next-voice-onset;pedal-acoustic-grid,no,change,none,0.5,notation-shortening,reference duration 0.5; shorten acoustic extension to 0.5 (score convention; pedal carries the tail)
Liszt_Concert_Etude_S145_2_1,LisztConcert_Etude_S145_2,Liszt,Concert_Etude_S145_2,LisztConcert_Etude_S145_2:RH:71:145.000000:1,RH,71,145.000000,m.37 beat 2.000,1,0.25,0.658854167,0.408854167,0.25,medium,P1,5,242.125,0.125,0,0,labeled,0.250000,key-release-grid+next-voice-onset,yes,hold,none,0.125,,key duration 0.250 exceeds notation 0.125 (pedal/sustain hold); score convention kept
Liszt_Concert_Etude_S145_2_1,LisztConcert_Etude_S145_2,Liszt,Concert_Etude_S145_2,LisztConcert_Etude_S145_2:RH:71:145.375000:1,RH,71,145.375000,m.37 beat 2.375,1,0.125,0.283854167,0.158854167,0.125,normal,P1,1,242.625,0.125,0,0,labeled,0.125000,key-release-grid+next-voice-onset,no,hold,none,0.125,,routine; written duration follows score/readability
Liszt_Concert_Etude_S145_2_1,LisztConcert_Etude_S145_2,Liszt,Concert_Etude_S145_2,LisztConcert_Etude_S145_2:RH:71:17.375000:1,RH,71,17.375000,m.5 beat 2.375,1,0.125,0.125,0.0,0.291666667,normal,,,,,,,unmatched,0.125000;0.291667,key-release-grid+pedal-acoustic-grid;next-voice-onset,no,none,none,0.125,,routine; written duration follows score/readability
Liszt_Concert_Etude_S145_2_1,LisztConcert_Etude_S145_2,Liszt,Concert_Etude_S145_2,LisztConcert_Etude_S145_2:RH:71:25.625000:2,RH,71,25.625000,m.7 beat 2.625,2,0.125,0.166666667,0.041666667,0.25,normal,,,,,,,unmatched,0.125000;0.250000,key-release-grid+pedal-acoustic-grid;next-voice-onset+pedal-acoustic-grid,no,release,none,0.125,,routine; written duration follows score/readability
Liszt_Concert_Etude_S145_2_1,LisztConcert_Etude_S145_2,Liszt,Concert_Etude_S145_2,LisztConcert_Etude_S145_2:RH:71:25.875000:2,RH,71,25.875000,m.7 beat 2.875,2,0.125,0.125,0.0,0.25,normal,P1,1,43.0,0.125,0,0,ambiguous-candidate,0.125000;0.250000,key-release-grid+pedal-acoustic-grid;next-voice-onset,no,release,none,0.125,,routine; written duration follows score/readability
Liszt_Concert_Etude_S145_2_1,LisztConcert_Etude_S145_2,Liszt,Concert_Etude_S145_2,LisztConcert_Etude_S145_2:RH:71:26.333333:2,RH,71,26.333333,m.7 beat 3.333,2,0.125,0.125,0.0,0.166666667,normal,,,,,,,unmatched,0.125000;0.166667,key-release-grid+pedal-acoustic-grid;next-voice-onset,no,none,none,0.125,,routine; written duration follows score/readability
Liszt_Concert_Etude_S145_2_1,LisztConcert_Etude_S145_2,Liszt,Concert_Etude_S145_2,LisztConcert_Etude_S145_2:RH:71:27.000000:2,RH,71,27.000000,m.7 beat 4.000,2,0.125,0.315104167,0.190104167,0.333333333,normal,,,,,,,unmatched,0.125000;0.250000;0.333333,key-release-grid;next-voice-onset+pedal-acoustic-grid;pedal-acoustic-grid,no,hold,none,0.125,,routine; written duration follows score/readability
Liszt_Concert_Etude_S145_2_1,LisztConcert_Etude_S145_2,Liszt,Concert_Etude_S145_2,LisztConcert_Etude_S145_2:RH:71:27.500000:1,RH,71,27.500000,m.7 beat 4.500,1,0.125,0.125,0.0,0.25,normal,P1,1,46.625,0.125,0,0,ambiguous-candidate,0.125000;0.250000,key-release-grid+pedal-acoustic-grid;next-voice-onset,no,release,none,0.125,,routine; written duration follows score/readability
Liszt_Concert_Etude_S145_2_1,LisztConcert_Etude_S145_2,Liszt,Concert_Etude_S145_2,LisztConcert_Etude_S145_2:RH:71:3.333333:1,RH,71,3.333333,m.1 beat 4.333,1,0.125,0.125,0.0,0.166666667,normal,,,,,,,unmatched,0.125000;0.166667,key-release-grid+pedal-acoustic-grid;next-voice-onset,no,none,none,0.125,,routine; written duration follows score/readability
Liszt_Concert_Etude_S145_2_1,LisztConcert_Etude_S145_2,Liszt,Concert_Etude_S145_2,LisztConcert_Etude_S145_2:RH:71:44.333333:3,RH,71,44.333333,m.12 beat 1.333,3,0.125,0.125,0.0,0.291666667,normal,,,,,,,unmatched,0.125000;0.291667,key-release-grid+pedal-acoustic-grid;next-voice-onset,no,none,none,0.125,,routine; written duration follows score/readability
Liszt_Concert_Etude_S145_2_1,LisztConcert_Etude_S145_2,Liszt,Concert_Etude_S145_2,LisztConcert_Etude_S145_2:RH:71:44.625000:2,RH,71,44.625000,m.12 beat 1.625,2,0.125,0.770833333,0.645833333,0.125,medium,P1,5,75.0,0.5,0,0,reference-duration-not-candidate,0.125000,key-release-grid+next-voice-onset,yes,hold,change,0.5,notation-shortening,reference duration 0.5; shorten acoustic extension to 0.5 (score convention; pedal carries the tail)
Liszt_Concert_Etude_S145_2_1,LisztConcert_Etude_S145_2,Liszt,Concert_Etude_S145_2,LisztConcert_Etude_S145_2:RH:71:54.125000:3,RH,71,54.125000,m.14 beat 3.125,3,0.125,0.950520833,0.825520833,0.125,medium,P1,5,91.5,0.5,0,0,reference-duration-not-candidate,0.125000,key-release-grid+next-voice-onset,yes,change,none,0.5,notation-shortening,reference duration 0.5; shorten acoustic extension to 0.5 (score convention; pedal carries the tail)
Liszt_Concert_Etude_S145_2_1,LisztConcert_Etude_S145_2,Liszt,Concert_Etude_S145_2,LisztConcert_Etude_S145_2:RH:71:55.000000:3,RH,71,55.000000,m.14 beat 4.000,3,0.125,0.125,0.0,0.125,normal,P1,5,93.0,0.5,0,0,reference-duration-not-candidate,0.125000,key-release-grid+next-voice-onset+pedal-acoustic-grid,no,change,none,0.5,notation-shortening,reference duration 0.5; shorten acoustic extension to 0.5 (score convention; pedal carries the tail)
Liszt_Concert_Etude_S145_2_1,LisztConcert_Etude_S145_2,Liszt,Concert_Etude_S145_2,LisztConcert_Etude_S145_2:RH:71:56.875000:2,RH,71,56.875000,m.15 beat 1.875,2,0.125,1.6796875,1.5546875,0.25,medium,P1,5,96.0,0.5,0,0,reference-duration-not-candidate,0.125000;0.250000,key-release-grid;next-voice-onset,yes,hold,start,0.5,notation-shortening,reference duration 0.5; shorten acoustic extension to 0.5 (score convention; pedal carries the tail)
Liszt_Concert_Etude_S145_2_1,LisztConcert_Etude_S145_2,Liszt,Concert_Etude_S145_2,LisztConcert_Etude_S145_2:RH:71:57.125000:2,RH,71,57.125000,m.15 beat 2.125,2,0.125,1.4296875,1.3046875,0.375,medium,P1,5,96.5,0.5,0,0,labeled,0.125000;0.375000,key-release-grid;next-voice-onset,yes,hold,none,0.5,notation-shortening,reference duration 0.5; shorten acoustic extension to 0.5 (score convention; pedal carries the tail)
Liszt_Concert_Etude_S145_2_1,LisztConcert_Etude_S145_2,Liszt,Concert_Etude_S145_2,LisztConcert_Etude_S145_2:RH:71:57.500000:2,RH,71,57.500000,m.15 beat 2.500,2,0.125,1.0546875,0.9296875,0.25,medium,P1,5,97.0,0.5,0,0,reference-duration-not-candidate,0.125000;0.250000,key-release-grid;next-voice-onset,yes,hold,none,0.5,notation-shortening,reference duration 0.5; shorten acoustic extension to 0.5 (score convention; pedal carries the tail)
Liszt_Concert_Etude_S145_2_1,LisztConcert_Etude_S145_2,Liszt,Concert_Etude_S145_2,LisztConcert_Etude_S145_2:RH:71:57.750000:2,RH,71,57.750000,m.15 beat 2.750,2,0.125,0.8046875,0.6796875,0.25,medium,P1,5,97.5,0.5,0,0,reference-duration-not-candidate,0.125000;0.250000,key-release-grid;next-voice-onset,yes,hold,change,0.5,notation-shortening,reference duration 0.5; shorten acoustic extension to 0.5 (score convention; pedal carries the tail)
Liszt_Concert_Etude_S145_2_1,LisztConcert_Etude_S145_2,Liszt,Concert_Etude_S145_2,LisztConcert_Etude_S145_2:RH:71:58.125000:2,RH,71,58.125000,m.15 beat 3.125,2,0.125,0.4296875,0.3046875,0.208333333,medium,P1,5,98.0,0.5,0,0,reference-duration-not-candidate,0.125000;0.208333,key-release-grid;next-voice-onset,yes,hold,none,0.5,notation-shortening,reference duration 0.5; shorten acoustic extension to 0.5 (score convention; pedal carries the tail)
Liszt_Concert_Etude_S145_2_1,LisztConcert_Etude_S145_2,Liszt,Concert_Etude_S145_2,LisztConcert_Etude_S145_2:RH:71:58.375000:3,RH,71,58.375000,m.15 beat 3.375,3,0.125,0.1796875,0.0546875,0.25,normal,P1,5,98.5,0.5,0,0,reference-duration-not-candidate,0.125000;0.250000,key-release-grid+pedal-acoustic-grid;next-voice-onset+pedal-acoustic-grid,no,change,none,0.5,notation-shortening,reference duration 0.5; shorten acoustic extension to 0.5 (score convention; pedal carries the tail)
Liszt_Concert_Etude_S145_2_1,LisztConcert_Etude_S145_2,Liszt,Concert_Etude_S145_2,LisztConcert_Etude_S145_2:RH:71:58.625000:3,RH,71,58.625000,m.15 beat 3.625,3,0.125,0.8046875,0.6796875,0.708333333,medium,P1,5,99.0,0.5,0,0,reference-duration-not-candidate,0.125000;0.666667;0.708333,key-release-grid;next-voice-onset;pedal-acoustic-grid,yes,change,change,0.5,notation-shortening,reference duration 0.5; shorten acoustic extension to 0.5 (score convention; pedal carries the tail)
Liszt_Concert_Etude_S145_2_1,LisztConcert_Etude_S145_2,Liszt,Concert_Etude_S145_2,LisztConcert_Etude_S145_2:RH:71:59.500000:2,RH,71,59.500000,m.15 beat 4.500,2,0.125,1.7265625,1.6015625,0.375,medium,P1,5,100.5,0.5,0,0,labeled,0.125000;0.375000,key-release-grid;next-voice-onset,yes,change,change,0.5,notation-shortening,reference duration 0.5; shorten acoustic extension to 0.5 (score convention; pedal carries the tail)
Liszt_Concert_Etude_S145_2_1,LisztConcert_Etude_S145_2,Liszt,Concert_Etude_S145_2,LisztConcert_Etude_S145_2:RH:71:59.875000:2,RH,71,59.875000,m.15 beat 4.875,2,0.125,1.3515625,1.2265625,0.125,medium,P1,5,101.0,0.5,0,0,reference-duration-not-candidate,0.125000,barline+key-release-grid+next-voice-onset,yes,hold,none,0.5,notation-shortening,reference duration 0.5; shorten acoustic extension to 0.5 (score convention; pedal carries the tail)
Liszt_Concert_Etude_S145_2_1,LisztConcert_Etude_S145_2,Liszt,Concert_Etude_S145_2,LisztConcert_Etude_S145_2:RH:71:60.250000:2,RH,71,60.250000,m.16 beat 1.250,2,0.125,0.9765625,0.8515625,0.25,medium,P1,5,101.5,0.5,0,0,reference-duration-not-candidate,0.125000;0.250000,key-release-grid;next-voice-onset,yes,hold,none,0.5,notation-shortening,reference duration 0.5; shorten acoustic extension to 0.5 (score convention; pedal carries the tail)
Liszt_Concert_Etude_S145_2_1,LisztConcert_Etude_S145_2,Liszt,Concert_Etude_S145_2,LisztConcert_Etude_S145_2:RH:71:60.500000:2,RH,71,60.500000,m.16 beat 1.500,2,0.125,0.7265625,0.6015625,0.25,medium,P1,5,102.0,0.5,0,0,reference-duration-not-candidate,0.125000;0.250000,key-release-grid;next-voice-onset,yes,hold,change,0.5,notation-shortening,reference duration 0.5; shorten acoustic extension to 0.5 (score convention; pedal carries the tail)
Liszt_Concert_Etude_S145_2_1,LisztConcert_Etude_S145_2,Liszt,Concert_Etude_S145_2,LisztConcert_Etude_S145_2:RH:71:60.750000:2,RH,71,60.750000,m.16 beat 1.750,2,0.125,0.4765625,0.3515625,0.25,medium,P1,5,102.5,0.5,0,0,reference-duration-not-candidate,0.125000;0.250000,key-release-grid;next-voice-onset,yes,hold,none,0.5,notation-shortening,reference duration 0.5; shorten acoustic extension to 0.5 (score convention; pedal carries the tail)
Liszt_Concert_Etude_S145_2_1,LisztConcert_Etude_S145_2,Liszt,Concert_Etude_S145_2,LisztConcert_Etude_S145_2:RH:71:61.000000:2,RH,71,61.000000,m.16 beat 2.000,2,0.125,0.2265625,0.1015625,0.125,normal,P1,5,103.0,0.5,0,0,reference-duration-not-candidate,0.125000,key-release-grid+next-voice-onset,no,change,none,0.5,notation-shortening,reference duration 0.5; shorten acoustic extension to 0.5 (score convention; pedal carries the tail)
Liszt_Concert_Etude_S145_2_1,LisztConcert_Etude_S145_2,Liszt,Concert_Etude_S145_2,LisztConcert_Etude_S145_2:RH:71:61.333333:2,RH,71,61.333333,m.16 beat 2.333,2,0.125,0.8671875,0.7421875,0.916666667,medium,P1,5,103.5,0.5,0,0,reference-duration-not-candidate,0.125000;0.750000;0.875000;0.916667,key-release-grid;next-voice-onset;pedal-acoustic-grid,yes,change,change,0.5,notation-shortening,reference duration 0.5; shorten acoustic extension to 0.5 (score convention; pedal carries the tail)
Liszt_Concert_Etude_S145_2_1,LisztConcert_Etude_S145_2,Liszt,Concert_Etude_S145_2,LisztConcert_Etude_S145_2:RH:71:62.250000:2,RH,71,62.250000,m.16 beat 3.250,2,0.125,0.778645833,0.653645833,0.375,medium,P1,5,105.0,0.5,0,0,labeled,0.125000;0.375000,key-release-grid;next-voice-onset,yes,change,change,0.5,notation-shortening,reference duration 0.5; shorten acoustic extension to 0.5 (score convention; pedal carries the tail)
Liszt_Concert_Etude_S145_2_1,LisztConcert_Etude_S145_2,Liszt,Concert_Etude_S145_2,LisztConcert_Etude_S145_2:RH:71:62.625000:2,RH,71,62.625000,m.16 beat 3.625,2,0.125,0.403645833,0.278645833,0.125,medium,P1,5,105.5,0.5,0,0,reference-duration-not-candidate,0.125000,key-release-grid+next-voice-onset,yes,hold,none,0.5,notation-shortening,reference duration 0.5; shorten acoustic extension to 0.5 (score convention; pedal carries the tail)
Liszt_Concert_Etude_S145_2_1,LisztConcert_Etude_S145_2,Liszt,Concert_Etude_S145_2,LisztConcert_Etude_S145_2:RH:71:62.875000:2,RH,71,62.875000,m.16 beat 3.875,2,0.125,0.153645833,0.028645833,0.25,normal,P1,5,106.0,0.5,0,0,reference-duration-not-candidate,0.125000;0.250000,key-release-grid+pedal-acoustic-grid;next-voice-onset+pedal-acoustic-grid,no,change,none,0.5,notation-shortening,reference duration 0.5; shorten acoustic extension to 0.5 (score convention; pedal carries the tail)
Liszt_Concert_Etude_S145_2_1,LisztConcert_Etude_S145_2,Liszt,Concert_Etude_S145_2,LisztConcert_Etude_S145_2:RH:71:63.125000:2,RH,71,63.125000,m.16 beat 4.125,2,0.125,0.778645833,0.653645833,0.375,medium,P1,5,106.5,0.5,0,0,labeled,0.125000;0.375000,key-release-grid;next-voice-onset,yes,change,change,0.5,notation-shortening,reference duration 0.5; shorten acoustic extension to 0.5 (score convention; pedal carries the tail)
Liszt_Concert_Etude_S145_2_1,LisztConcert_Etude_S145_2,Liszt,Concert_Etude_S145_2,LisztConcert_Etude_S145_2:RH:71:63.500000:2,RH,71,63.500000,m.16 beat 4.500,2,0.125,0.403645833,0.278645833,0.125,medium,P1,5,107.0,0.5,0,0,reference-duration-not-candidate,0.125000,key-release-grid+next-voice-onset,yes,hold,none,0.5,notation-shortening,reference duration 0.5; shorten acoustic extension to 0.5 (score convention; pedal carries the tail)
Liszt_Concert_Etude_S145_2_1,LisztConcert_Etude_S145_2,Liszt,Concert_Etude_S145_2,LisztConcert_Etude_S145_2:RH:71:63.750000:2,RH,71,63.750000,m.16 beat 4.750,2,0.125,0.153645833,0.028645833,0.375,normal,P1,5,107.5,0.5,0,0,labeled,0.125000;0.250000;0.375000,barline+pedal-acoustic-grid;key-release-grid+pedal-acoustic-grid;next-voice-onset,no,change,none,0.5,notation-shortening,reference duration 0.5; shorten acoustic extension to 0.5 (score convention; pedal carries the tail)
Liszt_Concert_Etude_S145_2_1,LisztConcert_Etude_S145_2,Liszt,Concert_Etude_S145_2,LisztConcert_Etude_S145_2:RH:71:64.125000:2,RH,71,64.125000,m.17 beat 1.125,2,0.125,0.666666667,0.541666667,0.25,medium,P1,5,108.0,0.5,0,0,reference-duration-not-candidate,0.125000;0.250000,key-release-grid;next-voice-onset,yes,hold,change,0.5,notation-shortening,reference duration 0.5; shorten acoustic extension to 0.5 (score convention; pedal carries the tail)
Liszt_Concert_Etude_S145_2_1,LisztConcert_Etude_S145_2,Liszt,Concert_Etude_S145_2,LisztConcert_Etude_S145_2:RH:71:64.500000:2,RH,71,64.500000,m.17 beat 1.500,2,0.125,0.291666667,0.166666667,0.125,normal,P1,5,108.5,0.5,0,0,reference-duration-not-candidate,0.125000,key-release-grid+next-voice-onset,no,hold,none,0.5,notation-shortening,reference duration 0.5; shorten acoustic extension to 0.5 (score convention; pedal carries the tail)
Liszt_Concert_Etude_S145_2_1,LisztConcert_Etude_S145_2,Liszt,Concert_Etude_S145_2,LisztConcert_Etude_S145_2:RH:71:64.625000:2,RH,71,64.625000,m.17 beat 1.625,2,0.125,0.166666667,0.041666667,0.25,normal,P1,5,109.0,0.5,0,0,reference-duration-not-candidate,0.125000;0.250000,key-release-grid+pedal-acoustic-grid;next-voice-onset+pedal-acoustic-grid,no,change,none,0.5,notation-shortening,reference duration 0.5; shorten acoustic extension to 0.5 (score convention; pedal carries the tail)
Liszt_Concert_Etude_S145_2_1,LisztConcert_Etude_S145_2,Liszt,Concert_Etude_S145_2,LisztConcert_Etude_S145_2:RH:71:72.250000:3,RH,71,72.250000,m.19 beat 1.250,3,0.125,0.9453125,0.8203125,0.416666667,medium,P1,5,119.0,0.125,0,0,labeled,0.125000;0.416667,key-release-grid;next-voice-onset,yes,change,none,0.125,,routine; written duration follows score/readability
Liszt_Concert_Etude_S145_2_1,LisztConcert_Etude_S145_2,Liszt,Concert_Etude_S145_2,LisztConcert_Etude_S145_2:RH:71:72.666667:3,RH,71,72.666667,m.19 beat 1.667,3,0.125,0.528645833,0.403645833,4.708333333,medium,P1,1,119.5,0.125,0,0,labeled,0.125000;0.500000;0.666667;3.333333;4.708333,barline;key-release-grid;next-voice-onset;pedal-acoustic-grid,yes,hold,none,0.125,,routine; written duration follows score/readability
Liszt_Concert_Etude_S145_2_1,LisztConcert_Etude_S145_2,Liszt,Concert_Etude_S145_2,LisztConcert_Etude_S145_2:RH:71:76.750000:1,RH,71,76.750000,m.20 beat 1.750,1,0.125,0.125,0.0,0.25,normal,,,,,,,unmatched,0.125000;0.250000,key-release-grid+pedal-acoustic-grid;next-voice-onset,no,none,none,0.125,,routine; written duration follows score/readability
Liszt_Concert_Etude_S145_2_1,LisztConcert_Etude_S145_2,Liszt,Concert_Etude_S145_2,LisztConcert_Etude_S145_2:RH:71:84.750000:3,RH,71,84.750000,m.22 beat 1.750,3,0.125,0.125,0.0,0.25,normal,,,,,,,unmatched,0.125000;0.250000,key-release-grid+pedal-acoustic-grid;next-voice-onset,no,change,none,0.125,,routine; written duration follows score/readability
Liszt_Concert_Etude_S145_2_1,LisztConcert_Etude_S145_2,Liszt,Concert_Etude_S145_2,LisztConcert_Etude_S145_2:RH:71:90.875000:3,RH,71,90.875000,m.23 beat 3.875,3,0.125,0.125,0.0,0.25,normal,,,,,,,unmatched,0.125000;0.250000,key-release-grid+pedal-acoustic-grid;next-voice-onset,no,change,none,0.125,,routine; written duration follows score/readability
Liszt_Concert_Etude_S145_2_1,LisztConcert_Etude_S145_2,Liszt,Concert_Etude_S145_2,LisztConcert_Etude_S145_2:RH:71:98.500000:1,RH,71,98.500000,m.25 beat 3.500,1,0.125,0.125,0.0,0.166666667,normal,,,,,,,unmatched,0.125000;0.166667,key-release-grid+pedal-acoustic-grid;next-voice-onset,no,none,none,0.125,,routine; written duration follows score/readability
Liszt_Concert_Etude_S145_2_1,LisztConcert_Etude_S145_2,Liszt,Concert_Etude_S145_2,LisztConcert_Etude_S145_2:RH:71:99.125000:3,RH,71,99.125000,m.25 beat 4.125,3,0.125,0.34375,0.21875,0.25,normal,,,,,,,unmatched,0.125000;0.250000,key-release-grid;next-voice-onset+pedal-acoustic-grid,no,hold,none,0.125,,routine; written duration follows score/readability
Liszt_Concert_Etude_S145_2_1,LisztConcert_Etude_S145_2,Liszt,Concert_Etude_S145_2,LisztConcert_Etude_S145_2:RH:71:99.375000:3,RH,71,99.375000,m.25 beat 4.375,3,0.125,0.125,0.0,0.25,normal,P1,1,166.0,0.125,0,0,ambiguous-candidate,0.125000;0.250000,key-release-grid+pedal-acoustic-grid;next-voice-onset,no,release,none,0.125,,routine; written duration follows score/readability
Liszt_Concert_Etude_S145_2_1,LisztConcert_Etude_S145_2,Liszt,Concert_Etude_S145_2,LisztConcert_Etude_S145_2:RH:71:99.875000:3,RH,71,99.875000,m.25 beat 4.875,3,0.125,0.125,0.0,0.75,normal,,,,,,,unmatched,0.125000;0.750000,barline+key-release-grid+pedal-acoustic-grid;next-voice-onset,no,none,none,0.125,,routine; written duration follows score/readability
Liszt_Concert_Etude_S145_2_1,LisztConcert_Etude_S145_2,Liszt,Concert_Etude_S145_2,LisztConcert_Etude_S145_2:RH:72:101.333333:3,RH,72,101.333333,m.26 beat 2.333,3,0.125,0.125,0.0,0.791666667,normal,P1,5,170.0,0.125,0,0,labeled,0.125000;0.791667,key-release-grid+pedal-acoustic-grid;next-voice-onset,no,none,change,0.125,,routine; written duration follows score/readability
Liszt_Concert_Etude_S145_2_1,LisztConcert_Etude_S145_2,Liszt,Concert_Etude_S145_2,LisztConcert_Etude_S145_2:RH:72:102.875000:3,RH,72,102.875000,m.26 beat 3.875,3,0.125,0.125,0.0,0.625,normal,,,,,,,unmatched,0.125000;0.625000,key-release-grid+pedal-acoustic-grid;next-voice-onset,no,none,none,0.125,,routine; written duration follows score/readability
Liszt_Concert_Etude_S145_2_1,LisztConcert_Etude_S145_2,Liszt,Concert_Etude_S145_2,LisztConcert_Etude_S145_2:RH:72:104.333333:3,RH,72,104.333333,m.27 beat 1.333,3,0.125,0.125,0.0,0.666666667,normal,,,,,,,unmatched,0.125000;0.666667,key-release-grid+pedal-acoustic-grid;next-voice-onset,no,none,none,0.125,,routine; written duration follows score/readability
Liszt_Concert_Etude_S145_2_1,LisztConcert_Etude_S145_2,Liszt,Concert_Etude_S145_2,LisztConcert_Etude_S145_2:RH:72:113.000000:3,RH,72,113.000000,m.29 beat 2.000,3,0.125,0.859375,0.734375,2.75,medium,P1,5,189.0,0.5,0,0,reference-duration-not-candidate,0.125000;0.750000;0.875000;1.000000;2.750000,key-release-grid;next-voice-onset;pedal-acoustic-grid,yes,change,change,0.5,notation-shortening,reference duration 0.5; shorten acoustic extension to 0.5 (score convention; pedal carries the tail)
Liszt_Concert_Etude_S145_2_1,LisztConcert_Etude_S145_2,Liszt,Concert_Etude_S145_2,LisztConcert_Etude_S145_2:RH:72:118.000000:2,RH,72,118.000000,m.30 beat 3.000,2,0.125,0.825520833,0.700520833,0.125,medium,P1,5,198.0,0.5,0,0,reference-duration-not-candidate,0.125000,key-release-grid+next-voice-onset,yes,change,change,0.5,notation-shortening,reference duration 0.5; shorten acoustic extension to 0.5 (score convention; pedal carries the tail)
Liszt_Concert_Etude_S145_2_1,LisztConcert_Etude_S145_2,Liszt,Concert_Etude_S145_2,LisztConcert_Etude_S145_2:RH:72:127.250000:1,RH,72,127.250000,m.32 beat 4.250,1,0.625,0.90625,0.28125,0.625,medium,,,,,,,unmatched,0.500000;0.625000,key-release-grid;key-release-grid+next-voice-onset,yes,change,none,0.625,pedal-only,pedal carries sustain; keep short written note
Liszt_Concert_Etude_S145_2_1,LisztConcert_Etude_S145_2,Liszt,Concert_Etude_S145_2,LisztConcert_Etude_S145_2:RH:72:128.125000:1,RH,72,128.125000,m.33 beat 1.125,1,0.125,0.125,0.0,0.125,normal,,,,,,,unmatched,0.125000,key-release-grid+next-voice-onset+pedal-acoustic-grid,no,change,none,0.125,,routine; written duration follows score/readability
Liszt_Concert_Etude_S145_2_1,LisztConcert_Etude_S145_2,Liszt,Concert_Etude_S145_2,LisztConcert_Etude_S145_2:RH:72:129.875000:1,RH,72,129.875000,m.33 beat 2.875,1,0.125,1.5859375,1.4609375,0.375,medium,P1,5,219.0,0.5,0,0,labeled,0.125000;0.375000,key-release-grid;next-voice-onset,yes,hold,start,0.5,notation-shortening,reference duration 0.5; shorten acoustic extension to 0.5 (score convention; pedal carries the tail)
Liszt_Concert_Etude_S145_2_1,LisztConcert_Etude_S145_2,Liszt,Concert_Etude_S145_2,LisztConcert_Etude_S145_2:RH:72:130.250000:1,RH,72,130.250000,m.33 beat 3.250,1,0.125,1.2109375,1.0859375,0.25,high,P1,5,219.5,0.5,0,0,reference-duration-not-candidate,0.125000;0.250000,key-release-grid;next-voice-onset,yes,hold,none,0.5,notation-shortening,reference duration 0.5; shorten acoustic extension to 0.5 (score convention; pedal carries the tail)
Liszt_Concert_Etude_S145_2_1,LisztConcert_Etude_S145_2,Liszt,Concert_Etude_S145_2,LisztConcert_Etude_S145_2:RH:72:130.500000:1,RH,72,130.500000,m.33 beat 3.500,1,0.125,0.9609375,0.8359375,0.375,medium,P1,5,220.0,0.5,0,0,labeled,0.125000;0.375000,key-release-grid;next-voice-onset,yes,hold,none,0.5,notation-shortening,reference duration 0.5; shorten acoustic extension to 0.5 (score convention; pedal carries the tail)
Liszt_Concert_Etude_S145_2_1,LisztConcert_Etude_S145_2,Liszt,Concert_Etude_S145_2,LisztConcert_Etude_S145_2:RH:72:130.875000:1,RH,72,130.875000,m.33 beat 3.875,1,0.125,0.5859375,0.4609375,0.25,medium,P1,5,220.5,0.5,0,0,reference-duration-not-candidate,0.125000;0.250000,key-release-grid;next-voice-onset,yes,hold,change,0.5,notation-shortening,reference duration 0.5; shorten acoustic extension to 0.5 (score convention; pedal carries the tail)
Liszt_Concert_Etude_S145_2_1,LisztConcert_Etude_S145_2,Liszt,Concert_Etude_S145_2,LisztConcert_Etude_S145_2:RH:72:131.125000:1,RH,72,131.125000,m.33 beat 4.125,1,0.125,0.3359375,0.2109375,0.208333333,normal,P1,5,221.0,0.5,0,0,reference-duration-not-candidate,0.125000;0.208333,key-release-grid;next-voice-onset,no,hold,none,0.5,notation-shortening,reference duration 0.5; shorten acoustic extension to 0.5 (score convention; pedal carries the tail)
Liszt_Concert_Etude_S145_2_1,LisztConcert_Etude_S145_2,Liszt,Concert_Etude_S145_2,LisztConcert_Etude_S145_2:RH:72:131.333333:1,RH,72,131.333333,m.33 beat 4.333,1,0.125,0.127604167,0.002604167,0.291666667,normal,P1,5,221.5,0.5,0,0,reference-duration-not-candidate,0.125000;0.250000;0.291667,key-release-grid+pedal-acoustic-grid;next-voice-onset;pedal-acoustic-grid,no,change,none,0.5,notation-shortening,reference duration 0.5; shorten acoustic extension to 0.5 (score convention; pedal carries the tail)
Liszt_Concert_Etude_S145_2_1,LisztConcert_Etude_S145_2,Liszt,Concert_Etude_S145_2,LisztConcert_Etude_S145_2:RH:72:131.625000:1,RH,72,131.625000,m.33 beat 4.625,1,0.125,0.809895833,0.684895833,0.875,medium,P1,5,222.0,0.5,0,0,labeled,0.125000;0.375000;0.666667;0.750000;0.875000,barline;key-release-grid;next-voice-onset;pedal-acoustic-grid,yes,change,change,0.5,notation-shortening,reference duration 0.5; shorten acoustic extension to 0.5 (score convention; pedal carries the tail)
Liszt_Concert_Etude_S145_2_1,LisztConcert_Etude_S145_2,Liszt,Concert_Etude_S145_2,LisztConcert_Etude_S145_2:RH:72:132.500000:1,RH,72,132.500000,m.34 beat 1.500,1,0.125,1.5390625,1.4140625,0.375,medium,P1,5,223.5,0.5,0,0,labeled,0.125000;0.375000,key-release-grid;next-voice-onset,yes,change,change,0.5,notation-shortening,reference duration 0.5; shorten acoustic extension to 0.5 (score convention; pedal carries the tail)
Liszt_Concert_Etude_S145_2_1,LisztConcert_Etude_S145_2,Liszt,Concert_Etude_S145_2,LisztConcert_Etude_S145_2:RH:72:132.875000:1,RH,72,132.875000,m.34 beat 1.875,1,0.125,1.1640625,1.0390625,0.25,medium,P1,5,224.0,0.5,0,0,reference-duration-not-candidate,0.125000;0.250000,key-release-grid;next-voice-onset,yes,hold,none,0.5,notation-shortening,reference duration 0.5; shorten acoustic extension to 0.5 (score convention; pedal carries the tail)
Liszt_Concert_Etude_S145_2_1,LisztConcert_Etude_S145_2,Liszt,Concert_Etude_S145_2,LisztConcert_Etude_S145_2:RH:72:133.125000:1,RH,72,133.125000,m.34 beat 2.125,1,0.125,0.9140625,0.7890625,0.25,medium,P1,5,224.5,0.5,0,0,reference-duration-not-candidate,0.125000;0.250000,key-release-grid;next-voice-onset,yes,hold,none,0.5,notation-shortening,reference duration 0.5; shorten acoustic extension to 0.5 (score convention; pedal carries the tail)
Liszt_Concert_Etude_S145_2_1,LisztConcert_Etude_S145_2,Liszt,Concert_Etude_S145_2,LisztConcert_Etude_S145_2:RH:72:133.500000:1,RH,72,133.500000,m.34 beat 2.500,1,0.125,0.5390625,0.4140625,0.166666667,medium,P1,5,225.0,0.5,0,0,reference-duration-not-candidate,0.125000;0.166667,key-release-grid;next-voice-onset,yes,hold,change,0.5,notation-shortening,reference duration 0.5; shorten acoustic extension to 0.5 (score convention; pedal carries the tail)
Liszt_Concert_Etude_S145_2_1,LisztConcert_Etude_S145_2,Liszt,Concert_Etude_S145_2,LisztConcert_Etude_S145_2:RH:72:133.750000:3,RH,72,133.750000,m.34 beat 2.750,3,0.125,0.2890625,0.1640625,0.25,normal,P1,5,225.5,0.5,0,0,reference-duration-not-candidate,0.125000;0.250000,key-release-grid;next-voice-onset+pedal-acoustic-grid,no,hold,none,0.5,notation-shortening,reference duration 0.5; shorten acoustic extension to 0.5 (score convention; pedal carries the tail)
Liszt_Concert_Etude_S145_2_1,LisztConcert_Etude_S145_2,Liszt,Concert_Etude_S145_2,LisztConcert_Etude_S145_2:RH:72:134.000000:3,RH,72,134.000000,m.34 beat 3.000,3,0.125,0.125,0.0,0.25,normal,P1,5,226.0,0.5,0,0,reference-duration-not-candidate,0.125000;0.250000,key-release-grid+pedal-acoustic-grid;next-voice-onset,no,release,none,0.5,notation-shortening,reference duration 0.5; shorten acoustic extension to 0.5 (score convention; pedal carries the tail)
Liszt_Concert_Etude_S145_2_1,LisztConcert_Etude_S145_2,Liszt,Concert_Etude_S145_2,LisztConcert_Etude_S145_2:RH:72:134.250000:3,RH,72,134.250000,m.34 beat 3.250,3,0.125,0.739583333,0.614583333,0.875,medium,P1,5,226.5,0.5,0,0,reference-duration-not-candidate,0.125000;0.666667;0.750000;0.875000,key-release-grid;next-voice-onset;pedal-acoustic-grid,yes,release,change,0.5,notation-shortening,reference duration 0.5; shorten acoustic extension to 0.5 (score convention; pedal carries the tail)
Liszt_Concert_Etude_S145_2_1,LisztConcert_Etude_S145_2,Liszt,Concert_Etude_S145_2,LisztConcert_Etude_S145_2:RH:72:135.125000:3,RH,72,135.125000,m.34 beat 4.125,3,0.125,0.830729167,0.705729167,0.25,medium,P1,5,228.0,0.5,0,0,reference-duration-not-candidate,0.125000;0.250000,key-release-grid;next-voice-onset,yes,change,change,0.5,notation-shortening,reference duration 0.5; shorten acoustic extension to 0.5 (score convention; pedal carries the tail)
Liszt_Concert_Etude_S145_2_1,LisztConcert_Etude_S145_2,Liszt,Concert_Etude_S145_2,LisztConcert_Etude_S145_2:RH:72:135.375000:3,RH,72,135.375000,m.34 beat 4.375,3,0.125,0.580729167,0.455729167,0.125,medium,P1,5,228.5,0.5,0,0,reference-duration-not-candidate,0.125000,key-release-grid+next-voice-onset,yes,hold,none,0.5,notation-shortening,reference duration 0.5; shorten acoustic extension to 0.5 (score convention; pedal carries the tail)
Liszt_Concert_Etude_S145_2_1,LisztConcert_Etude_S145_2,Liszt,Concert_Etude_S145_2,LisztConcert_Etude_S145_2:RH:72:135.750000:3,RH,72,135.750000,m.34 beat 4.750,3,0.125,0.205729167,0.080729167,0.25,normal,P1,5,229.0,0.5,0,0,reference-duration-not-candidate,0.125000;0.250000,barline+next-voice-onset+pedal-acoustic-grid;key-release-grid,no,change,none,0.5,notation-shortening,reference duration 0.5; shorten acoustic extension to 0.5 (score convention; pedal carries the tail)
Liszt_Concert_Etude_S145_2_1,LisztConcert_Etude_S145_2,Liszt,Concert_Etude_S145_2,LisztConcert_Etude_S145_2:RH:72:136.375000:1,RH,72,136.375000,m.35 beat 1.375,1,0.125,0.377604167,0.252604167,0.291666667,medium,P1,5,230.0,0.5,0,0,reference-duration-not-candidate,0.125000;0.291667,key-release-grid;next-voice-onset,yes,hold,none,0.5,notation-shortening,reference duration 0.5; shorten acoustic extension to 0.5 (score convention; pedal carries the tail)
Liszt_Concert_Etude_S145_2_1,LisztConcert_Etude_S145_2,Liszt,Concert_Etude_S145_2,LisztConcert_Etude_S145_2:RH:72:136.666667:1,RH,72,136.666667,m.35 beat 1.667,1,0.125,0.125,0.0,0.208333333,normal,P1,5,230.5,0.5,0,0,reference-duration-not-candidate,0.125000;0.208333,key-release-grid+pedal-acoustic-grid;next-voice-onset,no,change,none,0.5,notation-shortening,reference duration 0.5; shorten acoustic extension to 0.5 (score convention; pedal carries the tail)
Liszt_Concert_Etude_S145_2_1,LisztConcert_Etude_S145_2,Liszt,Concert_Etude_S145_2,LisztConcert_Etude_S145_2:RH:72:136.875000:1,RH,72,136.875000,m.35 beat 1.875,1,0.125,0.744791667,0.619791667,0.375,medium,P1,5,231.0,0.5,0,0,labeled,0.125000;0.375000,key-release-grid;next-voice-onset,yes,hold,change,0.5,notation-shortening,reference duration 0.5; shorten acoustic extension to 0.5 (score convention; pedal carries the tail)
Liszt_Concert_Etude_S145_2_1,LisztConcert_Etude_S145_2,Liszt,Concert_Etude_S145_2,LisztConcert_Etude_S145_2:RH:72:137.250000:1,RH,72,137.250000,m.35 beat 2.250,1,0.25,0.369791667,0.119791667,0.5,normal,P1,5,231.5,0.5,0,0,ambiguous-candidate,0.250000;0.333333;0.375000;0.500000,key-release-grid+pedal-acoustic-grid;next-voice-onset;pedal-acoustic-grid,no,hold,none,0.5,notation-shortening,reference duration 0.5; shorten acoustic extension to 0.5 (score convention; pedal carries the tail)
Liszt_Concert_Etude_S145_2_1,LisztConcert_Etude_S145_2,Liszt,Concert_Etude_S145_2,LisztConcert_Etude_S145_2:RH:72:144.875000:1,RH,72,144.875000,m.37 beat 1.875,1,0.125,0.783854167,0.658854167,0.125,medium,P1,5,242.0,0.125,0,0,labeled,0.125000,key-release-grid+next-voice-onset,yes,hold,none,0.125,,routine; written duration follows score/readability
Liszt_Concert_Etude_S145_2_1,LisztConcert_Etude_S145_2,Liszt,Concert_Etude_S145_2,LisztConcert_Etude_S145_2:RH:72:145.250000:1,RH,72,145.250000,m.37 beat 2.250,1,0.125,0.408854167,0.283854167,0.125,medium,P1,1,242.5,0.125,0,0,labeled,0.125000,key-release-grid+next-voice-onset,yes,hold,none,0.125,,routine; written duration follows score/readability
Liszt_Concert_Etude_S145_2_1,LisztConcert_Etude_S145_2,Liszt,Concert_Etude_S145_2,LisztConcert_Etude_S145_2:RH:72:15.750000:2,RH,72,15.750000,m.4 beat 4.750,2,0.125,0.125,0.0,0.125,normal,,,,,,,unmatched,0.125000,key-release-grid+next-voice-onset+pedal-acoustic-grid,no,none,none,0.125,,routine; written duration follows score/readability
Liszt_Concert_Etude_S145_2_1,LisztConcert_Etude_S145_2,Liszt,Concert_Etude_S145_2,LisztConcert_Etude_S145_2:RH:72:27.750000:1,RH,72,27.750000,m.7 beat 4.750,1,0.125,0.125,0.0,0.25,normal,P1,5,47.0,0.125,0,0,ambiguous-candidate,0.125000;0.250000,barline+next-voice-onset;key-release-grid+pedal-acoustic-grid,no,none,change,0.125,,routine; written duration follows score/readability
Liszt_Concert_Etude_S145_2_1,LisztConcert_Etude_S145_2,Liszt,Concert_Etude_S145_2,LisztConcert_Etude_S145_2:RH:72:29.250000:1,RH,72,29.250000,m.8 beat 2.250,1,0.125,0.125,0.0,0.25,normal,,,,,,,unmatched,0.125000;0.250000,key-release-grid+pedal-acoustic-grid;next-voice-onset,no,none,none,0.125,,routine; written duration follows score/readability
Liszt_Concert_Etude_S145_2_1,LisztConcert_Etude_S145_2,Liszt,Concert_Etude_S145_2,LisztConcert_Etude_S145_2:RH:72:30.750000:1,RH,72,30.750000,m.8 beat 3.750,1,0.125,0.125,0.0,0.125,normal,,,,,,,unmatched,0.125000,key-release-grid+next-voice-onset+pedal-acoustic-grid,no,none,none,0.125,,routine; written duration follows score/readability
Liszt_Concert_Etude_S145_2_1,LisztConcert_Etude_S145_2,Liszt,Concert_Etude_S145_2,LisztConcert_Etude_S145_2:RH:72:64.875000:2,RH,72,64.875000,m.17 beat 1.875,2,0.125,2.869791667,2.744791667,0.625,medium,P1,5,109.5,0.5,0,0,labeled,0.125000;0.625000,key-release-grid;next-voice-onset,yes,change,change,0.5,notation-shortening,reference duration 0.5; shorten acoustic extension to 0.5 (score convention; pedal carries the tail)
Liszt_Concert_Etude_S145_2_1,LisztConcert_Etude_S145_2,Liszt,Concert_Etude_S145_2,LisztConcert_Etude_S145_2:RH:72:98.500000:1,RH,72,98.500000,m.25 beat 3.500,1,0.125,0.125,0.0,0.166666667,normal,,,,,,,unmatched,0.125000;0.166667,key-release-grid+pedal-acoustic-grid;next-voice-onset,no,none,none,0.125,,routine; written duration follows score/readability
Liszt_Concert_Etude_S145_2_1,LisztConcert_Etude_S145_2,Liszt,Concert_Etude_S145_2,LisztConcert_Etude_S145_2:RH:73:10.375000:1,RH,73,10.375000,m.3 beat 3.375,1,0.125,0.268229167,0.143229167,0.291666667,normal,,,,,,,unmatched,0.125000;0.250000;0.291667,key-release-grid;next-voice-onset;pedal-acoustic-grid,no,hold,none,0.125,,routine; written duration follows score/readability
Liszt_Concert_Etude_S145_2_1,LisztConcert_Etude_S145_2,Liszt,Concert_Etude_S145_2,LisztConcert_Etude_S145_2:RH:73:10.666667:1,RH,73,10.666667,m.3 beat 3.667,1,0.125,0.125,0.0,0.208333333,normal,,,,,,,unmatched,0.125000;0.208333,key-release-grid+pedal-acoustic-grid;next-voice-onset,no,release,none,0.125,,routine; written duration follows score/readability
Liszt_Concert_Etude_S145_2_1,LisztConcert_Etude_S145_2,Liszt,Concert_Etude_S145_2,LisztConcert_Etude_S145_2:RH:73:102.125000:3,RH,73,102.125000,m.26 beat 3.125,3,0.125,0.200520833,0.075520833,0.208333333,normal,,,,,,,unmatched,0.125000;0.208333,key-release-grid;next-voice-onset,no,release,none,0.125,,routine; written duration follows score/readability
Liszt_Concert_Etude_S145_2_1,LisztConcert_Etude_S145_2,Liszt,Concert_Etude_S145_2,LisztConcert_Etude_S145_2:RH:73:103.500000:3,RH,73,103.500000,m.26 beat 4.500,3,0.125,0.286458333,0.161458333,0.25,normal,,,,,,,unmatched,0.125000;0.250000,key-release-grid;next-voice-onset+pedal-acoustic-grid,no,hold,none,0.125,,routine; written duration follows score/readability
Liszt_Concert_Etude_S145_2_1,LisztConcert_Etude_S145_2,Liszt,Concert_Etude_S145_2,LisztConcert_Etude_S145_2:RH:73:105.000000:3,RH,73,105.000000,m.27 beat 2.000,3,0.125,0.2734375,0.1484375,0.25,normal,,,,,,,unmatched,0.125000;0.250000,key-release-grid;next-voice-onset+pedal-acoustic-grid,no,hold,none,0.125,,routine; written duration follows score/readability
Liszt_Concert_Etude_S145_2_1,LisztConcert_Etude_S145_2,Liszt,Concert_Etude_S145_2,LisztConcert_Etude_S145_2:RH:73:105.750000:1,RH,73,105.750000,m.27 beat 2.750,1,0.125,0.533854167,0.408854167,0.75,medium,,,,,,,unmatched,0.125000;0.500000;0.666667;0.750000,key-release-grid;next-voice-onset;pedal-acoustic-grid,yes,hold,none,0.125,pedal-only,pedal carries sustain; keep short written note
Liszt_Concert_Etude_S145_2_1,LisztConcert_Etude_S145_2,Liszt,Concert_Etude_S145_2,LisztConcert_Etude_S145_2:RH:73:106.750000:1,RH,73,106.750000,m.27 beat 3.750,1,0.125,0.442708333,0.317708333,0.75,medium,,,,,,,unmatched,0.125000;0.333333;0.500000;0.750000,key-release-grid;next-voice-onset;pedal-acoustic-grid,yes,hold,none,0.125,pedal-only,pedal carries sustain; keep short written note
Liszt_Concert_Etude_S145_2_1,LisztConcert_Etude_S145_2,Liszt,Concert_Etude_S145_2,LisztConcert_Etude_S145_2:RH:73:107.500000:1,RH,73,107.500000,m.27 beat 4.500,1,0.125,0.125,0.0,0.5,normal,,,,,,,unmatched,0.125000;0.500000,barline+next-voice-onset;key-release-grid+pedal-acoustic-grid,no,none,none,0.125,,routine; written duration follows score/readability
Liszt_Concert_Etude_S145_2_1,LisztConcert_Etude_S145_2,Liszt,Concert_Etude_S145_2,LisztConcert_Etude_S145_2:RH:73:108.000000:1,RH,73,108.000000,m.28 beat 1.000,1,0.125,0.125,0.0,0.666666667,normal,,,,,,,unmatched,0.125000;0.666667,key-release-grid+pedal-acoustic-grid;next-voice-onset,no,none,none,0.125,,routine; written duration follows score/readability
Liszt_Concert_Etude_S145_2_1,LisztConcert_Etude_S145_2,Liszt,Concert_Etude_S145_2,LisztConcert_Etude_S145_2:RH:73:11.625000:1,RH,73,11.625000,m.3 beat 4.625,1,0.125,0.541666667,0.416666667,0.25,medium,,,,,,,unmatched,0.125000;0.250000,key-release-grid;next-voice-onset,yes,hold,none,0.125,pedal-only,pedal carries sustain; keep short written note
Liszt_Concert_Etude_S145_2_1,LisztConcert_Etude_S145_2,Liszt,Concert_Etude_S145_2,LisztConcert_Etude_S145_2:RH:73:127.333333:2,RH,73,127.333333,m.32 beat 4.333,2,0.166666667,0.822916667,0.65625,0.166666667,medium,,,,,,,unmatched,0.125000;0.166667,key-release-grid;next-voice-onset,yes,change,none,0.166667,,routine; written duration follows score/readability
Liszt_Concert_Etude_S145_2_1,LisztConcert_Etude_S145_2,Liszt,Concert_Etude_S145_2,LisztConcert_Etude_S145_2:RH:73:127.500000:2,RH,73,127.500000,m.32 beat 4.500,2,0.125,0.65625,0.53125,0.375,medium,,,,,,,unmatched,0.125000;0.375000,key-release-grid;next-voice-onset,yes,hold,none,0.125,pedal-only,pedal carries sustain; keep short written note
Liszt_Concert_Etude_S145_2_1,LisztConcert_Etude_S145_2,Liszt,Concert_Etude_S145_2,LisztConcert_Etude_S145_2:RH:73:136.000000:3,RH,73,136.000000,m.35 beat 1.000,3,0.125,0.752604167,0.627604167,0.125,medium,,,,,,,unmatched,0.125000,key-release-grid+next-voice-onset,yes,change,none,0.125,pedal-only,pedal carries sustain; keep short written note
Liszt_Concert_Etude_S145_2_1,LisztConcert_Etude_S145_2,Liszt,Concert_Etude_S145_2,LisztConcert_Etude_S145_2:RH:73:137.750000:1,RH,73,137.750000,m.35 beat 2.750,1,0.125,2.880208333,2.755208333,0.583333333,medium,P1,5,232.5,0.5,0,0,labeled,0.125000;0.583333,key-release-grid;next-voice-onset,yes,hold,change,0.5,notation-shortening,reference duration 0.5; shorten acoustic extension to 0.5 (score convention; pedal carries the tail)
Liszt_Concert_Etude_S145_2_1,LisztConcert_Etude_S145_2,Liszt,Concert_Etude_S145_2,LisztConcert_Etude_S145_2:RH:73:16.375000:2,RH,73,16.375000,m.5 beat 1.375,2,0.125,0.427083333,0.302083333,0.291666667,medium,,,,,,,unmatched,0.125000;0.291667,key-release-grid;next-voice-onset,yes,hold,none,0.125,pedal-only,pedal carries sustain; keep short written note
Liszt_Concert_Etude_S145_2_1,LisztConcert_Etude_S145_2,Liszt,Concert_Etude_S145_2,LisztConcert_Etude_S145_2:RH:73:16.666667:2,RH,73,16.666667,m.5 beat 1.667,2,0.125,0.135416667,0.010416667,0.333333333,normal,,,,,,,unmatched,0.125000;0.250000;0.333333,key-release-grid+pedal-acoustic-grid;next-voice-onset;pedal-acoustic-grid,no,release,none,0.125,,routine; written duration follows score/readability
Liszt_Concert_Etude_S145_2_1,LisztConcert_Etude_S145_2,Liszt,Concert_Etude_S145_2,LisztConcert_Etude_S145_2:RH:73:17.666667:1,RH,73,17.666667,m.5 beat 2.667,1,0.125,0.6171875,0.4921875,0.333333333,medium,,,,,,,unmatched,0.125000;0.333333,key-release-grid;next-voice-onset,yes,change,none,0.125,pedal-only,pedal carries sustain; keep short written note
Liszt_Concert_Etude_S145_2_1,LisztConcert_Etude_S145_2,Liszt,Concert_Etude_S145_2,LisztConcert_Etude_S145_2:RH:73:21.750000:2,RH,73,21.750000,m.6 beat 2.750,2,0.125,0.125,0.0,0.25,normal,,,,,,,unmatched,0.125000;0.250000,key-release-grid+pedal-acoustic-grid;next-voice-onset,no,none,none,0.125,,routine; written duration follows score/readability
Liszt_Concert_Etude_S145_2_1,LisztConcert_Etude_S145_2,Liszt,Concert_Etude_S145_2,LisztConcert_Etude_S145_2:RH:73:22.666667:2,RH,73,22.666667,m.6 beat 3.667,2,0.125,0.294270833,0.169270833,0.333333333,normal,,,,,,,unmatched,0.125000;0.250000;0.333333,key-release-grid;next-voice-onset+pedal-acoustic-grid;pedal-acoustic-grid,no,hold,none,0.125,,routine; written duration follows score/readability
Liszt_Concert_Etude_S145_2_1,LisztConcert_Etude_S145_2,Liszt,Concert_Etude_S145_2,LisztConcert_Etude_S145_2:RH:73:23.375000:2,RH,73,23.375000,m.6 beat 4.375,2,0.125,0.125,0.0,0.25,normal,,,,,,,unmatched,0.125000;0.250000,key-release-grid+pedal-acoustic-grid;next-voice-onset,no,none,none,0.125,,routine; written duration follows score/readability
Liszt_Concert_Etude_S145_2_1,LisztConcert_Etude_S145_2,Liszt,Concert_Etude_S145_2,LisztConcert_Etude_S145_2:RH:73:28.500000:1,RH,73,28.500000,m.8 beat 1.500,1,0.125,0.21875,0.09375,0.75,normal,,,,,,,unmatched,0.125000;0.250000;0.333333;0.750000,key-release-grid;next-voice-onset;pedal-acoustic-grid,no,release,none,0.125,,routine; written duration follows score/readability
Liszt_Concert_Etude_S145_2_1,LisztConcert_Etude_S145_2,Liszt,Concert_Etude_S145_2,LisztConcert_Etude_S145_2:RH:73:3.333333:1,RH,73,3.333333,m.1 beat 4.333,1,0.125,0.125,0.0,0.166666667,normal,,,,,,,unmatched,0.125000;0.166667,key-release-grid+pedal-acoustic-grid;next-voice-onset,no,none,none,0.125,,routine; written duration follows score/readability
Liszt_Concert_Etude_S145_2_1,LisztConcert_Etude_S145_2,Liszt,Concert_Etude_S145_2,LisztConcert_Etude_S145_2:RH:73:3.625000:1,RH,73,3.625000,m.1 beat 4.625,1,0.125,0.125,0.0,0.25,normal,,,,,,,unmatched,0.125000;0.250000,key-release-grid+pedal-acoustic-grid;next-voice-onset,no,none,none,0.125,,routine; written duration follows score/readability
Liszt_Concert_Etude_S145_2_1,LisztConcert_Etude_S145_2,Liszt,Concert_Etude_S145_2,LisztConcert_Etude_S145_2:RH:73:3.875000:1,RH,73,3.875000,m.1 beat 4.875,1,0.125,0.125,0.0,0.25,normal,,,,,,,unmatched,0.125000;0.250000,barline+key-release-grid+pedal-acoustic-grid;next-voice-onset,no,none,none,0.125,,routine; written duration follows score/readability
Liszt_Concert_Etude_S145_2_1,LisztConcert_Etude_S145_2,Liszt,Concert_Etude_S145_2,LisztConcert_Etude_S145_2:RH:73:30.000000:1,RH,73,30.000000,m.8 beat 3.000,1,0.125,0.283854167,0.158854167,0.75,normal,,,,,,,unmatched,0.125000;0.250000;0.333333;0.750000,key-release-grid;next-voice-onset;pedal-acoustic-grid,no,hold,none,0.125,,routine; written duration follows score/readability
Liszt_Concert_Etude_S145_2_1,LisztConcert_Etude_S145_2,Liszt,Concert_Etude_S145_2,LisztConcert_Etude_S145_2:RH:73:31.375000:1,RH,73,31.375000,m.8 beat 4.375,1,0.125,0.416666667,0.291666667,0.625,medium,,,,,,,unmatched,0.125000;0.333333;0.375000;0.500000;0.625000,barline+next-voice-onset;key-release-grid;pedal-acoustic-grid,yes,hold,none,0.125,pedal-only,pedal carries sustain; keep short written note
Liszt_Concert_Etude_S145_2_1,LisztConcert_Etude_S145_2,Liszt,Concert_Etude_S145_2,LisztConcert_Etude_S145_2:RH:73:32.250000:1,RH,73,32.250000,m.9 beat 1.250,1,0.125,0.510416667,0.385416667,0.75,medium,,,,,,,unmatched,0.125000;0.500000;0.666667;0.750000,key-release-grid;next-voice-onset;pedal-acoustic-grid,yes,hold,none,0.125,pedal-only,pedal carries sustain; keep short written note
Liszt_Concert_Etude_S145_2_1,LisztConcert_Etude_S145_2,Liszt,Concert_Etude_S145_2,LisztConcert_Etude_S145_2:RH:73:33.250000:1,RH,73,33.250000,m.9 beat 2.250,1,0.125,0.4609375,0.3359375,0.625,medium,,,,,,,unmatched,0.125000;0.333333;0.500000;0.625000,key-release-grid;next-voice-onset;pedal-acoustic-grid,yes,hold,none,0.125,pedal-only,pedal carries sustain; keep short written note
Liszt_Concert_Etude_S145_2_1,LisztConcert_Etude_S145_2,Liszt,Concert_Etude_S145_2,LisztConcert_Etude_S145_2:RH:73:33.875000:1,RH,73,33.875000,m.9 beat 2.875,1,0.125,0.125,0.0,0.625,normal,,,,,,,unmatched,0.125000;0.625000,key-release-grid+pedal-acoustic-grid;next-voice-onset,no,release,none,0.125,,routine; written duration follows score/readability
Liszt_Concert_Etude_S145_2_1,LisztConcert_Etude_S145_2,Liszt,Concert_Etude_S145_2,LisztConcert_Etude_S145_2:RH:73:34.500000:1,RH,73,34.500000,m.9 beat 3.500,1,0.125,0.125,0.0,0.625,normal,,,,,,,unmatched,0.125000;0.625000,key-release-grid+pedal-acoustic-grid;next-voice-onset,no,none,none,0.125,,routine; written duration follows score/readability
Liszt_Concert_Etude_S145_2_1,LisztConcert_Etude_S145_2,Liszt,Concert_Etude_S145_2,LisztConcert_Etude_S145_2:RH:73:36.000000:2,RH,73,36.000000,m.10 beat 1.000,2,0.125,1.591145833,1.466145833,0.333333333,medium,P1,5,61.0,0.5,0,0,reference-duration-not-candidate,0.125000;0.333333,key-release-grid;next-voice-onset,yes,hold,none,0.5,notation-shortening,reference duration 0.5; shorten acoustic extension to 0.5 (score convention; pedal carries the tail)
Liszt_Concert_Etude_S145_2_1,LisztConcert_Etude_S145_2,Liszt,Concert_Etude_S145_2,LisztConcert_Etude_S145_2:RH:73:36.333333:2,RH,73,36.333333,m.10 beat 1.333,2,0.125,1.2578125,1.1328125,0.291666667,medium,P1,5,61.5,0.5,0,0,reference-duration-not-candidate,0.125000;0.291667,key-release-grid;next-voice-onset,yes,hold,change,0.5,notation-shortening,reference duration 0.5; shorten acoustic extension to 0.5 (score convention; pedal carries the tail)
Liszt_Concert_Etude_S145_2_1,LisztConcert_Etude_S145_2,Liszt,Concert_Etude_S145_2,LisztConcert_Etude_S145_2:RH:73:36.625000:2,RH,73,36.625000,m.10 beat 1.625,2,0.125,0.966145833,0.841145833,0.125,medium,P1,5,61.5,0.5,0,0,reference-duration-not-candidate,0.125000,key-release-grid+next-voice-onset,yes,hold,change,0.5,notation-shortening,reference duration 0.5; shorten acoustic extension to 0.5 (score convention; pedal carries the tail)
Liszt_Concert_Etude_S145_2_1,LisztConcert_Etude_S145_2,Liszt,Concert_Etude_S145_2,LisztConcert_Etude_S145_2:RH:73:36.875000:1,RH,73,36.875000,m.10 beat 1.875,1,0.125,0.716145833,0.591145833,0.25,medium,P1,5,62.0,0.5,0,0,reference-duration-not-candidate,0.125000;0.250000,key-release-grid;next-voice-onset,yes,hold,none,0.5,notation-shortening,reference duration 0.5; shorten acoustic extension to 0.5 (score convention; pedal carries the tail)
Liszt_Concert_Etude_S145_2_1,LisztConcert_Etude_S145_2,Liszt,Concert_Etude_S145_2,LisztConcert_Etude_S145_2:RH:73:37.125000:1,RH,73,37.125000,m.10 beat 2.125,1,0.125,0.466145833,0.341145833,0.125,medium,P1,5,62.5,0.5,0,0,reference-duration-not-candidate,0.125000,key-release-grid+next-voice-onset,yes,hold,none,0.5,notation-shortening,reference duration 0.5; shorten acoustic extension to 0.5 (score convention; pedal carries the tail)
Liszt_Concert_Etude_S145_2_1,LisztConcert_Etude_S145_2,Liszt,Concert_Etude_S145_2,LisztConcert_Etude_S145_2:RH:73:37.375000:1,RH,73,37.375000,m.10 beat 2.375,1,0.125,0.216145833,0.091145833,0.125,normal,P1,5,62.5,0.5,0,0,reference-duration-not-candidate,0.125000,key-release-grid+next-voice-onset,no,change,none,0.5,notation-shortening,reference duration 0.5; shorten acoustic extension to 0.5 (score convention; pedal carries the tail)
Liszt_Concert_Etude_S145_2_1,LisztConcert_Etude_S145_2,Liszt,Concert_Etude_S145_2,LisztConcert_Etude_S145_2:RH:73:37.666667:2,RH,73,37.666667,m.10 beat 2.667,2,0.125,0.78125,0.65625,0.208333333,medium,P1,5,63.0,0.5,0,0,reference-duration-not-candidate,0.125000;0.208333,key-release-grid;next-voice-onset,yes,change,change,0.5,notation-shortening,reference duration 0.5; shorten acoustic extension to 0.5 (score convention; pedal carries the tail)
Liszt_Concert_Etude_S145_2_1,LisztConcert_Etude_S145_2,Liszt,Concert_Etude_S145_2,LisztConcert_Etude_S145_2:RH:73:41.125000:2,RH,73,41.125000,m.11 beat 2.125,2,0.125,0.9609375,0.8359375,0.25,medium,P1,5,69.0,0.5,0,0,reference-duration-not-candidate,0.125000;0.250000,key-release-grid;next-voice-onset,yes,hold,start,0.5,notation-shortening,reference duration 0.5; shorten acoustic extension to 0.5 (score convention; pedal carries the tail)
Liszt_Concert_Etude_S145_2_1,LisztConcert_Etude_S145_2,Liszt,Concert_Etude_S145_2,LisztConcert_Etude_S145_2:RH:73:41.500000:2,RH,73,41.500000,m.11 beat 2.500,2,0.166666667,0.5859375,0.419270833,0.166666667,medium,P1,5,69.5,0.5,0,0,reference-duration-not-candidate,0.125000;0.166667,key-release-grid;next-voice-onset,yes,hold,none,0.5,notation-shortening,reference duration 0.5; shorten acoustic extension to 0.5 (score convention; pedal carries the tail)
Liszt_Concert_Etude_S145_2_1,LisztConcert_Etude_S145_2,Liszt,Concert_Etude_S145_2,LisztConcert_Etude_S145_2:RH:73:41.666667:2,RH,73,41.666667,m.11 beat 2.667,2,0.125,0.419270833,0.294270833,0.208333333,medium,P1,5,70.0,0.5,0,0,reference-duration-not-candidate,0.125000;0.208333,key-release-grid;next-voice-onset,yes,hold,none,0.5,notation-shortening,reference duration 0.5; shorten acoustic extension to 0.5 (score convention; pedal carries the tail)
Liszt_Concert_Etude_S145_2_1,LisztConcert_Etude_S145_2,Liszt,Concert_Etude_S145_2,LisztConcert_Etude_S145_2:RH:73:42.000000:1,RH,73,42.000000,m.11 beat 3.000,1,0.125,0.125,0.0,0.25,normal,P1,5,70.5,0.5,0,0,reference-duration-not-candidate,0.125000;0.250000,key-release-grid+pedal-acoustic-grid;next-voice-onset,no,release,change,0.5,notation-shortening,reference duration 0.5; shorten acoustic extension to 0.5 (score convention; pedal carries the tail)
Liszt_Concert_Etude_S145_2_1,LisztConcert_Etude_S145_2,Liszt,Concert_Etude_S145_2,LisztConcert_Etude_S145_2:RH:73:42.250000:1,RH,73,42.250000,m.11 beat 3.250,1,0.125,0.125,0.0,0.25,normal,P1,5,71.0,0.5,0,0,reference-duration-not-candidate,0.125000;0.250000,key-release-grid+pedal-acoustic-grid;next-voice-onset,no,release,none,0.5,notation-shortening,reference duration 0.5; shorten acoustic extension to 0.5 (score convention; pedal carries the tail)
Liszt_Concert_Etude_S145_2_1,LisztConcert_Etude_S145_2,Liszt,Concert_Etude_S145_2,LisztConcert_Etude_S145_2:RH:73:42.500000:1,RH,73,42.500000,m.11 beat 3.500,1,0.125,0.125,0.0,0.375,normal,P1,5,71.5,0.5,0,0,labeled,0.125000;0.375000,key-release-grid+pedal-acoustic-grid;next-voice-onset,no,none,none,0.5,notation-shortening,reference duration 0.5; shorten acoustic extension to 0.5 (score convention; pedal carries the tail)
Liszt_Concert_Etude_S145_2_1,LisztConcert_Etude_S145_2,Liszt,Concert_Etude_S145_2,LisztConcert_Etude_S145_2:RH:73:42.875000:2,RH,73,42.875000,m.11 beat 3.875,2,0.125,0.71875,0.59375,0.125,medium,P1,5,72.0,0.5,0,0,reference-duration-not-candidate,0.125000,key-release-grid+next-voice-onset,yes,hold,change,0.5,notation-shortening,reference duration 0.5; shorten acoustic extension to 0.5 (score convention; pedal carries the tail)
Liszt_Concert_Etude_S145_2_1,LisztConcert_Etude_S145_2,Liszt,Concert_Etude_S145_2,LisztConcert_Etude_S145_2:RH:73:46.333333:3,RH,73,46.333333,m.12 beat 3.333,3,0.125,0.744791667,0.619791667,0.291666667,medium,P1,5,78.0,0.5,0,0,reference-duration-not-candidate,0.125000;0.291667,key-release-grid;next-voice-onset,yes,hold,start,0.5,notation-shortening,reference duration 0.5; shorten acoustic extension to 0.5 (score convention; pedal carries the tail)
Liszt_Concert_Etude_S145_2_1,LisztConcert_Etude_S145_2,Liszt,Concert_Etude_S145_2,LisztConcert_Etude_S145_2:RH:73:46.625000:3,RH,73,46.625000,m.12 beat 3.625,3,0.125,0.453125,0.328125,0.25,medium,P1,5,78.5,0.5,0,0,reference-duration-not-candidate,0.125000;0.250000,key-release-grid;next-voice-onset,yes,hold,none,0.5,notation-shortening,reference duration 0.5; shorten acoustic extension to 0.5 (score convention; pedal carries the tail)
Liszt_Concert_Etude_S145_2_1,LisztConcert_Etude_S145_2,Liszt,Concert_Etude_S145_2,LisztConcert_Etude_S145_2:RH:73:46.875000:3,RH,73,46.875000,m.12 beat 3.875,3,0.125,0.203125,0.078125,0.25,normal,P1,5,79.0,0.5,0,0,reference-duration-not-candidate,0.125000;0.250000,key-release-grid;next-voice-onset+pedal-acoustic-grid,no,change,none,0.5,notation-shortening,reference duration 0.5; shorten acoustic extension to 0.5 (score convention; pedal carries the tail)
Liszt_Concert_Etude_S145_2_1,LisztConcert_Etude_S145_2,Liszt,Concert_Etude_S145_2,LisztConcert_Etude_S145_2:RH:73:47.125000:3,RH,73,47.125000,m.12 beat 4.125,3,0.125,0.783854167,0.658854167,0.375,medium,P1,5,79.5,0.5,0,0,labeled,0.125000;0.375000,key-release-grid;next-voice-onset,yes,change,change,0.5,notation-shortening,reference duration 0.5; shorten acoustic extension to 0.5 (score convention; pedal carries the tail)
Liszt_Concert_Etude_S145_2_1,LisztConcert_Etude_S145_2,Liszt,Concert_Etude_S145_2,LisztConcert_Etude_S145_2:RH:73:47.500000:3,RH,73,47.500000,m.12 beat 4.500,3,0.125,0.408854167,0.283854167,0.25,medium,P1,5,80.0,0.5,0,0,reference-duration-not-candidate,0.125000;0.250000,key-release-grid;next-voice-onset,yes,hold,none,0.5,notation-shortening,reference duration 0.5; shorten acoustic extension to 0.5 (score convention; pedal carries the tail)
Liszt_Concert_Etude_S145_2_1,LisztConcert_Etude_S145_2,Liszt,Concert_Etude_S145_2,LisztConcert_Etude_S145_2:RH:73:47.750000:2,RH,73,47.750000,m.12 beat 4.750,2,0.125,0.158854167,0.033854167,0.125,normal,P1,5,80.5,0.5,0,0,reference-duration-not-candidate,0.125000,key-release-grid+next-voice-onset+pedal-acoustic-grid,no,change,none,0.5,notation-shortening,reference duration 0.5; shorten acoustic extension to 0.5 (score convention; pedal carries the tail)
Liszt_Concert_Etude_S145_2_1,LisztConcert_Etude_S145_2,Liszt,Concert_Etude_S145_2,LisztConcert_Etude_S145_2:RH:73:48.125000:2,RH,73,48.125000,m.13 beat 1.125,2,0.125,0.677083333,0.552083333,0.125,medium,P1,5,81.0,0.5,0,0,reference-duration-not-candidate,0.125000,key-release-grid+next-voice-onset,yes,hold,change,0.5,notation-shortening,reference duration 0.5; shorten acoustic extension to 0.5 (score convention; pedal carries the tail)
Liszt_Concert_Etude_S145_2_1,LisztConcert_Etude_S145_2,Liszt,Concert_Etude_S145_2,LisztConcert_Etude_S145_2:RH:73:48.500000:3,RH,73,48.500000,m.13 beat 1.500,3,0.125,0.302083333,0.177083333,0.166666667,normal,P1,5,81.5,0.5,0,0,reference-duration-not-candidate,0.125000;0.166667,key-release-grid;next-voice-onset,no,hold,none,0.5,notation-shortening,reference duration 0.5; shorten acoustic extension to 0.5 (score convention; pedal carries the tail)
Liszt_Concert_Etude_S145_2_1,LisztConcert_Etude_S145_2,Liszt,Concert_Etude_S145_2,LisztConcert_Etude_S145_2:RH:73:48.875000:2,RH,73,48.875000,m.13 beat 1.875,2,0.125,0.838541667,0.713541667,0.125,medium,,,,,,,unmatched,0.125000,key-release-grid+next-voice-onset,yes,change,none,0.125,pedal-only,pedal carries sustain; keep short written note
Liszt_Concert_Etude_S145_2_1,LisztConcert_Etude_S145_2,Liszt,Concert_Etude_S145_2,LisztConcert_Etude_S145_2:RH:73:49.875000:2,RH,73,49.875000,m.13 beat 2.875,2,0.125,0.330729167,0.205729167,0.25,normal,P1,5,84.0,0.5,0,0,reference-duration-not-candidate,0.125000;0.250000,key-release-grid;next-voice-onset+pedal-acoustic-grid,no,hold,change,0.5,notation-shortening,reference duration 0.5; shorten acoustic extension to 0.5 (score convention; pedal carries the tail)
Liszt_Concert_Etude_S145_2_1,LisztConcert_Etude_S145_2,Liszt,Concert_Etude_S145_2,LisztConcert_Etude_S145_2:RH:73:65.500000:2,RH,73,65.500000,m.17 beat 2.500,2,0.125,2.244791667,2.119791667,0.375,medium,P1,5,110.25,0.5,0,0,labeled,0.125000;0.375000,key-release-grid;next-voice-onset,yes,hold,change,0.5,notation-shortening,reference duration 0.5; shorten acoustic extension to 0.5 (score convention; pedal carries the tail)
Liszt_Concert_Etude_S145_2_1,LisztConcert_Etude_S145_2,Liszt,Concert_Etude_S145_2,LisztConcert_Etude_S145_2:RH:73:76.750000:1,RH,73,76.750000,m.20 beat 1.750,1,0.125,0.125,0.0,0.25,normal,,,,,,,unmatched,0.125000;0.250000,key-release-grid+pedal-acoustic-grid;next-voice-onset,no,none,none,0.125,,routine; written duration follows score/readability
Liszt_Concert_Etude_S145_2_1,LisztConcert_Etude_S145_2,Liszt,Concert_Etude_S145_2,LisztConcert_Etude_S145_2:RH:73:77.125000:1,RH,73,77.125000,m.20 beat 2.125,1,0.125,0.125,0.0,0.208333333,normal,,,,,,,unmatched,0.125000;0.208333,key-release-grid+pedal-acoustic-grid;next-voice-onset,no,none,none,0.125,,routine; written duration follows score/readability
Liszt_Concert_Etude_S145_2_1,LisztConcert_Etude_S145_2,Liszt,Concert_Etude_S145_2,LisztConcert_Etude_S145_2:RH:73:77.375000:3,RH,73,77.375000,m.20 beat 2.375,3,0.125,0.125,0.0,1.375,normal,,,,,,,unmatched,0.125000;1.375000,key-release-grid+pedal-acoustic-grid;next-voice-onset,no,none,none,0.125,,routine; written duration follows score/readability
Liszt_Concert_Etude_S145_2_1,LisztConcert_Etude_S145_2,Liszt,Concert_Etude_S145_2,LisztConcert_Etude_S145_2:RH:73:83.250000:1,RH,73,83.250000,m.21 beat 4.250,1,0.125,0.838541667,0.713541667,0.25,medium,P1,1,134.5,0.5,0,0,reference-duration-not-candidate,0.125000;0.250000,key-release-grid;next-voice-onset,yes,change,none,0.5,notation-shortening,reference duration 0.5; shorten acoustic extension to 0.5 (score convention; pedal carries the tail)
Liszt_Concert_Etude_S145_2_1,LisztConcert_Etude_S145_2,Liszt,Concert_Etude_S145_2,LisztConcert_Etude_S145_2:RH:73:83.750000:1,RH,73,83.750000,m.21 beat 4.750,1,0.125,0.338541667,0.213541667,0.375,normal,,,,,,,unmatched,0.125000;0.250000;0.333333;0.375000,barline+pedal-acoustic-grid;key-release-grid;next-voice-onset+pedal-acoustic-grid;pedal-acoustic-grid,no,hold,none,0.125,,routine; written duration follows score/readability
Liszt_Concert_Etude_S145_2_1,LisztConcert_Etude_S145_2,Liszt,Concert_Etude_S145_2,LisztConcert_Etude_S145_2:RH:73:84.125000:1,RH,73,84.125000,m.22 beat 1.125,1,0.125,0.125,0.0,0.208333333,normal,,,,,,,unmatched,0.125000;0.208333,key-release-grid+pedal-acoustic-grid;next-voice-onset,no,release,none,0.125,,routine; written duration follows score/readability
Liszt_Concert_Etude_S145_2_1,LisztConcert_Etude_S145_2,Liszt,Concert_Etude_S145_2,LisztConcert_Etude_S145_2:RH:73:85.000000:3,RH,73,85.000000,m.22 beat 2.000,3,0.125,0.552083333,0.427083333,0.25,medium,,,,,,,unmatched,0.125000;0.250000,key-release-grid;next-voice-onset,yes,hold,none,0.125,pedal-only,pedal carries sustain; keep short written note
Liszt_Concert_Etude_S145_2_1,LisztConcert_Etude_S145_2,Liszt,Concert_Etude_S145_2,LisztConcert_Etude_S145_2:RH:73:89.000000:3,RH,73,89.000000,m.23 beat 2.000,3,0.125,0.125,0.0,0.333333333,normal,,,,,,,unmatched,0.125000;0.333333,key-release-grid+pedal-acoustic-grid;next-voice-onset,no,none,none,0.125,,routine; written duration follows score/readability
Liszt_Concert_Etude_S145_2_1,LisztConcert_Etude_S145_2,Liszt,Concert_Etude_S145_2,LisztConcert_Etude_S145_2:RH:73:89.875000:3,RH,73,89.875000,m.23 beat 2.875,3,0.125,0.3671875,0.2421875,0.25,normal,,,,,,,unmatched,0.125000;0.250000,key-release-grid;next-voice-onset+pedal-acoustic-grid,no,hold,none,0.125,,routine; written duration follows score/readability
Liszt_Concert_Etude_S145_2_1,LisztConcert_Etude_S145_2,Liszt,Concert_Etude_S145_2,LisztConcert_Etude_S145_2:RH:73:9.875000:1,RH,73,9.875000,m.3 beat 2.875,1,0.125,0.125,0.0,0.25,normal,P1,1,11.5,0.5,0,0,reference-duration-not-candidate,0.125000;0.250000,key-release-grid+pedal-acoustic-grid;next-voice-onset,no,none,none,0.5,notation-shortening,reference duration 0.5; shorten acoustic extension to 0.5 (score convention; pedal carries the tail)
Liszt_Concert_Etude_S145_2_1,LisztConcert_Etude_S145_2,Liszt,Concert_Etude_S145_2,LisztConcert_Etude_S145_2:RH:73:91.125000:3,RH,73,91.125000,m.23 beat 4.125,3,0.125,0.580729167,0.455729167,0.25,medium,,,,,,,unmatched,0.125000;0.250000,key-release-grid;next-voice-onset,yes,hold,none,0.125,pedal-only,pedal carries sustain; keep short written note
Liszt_Concert_Etude_S145_2_1,LisztConcert_Etude_S145_2,Liszt,Concert_Etude_S145_2,LisztConcert_Etude_S145_2:RH:73:95.250000:1,RH,73,95.250000,m.24 beat 4.250,1,0.125,0.125,0.0,0.25,normal,,,,,,,unmatched,0.125000;0.250000,key-release-grid+pedal-acoustic-grid;next-voice-onset,no,none,none,0.125,,routine; written duration follows score/readability
Liszt_Concert_Etude_S145_2_1,LisztConcert_Etude_S145_2,Liszt,Concert_Etude_S145_2,LisztConcert_Etude_S145_2:RH:73:97.000000:1,RH,73,97.000000,m.25 beat 2.000,1,0.125,0.125,0.0,0.25,normal,,,,,,,unmatched,0.125000;0.250000,key-release-grid+pedal-acoustic-grid;next-voice-onset,no,none,none,0.125,,routine; written duration follows score/readability
Liszt_Concert_Etude_S145_2_1,LisztConcert_Etude_S145_2,Liszt,Concert_Etude_S145_2,LisztConcert_Etude_S145_2:RH:74:10.875000:1,RH,74,10.875000,m.3 beat 3.875,1,0.125,0.125,0.0,0.125,normal,,,,,,,unmatched,0.125000,key-release-grid+next-voice-onset+pedal-acoustic-grid,no,release,none,0.125,,routine; written duration follows score/readability
Liszt_Concert_Etude_S145_2_1,LisztConcert_Etude_S145_2,Liszt,Concert_Etude_S145_2,LisztConcert_Etude_S145_2:RH:74:109.625000:1,RH,74,109.625000,m.28 beat 2.625,1,0.125,1.567708333,1.442708333,0.25,medium,P1,5,183.0,0.5,0,0,reference-duration-not-candidate,0.125000;0.250000,key-release-grid;next-voice-onset,yes,hold,change,0.5,notation-shortening,reference duration 0.5; shorten acoustic extension to 0.5 (score convention; pedal carries the tail)
Liszt_Concert_Etude_S145_2_1,LisztConcert_Etude_S145_2,Liszt,Concert_Etude_S145_2,LisztConcert_Etude_S145_2:RH:74:109.875000:1,RH,74,109.875000,m.28 beat 2.875,1,0.125,1.317708333,1.192708333,0.375,medium,P1,5,183.5,0.5,0,0,labeled,0.125000;0.375000,key-release-grid;next-voice-onset,yes,hold,none,0.5,notation-shortening,reference duration 0.5; shorten acoustic extension to 0.5 (score convention; pedal carries the tail)
Liszt_Concert_Etude_S145_2_1,LisztConcert_Etude_S145_2,Liszt,Concert_Etude_S145_2,LisztConcert_Etude_S145_2:RH:74:110.250000:1,RH,74,110.250000,m.28 beat 3.250,1,0.125,0.942708333,0.817708333,0.25,medium,P1,5,184.0,0.5,0,0,reference-duration-not-candidate,0.125000;0.250000,key-release-grid;next-voice-onset,yes,hold,none,0.5,notation-shortening,reference duration 0.5; shorten acoustic extension to 0.5 (score convention; pedal carries the tail)
Liszt_Concert_Etude_S145_2_1,LisztConcert_Etude_S145_2,Liszt,Concert_Etude_S145_2,LisztConcert_Etude_S145_2:RH:74:110.500000:1,RH,74,110.500000,m.28 beat 3.500,1,0.125,0.692708333,0.567708333,0.166666667,medium,P1,5,184.5,0.5,0,0,reference-duration-not-candidate,0.125000;0.166667,key-release-grid;next-voice-onset,yes,hold,change,0.5,notation-shortening,reference duration 0.5; shorten acoustic extension to 0.5 (score convention; pedal carries the tail)
Liszt_Concert_Etude_S145_2_1,LisztConcert_Etude_S145_2,Liszt,Concert_Etude_S145_2,LisztConcert_Etude_S145_2:RH:74:110.750000:2,RH,74,110.750000,m.28 beat 3.750,2,0.125,0.442708333,0.317708333,0.125,medium,P1,5,185.0,0.5,0,0,reference-duration-not-candidate,0.125000,key-release-grid+next-voice-onset,yes,hold,none,0.5,notation-shortening,reference duration 0.5; shorten acoustic extension to 0.5 (score convention; pedal carries the tail)
Liszt_Concert_Etude_S145_2_1,LisztConcert_Etude_S145_2,Liszt,Concert_Etude_S145_2,LisztConcert_Etude_S145_2:RH:74:110.875000:2,RH,74,110.875000,m.28 beat 3.875,2,0.125,0.317708333,0.192708333,0.125,normal,P1,5,185.5,0.5,0,0,reference-duration-not-candidate,0.125000,key-release-grid+next-voice-onset,no,hold,none,0.5,notation-shortening,reference duration 0.5; shorten acoustic extension to 0.5 (score convention; pedal carries the tail)
Liszt_Concert_Etude_S145_2_1,LisztConcert_Etude_S145_2,Liszt,Concert_Etude_S145_2,LisztConcert_Etude_S145_2:RH:74:111.250000:3,RH,74,111.250000,m.28 beat 4.250,3,0.125,0.791666667,0.666666667,0.125,medium,P1,5,186.0,0.5,0,0,reference-duration-not-candidate,0.125000,key-release-grid+next-voice-onset,yes,change,change,0.5,notation-shortening,reference duration 0.5; shorten acoustic extension to 0.5 (score convention; pedal carries the tail)
Liszt_Concert_Etude_S145_2_1,LisztConcert_Etude_S145_2,Liszt,Concert_Etude_S145_2,LisztConcert_Etude_S145_2:RH:74:114.625000:1,RH,74,114.625000,m.29 beat 3.625,1,0.125,1.53125,1.40625,0.25,medium,P1,5,192.0,0.5,0,0,reference-duration-not-candidate,0.125000;0.250000,key-release-grid;next-voice-onset,yes,hold,start,0.5,notation-shortening,reference duration 0.5; shorten acoustic extension to 0.5 (score convention; pedal carries the tail)
Liszt_Concert_Etude_S145_2_1,LisztConcert_Etude_S145_2,Liszt,Concert_Etude_S145_2,LisztConcert_Etude_S145_2:RH:74:114.875000:1,RH,74,114.875000,m.29 beat 3.875,1,0.125,1.28125,1.15625,0.25,medium,P1,5,192.5,0.5,0,0,reference-duration-not-candidate,0.125000;0.250000,key-release-grid;next-voice-onset,yes,hold,none,0.5,notation-shortening,reference duration 0.5; shorten acoustic extension to 0.5 (score convention; pedal carries the tail)
Liszt_Concert_Etude_S145_2_1,LisztConcert_Etude_S145_2,Liszt,Concert_Etude_S145_2,LisztConcert_Etude_S145_2:RH:74:115.125000:1,RH,74,115.125000,m.29 beat 4.125,1,0.125,1.03125,0.90625,0.375,medium,P1,5,193.0,0.5,0,0,labeled,0.125000;0.375000,key-release-grid;next-voice-onset,yes,hold,none,0.5,notation-shortening,reference duration 0.5; shorten acoustic extension to 0.5 (score convention; pedal carries the tail)
Liszt_Concert_Etude_S145_2_1,LisztConcert_Etude_S145_2,Liszt,Concert_Etude_S145_2,LisztConcert_Etude_S145_2:RH:74:115.500000:1,RH,74,115.500000,m.29 beat 4.500,1,0.125,0.65625,0.53125,0.166666667,medium,P1,5,193.5,0.5,0,0,reference-duration-not-candidate,0.125000;0.166667,key-release-grid;next-voice-onset,yes,hold,change,0.5,notation-shortening,reference duration 0.5; shorten acoustic extension to 0.5 (score convention; pedal carries the tail)
Liszt_Concert_Etude_S145_2_1,LisztConcert_Etude_S145_2,Liszt,Concert_Etude_S145_2,LisztConcert_Etude_S145_2:RH:74:115.750000:3,RH,74,115.750000,m.29 beat 4.750,3,0.125,0.40625,0.28125,0.25,medium,P1,5,194.0,0.5,0,0,reference-duration-not-candidate,0.125000;0.250000,barline+next-voice-onset;key-release-grid,yes,hold,none,0.5,notation-shortening,reference duration 0.5; shorten acoustic extension to 0.5 (score convention; pedal carries the tail)
Liszt_Concert_Etude_S145_2_1,LisztConcert_Etude_S145_2,Liszt,Concert_Etude_S145_2,LisztConcert_Etude_S145_2:RH:74:116.000000:3,RH,74,116.000000,m.30 beat 1.000,3,0.125,0.15625,0.03125,0.25,normal,P1,5,194.5,0.5,0,0,reference-duration-not-candidate,0.125000;0.250000,key-release-grid+pedal-acoustic-grid;next-voice-onset+pedal-acoustic-grid,no,change,none,0.5,notation-shortening,reference duration 0.5; shorten acoustic extension to 0.5 (score convention; pedal carries the tail)
Liszt_Concert_Etude_S145_2_1,LisztConcert_Etude_S145_2,Liszt,Concert_Etude_S145_2,LisztConcert_Etude_S145_2:RH:74:116.250000:2,RH,74,116.250000,m.30 beat 1.250,2,0.125,0.815104167,0.690104167,0.125,medium,P1,5,195.0,0.5,0,0,reference-duration-not-candidate,0.125000,key-release-grid+next-voice-onset,yes,change,change,0.5,notation-shortening,reference duration 0.5; shorten acoustic extension to 0.5 (score convention; pedal carries the tail)
Liszt_Concert_Etude_S145_2_1,LisztConcert_Etude_S145_2,Liszt,Concert_Etude_S145_2,LisztConcert_Etude_S145_2:RH:74:119.625000:2,RH,74,119.625000,m.30 beat 4.625,2,0.125,0.768229167,0.643229167,0.25,medium,P1,5,201.0,0.5,0,0,reference-duration-not-candidate,0.125000;0.250000,key-release-grid;next-voice-onset,yes,hold,start,0.5,notation-shortening,reference duration 0.5; shorten acoustic extension to 0.5 (score convention; pedal carries the tail)
Liszt_Concert_Etude_S145_2_1,LisztConcert_Etude_S145_2,Liszt,Concert_Etude_S145_2,LisztConcert_Etude_S145_2:RH:74:119.875000:2,RH,74,119.875000,m.30 beat 4.875,2,0.125,0.518229167,0.393229167,0.25,medium,P1,5,201.5,0.5,0,0,reference-duration-not-candidate,0.125000;0.250000,barline+key-release-grid;next-voice-onset,yes,hold,none,0.5,notation-shortening,reference duration 0.5; shorten acoustic extension to 0.5 (score convention; pedal carries the tail)
Liszt_Concert_Etude_S145_2_1,LisztConcert_Etude_S145_2,Liszt,Concert_Etude_S145_2,LisztConcert_Etude_S145_2:RH:74:120.125000:2,RH,74,120.125000,m.31 beat 1.125,2,0.125,0.268229167,0.143229167,0.208333333,normal,P1,5,202.0,0.5,0,0,reference-duration-not-candidate,0.125000;0.208333,key-release-grid;next-voice-onset,no,hold,none,0.5,notation-shortening,reference duration 0.5; shorten acoustic extension to 0.5 (score convention; pedal carries the tail)
Liszt_Concert_Etude_S145_2_1,LisztConcert_Etude_S145_2,Liszt,Concert_Etude_S145_2,LisztConcert_Etude_S145_2:RH:74:120.500000:2,RH,74,120.500000,m.31 beat 1.500,2,0.125,0.723958333,0.598958333,0.25,medium,P1,5,202.5,0.5,0,0,reference-duration-not-candidate,0.125000;0.250000,key-release-grid;next-voice-onset,yes,hold,change,0.5,notation-shortening,reference duration 0.5; shorten acoustic extension to 0.5 (score convention; pedal carries the tail)
Liszt_Concert_Etude_S145_2_1,LisztConcert_Etude_S145_2,Liszt,Concert_Etude_S145_2,LisztConcert_Etude_S145_2:RH:74:120.750000:2,RH,74,120.750000,m.31 beat 1.750,2,0.125,0.473958333,0.348958333,0.25,medium,P1,5,203.0,0.5,0,0,reference-duration-not-candidate,0.125000;0.250000,key-release-grid;next-voice-onset,yes,hold,none,0.5,notation-shortening,reference duration 0.5; shorten acoustic extension to 0.5 (score convention; pedal carries the tail)
Liszt_Concert_Etude_S145_2_1,LisztConcert_Etude_S145_2,Liszt,Concert_Etude_S145_2,LisztConcert_Etude_S145_2:RH:74:121.000000:2,RH,74,121.000000,m.31 beat 2.000,2,0.125,0.223958333,0.098958333,0.375,normal,P1,5,203.5,0.5,0,0,labeled,0.125000;0.250000;0.333333;0.375000,key-release-grid;next-voice-onset;pedal-acoustic-grid,no,change,none,0.5,notation-shortening,reference duration 0.5; shorten acoustic extension to 0.5 (score convention; pedal carries the tail)
Liszt_Concert_Etude_S145_2_1,LisztConcert_Etude_S145_2,Liszt,Concert_Etude_S145_2,LisztConcert_Etude_S145_2:RH:74:121.375000:2,RH,74,121.375000,m.31 beat 2.375,2,0.125,0.697916667,0.572916667,0.25,medium,P1,5,204.0,0.5,0,0,reference-duration-not-candidate,0.125000;0.250000,key-release-grid;next-voice-onset,yes,hold,change,0.5,notation-shortening,reference duration 0.5; shorten acoustic extension to 0.5 (score convention; pedal carries the tail)
Liszt_Concert_Etude_S145_2_1,LisztConcert_Etude_S145_2,Liszt,Concert_Etude_S145_2,LisztConcert_Etude_S145_2:RH:74:121.750000:2,RH,74,121.750000,m.31 beat 2.750,2,0.125,0.322916667,0.197916667,0.25,normal,P1,5,205.0,0.5,0,0,reference-duration-not-candidate,0.125000;0.250000,key-release-grid;next-voice-onset+pedal-acoustic-grid,no,hold,none,0.5,notation-shortening,reference duration 0.5; shorten acoustic extension to 0.5 (score convention; pedal carries the tail)
Liszt_Concert_Etude_S145_2_1,LisztConcert_Etude_S145_2,Liszt,Concert_Etude_S145_2,LisztConcert_Etude_S145_2:RH:74:122.125000:3,RH,74,122.125000,m.31 beat 3.125,3,0.25,0.942708333,0.692708333,0.541666667,medium,,,,,,,unmatched,0.250000;0.333333;0.541667,key-release-grid;next-voice-onset,yes,change,none,0.25,pedal-only,pedal carries sustain; keep short written note
Liszt_Concert_Etude_S145_2_1,LisztConcert_Etude_S145_2,Liszt,Concert_Etude_S145_2,LisztConcert_Etude_S145_2:RH:74:123.125000:2,RH,74,123.125000,m.31 beat 4.125,2,0.125,0.65625,0.53125,1.625,medium,,,,,,,unmatched,0.125000;0.625000;0.666667;0.750000;0.875000;1.625000,barline;key-release-grid;next-voice-onset;pedal-acoustic-grid,yes,change,none,0.125,pedal-only,pedal carries sustain; keep short written note
Liszt_Concert_Etude_S145_2_1,LisztConcert_Etude_S145_2,Liszt,Concert_Etude_S145_2,LisztConcert_Etude_S145_2:RH:74:138.333333:1,RH,74,138.333333,m.35 beat 3.333,1,0.125,2.296875,2.171875,1.0,medium,P1,5,233.25,0.5,0,0,reference-duration-not-candidate,0.125000;1.000000,key-release-grid;next-voice-onset,yes,hold,change,0.5,notation-shortening,reference duration 0.5; shorten acoustic extension to 0.5 (score convention; pedal carries the tail)
Liszt_Concert_Etude_S145_2_1,LisztConcert_Etude_S145_2,Liszt,Concert_Etude_S145_2,LisztConcert_Etude_S145_2:RH:74:17.000000:1,RH,74,17.000000,m.5 beat 2.000,1,0.125,0.125,0.0,0.375,normal,,,,,,,unmatched,0.125000;0.375000,key-release-grid+pedal-acoustic-grid;next-voice-onset,no,release,none,0.125,,routine; written duration follows score/readability
Liszt_Concert_Etude_S145_2_1,LisztConcert_Etude_S145_2,Liszt,Concert_Etude_S145_2,LisztConcert_Etude_S145_2:RH:74:23.875000:2,RH,74,23.875000,m.6 beat 4.875,2,0.125,0.489583333,0.364583333,0.25,medium,P1,1,39.125,0.125,0,0,ambiguous-candidate,0.125000;0.250000,barline+key-release-grid;next-voice-onset,yes,hold,change,0.125,,routine; written duration follows score/readability
Liszt_Concert_Etude_S145_2_1,LisztConcert_Etude_S145_2,Liszt,Concert_Etude_S145_2,LisztConcert_Etude_S145_2:RH:74:24.875000:2,RH,74,24.875000,m.7 beat 1.875,2,0.125,0.125,0.0,0.25,normal,P1,5,41.125,0.125,0,0,ambiguous-candidate,0.125000;0.250000,key-release-grid+pedal-acoustic-grid;next-voice-onset,no,none,stop,0.125,,routine; written duration follows score/readability
Liszt_Concert_Etude_S145_2_1,LisztConcert_Etude_S145_2,Liszt,Concert_Etude_S145_2,LisztConcert_Etude_S145_2:RH:74:3.500000:1,RH,74,3.500000,m.1 beat 4.500,1,0.125,0.125,0.0,0.125,normal,,,,,,,unmatched,0.125000,key-release-grid+next-voice-onset+pedal-acoustic-grid,no,none,none,0.125,,routine; written duration follows score/readability
Liszt_Concert_Etude_S145_2_1,LisztConcert_Etude_S145_2,Liszt,Concert_Etude_S145_2,LisztConcert_Etude_S145_2:RH:74:3.875000:1,RH,74,3.875000,m.1 beat 4.875,1,0.125,0.125,0.0,0.25,normal,,,,,,,unmatched,0.125000;0.250000,barline+key-release-grid+pedal-acoustic-grid;next-voice-onset,no,none,none,0.125,,routine; written duration follows score/readability
Liszt_Concert_Etude_S145_2_1,LisztConcert_Etude_S145_2,Liszt,Concert_Etude_S145_2,LisztConcert_Etude_S145_2:RH:74:39.375000:2,RH,74,39.375000,m.10 beat 4.375,2,0.125,0.875,0.75,0.25,medium,P1,5,66.0,0.5,0,0,reference-duration-not-candidate,0.125000;0.250000,key-release-grid;next-voice-onset,yes,change,change,0.5,notation-shortening,reference duration 0.5; shorten acoustic extension to 0.5 (score convention; pedal carries the tail)
Liszt_Concert_Etude_S145_2_1,LisztConcert_Etude_S145_2,Liszt,Concert_Etude_S145_2,LisztConcert_Etude_S145_2:RH:74:44.625000:2,RH,74,44.625000,m.12 beat 1.625,2,0.125,0.770833333,0.645833333,0.125,medium,P1,5,75.0,0.5,0,0,reference-duration-not-candidate,0.125000,key-release-grid+next-voice-onset,yes,hold,change,0.5,notation-shortening,reference duration 0.5; shorten acoustic extension to 0.5 (score convention; pedal carries the tail)
Liszt_Concert_Etude_S145_2_1,LisztConcert_Etude_S145_2,Liszt,Concert_Etude_S145_2,LisztConcert_Etude_S145_2:RH:74:51.625000:2,RH,74,51.625000,m.13 beat 4.625,2,0.125,0.736979167,0.611979167,0.125,medium,P1,5,87.0,0.5,0,0,reference-duration-not-candidate,0.125000,key-release-grid+next-voice-onset,yes,hold,none,0.5,notation-shortening,reference duration 0.5; shorten acoustic extension to 0.5 (score convention; pedal carries the tail)
Liszt_Concert_Etude_S145_2_1,LisztConcert_Etude_S145_2,Liszt,Concert_Etude_S145_2,LisztConcert_Etude_S145_2:RH:74:51.875000:3,RH,74,51.875000,m.13 beat 4.875,3,0.125,0.486979167,0.361979167,0.25,medium,P1,5,87.5,0.5,0,0,reference-duration-not-candidate,0.125000;0.250000,barline+key-release-grid;next-voice-onset,yes,hold,none,0.5,notation-shortening,reference duration 0.5; shorten acoustic extension to 0.5 (score convention; pedal carries the tail)
Liszt_Concert_Etude_S145_2_1,LisztConcert_Etude_S145_2,Liszt,Concert_Etude_S145_2,LisztConcert_Etude_S145_2:RH:74:52.125000:3,RH,74,52.125000,m.14 beat 1.125,3,0.125,0.236979167,0.111979167,0.375,normal,P1,5,88.0,0.5,0,0,labeled,0.125000;0.250000;0.333333;0.375000,key-release-grid;next-voice-onset;pedal-acoustic-grid,no,change,none,0.5,notation-shortening,reference duration 0.5; shorten acoustic extension to 0.5 (score convention; pedal carries the tail)
Liszt_Concert_Etude_S145_2_1,LisztConcert_Etude_S145_2,Liszt,Concert_Etude_S145_2,LisztConcert_Etude_S145_2:RH:74:52.500000:3,RH,74,52.500000,m.14 beat 1.500,3,0.125,0.734375,0.609375,0.25,medium,P1,5,88.5,0.5,0,0,reference-duration-not-candidate,0.125000;0.250000,key-release-grid;next-voice-onset,yes,hold,none,0.5,notation-shortening,reference duration 0.5; shorten acoustic extension to 0.5 (score convention; pedal carries the tail)
Liszt_Concert_Etude_S145_2_1,LisztConcert_Etude_S145_2,Liszt,Concert_Etude_S145_2,LisztConcert_Etude_S145_2:RH:74:52.750000:3,RH,74,52.750000,m.14 beat 1.750,3,0.125,0.484375,0.359375,0.25,medium,P1,5,89.0,0.5,0,0,reference-duration-not-candidate,0.125000;0.250000,key-release-grid;next-voice-onset,yes,hold,none,0.5,notation-shortening,reference duration 0.5; shorten acoustic extension to 0.5 (score convention; pedal carries the tail)
Liszt_Concert_Etude_S145_2_1,LisztConcert_Etude_S145_2,Liszt,Concert_Etude_S145_2,LisztConcert_Etude_S145_2:RH:74:53.000000:3,RH,74,53.000000,m.14 beat 2.000,3,0.125,0.234375,0.109375,0.125,normal,P1,5,89.5,0.5,0,0,reference-duration-not-candidate,0.125000,key-release-grid+next-voice-onset,no,change,none,0.5,notation-shortening,reference duration 0.5; shorten acoustic extension to 0.5 (score convention; pedal carries the tail)
Liszt_Concert_Etude_S145_2_1,LisztConcert_Etude_S145_2,Liszt,Concert_Etude_S145_2,LisztConcert_Etude_S145_2:RH:74:53.375000:3,RH,74,53.375000,m.14 beat 2.375,3,0.125,0.708333333,0.583333333,0.291666667,medium,P1,5,90.0,0.5,0,0,reference-duration-not-candidate,0.125000;0.291667,key-release-grid;next-voice-onset,yes,hold,none,0.5,notation-shortening,reference duration 0.5; shorten acoustic extension to 0.5 (score convention; pedal carries the tail)
Liszt_Concert_Etude_S145_2_1,LisztConcert_Etude_S145_2,Liszt,Concert_Etude_S145_2,LisztConcert_Etude_S145_2:RH:74:53.875000:3,RH,74,53.875000,m.14 beat 2.875,3,0.125,0.208333333,0.083333333,0.125,normal,P1,5,91.0,0.5,0,0,reference-duration-not-candidate,0.125000,key-release-grid+next-voice-onset,no,change,none,0.5,notation-shortening,reference duration 0.5; shorten acoustic extension to 0.5 (score convention; pedal carries the tail)
Liszt_Concert_Etude_S145_2_1,LisztConcert_Etude_S145_2,Liszt,Concert_Etude_S145_2,LisztConcert_Etude_S145_2:RH:74:54.250000:3,RH,74,54.250000,m.14 beat 3.250,3,0.25,0.825520833,0.575520833,0.625,medium,,,,,,,unmatched,0.250000;0.333333;0.625000,key-release-grid;next-voice-onset,yes,hold,none,0.25,pedal-only,pedal carries sustain; keep short written note
Liszt_Concert_Etude_S145_2_1,LisztConcert_Etude_S145_2,Liszt,Concert_Etude_S145_2,LisztConcert_Etude_S145_2:RH:74:55.125000:3,RH,74,55.125000,m.14 beat 4.125,3,0.125,0.778645833,0.653645833,0.125,medium,P1,5,93.0,0.5,0,0,reference-duration-not-candidate,0.125000,key-release-grid+next-voice-onset,yes,change,none,0.5,notation-shortening,reference duration 0.5; shorten acoustic extension to 0.5 (score convention; pedal carries the tail)
Liszt_Concert_Etude_S145_2_1,LisztConcert_Etude_S145_2,Liszt,Concert_Etude_S145_2,LisztConcert_Etude_S145_2:RH:74:65.875000:2,RH,74,65.875000,m.17 beat 2.875,2,0.125,1.869791667,1.744791667,0.5,medium,P1,5,111.0,0.5,0,0,labeled,0.125000;0.500000,key-release-grid;next-voice-onset,yes,hold,change,0.5,notation-shortening,reference duration 0.5; shorten acoustic extension to 0.5 (score convention; pedal carries the tail)
Liszt_Concert_Etude_S145_2_1,LisztConcert_Etude_S145_2,Liszt,Concert_Etude_S145_2,LisztConcert_Etude_S145_2:RH:74:71.625000:3,RH,74,71.625000,m.18 beat 4.625,3,0.125,0.583333333,0.458333333,0.25,medium,P1,5,118.375,0.125,0,0,ambiguous-candidate,0.125000;0.250000,key-release-grid;next-voice-onset,yes,hold,none,0.125,,routine; written duration follows score/readability
Liszt_Concert_Etude_S145_2_1,LisztConcert_Etude_S145_2,Liszt,Concert_Etude_S145_2,LisztConcert_Etude_S145_2:RH:74:72.125000:3,RH,74,72.125000,m.19 beat 1.125,3,0.125,0.125,0.0,0.125,normal,P1,1,118.875,0.125,0,0,labeled,0.125000,key-release-grid+next-voice-onset+pedal-acoustic-grid,no,change,none,0.125,,routine; written duration follows score/readability
Liszt_Concert_Etude_S145_2_1,LisztConcert_Etude_S145_2,Liszt,Concert_Etude_S145_2,LisztConcert_Etude_S145_2:RH:74:77.000000:1,RH,74,77.000000,m.20 beat 2.000,1,0.125,0.125,0.0,0.125,normal,,,,,,,unmatched,0.125000,key-release-grid+next-voice-onset+pedal-acoustic-grid,no,none,none,0.125,,routine; written duration follows score/readability
Liszt_Concert_Etude_S145_2_1,LisztConcert_Etude_S145_2,Liszt,Concert_Etude_S145_2,LisztConcert_Etude_S145_2:RH:74:77.333333:1,RH,74,77.333333,m.20 beat 2.333,1,0.125,0.125,0.0,0.291666667,normal,,,,,,,unmatched,0.125000;0.291667,key-release-grid+pedal-acoustic-grid;next-voice-onset,no,none,none,0.125,,routine; written duration follows score/readability
Liszt_Concert_Etude_S145_2_1,LisztConcert_Etude_S145_2,Liszt,Concert_Etude_S145_2,LisztConcert_Etude_S145_2:RH:74:84.333333:3,RH,74,84.333333,m.22 beat 1.333,3,0.125,0.125,0.0,0.416666667,normal,,,,,,,unmatched,0.125000;0.416667,key-release-grid+pedal-acoustic-grid;next-voice-onset,no,release,none,0.125,,routine; written duration follows score/readability
Liszt_Concert_Etude_S145_2_1,LisztConcert_Etude_S145_2,Liszt,Concert_Etude_S145_2,LisztConcert_Etude_S145_2:RH:74:97.500000:1,RH,74,97.500000,m.25 beat 2.500,1,0.125,0.466145833,0.341145833,0.166666667,medium,P1,1,162.125,0.125,0,0,ambiguous-candidate,0.125000;0.166667,key-release-grid;next-voice-onset,yes,hold,change,0.125,,routine; written duration follows score/readability
Liszt_Concert_Etude_S145_2_1,LisztConcert_Etude_S145_2,Liszt,Concert_Etude_S145_2,LisztConcert_Etude_S145_2:RH:74:98.500000:1,RH,74,98.500000,m.25 beat 3.500,1,0.125,0.125,0.0,0.166666667,normal,P1,5,164.125,0.125,0,0,ambiguous-candidate,0.125000;0.166667,key-release-grid+pedal-acoustic-grid;next-voice-onset,no,none,stop,0.125,,routine; written duration follows score/readability
Liszt_Concert_Etude_S145_2_1,LisztConcert_Etude_S145_2,Liszt,Concert_Etude_S145_2,LisztConcert_Etude_S145_2:RH:75:102.875000:3,RH,75,102.875000,m.26 beat 3.875,3,0.125,0.125,0.0,0.625,normal,,,,,,,unmatched,0.125000;0.625000,key-release-grid+pedal-acoustic-grid;next-voice-onset,no,none,none,0.125,,routine; written duration follows score/readability
Liszt_Concert_Etude_S145_2_1,LisztConcert_Etude_S145_2,Liszt,Concert_Etude_S145_2,LisztConcert_Etude_S145_2:RH:75:104.333333:3,RH,75,104.333333,m.27 beat 1.333,3,0.125,0.125,0.0,0.666666667,normal,,,,,,,unmatched,0.125000;0.666667,key-release-grid+pedal-acoustic-grid;next-voice-onset,no,none,none,0.125,,routine; written duration follows score/readability
Liszt_Concert_Etude_S145_2_1,LisztConcert_Etude_S145_2,Liszt,Concert_Etude_S145_2,LisztConcert_Etude_S145_2:RH:75:112.875000:2,RH,75,112.875000,m.29 beat 1.875,2,0.25,0.984375,0.734375,0.25,medium,P1,5,189.0,0.5,0,0,reference-duration-not-candidate,0.250000,key-release-grid+next-voice-onset,yes,change,change,0.5,notation-shortening,reference duration 0.5; shorten acoustic extension to 0.5 (score convention; pedal carries the tail)
Liszt_Concert_Etude_S145_2_1,LisztConcert_Etude_S145_2,Liszt,Concert_Etude_S145_2,LisztConcert_Etude_S145_2:RH:75:118.000000:1,RH,75,118.000000,m.30 beat 3.000,1,0.25,0.825520833,0.575520833,0.25,medium,P1,5,198.0,0.5,0,0,reference-duration-not-candidate,0.250000,key-release-grid+next-voice-onset,yes,change,change,0.5,notation-shortening,reference duration 0.5; shorten acoustic extension to 0.5 (score convention; pedal carries the tail)
Liszt_Concert_Etude_S145_2_1,LisztConcert_Etude_S145_2,Liszt,Concert_Etude_S145_2,LisztConcert_Etude_S145_2:RH:75:124.750000:2,RH,75,124.750000,m.32 beat 1.750,2,0.125,0.755208333,0.630208333,0.25,medium,P1,5,210.0,0.5,0,0,reference-duration-not-candidate,0.125000;0.250000,key-release-grid;next-voice-onset,yes,hold,start,0.5,notation-shortening,reference duration 0.5; shorten acoustic extension to 0.5 (score convention; pedal carries the tail)
Liszt_Concert_Etude_S145_2_1,LisztConcert_Etude_S145_2,Liszt,Concert_Etude_S145_2,LisztConcert_Etude_S145_2:RH:75:125.000000:2,RH,75,125.000000,m.32 beat 2.000,2,0.125,0.505208333,0.380208333,0.333333333,medium,P1,5,210.5,0.5,0,0,reference-duration-not-candidate,0.125000;0.333333,key-release-grid;next-voice-onset,yes,hold,none,0.5,notation-shortening,reference duration 0.5; shorten acoustic extension to 0.5 (score convention; pedal carries the tail)
Liszt_Concert_Etude_S145_2_1,LisztConcert_Etude_S145_2,Liszt,Concert_Etude_S145_2,LisztConcert_Etude_S145_2:RH:75:125.333333:2,RH,75,125.333333,m.32 beat 2.333,2,0.125,0.171875,0.046875,0.291666667,normal,P1,5,211.0,0.5,0,0,reference-duration-not-candidate,0.125000;0.250000;0.291667,key-release-grid+pedal-acoustic-grid;next-voice-onset;pedal-acoustic-grid,no,change,none,0.5,notation-shortening,reference duration 0.5; shorten acoustic extension to 0.5 (score convention; pedal carries the tail)
Liszt_Concert_Etude_S145_2_1,LisztConcert_Etude_S145_2,Liszt,Concert_Etude_S145_2,LisztConcert_Etude_S145_2:RH:75:125.625000:2,RH,75,125.625000,m.32 beat 2.625,2,0.125,0.768229167,0.643229167,0.25,medium,P1,5,211.5,0.5,0,0,reference-duration-not-candidate,0.125000;0.250000,key-release-grid;next-voice-onset,yes,hold,change,0.5,notation-shortening,reference duration 0.5; shorten acoustic extension to 0.5 (score convention; pedal carries the tail)
Liszt_Concert_Etude_S145_2_1,LisztConcert_Etude_S145_2,Liszt,Concert_Etude_S145_2,LisztConcert_Etude_S145_2:RH:75:125.875000:2,RH,75,125.875000,m.32 beat 2.875,2,0.125,0.518229167,0.393229167,0.375,medium,P1,5,212.0,0.5,0,0,labeled,0.125000;0.375000,key-release-grid;next-voice-onset,yes,hold,none,0.5,notation-shortening,reference duration 0.5; shorten acoustic extension to 0.5 (score convention; pedal carries the tail)
Liszt_Concert_Etude_S145_2_1,LisztConcert_Etude_S145_2,Liszt,Concert_Etude_S145_2,LisztConcert_Etude_S145_2:RH:75:126.250000:2,RH,75,126.250000,m.32 beat 3.250,2,0.125,0.143229167,0.018229167,0.25,normal,P1,5,212.5,0.5,0,0,reference-duration-not-candidate,0.125000;0.250000,key-release-grid+pedal-acoustic-grid;next-voice-onset+pedal-acoustic-grid,no,change,none,0.5,notation-shortening,reference duration 0.5; shorten acoustic extension to 0.5 (score convention; pedal carries the tail)
Liszt_Concert_Etude_S145_2_1,LisztConcert_Etude_S145_2,Liszt,Concert_Etude_S145_2,LisztConcert_Etude_S145_2:RH:75:126.500000:1,RH,75,126.500000,m.32 beat 3.500,1,0.125,0.763020833,0.638020833,0.25,medium,P1,5,213.0,0.5,0,0,reference-duration-not-candidate,0.125000;0.250000,key-release-grid;next-voice-onset,yes,change,change,0.5,notation-shortening,reference duration 0.5; shorten acoustic extension to 0.5 (score convention; pedal carries the tail)
Liszt_Concert_Etude_S145_2_1,LisztConcert_Etude_S145_2,Liszt,Concert_Etude_S145_2,LisztConcert_Etude_S145_2:RH:75:126.750000:1,RH,75,126.750000,m.32 beat 3.750,1,0.125,0.513020833,0.388020833,0.5,medium,P1,5,213.5,0.5,0,0,labeled,0.125000;0.500000,key-release-grid;next-voice-onset+pedal-acoustic-grid,yes,hold,none,0.5,notation-shortening,reference duration 0.5; shorten acoustic extension to 0.5 (score convention; pedal carries the tail)
Liszt_Concert_Etude_S145_2_1,LisztConcert_Etude_S145_2,Liszt,Concert_Etude_S145_2,LisztConcert_Etude_S145_2:RH:75:127.333333:4,RH,75,127.333333,m.32 beat 4.333,4,0.25,0.822916667,0.572916667,0.333333333,medium,,,,,,,unmatched,0.250000;0.333333,key-release-grid;key-release-grid+next-voice-onset,yes,change,none,0.25,pedal-only,pedal carries sustain; keep short written note
Liszt_Concert_Etude_S145_2_1,LisztConcert_Etude_S145_2,Liszt,Concert_Etude_S145_2,LisztConcert_Etude_S145_2:RH:75:128.250000:1,RH,75,128.250000,m.33 beat 1.250,1,0.25,0.6953125,0.4453125,1.625,medium,,,,,,,unmatched,0.250000;0.333333;0.666667;0.750000;1.625000,key-release-grid;next-voice-onset;pedal-acoustic-grid,yes,change,none,0.25,pedal-only,pedal carries sustain; keep short written note
Liszt_Concert_Etude_S145_2_1,LisztConcert_Etude_S145_2,Liszt,Concert_Etude_S145_2,LisztConcert_Etude_S145_2:RH:75:136.125000:3,RH,75,136.125000,m.35 beat 1.125,3,0.125,0.627604167,0.502604167,0.208333333,medium,,,,,,,unmatched,0.125000;0.208333,key-release-grid;next-voice-onset,yes,hold,none,0.125,pedal-only,pedal carries sustain; keep short written note
Liszt_Concert_Etude_S145_2_1,LisztConcert_Etude_S145_2,Liszt,Concert_Etude_S145_2,LisztConcert_Etude_S145_2:RH:75:138.750000:4,RH,75,138.750000,m.35 beat 3.750,4,0.125,1.880208333,1.755208333,0.5,medium,P1,5,234.0,0.5,0,0,labeled,0.125000;0.500000,key-release-grid;next-voice-onset,yes,hold,change,0.5,notation-shortening,reference duration 0.5; shorten acoustic extension to 0.5 (score convention; pedal carries the tail)
Liszt_Concert_Etude_S145_2_1,LisztConcert_Etude_S145_2,Liszt,Concert_Etude_S145_2,LisztConcert_Etude_S145_2:RH:75:144.333333:1,RH,75,144.333333,m.37 beat 1.333,1,0.125,1.325520833,1.200520833,0.166666667,medium,P1,5,241.375,0.125,0,0,ambiguous-candidate,0.125000;0.166667,key-release-grid;next-voice-onset,yes,hold,none,0.125,,routine; written duration follows score/readability
Liszt_Concert_Etude_S145_2_1,LisztConcert_Etude_S145_2,Liszt,Concert_Etude_S145_2,LisztConcert_Etude_S145_2:RH:75:144.750000:1,RH,75,144.750000,m.37 beat 1.750,1,0.125,0.908854167,0.783854167,0.125,medium,P1,1,241.875,0.125,0,0,labeled,0.125000,key-release-grid+next-voice-onset,yes,hold,none,0.125,,routine; written duration follows score/readability
Liszt_Concert_Etude_S145_2_1,LisztConcert_Etude_S145_2,Liszt,Concert_Etude_S145_2,LisztConcert_Etude_S145_2:RH:75:25.625000:2,RH,75,25.625000,m.7 beat 2.625,2,0.125,0.166666667,0.041666667,0.25,normal,,,,,,,unmatched,0.125000;0.250000,key-release-grid+pedal-acoustic-grid;next-voice-onset+pedal-acoustic-grid,no,release,none,0.125,,routine; written duration follows score/readability
Liszt_Concert_Etude_S145_2_1,LisztConcert_Etude_S145_2,Liszt,Concert_Etude_S145_2,LisztConcert_Etude_S145_2:RH:75:26.333333:2,RH,75,26.333333,m.7 beat 3.333,2,0.125,0.125,0.0,0.166666667,normal,,,,,,,unmatched,0.125000;0.166667,key-release-grid+pedal-acoustic-grid;next-voice-onset,no,none,none,0.125,,routine; written duration follows score/readability
Liszt_Concert_Etude_S145_2_1,LisztConcert_Etude_S145_2,Liszt,Concert_Etude_S145_2,LisztConcert_Etude_S145_2:RH:75:29.250000:1,RH,75,29.250000,m.8 beat 2.250,1,0.125,0.125,0.0,0.25,normal,,,,,,,unmatched,0.125000;0.250000,key-release-grid+pedal-acoustic-grid;next-voice-onset,no,none,none,0.125,,routine; written duration follows score/readability
Liszt_Concert_Etude_S145_2_1,LisztConcert_Etude_S145_2,Liszt,Concert_Etude_S145_2,LisztConcert_Etude_S145_2:RH:75:30.750000:1,RH,75,30.750000,m.8 beat 3.750,1,0.125,0.125,0.0,0.125,normal,,,,,,,unmatched,0.125000,key-release-grid+next-voice-onset+pedal-acoustic-grid,no,none,none,0.125,,routine; written duration follows score/readability
Liszt_Concert_Etude_S145_2_1,LisztConcert_Etude_S145_2,Liszt,Concert_Etude_S145_2,LisztConcert_Etude_S145_2:RH:75:38.625000:2,RH,75,38.625000,m.10 beat 3.625,2,0.125,0.125,0.0,0.125,normal,P1,5,64.5,0.5,0,0,reference-duration-not-candidate,0.125000,key-release-grid+next-voice-onset+pedal-acoustic-grid,no,release,change,0.5,notation-shortening,reference duration 0.5; shorten acoustic extension to 0.5 (score convention; pedal carries the tail)
Liszt_Concert_Etude_S145_2_1,LisztConcert_Etude_S145_2,Liszt,Concert_Etude_S145_2,LisztConcert_Etude_S145_2:RH:75:38.875000:1,RH,75,38.875000,m.10 beat 3.875,1,0.125,0.125,0.0,0.125,normal,P1,5,65.0,0.5,0,0,reference-duration-not-candidate,0.125000,key-release-grid+next-voice-onset+pedal-acoustic-grid,no,none,none,0.5,notation-shortening,reference duration 0.5; shorten acoustic extension to 0.5 (score convention; pedal carries the tail)
Liszt_Concert_Etude_S145_2_1,LisztConcert_Etude_S145_2,Liszt,Concert_Etude_S145_2,LisztConcert_Etude_S145_2:RH:75:39.125000:1,RH,75,39.125000,m.10 beat 4.125,1,0.125,0.125,0.0,0.125,high,P1,5,65.5,0.5,0,0,reference-duration-not-candidate,0.125000,key-release-grid+next-voice-onset+pedal-acoustic-grid,no,none,none,0.5,notation-shortening,reference duration 0.5; shorten acoustic extension to 0.5 (score convention; pedal carries the tail)
Liszt_Concert_Etude_S145_2_1,LisztConcert_Etude_S145_2,Liszt,Concert_Etude_S145_2,LisztConcert_Etude_S145_2:RH:75:40.250000:2,RH,75,40.250000,m.11 beat 1.250,2,0.125,0.125,0.0,0.125,normal,P1,1,67.5,0.25,0,0,labeled,0.125000,key-release-grid+next-voice-onset+pedal-acoustic-grid,no,release,stop,0.25,notation-shortening,reference duration 0.25; shorten acoustic extension to 0.25 (score convention; pedal carries the tail)
Liszt_Concert_Etude_S145_2_1,LisztConcert_Etude_S145_2,Liszt,Concert_Etude_S145_2,LisztConcert_Etude_S145_2:RH:75:43.666667:1,RH,75,43.666667,m.11 beat 4.667,1,0.125,0.125,0.0,0.333333333,normal,P1,5,73.5,0.5,0,0,reference-duration-not-candidate,0.125000;0.333333,barline+next-voice-onset;key-release-grid+pedal-acoustic-grid,no,release,change,0.5,notation-shortening,reference duration 0.5; shorten acoustic extension to 0.5 (score convention; pedal carries the tail)
Liszt_Concert_Etude_S145_2_1,LisztConcert_Etude_S145_2,Liszt,Concert_Etude_S145_2,LisztConcert_Etude_S145_2:RH:75:44.000000:3,RH,75,44.000000,m.12 beat 1.000,3,0.125,0.125,0.0,0.333333333,normal,P1,5,74.0,0.5,0,0,reference-duration-not-candidate,0.125000;0.333333,key-release-grid+pedal-acoustic-grid;next-voice-onset,no,none,none,0.5,notation-shortening,reference duration 0.5; shorten acoustic extension to 0.5 (score convention; pedal carries the tail)
Liszt_Concert_Etude_S145_2_1,LisztConcert_Etude_S145_2,Liszt,Concert_Etude_S145_2,LisztConcert_Etude_S145_2:RH:75:44.333333:3,RH,75,44.333333,m.12 beat 1.333,3,0.125,0.125,0.0,0.291666667,normal,P1,5,74.5,0.5,0,0,reference-duration-not-candidate,0.125000;0.291667,key-release-grid+pedal-acoustic-grid;next-voice-onset,no,none,none,0.5,notation-shortening,reference duration 0.5; shorten acoustic extension to 0.5 (score convention; pedal carries the tail)
Liszt_Concert_Etude_S145_2_1,LisztConcert_Etude_S145_2,Liszt,Concert_Etude_S145_2,LisztConcert_Etude_S145_2:RH:75:45.375000:2,RH,75,45.375000,m.12 beat 2.375,2,0.125,0.125,0.0,0.125,normal,P1,1,76.5,0.25,0,0,labeled,0.125000,key-release-grid+next-voice-onset+pedal-acoustic-grid,no,release,stop,0.25,notation-shortening,reference duration 0.25; shorten acoustic extension to 0.25 (score convention; pedal carries the tail)
Liszt_Concert_Etude_S145_2_1,LisztConcert_Etude_S145_2,Liszt,Concert_Etude_S145_2,LisztConcert_Etude_S145_2:RH:75:56.875000:2,RH,75,56.875000,m.15 beat 1.875,2,0.125,1.6796875,1.5546875,0.25,medium,P1,5,96.0,0.5,0,0,reference-duration-not-candidate,0.125000;0.250000,key-release-grid;next-voice-onset,yes,hold,start,0.5,notation-shortening,reference duration 0.5; shorten acoustic extension to 0.5 (score convention; pedal carries the tail)
Liszt_Concert_Etude_S145_2_1,LisztConcert_Etude_S145_2,Liszt,Concert_Etude_S145_2,LisztConcert_Etude_S145_2:RH:75:57.125000:2,RH,75,57.125000,m.15 beat 2.125,2,0.125,1.4296875,1.3046875,0.375,medium,P1,5,96.5,0.5,0,0,labeled,0.125000;0.375000,key-release-grid;next-voice-onset,yes,hold,none,0.5,notation-shortening,reference duration 0.5; shorten acoustic extension to 0.5 (score convention; pedal carries the tail)
Liszt_Concert_Etude_S145_2_1,LisztConcert_Etude_S145_2,Liszt,Concert_Etude_S145_2,LisztConcert_Etude_S145_2:RH:75:57.500000:2,RH,75,57.500000,m.15 beat 2.500,2,0.125,1.0546875,0.9296875,0.25,medium,P1,5,97.0,0.5,0,0,reference-duration-not-candidate,0.125000;0.250000,key-release-grid;next-voice-onset,yes,hold,none,0.5,notation-shortening,reference duration 0.5; shorten acoustic extension to 0.5 (score convention; pedal carries the tail)
Liszt_Concert_Etude_S145_2_1,LisztConcert_Etude_S145_2,Liszt,Concert_Etude_S145_2,LisztConcert_Etude_S145_2:RH:75:57.750000:2,RH,75,57.750000,m.15 beat 2.750,2,0.125,0.8046875,0.6796875,0.25,medium,P1,5,97.5,0.5,0,0,reference-duration-not-candidate,0.125000;0.250000,key-release-grid;next-voice-onset,yes,hold,change,0.5,notation-shortening,reference duration 0.5; shorten acoustic extension to 0.5 (score convention; pedal carries the tail)
Liszt_Concert_Etude_S145_2_1,LisztConcert_Etude_S145_2,Liszt,Concert_Etude_S145_2,LisztConcert_Etude_S145_2:RH:75:58.000000:2,RH,75,58.000000,m.15 beat 3.000,2,0.125,0.5546875,0.4296875,0.125,medium,P1,5,98.0,0.5,0,0,reference-duration-not-candidate,0.125000,key-release-grid+next-voice-onset,yes,hold,none,0.5,notation-shortening,reference duration 0.5; shorten acoustic extension to 0.5 (score convention; pedal carries the tail)
Liszt_Concert_Etude_S145_2_1,LisztConcert_Etude_S145_2,Liszt,Concert_Etude_S145_2,LisztConcert_Etude_S145_2:RH:75:58.333333:2,RH,75,58.333333,m.15 beat 3.333,2,0.125,0.221354167,0.096354167,0.166666667,normal,P1,5,98.5,0.5,0,0,reference-duration-not-candidate,0.125000;0.166667,key-release-grid;next-voice-onset,no,change,none,0.5,notation-shortening,reference duration 0.5; shorten acoustic extension to 0.5 (score convention; pedal carries the tail)
Liszt_Concert_Etude_S145_2_1,LisztConcert_Etude_S145_2,Liszt,Concert_Etude_S145_2,LisztConcert_Etude_S145_2:RH:75:59.500000:2,RH,75,59.500000,m.15 beat 4.500,2,0.125,1.7265625,1.6015625,0.375,medium,P1,5,100.5,0.5,0,0,labeled,0.125000;0.375000,key-release-grid;next-voice-onset,yes,change,change,0.5,notation-shortening,reference duration 0.5; shorten acoustic extension to 0.5 (score convention; pedal carries the tail)
Liszt_Concert_Etude_S145_2_1,LisztConcert_Etude_S145_2,Liszt,Concert_Etude_S145_2,LisztConcert_Etude_S145_2:RH:75:59.875000:2,RH,75,59.875000,m.15 beat 4.875,2,0.125,1.3515625,1.2265625,0.125,medium,P1,5,101.0,0.5,0,0,reference-duration-not-candidate,0.125000,barline+key-release-grid+next-voice-onset,yes,hold,none,0.5,notation-shortening,reference duration 0.5; shorten acoustic extension to 0.5 (score convention; pedal carries the tail)
Liszt_Concert_Etude_S145_2_1,LisztConcert_Etude_S145_2,Liszt,Concert_Etude_S145_2,LisztConcert_Etude_S145_2:RH:75:60.125000:2,RH,75,60.125000,m.16 beat 1.125,2,0.125,1.1015625,0.9765625,0.125,medium,P1,5,101.5,0.5,0,0,reference-duration-not-candidate,0.125000,key-release-grid+next-voice-onset,yes,hold,none,0.5,notation-shortening,reference duration 0.5; shorten acoustic extension to 0.5 (score convention; pedal carries the tail)
Liszt_Concert_Etude_S145_2_1,LisztConcert_Etude_S145_2,Liszt,Concert_Etude_S145_2,LisztConcert_Etude_S145_2:RH:75:60.500000:2,RH,75,60.500000,m.16 beat 1.500,2,0.125,0.7265625,0.6015625,0.25,medium,P1,5,102.0,0.5,0,0,reference-duration-not-candidate,0.125000;0.250000,key-release-grid;next-voice-onset,yes,hold,change,0.5,notation-shortening,reference duration 0.5; shorten acoustic extension to 0.5 (score convention; pedal carries the tail)
Liszt_Concert_Etude_S145_2_1,LisztConcert_Etude_S145_2,Liszt,Concert_Etude_S145_2,LisztConcert_Etude_S145_2:RH:75:60.750000:2,RH,75,60.750000,m.16 beat 1.750,2,0.125,0.4765625,0.3515625,0.25,medium,P1,5,102.5,0.5,0,0,reference-duration-not-candidate,0.125000;0.250000,key-release-grid;next-voice-onset,yes,hold,none,0.5,notation-shortening,reference duration 0.5; shorten acoustic extension to 0.5 (score convention; pedal carries the tail)
Liszt_Concert_Etude_S145_2_1,LisztConcert_Etude_S145_2,Liszt,Concert_Etude_S145_2,LisztConcert_Etude_S145_2:RH:75:61.000000:2,RH,75,61.000000,m.16 beat 2.000,2,0.125,0.2265625,0.1015625,0.125,normal,P1,5,103.0,0.5,0,0,reference-duration-not-candidate,0.125000,key-release-grid+next-voice-onset,no,change,none,0.5,notation-shortening,reference duration 0.5; shorten acoustic extension to 0.5 (score convention; pedal carries the tail)
Liszt_Concert_Etude_S145_2_1,LisztConcert_Etude_S145_2,Liszt,Concert_Etude_S145_2,LisztConcert_Etude_S145_2:RH:75:62.250000:2,RH,75,62.250000,m.16 beat 3.250,2,0.125,0.778645833,0.653645833,0.375,medium,P1,5,105.0,0.5,0,0,labeled,0.125000;0.375000,key-release-grid;next-voice-onset,yes,change,change,0.5,notation-shortening,reference duration 0.5; shorten acoustic extension to 0.5 (score convention; pedal carries the tail)
Liszt_Concert_Etude_S145_2_1,LisztConcert_Etude_S145_2,Liszt,Concert_Etude_S145_2,LisztConcert_Etude_S145_2:RH:75:62.625000:2,RH,75,62.625000,m.16 beat 3.625,2,0.125,0.403645833,0.278645833,0.125,medium,P1,5,105.5,0.5,0,0,reference-duration-not-candidate,0.125000,key-release-grid+next-voice-onset,yes,hold,none,0.5,notation-shortening,reference duration 0.5; shorten acoustic extension to 0.5 (score convention; pedal carries the tail)
Liszt_Concert_Etude_S145_2_1,LisztConcert_Etude_S145_2,Liszt,Concert_Etude_S145_2,LisztConcert_Etude_S145_2:RH:75:62.875000:2,RH,75,62.875000,m.16 beat 3.875,2,0.125,0.153645833,0.028645833,0.25,normal,P1,5,106.0,0.5,0,0,reference-duration-not-candidate,0.125000;0.250000,key-release-grid+pedal-acoustic-grid;next-voice-onset+pedal-acoustic-grid,no,change,none,0.5,notation-shortening,reference duration 0.5; shorten acoustic extension to 0.5 (score convention; pedal carries the tail)
Liszt_Concert_Etude_S145_2_1,LisztConcert_Etude_S145_2,Liszt,Concert_Etude_S145_2,LisztConcert_Etude_S145_2:RH:75:66.375000:2,RH,75,66.375000,m.17 beat 3.375,2,0.125,1.369791667,1.244791667,0.5,medium,P1,5,111.75,0.5,0,0,labeled,0.125000;0.500000,key-release-grid;next-voice-onset,yes,hold,change,0.5,notation-shortening,reference duration 0.5; shorten acoustic extension to 0.5 (score convention; pedal carries the tail)
Liszt_Concert_Etude_S145_2_1,LisztConcert_Etude_S145_2,Liszt,Concert_Etude_S145_2,LisztConcert_Etude_S145_2:RH:75:71.500000:3,RH,75,71.500000,m.18 beat 4.500,3,0.125,0.708333333,0.583333333,0.125,medium,P1,5,118.25,0.125,0,0,labeled,0.125000,key-release-grid+next-voice-onset,yes,hold,none,0.125,,routine; written duration follows score/readability
Liszt_Concert_Etude_S145_2_1,LisztConcert_Etude_S145_2,Liszt,Concert_Etude_S145_2,LisztConcert_Etude_S145_2:RH:75:72.000000:3,RH,75,72.000000,m.19 beat 1.000,3,0.125,0.208333333,0.083333333,0.125,normal,P1,1,118.75,0.125,0,0,labeled,0.125000,key-release-grid+next-voice-onset,no,change,none,0.125,,routine; written duration follows score/readability
Liszt_Concert_Etude_S145_2_1,LisztConcert_Etude_S145_2,Liszt,Concert_Etude_S145_2,LisztConcert_Etude_S145_2:RH:75:90.375000:3,RH,75,90.375000,m.23 beat 3.375,3,0.125,0.125,0.0,0.125,normal,,,,,,,unmatched,0.125000,key-release-grid+next-voice-onset+pedal-acoustic-grid,no,release,none,0.125,,routine; written duration follows score/readability
Liszt_Concert_Etude_S145_2_1,LisztConcert_Etude_S145_2,Liszt,Concert_Etude_S145_2,LisztConcert_Etude_S145_2:RH:75:99.125000:3,RH,75,99.125000,m.25 beat 4.125,3,0.125,0.34375,0.21875,0.25,normal,,,,,,,unmatched,0.125000;0.250000,key-release-grid;next-voice-onset+pedal-acoustic-grid,no,hold,none,0.125,,routine; written duration follows score/readability
Liszt_Concert_Etude_S145_2_1,LisztConcert_Etude_S145_2,Liszt,Concert_Etude_S145_2,LisztConcert_Etude_S145_2:RH:75:99.875000:3,RH,75,99.875000,m.25 beat 4.875,3,0.125,0.125,0.0,0.75,normal,,,,,,,unmatched,0.125000;0.750000,barline+key-release-grid+pedal-acoustic-grid;next-voice-onset,no,none,none,0.125,,routine; written duration follows score/readability
Liszt_Concert_Etude_S145_2_1,LisztConcert_Etude_S145_2,Liszt,Concert_Etude_S145_2,LisztConcert_Etude_S145_2:RH:76:100.333333:1,RH,76,100.333333,m.26 beat 1.333,1,0.125,0.580729167,0.455729167,1.0,medium,P1,1,168.125,0.125,0,0,labeled,0.125000;0.500000;0.625000;0.666667;1.000000,key-release-grid;next-voice-onset;pedal-acoustic-grid,yes,change,change,0.125,,routine; written duration follows score/readability
Liszt_Concert_Etude_S145_2_1,LisztConcert_Etude_S145_2,Liszt,Concert_Etude_S145_2,LisztConcert_Etude_S145_2:RH:76:101.333333:1,RH,76,101.333333,m.26 beat 2.333,1,0.125,0.125,0.0,0.166666667,normal,P1,5,170.125,0.125,0,0,ambiguous-candidate,0.125000;0.166667,key-release-grid+pedal-acoustic-grid;next-voice-onset,no,none,change,0.125,,routine; written duration follows score/readability
Liszt_Concert_Etude_S145_2_1,LisztConcert_Etude_S145_2,Liszt,Concert_Etude_S145_2,LisztConcert_Etude_S145_2:RH:76:112.125000:3,RH,76,112.125000,m.29 beat 1.125,3,0.125,0.125,0.0,0.208333333,normal,P1,5,187.5,0.5,0,0,reference-duration-not-candidate,0.125000;0.208333,key-release-grid+pedal-acoustic-grid;next-voice-onset,no,release,change,0.5,notation-shortening,reference duration 0.5; shorten acoustic extension to 0.5 (score convention; pedal carries the tail)
Liszt_Concert_Etude_S145_2_1,LisztConcert_Etude_S145_2,Liszt,Concert_Etude_S145_2,LisztConcert_Etude_S145_2:RH:76:112.375000:1,RH,76,112.375000,m.29 beat 1.375,1,0.125,0.125,0.0,0.25,normal,P1,5,188.0,0.5,0,0,reference-duration-not-candidate,0.125000;0.250000,key-release-grid+pedal-acoustic-grid;next-voice-onset,no,none,none,0.5,notation-shortening,reference duration 0.5; shorten acoustic extension to 0.5 (score convention; pedal carries the tail)
Liszt_Concert_Etude_S145_2_1,LisztConcert_Etude_S145_2,Liszt,Concert_Etude_S145_2,LisztConcert_Etude_S145_2:RH:76:112.625000:1,RH,76,112.625000,m.29 beat 1.625,1,0.125,0.125,0.0,0.125,normal,P1,5,188.5,0.5,0,0,reference-duration-not-candidate,0.125000,key-release-grid+next-voice-onset+pedal-acoustic-grid,no,none,none,0.5,notation-shortening,reference duration 0.5; shorten acoustic extension to 0.5 (score convention; pedal carries the tail)
Liszt_Concert_Etude_S145_2_1,LisztConcert_Etude_S145_2,Liszt,Concert_Etude_S145_2,LisztConcert_Etude_S145_2:RH:76:113.750000:2,RH,76,113.750000,m.29 beat 2.750,2,0.125,0.125,0.0,0.125,normal,P1,1,190.5,0.25,0,0,labeled,0.125000,key-release-grid+next-voice-onset+pedal-acoustic-grid,no,release,stop,0.25,notation-shortening,reference duration 0.25; shorten acoustic extension to 0.25 (score convention; pedal carries the tail)
Liszt_Concert_Etude_S145_2_1,LisztConcert_Etude_S145_2,Liszt,Concert_Etude_S145_2,LisztConcert_Etude_S145_2:RH:76:117.125000:3,RH,76,117.125000,m.30 beat 2.125,3,0.125,0.125,0.0,0.125,normal,P1,5,196.5,0.5,0,0,reference-duration-not-candidate,0.125000,key-release-grid+next-voice-onset+pedal-acoustic-grid,no,release,change,0.5,notation-shortening,reference duration 0.5; shorten acoustic extension to 0.5 (score convention; pedal carries the tail)
Liszt_Concert_Etude_S145_2_1,LisztConcert_Etude_S145_2,Liszt,Concert_Etude_S145_2,LisztConcert_Etude_S145_2:RH:76:117.500000:2,RH,76,117.500000,m.30 beat 2.500,2,0.125,0.125,0.0,0.125,normal,P1,5,197.0,0.5,0,0,reference-duration-not-candidate,0.125000,key-release-grid+next-voice-onset+pedal-acoustic-grid,no,none,none,0.5,notation-shortening,reference duration 0.5; shorten acoustic extension to 0.5 (score convention; pedal carries the tail)
Liszt_Concert_Etude_S145_2_1,LisztConcert_Etude_S145_2,Liszt,Concert_Etude_S145_2,LisztConcert_Etude_S145_2:RH:76:117.625000:2,RH,76,117.625000,m.30 beat 2.625,2,0.125,0.125,0.0,0.375,normal,P1,5,197.5,0.5,0,0,labeled,0.125000;0.375000,key-release-grid+pedal-acoustic-grid;next-voice-onset,no,none,none,0.5,notation-shortening,reference duration 0.5; shorten acoustic extension to 0.5 (score convention; pedal carries the tail)
Liszt_Concert_Etude_S145_2_1,LisztConcert_Etude_S145_2,Liszt,Concert_Etude_S145_2,LisztConcert_Etude_S145_2:RH:76:118.750000:2,RH,76,118.750000,m.30 beat 3.750,2,0.125,0.125,0.0,0.875,normal,P1,1,199.5,0.25,0,0,labeled,0.125000;0.875000,key-release-grid+pedal-acoustic-grid;next-voice-onset,no,release,stop,0.25,notation-shortening,reference duration 0.25; shorten acoustic extension to 0.25 (score convention; pedal carries the tail)
Liszt_Concert_Etude_S145_2_1,LisztConcert_Etude_S145_2,Liszt,Concert_Etude_S145_2,LisztConcert_Etude_S145_2:RH:76:129.875000:1,RH,76,129.875000,m.33 beat 2.875,1,0.125,1.5859375,1.4609375,0.375,medium,P1,5,219.0,0.5,0,0,labeled,0.125000;0.375000,key-release-grid;next-voice-onset,yes,hold,start,0.5,notation-shortening,reference duration 0.5; shorten acoustic extension to 0.5 (score convention; pedal carries the tail)
Liszt_Concert_Etude_S145_2_1,LisztConcert_Etude_S145_2,Liszt,Concert_Etude_S145_2,LisztConcert_Etude_S145_2:RH:76:130.250000:1,RH,76,130.250000,m.33 beat 3.250,1,0.125,1.2109375,1.0859375,0.25,medium,P1,5,219.5,0.5,0,0,reference-duration-not-candidate,0.125000;0.250000,key-release-grid;next-voice-onset,yes,hold,none,0.5,notation-shortening,reference duration 0.5; shorten acoustic extension to 0.5 (score convention; pedal carries the tail)
Liszt_Concert_Etude_S145_2_1,LisztConcert_Etude_S145_2,Liszt,Concert_Etude_S145_2,LisztConcert_Etude_S145_2:RH:76:130.500000:2,RH,76,130.500000,m.33 beat 3.500,2,0.125,0.9609375,0.8359375,0.25,medium,P1,5,220.0,0.5,0,0,reference-duration-not-candidate,0.125000;0.250000,key-release-grid;next-voice-onset,yes,hold,none,0.5,notation-shortening,reference duration 0.5; shorten acoustic extension to 0.5 (score convention; pedal carries the tail)
Liszt_Concert_Etude_S145_2_1,LisztConcert_Etude_S145_2,Liszt,Concert_Etude_S145_2,LisztConcert_Etude_S145_2:RH:76:130.875000:2,RH,76,130.875000,m.33 beat 3.875,2,0.125,0.5859375,0.4609375,0.25,medium,P1,5,220.5,0.5,0,0,reference-duration-not-candidate,0.125000;0.250000,key-release-grid;next-voice-onset,yes,hold,change,0.5,notation-shortening,reference duration 0.5; shorten acoustic extension to 0.5 (score convention; pedal carries the tail)
Liszt_Concert_Etude_S145_2_1,LisztConcert_Etude_S145_2,Liszt,Concert_Etude_S145_2,LisztConcert_Etude_S145_2:RH:76:131.125000:2,RH,76,131.125000,m.33 beat 4.125,2,0.125,0.3359375,0.2109375,0.208333333,normal,P1,5,221.0,0.5,0,0,reference-duration-not-candidate,0.125000;0.208333,key-release-grid;next-voice-onset,no,hold,none,0.5,notation-shortening,reference duration 0.5; shorten acoustic extension to 0.5 (score convention; pedal carries the tail)
Liszt_Concert_Etude_S145_2_1,LisztConcert_Etude_S145_2,Liszt,Concert_Etude_S145_2,LisztConcert_Etude_S145_2:RH:76:131.333333:2,RH,76,131.333333,m.33 beat 4.333,2,0.125,0.127604167,0.002604167,0.291666667,normal,P1,5,221.5,0.5,0,0,reference-duration-not-candidate,0.125000;0.250000;0.291667,key-release-grid+pedal-acoustic-grid;next-voice-onset;pedal-acoustic-grid,no,change,none,0.5,notation-shortening,reference duration 0.5; shorten acoustic extension to 0.5 (score convention; pedal carries the tail)
Liszt_Concert_Etude_S145_2_1,LisztConcert_Etude_S145_2,Liszt,Concert_Etude_S145_2,LisztConcert_Etude_S145_2:RH:76:132.500000:1,RH,76,132.500000,m.34 beat 1.500,1,0.125,1.5390625,1.4140625,0.375,medium,P1,5,223.5,0.5,0,0,labeled,0.125000;0.375000,key-release-grid;next-voice-onset,yes,change,change,0.5,notation-shortening,reference duration 0.5; shorten acoustic extension to 0.5 (score convention; pedal carries the tail)
Liszt_Concert_Etude_S145_2_1,LisztConcert_Etude_S145_2,Liszt,Concert_Etude_S145_2,LisztConcert_Etude_S145_2:RH:76:132.875000:1,RH,76,132.875000,m.34 beat 1.875,1,0.125,1.1640625,1.0390625,0.25,medium,P1,5,224.0,0.5,0,0,reference-duration-not-candidate,0.125000;0.250000,key-release-grid;next-voice-onset,yes,hold,none,0.5,notation-shortening,reference duration 0.5; shorten acoustic extension to 0.5 (score convention; pedal carries the tail)
Liszt_Concert_Etude_S145_2_1,LisztConcert_Etude_S145_2,Liszt,Concert_Etude_S145_2,LisztConcert_Etude_S145_2:RH:76:133.125000:1,RH,76,133.125000,m.34 beat 2.125,1,0.125,0.9140625,0.7890625,0.25,medium,P1,5,224.5,0.5,0,0,reference-duration-not-candidate,0.125000;0.250000,key-release-grid;next-voice-onset,yes,hold,none,0.5,notation-shortening,reference duration 0.5; shorten acoustic extension to 0.5 (score convention; pedal carries the tail)
Liszt_Concert_Etude_S145_2_1,LisztConcert_Etude_S145_2,Liszt,Concert_Etude_S145_2,LisztConcert_Etude_S145_2:RH:76:133.375000:1,RH,76,133.375000,m.34 beat 2.375,1,0.125,0.6640625,0.5390625,0.125,medium,P1,5,225.0,0.5,0,0,reference-duration-not-candidate,0.125000,key-release-grid+next-voice-onset,yes,hold,change,0.5,notation-shortening,reference duration 0.5; shorten acoustic extension to 0.5 (score convention; pedal carries the tail)
Liszt_Concert_Etude_S145_2_1,LisztConcert_Etude_S145_2,Liszt,Concert_Etude_S145_2,LisztConcert_Etude_S145_2:RH:76:133.750000:3,RH,76,133.750000,m.34 beat 2.750,3,0.125,0.2890625,0.1640625,0.25,normal,P1,5,225.5,0.5,0,0,reference-duration-not-candidate,0.125000;0.250000,key-release-grid;next-voice-onset+pedal-acoustic-grid,no,hold,none,0.5,notation-shortening,reference duration 0.5; shorten acoustic extension to 0.5 (score convention; pedal carries the tail)
Liszt_Concert_Etude_S145_2_1,LisztConcert_Etude_S145_2,Liszt,Concert_Etude_S145_2,LisztConcert_Etude_S145_2:RH:76:134.000000:3,RH,76,134.000000,m.34 beat 3.000,3,0.125,0.125,0.0,0.25,normal,P1,5,226.0,0.5,0,0,reference-duration-not-candidate,0.125000;0.250000,key-release-grid+pedal-acoustic-grid;next-voice-onset,no,release,none,0.5,notation-shortening,reference duration 0.5; shorten acoustic extension to 0.5 (score convention; pedal carries the tail)
Liszt_Concert_Etude_S145_2_1,LisztConcert_Etude_S145_2,Liszt,Concert_Etude_S145_2,LisztConcert_Etude_S145_2:RH:76:135.125000:3,RH,76,135.125000,m.34 beat 4.125,3,0.125,0.830729167,0.705729167,0.25,medium,P1,5,228.0,0.5,0,0,reference-duration-not-candidate,0.125000;0.250000,key-release-grid;next-voice-onset,yes,change,change,0.5,notation-shortening,reference duration 0.5; shorten acoustic extension to 0.5 (score convention; pedal carries the tail)
Liszt_Concert_Etude_S145_2_1,LisztConcert_Etude_S145_2,Liszt,Concert_Etude_S145_2,LisztConcert_Etude_S145_2:RH:76:135.500000:3,RH,76,135.500000,m.34 beat 4.500,3,0.125,0.455729167,0.330729167,0.25,medium,P1,5,228.5,0.5,0,0,reference-duration-not-candidate,0.125000;0.250000,key-release-grid;next-voice-onset,yes,hold,none,0.5,notation-shortening,reference duration 0.5; shorten acoustic extension to 0.5 (score convention; pedal carries the tail)
Liszt_Concert_Etude_S145_2_1,LisztConcert_Etude_S145_2,Liszt,Concert_Etude_S145_2,LisztConcert_Etude_S145_2:RH:76:135.750000:3,RH,76,135.750000,m.34 beat 4.750,3,0.125,0.205729167,0.080729167,0.25,normal,P1,5,229.0,0.5,0,0,reference-duration-not-candidate,0.125000;0.250000,barline+next-voice-onset+pedal-acoustic-grid;key-release-grid,no,change,none,0.5,notation-shortening,reference duration 0.5; shorten acoustic extension to 0.5 (score convention; pedal carries the tail)
Liszt_Concert_Etude_S145_2_1,LisztConcert_Etude_S145_2,Liszt,Concert_Etude_S145_2,LisztConcert_Etude_S145_2:RH:76:138.375000:4,RH,76,138.375000,m.35 beat 3.375,4,0.125,2.255208333,2.130208333,0.375,medium,,,,,,,unmatched,0.125000;0.375000,key-release-grid;next-voice-onset,yes,hold,none,0.125,pedal-only,pedal carries sustain; keep short written note
Liszt_Concert_Etude_S145_2_1,LisztConcert_Etude_S145_2,Liszt,Concert_Etude_S145_2,LisztConcert_Etude_S145_2:RH:76:139.250000:4,RH,76,139.250000,m.35 beat 4.250,4,0.125,1.380208333,1.255208333,0.5,medium,P1,5,234.75,0.5,0,0,labeled,0.125000;0.500000,key-release-grid;next-voice-onset,yes,hold,change,0.5,notation-shortening,reference duration 0.5; shorten acoustic extension to 0.5 (score convention; pedal carries the tail)
Liszt_Concert_Etude_S145_2_1,LisztConcert_Etude_S145_2,Liszt,Concert_Etude_S145_2,LisztConcert_Etude_S145_2:RH:76:144.250000:4,RH,76,144.250000,m.37 beat 1.250,4,0.125,1.408854167,1.283854167,0.125,medium,P1,5,241.25,0.125,0,0,labeled,0.125000,key-release-grid+next-voice-onset,yes,change,none,0.125,,routine; written duration follows score/readability
Liszt_Concert_Etude_S145_2_1,LisztConcert_Etude_S145_2,Liszt,Concert_Etude_S145_2,LisztConcert_Etude_S145_2:RH:76:144.625000:1,RH,76,144.625000,m.37 beat 1.625,1,0.125,1.033854167,0.908854167,0.125,medium,P1,1,241.75,0.125,0,0,labeled,0.125000,key-release-grid+next-voice-onset,yes,hold,none,0.125,,routine; written duration follows score/readability
Liszt_Concert_Etude_S145_2_1,LisztConcert_Etude_S145_2,Liszt,Concert_Etude_S145_2,LisztConcert_Etude_S145_2:RH:76:26.750000:2,RH,76,26.750000,m.7 beat 3.750,2,0.125,0.565104167,0.440104167,0.25,medium,P1,1,45.125,0.125,0,0,ambiguous-candidate,0.125000;0.250000,key-release-grid;next-voice-onset,yes,change,change,0.125,,routine; written duration follows score/readability
Liszt_Concert_Etude_S145_2_1,LisztConcert_Etude_S145_2,Liszt,Concert_Etude_S145_2,LisztConcert_Etude_S145_2:RH:76:27.750000:1,RH,76,27.750000,m.7 beat 4.750,1,0.125,0.125,0.0,0.25,normal,P1,5,47.125,0.125,0,0,ambiguous-candidate,0.125000;0.250000,barline+next-voice-onset;key-release-grid+pedal-acoustic-grid,no,none,change,0.125,,routine; written duration follows score/readability
Liszt_Concert_Etude_S145_2_1,LisztConcert_Etude_S145_2,Liszt,Concert_Etude_S145_2,LisztConcert_Etude_S145_2:RH:76:40.125000:2,RH,76,40.125000,m.11 beat 1.125,2,0.125,0.125,0.0,0.125,normal,P1,1,67.25,0.25,0,0,labeled,0.125000,key-release-grid+next-voice-onset+pedal-acoustic-grid,no,release,stop,0.25,notation-shortening,reference duration 0.25; shorten acoustic extension to 0.25 (score convention; pedal carries the tail)
Liszt_Concert_Etude_S145_2_1,LisztConcert_Etude_S145_2,Liszt,Concert_Etude_S145_2,LisztConcert_Etude_S145_2:RH:76:40.375000:2,RH,76,40.375000,m.11 beat 1.375,2,0.125,0.125,0.0,0.125,normal,P1,1,67.75,0.25,0,0,labeled,0.125000,key-release-grid+next-voice-onset+pedal-acoustic-grid,no,release,stop,0.25,notation-shortening,reference duration 0.25; shorten acoustic extension to 0.25 (score convention; pedal carries the tail)
Liszt_Concert_Etude_S145_2_1,LisztConcert_Etude_S145_2,Liszt,Concert_Etude_S145_2,LisztConcert_Etude_S145_2:RH:76:45.250000:2,RH,76,45.250000,m.12 beat 2.250,2,0.125,0.145833333,0.020833333,0.125,normal,,,,,,,unmatched,0.125000,key-release-grid+next-voice-onset+pedal-acoustic-grid,no,release,none,0.125,,routine; written duration follows score/readability
Liszt_Concert_Etude_S145_2_1,LisztConcert_Etude_S145_2,Liszt,Concert_Etude_S145_2,LisztConcert_Etude_S145_2:RH:76:45.500000:2,RH,76,45.500000,m.12 beat 2.500,2,0.125,0.125,0.0,0.166666667,normal,P1,1,76.75,0.25,0,0,ambiguous-candidate,0.125000;0.166667,key-release-grid+pedal-acoustic-grid;next-voice-onset,no,release,stop,0.25,notation-shortening,reference duration 0.25; shorten acoustic extension to 0.25 (score convention; pedal carries the tail)
Liszt_Concert_Etude_S145_2_1,LisztConcert_Etude_S145_2,Liszt,Concert_Etude_S145_2,LisztConcert_Etude_S145_2:RH:76:46.333333:3,RH,76,46.333333,m.12 beat 3.333,3,0.125,0.744791667,0.619791667,0.291666667,medium,P1,5,78.0,0.5,0,0,reference-duration-not-candidate,0.125000;0.291667,key-release-grid;next-voice-onset,yes,hold,start,0.5,notation-shortening,reference duration 0.5; shorten acoustic extension to 0.5 (score convention; pedal carries the tail)
Liszt_Concert_Etude_S145_2_1,LisztConcert_Etude_S145_2,Liszt,Concert_Etude_S145_2,LisztConcert_Etude_S145_2:RH:76:46.625000:3,RH,76,46.625000,m.12 beat 3.625,3,0.125,0.453125,0.328125,0.25,medium,P1,5,78.5,0.5,0,0,reference-duration-not-candidate,0.125000;0.250000,key-release-grid;next-voice-onset,yes,hold,none,0.5,notation-shortening,reference duration 0.5; shorten acoustic extension to 0.5 (score convention; pedal carries the tail)
Liszt_Concert_Etude_S145_2_1,LisztConcert_Etude_S145_2,Liszt,Concert_Etude_S145_2,LisztConcert_Etude_S145_2:RH:76:46.875000:3,RH,76,46.875000,m.12 beat 3.875,3,0.125,0.203125,0.078125,0.25,normal,P1,5,79.0,0.5,0,0,reference-duration-not-candidate,0.125000;0.250000,key-release-grid;next-voice-onset+pedal-acoustic-grid,no,change,none,0.5,notation-shortening,reference duration 0.5; shorten acoustic extension to 0.5 (score convention; pedal carries the tail)
Liszt_Concert_Etude_S145_2_1,LisztConcert_Etude_S145_2,Liszt,Concert_Etude_S145_2,LisztConcert_Etude_S145_2:RH:76:47.125000:2,RH,76,47.125000,m.12 beat 4.125,2,0.125,0.783854167,0.658854167,0.25,medium,P1,5,79.5,0.5,0,0,reference-duration-not-candidate,0.125000;0.250000,key-release-grid;next-voice-onset,yes,change,change,0.5,notation-shortening,reference duration 0.5; shorten acoustic extension to 0.5 (score convention; pedal carries the tail)
Liszt_Concert_Etude_S145_2_1,LisztConcert_Etude_S145_2,Liszt,Concert_Etude_S145_2,LisztConcert_Etude_S145_2:RH:76:47.500000:3,RH,76,47.500000,m.12 beat 4.500,3,0.125,0.408854167,0.283854167,0.25,medium,P1,5,80.0,0.5,0,0,reference-duration-not-candidate,0.125000;0.250000,key-release-grid;next-voice-onset,yes,hold,none,0.5,notation-shortening,reference duration 0.5; shorten acoustic extension to 0.5 (score convention; pedal carries the tail)
Liszt_Concert_Etude_S145_2_1,LisztConcert_Etude_S145_2,Liszt,Concert_Etude_S145_2,LisztConcert_Etude_S145_2:RH:76:47.750000:2,RH,76,47.750000,m.12 beat 4.750,2,0.125,0.158854167,0.033854167,0.125,normal,P1,5,80.5,0.5,0,0,reference-duration-not-candidate,0.125000,key-release-grid+next-voice-onset+pedal-acoustic-grid,no,change,none,0.5,notation-shortening,reference duration 0.5; shorten acoustic extension to 0.5 (score convention; pedal carries the tail)
Liszt_Concert_Etude_S145_2_1,LisztConcert_Etude_S145_2,Liszt,Concert_Etude_S145_2,LisztConcert_Etude_S145_2:RH:76:48.125000:2,RH,76,48.125000,m.13 beat 1.125,2,0.125,0.677083333,0.552083333,0.125,medium,P1,5,81.0,0.5,0,0,reference-duration-not-candidate,0.125000,key-release-grid+next-voice-onset,yes,hold,change,0.5,notation-shortening,reference duration 0.5; shorten acoustic extension to 0.5 (score convention; pedal carries the tail)
Liszt_Concert_Etude_S145_2_1,LisztConcert_Etude_S145_2,Liszt,Concert_Etude_S145_2,LisztConcert_Etude_S145_2:RH:76:48.500000:3,RH,76,48.500000,m.13 beat 1.500,3,0.125,0.302083333,0.177083333,0.166666667,normal,P1,5,81.5,0.5,0,0,reference-duration-not-candidate,0.125000;0.166667,key-release-grid;next-voice-onset,no,hold,none,0.5,notation-shortening,reference duration 0.5; shorten acoustic extension to 0.5 (score convention; pedal carries the tail)
Liszt_Concert_Etude_S145_2_1,LisztConcert_Etude_S145_2,Liszt,Concert_Etude_S145_2,LisztConcert_Etude_S145_2:RH:76:49.875000:2,RH,76,49.875000,m.13 beat 2.875,2,0.125,0.330729167,0.205729167,0.25,normal,P1,5,84.0,0.5,0,0,reference-duration-not-candidate,0.125000;0.250000,key-release-grid;next-voice-onset+pedal-acoustic-grid,no,hold,change,0.5,notation-shortening,reference duration 0.5; shorten acoustic extension to 0.5 (score convention; pedal carries the tail)
Liszt_Concert_Etude_S145_2_1,LisztConcert_Etude_S145_2,Liszt,Concert_Etude_S145_2,LisztConcert_Etude_S145_2:RH:76:50.125000:2,RH,76,50.125000,m.13 beat 3.125,2,0.125,0.125,0.0,0.25,normal,P1,1,84.75,0.25,0,0,ambiguous-candidate,0.125000;0.250000,key-release-grid+pedal-acoustic-grid;next-voice-onset,no,release,none,0.25,notation-shortening,reference duration 0.25; shorten acoustic extension to 0.25 (score convention; pedal carries the tail)
Liszt_Concert_Etude_S145_2_1,LisztConcert_Etude_S145_2,Liszt,Concert_Etude_S145_2,LisztConcert_Etude_S145_2:RH:76:58.625000:3,RH,76,58.625000,m.15 beat 3.625,3,0.125,0.8046875,0.6796875,0.708333333,medium,,,,,,,unmatched,0.125000;0.666667;0.708333,key-release-grid;next-voice-onset;pedal-acoustic-grid,yes,change,none,0.125,pedal-only,pedal carries sustain; keep short written note
Liszt_Concert_Etude_S145_2_1,LisztConcert_Etude_S145_2,Liszt,Concert_Etude_S145_2,LisztConcert_Etude_S145_2:RH:76:61.333333:2,RH,76,61.333333,m.16 beat 2.333,2,0.125,0.8671875,0.7421875,0.916666667,medium,,,,,,,unmatched,0.125000;0.750000;0.875000;0.916667,key-release-grid;next-voice-onset;pedal-acoustic-grid,yes,change,none,0.125,pedal-only,pedal carries sustain; keep short written note
Liszt_Concert_Etude_S145_2_1,LisztConcert_Etude_S145_2,Liszt,Concert_Etude_S145_2,LisztConcert_Etude_S145_2:RH:76:63.125000:2,RH,76,63.125000,m.16 beat 4.125,2,0.125,0.778645833,0.653645833,0.375,medium,P1,5,106.5,0.5,0,0,labeled,0.125000;0.375000,key-release-grid;next-voice-onset,yes,change,change,0.5,notation-shortening,reference duration 0.5; shorten acoustic extension to 0.5 (score convention; pedal carries the tail)
Liszt_Concert_Etude_S145_2_1,LisztConcert_Etude_S145_2,Liszt,Concert_Etude_S145_2,LisztConcert_Etude_S145_2:RH:76:63.500000:2,RH,76,63.500000,m.16 beat 4.500,2,0.125,0.403645833,0.278645833,0.125,medium,P1,5,107.0,0.5,0,0,reference-duration-not-candidate,0.125000,key-release-grid+next-voice-onset,yes,hold,none,0.5,notation-shortening,reference duration 0.5; shorten acoustic extension to 0.5 (score convention; pedal carries the tail)
Liszt_Concert_Etude_S145_2_1,LisztConcert_Etude_S145_2,Liszt,Concert_Etude_S145_2,LisztConcert_Etude_S145_2:RH:76:63.750000:2,RH,76,63.750000,m.16 beat 4.750,2,0.125,0.153645833,0.028645833,0.375,normal,P1,5,107.5,0.5,0,0,labeled,0.125000;0.250000;0.375000,barline+pedal-acoustic-grid;key-release-grid+pedal-acoustic-grid;next-voice-onset,no,change,none,0.5,notation-shortening,reference duration 0.5; shorten acoustic extension to 0.5 (score convention; pedal carries the tail)
Liszt_Concert_Etude_S145_2_1,LisztConcert_Etude_S145_2,Liszt,Concert_Etude_S145_2,LisztConcert_Etude_S145_2:RH:76:64.125000:2,RH,76,64.125000,m.17 beat 1.125,2,0.125,0.666666667,0.541666667,0.25,medium,,,,,,,unmatched,0.125000;0.250000,key-release-grid;next-voice-onset,yes,hold,none,0.125,pedal-only,pedal carries sustain; keep short written note
Liszt_Concert_Etude_S145_2_1,LisztConcert_Etude_S145_2,Liszt,Concert_Etude_S145_2,LisztConcert_Etude_S145_2:RH:76:66.875000:2,RH,76,66.875000,m.17 beat 3.875,2,0.125,0.869791667,0.744791667,0.458333333,medium,P1,5,112.5,0.5,0,0,labeled,0.125000;0.458333,key-release-grid;next-voice-onset,yes,hold,change,0.5,notation-shortening,reference duration 0.5; shorten acoustic extension to 0.5 (score convention; pedal carries the tail)
Liszt_Concert_Etude_S145_2_1,LisztConcert_Etude_S145_2,Liszt,Concert_Etude_S145_2,LisztConcert_Etude_S145_2:RH:76:71.375000:3,RH,76,71.375000,m.18 beat 4.375,3,0.125,0.833333333,0.708333333,0.125,medium,P1,5,118.125,0.125,0,0,labeled,0.125000,key-release-grid+next-voice-onset,yes,change,none,0.125,,routine; written duration follows score/readability
Liszt_Concert_Etude_S145_2_1,LisztConcert_Etude_S145_2,Liszt,Concert_Etude_S145_2,LisztConcert_Etude_S145_2:RH:76:71.875000:3,RH,76,71.875000,m.18 beat 4.875,3,0.125,0.333333333,0.208333333,0.125,normal,P1,1,118.625,0.125,0,0,labeled,0.125000,barline+key-release-grid+next-voice-onset,no,hold,none,0.125,,routine; written duration follows score/readability
Liszt_Concert_Etude_S145_2_1,LisztConcert_Etude_S145_2,Liszt,Concert_Etude_S145_2,LisztConcert_Etude_S145_2:RH:77:102.125000:1,RH,77,102.125000,m.26 beat 3.125,1,0.125,0.200520833,0.075520833,0.875,normal,,,,,,,unmatched,0.125000;0.250000;0.333333;0.875000,key-release-grid;next-voice-onset;pedal-acoustic-grid,no,release,none,0.125,,routine; written duration follows score/readability
Liszt_Concert_Etude_S145_2_1,LisztConcert_Etude_S145_2,Liszt,Concert_Etude_S145_2,LisztConcert_Etude_S145_2:RH:77:103.500000:1,RH,77,103.500000,m.26 beat 4.500,1,0.125,0.286458333,0.161458333,1.0,normal,,,,,,,unmatched,0.125000;0.250000;0.333333;0.500000;1.000000,barline;key-release-grid;next-voice-onset;pedal-acoustic-grid,no,hold,none,0.125,,routine; written duration follows score/readability
Liszt_Concert_Etude_S145_2_1,LisztConcert_Etude_S145_2,Liszt,Concert_Etude_S145_2,LisztConcert_Etude_S145_2:RH:77:105.000000:1,RH,77,105.000000,m.27 beat 2.000,1,0.125,0.2734375,0.1484375,0.625,normal,,,,,,,unmatched,0.125000;0.250000;0.333333;0.625000,key-release-grid;next-voice-onset;pedal-acoustic-grid,no,hold,none,0.125,,routine; written duration follows score/readability
Liszt_Concert_Etude_S145_2_1,LisztConcert_Etude_S145_2,Liszt,Concert_Etude_S145_2,LisztConcert_Etude_S145_2:RH:77:105.750000:1,RH,77,105.750000,m.27 beat 2.750,1,0.125,0.533854167,0.408854167,0.75,medium,,,,,,,unmatched,0.125000;0.500000;0.666667;0.750000,key-release-grid;next-voice-onset;pedal-acoustic-grid,yes,hold,none,0.125,pedal-only,pedal carries sustain; keep short written note
Liszt_Concert_Etude_S145_2_1,LisztConcert_Etude_S145_2,Liszt,Concert_Etude_S145_2,LisztConcert_Etude_S145_2:RH:77:106.750000:1,RH,77,106.750000,m.27 beat 3.750,1,0.125,0.442708333,0.317708333,0.75,medium,,,,,,,unmatched,0.125000;0.333333;0.500000;0.750000,key-release-grid;next-voice-onset;pedal-acoustic-grid,yes,hold,none,0.125,pedal-only,pedal carries sustain; keep short written note
Liszt_Concert_Etude_S145_2_1,LisztConcert_Etude_S145_2,Liszt,Concert_Etude_S145_2,LisztConcert_Etude_S145_2:RH:77:108.000000:1,RH,77,108.000000,m.28 beat 1.000,1,0.125,0.125,0.0,0.666666667,normal,,,,,,,unmatched,0.125000;0.666667,key-release-grid+pedal-acoustic-grid;next-voice-onset,no,none,none,0.125,,routine; written duration follows score/readability
Liszt_Concert_Etude_S145_2_1,LisztConcert_Etude_S145_2,Liszt,Concert_Etude_S145_2,LisztConcert_Etude_S145_2:RH:77:108.666667:1,RH,77,108.666667,m.28 beat 1.667,1,0.125,2.526041667,2.401041667,0.958333333,medium,,,,,,,unmatched,0.125000;0.958333,key-release-grid;next-voice-onset,yes,hold,none,0.125,pedal-only,pedal carries sustain; keep short written note
Liszt_Concert_Etude_S145_2_1,LisztConcert_Etude_S145_2,Liszt,Concert_Etude_S145_2,LisztConcert_Etude_S145_2:RH:77:113.625000:2,RH,77,113.625000,m.29 beat 2.625,2,0.125,0.234375,0.109375,0.125,normal,P1,1,190.25,0.25,0,0,labeled,0.125000,key-release-grid+next-voice-onset,no,release,stop,0.25,notation-shortening,reference duration 0.25; shorten acoustic extension to 0.25 (score convention; pedal carries the tail)
Liszt_Concert_Etude_S145_2_1,LisztConcert_Etude_S145_2,Liszt,Concert_Etude_S145_2,LisztConcert_Etude_S145_2:RH:77:113.875000:2,RH,77,113.875000,m.29 beat 2.875,2,0.125,0.125,0.0,0.125,normal,P1,1,190.75,0.25,0,0,labeled,0.125000,key-release-grid+next-voice-onset+pedal-acoustic-grid,no,release,stop,0.25,notation-shortening,reference duration 0.25; shorten acoustic extension to 0.25 (score convention; pedal carries the tail)
Liszt_Concert_Etude_S145_2_1,LisztConcert_Etude_S145_2,Liszt,Concert_Etude_S145_2,LisztConcert_Etude_S145_2:RH:77:118.666667:1,RH,77,118.666667,m.30 beat 3.667,1,0.125,0.158854167,0.033854167,0.208333333,normal,P1,1,199.25,0.25,0,0,ambiguous-candidate,0.125000;0.208333,key-release-grid+pedal-acoustic-grid;next-voice-onset,no,release,stop,0.25,notation-shortening,reference duration 0.25; shorten acoustic extension to 0.25 (score convention; pedal carries the tail)
Liszt_Concert_Etude_S145_2_1,LisztConcert_Etude_S145_2,Liszt,Concert_Etude_S145_2,LisztConcert_Etude_S145_2:RH:77:118.875000:1,RH,77,118.875000,m.30 beat 3.875,1,0.125,0.125,0.0,0.125,normal,P1,1,199.75,0.25,0,0,labeled,0.125000,key-release-grid+next-voice-onset+pedal-acoustic-grid,no,release,stop,0.25,notation-shortening,reference duration 0.25; shorten acoustic extension to 0.25 (score convention; pedal carries the tail)
Liszt_Concert_Etude_S145_2_1,LisztConcert_Etude_S145_2,Liszt,Concert_Etude_S145_2,LisztConcert_Etude_S145_2:RH:77:119.625000:1,RH,77,119.625000,m.30 beat 4.625,1,0.125,0.768229167,0.643229167,0.125,medium,P1,5,201.0,0.5,0,0,reference-duration-not-candidate,0.125000,key-release-grid+next-voice-onset,yes,hold,start,0.5,notation-shortening,reference duration 0.5; shorten acoustic extension to 0.5 (score convention; pedal carries the tail)
Liszt_Concert_Etude_S145_2_1,LisztConcert_Etude_S145_2,Liszt,Concert_Etude_S145_2,LisztConcert_Etude_S145_2:RH:77:119.875000:2,RH,77,119.875000,m.30 beat 4.875,2,0.125,0.518229167,0.393229167,0.25,medium,P1,5,201.5,0.5,0,0,reference-duration-not-candidate,0.125000;0.250000,barline+key-release-grid;next-voice-onset,yes,hold,none,0.5,notation-shortening,reference duration 0.5; shorten acoustic extension to 0.5 (score convention; pedal carries the tail)
Liszt_Concert_Etude_S145_2_1,LisztConcert_Etude_S145_2,Liszt,Concert_Etude_S145_2,LisztConcert_Etude_S145_2:RH:77:120.125000:2,RH,77,120.125000,m.31 beat 1.125,2,0.125,0.268229167,0.143229167,0.208333333,normal,P1,5,202.0,0.5,0,0,reference-duration-not-candidate,0.125000;0.208333,key-release-grid;next-voice-onset,no,hold,none,0.5,notation-shortening,reference duration 0.5; shorten acoustic extension to 0.5 (score convention; pedal carries the tail)
Liszt_Concert_Etude_S145_2_1,LisztConcert_Etude_S145_2,Liszt,Concert_Etude_S145_2,LisztConcert_Etude_S145_2:RH:77:120.500000:1,RH,77,120.500000,m.31 beat 1.500,1,0.125,0.723958333,0.598958333,0.166666667,medium,P1,5,202.5,0.5,0,0,reference-duration-not-candidate,0.125000;0.166667,key-release-grid;next-voice-onset,yes,hold,change,0.5,notation-shortening,reference duration 0.5; shorten acoustic extension to 0.5 (score convention; pedal carries the tail)
Liszt_Concert_Etude_S145_2_1,LisztConcert_Etude_S145_2,Liszt,Concert_Etude_S145_2,LisztConcert_Etude_S145_2:RH:77:120.750000:2,RH,77,120.750000,m.31 beat 1.750,2,0.125,0.473958333,0.348958333,0.25,medium,P1,5,203.0,0.5,0,0,reference-duration-not-candidate,0.125000;0.250000,key-release-grid;next-voice-onset,yes,hold,none,0.5,notation-shortening,reference duration 0.5; shorten acoustic extension to 0.5 (score convention; pedal carries the tail)
Liszt_Concert_Etude_S145_2_1,LisztConcert_Etude_S145_2,Liszt,Concert_Etude_S145_2,LisztConcert_Etude_S145_2:RH:77:121.000000:2,RH,77,121.000000,m.31 beat 2.000,2,0.125,0.223958333,0.098958333,0.375,normal,P1,5,203.5,0.5,0,0,labeled,0.125000;0.250000;0.333333;0.375000,key-release-grid;next-voice-onset;pedal-acoustic-grid,no,change,none,0.5,notation-shortening,reference duration 0.5; shorten acoustic extension to 0.5 (score convention; pedal carries the tail)
Liszt_Concert_Etude_S145_2_1,LisztConcert_Etude_S145_2,Liszt,Concert_Etude_S145_2,LisztConcert_Etude_S145_2:RH:77:121.375000:1,RH,77,121.375000,m.31 beat 2.375,1,0.125,0.697916667,0.572916667,0.125,medium,P1,5,204.0,0.5,0,0,reference-duration-not-candidate,0.125000,key-release-grid+next-voice-onset,yes,hold,change,0.5,notation-shortening,reference duration 0.5; shorten acoustic extension to 0.5 (score convention; pedal carries the tail)
Liszt_Concert_Etude_S145_2_1,LisztConcert_Etude_S145_2,Liszt,Concert_Etude_S145_2,LisztConcert_Etude_S145_2:RH:77:121.666667:3,RH,77,121.666667,m.31 beat 2.667,3,0.125,0.40625,0.28125,0.458333333,medium,P1,5,204.5,0.5,0,0,ambiguous-candidate,0.125000;0.333333;0.375000;0.458333,key-release-grid;next-voice-onset;pedal-acoustic-grid,yes,hold,none,0.5,notation-shortening,reference duration 0.5; shorten acoustic extension to 0.5 (score convention; pedal carries the tail)
Liszt_Concert_Etude_S145_2_1,LisztConcert_Etude_S145_2,Liszt,Concert_Etude_S145_2,LisztConcert_Etude_S145_2:RH:77:123.125000:2,RH,77,123.125000,m.31 beat 4.125,2,0.125,0.65625,0.53125,1.625,medium,P1,1,207.75,0.25,0,0,labeled,0.125000;0.625000;0.666667;0.750000;0.875000;1.625000,barline;key-release-grid;next-voice-onset;pedal-acoustic-grid,yes,change,none,0.25,notation-shortening,reference duration 0.25; shorten acoustic extension to 0.25 (score convention; pedal carries the tail)
Liszt_Concert_Etude_S145_2_1,LisztConcert_Etude_S145_2,Liszt,Concert_Etude_S145_2,LisztConcert_Etude_S145_2:RH:77:123.500000:1,RH,77,123.500000,m.31 beat 4.500,1,0.125,0.28125,0.15625,0.125,normal,P1,1,207.75,0.25,0,0,labeled,0.125000,key-release-grid+next-voice-onset,no,hold,none,0.25,notation-shortening,reference duration 0.25; shorten acoustic extension to 0.25 (score convention; pedal carries the tail)
Liszt_Concert_Etude_S145_2_1,LisztConcert_Etude_S145_2,Liszt,Concert_Etude_S145_2,LisztConcert_Etude_S145_2:RH:77:131.125000:2,RH,77,131.125000,m.33 beat 4.125,2,0.125,0.3359375,0.2109375,0.208333333,normal,,,,,,,unmatched,0.125000;0.208333,key-release-grid;next-voice-onset,no,hold,none,0.125,,routine; written duration follows score/readability
Liszt_Concert_Etude_S145_2_1,LisztConcert_Etude_S145_2,Liszt,Concert_Etude_S145_2,LisztConcert_Etude_S145_2:RH:77:131.375000:3,RH,77,131.375000,m.33 beat 4.375,3,0.125,0.125,0.0,0.125,normal,,,,,,,unmatched,0.125000,key-release-grid+next-voice-onset+pedal-acoustic-grid,no,change,none,0.125,,routine; written duration follows score/readability
Liszt_Concert_Etude_S145_2_1,LisztConcert_Etude_S145_2,Liszt,Concert_Etude_S145_2,LisztConcert_Etude_S145_2:RH:77:131.625000:2,RH,77,131.625000,m.33 beat 4.625,2,0.125,0.809895833,0.684895833,0.375,medium,P1,5,222.0,0.5,0,0,labeled,0.125000;0.375000,barline+next-voice-onset;key-release-grid,yes,change,change,0.5,notation-shortening,reference duration 0.5; shorten acoustic extension to 0.5 (score convention; pedal carries the tail)
Liszt_Concert_Etude_S145_2_1,LisztConcert_Etude_S145_2,Liszt,Concert_Etude_S145_2,LisztConcert_Etude_S145_2:RH:77:134.250000:3,RH,77,134.250000,m.34 beat 3.250,3,0.125,0.739583333,0.614583333,0.875,medium,P1,5,226.5,0.5,0,0,reference-duration-not-candidate,0.125000;0.666667;0.750000;0.875000,key-release-grid;next-voice-onset;pedal-acoustic-grid,yes,release,change,0.5,notation-shortening,reference duration 0.5; shorten acoustic extension to 0.5 (score convention; pedal carries the tail)
Liszt_Concert_Etude_S145_2_1,LisztConcert_Etude_S145_2,Liszt,Concert_Etude_S145_2,LisztConcert_Etude_S145_2:RH:77:136.000000:3,RH,77,136.000000,m.35 beat 1.000,3,0.125,0.752604167,0.627604167,0.125,medium,P1,5,229.5,0.5,0,0,reference-duration-not-candidate,0.125000,key-release-grid+next-voice-onset,yes,change,change,0.5,notation-shortening,reference duration 0.5; shorten acoustic extension to 0.5 (score convention; pedal carries the tail)
Liszt_Concert_Etude_S145_2_1,LisztConcert_Etude_S145_2,Liszt,Concert_Etude_S145_2,LisztConcert_Etude_S145_2:RH:77:136.333333:3,RH,77,136.333333,m.35 beat 1.333,3,0.125,0.419270833,0.294270833,0.291666667,medium,P1,5,230.0,0.5,0,0,reference-duration-not-candidate,0.125000;0.291667,key-release-grid;next-voice-onset,yes,hold,none,0.5,notation-shortening,reference duration 0.5; shorten acoustic extension to 0.5 (score convention; pedal carries the tail)
Liszt_Concert_Etude_S145_2_1,LisztConcert_Etude_S145_2,Liszt,Concert_Etude_S145_2,LisztConcert_Etude_S145_2:RH:77:136.750000:3,RH,77,136.750000,m.35 beat 1.750,3,0.125,0.869791667,0.744791667,0.125,medium,P1,5,230.5,0.5,0,0,reference-duration-not-candidate,0.125000,key-release-grid+next-voice-onset,yes,change,none,0.5,notation-shortening,reference duration 0.5; shorten acoustic extension to 0.5 (score convention; pedal carries the tail)
Liszt_Concert_Etude_S145_2_1,LisztConcert_Etude_S145_2,Liszt,Concert_Etude_S145_2,LisztConcert_Etude_S145_2:RH:77:139.750000:4,RH,77,139.750000,m.35 beat 4.750,4,0.125,0.880208333,0.755208333,0.5,medium,P1,5,235.5,0.5,0,0,labeled,0.125000;0.250000;0.500000,barline;key-release-grid;next-voice-onset,yes,hold,change,0.5,notation-shortening,reference duration 0.5; shorten acoustic extension to 0.5 (score convention; pedal carries the tail)
Liszt_Concert_Etude_S145_2_1,LisztConcert_Etude_S145_2,Liszt,Concert_Etude_S145_2,LisztConcert_Etude_S145_2:RH:77:144.125000:4,RH,77,144.125000,m.37 beat 1.125,4,0.125,0.125,0.0,0.125,normal,P1,5,241.125,0.125,0,0,labeled,0.125000,key-release-grid+next-voice-onset+pedal-acoustic-grid,no,change,none,0.125,,routine; written duration follows score/readability
Liszt_Concert_Etude_S145_2_1,LisztConcert_Etude_S145_2,Liszt,Concert_Etude_S145_2,LisztConcert_Etude_S145_2:RH:77:144.500000:1,RH,77,144.500000,m.37 beat 1.500,1,0.125,1.158854167,1.033854167,0.125,medium,P1,1,241.625,0.125,0,0,labeled,0.125000,key-release-grid+next-voice-onset,yes,hold,none,0.125,,routine; written duration follows score/readability
Liszt_Concert_Etude_S145_2_1,LisztConcert_Etude_S145_2,Liszt,Concert_Etude_S145_2,LisztConcert_Etude_S145_2:RH:77:15.875000:2,RH,77,15.875000,m.4 beat 4.875,2,0.125,0.125,0.0,0.375,normal,,,,,,,unmatched,0.125000;0.375000,barline+key-release-grid+pedal-acoustic-grid;next-voice-onset,no,change,none,0.125,,routine; written duration follows score/readability
Liszt_Concert_Etude_S145_2_1,LisztConcert_Etude_S145_2,Liszt,Concert_Etude_S145_2,LisztConcert_Etude_S145_2:RH:77:22.000000:2,RH,77,22.000000,m.6 beat 3.000,2,0.125,0.125,0.0,0.375,normal,,,,,,,unmatched,0.125000;0.375000,key-release-grid+pedal-acoustic-grid;next-voice-onset,no,none,none,0.125,,routine; written duration follows score/readability
Liszt_Concert_Etude_S145_2_1,LisztConcert_Etude_S145_2,Liszt,Concert_Etude_S145_2,LisztConcert_Etude_S145_2:RH:77:22.375000:2,RH,77,22.375000,m.6 beat 3.375,2,0.125,0.5859375,0.4609375,0.291666667,medium,P1,1,36.125,0.125,0,0,labeled,0.125000;0.291667,key-release-grid;next-voice-onset,yes,hold,change,0.125,,routine; written duration follows score/readability
Liszt_Concert_Etude_S145_2_1,LisztConcert_Etude_S145_2,Liszt,Concert_Etude_S145_2,LisztConcert_Etude_S145_2:RH:77:23.625000:2,RH,77,23.625000,m.6 beat 4.625,2,0.125,0.125,0.0,0.25,normal,P1,1,38.5,0.125,0,0,ambiguous-candidate,0.125000;0.250000,key-release-grid+pedal-acoustic-grid;next-voice-onset,no,change,none,0.125,,routine; written duration follows score/readability
Liszt_Concert_Etude_S145_2_1,LisztConcert_Etude_S145_2,Liszt,Concert_Etude_S145_2,LisztConcert_Etude_S145_2:RH:77:28.500000:1,RH,77,28.500000,m.8 beat 1.500,1,0.125,0.21875,0.09375,0.75,normal,,,,,,,unmatched,0.125000;0.250000;0.333333;0.750000,key-release-grid;next-voice-onset;pedal-acoustic-grid,no,release,none,0.125,,routine; written duration follows score/readability
Liszt_Concert_Etude_S145_2_1,LisztConcert_Etude_S145_2,Liszt,Concert_Etude_S145_2,LisztConcert_Etude_S145_2:RH:77:30.000000:1,RH,77,30.000000,m.8 beat 3.000,1,0.125,0.283854167,0.158854167,0.75,normal,,,,,,,unmatched,0.125000;0.250000;0.333333;0.750000,key-release-grid;next-voice-onset;pedal-acoustic-grid,no,hold,none,0.125,,routine; written duration follows score/readability
Liszt_Concert_Etude_S145_2_1,LisztConcert_Etude_S145_2,Liszt,Concert_Etude_S145_2,LisztConcert_Etude_S145_2:RH:77:31.375000:1,RH,77,31.375000,m.8 beat 4.375,1,0.125,0.416666667,0.291666667,0.625,medium,,,,,,,unmatched,0.125000;0.333333;0.375000;0.500000;0.625000,barline+next-voice-onset;key-release-grid;pedal-acoustic-grid,yes,hold,none,0.125,pedal-only,pedal carries sustain; keep short written note
Liszt_Concert_Etude_S145_2_1,LisztConcert_Etude_S145_2,Liszt,Concert_Etude_S145_2,LisztConcert_Etude_S145_2:RH:77:32.250000:1,RH,77,32.250000,m.9 beat 1.250,1,0.125,0.510416667,0.385416667,0.75,medium,,,,,,,unmatched,0.125000;0.500000;0.666667;0.750000,key-release-grid;next-voice-onset;pedal-acoustic-grid,yes,hold,none,0.125,pedal-only,pedal carries sustain; keep short written note
Liszt_Concert_Etude_S145_2_1,LisztConcert_Etude_S145_2,Liszt,Concert_Etude_S145_2,LisztConcert_Etude_S145_2:RH:77:33.250000:1,RH,77,33.250000,m.9 beat 2.250,1,0.125,0.4609375,0.3359375,0.625,medium,,,,,,,unmatched,0.125000;0.333333;0.500000;0.625000,key-release-grid;next-voice-onset;pedal-acoustic-grid,yes,hold,none,0.125,pedal-only,pedal carries sustain; keep short written note
Liszt_Concert_Etude_S145_2_1,LisztConcert_Etude_S145_2,Liszt,Concert_Etude_S145_2,LisztConcert_Etude_S145_2:RH:77:34.500000:1,RH,77,34.500000,m.9 beat 3.500,1,0.125,0.125,0.0,0.625,normal,,,,,,,unmatched,0.125000;0.625000,key-release-grid+pedal-acoustic-grid;next-voice-onset,no,none,none,0.125,,routine; written duration follows score/readability
Liszt_Concert_Etude_S145_2_1,LisztConcert_Etude_S145_2,Liszt,Concert_Etude_S145_2,LisztConcert_Etude_S145_2:RH:77:35.125000:1,RH,77,35.125000,m.9 beat 4.125,1,0.125,2.466145833,2.341145833,0.125,medium,,,,,,,unmatched,0.125000,key-release-grid+next-voice-onset,yes,hold,none,0.125,pedal-only,pedal carries sustain; keep short written note
Liszt_Concert_Etude_S145_2_1,LisztConcert_Etude_S145_2,Liszt,Concert_Etude_S145_2,LisztConcert_Etude_S145_2:RH:77:4.125000:1,RH,77,4.125000,m.2 beat 1.125,1,0.125,0.125,0.0,0.208333333,normal,,,,,,,unmatched,0.125000;0.208333,key-release-grid+pedal-acoustic-grid;next-voice-onset,no,none,none,0.125,,routine; written duration follows score/readability
Liszt_Concert_Etude_S145_2_1,LisztConcert_Etude_S145_2,Liszt,Concert_Etude_S145_2,LisztConcert_Etude_S145_2:RH:77:51.625000:2,RH,77,51.625000,m.13 beat 4.625,2,0.125,0.736979167,0.611979167,0.125,medium,P1,5,87.0,0.5,0,0,reference-duration-not-candidate,0.125000,key-release-grid+next-voice-onset,yes,hold,none,0.5,notation-shortening,reference duration 0.5; shorten acoustic extension to 0.5 (score convention; pedal carries the tail)
Liszt_Concert_Etude_S145_2_1,LisztConcert_Etude_S145_2,Liszt,Concert_Etude_S145_2,LisztConcert_Etude_S145_2:RH:77:51.875000:3,RH,77,51.875000,m.13 beat 4.875,3,0.125,0.486979167,0.361979167,0.25,medium,P1,5,87.5,0.5,0,0,reference-duration-not-candidate,0.125000;0.250000,barline+key-release-grid;next-voice-onset,yes,hold,none,0.5,notation-shortening,reference duration 0.5; shorten acoustic extension to 0.5 (score convention; pedal carries the tail)
Liszt_Concert_Etude_S145_2_1,LisztConcert_Etude_S145_2,Liszt,Concert_Etude_S145_2,LisztConcert_Etude_S145_2:RH:77:52.125000:3,RH,77,52.125000,m.14 beat 1.125,3,0.125,0.236979167,0.111979167,0.375,normal,P1,5,88.0,0.5,0,0,labeled,0.125000;0.250000;0.333333;0.375000,key-release-grid;next-voice-onset;pedal-acoustic-grid,no,change,none,0.5,notation-shortening,reference duration 0.5; shorten acoustic extension to 0.5 (score convention; pedal carries the tail)
Liszt_Concert_Etude_S145_2_1,LisztConcert_Etude_S145_2,Liszt,Concert_Etude_S145_2,LisztConcert_Etude_S145_2:RH:77:52.500000:2,RH,77,52.500000,m.14 beat 1.500,2,0.125,0.734375,0.609375,0.166666667,medium,P1,5,88.5,0.5,0,0,reference-duration-not-candidate,0.125000;0.166667,key-release-grid;next-voice-onset,yes,hold,none,0.5,notation-shortening,reference duration 0.5; shorten acoustic extension to 0.5 (score convention; pedal carries the tail)
Liszt_Concert_Etude_S145_2_1,LisztConcert_Etude_S145_2,Liszt,Concert_Etude_S145_2,LisztConcert_Etude_S145_2:RH:77:52.750000:3,RH,77,52.750000,m.14 beat 1.750,3,0.125,0.484375,0.359375,0.25,medium,P1,5,89.0,0.5,0,0,reference-duration-not-candidate,0.125000;0.250000,key-release-grid;next-voice-onset,yes,hold,none,0.5,notation-shortening,reference duration 0.5; shorten acoustic extension to 0.5 (score convention; pedal carries the tail)
Liszt_Concert_Etude_S145_2_1,LisztConcert_Etude_S145_2,Liszt,Concert_Etude_S145_2,LisztConcert_Etude_S145_2:RH:77:53.000000:3,RH,77,53.000000,m.14 beat 2.000,3,0.125,0.234375,0.109375,0.125,normal,P1,5,89.5,0.5,0,0,reference-duration-not-candidate,0.125000,key-release-grid+next-voice-onset,no,change,none,0.5,notation-shortening,reference duration 0.5; shorten acoustic extension to 0.5 (score convention; pedal carries the tail)
Liszt_Concert_Etude_S145_2_1,LisztConcert_Etude_S145_2,Liszt,Concert_Etude_S145_2,LisztConcert_Etude_S145_2:RH:77:53.375000:2,RH,77,53.375000,m.14 beat 2.375,2,0.125,0.708333333,0.583333333,0.125,medium,P1,5,90.0,0.5,0,0,reference-duration-not-candidate,0.125000,key-release-grid+next-voice-onset,yes,hold,none,0.5,notation-shortening,reference duration 0.5; shorten acoustic extension to 0.5 (score convention; pedal carries the tail)
Liszt_Concert_Etude_S145_2_1,LisztConcert_Etude_S145_2,Liszt,Concert_Etude_S145_2,LisztConcert_Etude_S145_2:RH:77:53.666667:3,RH,77,53.666667,m.14 beat 2.667,3,0.125,0.416666667,0.291666667,0.208333333,medium,P1,5,90.5,0.5,0,0,reference-duration-not-candidate,0.125000;0.208333,key-release-grid;next-voice-onset,yes,hold,none,0.5,notation-shortening,reference duration 0.5; shorten acoustic extension to 0.5 (score convention; pedal carries the tail)
Liszt_Concert_Etude_S145_2_1,LisztConcert_Etude_S145_2,Liszt,Concert_Etude_S145_2,LisztConcert_Etude_S145_2:RH:77:55.250000:3,RH,77,55.250000,m.14 beat 4.250,3,0.125,0.653645833,0.528645833,0.375,medium,P1,5,93.0,0.5,0,0,labeled,0.125000;0.375000,key-release-grid;next-voice-onset,yes,hold,none,0.5,notation-shortening,reference duration 0.5; shorten acoustic extension to 0.5 (score convention; pedal carries the tail)
Liszt_Concert_Etude_S145_2_1,LisztConcert_Etude_S145_2,Liszt,Concert_Etude_S145_2,LisztConcert_Etude_S145_2:RH:77:55.625000:3,RH,77,55.625000,m.14 beat 4.625,3,0.125,0.278645833,0.153645833,0.708333333,normal,P1,1,93.75,0.25,0,0,ambiguous-candidate,0.125000;0.250000;0.333333;0.375000;0.708333,barline;key-release-grid;next-voice-onset;pedal-acoustic-grid,no,hold,none,0.25,notation-shortening,reference duration 0.25; shorten acoustic extension to 0.25 (score convention; pedal carries the tail)
Liszt_Concert_Etude_S145_2_1,LisztConcert_Etude_S145_2,Liszt,Concert_Etude_S145_2,LisztConcert_Etude_S145_2:RH:77:6.375000:2,RH,77,6.375000,m.2 beat 3.375,2,0.125,0.125,0.0,5.291666667,normal,,,,,,,unmatched,0.125000;1.625000;5.291667,barline;key-release-grid+pedal-acoustic-grid;next-voice-onset,no,none,none,0.125,,routine; written duration follows score/readability
Liszt_Concert_Etude_S145_2_1,LisztConcert_Etude_S145_2,Liszt,Concert_Etude_S145_2,LisztConcert_Etude_S145_2:RH:77:64.125000:2,RH,77,64.125000,m.17 beat 1.125,2,0.125,0.666666667,0.541666667,0.25,medium,P1,5,108.0,0.5,0,0,reference-duration-not-candidate,0.125000;0.250000,key-release-grid;next-voice-onset,yes,hold,change,0.5,notation-shortening,reference duration 0.5; shorten acoustic extension to 0.5 (score convention; pedal carries the tail)
Liszt_Concert_Etude_S145_2_1,LisztConcert_Etude_S145_2,Liszt,Concert_Etude_S145_2,LisztConcert_Etude_S145_2:RH:77:64.375000:2,RH,77,64.375000,m.17 beat 1.375,2,0.125,0.416666667,0.291666667,0.125,medium,P1,5,108.5,0.5,0,0,reference-duration-not-candidate,0.125000,key-release-grid+next-voice-onset,yes,hold,none,0.5,notation-shortening,reference duration 0.5; shorten acoustic extension to 0.5 (score convention; pedal carries the tail)
Liszt_Concert_Etude_S145_2_1,LisztConcert_Etude_S145_2,Liszt,Concert_Etude_S145_2,LisztConcert_Etude_S145_2:RH:77:64.625000:2,RH,77,64.625000,m.17 beat 1.625,2,0.125,0.166666667,0.041666667,0.25,normal,P1,5,109.0,0.5,0,0,reference-duration-not-candidate,0.125000;0.250000,key-release-grid+pedal-acoustic-grid;next-voice-onset+pedal-acoustic-grid,no,change,none,0.5,notation-shortening,reference duration 0.5; shorten acoustic extension to 0.5 (score convention; pedal carries the tail)
Liszt_Concert_Etude_S145_2_1,LisztConcert_Etude_S145_2,Liszt,Concert_Etude_S145_2,LisztConcert_Etude_S145_2:RH:77:67.333333:2,RH,77,67.333333,m.17 beat 4.333,2,0.125,0.411458333,0.286458333,0.541666667,medium,P1,5,113.25,0.5,0,0,ambiguous-candidate,0.125000;0.333333;0.375000;0.500000;0.541667,key-release-grid;next-voice-onset;pedal-acoustic-grid,yes,hold,change,0.5,notation-shortening,reference duration 0.5; shorten acoustic extension to 0.5 (score convention; pedal carries the tail)
Liszt_Concert_Etude_S145_2_1,LisztConcert_Etude_S145_2,Liszt,Concert_Etude_S145_2,LisztConcert_Etude_S145_2:RH:77:71.333333:1,RH,77,71.333333,m.18 beat 4.333,1,0.125,0.125,0.0,0.416666667,normal,P1,5,118.0,0.125,0,0,labeled,0.125000;0.416667,key-release-grid+pedal-acoustic-grid;next-voice-onset,no,change,none,0.125,,routine; written duration follows score/readability
Liszt_Concert_Etude_S145_2_1,LisztConcert_Etude_S145_2,Liszt,Concert_Etude_S145_2,LisztConcert_Etude_S145_2:RH:77:71.750000:1,RH,77,71.750000,m.18 beat 4.750,1,0.25,0.458333333,0.208333333,0.583333333,normal,P1,1,118.5,0.125,0,0,labeled,0.250000;0.333333;0.500000;0.583333,barline+key-release-grid;key-release-grid+pedal-acoustic-grid;next-voice-onset;pedal-acoustic-grid,no,hold,none,0.125,,key duration 0.250 exceeds notation 0.125 (pedal/sustain hold); score convention kept
Liszt_Concert_Etude_S145_2_1,LisztConcert_Etude_S145_2,Liszt,Concert_Etude_S145_2,LisztConcert_Etude_S145_2:RH:77:77.625000:1,RH,77,77.625000,m.20 beat 2.625,1,0.125,0.125,0.0,0.25,normal,,,,,,,unmatched,0.125000;0.250000,key-release-grid+pedal-acoustic-grid;next-voice-onset,no,none,none,0.125,,routine; written duration follows score/readability
Liszt_Concert_Etude_S145_2_1,LisztConcert_Etude_S145_2,Liszt,Concert_Etude_S145_2,LisztConcert_Etude_S145_2:RH:77:79.875000:3,RH,77,79.875000,m.20 beat 4.875,3,0.125,0.125,0.0,4.458333333,normal,,,,,,,unmatched,0.125000;4.458333,barline+key-release-grid+pedal-acoustic-grid;next-voice-onset,no,none,none,0.125,,routine; written duration follows score/readability
Liszt_Concert_Etude_S145_2_1,LisztConcert_Etude_S145_2,Liszt,Concert_Etude_S145_2,LisztConcert_Etude_S145_2:RH:77:82.500000:1,RH,77,82.500000,m.21 beat 3.500,1,0.125,0.125,0.0,0.75,normal,,,,,,,unmatched,0.125000;0.750000,key-release-grid+pedal-acoustic-grid;next-voice-onset,no,none,none,0.125,,routine; written duration follows score/readability
Liszt_Concert_Etude_S145_2_1,LisztConcert_Etude_S145_2,Liszt,Concert_Etude_S145_2,LisztConcert_Etude_S145_2:RH:77:89.333333:3,RH,77,89.333333,m.23 beat 2.333,3,0.125,0.908854167,0.783854167,0.291666667,medium,,,,,,,unmatched,0.125000;0.291667,key-release-grid;next-voice-onset,yes,change,none,0.125,pedal-only,pedal carries sustain; keep short written note
Liszt_Concert_Etude_S145_2_1,LisztConcert_Etude_S145_2,Liszt,Concert_Etude_S145_2,LisztConcert_Etude_S145_2:RH:77:9.125000:1,RH,77,9.125000,m.3 beat 2.125,1,0.125,0.125,0.0,0.125,normal,,,,,,,unmatched,0.125000,key-release-grid+next-voice-onset+pedal-acoustic-grid,no,none,none,0.125,,routine; written duration follows score/readability
Liszt_Concert_Etude_S145_2_1,LisztConcert_Etude_S145_2,Liszt,Concert_Etude_S145_2,LisztConcert_Etude_S145_2:RH:77:95.500000:1,RH,77,95.500000,m.24 beat 4.500,1,0.125,0.125,0.0,0.375,normal,,,,,,,unmatched,0.125000;0.375000,key-release-grid+pedal-acoustic-grid;next-voice-onset,no,none,none,0.125,,routine; written duration follows score/readability
Liszt_Concert_Etude_S145_2_1,LisztConcert_Etude_S145_2,Liszt,Concert_Etude_S145_2,LisztConcert_Etude_S145_2:RH:77:96.000000:1,RH,77,96.000000,m.25 beat 1.000,1,0.125,0.520833333,0.395833333,0.25,medium,P1,1,159.125,0.125,0,0,ambiguous-candidate,0.125000;0.250000,key-release-grid;next-voice-onset,yes,hold,change,0.125,,routine; written duration follows score/readability
Liszt_Concert_Etude_S145_2_1,LisztConcert_Etude_S145_2,Liszt,Concert_Etude_S145_2,LisztConcert_Etude_S145_2:RH:77:97.250000:1,RH,77,97.250000,m.25 beat 2.250,1,0.125,0.125,0.0,0.25,normal,P1,1,161.5,0.125,0,0,ambiguous-candidate,0.125000;0.250000,key-release-grid+pedal-acoustic-grid;next-voice-onset,no,change,none,0.125,,routine; written duration follows score/readability
Liszt_Concert_Etude_S145_2_1,LisztConcert_Etude_S145_2,Liszt,Concert_Etude_S145_2,LisztConcert_Etude_S145_2:RH:78:10.125000:1,RH,78,10.125000,m.3 beat 3.125,1,0.125,0.518229167,0.393229167,0.25,medium,,,,,,,unmatched,0.125000;0.250000,key-release-grid;next-voice-onset,yes,hold,none,0.125,pedal-only,pedal carries sustain; keep short written note
Liszt_Concert_Etude_S145_2_1,LisztConcert_Etude_S145_2,Liszt,Concert_Etude_S145_2,LisztConcert_Etude_S145_2:RH:78:10.375000:1,RH,78,10.375000,m.3 beat 3.375,1,0.125,0.268229167,0.143229167,0.291666667,normal,,,,,,,unmatched,0.125000;0.250000;0.291667,key-release-grid;next-voice-onset;pedal-acoustic-grid,no,hold,none,0.125,,routine; written duration follows score/readability
Liszt_Concert_Etude_S145_2_1,LisztConcert_Etude_S145_2,Liszt,Concert_Etude_S145_2,LisztConcert_Etude_S145_2:RH:78:10.666667:1,RH,78,10.666667,m.3 beat 3.667,1,0.125,0.125,0.0,0.208333333,normal,,,,,,,unmatched,0.125000;0.208333,key-release-grid+pedal-acoustic-grid;next-voice-onset,no,release,none,0.125,,routine; written duration follows score/readability
Liszt_Concert_Etude_S145_2_1,LisztConcert_Etude_S145_2,Liszt,Concert_Etude_S145_2,LisztConcert_Etude_S145_2:RH:78:10.875000:1,RH,78,10.875000,m.3 beat 3.875,1,0.125,0.125,0.0,0.125,normal,,,,,,,unmatched,0.125000,key-release-grid+next-voice-onset+pedal-acoustic-grid,no,release,none,0.125,,routine; written duration follows score/readability
Liszt_Concert_Etude_S145_2_1,LisztConcert_Etude_S145_2,Liszt,Concert_Etude_S145_2,LisztConcert_Etude_S145_2:RH:78:103.000000:1,RH,78,103.000000,m.26 beat 4.000,1,0.125,0.125,0.0,0.333333333,normal,P1,1,173.5,0.125,0,0,labeled,0.125000;0.333333,key-release-grid+pedal-acoustic-grid;next-voice-onset,no,change,none,0.125,,routine; written duration follows score/readability
Liszt_Concert_Etude_S145_2_1,LisztConcert_Etude_S145_2,Liszt,Concert_Etude_S145_2,LisztConcert_Etude_S145_2:RH:78:104.500000:1,RH,78,104.500000,m.27 beat 1.500,1,0.125,0.125,0.0,0.25,normal,P1,1,176.5,0.125,0,0,ambiguous-candidate,0.125000;0.250000,key-release-grid+pedal-acoustic-grid;next-voice-onset,no,change,none,0.125,,routine; written duration follows score/readability
Liszt_Concert_Etude_S145_2_1,LisztConcert_Etude_S145_2,Liszt,Concert_Etude_S145_2,LisztConcert_Etude_S145_2:RH:78:122.375000:1,RH,78,122.375000,m.31 beat 3.375,1,0.125,0.692708333,0.567708333,0.125,medium,,,,,,,unmatched,0.125000,key-release-grid+next-voice-onset,yes,hold,none,0.125,pedal-only,pedal carries sustain; keep short written note
Liszt_Concert_Etude_S145_2_1,LisztConcert_Etude_S145_2,Liszt,Concert_Etude_S145_2,LisztConcert_Etude_S145_2:RH:78:124.750000:2,RH,78,124.750000,m.32 beat 1.750,2,0.125,0.755208333,0.630208333,0.25,medium,P1,5,210.0,0.5,0,0,reference-duration-not-candidate,0.125000;0.250000,key-release-grid;next-voice-onset,yes,hold,start,0.5,notation-shortening,reference duration 0.5; shorten acoustic extension to 0.5 (score convention; pedal carries the tail)
Liszt_Concert_Etude_S145_2_1,LisztConcert_Etude_S145_2,Liszt,Concert_Etude_S145_2,LisztConcert_Etude_S145_2:RH:78:125.000000:2,RH,78,125.000000,m.32 beat 2.000,2,0.125,0.505208333,0.380208333,0.333333333,medium,P1,5,210.5,0.5,0,0,reference-duration-not-candidate,0.125000;0.333333,key-release-grid;next-voice-onset,yes,hold,none,0.5,notation-shortening,reference duration 0.5; shorten acoustic extension to 0.5 (score convention; pedal carries the tail)
Liszt_Concert_Etude_S145_2_1,LisztConcert_Etude_S145_2,Liszt,Concert_Etude_S145_2,LisztConcert_Etude_S145_2:RH:78:125.333333:2,RH,78,125.333333,m.32 beat 2.333,2,0.125,0.171875,0.046875,0.291666667,normal,P1,5,211.0,0.5,0,0,reference-duration-not-candidate,0.125000;0.250000;0.291667,key-release-grid+pedal-acoustic-grid;next-voice-onset;pedal-acoustic-grid,no,change,none,0.5,notation-shortening,reference duration 0.5; shorten acoustic extension to 0.5 (score convention; pedal carries the tail)
Liszt_Concert_Etude_S145_2_1,LisztConcert_Etude_S145_2,Liszt,Concert_Etude_S145_2,LisztConcert_Etude_S145_2:RH:78:125.625000:1,RH,78,125.625000,m.32 beat 2.625,1,0.125,0.768229167,0.643229167,0.125,medium,P1,5,211.5,0.5,0,0,reference-duration-not-candidate,0.125000,key-release-grid+next-voice-onset,yes,hold,change,0.5,notation-shortening,reference duration 0.5; shorten acoustic extension to 0.5 (score convention; pedal carries the tail)
Liszt_Concert_Etude_S145_2_1,LisztConcert_Etude_S145_2,Liszt,Concert_Etude_S145_2,LisztConcert_Etude_S145_2:RH:78:125.875000:2,RH,78,125.875000,m.32 beat 2.875,2,0.125,0.518229167,0.393229167,0.375,medium,P1,5,212.0,0.5,0,0,labeled,0.125000;0.375000,key-release-grid;next-voice-onset,yes,hold,none,0.5,notation-shortening,reference duration 0.5; shorten acoustic extension to 0.5 (score convention; pedal carries the tail)
Liszt_Concert_Etude_S145_2_1,LisztConcert_Etude_S145_2,Liszt,Concert_Etude_S145_2,LisztConcert_Etude_S145_2:RH:78:126.250000:2,RH,78,126.250000,m.32 beat 3.250,2,0.125,0.143229167,0.018229167,0.25,normal,P1,5,212.5,0.5,0,0,reference-duration-not-candidate,0.125000;0.250000,key-release-grid+pedal-acoustic-grid;next-voice-onset+pedal-acoustic-grid,no,change,none,0.5,notation-shortening,reference duration 0.5; shorten acoustic extension to 0.5 (score convention; pedal carries the tail)
Liszt_Concert_Etude_S145_2_1,LisztConcert_Etude_S145_2,Liszt,Concert_Etude_S145_2,LisztConcert_Etude_S145_2:RH:78:126.500000:1,RH,78,126.500000,m.32 beat 3.500,1,0.125,0.763020833,0.638020833,0.25,medium,P1,5,213.0,0.5,0,0,reference-duration-not-candidate,0.125000;0.250000,key-release-grid;next-voice-onset,yes,change,change,0.5,notation-shortening,reference duration 0.5; shorten acoustic extension to 0.5 (score convention; pedal carries the tail)
Liszt_Concert_Etude_S145_2_1,LisztConcert_Etude_S145_2,Liszt,Concert_Etude_S145_2,LisztConcert_Etude_S145_2:RH:78:126.750000:1,RH,78,126.750000,m.32 beat 3.750,1,0.125,0.513020833,0.388020833,0.5,medium,P1,5,213.5,0.5,0,0,labeled,0.125000;0.500000,key-release-grid;next-voice-onset+pedal-acoustic-grid,yes,hold,none,0.5,notation-shortening,reference duration 0.5; shorten acoustic extension to 0.5 (score convention; pedal carries the tail)
Liszt_Concert_Etude_S145_2_1,LisztConcert_Etude_S145_2,Liszt,Concert_Etude_S145_2,LisztConcert_Etude_S145_2:RH:78:128.333333:3,RH,78,128.333333,m.33 beat 1.333,3,0.125,0.611979167,0.486979167,0.333333333,medium,,,,,,,unmatched,0.125000;0.333333,key-release-grid;next-voice-onset,yes,hold,none,0.125,pedal-only,pedal carries sustain; keep short written note
Liszt_Concert_Etude_S145_2_1,LisztConcert_Etude_S145_2,Liszt,Concert_Etude_S145_2,LisztConcert_Etude_S145_2:RH:78:128.666667:3,RH,78,128.666667,m.33 beat 1.667,3,0.125,0.278645833,0.153645833,0.666666667,normal,P1,1,216.75,0.25,0,0,ambiguous-candidate,0.125000;0.250000;0.333333;0.666667,key-release-grid;next-voice-onset;pedal-acoustic-grid,no,hold,none,0.25,notation-shortening,reference duration 0.25; shorten acoustic extension to 0.25 (score convention; pedal carries the tail)
Liszt_Concert_Etude_S145_2_1,LisztConcert_Etude_S145_2,Liszt,Concert_Etude_S145_2,LisztConcert_Etude_S145_2:RH:78:136.750000:3,RH,78,136.750000,m.35 beat 1.750,3,0.125,0.869791667,0.744791667,0.125,medium,,,,,,,unmatched,0.125000,key-release-grid+next-voice-onset,yes,change,none,0.125,pedal-only,pedal carries sustain; keep short written note
Liszt_Concert_Etude_S145_2_1,LisztConcert_Etude_S145_2,Liszt,Concert_Etude_S145_2,LisztConcert_Etude_S145_2:RH:78:136.875000:3,RH,78,136.875000,m.35 beat 1.875,3,0.125,0.744791667,0.619791667,0.125,medium,P1,5,231.0,0.5,0,0,reference-duration-not-candidate,0.125000,key-release-grid+next-voice-onset,yes,hold,change,0.5,notation-shortening,reference duration 0.5; shorten acoustic extension to 0.5 (score convention; pedal carries the tail)
Liszt_Concert_Etude_S145_2_1,LisztConcert_Etude_S145_2,Liszt,Concert_Etude_S145_2,LisztConcert_Etude_S145_2:RH:78:137.250000:2,RH,78,137.250000,m.35 beat 2.250,2,0.125,0.369791667,0.244791667,0.25,normal,P1,5,231.5,0.5,0,0,reference-duration-not-candidate,0.125000;0.250000,key-release-grid;next-voice-onset+pedal-acoustic-grid,no,hold,none,0.5,notation-shortening,reference duration 0.5; shorten acoustic extension to 0.5 (score convention; pedal carries the tail)
Liszt_Concert_Etude_S145_2_1,LisztConcert_Etude_S145_2,Liszt,Concert_Etude_S145_2,LisztConcert_Etude_S145_2:RH:78:137.500000:2,RH,78,137.500000,m.35 beat 2.500,2,0.125,0.125,0.0,0.25,normal,P1,5,232.0,0.5,0,0,reference-duration-not-candidate,0.125000;0.250000,key-release-grid+pedal-acoustic-grid;next-voice-onset,no,change,none,0.5,notation-shortening,reference duration 0.5; shorten acoustic extension to 0.5 (score convention; pedal carries the tail)
Liszt_Concert_Etude_S145_2_1,LisztConcert_Etude_S145_2,Liszt,Concert_Etude_S145_2,LisztConcert_Etude_S145_2:RH:78:140.250000:4,RH,78,140.250000,m.36 beat 1.250,4,0.125,0.380208333,0.255208333,0.5,medium,P1,5,236.25,0.5,0,0,ambiguous-candidate,0.125000;0.333333;0.375000;0.500000,key-release-grid;next-voice-onset+pedal-acoustic-grid;pedal-acoustic-grid,yes,hold,change,0.5,notation-shortening,reference duration 0.5; shorten acoustic extension to 0.5 (score convention; pedal carries the tail)
Liszt_Concert_Etude_S145_2_1,LisztConcert_Etude_S145_2,Liszt,Concert_Etude_S145_2,LisztConcert_Etude_S145_2:RH:78:144.000000:1,RH,78,144.000000,m.37 beat 1.000,1,0.25,0.25,0.0,0.333333333,normal,P1,5,241.0,0.125,0,0,labeled,0.250000;0.333333,key-release-grid+next-voice-onset+pedal-acoustic-grid;key-release-grid+pedal-acoustic-grid,no,change,none,0.125,,key duration 0.250 exceeds notation 0.125 (pedal/sustain hold); score convention kept
Liszt_Concert_Etude_S145_2_1,LisztConcert_Etude_S145_2,Liszt,Concert_Etude_S145_2,LisztConcert_Etude_S145_2:RH:78:144.375000:4,RH,78,144.375000,m.37 beat 1.375,4,0.25,1.283854167,1.033854167,0.75,medium,P1,1,241.5,0.125,0,0,labeled,0.250000;0.333333;0.750000,key-release-grid;next-voice-onset,yes,hold,none,0.125,,key duration 0.250 exceeds notation 0.125 (pedal/sustain hold); score convention kept
Liszt_Concert_Etude_S145_2_1,LisztConcert_Etude_S145_2,Liszt,Concert_Etude_S145_2,LisztConcert_Etude_S145_2:RH:78:16.250000:2,RH,78,16.250000,m.5 beat 1.250,2,0.125,0.552083333,0.427083333,0.125,medium,,,,,,,unmatched,0.125000,key-release-grid+next-voice-onset,yes,hold,none,0.125,pedal-only,pedal carries sustain; keep short written note
Liszt_Concert_Etude_S145_2_1,LisztConcert_Etude_S145_2,Liszt,Concert_Etude_S145_2,LisztConcert_Etude_S145_2:RH:78:16.375000:2,RH,78,16.375000,m.5 beat 1.375,2,0.125,0.427083333,0.302083333,0.291666667,medium,,,,,,,unmatched,0.125000;0.291667,key-release-grid;next-voice-onset,yes,hold,none,0.125,pedal-only,pedal carries sustain; keep short written note
Liszt_Concert_Etude_S145_2_1,LisztConcert_Etude_S145_2,Liszt,Concert_Etude_S145_2,LisztConcert_Etude_S145_2:RH:78:16.666667:1,RH,78,16.666667,m.5 beat 1.667,1,0.125,0.135416667,0.010416667,0.333333333,normal,,,,,,,unmatched,0.125000;0.250000;0.333333,key-release-grid+pedal-acoustic-grid;next-voice-onset;pedal-acoustic-grid,no,release,none,0.125,,routine; written duration follows score/readability
Liszt_Concert_Etude_S145_2_1,LisztConcert_Etude_S145_2,Liszt,Concert_Etude_S145_2,LisztConcert_Etude_S145_2:RH:78:17.000000:1,RH,78,17.000000,m.5 beat 2.000,1,0.125,0.125,0.0,0.375,normal,P1,1,25.5,0.5,0,0,labeled,0.125000;0.375000,key-release-grid+pedal-acoustic-grid;next-voice-onset,no,release,change,0.5,notation-shortening,reference duration 0.5; shorten acoustic extension to 0.5 (score convention; pedal carries the tail)
Liszt_Concert_Etude_S145_2_1,LisztConcert_Etude_S145_2,Liszt,Concert_Etude_S145_2,LisztConcert_Etude_S145_2:RH:78:23.875000:2,RH,78,23.875000,m.6 beat 4.875,2,0.125,0.489583333,0.364583333,0.25,medium,P1,1,39.0,0.125,0,0,ambiguous-candidate,0.125000;0.250000,barline+key-release-grid;next-voice-onset,yes,hold,change,0.125,,routine; written duration follows score/readability
Liszt_Concert_Etude_S145_2_1,LisztConcert_Etude_S145_2,Liszt,Concert_Etude_S145_2,LisztConcert_Etude_S145_2:RH:78:25.125000:2,RH,78,25.125000,m.7 beat 2.125,2,0.125,0.125,0.0,0.208333333,normal,P1,1,41.5,0.125,0,0,ambiguous-candidate,0.125000;0.208333,key-release-grid+pedal-acoustic-grid;next-voice-onset,no,change,none,0.125,,routine; written duration follows score/readability
Liszt_Concert_Etude_S145_2_1,LisztConcert_Etude_S145_2,Liszt,Concert_Etude_S145_2,LisztConcert_Etude_S145_2:RH:78:29.500000:1,RH,78,29.500000,m.8 beat 2.500,1,0.125,0.125,0.0,0.25,normal,P1,1,50.5,0.125,0,0,ambiguous-candidate,0.125000;0.250000,key-release-grid+pedal-acoustic-grid;next-voice-onset,no,change,none,0.125,,routine; written duration follows score/readability
Liszt_Concert_Etude_S145_2_1,LisztConcert_Etude_S145_2,Liszt,Concert_Etude_S145_2,LisztConcert_Etude_S145_2:RH:78:30.875000:1,RH,78,30.875000,m.8 beat 3.875,1,0.125,0.125,0.0,0.375,normal,P1,1,53.5,0.125,0,0,labeled,0.125000;0.375000,key-release-grid+pedal-acoustic-grid;next-voice-onset,no,none,none,0.125,,routine; written duration follows score/readability
Liszt_Concert_Etude_S145_2_1,LisztConcert_Etude_S145_2,Liszt,Concert_Etude_S145_2,LisztConcert_Etude_S145_2:RH:78:37.666667:2,RH,78,37.666667,m.10 beat 2.667,2,0.125,0.78125,0.65625,0.208333333,medium,,,,,,,unmatched,0.125000;0.208333,key-release-grid;next-voice-onset,yes,change,none,0.125,pedal-only,pedal carries sustain; keep short written note
Liszt_Concert_Etude_S145_2_1,LisztConcert_Etude_S145_2,Liszt,Concert_Etude_S145_2,LisztConcert_Etude_S145_2:RH:78:39.375000:2,RH,78,39.375000,m.10 beat 4.375,2,0.125,0.875,0.75,0.25,medium,,,,,,,unmatched,0.125000;0.250000,key-release-grid;next-voice-onset,yes,change,none,0.125,pedal-only,pedal carries sustain; keep short written note
Liszt_Concert_Etude_S145_2_1,LisztConcert_Etude_S145_2,Liszt,Concert_Etude_S145_2,LisztConcert_Etude_S145_2:RH:78:4.125000:1,RH,78,4.125000,m.2 beat 1.125,1,0.125,0.125,0.0,0.208333333,normal,,,,,,,unmatched,0.125000;0.208333,key-release-grid+pedal-acoustic-grid;next-voice-onset,no,none,none,0.125,,routine; written duration follows score/readability
Liszt_Concert_Etude_S145_2_1,LisztConcert_Etude_S145_2,Liszt,Concert_Etude_S145_2,LisztConcert_Etude_S145_2:RH:78:40.000000:2,RH,78,40.000000,m.11 beat 1.000,2,0.125,0.25,0.125,0.125,normal,P1,1,67.0,0.25,0,0,labeled,0.125000,key-release-grid+next-voice-onset,no,release,none,0.25,notation-shortening,reference duration 0.25; shorten acoustic extension to 0.25 (score convention; pedal carries the tail)
Liszt_Concert_Etude_S145_2_1,LisztConcert_Etude_S145_2,Liszt,Concert_Etude_S145_2,LisztConcert_Etude_S145_2:RH:78:40.500000:2,RH,78,40.500000,m.11 beat 1.500,2,0.125,0.125,0.0,0.166666667,normal,P1,1,68.0,0.25,0,0,ambiguous-candidate,0.125000;0.166667,key-release-grid+pedal-acoustic-grid;next-voice-onset,no,release,none,0.25,notation-shortening,reference duration 0.25; shorten acoustic extension to 0.25 (score convention; pedal carries the tail)
Liszt_Concert_Etude_S145_2_1,LisztConcert_Etude_S145_2,Liszt,Concert_Etude_S145_2,LisztConcert_Etude_S145_2:RH:78:42.875000:2,RH,78,42.875000,m.11 beat 3.875,2,0.125,0.71875,0.59375,0.125,medium,,,,,,,unmatched,0.125000,key-release-grid+next-voice-onset,yes,hold,none,0.125,pedal-only,pedal carries sustain; keep short written note
Liszt_Concert_Etude_S145_2_1,LisztConcert_Etude_S145_2,Liszt,Concert_Etude_S145_2,LisztConcert_Etude_S145_2:RH:78:44.625000:2,RH,78,44.625000,m.12 beat 1.625,2,0.125,0.770833333,0.645833333,0.125,medium,,,,,,,unmatched,0.125000,key-release-grid+next-voice-onset,yes,hold,none,0.125,pedal-only,pedal carries sustain; keep short written note
Liszt_Concert_Etude_S145_2_1,LisztConcert_Etude_S145_2,Liszt,Concert_Etude_S145_2,LisztConcert_Etude_S145_2:RH:78:45.125000:2,RH,78,45.125000,m.12 beat 2.125,2,0.125,0.270833333,0.145833333,0.125,normal,,,,,,,unmatched,0.125000,key-release-grid+next-voice-onset,no,hold,none,0.125,,routine; written duration follows score/readability
Liszt_Concert_Etude_S145_2_1,LisztConcert_Etude_S145_2,Liszt,Concert_Etude_S145_2,LisztConcert_Etude_S145_2:RH:78:45.666667:2,RH,78,45.666667,m.12 beat 2.667,2,0.125,0.125,0.0,0.208333333,normal,P1,1,77.0,0.25,0,0,ambiguous-candidate,0.125000;0.208333,key-release-grid+pedal-acoustic-grid;next-voice-onset,no,none,none,0.25,notation-shortening,reference duration 0.25; shorten acoustic extension to 0.25 (score convention; pedal carries the tail)
Liszt_Concert_Etude_S145_2_1,LisztConcert_Etude_S145_2,Liszt,Concert_Etude_S145_2,LisztConcert_Etude_S145_2:RH:78:50.375000:2,RH,78,50.375000,m.13 beat 3.375,2,0.125,0.125,0.0,0.125,normal,P1,1,85.0,0.25,0,0,labeled,0.125000,key-release-grid+next-voice-onset+pedal-acoustic-grid,no,release,none,0.25,notation-shortening,reference duration 0.25; shorten acoustic extension to 0.25 (score convention; pedal carries the tail)
Liszt_Concert_Etude_S145_2_1,LisztConcert_Etude_S145_2,Liszt,Concert_Etude_S145_2,LisztConcert_Etude_S145_2:RH:78:56.875000:2,RH,78,56.875000,m.15 beat 1.875,2,0.125,1.6796875,1.5546875,0.25,medium,P1,5,96.0,0.5,0,0,reference-duration-not-candidate,0.125000;0.250000,key-release-grid;next-voice-onset,yes,hold,start,0.5,notation-shortening,reference duration 0.5; shorten acoustic extension to 0.5 (score convention; pedal carries the tail)
Liszt_Concert_Etude_S145_2_1,LisztConcert_Etude_S145_2,Liszt,Concert_Etude_S145_2,LisztConcert_Etude_S145_2:RH:78:57.125000:2,RH,78,57.125000,m.15 beat 2.125,2,0.125,1.4296875,1.3046875,0.375,medium,P1,5,96.5,0.5,0,0,labeled,0.125000;0.375000,key-release-grid;next-voice-onset,yes,hold,none,0.5,notation-shortening,reference duration 0.5; shorten acoustic extension to 0.5 (score convention; pedal carries the tail)
Liszt_Concert_Etude_S145_2_1,LisztConcert_Etude_S145_2,Liszt,Concert_Etude_S145_2,LisztConcert_Etude_S145_2:RH:78:57.500000:2,RH,78,57.500000,m.15 beat 2.500,2,0.125,1.0546875,0.9296875,0.25,medium,P1,5,97.0,0.5,0,0,reference-duration-not-candidate,0.125000;0.250000,key-release-grid;next-voice-onset,yes,hold,none,0.5,notation-shortening,reference duration 0.5; shorten acoustic extension to 0.5 (score convention; pedal carries the tail)
Liszt_Concert_Etude_S145_2_1,LisztConcert_Etude_S145_2,Liszt,Concert_Etude_S145_2,LisztConcert_Etude_S145_2:RH:78:57.750000:2,RH,78,57.750000,m.15 beat 2.750,2,0.125,0.8046875,0.6796875,0.25,medium,P1,5,97.5,0.5,0,0,reference-duration-not-candidate,0.125000;0.250000,key-release-grid;next-voice-onset,yes,hold,change,0.5,notation-shortening,reference duration 0.5; shorten acoustic extension to 0.5 (score convention; pedal carries the tail)
Liszt_Concert_Etude_S145_2_1,LisztConcert_Etude_S145_2,Liszt,Concert_Etude_S145_2,LisztConcert_Etude_S145_2:RH:78:58.000000:2,RH,78,58.000000,m.15 beat 3.000,2,0.125,0.5546875,0.4296875,0.125,medium,P1,5,98.0,0.5,0,0,reference-duration-not-candidate,0.125000,key-release-grid+next-voice-onset,yes,hold,none,0.5,notation-shortening,reference duration 0.5; shorten acoustic extension to 0.5 (score convention; pedal carries the tail)
Liszt_Concert_Etude_S145_2_1,LisztConcert_Etude_S145_2,Liszt,Concert_Etude_S145_2,LisztConcert_Etude_S145_2:RH:78:58.333333:2,RH,78,58.333333,m.15 beat 3.333,2,0.125,0.221354167,0.096354167,0.166666667,normal,P1,5,98.5,0.5,0,0,reference-duration-not-candidate,0.125000;0.166667,key-release-grid;next-voice-onset,no,change,none,0.5,notation-shortening,reference duration 0.5; shorten acoustic extension to 0.5 (score convention; pedal carries the tail)
Liszt_Concert_Etude_S145_2_1,LisztConcert_Etude_S145_2,Liszt,Concert_Etude_S145_2,LisztConcert_Etude_S145_2:RH:78:59.500000:2,RH,78,59.500000,m.15 beat 4.500,2,0.125,1.7265625,1.6015625,0.375,medium,P1,5,100.5,0.5,0,0,labeled,0.125000;0.375000,key-release-grid;next-voice-onset,yes,change,change,0.5,notation-shortening,reference duration 0.5; shorten acoustic extension to 0.5 (score convention; pedal carries the tail)
Liszt_Concert_Etude_S145_2_1,LisztConcert_Etude_S145_2,Liszt,Concert_Etude_S145_2,LisztConcert_Etude_S145_2:RH:78:59.875000:2,RH,78,59.875000,m.15 beat 4.875,2,0.125,1.3515625,1.2265625,0.125,medium,P1,5,101.0,0.5,0,0,reference-duration-not-candidate,0.125000,barline+key-release-grid+next-voice-onset,yes,hold,none,0.5,notation-shortening,reference duration 0.5; shorten acoustic extension to 0.5 (score convention; pedal carries the tail)
Liszt_Concert_Etude_S145_2_1,LisztConcert_Etude_S145_2,Liszt,Concert_Etude_S145_2,LisztConcert_Etude_S145_2:RH:78:60.125000:2,RH,78,60.125000,m.16 beat 1.125,2,0.125,1.1015625,0.9765625,0.125,medium,P1,5,101.5,0.5,0,0,reference-duration-not-candidate,0.125000,key-release-grid+next-voice-onset,yes,hold,none,0.5,notation-shortening,reference duration 0.5; shorten acoustic extension to 0.5 (score convention; pedal carries the tail)
Liszt_Concert_Etude_S145_2_1,LisztConcert_Etude_S145_2,Liszt,Concert_Etude_S145_2,LisztConcert_Etude_S145_2:RH:78:60.500000:2,RH,78,60.500000,m.16 beat 1.500,2,0.125,0.7265625,0.6015625,0.25,medium,P1,5,102.0,0.5,0,0,reference-duration-not-candidate,0.125000;0.250000,key-release-grid;next-voice-onset,yes,hold,change,0.5,notation-shortening,reference duration 0.5; shorten acoustic extension to 0.5 (score convention; pedal carries the tail)
Liszt_Concert_Etude_S145_2_1,LisztConcert_Etude_S145_2,Liszt,Concert_Etude_S145_2,LisztConcert_Etude_S145_2:RH:78:60.750000:2,RH,78,60.750000,m.16 beat 1.750,2,0.125,0.4765625,0.3515625,0.25,medium,P1,5,102.5,0.5,0,0,reference-duration-not-candidate,0.125000;0.250000,key-release-grid;next-voice-onset,yes,hold,none,0.5,notation-shortening,reference duration 0.5; shorten acoustic extension to 0.5 (score convention; pedal carries the tail)
Liszt_Concert_Etude_S145_2_1,LisztConcert_Etude_S145_2,Liszt,Concert_Etude_S145_2,LisztConcert_Etude_S145_2:RH:78:61.000000:2,RH,78,61.000000,m.16 beat 2.000,2,0.125,0.2265625,0.1015625,0.125,normal,P1,5,103.0,0.5,0,0,reference-duration-not-candidate,0.125000,key-release-grid+next-voice-onset,no,change,none,0.5,notation-shortening,reference duration 0.5; shorten acoustic extension to 0.5 (score convention; pedal carries the tail)
Liszt_Concert_Etude_S145_2_1,LisztConcert_Etude_S145_2,Liszt,Concert_Etude_S145_2,LisztConcert_Etude_S145_2:RH:78:62.250000:2,RH,78,62.250000,m.16 beat 3.250,2,0.125,0.778645833,0.653645833,0.375,medium,P1,5,105.0,0.5,0,0,labeled,0.125000;0.375000,key-release-grid;next-voice-onset,yes,change,change,0.5,notation-shortening,reference duration 0.5; shorten acoustic extension to 0.5 (score convention; pedal carries the tail)
Liszt_Concert_Etude_S145_2_1,LisztConcert_Etude_S145_2,Liszt,Concert_Etude_S145_2,LisztConcert_Etude_S145_2:RH:78:62.625000:2,RH,78,62.625000,m.16 beat 3.625,2,0.125,0.403645833,0.278645833,0.125,medium,P1,5,105.5,0.5,0,0,reference-duration-not-candidate,0.125000,key-release-grid+next-voice-onset,yes,hold,none,0.5,notation-shortening,reference duration 0.5; shorten acoustic extension to 0.5 (score convention; pedal carries the tail)
Liszt_Concert_Etude_S145_2_1,LisztConcert_Etude_S145_2,Liszt,Concert_Etude_S145_2,LisztConcert_Etude_S145_2:RH:78:62.875000:2,RH,78,62.875000,m.16 beat 3.875,2,0.125,0.153645833,0.028645833,0.25,normal,P1,5,106.0,0.5,0,0,reference-duration-not-candidate,0.125000;0.250000,key-release-grid+pedal-acoustic-grid;next-voice-onset+pedal-acoustic-grid,no,change,none,0.5,notation-shortening,reference duration 0.5; shorten acoustic extension to 0.5 (score convention; pedal carries the tail)
Liszt_Concert_Etude_S145_2_1,LisztConcert_Etude_S145_2,Liszt,Concert_Etude_S145_2,LisztConcert_Etude_S145_2:RH:78:77.625000:1,RH,78,77.625000,m.20 beat 2.625,1,0.125,0.125,0.0,0.25,normal,,,,,,,unmatched,0.125000;0.250000,key-release-grid+pedal-acoustic-grid;next-voice-onset,no,none,none,0.125,,routine; written duration follows score/readability
Liszt_Concert_Etude_S145_2_1,LisztConcert_Etude_S145_2,Liszt,Concert_Etude_S145_2,LisztConcert_Etude_S145_2:RH:78:83.500000:1,RH,78,83.500000,m.21 beat 4.500,1,0.125,0.588541667,0.463541667,0.125,medium,,,,,,,unmatched,0.125000,key-release-grid+next-voice-onset,yes,hold,none,0.125,pedal-only,pedal carries sustain; keep short written note
Liszt_Concert_Etude_S145_2_1,LisztConcert_Etude_S145_2,Liszt,Concert_Etude_S145_2,LisztConcert_Etude_S145_2:RH:78:83.750000:1,RH,78,83.750000,m.21 beat 4.750,1,0.125,0.338541667,0.213541667,0.375,normal,,,,,,,unmatched,0.125000;0.250000;0.333333;0.375000,barline+pedal-acoustic-grid;key-release-grid;next-voice-onset+pedal-acoustic-grid;pedal-acoustic-grid,no,hold,none,0.125,,routine; written duration follows score/readability
Liszt_Concert_Etude_S145_2_1,LisztConcert_Etude_S145_2,Liszt,Concert_Etude_S145_2,LisztConcert_Etude_S145_2:RH:78:84.125000:1,RH,78,84.125000,m.22 beat 1.125,1,0.125,0.125,0.0,0.208333333,normal,,,,,,,unmatched,0.125000;0.208333,key-release-grid+pedal-acoustic-grid;next-voice-onset,no,release,none,0.125,,routine; written duration follows score/readability
Liszt_Concert_Etude_S145_2_1,LisztConcert_Etude_S145_2,Liszt,Concert_Etude_S145_2,LisztConcert_Etude_S145_2:RH:78:84.333333:3,RH,78,84.333333,m.22 beat 1.333,3,0.125,0.125,0.0,0.416666667,normal,,,,,,,unmatched,0.125000;0.416667,key-release-grid+pedal-acoustic-grid;next-voice-onset,no,release,none,0.125,,routine; written duration follows score/readability
Liszt_Concert_Etude_S145_2_1,LisztConcert_Etude_S145_2,Liszt,Concert_Etude_S145_2,LisztConcert_Etude_S145_2:RH:78:89.625000:3,RH,78,89.625000,m.23 beat 2.625,3,0.125,0.6171875,0.4921875,0.25,medium,,,,,,,unmatched,0.125000;0.250000,key-release-grid;next-voice-onset,yes,hold,none,0.125,pedal-only,pedal carries sustain; keep short written note
Liszt_Concert_Etude_S145_2_1,LisztConcert_Etude_S145_2,Liszt,Concert_Etude_S145_2,LisztConcert_Etude_S145_2:RH:78:89.875000:3,RH,78,89.875000,m.23 beat 2.875,3,0.125,0.3671875,0.2421875,0.25,normal,,,,,,,unmatched,0.125000;0.250000,key-release-grid;next-voice-onset+pedal-acoustic-grid,no,hold,none,0.125,,routine; written duration follows score/readability
Liszt_Concert_Etude_S145_2_1,LisztConcert_Etude_S145_2,Liszt,Concert_Etude_S145_2,LisztConcert_Etude_S145_2:RH:78:90.125000:3,RH,78,90.125000,m.23 beat 3.125,3,0.125,0.125,0.0,0.25,normal,,,,,,,unmatched,0.125000;0.250000,key-release-grid+pedal-acoustic-grid;next-voice-onset,no,release,none,0.125,,routine; written duration follows score/readability
Liszt_Concert_Etude_S145_2_1,LisztConcert_Etude_S145_2,Liszt,Concert_Etude_S145_2,LisztConcert_Etude_S145_2:RH:78:90.375000:3,RH,78,90.375000,m.23 beat 3.375,3,0.125,0.125,0.0,0.125,normal,P1,1,148.5,0.5,0,0,reference-duration-not-candidate,0.125000,key-release-grid+next-voice-onset+pedal-acoustic-grid,no,release,change,0.5,notation-shortening,reference duration 0.5; shorten acoustic extension to 0.5 (score convention; pedal carries the tail)
Liszt_Concert_Etude_S145_2_1,LisztConcert_Etude_S145_2,Liszt,Concert_Etude_S145_2,LisztConcert_Etude_S145_2:RH:78:97.500000:1,RH,78,97.500000,m.25 beat 2.500,1,0.125,0.466145833,0.341145833,0.166666667,medium,P1,1,162.0,0.125,0,0,ambiguous-candidate,0.125000;0.166667,key-release-grid;next-voice-onset,yes,hold,change,0.125,,routine; written duration follows score/readability
Liszt_Concert_Etude_S145_2_1,LisztConcert_Etude_S145_2,Liszt,Concert_Etude_S145_2,LisztConcert_Etude_S145_2:RH:78:98.750000:3,RH,78,98.750000,m.25 beat 3.750,3,0.125,0.71875,0.59375,0.125,medium,P1,1,164.5,0.125,0,0,labeled,0.125000,key-release-grid+next-voice-onset,yes,change,none,0.125,,routine; written duration follows score/readability
Liszt_Concert_Etude_S145_2_1,LisztConcert_Etude_S145_2,Liszt,Concert_Etude_S145_2,LisztConcert_Etude_S145_2:RH:78:98.875000:3,RH,78,98.875000,m.25 beat 3.875,3,0.125,0.59375,0.46875,0.25,medium,P1,1,165.125,0.125,0,0,ambiguous-candidate,0.125000;0.250000,key-release-grid;next-voice-onset,yes,hold,start,0.125,,routine; written duration follows score/readability
Liszt_Concert_Etude_S145_2_1,LisztConcert_Etude_S145_2,Liszt,Concert_Etude_S145_2,LisztConcert_Etude_S145_2:RH:79:100.125000:1,RH,79,100.125000,m.26 beat 1.125,1,0.125,0.125,0.0,0.208333333,normal,P1,1,167.5,0.125,0,0,ambiguous-candidate,0.125000;0.208333,key-release-grid+pedal-acoustic-grid;next-voice-onset,no,change,none,0.125,,routine; written duration follows score/readability
Liszt_Concert_Etude_S145_2_1,LisztConcert_Etude_S145_2,Liszt,Concert_Etude_S145_2,LisztConcert_Etude_S145_2:RH:79:111.250000:3,RH,79,111.250000,m.28 beat 4.250,3,0.125,0.791666667,0.666666667,0.125,medium,,,,,,,unmatched,0.125000,key-release-grid+next-voice-onset,yes,change,none,0.125,pedal-only,pedal carries sustain; keep short written note
Liszt_Concert_Etude_S145_2_1,LisztConcert_Etude_S145_2,Liszt,Concert_Etude_S145_2,LisztConcert_Etude_S145_2:RH:79:112.875000:1,RH,79,112.875000,m.29 beat 1.875,1,0.125,0.125,0.0,0.125,normal,,,,,,,unmatched,0.125000,key-release-grid+next-voice-onset+pedal-acoustic-grid,no,change,none,0.125,,routine; written duration follows score/readability
Liszt_Concert_Etude_S145_2_1,LisztConcert_Etude_S145_2,Liszt,Concert_Etude_S145_2,LisztConcert_Etude_S145_2:RH:79:113.375000:2,RH,79,113.375000,m.29 beat 2.375,2,0.125,0.484375,0.359375,0.25,medium,P1,1,190.0,0.25,0,0,ambiguous-candidate,0.125000;0.250000,key-release-grid;next-voice-onset,yes,hold,none,0.25,notation-shortening,reference duration 0.25; shorten acoustic extension to 0.25 (score convention; pedal carries the tail)
Liszt_Concert_Etude_S145_2_1,LisztConcert_Etude_S145_2,Liszt,Concert_Etude_S145_2,LisztConcert_Etude_S145_2:RH:79:114.000000:2,RH,79,114.000000,m.29 beat 3.000,2,0.125,0.125,0.0,0.125,normal,P1,1,191.0,0.25,0,0,labeled,0.125000,key-release-grid+next-voice-onset+pedal-acoustic-grid,no,release,none,0.25,notation-shortening,reference duration 0.25; shorten acoustic extension to 0.25 (score convention; pedal carries the tail)
Liszt_Concert_Etude_S145_2_1,LisztConcert_Etude_S145_2,Liszt,Concert_Etude_S145_2,LisztConcert_Etude_S145_2:RH:79:116.250000:2,RH,79,116.250000,m.30 beat 1.250,2,0.125,0.815104167,0.690104167,0.125,medium,,,,,,,unmatched,0.125000,key-release-grid+next-voice-onset,yes,change,none,0.125,pedal-only,pedal carries sustain; keep short written note
Liszt_Concert_Etude_S145_2_1,LisztConcert_Etude_S145_2,Liszt,Concert_Etude_S145_2,LisztConcert_Etude_S145_2:RH:79:118.000000:2,RH,79,118.000000,m.30 beat 3.000,2,0.125,0.825520833,0.700520833,0.125,medium,,,,,,,unmatched,0.125000,key-release-grid+next-voice-onset,yes,change,none,0.125,pedal-only,pedal carries sustain; keep short written note
Liszt_Concert_Etude_S145_2_1,LisztConcert_Etude_S145_2,Liszt,Concert_Etude_S145_2,LisztConcert_Etude_S145_2:RH:79:118.500000:1,RH,79,118.500000,m.30 beat 3.500,1,0.125,0.325520833,0.200520833,0.166666667,normal,P1,1,199.0,0.25,0,0,ambiguous-candidate,0.125000;0.166667,key-release-grid;next-voice-onset,no,hold,none,0.25,notation-shortening,reference duration 0.25; shorten acoustic extension to 0.25 (score convention; pedal carries the tail)
Liszt_Concert_Etude_S145_2_1,LisztConcert_Etude_S145_2,Liszt,Concert_Etude_S145_2,LisztConcert_Etude_S145_2:RH:79:119.000000:1,RH,79,119.000000,m.30 beat 4.000,1,0.125,0.125,0.0,0.125,normal,P1,1,200.0,0.25,0,0,labeled,0.125000,key-release-grid+next-voice-onset+pedal-acoustic-grid,no,release,none,0.25,notation-shortening,reference duration 0.25; shorten acoustic extension to 0.25 (score convention; pedal carries the tail)
Liszt_Concert_Etude_S145_2_1,LisztConcert_Etude_S145_2,Liszt,Concert_Etude_S145_2,LisztConcert_Etude_S145_2:RH:79:123.625000:1,RH,79,123.625000,m.31 beat 4.625,1,0.125,0.15625,0.03125,0.25,normal,P1,1,208.0,0.25,0,0,ambiguous-candidate,0.125000;0.250000,key-release-grid+pedal-acoustic-grid;next-voice-onset+pedal-acoustic-grid,no,release,none,0.25,notation-shortening,reference duration 0.25; shorten acoustic extension to 0.25 (score convention; pedal carries the tail)
Liszt_Concert_Etude_S145_2_1,LisztConcert_Etude_S145_2,Liszt,Concert_Etude_S145_2,LisztConcert_Etude_S145_2:RH:79:129.875000:2,RH,79,129.875000,m.33 beat 2.875,2,0.125,1.5859375,1.4609375,0.375,medium,P1,5,219.0,0.5,0,0,labeled,0.125000;0.375000,key-release-grid;next-voice-onset,yes,hold,start,0.5,notation-shortening,reference duration 0.5; shorten acoustic extension to 0.5 (score convention; pedal carries the tail)
Liszt_Concert_Etude_S145_2_1,LisztConcert_Etude_S145_2,Liszt,Concert_Etude_S145_2,LisztConcert_Etude_S145_2:RH:79:130.250000:2,RH,79,130.250000,m.33 beat 3.250,2,0.125,1.2109375,1.0859375,0.25,medium,P1,5,219.5,0.5,0,0,reference-duration-not-candidate,0.125000;0.250000,key-release-grid;next-voice-onset,yes,hold,none,0.5,notation-shortening,reference duration 0.5; shorten acoustic extension to 0.5 (score convention; pedal carries the tail)
Liszt_Concert_Etude_S145_2_1,LisztConcert_Etude_S145_2,Liszt,Concert_Etude_S145_2,LisztConcert_Etude_S145_2:RH:79:130.500000:2,RH,79,130.500000,m.33 beat 3.500,2,0.125,0.9609375,0.8359375,0.25,medium,P1,5,220.0,0.5,0,0,reference-duration-not-candidate,0.125000;0.250000,key-release-grid;next-voice-onset,yes,hold,none,0.5,notation-shortening,reference duration 0.5; shorten acoustic extension to 0.5 (score convention; pedal carries the tail)
Liszt_Concert_Etude_S145_2_1,LisztConcert_Etude_S145_2,Liszt,Concert_Etude_S145_2,LisztConcert_Etude_S145_2:RH:79:130.750000:2,RH,79,130.750000,m.33 beat 3.750,2,0.125,0.7109375,0.5859375,0.125,medium,P1,5,220.5,0.5,0,0,reference-duration-not-candidate,0.125000,key-release-grid+next-voice-onset,yes,hold,change,0.5,notation-shortening,reference duration 0.5; shorten acoustic extension to 0.5 (score convention; pedal carries the tail)
Liszt_Concert_Etude_S145_2_1,LisztConcert_Etude_S145_2,Liszt,Concert_Etude_S145_2,LisztConcert_Etude_S145_2:RH:79:131.125000:2,RH,79,131.125000,m.33 beat 4.125,2,0.125,0.3359375,0.2109375,0.208333333,normal,P1,5,221.0,0.5,0,0,reference-duration-not-candidate,0.125000;0.208333,key-release-grid;next-voice-onset,no,hold,none,0.5,notation-shortening,reference duration 0.5; shorten acoustic extension to 0.5 (score convention; pedal carries the tail)
Liszt_Concert_Etude_S145_2_1,LisztConcert_Etude_S145_2,Liszt,Concert_Etude_S145_2,LisztConcert_Etude_S145_2:RH:79:131.333333:2,RH,79,131.333333,m.33 beat 4.333,2,0.125,0.127604167,0.002604167,0.291666667,normal,P1,5,221.5,0.5,0,0,reference-duration-not-candidate,0.125000;0.250000;0.291667,key-release-grid+pedal-acoustic-grid;next-voice-onset;pedal-acoustic-grid,no,change,none,0.5,notation-shortening,reference duration 0.5; shorten acoustic extension to 0.5 (score convention; pedal carries the tail)
Liszt_Concert_Etude_S145_2_1,LisztConcert_Etude_S145_2,Liszt,Concert_Etude_S145_2,LisztConcert_Etude_S145_2:RH:79:132.500000:1,RH,79,132.500000,m.34 beat 1.500,1,0.125,1.5390625,1.4140625,0.375,medium,P1,5,223.5,0.5,0,0,labeled,0.125000;0.375000,key-release-grid;next-voice-onset,yes,change,change,0.5,notation-shortening,reference duration 0.5; shorten acoustic extension to 0.5 (score convention; pedal carries the tail)
Liszt_Concert_Etude_S145_2_1,LisztConcert_Etude_S145_2,Liszt,Concert_Etude_S145_2,LisztConcert_Etude_S145_2:RH:79:132.875000:1,RH,79,132.875000,m.34 beat 1.875,1,0.125,1.1640625,1.0390625,0.25,medium,P1,5,224.0,0.5,0,0,reference-duration-not-candidate,0.125000;0.250000,key-release-grid;next-voice-onset,yes,hold,none,0.5,notation-shortening,reference duration 0.5; shorten acoustic extension to 0.5 (score convention; pedal carries the tail)
Liszt_Concert_Etude_S145_2_1,LisztConcert_Etude_S145_2,Liszt,Concert_Etude_S145_2,LisztConcert_Etude_S145_2:RH:79:133.125000:1,RH,79,133.125000,m.34 beat 2.125,1,0.125,0.9140625,0.7890625,0.25,medium,P1,5,224.5,0.5,0,0,reference-duration-not-candidate,0.125000;0.250000,key-release-grid;next-voice-onset,yes,hold,none,0.5,notation-shortening,reference duration 0.5; shorten acoustic extension to 0.5 (score convention; pedal carries the tail)
Liszt_Concert_Etude_S145_2_1,LisztConcert_Etude_S145_2,Liszt,Concert_Etude_S145_2,LisztConcert_Etude_S145_2:RH:79:133.375000:1,RH,79,133.375000,m.34 beat 2.375,1,0.125,0.6640625,0.5390625,0.125,medium,P1,5,225.0,0.5,0,0,reference-duration-not-candidate,0.125000,key-release-grid+next-voice-onset,yes,hold,change,0.5,notation-shortening,reference duration 0.5; shorten acoustic extension to 0.5 (score convention; pedal carries the tail)
Liszt_Concert_Etude_S145_2_1,LisztConcert_Etude_S145_2,Liszt,Concert_Etude_S145_2,LisztConcert_Etude_S145_2:RH:79:133.666667:1,RH,79,133.666667,m.34 beat 2.667,1,0.125,0.372395833,0.247395833,0.208333333,normal,P1,5,225.5,0.5,0,0,reference-duration-not-candidate,0.125000;0.208333,key-release-grid;next-voice-onset,no,hold,none,0.5,notation-shortening,reference duration 0.5; shorten acoustic extension to 0.5 (score convention; pedal carries the tail)
Liszt_Concert_Etude_S145_2_1,LisztConcert_Etude_S145_2,Liszt,Concert_Etude_S145_2,LisztConcert_Etude_S145_2:RH:79:134.000000:3,RH,79,134.000000,m.34 beat 3.000,3,0.125,0.125,0.0,0.25,normal,P1,5,226.0,0.5,0,0,reference-duration-not-candidate,0.125000;0.250000,key-release-grid+pedal-acoustic-grid;next-voice-onset,no,release,none,0.5,notation-shortening,reference duration 0.5; shorten acoustic extension to 0.5 (score convention; pedal carries the tail)
Liszt_Concert_Etude_S145_2_1,LisztConcert_Etude_S145_2,Liszt,Concert_Etude_S145_2,LisztConcert_Etude_S145_2:RH:79:135.125000:3,RH,79,135.125000,m.34 beat 4.125,3,0.125,0.830729167,0.705729167,0.25,medium,P1,5,228.0,0.5,0,0,reference-duration-not-candidate,0.125000;0.250000,key-release-grid;next-voice-onset,yes,change,change,0.5,notation-shortening,reference duration 0.5; shorten acoustic extension to 0.5 (score convention; pedal carries the tail)
Liszt_Concert_Etude_S145_2_1,LisztConcert_Etude_S145_2,Liszt,Concert_Etude_S145_2,LisztConcert_Etude_S145_2:RH:79:135.375000:3,RH,79,135.375000,m.34 beat 4.375,3,0.125,0.580729167,0.455729167,0.125,medium,P1,5,228.5,0.5,0,0,reference-duration-not-candidate,0.125000,key-release-grid+next-voice-onset,yes,hold,none,0.5,notation-shortening,reference duration 0.5; shorten acoustic extension to 0.5 (score convention; pedal carries the tail)
Liszt_Concert_Etude_S145_2_1,LisztConcert_Etude_S145_2,Liszt,Concert_Etude_S145_2,LisztConcert_Etude_S145_2:RH:79:135.750000:3,RH,79,135.750000,m.34 beat 4.750,3,0.125,0.205729167,0.080729167,0.25,normal,P1,5,229.0,0.5,0,0,reference-duration-not-candidate,0.125000;0.250000,barline+next-voice-onset+pedal-acoustic-grid;key-release-grid,no,change,none,0.5,notation-shortening,reference duration 0.5; shorten acoustic extension to 0.5 (score convention; pedal carries the tail)
Liszt_Concert_Etude_S145_2_1,LisztConcert_Etude_S145_2,Liszt,Concert_Etude_S145_2,LisztConcert_Etude_S145_2:RH:79:16.375000:2,RH,79,16.375000,m.5 beat 1.375,2,0.125,0.427083333,0.302083333,0.291666667,medium,,,,,,,unmatched,0.125000;0.291667,key-release-grid;next-voice-onset,yes,hold,none,0.125,pedal-only,pedal carries sustain; keep short written note
Liszt_Concert_Etude_S145_2_1,LisztConcert_Etude_S145_2,Liszt,Concert_Etude_S145_2,LisztConcert_Etude_S145_2:RH:79:26.500000:2,RH,79,26.500000,m.7 beat 3.500,2,0.125,0.125,0.0,0.25,normal,P1,1,44.5,0.125,0,0,ambiguous-candidate,0.125000;0.250000,key-release-grid+pedal-acoustic-grid;next-voice-onset,no,none,none,0.125,,routine; written duration follows score/readability
Liszt_Concert_Etude_S145_2_1,LisztConcert_Etude_S145_2,Liszt,Concert_Etude_S145_2,LisztConcert_Etude_S145_2:RH:79:49.000000:2,RH,79,49.000000,m.13 beat 2.000,2,0.125,0.713541667,0.588541667,0.125,medium,,,,,,,unmatched,0.125000,key-release-grid+next-voice-onset,yes,hold,none,0.125,pedal-only,pedal carries sustain; keep short written note
Liszt_Concert_Etude_S145_2_1,LisztConcert_Etude_S145_2,Liszt,Concert_Etude_S145_2,LisztConcert_Etude_S145_2:RH:79:50.125000:2,RH,79,50.125000,m.13 beat 3.125,2,0.125,0.125,0.0,0.25,normal,P1,1,84.5,0.25,0,0,ambiguous-candidate,0.125000;0.250000,key-release-grid+pedal-acoustic-grid;next-voice-onset,no,release,none,0.25,notation-shortening,reference duration 0.25; shorten acoustic extension to 0.25 (score convention; pedal carries the tail)
Liszt_Concert_Etude_S145_2_1,LisztConcert_Etude_S145_2,Liszt,Concert_Etude_S145_2,LisztConcert_Etude_S145_2:RH:79:50.500000:2,RH,79,50.500000,m.13 beat 3.500,2,0.125,0.125,0.0,0.166666667,normal,P1,1,85.25,0.25,0,0,ambiguous-candidate,0.125000;0.166667,key-release-grid+pedal-acoustic-grid;next-voice-onset,no,none,stop,0.25,notation-shortening,reference duration 0.25; shorten acoustic extension to 0.25 (score convention; pedal carries the tail)
Liszt_Concert_Etude_S145_2_1,LisztConcert_Etude_S145_2,Liszt,Concert_Etude_S145_2,LisztConcert_Etude_S145_2:RH:79:55.750000:2,RH,79,55.750000,m.14 beat 4.750,2,0.125,0.153645833,0.028645833,0.125,normal,P1,1,94.0,0.25,0,0,labeled,0.125000,key-release-grid+next-voice-onset+pedal-acoustic-grid,no,release,none,0.25,notation-shortening,reference duration 0.25; shorten acoustic extension to 0.25 (score convention; pedal carries the tail)
Liszt_Concert_Etude_S145_2_1,LisztConcert_Etude_S145_2,Liszt,Concert_Etude_S145_2,LisztConcert_Etude_S145_2:RH:79:63.125000:2,RH,79,63.125000,m.16 beat 4.125,2,0.125,0.778645833,0.653645833,0.375,medium,P1,5,106.5,0.5,0,0,labeled,0.125000;0.375000,key-release-grid;next-voice-onset,yes,change,change,0.5,notation-shortening,reference duration 0.5; shorten acoustic extension to 0.5 (score convention; pedal carries the tail)
Liszt_Concert_Etude_S145_2_1,LisztConcert_Etude_S145_2,Liszt,Concert_Etude_S145_2,LisztConcert_Etude_S145_2:RH:79:63.500000:2,RH,79,63.500000,m.16 beat 4.500,2,0.125,0.403645833,0.278645833,0.125,medium,P1,5,107.0,0.5,0,0,reference-duration-not-candidate,0.125000,key-release-grid+next-voice-onset,yes,hold,none,0.5,notation-shortening,reference duration 0.5; shorten acoustic extension to 0.5 (score convention; pedal carries the tail)
Liszt_Concert_Etude_S145_2_1,LisztConcert_Etude_S145_2,Liszt,Concert_Etude_S145_2,LisztConcert_Etude_S145_2:RH:79:63.750000:2,RH,79,63.750000,m.16 beat 4.750,2,0.125,0.153645833,0.028645833,0.375,normal,P1,5,107.5,0.5,0,0,labeled,0.125000;0.250000;0.375000,barline+pedal-acoustic-grid;key-release-grid+pedal-acoustic-grid;next-voice-onset,no,change,none,0.5,notation-shortening,reference duration 0.5; shorten acoustic extension to 0.5 (score convention; pedal carries the tail)
Liszt_Concert_Etude_S145_2_1,LisztConcert_Etude_S145_2,Liszt,Concert_Etude_S145_2,LisztConcert_Etude_S145_2:RH:79:98.666667:1,RH,79,98.666667,m.25 beat 3.667,1,0.125,0.125,0.0,0.208333333,normal,,,,,,,unmatched,0.125000;0.208333,key-release-grid+pedal-acoustic-grid;next-voice-onset,no,change,none,0.125,,routine; written duration follows score/readability
Liszt_Concert_Etude_S145_2_1,LisztConcert_Etude_S145_2,Liszt,Concert_Etude_S145_2,LisztConcert_Etude_S145_2:RH:80:100.333333:1,RH,80,100.333333,m.26 beat 1.333,1,0.125,0.580729167,0.455729167,1.0,medium,P1,1,168.0,0.125,0,0,labeled,0.125000;0.500000;0.625000;0.666667;1.000000,key-release-grid;next-voice-onset;pedal-acoustic-grid,yes,change,change,0.125,,routine; written duration follows score/readability
Liszt_Concert_Etude_S145_2_1,LisztConcert_Etude_S145_2,Liszt,Concert_Etude_S145_2,LisztConcert_Etude_S145_2:RH:80:101.500000:1,RH,80,101.500000,m.26 beat 2.500,1,0.125,0.125,0.0,0.25,normal,P1,1,170.5,0.125,0,0,ambiguous-candidate,0.125000;0.250000,key-release-grid+pedal-acoustic-grid;next-voice-onset,no,change,none,0.125,,routine; written duration follows score/readability
Liszt_Concert_Etude_S145_2_1,LisztConcert_Etude_S145_2,Liszt,Concert_Etude_S145_2,LisztConcert_Etude_S145_2:RH:80:101.750000:1,RH,80,101.750000,m.26 beat 2.750,1,0.125,0.575520833,0.450520833,0.375,medium,P1,1,171.125,0.125,0,0,labeled,0.125000;0.375000,key-release-grid;next-voice-onset,yes,hold,change,0.125,,routine; written duration follows score/readability
Liszt_Concert_Etude_S145_2_1,LisztConcert_Etude_S145_2,Liszt,Concert_Etude_S145_2,LisztConcert_Etude_S145_2:RH:80:103.333333:1,RH,80,103.333333,m.26 beat 4.333,1,0.125,0.453125,0.328125,0.166666667,medium,P1,1,174.125,0.125,0,0,ambiguous-candidate,0.125000;0.166667,key-release-grid;next-voice-onset,yes,hold,change,0.125,,routine; written duration follows score/readability
Liszt_Concert_Etude_S145_2_1,LisztConcert_Etude_S145_2,Liszt,Concert_Etude_S145_2,LisztConcert_Etude_S145_2:RH:80:104.750000:1,RH,80,104.750000,m.27 beat 1.750,1,0.125,0.5234375,0.3984375,0.25,medium,P1,1,177.125,0.125,0,0,ambiguous-candidate,0.125000;0.250000,key-release-grid;next-voice-onset,yes,hold,change,0.125,,routine; written duration follows score/readability
Liszt_Concert_Etude_S145_2_1,LisztConcert_Etude_S145_2,Liszt,Concert_Etude_S145_2,LisztConcert_Etude_S145_2:RH:80:122.250000:1,RH,80,122.250000,m.31 beat 3.250,1,0.125,0.817708333,0.692708333,0.125,medium,,,,,,,unmatched,0.125000,key-release-grid+next-voice-onset,yes,hold,none,0.125,pedal-only,pedal carries sustain; keep short written note
Liszt_Concert_Etude_S145_2_1,LisztConcert_Etude_S145_2,Liszt,Concert_Etude_S145_2,LisztConcert_Etude_S145_2:RH:80:123.375000:1,RH,80,123.375000,m.31 beat 4.375,1,0.125,0.40625,0.28125,0.125,medium,,,,,,,unmatched,0.125000,key-release-grid+next-voice-onset,yes,hold,none,0.125,pedal-only,pedal carries sustain; keep short written note
Liszt_Concert_Etude_S145_2_1,LisztConcert_Etude_S145_2,Liszt,Concert_Etude_S145_2,LisztConcert_Etude_S145_2:RH:80:123.875000:1,RH,80,123.875000,m.31 beat 4.875,1,0.125,0.125,0.0,0.25,normal,P1,1,208.25,0.25,0,0,ambiguous-candidate,0.125000;0.250000,barline+key-release-grid+pedal-acoustic-grid;next-voice-onset,no,release,stop,0.25,notation-shortening,reference duration 0.25; shorten acoustic extension to 0.25 (score convention; pedal carries the tail)
Liszt_Concert_Etude_S145_2_1,LisztConcert_Etude_S145_2,Liszt,Concert_Etude_S145_2,LisztConcert_Etude_S145_2:RH:80:128.875000:2,RH,80,128.875000,m.33 beat 1.875,2,0.125,0.125,0.0,0.125,normal,P1,1,217.0,0.25,0,0,labeled,0.125000,key-release-grid+next-voice-onset+pedal-acoustic-grid,no,release,none,0.25,notation-shortening,reference duration 0.25; shorten acoustic extension to 0.25 (score convention; pedal carries the tail)
Liszt_Concert_Etude_S145_2_1,LisztConcert_Etude_S145_2,Liszt,Concert_Etude_S145_2,LisztConcert_Etude_S145_2:RH:80:136.000000:3,RH,80,136.000000,m.35 beat 1.000,3,0.125,0.752604167,0.627604167,0.125,medium,P1,5,229.5,0.5,0,0,reference-duration-not-candidate,0.125000,key-release-grid+next-voice-onset,yes,change,change,0.5,notation-shortening,reference duration 0.5; shorten acoustic extension to 0.5 (score convention; pedal carries the tail)
Liszt_Concert_Etude_S145_2_1,LisztConcert_Etude_S145_2,Liszt,Concert_Etude_S145_2,LisztConcert_Etude_S145_2:RH:80:136.333333:3,RH,80,136.333333,m.35 beat 1.333,3,0.125,0.419270833,0.294270833,0.291666667,medium,P1,5,230.0,0.5,0,0,reference-duration-not-candidate,0.125000;0.291667,key-release-grid;next-voice-onset,yes,hold,none,0.5,notation-shortening,reference duration 0.5; shorten acoustic extension to 0.5 (score convention; pedal carries the tail)
Liszt_Concert_Etude_S145_2_1,LisztConcert_Etude_S145_2,Liszt,Concert_Etude_S145_2,LisztConcert_Etude_S145_2:RH:80:136.625000:3,RH,80,136.625000,m.35 beat 1.625,3,0.125,0.127604167,0.002604167,0.125,normal,P1,5,230.5,0.5,0,0,reference-duration-not-candidate,0.125000,key-release-grid+next-voice-onset+pedal-acoustic-grid,no,change,none,0.5,notation-shortening,reference duration 0.5; shorten acoustic extension to 0.5 (score convention; pedal carries the tail)
Liszt_Concert_Etude_S145_2_1,LisztConcert_Etude_S145_2,Liszt,Concert_Etude_S145_2,LisztConcert_Etude_S145_2:RH:80:15.875000:2,RH,80,15.875000,m.4 beat 4.875,2,0.125,0.125,0.0,0.375,normal,,,,,,,unmatched,0.125000;0.375000,barline+key-release-grid+pedal-acoustic-grid;next-voice-onset,no,change,none,0.125,,routine; written duration follows score/readability
Liszt_Concert_Etude_S145_2_1,LisztConcert_Etude_S145_2,Liszt,Concert_Etude_S145_2,LisztConcert_Etude_S145_2:RH:80:22.000000:2,RH,80,22.000000,m.6 beat 3.000,2,0.125,0.125,0.0,0.375,normal,,,,,,,unmatched,0.125000;0.375000,key-release-grid+pedal-acoustic-grid;next-voice-onset,no,none,none,0.125,,routine; written duration follows score/readability
Liszt_Concert_Etude_S145_2_1,LisztConcert_Etude_S145_2,Liszt,Concert_Etude_S145_2,LisztConcert_Etude_S145_2:RH:80:26.750000:2,RH,80,26.750000,m.7 beat 3.750,2,0.125,0.565104167,0.440104167,0.25,medium,P1,1,45.0,0.125,0,0,ambiguous-candidate,0.125000;0.250000,key-release-grid;next-voice-onset,yes,change,change,0.125,,routine; written duration follows score/readability
Liszt_Concert_Etude_S145_2_1,LisztConcert_Etude_S145_2,Liszt,Concert_Etude_S145_2,LisztConcert_Etude_S145_2:RH:80:28.000000:1,RH,80,28.000000,m.8 beat 1.000,1,0.125,0.125,0.0,0.25,normal,P1,1,47.5,0.125,0,0,ambiguous-candidate,0.125000;0.250000,key-release-grid+pedal-acoustic-grid;next-voice-onset,no,change,none,0.125,,routine; written duration follows score/readability
Liszt_Concert_Etude_S145_2_1,LisztConcert_Etude_S145_2,Liszt,Concert_Etude_S145_2,LisztConcert_Etude_S145_2:RH:80:28.250000:1,RH,80,28.250000,m.8 beat 1.250,1,0.125,0.46875,0.34375,0.25,medium,P1,1,48.125,0.125,0,0,ambiguous-candidate,0.125000;0.250000,key-release-grid;next-voice-onset,yes,hold,change,0.125,,routine; written duration follows score/readability
Liszt_Concert_Etude_S145_2_1,LisztConcert_Etude_S145_2,Liszt,Concert_Etude_S145_2,LisztConcert_Etude_S145_2:RH:80:29.750000:1,RH,80,29.750000,m.8 beat 2.750,1,0.125,0.533854167,0.408854167,0.25,medium,P1,1,51.125,0.125,0,0,ambiguous-candidate,0.125000;0.250000,key-release-grid;next-voice-onset,yes,hold,change,0.125,,routine; written duration follows score/readability
Liszt_Concert_Etude_S145_2_1,LisztConcert_Etude_S145_2,Liszt,Concert_Etude_S145_2,LisztConcert_Etude_S145_2:RH:80:31.250000:1,RH,80,31.250000,m.8 beat 4.250,1,0.125,0.541666667,0.416666667,0.125,medium,P1,1,54.125,0.125,0,0,labeled,0.125000,key-release-grid+next-voice-onset,yes,hold,change,0.125,,routine; written duration follows score/readability
Liszt_Concert_Etude_S145_2_1,LisztConcert_Etude_S145_2,Liszt,Concert_Etude_S145_2,LisztConcert_Etude_S145_2:RH:80:37.500000:2,RH,80,37.500000,m.10 beat 2.500,2,0.125,0.125,0.0,0.166666667,normal,,,,,,,unmatched,0.125000;0.166667,key-release-grid+pedal-acoustic-grid;next-voice-onset,no,change,none,0.125,,routine; written duration follows score/readability
Liszt_Concert_Etude_S145_2_1,LisztConcert_Etude_S145_2,Liszt,Concert_Etude_S145_2,LisztConcert_Etude_S145_2:RH:80:38.250000:2,RH,80,38.250000,m.10 beat 3.250,2,0.125,0.197916667,0.072916667,0.125,normal,,,,,,,unmatched,0.125000,key-release-grid+next-voice-onset,no,release,none,0.125,,routine; written duration follows score/readability
Liszt_Concert_Etude_S145_2_1,LisztConcert_Etude_S145_2,Liszt,Concert_Etude_S145_2,LisztConcert_Etude_S145_2:RH:80:39.250000:2,RH,80,39.250000,m.10 beat 4.250,2,0.125,0.125,0.0,0.125,normal,,,,,,,unmatched,0.125000,key-release-grid+next-voice-onset+pedal-acoustic-grid,no,change,none,0.125,,routine; written duration follows score/readability
Liszt_Concert_Etude_S145_2_1,LisztConcert_Etude_S145_2,Liszt,Concert_Etude_S145_2,LisztConcert_Etude_S145_2:RH:80:4.375000:2,RH,80,4.375000,m.2 beat 1.375,2,0.125,0.125,0.0,0.291666667,normal,P1,1,4.5,0.5,0,0,reference-duration-not-candidate,0.125000;0.291667,key-release-grid+pedal-acoustic-grid;next-voice-onset,no,none,none,0.5,notation-shortening,reference duration 0.5; shorten acoustic extension to 0.5 (score convention; pedal carries the tail)
Liszt_Concert_Etude_S145_2_1,LisztConcert_Etude_S145_2,Liszt,Concert_Etude_S145_2,LisztConcert_Etude_S145_2:RH:80:4.666667:2,RH,80,4.666667,m.2 beat 1.667,2,0.125,0.125,0.0,0.833333333,normal,,,,,,,unmatched,0.125000;0.833333,key-release-grid+pedal-acoustic-grid;next-voice-onset,no,none,none,0.125,,routine; written duration follows score/readability
Liszt_Concert_Etude_S145_2_1,LisztConcert_Etude_S145_2,Liszt,Concert_Etude_S145_2,LisztConcert_Etude_S145_2:RH:80:40.666667:2,RH,80,40.666667,m.11 beat 1.667,2,0.125,0.125,0.0,0.208333333,normal,P1,1,68.25,0.25,0,0,ambiguous-candidate,0.125000;0.208333,key-release-grid+pedal-acoustic-grid;next-voice-onset,no,none,none,0.25,notation-shortening,reference duration 0.25; shorten acoustic extension to 0.25 (score convention; pedal carries the tail)
Liszt_Concert_Etude_S145_2_1,LisztConcert_Etude_S145_2,Liszt,Concert_Etude_S145_2,LisztConcert_Etude_S145_2:RH:80:42.666667:2,RH,80,42.666667,m.11 beat 3.667,2,0.125,0.125,0.0,0.208333333,normal,,,,,,,unmatched,0.125000;0.208333,key-release-grid+pedal-acoustic-grid;next-voice-onset,no,change,none,0.125,,routine; written duration follows score/readability
Liszt_Concert_Etude_S145_2_1,LisztConcert_Etude_S145_2,Liszt,Concert_Etude_S145_2,LisztConcert_Etude_S145_2:RH:80:43.333333:1,RH,80,43.333333,m.11 beat 4.333,1,0.125,0.260416667,0.135416667,0.166666667,normal,,,,,,,unmatched,0.125000;0.166667,key-release-grid;next-voice-onset,no,hold,none,0.125,,routine; written duration follows score/readability
Liszt_Concert_Etude_S145_2_1,LisztConcert_Etude_S145_2,Liszt,Concert_Etude_S145_2,LisztConcert_Etude_S145_2:RH:80:44.333333:3,RH,80,44.333333,m.12 beat 1.333,3,0.125,0.125,0.0,0.291666667,normal,,,,,,,unmatched,0.125000;0.291667,key-release-grid+pedal-acoustic-grid;next-voice-onset,no,none,none,0.125,,routine; written duration follows score/readability
Liszt_Concert_Etude_S145_2_1,LisztConcert_Etude_S145_2,Liszt,Concert_Etude_S145_2,LisztConcert_Etude_S145_2:RH:80:45.875000:2,RH,80,45.875000,m.12 beat 2.875,2,0.125,0.125,0.0,0.125,normal,P1,1,77.25,0.25,0,0,labeled,0.125000,key-release-grid+next-voice-onset+pedal-acoustic-grid,no,none,none,0.25,notation-shortening,reference duration 0.25; shorten acoustic extension to 0.25 (score convention; pedal carries the tail)
Liszt_Concert_Etude_S145_2_1,LisztConcert_Etude_S145_2,Liszt,Concert_Etude_S145_2,LisztConcert_Etude_S145_2:RH:80:5.500000:2,RH,80,5.500000,m.2 beat 2.500,2,0.125,0.125,0.0,0.875,normal,,,,,,,unmatched,0.125000;0.875000,key-release-grid+pedal-acoustic-grid;next-voice-onset,no,none,none,0.125,,routine; written duration follows score/readability
Liszt_Concert_Etude_S145_2_1,LisztConcert_Etude_S145_2,Liszt,Concert_Etude_S145_2,LisztConcert_Etude_S145_2:RH:80:50.666667:2,RH,80,50.666667,m.13 beat 3.667,2,0.125,0.125,0.0,0.958333333,normal,P1,1,85.5,0.25,0,0,labeled,0.125000;0.958333,key-release-grid+pedal-acoustic-grid;next-voice-onset,no,none,stop,0.25,notation-shortening,reference duration 0.25; shorten acoustic extension to 0.25 (score convention; pedal carries the tail)
Liszt_Concert_Etude_S145_2_1,LisztConcert_Etude_S145_2,Liszt,Concert_Etude_S145_2,LisztConcert_Etude_S145_2:RH:80:54.333333:1,RH,80,54.333333,m.14 beat 3.333,1,0.125,0.7421875,0.6171875,0.541666667,medium,,,,,,,unmatched,0.125000;0.541667,key-release-grid;next-voice-onset,yes,hold,none,0.125,pedal-only,pedal carries sustain; keep short written note
Liszt_Concert_Etude_S145_2_1,LisztConcert_Etude_S145_2,Liszt,Concert_Etude_S145_2,LisztConcert_Etude_S145_2:RH:80:55.500000:2,RH,80,55.500000,m.14 beat 4.500,2,0.125,0.403645833,0.278645833,0.25,medium,P1,1,93.5,0.25,0,0,ambiguous-candidate,0.125000;0.250000,key-release-grid;next-voice-onset,yes,hold,none,0.25,notation-shortening,reference duration 0.25; shorten acoustic extension to 0.25 (score convention; pedal carries the tail)
Liszt_Concert_Etude_S145_2_1,LisztConcert_Etude_S145_2,Liszt,Concert_Etude_S145_2,LisztConcert_Etude_S145_2:RH:80:55.875000:2,RH,80,55.875000,m.14 beat 4.875,2,0.125,0.125,0.0,0.125,normal,P1,1,94.25,0.25,0,0,labeled,0.125000,barline+key-release-grid+next-voice-onset+pedal-acoustic-grid,no,release,none,0.25,notation-shortening,reference duration 0.25; shorten acoustic extension to 0.25 (score convention; pedal carries the tail)
Liszt_Concert_Etude_S145_2_1,LisztConcert_Etude_S145_2,Liszt,Concert_Etude_S145_2,LisztConcert_Etude_S145_2:RH:80:58.625000:2,RH,80,58.625000,m.15 beat 3.625,2,0.125,0.8046875,0.6796875,0.125,medium,P1,5,99.0,0.5,0,0,reference-duration-not-candidate,0.125000,key-release-grid+next-voice-onset,yes,change,change,0.5,notation-shortening,reference duration 0.5; shorten acoustic extension to 0.5 (score convention; pedal carries the tail)
Liszt_Concert_Etude_S145_2_1,LisztConcert_Etude_S145_2,Liszt,Concert_Etude_S145_2,LisztConcert_Etude_S145_2:RH:80:6.375000:2,RH,80,6.375000,m.2 beat 3.375,2,0.125,0.125,0.0,5.291666667,normal,,,,,,,unmatched,0.125000;1.625000;5.291667,barline;key-release-grid+pedal-acoustic-grid;next-voice-onset,no,none,none,0.125,,routine; written duration follows score/readability
Liszt_Concert_Etude_S145_2_1,LisztConcert_Etude_S145_2,Liszt,Concert_Etude_S145_2,LisztConcert_Etude_S145_2:RH:80:61.333333:3,RH,80,61.333333,m.16 beat 2.333,3,0.125,0.8671875,0.7421875,0.166666667,medium,P1,5,103.5,0.5,0,0,reference-duration-not-candidate,0.125000;0.166667,key-release-grid;next-voice-onset,yes,change,change,0.5,notation-shortening,reference duration 0.5; shorten acoustic extension to 0.5 (score convention; pedal carries the tail)
Liszt_Concert_Etude_S145_2_1,LisztConcert_Etude_S145_2,Liszt,Concert_Etude_S145_2,LisztConcert_Etude_S145_2:RH:80:64.125000:2,RH,80,64.125000,m.17 beat 1.125,2,0.125,0.666666667,0.541666667,0.25,medium,P1,5,108.0,0.5,0,0,reference-duration-not-candidate,0.125000;0.250000,key-release-grid;next-voice-onset,yes,hold,change,0.5,notation-shortening,reference duration 0.5; shorten acoustic extension to 0.5 (score convention; pedal carries the tail)
Liszt_Concert_Etude_S145_2_1,LisztConcert_Etude_S145_2,Liszt,Concert_Etude_S145_2,LisztConcert_Etude_S145_2:RH:80:64.375000:2,RH,80,64.375000,m.17 beat 1.375,2,0.125,0.416666667,0.291666667,0.125,medium,P1,5,108.5,0.5,0,0,reference-duration-not-candidate,0.125000,key-release-grid+next-voice-onset,yes,hold,none,0.5,notation-shortening,reference duration 0.5; shorten acoustic extension to 0.5 (score convention; pedal carries the tail)
Liszt_Concert_Etude_S145_2_1,LisztConcert_Etude_S145_2,Liszt,Concert_Etude_S145_2,LisztConcert_Etude_S145_2:RH:80:64.625000:2,RH,80,64.625000,m.17 beat 1.625,2,0.125,0.166666667,0.041666667,0.25,normal,P1,5,109.0,0.5,0,0,reference-duration-not-candidate,0.125000;0.250000,key-release-grid+pedal-acoustic-grid;next-voice-onset+pedal-acoustic-grid,no,change,none,0.5,notation-shortening,reference duration 0.5; shorten acoustic extension to 0.5 (score convention; pedal carries the tail)
Liszt_Concert_Etude_S145_2_1,LisztConcert_Etude_S145_2,Liszt,Concert_Etude_S145_2,LisztConcert_Etude_S145_2:RH:80:67.875000:2,RH,80,67.875000,m.17 beat 4.875,2,0.125,0.84375,0.71875,42.875,medium,P1,5,114.0,0.5,0,0,reference-duration-not-candidate,0.125000;0.750000;0.875000;1.000000;42.875000,barline+key-release-grid;next-voice-onset;pedal-acoustic-grid,yes,change,none,0.5,notation-shortening,reference duration 0.5; shorten acoustic extension to 0.5 (score convention; pedal carries the tail)
Liszt_Concert_Etude_S145_2_1,LisztConcert_Etude_S145_2,Liszt,Concert_Etude_S145_2,LisztConcert_Etude_S145_2:RH:80:7.500000:1,RH,80,7.500000,m.2 beat 4.500,1,0.125,0.125,0.0,0.5,normal,,,,,,,unmatched,0.125000;0.500000,barline+next-voice-onset;key-release-grid+pedal-acoustic-grid,no,none,none,0.125,,routine; written duration follows score/readability
Liszt_Concert_Etude_S145_2_1,LisztConcert_Etude_S145_2,Liszt,Concert_Etude_S145_2,LisztConcert_Etude_S145_2:RH:80:70.750000:3,RH,80,70.750000,m.18 beat 3.750,3,0.125,0.5625,0.4375,0.125,medium,P1,5,117.375,0.125,0,0,labeled,0.125000,key-release-grid+next-voice-onset,yes,hold,none,0.125,,routine; written duration follows score/readability
Liszt_Concert_Etude_S145_2_1,LisztConcert_Etude_S145_2,Liszt,Concert_Etude_S145_2,LisztConcert_Etude_S145_2:RH:80:71.250000:3,RH,80,71.250000,m.18 beat 4.250,3,0.125,0.125,0.0,0.125,normal,P1,1,117.875,0.125,0,0,labeled,0.125000,key-release-grid+next-voice-onset+pedal-acoustic-grid,no,change,none,0.125,,routine; written duration follows score/readability
Liszt_Concert_Etude_S145_2_1,LisztConcert_Etude_S145_2,Liszt,Concert_Etude_S145_2,LisztConcert_Etude_S145_2:RH:80:78.000000:1,RH,80,78.000000,m.20 beat 3.000,1,0.125,0.125,0.0,0.25,normal,,,,,,,unmatched,0.125000;0.250000,key-release-grid+pedal-acoustic-grid;next-voice-onset,no,none,none,0.125,,routine; written duration follows score/readability
Liszt_Concert_Etude_S145_2_1,LisztConcert_Etude_S145_2,Liszt,Concert_Etude_S145_2,LisztConcert_Etude_S145_2:RH:80:78.250000:1,RH,80,78.250000,m.20 beat 3.250,1,0.125,0.125,0.0,0.125,normal,,,,,,,unmatched,0.125000,key-release-grid+next-voice-onset+pedal-acoustic-grid,no,none,none,0.125,,routine; written duration follows score/readability
Liszt_Concert_Etude_S145_2_1,LisztConcert_Etude_S145_2,Liszt,Concert_Etude_S145_2,LisztConcert_Etude_S145_2:RH:80:79.000000:3,RH,80,79.000000,m.20 beat 4.000,3,0.125,0.125,0.0,0.25,normal,,,,,,,unmatched,0.125000;0.250000,key-release-grid+pedal-acoustic-grid;next-voice-onset,no,none,none,0.125,,routine; written duration follows score/readability
Liszt_Concert_Etude_S145_2_1,LisztConcert_Etude_S145_2,Liszt,Concert_Etude_S145_2,LisztConcert_Etude_S145_2:RH:80:79.875000:3,RH,80,79.875000,m.20 beat 4.875,3,0.125,0.125,0.0,4.458333333,normal,,,,,,,unmatched,0.125000;4.458333,barline+key-release-grid+pedal-acoustic-grid;next-voice-onset,no,none,none,0.125,,routine; written duration follows score/readability
Liszt_Concert_Etude_S145_2_1,LisztConcert_Etude_S145_2,Liszt,Concert_Etude_S145_2,LisztConcert_Etude_S145_2:RH:80:80.875000:1,RH,80,80.875000,m.21 beat 1.875,1,0.125,0.125,0.0,0.458333333,normal,,,,,,,unmatched,0.125000;0.458333,key-release-grid+pedal-acoustic-grid;next-voice-onset,no,none,none,0.125,,routine; written duration follows score/readability
Liszt_Concert_Etude_S145_2_1,LisztConcert_Etude_S145_2,Liszt,Concert_Etude_S145_2,LisztConcert_Etude_S145_2:RH:80:82.500000:1,RH,80,82.500000,m.21 beat 3.500,1,0.125,0.125,0.0,0.75,normal,,,,,,,unmatched,0.125000;0.750000,key-release-grid+pedal-acoustic-grid;next-voice-onset,no,none,none,0.125,,routine; written duration follows score/readability
Liszt_Concert_Etude_S145_2_1,LisztConcert_Etude_S145_2,Liszt,Concert_Etude_S145_2,LisztConcert_Etude_S145_2:RH:80:89.333333:3,RH,80,89.333333,m.23 beat 2.333,3,0.125,0.908854167,0.783854167,0.291666667,medium,,,,,,,unmatched,0.125000;0.291667,key-release-grid;next-voice-onset,yes,change,none,0.125,pedal-only,pedal carries sustain; keep short written note
Liszt_Concert_Etude_S145_2_1,LisztConcert_Etude_S145_2,Liszt,Concert_Etude_S145_2,LisztConcert_Etude_S145_2:RH:80:9.250000:1,RH,80,9.250000,m.3 beat 2.250,1,0.125,0.125,0.0,0.625,normal,,,,,,,unmatched,0.125000;0.625000,key-release-grid+pedal-acoustic-grid;next-voice-onset,no,none,none,0.125,,routine; written duration follows score/readability
Liszt_Concert_Etude_S145_2_1,LisztConcert_Etude_S145_2,Liszt,Concert_Etude_S145_2,LisztConcert_Etude_S145_2:RH:80:95.500000:1,RH,80,95.500000,m.24 beat 4.500,1,0.125,0.125,0.0,0.375,normal,,,,,,,unmatched,0.125000;0.375000,key-release-grid+pedal-acoustic-grid;next-voice-onset,no,none,none,0.125,,routine; written duration follows score/readability
Liszt_Concert_Etude_S145_2_1,LisztConcert_Etude_S145_2,Liszt,Concert_Etude_S145_2,LisztConcert_Etude_S145_2:RH:81:10.375000:1,RH,81,10.375000,m.3 beat 3.375,1,0.125,0.268229167,0.143229167,0.291666667,normal,,,,,,,unmatched,0.125000;0.250000;0.291667,key-release-grid;next-voice-onset;pedal-acoustic-grid,no,hold,none,0.125,,routine; written duration follows score/readability
Liszt_Concert_Etude_S145_2_1,LisztConcert_Etude_S145_2,Liszt,Concert_Etude_S145_2,LisztConcert_Etude_S145_2:RH:81:104.500000:1,RH,81,104.500000,m.27 beat 1.500,1,0.125,0.125,0.0,0.25,normal,P1,1,176.5,0.125,0,0,ambiguous-candidate,0.125000;0.250000,key-release-grid+pedal-acoustic-grid;next-voice-onset,no,change,none,0.125,,routine; written duration follows score/readability
Liszt_Concert_Etude_S145_2_1,LisztConcert_Etude_S145_2,Liszt,Concert_Etude_S145_2,LisztConcert_Etude_S145_2:RH:81:105.625000:1,RH,81,105.625000,m.27 beat 2.625,1,0.125,0.658854167,0.533854167,0.125,medium,P1,1,178.625,0.125,0,0,labeled,0.125000,key-release-grid+next-voice-onset,yes,hold,change,0.125,,routine; written duration follows score/readability
Liszt_Concert_Etude_S145_2_1,LisztConcert_Etude_S145_2,Liszt,Concert_Etude_S145_2,LisztConcert_Etude_S145_2:RH:81:106.500000:1,RH,81,106.500000,m.27 beat 3.500,1,0.125,0.692708333,0.567708333,0.25,medium,P1,1,180.125,0.125,0,0,ambiguous-candidate,0.125000;0.250000,key-release-grid;next-voice-onset,yes,hold,change,0.125,,routine; written duration follows score/readability
Liszt_Concert_Etude_S145_2_1,LisztConcert_Etude_S145_2,Liszt,Concert_Etude_S145_2,LisztConcert_Etude_S145_2:RH:81:108.750000:3,RH,81,108.750000,m.28 beat 1.750,3,0.125,2.442708333,2.317708333,0.875,medium,,,,,,,unmatched,0.125000;0.875000,key-release-grid;next-voice-onset,yes,hold,none,0.125,pedal-only,pedal carries sustain; keep short written note
Liszt_Concert_Etude_S145_2_1,LisztConcert_Etude_S145_2,Liszt,Concert_Etude_S145_2,LisztConcert_Etude_S145_2:RH:81:111.125000:3,RH,81,111.125000,m.28 beat 4.125,3,0.125,0.125,0.0,0.125,normal,,,,,,,unmatched,0.125000,key-release-grid+next-voice-onset+pedal-acoustic-grid,no,change,none,0.125,,routine; written duration follows score/readability
Liszt_Concert_Etude_S145_2_1,LisztConcert_Etude_S145_2,Liszt,Concert_Etude_S145_2,LisztConcert_Etude_S145_2:RH:81:111.750000:3,RH,81,111.750000,m.28 beat 4.750,3,0.125,0.291666667,0.166666667,0.125,normal,,,,,,,unmatched,0.125000,key-release-grid+next-voice-onset,no,hold,none,0.125,,routine; written duration follows score/readability
Liszt_Concert_Etude_S145_2_1,LisztConcert_Etude_S145_2,Liszt,Concert_Etude_S145_2,LisztConcert_Etude_S145_2:RH:81:112.750000:1,RH,81,112.750000,m.29 beat 1.750,1,0.125,0.125,0.0,0.125,normal,,,,,,,unmatched,0.125000,key-release-grid+next-voice-onset+pedal-acoustic-grid,no,none,none,0.125,,routine; written duration follows score/readability
Liszt_Concert_Etude_S145_2_1,LisztConcert_Etude_S145_2,Liszt,Concert_Etude_S145_2,LisztConcert_Etude_S145_2:RH:81:114.125000:2,RH,81,114.125000,m.29 beat 3.125,2,0.125,0.125,0.0,0.125,normal,P1,1,191.25,0.25,0,0,labeled,0.125000,key-release-grid+next-voice-onset+pedal-acoustic-grid,no,none,none,0.25,notation-shortening,reference duration 0.25; shorten acoustic extension to 0.25 (score convention; pedal carries the tail)
Liszt_Concert_Etude_S145_2_1,LisztConcert_Etude_S145_2,Liszt,Concert_Etude_S145_2,LisztConcert_Etude_S145_2:RH:81:116.125000:2,RH,81,116.125000,m.30 beat 1.125,2,0.125,0.125,0.0,0.125,normal,,,,,,,unmatched,0.125000,key-release-grid+next-voice-onset+pedal-acoustic-grid,no,change,none,0.125,,routine; written duration follows score/readability
Liszt_Concert_Etude_S145_2_1,LisztConcert_Etude_S145_2,Liszt,Concert_Etude_S145_2,LisztConcert_Etude_S145_2:RH:81:116.750000:2,RH,81,116.750000,m.30 beat 1.750,2,0.125,0.315104167,0.190104167,0.125,normal,,,,,,,unmatched,0.125000,key-release-grid+next-voice-onset,no,hold,none,0.125,,routine; written duration follows score/readability
Liszt_Concert_Etude_S145_2_1,LisztConcert_Etude_S145_2,Liszt,Concert_Etude_S145_2,LisztConcert_Etude_S145_2:RH:81:117.750000:1,RH,81,117.750000,m.30 beat 2.750,1,0.125,0.125,0.0,0.25,normal,,,,,,,unmatched,0.125000;0.250000,key-release-grid+pedal-acoustic-grid;next-voice-onset,no,none,none,0.125,,routine; written duration follows score/readability
Liszt_Concert_Etude_S145_2_1,LisztConcert_Etude_S145_2,Liszt,Concert_Etude_S145_2,LisztConcert_Etude_S145_2:RH:81:119.125000:1,RH,81,119.125000,m.30 beat 4.125,1,0.125,0.125,0.0,0.208333333,normal,P1,1,200.25,0.25,0,0,ambiguous-candidate,0.125000;0.208333,key-release-grid+pedal-acoustic-grid;next-voice-onset,no,change,none,0.25,notation-shortening,reference duration 0.25; shorten acoustic extension to 0.25 (score convention; pedal carries the tail)
Liszt_Concert_Etude_S145_2_1,LisztConcert_Etude_S145_2,Liszt,Concert_Etude_S145_2,LisztConcert_Etude_S145_2:RH:81:120.333333:2,RH,81,120.333333,m.31 beat 1.333,2,0.125,0.890625,0.765625,0.166666667,medium,,,,,,,unmatched,0.125000;0.166667,key-release-grid;next-voice-onset,yes,change,none,0.125,pedal-only,pedal carries sustain; keep short written note
Liszt_Concert_Etude_S145_2_1,LisztConcert_Etude_S145_2,Liszt,Concert_Etude_S145_2,LisztConcert_Etude_S145_2:RH:81:123.875000:1,RH,81,123.875000,m.31 beat 4.875,1,0.125,0.125,0.0,0.25,normal,P1,1,208.5,0.25,0,0,ambiguous-candidate,0.125000;0.250000,barline+key-release-grid+pedal-acoustic-grid;next-voice-onset,no,release,stop,0.25,notation-shortening,reference duration 0.25; shorten acoustic extension to 0.25 (score convention; pedal carries the tail)
Liszt_Concert_Etude_S145_2_1,LisztConcert_Etude_S145_2,Liszt,Concert_Etude_S145_2,LisztConcert_Etude_S145_2:RH:81:127.375000:3,RH,81,127.375000,m.32 beat 4.375,3,0.125,0.78125,0.65625,0.125,medium,,,,,,,unmatched,0.125000,key-release-grid+next-voice-onset,yes,change,none,0.125,pedal-only,pedal carries sustain; keep short written note
Liszt_Concert_Etude_S145_2_1,LisztConcert_Etude_S145_2,Liszt,Concert_Etude_S145_2,LisztConcert_Etude_S145_2:RH:81:128.500000:2,RH,81,128.500000,m.33 beat 1.500,2,0.125,0.4453125,0.3203125,0.375,medium,P1,1,216.5,0.25,0,0,ambiguous-candidate,0.125000;0.333333;0.375000,key-release-grid;next-voice-onset;pedal-acoustic-grid,yes,hold,none,0.25,notation-shortening,reference duration 0.25; shorten acoustic extension to 0.25 (score convention; pedal carries the tail)
Liszt_Concert_Etude_S145_2_1,LisztConcert_Etude_S145_2,Liszt,Concert_Etude_S145_2,LisztConcert_Etude_S145_2:RH:81:129.000000:2,RH,81,129.000000,m.33 beat 2.000,2,0.125,0.125,0.0,0.125,normal,P1,1,217.25,0.25,0,0,labeled,0.125000,key-release-grid+next-voice-onset+pedal-acoustic-grid,no,release,stop,0.25,notation-shortening,reference duration 0.25; shorten acoustic extension to 0.25 (score convention; pedal carries the tail)
Liszt_Concert_Etude_S145_2_1,LisztConcert_Etude_S145_2,Liszt,Concert_Etude_S145_2,LisztConcert_Etude_S145_2:RH:81:131.625000:3,RH,81,131.625000,m.33 beat 4.625,3,0.125,0.809895833,0.684895833,0.125,medium,P1,5,222.0,0.5,0,0,reference-duration-not-candidate,0.125000,key-release-grid+next-voice-onset,yes,change,change,0.5,notation-shortening,reference duration 0.5; shorten acoustic extension to 0.5 (score convention; pedal carries the tail)
Liszt_Concert_Etude_S145_2_1,LisztConcert_Etude_S145_2,Liszt,Concert_Etude_S145_2,LisztConcert_Etude_S145_2:RH:81:134.250000:1,RH,81,134.250000,m.34 beat 3.250,1,0.125,0.739583333,0.614583333,0.125,medium,P1,5,226.5,0.5,0,0,reference-duration-not-candidate,0.125000,key-release-grid+next-voice-onset,yes,release,change,0.5,notation-shortening,reference duration 0.5; shorten acoustic extension to 0.5 (score convention; pedal carries the tail)
Liszt_Concert_Etude_S145_2_1,LisztConcert_Etude_S145_2,Liszt,Concert_Etude_S145_2,LisztConcert_Etude_S145_2:RH:81:136.875000:3,RH,81,136.875000,m.35 beat 1.875,3,0.125,0.744791667,0.619791667,0.125,medium,P1,5,231.0,0.5,0,0,reference-duration-not-candidate,0.125000,key-release-grid+next-voice-onset,yes,hold,change,0.5,notation-shortening,reference duration 0.5; shorten acoustic extension to 0.5 (score convention; pedal carries the tail)
Liszt_Concert_Etude_S145_2_1,LisztConcert_Etude_S145_2,Liszt,Concert_Etude_S145_2,LisztConcert_Etude_S145_2:RH:81:137.250000:2,RH,81,137.250000,m.35 beat 2.250,2,0.125,0.369791667,0.244791667,0.25,normal,P1,5,231.5,0.5,0,0,reference-duration-not-candidate,0.125000;0.250000,key-release-grid;next-voice-onset+pedal-acoustic-grid,no,hold,none,0.5,notation-shortening,reference duration 0.5; shorten acoustic extension to 0.5 (score convention; pedal carries the tail)
Liszt_Concert_Etude_S145_2_1,LisztConcert_Etude_S145_2,Liszt,Concert_Etude_S145_2,LisztConcert_Etude_S145_2:RH:81:137.500000:2,RH,81,137.500000,m.35 beat 2.500,2,0.125,0.125,0.0,0.25,normal,P1,5,232.0,0.5,0,0,reference-duration-not-candidate,0.125000;0.250000,key-release-grid+pedal-acoustic-grid;next-voice-onset,no,change,none,0.5,notation-shortening,reference duration 0.5; shorten acoustic extension to 0.5 (score convention; pedal carries the tail)
Liszt_Concert_Etude_S145_2_1,LisztConcert_Etude_S145_2,Liszt,Concert_Etude_S145_2,LisztConcert_Etude_S145_2:RH:81:140.750000:4,RH,81,140.750000,m.36 beat 1.750,4,0.125,0.869791667,0.744791667,0.125,medium,P1,5,237.0,0.5,0,0,reference-duration-not-candidate,0.125000,key-release-grid+next-voice-onset,yes,change,stop,0.5,notation-shortening,reference duration 0.5; shorten acoustic extension to 0.5 (score convention; pedal carries the tail)
Liszt_Concert_Etude_S145_2_1,LisztConcert_Etude_S145_2,Liszt,Concert_Etude_S145_2,LisztConcert_Etude_S145_2:RH:81:143.500000:4,RH,81,143.500000,m.36 beat 4.500,4,0.125,0.653645833,0.528645833,0.166666667,medium,P1,5,240.375,0.125,0,0,ambiguous-candidate,0.125000;0.166667,key-release-grid;next-voice-onset,yes,hold,none,0.125,,routine; written duration follows score/readability
Liszt_Concert_Etude_S145_2_1,LisztConcert_Etude_S145_2,Liszt,Concert_Etude_S145_2,LisztConcert_Etude_S145_2:RH:81:144.000000:4,RH,81,144.000000,m.37 beat 1.000,4,0.125,0.153645833,0.028645833,0.125,normal,P1,1,240.875,0.125,0,0,labeled,0.125000,key-release-grid+next-voice-onset+pedal-acoustic-grid,no,change,none,0.125,,routine; written duration follows score/readability
Liszt_Concert_Etude_S145_2_1,LisztConcert_Etude_S145_2,Liszt,Concert_Etude_S145_2,LisztConcert_Etude_S145_2:RH:81:16.333333:1,RH,81,16.333333,m.5 beat 1.333,1,0.125,0.46875,0.34375,0.333333333,medium,,,,,,,unmatched,0.125000;0.333333,key-release-grid;next-voice-onset+pedal-acoustic-grid,yes,hold,none,0.125,pedal-only,pedal carries sustain; keep short written note
Liszt_Concert_Etude_S145_2_1,LisztConcert_Etude_S145_2,Liszt,Concert_Etude_S145_2,LisztConcert_Etude_S145_2:RH:81:16.375000:2,RH,81,16.375000,m.5 beat 1.375,2,0.125,0.427083333,0.302083333,0.291666667,medium,,,,,,,unmatched,0.125000;0.291667,key-release-grid;next-voice-onset,yes,hold,none,0.125,pedal-only,pedal carries sustain; keep short written note
Liszt_Concert_Etude_S145_2_1,LisztConcert_Etude_S145_2,Liszt,Concert_Etude_S145_2,LisztConcert_Etude_S145_2:RH:81:22.375000:2,RH,81,22.375000,m.6 beat 3.375,2,0.125,0.5859375,0.4609375,0.291666667,medium,P1,1,36.0,0.125,0,0,labeled,0.125000;0.291667,key-release-grid;next-voice-onset,yes,hold,change,0.125,,routine; written duration follows score/readability
Liszt_Concert_Etude_S145_2_1,LisztConcert_Etude_S145_2,Liszt,Concert_Etude_S145_2,LisztConcert_Etude_S145_2:RH:81:23.625000:2,RH,81,23.625000,m.6 beat 4.625,2,0.125,0.125,0.0,0.25,normal,P1,1,38.625,0.125,0,0,ambiguous-candidate,0.125000;0.250000,key-release-grid+pedal-acoustic-grid;next-voice-onset,no,change,none,0.125,,routine; written duration follows score/readability
Liszt_Concert_Etude_S145_2_1,LisztConcert_Etude_S145_2,Liszt,Concert_Etude_S145_2,LisztConcert_Etude_S145_2:RH:81:29.500000:1,RH,81,29.500000,m.8 beat 2.500,1,0.125,0.125,0.0,0.25,normal,P1,1,50.5,0.125,0,0,ambiguous-candidate,0.125000;0.250000,key-release-grid+pedal-acoustic-grid;next-voice-onset,no,change,none,0.125,,routine; written duration follows score/readability
Liszt_Concert_Etude_S145_2_1,LisztConcert_Etude_S145_2,Liszt,Concert_Etude_S145_2,LisztConcert_Etude_S145_2:RH:81:32.000000:1,RH,81,32.000000,m.9 beat 1.000,1,0.125,0.760416667,0.635416667,0.25,medium,P1,1,55.625,0.125,0,0,ambiguous-candidate,0.125000;0.250000,key-release-grid;next-voice-onset,yes,hold,none,0.125,,routine; written duration follows score/readability
Liszt_Concert_Etude_S145_2_1,LisztConcert_Etude_S145_2,Liszt,Concert_Etude_S145_2,LisztConcert_Etude_S145_2:RH:81:33.000000:1,RH,81,33.000000,m.9 beat 2.000,1,0.125,0.7109375,0.5859375,0.25,medium,P1,1,57.125,0.125,0,0,ambiguous-candidate,0.125000;0.250000,key-release-grid;next-voice-onset,yes,hold,change,0.125,,routine; written duration follows score/readability
Liszt_Concert_Etude_S145_2_1,LisztConcert_Etude_S145_2,Liszt,Concert_Etude_S145_2,LisztConcert_Etude_S145_2:RH:81:35.250000:1,RH,81,35.250000,m.9 beat 4.250,1,0.125,2.341145833,2.216145833,0.75,medium,,,,,,,unmatched,0.125000;0.750000,barline+next-voice-onset;key-release-grid,yes,hold,none,0.125,pedal-only,pedal carries sustain; keep short written note
Liszt_Concert_Etude_S145_2_1,LisztConcert_Etude_S145_2,Liszt,Concert_Etude_S145_2,LisztConcert_Etude_S145_2:RH:81:36.875000:2,RH,81,36.875000,m.10 beat 1.875,2,0.125,0.716145833,0.591145833,0.125,medium,,,,,,,unmatched,0.125000,key-release-grid+next-voice-onset,yes,hold,none,0.125,pedal-only,pedal carries sustain; keep short written note
Liszt_Concert_Etude_S145_2_1,LisztConcert_Etude_S145_2,Liszt,Concert_Etude_S145_2,LisztConcert_Etude_S145_2:RH:81:37.375000:2,RH,81,37.375000,m.10 beat 2.375,2,0.125,0.216145833,0.091145833,0.125,normal,,,,,,,unmatched,0.125000,key-release-grid+next-voice-onset,no,change,none,0.125,,routine; written duration follows score/readability
Liszt_Concert_Etude_S145_2_1,LisztConcert_Etude_S145_2,Liszt,Concert_Etude_S145_2,LisztConcert_Etude_S145_2:RH:81:37.875000:2,RH,81,37.875000,m.10 beat 2.875,2,0.125,0.572916667,0.447916667,0.125,medium,P1,1,63.25,0.25,0,0,labeled,0.125000,key-release-grid+next-voice-onset,yes,hold,change,0.25,notation-shortening,reference duration 0.25; shorten acoustic extension to 0.25 (score convention; pedal carries the tail)
Liszt_Concert_Etude_S145_2_1,LisztConcert_Etude_S145_2,Liszt,Concert_Etude_S145_2,LisztConcert_Etude_S145_2:RH:81:38.375000:2,RH,81,38.375000,m.10 beat 3.375,2,0.125,0.125,0.0,0.25,normal,,,,,,,unmatched,0.125000;0.250000,key-release-grid+pedal-acoustic-grid;next-voice-onset,no,release,none,0.125,,routine; written duration follows score/readability
Liszt_Concert_Etude_S145_2_1,LisztConcert_Etude_S145_2,Liszt,Concert_Etude_S145_2,LisztConcert_Etude_S145_2:RH:81:4.333333:1,RH,81,4.333333,m.2 beat 1.333,1,0.125,0.125,0.0,0.333333333,normal,,,,,,,unmatched,0.125000;0.333333,key-release-grid+pedal-acoustic-grid;next-voice-onset,no,none,none,0.125,,routine; written duration follows score/readability
Liszt_Concert_Etude_S145_2_1,LisztConcert_Etude_S145_2,Liszt,Concert_Etude_S145_2,LisztConcert_Etude_S145_2:RH:81:4.666667:1,RH,81,4.666667,m.2 beat 1.667,1,0.125,0.125,0.0,0.208333333,normal,,,,,,,unmatched,0.125000;0.208333,key-release-grid+pedal-acoustic-grid;next-voice-onset,no,none,none,0.125,,routine; written duration follows score/readability
Liszt_Concert_Etude_S145_2_1,LisztConcert_Etude_S145_2,Liszt,Concert_Etude_S145_2,LisztConcert_Etude_S145_2:RH:81:40.875000:2,RH,81,40.875000,m.11 beat 1.875,2,0.125,1.2109375,1.0859375,0.125,medium,P1,1,68.5,0.25,0,0,labeled,0.125000,key-release-grid+next-voice-onset,yes,change,none,0.25,notation-shortening,reference duration 0.25; shorten acoustic extension to 0.25 (score convention; pedal carries the tail)
Liszt_Concert_Etude_S145_2_1,LisztConcert_Etude_S145_2,Liszt,Concert_Etude_S145_2,LisztConcert_Etude_S145_2:RH:81:42.000000:2,RH,81,42.000000,m.11 beat 3.000,2,0.125,0.125,0.0,0.125,normal,,,,,,,unmatched,0.125000,key-release-grid+next-voice-onset+pedal-acoustic-grid,no,release,none,0.125,,routine; written duration follows score/readability
Liszt_Concert_Etude_S145_2_1,LisztConcert_Etude_S145_2,Liszt,Concert_Etude_S145_2,LisztConcert_Etude_S145_2:RH:81:42.500000:2,RH,81,42.500000,m.11 beat 3.500,2,0.125,0.125,0.0,0.166666667,normal,,,,,,,unmatched,0.125000;0.166667,key-release-grid+pedal-acoustic-grid;next-voice-onset,no,none,none,0.125,,routine; written duration follows score/readability
Liszt_Concert_Etude_S145_2_1,LisztConcert_Etude_S145_2,Liszt,Concert_Etude_S145_2,LisztConcert_Etude_S145_2:RH:81:43.000000:2,RH,81,43.000000,m.11 beat 4.000,2,0.125,0.59375,0.46875,0.125,medium,P1,1,72.25,0.25,0,0,labeled,0.125000,key-release-grid+next-voice-onset,yes,hold,change,0.25,notation-shortening,reference duration 0.25; shorten acoustic extension to 0.25 (score convention; pedal carries the tail)
Liszt_Concert_Etude_S145_2_1,LisztConcert_Etude_S145_2,Liszt,Concert_Etude_S145_2,LisztConcert_Etude_S145_2:RH:81:43.500000:1,RH,81,43.500000,m.11 beat 4.500,1,0.125,0.125,0.0,0.166666667,normal,,,,,,,unmatched,0.125000;0.166667,key-release-grid+pedal-acoustic-grid;next-voice-onset,no,release,none,0.125,,routine; written duration follows score/readability
Liszt_Concert_Etude_S145_2_1,LisztConcert_Etude_S145_2,Liszt,Concert_Etude_S145_2,LisztConcert_Etude_S145_2:RH:81:46.000000:2,RH,81,46.000000,m.12 beat 3.000,2,0.125,0.125,0.0,0.125,normal,P1,1,77.5,0.25,0,0,labeled,0.125000,key-release-grid+next-voice-onset+pedal-acoustic-grid,no,change,none,0.25,notation-shortening,reference duration 0.25; shorten acoustic extension to 0.25 (score convention; pedal carries the tail)
Liszt_Concert_Etude_S145_2_1,LisztConcert_Etude_S145_2,Liszt,Concert_Etude_S145_2,LisztConcert_Etude_S145_2:RH:81:46.875000:2,RH,81,46.875000,m.12 beat 3.875,2,0.125,0.203125,0.078125,0.125,normal,,,,,,,unmatched,0.125000,key-release-grid+next-voice-onset,no,change,none,0.125,,routine; written duration follows score/readability
Liszt_Concert_Etude_S145_2_1,LisztConcert_Etude_S145_2,Liszt,Concert_Etude_S145_2,LisztConcert_Etude_S145_2:RH:81:50.750000:3,RH,81,50.750000,m.13 beat 3.750,3,0.125,0.125,0.0,0.25,normal,P1,1,85.75,0.25,0,0,ambiguous-candidate,0.125000;0.250000,key-release-grid+pedal-acoustic-grid;next-voice-onset,no,none,stop,0.25,notation-shortening,reference duration 0.25; shorten acoustic extension to 0.25 (score convention; pedal carries the tail)
Liszt_Concert_Etude_S145_2_1,LisztConcert_Etude_S145_2,Liszt,Concert_Etude_S145_2,LisztConcert_Etude_S145_2:RH:81:52.250000:2,RH,81,52.250000,m.14 beat 1.250,2,0.125,0.125,0.0,0.25,normal,,,,,,,unmatched,0.125000;0.250000,key-release-grid+pedal-acoustic-grid;next-voice-onset,no,change,none,0.125,,routine; written duration follows score/readability
Liszt_Concert_Etude_S145_2_1,LisztConcert_Etude_S145_2,Liszt,Concert_Etude_S145_2,LisztConcert_Etude_S145_2:RH:81:56.000000:2,RH,81,56.000000,m.15 beat 1.000,2,0.125,0.125,0.0,0.25,normal,P1,1,94.5,0.25,0,0,ambiguous-candidate,0.125000;0.250000,key-release-grid+pedal-acoustic-grid;next-voice-onset,no,release,none,0.25,notation-shortening,reference duration 0.25; shorten acoustic extension to 0.25 (score convention; pedal carries the tail)
Liszt_Concert_Etude_S145_2_1,LisztConcert_Etude_S145_2,Liszt,Concert_Etude_S145_2,LisztConcert_Etude_S145_2:RH:81:64.875000:3,RH,81,64.875000,m.17 beat 1.875,3,0.125,2.869791667,2.744791667,0.625,medium,P1,5,109.5,0.5,0,0,labeled,0.125000;0.625000,key-release-grid;next-voice-onset,yes,change,change,0.5,notation-shortening,reference duration 0.5; shorten acoustic extension to 0.5 (score convention; pedal carries the tail)
Liszt_Concert_Etude_S145_2_1,LisztConcert_Etude_S145_2,Liszt,Concert_Etude_S145_2,LisztConcert_Etude_S145_2:RH:81:65.500000:3,RH,81,65.500000,m.17 beat 2.500,3,0.125,2.244791667,2.119791667,0.375,medium,,,,,,,unmatched,0.125000;0.375000,key-release-grid;next-voice-onset,yes,hold,none,0.125,pedal-only,pedal carries sustain; keep short written note
Liszt_Concert_Etude_S145_2_1,LisztConcert_Etude_S145_2,Liszt,Concert_Etude_S145_2,LisztConcert_Etude_S145_2:RH:81:70.625000:3,RH,81,70.625000,m.18 beat 3.625,3,0.125,0.6875,0.5625,0.125,medium,P1,5,117.25,0.125,0,0,labeled,0.125000,key-release-grid+next-voice-onset,yes,hold,none,0.125,,routine; written duration follows score/readability
Liszt_Concert_Etude_S145_2_1,LisztConcert_Etude_S145_2,Liszt,Concert_Etude_S145_2,LisztConcert_Etude_S145_2:RH:81:71.125000:3,RH,81,71.125000,m.18 beat 4.125,3,0.125,0.1875,0.0625,0.125,normal,P1,1,117.75,0.125,0,0,labeled,0.125000,key-release-grid+next-voice-onset,no,change,none,0.125,,routine; written duration follows score/readability
Liszt_Concert_Etude_S145_2_1,LisztConcert_Etude_S145_2,Liszt,Concert_Etude_S145_2,LisztConcert_Etude_S145_2:RH:81:77.875000:1,RH,81,77.875000,m.20 beat 2.875,1,0.125,0.125,0.0,0.125,normal,,,,,,,unmatched,0.125000,key-release-grid+next-voice-onset+pedal-acoustic-grid,no,none,none,0.125,,routine; written duration follows score/readability
Liszt_Concert_Etude_S145_2_1,LisztConcert_Etude_S145_2,Liszt,Concert_Etude_S145_2,LisztConcert_Etude_S145_2:RH:81:78.250000:1,RH,81,78.250000,m.20 beat 3.250,1,0.125,0.125,0.0,0.125,normal,,,,,,,unmatched,0.125000,key-release-grid+next-voice-onset+pedal-acoustic-grid,no,none,none,0.125,,routine; written duration follows score/readability
Liszt_Concert_Etude_S145_2_1,LisztConcert_Etude_S145_2,Liszt,Concert_Etude_S145_2,LisztConcert_Etude_S145_2:RH:81:83.625000:1,RH,81,83.625000,m.21 beat 4.625,1,0.125,0.463541667,0.338541667,0.125,medium,,,,,,,unmatched,0.125000,key-release-grid+next-voice-onset,yes,hold,none,0.125,pedal-only,pedal carries sustain; keep short written note
Liszt_Concert_Etude_S145_2_1,LisztConcert_Etude_S145_2,Liszt,Concert_Etude_S145_2,LisztConcert_Etude_S145_2:RH:81:83.750000:1,RH,81,83.750000,m.21 beat 4.750,1,0.125,0.338541667,0.213541667,0.375,normal,,,,,,,unmatched,0.125000;0.250000;0.333333;0.375000,barline+pedal-acoustic-grid;key-release-grid;next-voice-onset+pedal-acoustic-grid;pedal-acoustic-grid,no,hold,none,0.125,,routine; written duration follows score/readability
Liszt_Concert_Etude_S145_2_1,LisztConcert_Etude_S145_2,Liszt,Concert_Etude_S145_2,LisztConcert_Etude_S145_2:RH:81:89.625000:3,RH,81,89.625000,m.23 beat 2.625,3,0.125,0.6171875,0.4921875,0.25,medium,,,,,,,unmatched,0.125000;0.250000,key-release-grid;next-voice-onset,yes,hold,none,0.125,pedal-only,pedal carries sustain; keep short written note
Liszt_Concert_Etude_S145_2_1,LisztConcert_Etude_S145_2,Liszt,Concert_Etude_S145_2,LisztConcert_Etude_S145_2:RH:81:89.875000:3,RH,81,89.875000,m.23 beat 2.875,3,0.125,0.3671875,0.2421875,0.25,normal,,,,,,,unmatched,0.125000;0.250000,key-release-grid;next-voice-onset+pedal-acoustic-grid,no,hold,none,0.125,,routine; written duration follows score/readability
Liszt_Concert_Etude_S145_2_1,LisztConcert_Etude_S145_2,Liszt,Concert_Etude_S145_2,LisztConcert_Etude_S145_2:RH:81:95.875000:1,RH,81,95.875000,m.24 beat 4.875,1,0.125,0.645833333,0.520833333,0.125,medium,P1,1,159.0,0.125,0,0,labeled,0.125000,barline+key-release-grid+next-voice-onset,yes,hold,change,0.125,,routine; written duration follows score/readability
Liszt_Concert_Etude_S145_2_1,LisztConcert_Etude_S145_2,Liszt,Concert_Etude_S145_2,LisztConcert_Etude_S145_2:RH:81:97.250000:1,RH,81,97.250000,m.25 beat 2.250,1,0.125,0.125,0.0,0.25,normal,P1,1,161.625,0.125,0,0,ambiguous-candidate,0.125000;0.250000,key-release-grid+pedal-acoustic-grid;next-voice-onset,no,change,none,0.125,,routine; written duration follows score/readability
Liszt_Concert_Etude_S145_2_1,LisztConcert_Etude_S145_2,Liszt,Concert_Etude_S145_2,LisztConcert_Etude_S145_2:RH:82:110.500000:3,RH,82,110.500000,m.28 beat 3.500,3,0.125,0.692708333,0.567708333,0.166666667,medium,,,,,,,unmatched,0.125000;0.166667,key-release-grid;next-voice-onset,yes,hold,none,0.125,pedal-only,pedal carries sustain; keep short written note
Liszt_Concert_Etude_S145_2_1,LisztConcert_Etude_S145_2,Liszt,Concert_Etude_S145_2,LisztConcert_Etude_S145_2:RH:82:110.875000:3,RH,82,110.875000,m.28 beat 3.875,3,0.125,0.317708333,0.192708333,0.25,normal,,,,,,,unmatched,0.125000;0.250000,key-release-grid;next-voice-onset+pedal-acoustic-grid,no,hold,none,0.125,,routine; written duration follows score/readability
Liszt_Concert_Etude_S145_2_1,LisztConcert_Etude_S145_2,Liszt,Concert_Etude_S145_2,LisztConcert_Etude_S145_2:RH:82:111.375000:3,RH,82,111.375000,m.28 beat 4.375,3,0.125,0.666666667,0.541666667,0.25,medium,P1,1,186.25,0.25,0,0,ambiguous-candidate,0.125000;0.250000,key-release-grid;next-voice-onset,yes,hold,change,0.25,notation-shortening,reference duration 0.25; shorten acoustic extension to 0.25 (score convention; pedal carries the tail)
Liszt_Concert_Etude_S145_2_1,LisztConcert_Etude_S145_2,Liszt,Concert_Etude_S145_2,LisztConcert_Etude_S145_2:RH:82:111.875000:3,RH,82,111.875000,m.28 beat 4.875,3,0.125,0.166666667,0.041666667,0.25,normal,,,,,,,unmatched,0.125000;0.250000,barline+key-release-grid+pedal-acoustic-grid;next-voice-onset+pedal-acoustic-grid,no,release,none,0.125,,routine; written duration follows score/readability
Liszt_Concert_Etude_S145_2_1,LisztConcert_Etude_S145_2,Liszt,Concert_Etude_S145_2,LisztConcert_Etude_S145_2:RH:82:114.250000:2,RH,82,114.250000,m.29 beat 3.250,2,0.125,0.125,0.0,0.25,normal,P1,1,191.5,0.25,0,0,ambiguous-candidate,0.125000;0.250000,key-release-grid+pedal-acoustic-grid;next-voice-onset,no,none,none,0.25,notation-shortening,reference duration 0.25; shorten acoustic extension to 0.25 (score convention; pedal carries the tail)
Liszt_Concert_Etude_S145_2_1,LisztConcert_Etude_S145_2,Liszt,Concert_Etude_S145_2,LisztConcert_Etude_S145_2:RH:82:115.500000:2,RH,82,115.500000,m.29 beat 4.500,2,0.125,0.65625,0.53125,0.125,medium,,,,,,,unmatched,0.125000,key-release-grid+next-voice-onset,yes,hold,none,0.125,pedal-only,pedal carries sustain; keep short written note
Liszt_Concert_Etude_S145_2_1,LisztConcert_Etude_S145_2,Liszt,Concert_Etude_S145_2,LisztConcert_Etude_S145_2:RH:82:115.875000:2,RH,82,115.875000,m.29 beat 4.875,2,0.125,0.28125,0.15625,0.25,normal,,,,,,,unmatched,0.125000;0.250000,barline+key-release-grid;next-voice-onset+pedal-acoustic-grid,no,hold,none,0.125,,routine; written duration follows score/readability
Liszt_Concert_Etude_S145_2_1,LisztConcert_Etude_S145_2,Liszt,Concert_Etude_S145_2,LisztConcert_Etude_S145_2:RH:82:116.375000:2,RH,82,116.375000,m.30 beat 1.375,2,0.125,0.690104167,0.565104167,0.25,medium,P1,1,195.25,0.25,0,0,ambiguous-candidate,0.125000;0.250000,key-release-grid;next-voice-onset,yes,hold,change,0.25,notation-shortening,reference duration 0.25; shorten acoustic extension to 0.25 (score convention; pedal carries the tail)
Liszt_Concert_Etude_S145_2_1,LisztConcert_Etude_S145_2,Liszt,Concert_Etude_S145_2,LisztConcert_Etude_S145_2:RH:82:116.875000:2,RH,82,116.875000,m.30 beat 1.875,2,0.125,0.190104167,0.065104167,0.25,normal,,,,,,,unmatched,0.125000;0.250000,key-release-grid;next-voice-onset+pedal-acoustic-grid,no,release,none,0.125,,routine; written duration follows score/readability
Liszt_Concert_Etude_S145_2_1,LisztConcert_Etude_S145_2,Liszt,Concert_Etude_S145_2,LisztConcert_Etude_S145_2:RH:82:119.333333:1,RH,82,119.333333,m.30 beat 4.333,1,0.125,1.059895833,0.934895833,0.166666667,medium,P1,1,200.5,0.25,0,0,ambiguous-candidate,0.125000;0.166667,key-release-grid;next-voice-onset,yes,change,none,0.25,notation-shortening,reference duration 0.25; shorten acoustic extension to 0.25 (score convention; pedal carries the tail)
Liszt_Concert_Etude_S145_2_1,LisztConcert_Etude_S145_2,Liszt,Concert_Etude_S145_2,LisztConcert_Etude_S145_2:RH:82:120.250000:1,RH,82,120.250000,m.31 beat 1.250,1,0.125,0.143229167,0.018229167,0.25,normal,,,,,,,unmatched,0.125000;0.250000,key-release-grid+pedal-acoustic-grid;next-voice-onset+pedal-acoustic-grid,no,change,none,0.125,,routine; written duration follows score/readability
Liszt_Concert_Etude_S145_2_1,LisztConcert_Etude_S145_2,Liszt,Concert_Etude_S145_2,LisztConcert_Etude_S145_2:RH:82:124.125000:1,RH,82,124.125000,m.32 beat 1.125,1,0.125,0.125,0.0,0.125,normal,P1,1,208.75,0.25,0,0,labeled,0.125000,key-release-grid+next-voice-onset+pedal-acoustic-grid,no,none,stop,0.25,notation-shortening,reference duration 0.25; shorten acoustic extension to 0.25 (score convention; pedal carries the tail)
Liszt_Concert_Etude_S145_2_1,LisztConcert_Etude_S145_2,Liszt,Concert_Etude_S145_2,LisztConcert_Etude_S145_2:RH:82:129.125000:2,RH,82,129.125000,m.33 beat 2.125,2,0.125,0.125,0.0,0.125,normal,P1,1,217.5,0.25,0,0,labeled,0.125000,key-release-grid+next-voice-onset+pedal-acoustic-grid,no,release,stop,0.25,notation-shortening,reference duration 0.25; shorten acoustic extension to 0.25 (score convention; pedal carries the tail)
Liszt_Concert_Etude_S145_2_1,LisztConcert_Etude_S145_2,Liszt,Concert_Etude_S145_2,LisztConcert_Etude_S145_2:RH:82:137.750000:2,RH,82,137.750000,m.35 beat 2.750,2,0.125,2.880208333,2.755208333,0.583333333,medium,P1,5,232.5,0.5,0,0,labeled,0.125000;0.583333,key-release-grid;next-voice-onset,yes,hold,change,0.5,notation-shortening,reference duration 0.5; shorten acoustic extension to 0.5 (score convention; pedal carries the tail)
Liszt_Concert_Etude_S145_2_1,LisztConcert_Etude_S145_2,Liszt,Concert_Etude_S145_2,LisztConcert_Etude_S145_2:RH:82:143.375000:4,RH,82,143.375000,m.36 beat 4.375,4,0.125,0.778645833,0.653645833,0.125,medium,P1,5,240.25,0.125,0,0,labeled,0.125000,key-release-grid+next-voice-onset,yes,change,none,0.125,,routine; written duration follows score/readability
Liszt_Concert_Etude_S145_2_1,LisztConcert_Etude_S145_2,Liszt,Concert_Etude_S145_2,LisztConcert_Etude_S145_2:RH:82:143.750000:1,RH,82,143.750000,m.36 beat 4.750,1,0.125,0.403645833,0.278645833,0.25,medium,P1,1,240.75,0.125,0,0,ambiguous-candidate,0.125000;0.250000,barline+next-voice-onset;key-release-grid,yes,hold,none,0.125,,routine; written duration follows score/readability
Liszt_Concert_Etude_S145_2_1,LisztConcert_Etude_S145_2,Liszt,Concert_Etude_S145_2,LisztConcert_Etude_S145_2:RH:82:25.125000:2,RH,82,25.125000,m.7 beat 2.125,2,0.125,0.125,0.0,0.208333333,normal,P1,1,41.625,0.125,0,0,ambiguous-candidate,0.125000;0.208333,key-release-grid+pedal-acoustic-grid;next-voice-onset,no,change,none,0.125,,routine; written duration follows score/readability
Liszt_Concert_Etude_S145_2_1,LisztConcert_Etude_S145_2,Liszt,Concert_Etude_S145_2,LisztConcert_Etude_S145_2:RH:82:37.875000:2,RH,82,37.875000,m.10 beat 2.875,2,0.125,0.572916667,0.447916667,0.125,medium,,,,,,,unmatched,0.125000,key-release-grid+next-voice-onset,yes,hold,none,0.125,pedal-only,pedal carries sustain; keep short written note
Liszt_Concert_Etude_S145_2_1,LisztConcert_Etude_S145_2,Liszt,Concert_Etude_S145_2,LisztConcert_Etude_S145_2:RH:82:50.000000:3,RH,82,50.000000,m.13 beat 3.000,3,0.125,0.205729167,0.080729167,0.75,normal,P1,1,84.25,0.25,0,0,ambiguous-candidate,0.125000;0.250000;0.333333;0.750000,key-release-grid;next-voice-onset;pedal-acoustic-grid,no,release,change,0.25,notation-shortening,reference duration 0.25; shorten acoustic extension to 0.25 (score convention; pedal carries the tail)
Liszt_Concert_Etude_S145_2_1,LisztConcert_Etude_S145_2,Liszt,Concert_Etude_S145_2,LisztConcert_Etude_S145_2:RH:82:51.000000:3,RH,82,51.000000,m.13 beat 4.000,3,0.125,0.125,0.0,0.125,normal,P1,1,86.0,0.25,0,0,labeled,0.125000,key-release-grid+next-voice-onset+pedal-acoustic-grid,no,none,none,0.25,notation-shortening,reference duration 0.25; shorten acoustic extension to 0.25 (score convention; pedal carries the tail)
Liszt_Concert_Etude_S145_2_1,LisztConcert_Etude_S145_2,Liszt,Concert_Etude_S145_2,LisztConcert_Etude_S145_2:RH:82:56.250000:2,RH,82,56.250000,m.15 beat 1.250,2,0.125,0.125,0.0,0.625,normal,P1,1,94.75,0.25,0,0,labeled,0.125000;0.625000,key-release-grid+pedal-acoustic-grid;next-voice-onset,no,none,none,0.25,notation-shortening,reference duration 0.25; shorten acoustic extension to 0.25 (score convention; pedal carries the tail)
Liszt_Concert_Etude_S145_2_1,LisztConcert_Etude_S145_2,Liszt,Concert_Etude_S145_2,LisztConcert_Etude_S145_2:RH:82:58.500000:2,RH,82,58.500000,m.15 beat 3.500,2,0.125,0.125,0.0,0.125,normal,P1,1,98.75,0.25,0,0,labeled,0.125000,key-release-grid+next-voice-onset+pedal-acoustic-grid,no,change,change,0.25,notation-shortening,reference duration 0.25; shorten acoustic extension to 0.25 (score convention; pedal carries the tail)
Liszt_Concert_Etude_S145_2_1,LisztConcert_Etude_S145_2,Liszt,Concert_Etude_S145_2,LisztConcert_Etude_S145_2:RH:82:61.125000:2,RH,82,61.125000,m.16 beat 2.125,2,0.125,0.125,0.0,0.208333333,normal,P1,1,103.25,0.25,0,0,ambiguous-candidate,0.125000;0.208333,key-release-grid+pedal-acoustic-grid;next-voice-onset,no,change,change,0.25,notation-shortening,reference duration 0.25; shorten acoustic extension to 0.25 (score convention; pedal carries the tail)
Liszt_Concert_Etude_S145_2_1,LisztConcert_Etude_S145_2,Liszt,Concert_Etude_S145_2,LisztConcert_Etude_S145_2:RH:82:70.500000:3,RH,82,70.500000,m.18 beat 3.500,3,0.125,0.8125,0.6875,0.125,medium,P1,5,117.125,0.125,0,0,labeled,0.125000,key-release-grid+next-voice-onset,yes,change,none,0.125,,routine; written duration follows score/readability
Liszt_Concert_Etude_S145_2_1,LisztConcert_Etude_S145_2,Liszt,Concert_Etude_S145_2,LisztConcert_Etude_S145_2:RH:82:71.000000:3,RH,82,71.000000,m.18 beat 4.000,3,0.125,0.3125,0.1875,0.125,normal,P1,1,117.625,0.125,0,0,labeled,0.125000,key-release-grid+next-voice-onset,no,hold,none,0.125,,routine; written duration follows score/readability
Liszt_Concert_Etude_S145_2_1,LisztConcert_Etude_S145_2,Liszt,Concert_Etude_S145_2,LisztConcert_Etude_S145_2:RH:83:100.125000:1,RH,83,100.125000,m.26 beat 1.125,1,0.125,0.125,0.0,0.208333333,normal,P1,1,167.625,0.125,0,0,ambiguous-candidate,0.125000;0.208333,key-release-grid+pedal-acoustic-grid;next-voice-onset,no,change,none,0.125,,routine; written duration follows score/readability
Liszt_Concert_Etude_S145_2_1,LisztConcert_Etude_S145_2,Liszt,Concert_Etude_S145_2,LisztConcert_Etude_S145_2:RH:83:120.333333:2,RH,83,120.333333,m.31 beat 1.333,2,0.125,0.890625,0.765625,0.166666667,medium,,,,,,,unmatched,0.125000;0.166667,key-release-grid;next-voice-onset,yes,change,none,0.125,pedal-only,pedal carries sustain; keep short written note
Liszt_Concert_Etude_S145_2_1,LisztConcert_Etude_S145_2,Liszt,Concert_Etude_S145_2,LisztConcert_Etude_S145_2:RH:83:123.250000:1,RH,83,123.250000,m.31 beat 4.250,1,0.125,0.53125,0.40625,0.125,medium,,,,,,,unmatched,0.125000,key-release-grid+next-voice-onset,yes,hold,none,0.125,pedal-only,pedal carries sustain; keep short written note
Liszt_Concert_Etude_S145_2_1,LisztConcert_Etude_S145_2,Liszt,Concert_Etude_S145_2,LisztConcert_Etude_S145_2:RH:83:124.250000:1,RH,83,124.250000,m.32 beat 1.250,1,0.125,0.125,0.0,0.125,normal,P1,1,209.0,0.25,0,0,labeled,0.125000,key-release-grid+next-voice-onset+pedal-acoustic-grid,no,none,none,0.25,notation-shortening,reference duration 0.25; shorten acoustic extension to 0.25 (score convention; pedal carries the tail)
Liszt_Concert_Etude_S145_2_1,LisztConcert_Etude_S145_2,Liszt,Concert_Etude_S145_2,LisztConcert_Etude_S145_2:RH:83:125.333333:1,RH,83,125.333333,m.32 beat 2.333,1,0.125,0.171875,0.046875,0.166666667,normal,,,,,,,unmatched,0.125000;0.166667,key-release-grid+pedal-acoustic-grid;next-voice-onset,no,change,none,0.125,,routine; written duration follows score/readability
Liszt_Concert_Etude_S145_2_1,LisztConcert_Etude_S145_2,Liszt,Concert_Etude_S145_2,LisztConcert_Etude_S145_2:RH:83:129.250000:2,RH,83,129.250000,m.33 beat 2.250,2,0.125,0.125,0.0,0.625,normal,P1,1,217.75,0.25,0,0,labeled,0.125000;0.625000,key-release-grid+pedal-acoustic-grid;next-voice-onset,no,none,stop,0.25,notation-shortening,reference duration 0.25; shorten acoustic extension to 0.25 (score convention; pedal carries the tail)
Liszt_Concert_Etude_S145_2_1,LisztConcert_Etude_S145_2,Liszt,Concert_Etude_S145_2,LisztConcert_Etude_S145_2:RH:83:131.500000:3,RH,83,131.500000,m.33 beat 4.500,3,0.125,0.125,0.0,0.125,normal,,,,,,,unmatched,0.125000,key-release-grid+next-voice-onset+pedal-acoustic-grid,no,change,none,0.125,,routine; written duration follows score/readability
Liszt_Concert_Etude_S145_2_1,LisztConcert_Etude_S145_2,Liszt,Concert_Etude_S145_2,LisztConcert_Etude_S145_2:RH:83:134.125000:1,RH,83,134.125000,m.34 beat 3.125,1,0.125,0.125,0.0,0.125,normal,,,,,,,unmatched,0.125000,key-release-grid+next-voice-onset+pedal-acoustic-grid,no,release,none,0.125,,routine; written duration follows score/readability
Liszt_Concert_Etude_S145_2_1,LisztConcert_Etude_S145_2,Liszt,Concert_Etude_S145_2,LisztConcert_Etude_S145_2:RH:83:138.333333:2,RH,83,138.333333,m.35 beat 3.333,2,0.125,2.296875,2.171875,0.166666667,medium,P1,5,233.25,0.5,0,0,reference-duration-not-candidate,0.125000;0.166667,key-release-grid;next-voice-onset,yes,hold,change,0.5,notation-shortening,reference duration 0.5; shorten acoustic extension to 0.5 (score convention; pedal carries the tail)
Liszt_Concert_Etude_S145_2_1,LisztConcert_Etude_S145_2,Liszt,Concert_Etude_S145_2,LisztConcert_Etude_S145_2:RH:83:143.333333:1,RH,83,143.333333,m.36 beat 4.333,1,0.125,0.8203125,0.6953125,0.166666667,medium,P1,5,240.125,0.125,0,0,ambiguous-candidate,0.125000;0.166667,key-release-grid;next-voice-onset,yes,change,none,0.125,,routine; written duration follows score/readability
Liszt_Concert_Etude_S145_2_1,LisztConcert_Etude_S145_2,Liszt,Concert_Etude_S145_2,LisztConcert_Etude_S145_2:RH:83:143.666667:4,RH,83,143.666667,m.36 beat 4.667,4,0.125,0.486979167,0.361979167,0.333333333,medium,P1,1,240.625,0.125,0,0,labeled,0.125000;0.333333,barline+next-voice-onset+pedal-acoustic-grid;key-release-grid,yes,hold,none,0.125,,routine; written duration follows score/readability
Liszt_Concert_Etude_S145_2_1,LisztConcert_Etude_S145_2,Liszt,Concert_Etude_S145_2,LisztConcert_Etude_S145_2:RH:83:25.333333:2,RH,83,25.333333,m.7 beat 2.333,2,0.125,0.458333333,0.333333333,0.291666667,medium,P1,1,42.0,0.125,0,0,labeled,0.125000;0.291667,key-release-grid;next-voice-onset,yes,hold,start,0.125,,routine; written duration follows score/readability
Liszt_Concert_Etude_S145_2_1,LisztConcert_Etude_S145_2,Liszt,Concert_Etude_S145_2,LisztConcert_Etude_S145_2:RH:83:26.500000:2,RH,83,26.500000,m.7 beat 3.500,2,0.125,0.125,0.0,0.25,normal,P1,1,44.625,0.125,0,0,ambiguous-candidate,0.125000;0.250000,key-release-grid+pedal-acoustic-grid;next-voice-onset,no,none,none,0.125,,routine; written duration follows score/readability
Liszt_Concert_Etude_S145_2_1,LisztConcert_Etude_S145_2,Liszt,Concert_Etude_S145_2,LisztConcert_Etude_S145_2:RH:83:33.000000:1,RH,83,33.000000,m.9 beat 2.000,1,0.125,0.7109375,0.5859375,0.25,medium,,,,,,,unmatched,0.125000;0.250000,key-release-grid;next-voice-onset,yes,hold,none,0.125,pedal-only,pedal carries sustain; keep short written note
Liszt_Concert_Etude_S145_2_1,LisztConcert_Etude_S145_2,Liszt,Concert_Etude_S145_2,LisztConcert_Etude_S145_2:RH:83:36.750000:2,RH,83,36.750000,m.10 beat 1.750,2,0.125,0.841145833,0.716145833,0.125,medium,,,,,,,unmatched,0.125000,key-release-grid+next-voice-onset,yes,hold,none,0.125,pedal-only,pedal carries sustain; keep short written note
Liszt_Concert_Etude_S145_2_1,LisztConcert_Etude_S145_2,Liszt,Concert_Etude_S145_2,LisztConcert_Etude_S145_2:RH:83:38.625000:2,RH,83,38.625000,m.10 beat 3.625,2,0.125,0.125,0.0,0.125,normal,,,,,,,unmatched,0.125000,key-release-grid+next-voice-onset+pedal-acoustic-grid,no,release,none,0.125,,routine; written duration follows score/readability
Liszt_Concert_Etude_S145_2_1,LisztConcert_Etude_S145_2,Liszt,Concert_Etude_S145_2,LisztConcert_Etude_S145_2:RH:83:39.125000:2,RH,83,39.125000,m.10 beat 4.125,2,0.125,0.125,0.0,0.125,normal,,,,,,,unmatched,0.125000,key-release-grid+next-voice-onset+pedal-acoustic-grid,no,none,none,0.125,,routine; written duration follows score/readability
Liszt_Concert_Etude_S145_2_1,LisztConcert_Etude_S145_2,Liszt,Concert_Etude_S145_2,LisztConcert_Etude_S145_2:RH:83:39.625000:2,RH,83,39.625000,m.10 beat 4.625,2,0.125,0.625,0.5,0.25,medium,P1,1,66.25,0.25,0,0,ambiguous-candidate,0.125000;0.250000,key-release-grid;next-voice-onset,yes,hold,change,0.25,notation-shortening,reference duration 0.25; shorten acoustic extension to 0.25 (score convention; pedal carries the tail)
Liszt_Concert_Etude_S145_2_1,LisztConcert_Etude_S145_2,Liszt,Concert_Etude_S145_2,LisztConcert_Etude_S145_2:RH:83:39.875000:2,RH,83,39.875000,m.10 beat 4.875,2,0.125,0.375,0.25,0.125,normal,P1,1,66.75,0.25,0,0,labeled,0.125000,barline+key-release-grid+next-voice-onset,no,hold,none,0.25,notation-shortening,reference duration 0.25; shorten acoustic extension to 0.25 (score convention; pedal carries the tail)
Liszt_Concert_Etude_S145_2_1,LisztConcert_Etude_S145_2,Liszt,Concert_Etude_S145_2,LisztConcert_Etude_S145_2:RH:83:4.875000:1,RH,83,4.875000,m.2 beat 1.875,1,0.125,0.125,0.0,0.25,normal,,,,,,,unmatched,0.125000;0.250000,key-release-grid+pedal-acoustic-grid;next-voice-onset,no,none,none,0.125,,routine; written duration follows score/readability
Liszt_Concert_Etude_S145_2_1,LisztConcert_Etude_S145_2,Liszt,Concert_Etude_S145_2,LisztConcert_Etude_S145_2:RH:83:41.000000:2,RH,83,41.000000,m.11 beat 2.000,2,0.125,1.0859375,0.9609375,0.125,medium,P1,1,68.75,0.25,0,0,labeled,0.125000,key-release-grid+next-voice-onset,yes,hold,start,0.25,notation-shortening,reference duration 0.25; shorten acoustic extension to 0.25 (score convention; pedal carries the tail)
Liszt_Concert_Etude_S145_2_1,LisztConcert_Etude_S145_2,Liszt,Concert_Etude_S145_2,LisztConcert_Etude_S145_2:RH:83:41.875000:2,RH,83,41.875000,m.11 beat 2.875,2,0.125,0.2109375,0.0859375,0.125,normal,,,,,,,unmatched,0.125000,key-release-grid+next-voice-onset,no,release,none,0.125,,routine; written duration follows score/readability
Liszt_Concert_Etude_S145_2_1,LisztConcert_Etude_S145_2,Liszt,Concert_Etude_S145_2,LisztConcert_Etude_S145_2:RH:83:43.666667:2,RH,83,43.666667,m.11 beat 4.667,2,0.125,0.125,0.0,0.208333333,normal,,,,,,,unmatched,0.125000;0.208333,key-release-grid+pedal-acoustic-grid;next-voice-onset,no,release,none,0.125,,routine; written duration follows score/readability
Liszt_Concert_Etude_S145_2_1,LisztConcert_Etude_S145_2,Liszt,Concert_Etude_S145_2,LisztConcert_Etude_S145_2:RH:83:44.250000:2,RH,83,44.250000,m.12 beat 1.250,2,0.125,0.125,0.0,0.375,normal,,,,,,,unmatched,0.125000;0.375000,key-release-grid+pedal-acoustic-grid;next-voice-onset,no,none,none,0.125,,routine; written duration follows score/readability
Liszt_Concert_Etude_S145_2_1,LisztConcert_Etude_S145_2,Liszt,Concert_Etude_S145_2,LisztConcert_Etude_S145_2:RH:83:44.750000:2,RH,83,44.750000,m.12 beat 1.750,2,0.125,0.645833333,0.520833333,0.125,medium,P1,1,75.25,0.25,0,0,labeled,0.125000,key-release-grid+next-voice-onset,yes,hold,change,0.25,notation-shortening,reference duration 0.25; shorten acoustic extension to 0.25 (score convention; pedal carries the tail)
Liszt_Concert_Etude_S145_2_1,LisztConcert_Etude_S145_2,Liszt,Concert_Etude_S145_2,LisztConcert_Etude_S145_2:RH:83:44.875000:2,RH,83,44.875000,m.12 beat 1.875,2,0.125,0.520833333,0.395833333,0.25,medium,P1,1,75.75,0.25,0,0,ambiguous-candidate,0.125000;0.250000,key-release-grid;next-voice-onset,yes,hold,none,0.25,notation-shortening,reference duration 0.25; shorten acoustic extension to 0.25 (score convention; pedal carries the tail)
Liszt_Concert_Etude_S145_2_1,LisztConcert_Etude_S145_2,Liszt,Concert_Etude_S145_2,LisztConcert_Etude_S145_2:RH:83:46.125000:2,RH,83,46.125000,m.12 beat 3.125,2,0.125,0.953125,0.828125,0.208333333,medium,P1,1,77.75,0.25,0,0,ambiguous-candidate,0.125000;0.208333,key-release-grid;next-voice-onset,yes,change,start,0.25,notation-shortening,reference duration 0.25; shorten acoustic extension to 0.25 (score convention; pedal carries the tail)
Liszt_Concert_Etude_S145_2_1,LisztConcert_Etude_S145_2,Liszt,Concert_Etude_S145_2,LisztConcert_Etude_S145_2:RH:83:47.000000:2,RH,83,47.000000,m.12 beat 4.000,2,0.125,0.125,0.0,0.125,normal,,,,,,,unmatched,0.125000,key-release-grid+next-voice-onset+pedal-acoustic-grid,no,change,none,0.125,,routine; written duration follows score/readability
Liszt_Concert_Etude_S145_2_1,LisztConcert_Etude_S145_2,Liszt,Concert_Etude_S145_2,LisztConcert_Etude_S145_2:RH:83:5.500000:1,RH,83,5.500000,m.2 beat 2.500,1,0.125,0.125,0.0,0.25,normal,,,,,,,unmatched,0.125000;0.250000,key-release-grid+pedal-acoustic-grid;next-voice-onset,no,none,none,0.125,,routine; written duration follows score/readability
Liszt_Concert_Etude_S145_2_1,LisztConcert_Etude_S145_2,Liszt,Concert_Etude_S145_2,LisztConcert_Etude_S145_2:RH:83:5.750000:1,RH,83,5.750000,m.2 beat 2.750,1,0.125,0.125,0.0,0.25,normal,,,,,,,unmatched,0.125000;0.250000,key-release-grid+pedal-acoustic-grid;next-voice-onset,no,none,none,0.125,,routine; written duration follows score/readability
Liszt_Concert_Etude_S145_2_1,LisztConcert_Etude_S145_2,Liszt,Concert_Etude_S145_2,LisztConcert_Etude_S145_2:RH:83:51.125000:3,RH,83,51.125000,m.13 beat 4.125,3,0.125,0.125,0.0,0.125,normal,P1,1,86.25,0.25,0,0,labeled,0.125000,key-release-grid+next-voice-onset+pedal-acoustic-grid,no,none,none,0.25,notation-shortening,reference duration 0.25; shorten acoustic extension to 0.25 (score convention; pedal carries the tail)
Liszt_Concert_Etude_S145_2_1,LisztConcert_Etude_S145_2,Liszt,Concert_Etude_S145_2,LisztConcert_Etude_S145_2:RH:83:52.250000:2,RH,83,52.250000,m.14 beat 1.250,2,0.125,0.125,0.0,0.25,normal,,,,,,,unmatched,0.125000;0.250000,key-release-grid+pedal-acoustic-grid;next-voice-onset,no,change,none,0.125,,routine; written duration follows score/readability
Liszt_Concert_Etude_S145_2_1,LisztConcert_Etude_S145_2,Liszt,Concert_Etude_S145_2,LisztConcert_Etude_S145_2:RH:83:55.375000:2,RH,83,55.375000,m.14 beat 4.375,2,0.125,0.528645833,0.403645833,0.125,high,P1,1,93.25,0.25,0,0,labeled,0.125000,key-release-grid+next-voice-onset,yes,hold,none,0.25,notation-shortening,reference duration 0.25; shorten acoustic extension to 0.25 (score convention; pedal carries the tail)
Liszt_Concert_Etude_S145_2_1,LisztConcert_Etude_S145_2,Liszt,Concert_Etude_S145_2,LisztConcert_Etude_S145_2:RH:83:56.333333:3,RH,83,56.333333,m.15 beat 1.333,3,0.125,0.125,0.0,0.166666667,normal,P1,1,95.0,0.25,0,0,ambiguous-candidate,0.125000;0.166667,key-release-grid+pedal-acoustic-grid;next-voice-onset,no,none,none,0.25,notation-shortening,reference duration 0.25; shorten acoustic extension to 0.25 (score convention; pedal carries the tail)
Liszt_Concert_Etude_S145_2_1,LisztConcert_Etude_S145_2,Liszt,Concert_Etude_S145_2,LisztConcert_Etude_S145_2:RH:83:57.750000:2,RH,83,57.750000,m.15 beat 2.750,2,0.125,0.8046875,0.6796875,0.25,medium,,,,,,,unmatched,0.125000;0.250000,key-release-grid;next-voice-onset,yes,hold,none,0.125,pedal-only,pedal carries sustain; keep short written note
Liszt_Concert_Etude_S145_2_1,LisztConcert_Etude_S145_2,Liszt,Concert_Etude_S145_2,LisztConcert_Etude_S145_2:RH:83:58.333333:2,RH,83,58.333333,m.15 beat 3.333,2,0.125,0.221354167,0.096354167,0.166666667,normal,P1,1,98.5,0.25,0,0,ambiguous-candidate,0.125000;0.166667,key-release-grid;next-voice-onset,no,change,none,0.25,notation-shortening,reference duration 0.25; shorten acoustic extension to 0.25 (score convention; pedal carries the tail)
Liszt_Concert_Etude_S145_2_1,LisztConcert_Etude_S145_2,Liszt,Concert_Etude_S145_2,LisztConcert_Etude_S145_2:RH:83:58.750000:2,RH,83,58.750000,m.15 beat 3.750,2,0.125,0.6796875,0.5546875,0.125,medium,P1,1,99.25,0.25,0,0,labeled,0.125000,key-release-grid+next-voice-onset,yes,hold,change,0.25,notation-shortening,reference duration 0.25; shorten acoustic extension to 0.25 (score convention; pedal carries the tail)
Liszt_Concert_Etude_S145_2_1,LisztConcert_Etude_S145_2,Liszt,Concert_Etude_S145_2,LisztConcert_Etude_S145_2:RH:83:59.250000:2,RH,83,59.250000,m.15 beat 4.250,2,0.125,0.1796875,0.0546875,0.25,normal,,,,,,,unmatched,0.125000;0.250000,key-release-grid+pedal-acoustic-grid;next-voice-onset+pedal-acoustic-grid,no,change,none,0.125,,routine; written duration follows score/readability
Liszt_Concert_Etude_S145_2_1,LisztConcert_Etude_S145_2,Liszt,Concert_Etude_S145_2,LisztConcert_Etude_S145_2:RH:83:6.750000:1,RH,83,6.750000,m.2 beat 3.750,1,0.125,0.125,0.0,0.375,normal,,,,,,,unmatched,0.125000;0.375000,key-release-grid+pedal-acoustic-grid;next-voice-onset,no,none,none,0.125,,routine; written duration follows score/readability
Liszt_Concert_Etude_S145_2_1,LisztConcert_Etude_S145_2,Liszt,Concert_Etude_S145_2,LisztConcert_Etude_S145_2:RH:83:60.500000:3,RH,83,60.500000,m.16 beat 1.500,3,0.125,0.7265625,0.6015625,0.166666667,high,,,,,,,unmatched,0.125000;0.166667,key-release-grid;next-voice-onset,yes,hold,none,0.125,pedal-only,pedal carries sustain; keep short written note
Liszt_Concert_Etude_S145_2_1,LisztConcert_Etude_S145_2,Liszt,Concert_Etude_S145_2,LisztConcert_Etude_S145_2:RH:83:61.000000:3,RH,83,61.000000,m.16 beat 2.000,3,0.25,0.25,0.0,0.333333333,normal,P1,1,103.0,0.25,0,0,ambiguous-candidate,0.250000;0.333333,key-release-grid+next-voice-onset+pedal-acoustic-grid;key-release-grid+pedal-acoustic-grid,no,change,none,0.25,,routine; written duration follows score/readability
Liszt_Concert_Etude_S145_2_1,LisztConcert_Etude_S145_2,Liszt,Concert_Etude_S145_2,LisztConcert_Etude_S145_2:RH:83:61.500000:3,RH,83,61.500000,m.16 beat 2.500,3,0.125,0.700520833,0.575520833,0.125,medium,P1,1,103.75,0.25,0,0,labeled,0.125000,key-release-grid+next-voice-onset,yes,hold,change,0.25,notation-shortening,reference duration 0.25; shorten acoustic extension to 0.25 (score convention; pedal carries the tail)
Liszt_Concert_Etude_S145_2_1,LisztConcert_Etude_S145_2,Liszt,Concert_Etude_S145_2,LisztConcert_Etude_S145_2:RH:83:61.875000:3,RH,83,61.875000,m.16 beat 2.875,3,0.125,0.325520833,0.200520833,0.25,normal,,,,,,,unmatched,0.125000;0.250000,key-release-grid;next-voice-onset+pedal-acoustic-grid,no,hold,none,0.125,,routine; written duration follows score/readability
Liszt_Concert_Etude_S145_2_1,LisztConcert_Etude_S145_2,Liszt,Concert_Etude_S145_2,LisztConcert_Etude_S145_2:RH:83:65.875000:3,RH,83,65.875000,m.17 beat 2.875,3,0.125,1.869791667,1.744791667,0.125,medium,P1,5,111.0,0.5,0,0,reference-duration-not-candidate,0.125000,key-release-grid+next-voice-onset,yes,hold,change,0.5,notation-shortening,reference duration 0.5; shorten acoustic extension to 0.5 (score convention; pedal carries the tail)
Liszt_Concert_Etude_S145_2_1,LisztConcert_Etude_S145_2,Liszt,Concert_Etude_S145_2,LisztConcert_Etude_S145_2:RH:83:67.875000:2,RH,83,67.875000,m.17 beat 4.875,2,0.125,0.84375,0.71875,42.875,medium,P1,5,114.0,0.5,0,0,reference-duration-not-candidate,0.125000;0.750000;0.875000;1.000000;42.875000,barline+key-release-grid;next-voice-onset;pedal-acoustic-grid,yes,change,none,0.5,notation-shortening,reference duration 0.5; shorten acoustic extension to 0.5 (score convention; pedal carries the tail)
Liszt_Concert_Etude_S145_2_1,LisztConcert_Etude_S145_2,Liszt,Concert_Etude_S145_2,LisztConcert_Etude_S145_2:RH:83:7.500000:1,RH,83,7.500000,m.2 beat 4.500,1,0.125,0.125,0.0,0.5,normal,,,,,,,unmatched,0.125000;0.500000,barline+next-voice-onset;key-release-grid+pedal-acoustic-grid,no,none,none,0.125,,routine; written duration follows score/readability
Liszt_Concert_Etude_S145_2_1,LisztConcert_Etude_S145_2,Liszt,Concert_Etude_S145_2,LisztConcert_Etude_S145_2:RH:83:70.375000:3,RH,83,70.375000,m.18 beat 3.375,3,0.125,0.125,0.0,0.125,normal,P1,5,117.0,0.125,0,0,labeled,0.125000,key-release-grid+next-voice-onset+pedal-acoustic-grid,no,change,none,0.125,,routine; written duration follows score/readability
Liszt_Concert_Etude_S145_2_1,LisztConcert_Etude_S145_2,Liszt,Concert_Etude_S145_2,LisztConcert_Etude_S145_2:RH:83:70.875000:3,RH,83,70.875000,m.18 beat 3.875,3,0.125,0.4375,0.3125,0.125,medium,P1,1,117.5,0.125,0,0,labeled,0.125000,key-release-grid+next-voice-onset,yes,hold,none,0.125,,routine; written duration follows score/readability
Liszt_Concert_Etude_S145_2_1,LisztConcert_Etude_S145_2,Liszt,Concert_Etude_S145_2,LisztConcert_Etude_S145_2:RH:83:78.375000:1,RH,83,78.375000,m.20 beat 3.375,1,0.125,0.125,0.0,0.291666667,normal,,,,,,,unmatched,0.125000;0.291667,key-release-grid+pedal-acoustic-grid;next-voice-onset,no,none,none,0.125,,routine; written duration follows score/readability
Liszt_Concert_Etude_S145_2_1,LisztConcert_Etude_S145_2,Liszt,Concert_Etude_S145_2,LisztConcert_Etude_S145_2:RH:83:79.000000:3,RH,83,79.000000,m.20 beat 4.000,3,0.125,0.125,0.0,0.25,normal,,,,,,,unmatched,0.125000;0.250000,key-release-grid+pedal-acoustic-grid;next-voice-onset,no,none,none,0.125,,routine; written duration follows score/readability
Liszt_Concert_Etude_S145_2_1,LisztConcert_Etude_S145_2,Liszt,Concert_Etude_S145_2,LisztConcert_Etude_S145_2:RH:83:79.250000:3,RH,83,79.250000,m.20 beat 4.250,3,0.125,0.125,0.0,0.625,normal,,,,,,,unmatched,0.125000;0.625000,key-release-grid+pedal-acoustic-grid;next-voice-onset,no,none,none,0.125,,routine; written duration follows score/readability
Liszt_Concert_Etude_S145_2_1,LisztConcert_Etude_S145_2,Liszt,Concert_Etude_S145_2,LisztConcert_Etude_S145_2:RH:83:8.125000:1,RH,83,8.125000,m.3 beat 1.125,1,0.125,0.125,0.0,0.375,normal,,,,,,,unmatched,0.125000;0.375000,key-release-grid+pedal-acoustic-grid;next-voice-onset,no,none,none,0.125,,routine; written duration follows score/readability
Liszt_Concert_Etude_S145_2_1,LisztConcert_Etude_S145_2,Liszt,Concert_Etude_S145_2,LisztConcert_Etude_S145_2:RH:83:80.250000:1,RH,83,80.250000,m.21 beat 1.250,1,0.125,0.125,0.0,0.25,normal,,,,,,,unmatched,0.125000;0.250000,key-release-grid+pedal-acoustic-grid;next-voice-onset,no,none,none,0.125,,routine; written duration follows score/readability
Liszt_Concert_Etude_S145_2_1,LisztConcert_Etude_S145_2,Liszt,Concert_Etude_S145_2,LisztConcert_Etude_S145_2:RH:83:80.875000:1,RH,83,80.875000,m.21 beat 1.875,1,0.125,0.125,0.0,0.458333333,normal,,,,,,,unmatched,0.125000;0.458333,key-release-grid+pedal-acoustic-grid;next-voice-onset,no,none,none,0.125,,routine; written duration follows score/readability
Liszt_Concert_Etude_S145_2_1,LisztConcert_Etude_S145_2,Liszt,Concert_Etude_S145_2,LisztConcert_Etude_S145_2:RH:83:81.500000:1,RH,83,81.500000,m.21 beat 2.500,1,0.125,0.125,0.0,0.375,normal,,,,,,,unmatched,0.125000;0.375000,key-release-grid+pedal-acoustic-grid;next-voice-onset,no,none,none,0.125,,routine; written duration follows score/readability
Liszt_Concert_Etude_S145_2_1,LisztConcert_Etude_S145_2,Liszt,Concert_Etude_S145_2,LisztConcert_Etude_S145_2:RH:83:98.666667:1,RH,83,98.666667,m.25 beat 3.667,1,0.125,0.125,0.0,0.208333333,normal,,,,,,,unmatched,0.125000;0.208333,key-release-grid+pedal-acoustic-grid;next-voice-onset,no,change,none,0.125,,routine; written duration follows score/readability
Liszt_Concert_Etude_S145_2_1,LisztConcert_Etude_S145_2,Liszt,Concert_Etude_S145_2,LisztConcert_Etude_S145_2:RH:83:98.875000:1,RH,83,98.875000,m.25 beat 3.875,1,0.125,0.59375,0.46875,1.25,medium,P1,1,165.0,0.125,0,0,labeled,0.125000;0.500000;0.625000;0.666667;1.125000;1.250000,barline;key-release-grid;next-voice-onset;pedal-acoustic-grid,yes,hold,start,0.125,,routine; written duration follows score/readability
Liszt_Concert_Etude_S145_2_1,LisztConcert_Etude_S145_2,Liszt,Concert_Etude_S145_2,LisztConcert_Etude_S145_2:RH:84:101.500000:1,RH,84,101.500000,m.26 beat 2.500,1,0.125,0.125,0.0,0.25,normal,P1,1,170.625,0.125,0,0,ambiguous-candidate,0.125000;0.250000,key-release-grid+pedal-acoustic-grid;next-voice-onset,no,change,none,0.125,,routine; written duration follows score/readability
Liszt_Concert_Etude_S145_2_1,LisztConcert_Etude_S145_2,Liszt,Concert_Etude_S145_2,LisztConcert_Etude_S145_2:RH:84:103.000000:1,RH,84,103.000000,m.26 beat 4.000,1,0.125,0.125,0.0,0.333333333,normal,P1,1,173.625,0.125,0,0,labeled,0.125000;0.333333,key-release-grid+pedal-acoustic-grid;next-voice-onset,no,change,none,0.125,,routine; written duration follows score/readability
Liszt_Concert_Etude_S145_2_1,LisztConcert_Etude_S145_2,Liszt,Concert_Etude_S145_2,LisztConcert_Etude_S145_2:RH:84:104.500000:1,RH,84,104.500000,m.27 beat 1.500,1,0.125,0.125,0.0,0.25,normal,P1,1,176.625,0.125,0,0,ambiguous-candidate,0.125000;0.250000,key-release-grid+pedal-acoustic-grid;next-voice-onset,no,change,none,0.125,,routine; written duration follows score/readability
Liszt_Concert_Etude_S145_2_1,LisztConcert_Etude_S145_2,Liszt,Concert_Etude_S145_2,LisztConcert_Etude_S145_2:RH:84:110.250000:3,RH,84,110.250000,m.28 beat 3.250,3,0.125,0.942708333,0.817708333,0.25,medium,,,,,,,unmatched,0.125000;0.250000,key-release-grid;next-voice-onset,yes,hold,none,0.125,pedal-only,pedal carries sustain; keep short written note
Liszt_Concert_Etude_S145_2_1,LisztConcert_Etude_S145_2,Liszt,Concert_Etude_S145_2,LisztConcert_Etude_S145_2:RH:84:112.125000:3,RH,84,112.125000,m.29 beat 1.125,3,0.125,0.125,0.0,0.208333333,normal,,,,,,,unmatched,0.125000;0.208333,key-release-grid+pedal-acoustic-grid;next-voice-onset,no,release,none,0.125,,routine; written duration follows score/readability
Liszt_Concert_Etude_S145_2_1,LisztConcert_Etude_S145_2,Liszt,Concert_Etude_S145_2,LisztConcert_Etude_S145_2:RH:84:112.625000:1,RH,84,112.625000,m.29 beat 1.625,1,0.125,0.125,0.0,0.125,normal,,,,,,,unmatched,0.125000,key-release-grid+next-voice-onset+pedal-acoustic-grid,no,none,none,0.125,,routine; written duration follows score/readability
Liszt_Concert_Etude_S145_2_1,LisztConcert_Etude_S145_2,Liszt,Concert_Etude_S145_2,LisztConcert_Etude_S145_2:RH:84:113.000000:3,RH,84,113.000000,m.29 beat 2.000,3,0.125,0.859375,0.734375,2.75,medium,P1,1,189.25,0.25,0,0,labeled,0.125000;0.750000;0.875000;1.000000;2.750000,key-release-grid;next-voice-onset;pedal-acoustic-grid,yes,change,change,0.25,notation-shortening,reference duration 0.25; shorten acoustic extension to 0.25 (score convention; pedal carries the tail)
Liszt_Concert_Etude_S145_2_1,LisztConcert_Etude_S145_2,Liszt,Concert_Etude_S145_2,LisztConcert_Etude_S145_2:RH:84:113.250000:2,RH,84,113.250000,m.29 beat 2.250,2,0.125,0.609375,0.484375,0.125,medium,P1,1,189.75,0.25,0,0,labeled,0.125000,key-release-grid+next-voice-onset,yes,hold,none,0.25,notation-shortening,reference duration 0.25; shorten acoustic extension to 0.25 (score convention; pedal carries the tail)
Liszt_Concert_Etude_S145_2_1,LisztConcert_Etude_S145_2,Liszt,Concert_Etude_S145_2,LisztConcert_Etude_S145_2:RH:84:114.500000:2,RH,84,114.500000,m.29 beat 3.500,2,0.125,1.65625,1.53125,0.125,medium,P1,1,191.75,0.25,0,0,labeled,0.125000,key-release-grid+next-voice-onset,yes,change,start,0.25,notation-shortening,reference duration 0.25; shorten acoustic extension to 0.25 (score convention; pedal carries the tail)
Liszt_Concert_Etude_S145_2_1,LisztConcert_Etude_S145_2,Liszt,Concert_Etude_S145_2,LisztConcert_Etude_S145_2:RH:84:115.250000:2,RH,84,115.250000,m.29 beat 4.250,2,0.125,0.90625,0.78125,0.25,medium,,,,,,,unmatched,0.125000;0.250000,key-release-grid;next-voice-onset,yes,hold,none,0.125,pedal-only,pedal carries sustain; keep short written note
Liszt_Concert_Etude_S145_2_1,LisztConcert_Etude_S145_2,Liszt,Concert_Etude_S145_2,LisztConcert_Etude_S145_2:RH:84:117.125000:2,RH,84,117.125000,m.30 beat 2.125,2,0.125,0.125,0.0,0.125,normal,,,,,,,unmatched,0.125000,key-release-grid+next-voice-onset+pedal-acoustic-grid,no,release,none,0.125,,routine; written duration follows score/readability
Liszt_Concert_Etude_S145_2_1,LisztConcert_Etude_S145_2,Liszt,Concert_Etude_S145_2,LisztConcert_Etude_S145_2:RH:84:117.625000:1,RH,84,117.625000,m.30 beat 2.625,1,0.125,0.125,0.0,0.125,normal,,,,,,,unmatched,0.125000,key-release-grid+next-voice-onset+pedal-acoustic-grid,no,none,none,0.125,,routine; written duration follows score/readability
Liszt_Concert_Etude_S145_2_1,LisztConcert_Etude_S145_2,Liszt,Concert_Etude_S145_2,LisztConcert_Etude_S145_2:RH:84:118.250000:1,RH,84,118.250000,m.30 beat 3.250,1,0.125,0.575520833,0.450520833,0.125,medium,P1,1,198.25,0.25,0,0,labeled,0.125000,key-release-grid+next-voice-onset,yes,hold,change,0.25,notation-shortening,reference duration 0.25; shorten acoustic extension to 0.25 (score convention; pedal carries the tail)
Liszt_Concert_Etude_S145_2_1,LisztConcert_Etude_S145_2,Liszt,Concert_Etude_S145_2,LisztConcert_Etude_S145_2:RH:84:118.375000:1,RH,84,118.375000,m.30 beat 3.375,1,0.125,0.450520833,0.325520833,0.125,medium,P1,1,198.75,0.25,0,0,labeled,0.125000,key-release-grid+next-voice-onset,yes,hold,none,0.25,notation-shortening,reference duration 0.25; shorten acoustic extension to 0.25 (score convention; pedal carries the tail)
Liszt_Concert_Etude_S145_2_1,LisztConcert_Etude_S145_2,Liszt,Concert_Etude_S145_2,LisztConcert_Etude_S145_2:RH:84:119.500000:1,RH,84,119.500000,m.30 beat 4.500,1,0.125,0.893229167,0.768229167,0.125,medium,P1,1,200.75,0.25,0,0,labeled,0.125000,key-release-grid+next-voice-onset,yes,hold,start,0.25,notation-shortening,reference duration 0.25; shorten acoustic extension to 0.25 (score convention; pedal carries the tail)
Liszt_Concert_Etude_S145_2_1,LisztConcert_Etude_S145_2,Liszt,Concert_Etude_S145_2,LisztConcert_Etude_S145_2:RH:84:120.333333:2,RH,84,120.333333,m.31 beat 1.333,2,0.125,0.890625,0.765625,0.166666667,medium,,,,,,,unmatched,0.125000;0.166667,key-release-grid;next-voice-onset,yes,change,none,0.125,pedal-only,pedal carries sustain; keep short written note
Liszt_Concert_Etude_S145_2_1,LisztConcert_Etude_S145_2,Liszt,Concert_Etude_S145_2,LisztConcert_Etude_S145_2:RH:84:124.375000:1,RH,84,124.375000,m.32 beat 1.375,1,0.125,0.125,0.0,0.125,normal,P1,1,209.25,0.25,0,0,labeled,0.125000,key-release-grid+next-voice-onset+pedal-acoustic-grid,no,none,none,0.25,notation-shortening,reference duration 0.25; shorten acoustic extension to 0.25 (score convention; pedal carries the tail)
Liszt_Concert_Etude_S145_2_1,LisztConcert_Etude_S145_2,Liszt,Concert_Etude_S145_2,LisztConcert_Etude_S145_2:RH:84:128.375000:2,RH,84,128.375000,m.33 beat 1.375,2,0.125,0.5703125,0.4453125,0.125,medium,P1,1,216.25,0.25,0,0,labeled,0.125000,key-release-grid+next-voice-onset,yes,hold,change,0.25,notation-shortening,reference duration 0.25; shorten acoustic extension to 0.25 (score convention; pedal carries the tail)
Liszt_Concert_Etude_S145_2_1,LisztConcert_Etude_S145_2,Liszt,Concert_Etude_S145_2,LisztConcert_Etude_S145_2:RH:84:129.333333:3,RH,84,129.333333,m.33 beat 2.333,3,0.125,0.125,0.0,0.166666667,normal,P1,1,218.0,0.25,0,0,ambiguous-candidate,0.125000;0.166667,key-release-grid+pedal-acoustic-grid;next-voice-onset,no,none,none,0.25,notation-shortening,reference duration 0.25; shorten acoustic extension to 0.25 (score convention; pedal carries the tail)
Liszt_Concert_Etude_S145_2_1,LisztConcert_Etude_S145_2,Liszt,Concert_Etude_S145_2,LisztConcert_Etude_S145_2:RH:84:130.750000:3,RH,84,130.750000,m.33 beat 3.750,3,0.125,0.7109375,0.5859375,0.125,medium,,,,,,,unmatched,0.125000,key-release-grid+next-voice-onset,yes,hold,none,0.125,pedal-only,pedal carries sustain; keep short written note
Liszt_Concert_Etude_S145_2_1,LisztConcert_Etude_S145_2,Liszt,Concert_Etude_S145_2,LisztConcert_Etude_S145_2:RH:84:131.250000:3,RH,84,131.250000,m.33 beat 4.250,3,0.125,0.2109375,0.0859375,0.125,normal,,,,,,,unmatched,0.125000,key-release-grid+next-voice-onset,no,change,none,0.125,,routine; written duration follows score/readability
Liszt_Concert_Etude_S145_2_1,LisztConcert_Etude_S145_2,Liszt,Concert_Etude_S145_2,LisztConcert_Etude_S145_2:RH:84:131.750000:3,RH,84,131.750000,m.33 beat 4.750,3,0.125,0.684895833,0.559895833,0.125,medium,P1,1,222.25,0.25,0,0,labeled,0.125000,key-release-grid+next-voice-onset,yes,hold,change,0.25,notation-shortening,reference duration 0.25; shorten acoustic extension to 0.25 (score convention; pedal carries the tail)
Liszt_Concert_Etude_S145_2_1,LisztConcert_Etude_S145_2,Liszt,Concert_Etude_S145_2,LisztConcert_Etude_S145_2:RH:84:132.125000:2,RH,84,132.125000,m.34 beat 1.125,2,0.125,0.309895833,0.184895833,0.208333333,normal,P1,1,223.0,0.25,0,0,ambiguous-candidate,0.125000;0.208333,key-release-grid;next-voice-onset,no,hold,none,0.25,notation-shortening,reference duration 0.25; shorten acoustic extension to 0.25 (score convention; pedal carries the tail)
Liszt_Concert_Etude_S145_2_1,LisztConcert_Etude_S145_2,Liszt,Concert_Etude_S145_2,LisztConcert_Etude_S145_2:RH:84:133.375000:2,RH,84,133.375000,m.34 beat 2.375,2,0.125,0.6640625,0.5390625,0.125,medium,,,,,,,unmatched,0.125000,key-release-grid+next-voice-onset,yes,hold,none,0.125,pedal-only,pedal carries sustain; keep short written note
Liszt_Concert_Etude_S145_2_1,LisztConcert_Etude_S145_2,Liszt,Concert_Etude_S145_2,LisztConcert_Etude_S145_2:RH:84:133.875000:1,RH,84,133.875000,m.34 beat 2.875,1,0.25,0.25,0.0,0.25,normal,,,,,,,unmatched,0.250000,key-release-grid+next-voice-onset+pedal-acoustic-grid,no,release,none,0.25,,routine; written duration follows score/readability
Liszt_Concert_Etude_S145_2_1,LisztConcert_Etude_S145_2,Liszt,Concert_Etude_S145_2,LisztConcert_Etude_S145_2:RH:84:134.375000:1,RH,84,134.375000,m.34 beat 3.375,1,0.25,0.614583333,0.364583333,0.375,medium,P1,1,226.75,0.25,0,0,ambiguous-candidate,0.250000;0.333333;0.375000,key-release-grid;next-voice-onset,yes,hold,change,0.25,,routine; written duration follows score/readability
Liszt_Concert_Etude_S145_2_1,LisztConcert_Etude_S145_2,Liszt,Concert_Etude_S145_2,LisztConcert_Etude_S145_2:RH:84:134.750000:1,RH,84,134.750000,m.34 beat 3.750,1,0.125,0.239583333,0.114583333,0.125,normal,P1,1,227.5,0.25,0,0,labeled,0.125000,key-release-grid+next-voice-onset,no,change,none,0.25,notation-shortening,reference duration 0.25; shorten acoustic extension to 0.25 (score convention; pedal carries the tail)
Liszt_Concert_Etude_S145_2_1,LisztConcert_Etude_S145_2,Liszt,Concert_Etude_S145_2,LisztConcert_Etude_S145_2:RH:84:138.750000:2,RH,84,138.750000,m.35 beat 3.750,2,0.125,1.880208333,1.755208333,0.125,medium,P1,5,234.0,0.5,0,0,reference-duration-not-candidate,0.125000,key-release-grid+next-voice-onset,yes,hold,change,0.5,notation-shortening,reference duration 0.5; shorten acoustic extension to 0.5 (score convention; pedal carries the tail)
Liszt_Concert_Etude_S145_2_1,LisztConcert_Etude_S145_2,Liszt,Concert_Etude_S145_2,LisztConcert_Etude_S145_2:RH:84:140.625000:3,RH,84,140.625000,m.36 beat 1.625,3,0.333333333,0.994791667,0.661458333,-1.0,medium,P1,5,237.0,0.5,0,0,labeled,0.250000;0.333333;0.375000;1.000000;3.375000,barline;key-release-grid;pedal-acoustic-grid,yes,change,stop,0.5,notation-shortening,reference duration 0.5; shorten acoustic extension to 0.5 (score convention; pedal carries the tail)
Liszt_Concert_Etude_S145_2_1,LisztConcert_Etude_S145_2,Liszt,Concert_Etude_S145_2,LisztConcert_Etude_S145_2:RH:84:143.250000:4,RH,84,143.250000,m.36 beat 4.250,4,0.125,0.125,0.0,0.125,normal,P1,5,240.0,0.125,0,0,labeled,0.125000,key-release-grid+next-voice-onset+pedal-acoustic-grid,no,change,none,0.125,,routine; written duration follows score/readability
Liszt_Concert_Etude_S145_2_1,LisztConcert_Etude_S145_2,Liszt,Concert_Etude_S145_2,LisztConcert_Etude_S145_2:RH:84:143.500000:1,RH,84,143.500000,m.36 beat 4.500,1,0.25,0.653645833,0.403645833,0.25,medium,P1,1,240.5,0.125,0,0,labeled,0.250000,key-release-grid+next-voice-onset,yes,hold,none,0.125,,key duration 0.250 exceeds notation 0.125 (pedal/sustain hold); score convention kept
Liszt_Concert_Etude_S145_2_1,LisztConcert_Etude_S145_2,Liszt,Concert_Etude_S145_2,LisztConcert_Etude_S145_2:RH:84:28.000000:1,RH,84,28.000000,m.8 beat 1.000,1,0.125,0.125,0.0,0.25,normal,P1,1,47.625,0.125,0,0,ambiguous-candidate,0.125000;0.250000,key-release-grid+pedal-acoustic-grid;next-voice-onset,no,change,none,0.125,,routine; written duration follows score/readability
Liszt_Concert_Etude_S145_2_1,LisztConcert_Etude_S145_2,Liszt,Concert_Etude_S145_2,LisztConcert_Etude_S145_2:RH:84:29.500000:1,RH,84,29.500000,m.8 beat 2.500,1,0.125,0.125,0.0,0.25,normal,P1,1,50.625,0.125,0,0,ambiguous-candidate,0.125000;0.250000,key-release-grid+pedal-acoustic-grid;next-voice-onset,no,change,none,0.125,,routine; written duration follows score/readability
Liszt_Concert_Etude_S145_2_1,LisztConcert_Etude_S145_2,Liszt,Concert_Etude_S145_2,LisztConcert_Etude_S145_2:RH:84:30.875000:1,RH,84,30.875000,m.8 beat 3.875,1,0.125,0.125,0.0,0.375,normal,P1,1,53.625,0.125,0,0,labeled,0.125000;0.375000,key-release-grid+pedal-acoustic-grid;next-voice-onset,no,none,none,0.125,,routine; written duration follows score/readability
Liszt_Concert_Etude_S145_2_1,LisztConcert_Etude_S145_2,Liszt,Concert_Etude_S145_2,LisztConcert_Etude_S145_2:RH:84:47.750000:2,RH,84,47.750000,m.12 beat 4.750,2,0.125,0.158854167,0.033854167,0.125,normal,,,,,,,unmatched,0.125000,key-release-grid+next-voice-onset+pedal-acoustic-grid,no,change,none,0.125,,routine; written duration follows score/readability
Liszt_Concert_Etude_S145_2_1,LisztConcert_Etude_S145_2,Liszt,Concert_Etude_S145_2,LisztConcert_Etude_S145_2:RH:84:48.625000:2,RH,84,48.625000,m.13 beat 1.625,2,0.125,0.177083333,0.052083333,0.125,normal,,,,,,,unmatched,0.125000,key-release-grid+next-voice-onset+pedal-acoustic-grid,no,change,none,0.125,,routine; written duration follows score/readability
Liszt_Concert_Etude_S145_2_1,LisztConcert_Etude_S145_2,Liszt,Concert_Etude_S145_2,LisztConcert_Etude_S145_2:RH:84:51.250000:3,RH,84,51.250000,m.13 beat 4.250,3,0.125,0.125,0.0,0.125,normal,P1,1,86.5,0.25,0,0,labeled,0.125000,key-release-grid+next-voice-onset+pedal-acoustic-grid,no,none,none,0.25,notation-shortening,reference duration 0.25; shorten acoustic extension to 0.25 (score convention; pedal carries the tail)
Liszt_Concert_Etude_S145_2_1,LisztConcert_Etude_S145_2,Liszt,Concert_Etude_S145_2,LisztConcert_Etude_S145_2:RH:84:52.250000:2,RH,84,52.250000,m.14 beat 1.250,2,0.125,0.125,0.0,0.25,normal,,,,,,,unmatched,0.125000;0.250000,key-release-grid+pedal-acoustic-grid;next-voice-onset,no,change,none,0.125,,routine; written duration follows score/readability
Liszt_Concert_Etude_S145_2_1,LisztConcert_Etude_S145_2,Liszt,Concert_Etude_S145_2,LisztConcert_Etude_S145_2:RH:84:56.500000:3,RH,84,56.500000,m.15 beat 1.500,3,0.125,0.125,0.0,0.125,normal,P1,1,95.25,0.25,0,0,labeled,0.125000,key-release-grid+next-voice-onset+pedal-acoustic-grid,no,change,none,0.25,notation-shortening,reference duration 0.25; shorten acoustic extension to 0.25 (score convention; pedal carries the tail)
Liszt_Concert_Etude_S145_2_1,LisztConcert_Etude_S145_2,Liszt,Concert_Etude_S145_2,LisztConcert_Etude_S145_2:RH:84:66.375000:3,RH,84,66.375000,m.17 beat 3.375,3,0.125,1.369791667,1.244791667,0.125,medium,P1,5,111.75,0.5,0,0,reference-duration-not-candidate,0.125000,key-release-grid+next-voice-onset,yes,hold,change,0.5,notation-shortening,reference duration 0.5; shorten acoustic extension to 0.5 (score convention; pedal carries the tail)
Liszt_Concert_Etude_S145_2_1,LisztConcert_Etude_S145_2,Liszt,Concert_Etude_S145_2,LisztConcert_Etude_S145_2:RH:85:10.125000:1,RH,85,10.125000,m.3 beat 3.125,1,0.125,0.518229167,0.393229167,0.25,medium,,,,,,,unmatched,0.125000;0.250000,key-release-grid;next-voice-onset,yes,hold,none,0.125,pedal-only,pedal carries sustain; keep short written note
Liszt_Concert_Etude_S145_2_1,LisztConcert_Etude_S145_2,Liszt,Concert_Etude_S145_2,LisztConcert_Etude_S145_2:RH:85:101.750000:1,RH,85,101.750000,m.26 beat 2.750,1,0.125,0.575520833,0.450520833,0.375,medium,P1,1,171.0,0.125,0,0,labeled,0.125000;0.375000,key-release-grid;next-voice-onset,yes,hold,change,0.125,,routine; written duration follows score/readability
Liszt_Concert_Etude_S145_2_1,LisztConcert_Etude_S145_2,Liszt,Concert_Etude_S145_2,LisztConcert_Etude_S145_2:RH:85:103.333333:1,RH,85,103.333333,m.26 beat 4.333,1,0.125,0.453125,0.328125,0.166666667,medium,P1,1,174.0,0.125,0,0,ambiguous-candidate,0.125000;0.166667,key-release-grid;next-voice-onset,yes,hold,change,0.125,,routine; written duration follows score/readability
Liszt_Concert_Etude_S145_2_1,LisztConcert_Etude_S145_2,Liszt,Concert_Etude_S145_2,LisztConcert_Etude_S145_2:RH:85:104.750000:1,RH,85,104.750000,m.27 beat 1.750,1,0.125,0.5234375,0.3984375,0.25,medium,P1,1,177.0,0.125,0,0,ambiguous-candidate,0.125000;0.250000,key-release-grid;next-voice-onset,yes,hold,change,0.125,,routine; written duration follows score/readability
Liszt_Concert_Etude_S145_2_1,LisztConcert_Etude_S145_2,Liszt,Concert_Etude_S145_2,LisztConcert_Etude_S145_2:RH:85:105.625000:1,RH,85,105.625000,m.27 beat 2.625,1,0.125,0.658854167,0.533854167,0.125,medium,P1,1,178.5,0.125,0,0,labeled,0.125000,key-release-grid+next-voice-onset,yes,hold,change,0.125,,routine; written duration follows score/readability
Liszt_Concert_Etude_S145_2_1,LisztConcert_Etude_S145_2,Liszt,Concert_Etude_S145_2,LisztConcert_Etude_S145_2:RH:85:106.500000:1,RH,85,106.500000,m.27 beat 3.500,1,0.125,0.692708333,0.567708333,0.25,medium,P1,1,180.0,0.125,0,0,ambiguous-candidate,0.125000;0.250000,key-release-grid;next-voice-onset,yes,hold,change,0.125,,routine; written duration follows score/readability
Liszt_Concert_Etude_S145_2_1,LisztConcert_Etude_S145_2,Liszt,Concert_Etude_S145_2,LisztConcert_Etude_S145_2:RH:85:121.250000:1,RH,85,121.250000,m.31 beat 2.250,1,0.125,0.822916667,0.697916667,0.125,medium,,,,,,,unmatched,0.125000,key-release-grid+next-voice-onset,yes,change,none,0.125,pedal-only,pedal carries sustain; keep short written note
Liszt_Concert_Etude_S145_2_1,LisztConcert_Etude_S145_2,Liszt,Concert_Etude_S145_2,LisztConcert_Etude_S145_2:RH:85:122.125000:1,RH,85,122.125000,m.31 beat 3.125,1,0.125,0.942708333,0.817708333,0.125,medium,,,,,,,unmatched,0.125000,key-release-grid+next-voice-onset,yes,change,none,0.125,pedal-only,pedal carries sustain; keep short written note
Liszt_Concert_Etude_S145_2_1,LisztConcert_Etude_S145_2,Liszt,Concert_Etude_S145_2,LisztConcert_Etude_S145_2:RH:85:124.500000:1,RH,85,124.500000,m.32 beat 1.500,1,0.125,0.125,0.0,0.125,normal,P1,1,209.5,0.25,0,0,labeled,0.125000,key-release-grid+next-voice-onset+pedal-acoustic-grid,no,change,none,0.25,notation-shortening,reference duration 0.25; shorten acoustic extension to 0.25 (score convention; pedal carries the tail)
Liszt_Concert_Etude_S145_2_1,LisztConcert_Etude_S145_2,Liszt,Concert_Etude_S145_2,LisztConcert_Etude_S145_2:RH:85:125.500000:1,RH,85,125.500000,m.32 beat 2.500,1,0.125,0.893229167,0.768229167,0.125,medium,,,,,,,unmatched,0.125000,key-release-grid+next-voice-onset,yes,change,none,0.125,pedal-only,pedal carries sustain; keep short written note
Liszt_Concert_Etude_S145_2_1,LisztConcert_Etude_S145_2,Liszt,Concert_Etude_S145_2,LisztConcert_Etude_S145_2:RH:85:129.500000:3,RH,85,129.500000,m.33 beat 2.500,3,0.125,0.125,0.0,0.125,normal,P1,1,218.25,0.25,0,0,labeled,0.125000,key-release-grid+next-voice-onset+pedal-acoustic-grid,no,none,none,0.25,notation-shortening,reference duration 0.25; shorten acoustic extension to 0.25 (score convention; pedal carries the tail)
Liszt_Concert_Etude_S145_2_1,LisztConcert_Etude_S145_2,Liszt,Concert_Etude_S145_2,LisztConcert_Etude_S145_2:RH:85:139.250000:3,RH,85,139.250000,m.35 beat 4.250,3,0.125,1.380208333,1.255208333,0.25,medium,P1,5,234.75,0.5,0,0,reference-duration-not-candidate,0.125000;0.250000,key-release-grid;next-voice-onset,yes,hold,change,0.5,notation-shortening,reference duration 0.5; shorten acoustic extension to 0.5 (score convention; pedal carries the tail)
Liszt_Concert_Etude_S145_2_1,LisztConcert_Etude_S145_2,Liszt,Concert_Etude_S145_2,LisztConcert_Etude_S145_2:RH:85:16.250000:2,RH,85,16.250000,m.5 beat 1.250,2,0.125,0.552083333,0.427083333,0.125,medium,,,,,,,unmatched,0.125000,key-release-grid+next-voice-onset,yes,hold,none,0.125,pedal-only,pedal carries sustain; keep short written note
Liszt_Concert_Etude_S145_2_1,LisztConcert_Etude_S145_2,Liszt,Concert_Etude_S145_2,LisztConcert_Etude_S145_2:RH:85:28.250000:1,RH,85,28.250000,m.8 beat 1.250,1,0.125,0.46875,0.34375,0.25,medium,P1,1,48.0,0.125,0,0,ambiguous-candidate,0.125000;0.250000,key-release-grid;next-voice-onset,yes,hold,change,0.125,,routine; written duration follows score/readability
Liszt_Concert_Etude_S145_2_1,LisztConcert_Etude_S145_2,Liszt,Concert_Etude_S145_2,LisztConcert_Etude_S145_2:RH:85:29.750000:1,RH,85,29.750000,m.8 beat 2.750,1,0.125,0.533854167,0.408854167,0.25,medium,P1,1,51.0,0.125,0,0,ambiguous-candidate,0.125000;0.250000,key-release-grid;next-voice-onset,yes,hold,change,0.125,,routine; written duration follows score/readability
Liszt_Concert_Etude_S145_2_1,LisztConcert_Etude_S145_2,Liszt,Concert_Etude_S145_2,LisztConcert_Etude_S145_2:RH:85:31.250000:1,RH,85,31.250000,m.8 beat 4.250,1,0.125,0.541666667,0.416666667,0.125,medium,P1,1,54.0,0.125,0,0,labeled,0.125000,key-release-grid+next-voice-onset,yes,hold,change,0.125,,routine; written duration follows score/readability
Liszt_Concert_Etude_S145_2_1,LisztConcert_Etude_S145_2,Liszt,Concert_Etude_S145_2,LisztConcert_Etude_S145_2:RH:85:32.000000:1,RH,85,32.000000,m.9 beat 1.000,1,0.125,0.760416667,0.635416667,0.25,medium,P1,1,55.5,0.125,0,0,ambiguous-candidate,0.125000;0.250000,key-release-grid;next-voice-onset,yes,hold,none,0.125,,routine; written duration follows score/readability
Liszt_Concert_Etude_S145_2_1,LisztConcert_Etude_S145_2,Liszt,Concert_Etude_S145_2,LisztConcert_Etude_S145_2:RH:85:33.000000:1,RH,85,33.000000,m.9 beat 2.000,1,0.125,0.7109375,0.5859375,0.25,medium,P1,1,57.0,0.125,0,0,ambiguous-candidate,0.125000;0.250000,key-release-grid;next-voice-onset,yes,hold,change,0.125,,routine; written duration follows score/readability
Liszt_Concert_Etude_S145_2_1,LisztConcert_Etude_S145_2,Liszt,Concert_Etude_S145_2,LisztConcert_Etude_S145_2:RH:85:36.000000:1,RH,85,36.000000,m.10 beat 1.000,1,0.125,1.591145833,1.466145833,0.25,medium,,,,,,,unmatched,0.125000;0.250000,key-release-grid;next-voice-onset,yes,hold,none,0.125,pedal-only,pedal carries sustain; keep short written note
Liszt_Concert_Etude_S145_2_1,LisztConcert_Etude_S145_2,Liszt,Concert_Etude_S145_2,LisztConcert_Etude_S145_2:RH:85:36.625000:2,RH,85,36.625000,m.10 beat 1.625,2,0.125,0.966145833,0.841145833,0.125,medium,P1,1,61.75,0.25,0,0,labeled,0.125000,key-release-grid+next-voice-onset,yes,hold,change,0.25,notation-shortening,reference duration 0.25; shorten acoustic extension to 0.25 (score convention; pedal carries the tail)
Liszt_Concert_Etude_S145_2_1,LisztConcert_Etude_S145_2,Liszt,Concert_Etude_S145_2,LisztConcert_Etude_S145_2:RH:85:37.000000:2,RH,85,37.000000,m.10 beat 2.000,2,0.125,0.591145833,0.466145833,0.125,medium,P1,1,62.25,0.25,0,0,labeled,0.125000,key-release-grid+next-voice-onset,yes,hold,none,0.25,notation-shortening,reference duration 0.25; shorten acoustic extension to 0.25 (score convention; pedal carries the tail)
Liszt_Concert_Etude_S145_2_1,LisztConcert_Etude_S145_2,Liszt,Concert_Etude_S145_2,LisztConcert_Etude_S145_2:RH:85:37.250000:2,RH,85,37.250000,m.10 beat 2.250,2,0.125,0.341145833,0.216145833,0.125,normal,P1,1,62.25,0.25,0,0,labeled,0.125000,key-release-grid+next-voice-onset,no,hold,none,0.25,notation-shortening,reference duration 0.25; shorten acoustic extension to 0.25 (score convention; pedal carries the tail)
Liszt_Concert_Etude_S145_2_1,LisztConcert_Etude_S145_2,Liszt,Concert_Etude_S145_2,LisztConcert_Etude_S145_2:RH:85:38.125000:2,RH,85,38.125000,m.10 beat 3.125,2,0.125,0.322916667,0.197916667,0.125,normal,P1,1,63.75,0.25,0,0,labeled,0.125000,key-release-grid+next-voice-onset,no,hold,none,0.25,notation-shortening,reference duration 0.25; shorten acoustic extension to 0.25 (score convention; pedal carries the tail)
Liszt_Concert_Etude_S145_2_1,LisztConcert_Etude_S145_2,Liszt,Concert_Etude_S145_2,LisztConcert_Etude_S145_2:RH:85:4.875000:1,RH,85,4.875000,m.2 beat 1.875,1,0.125,0.125,0.0,0.25,normal,,,,,,,unmatched,0.125000;0.250000,key-release-grid+pedal-acoustic-grid;next-voice-onset,no,none,none,0.125,,routine; written duration follows score/readability
Liszt_Concert_Etude_S145_2_1,LisztConcert_Etude_S145_2,Liszt,Concert_Etude_S145_2,LisztConcert_Etude_S145_2:RH:85:41.125000:1,RH,85,41.125000,m.11 beat 2.125,1,0.125,0.9609375,0.8359375,0.208333333,medium,,,,,,,unmatched,0.125000;0.208333,key-release-grid;next-voice-onset,yes,hold,none,0.125,pedal-only,pedal carries sustain; keep short written note
Liszt_Concert_Etude_S145_2_1,LisztConcert_Etude_S145_2,Liszt,Concert_Etude_S145_2,LisztConcert_Etude_S145_2:RH:85:41.666667:2,RH,85,41.666667,m.11 beat 2.667,2,0.125,0.419270833,0.294270833,0.208333333,medium,,,,,,,unmatched,0.125000;0.208333,key-release-grid;next-voice-onset,yes,hold,none,0.125,pedal-only,pedal carries sustain; keep short written note
Liszt_Concert_Etude_S145_2_1,LisztConcert_Etude_S145_2,Liszt,Concert_Etude_S145_2,LisztConcert_Etude_S145_2:RH:85:42.125000:2,RH,85,42.125000,m.11 beat 3.125,2,0.125,0.125,0.0,0.125,normal,P1,1,70.75,0.25,0,0,labeled,0.125000,key-release-grid+next-voice-onset+pedal-acoustic-grid,no,release,change,0.25,notation-shortening,reference duration 0.25; shorten acoustic extension to 0.25 (score convention; pedal carries the tail)
Liszt_Concert_Etude_S145_2_1,LisztConcert_Etude_S145_2,Liszt,Concert_Etude_S145_2,LisztConcert_Etude_S145_2:RH:85:42.375000:2,RH,85,42.375000,m.11 beat 3.375,2,0.125,0.125,0.0,0.125,normal,P1,1,71.25,0.25,0,0,labeled,0.125000,key-release-grid+next-voice-onset+pedal-acoustic-grid,no,none,none,0.25,notation-shortening,reference duration 0.25; shorten acoustic extension to 0.25 (score convention; pedal carries the tail)
Liszt_Concert_Etude_S145_2_1,LisztConcert_Etude_S145_2,Liszt,Concert_Etude_S145_2,LisztConcert_Etude_S145_2:RH:85:43.250000:2,RH,85,43.250000,m.11 beat 4.250,2,0.125,0.34375,0.21875,0.416666667,normal,P1,1,72.75,0.25,0,0,ambiguous-candidate,0.125000;0.250000;0.333333;0.375000;0.416667,key-release-grid;next-voice-onset;pedal-acoustic-grid,no,hold,none,0.25,notation-shortening,reference duration 0.25; shorten acoustic extension to 0.25 (score convention; pedal carries the tail)
Liszt_Concert_Etude_S145_2_1,LisztConcert_Etude_S145_2,Liszt,Concert_Etude_S145_2,LisztConcert_Etude_S145_2:RH:85:46.333333:2,RH,85,46.333333,m.12 beat 3.333,2,0.125,0.744791667,0.619791667,0.166666667,medium,,,,,,,unmatched,0.125000;0.166667,key-release-grid;next-voice-onset,yes,hold,none,0.125,pedal-only,pedal carries sustain; keep short written note
Liszt_Concert_Etude_S145_2_1,LisztConcert_Etude_S145_2,Liszt,Concert_Etude_S145_2,LisztConcert_Etude_S145_2:RH:85:47.125000:2,RH,85,47.125000,m.12 beat 4.125,2,0.125,0.783854167,0.658854167,0.25,medium,,,,,,,unmatched,0.125000;0.250000,key-release-grid;next-voice-onset,yes,change,none,0.125,pedal-only,pedal carries sustain; keep short written note
Liszt_Concert_Etude_S145_2_1,LisztConcert_Etude_S145_2,Liszt,Concert_Etude_S145_2,LisztConcert_Etude_S145_2:RH:85:47.875000:2,RH,85,47.875000,m.12 beat 4.875,2,0.125,0.125,0.0,0.25,normal,,,,,,,unmatched,0.125000;0.250000,barline+key-release-grid+pedal-acoustic-grid;next-voice-onset,no,change,none,0.125,,routine; written duration follows score/readability
Liszt_Concert_Etude_S145_2_1,LisztConcert_Etude_S145_2,Liszt,Concert_Etude_S145_2,LisztConcert_Etude_S145_2:RH:85:48.125000:2,RH,85,48.125000,m.13 beat 1.125,2,0.125,0.677083333,0.552083333,0.125,medium,,,,,,,unmatched,0.125000,key-release-grid+next-voice-onset,yes,hold,none,0.125,pedal-only,pedal carries sustain; keep short written note
Liszt_Concert_Etude_S145_2_1,LisztConcert_Etude_S145_2,Liszt,Concert_Etude_S145_2,LisztConcert_Etude_S145_2:RH:85:48.750000:2,RH,85,48.750000,m.13 beat 1.750,2,0.125,0.125,0.0,0.125,normal,,,,,,,unmatched,0.125000,key-release-grid+next-voice-onset+pedal-acoustic-grid,no,change,none,0.125,,routine; written duration follows score/readability
Liszt_Concert_Etude_S145_2_1,LisztConcert_Etude_S145_2,Liszt,Concert_Etude_S145_2,LisztConcert_Etude_S145_2:RH:85:49.000000:2,RH,85,49.000000,m.13 beat 2.000,2,0.125,0.713541667,0.588541667,0.125,medium,,,,,,,unmatched,0.125000,key-release-grid+next-voice-onset,yes,hold,none,0.125,pedal-only,pedal carries sustain; keep short written note
Liszt_Concert_Etude_S145_2_1,LisztConcert_Etude_S145_2,Liszt,Concert_Etude_S145_2,LisztConcert_Etude_S145_2:RH:85:49.875000:3,RH,85,49.875000,m.13 beat 2.875,3,0.125,0.330729167,0.205729167,0.125,normal,P1,1,84.0,0.25,0,0,labeled,0.125000,key-release-grid+next-voice-onset,no,hold,change,0.25,notation-shortening,reference duration 0.25; shorten acoustic extension to 0.25 (score convention; pedal carries the tail)
Liszt_Concert_Etude_S145_2_1,LisztConcert_Etude_S145_2,Liszt,Concert_Etude_S145_2,LisztConcert_Etude_S145_2:RH:85:5.250000:1,RH,85,5.250000,m.2 beat 2.250,1,0.125,0.125,0.0,0.25,normal,,,,,,,unmatched,0.125000;0.250000,key-release-grid+pedal-acoustic-grid;next-voice-onset,no,none,none,0.125,,routine; written duration follows score/readability
Liszt_Concert_Etude_S145_2_1,LisztConcert_Etude_S145_2,Liszt,Concert_Etude_S145_2,LisztConcert_Etude_S145_2:RH:85:5.750000:1,RH,85,5.750000,m.2 beat 2.750,1,0.125,0.125,0.0,0.25,normal,,,,,,,unmatched,0.125000;0.250000,key-release-grid+pedal-acoustic-grid;next-voice-onset,no,none,none,0.125,,routine; written duration follows score/readability
Liszt_Concert_Etude_S145_2_1,LisztConcert_Etude_S145_2,Liszt,Concert_Etude_S145_2,LisztConcert_Etude_S145_2:RH:85:51.375000:3,RH,85,51.375000,m.13 beat 4.375,3,0.125,0.125,0.0,0.125,normal,P1,1,86.75,0.25,0,0,labeled,0.125000,key-release-grid+next-voice-onset+pedal-acoustic-grid,no,change,none,0.25,notation-shortening,reference duration 0.25; shorten acoustic extension to 0.25 (score convention; pedal carries the tail)
Liszt_Concert_Etude_S145_2_1,LisztConcert_Etude_S145_2,Liszt,Concert_Etude_S145_2,LisztConcert_Etude_S145_2:RH:85:53.250000:2,RH,85,53.250000,m.14 beat 2.250,2,0.125,0.833333333,0.708333333,0.125,medium,,,,,,,unmatched,0.125000,key-release-grid+next-voice-onset,yes,change,none,0.125,pedal-only,pedal carries sustain; keep short written note
Liszt_Concert_Etude_S145_2_1,LisztConcert_Etude_S145_2,Liszt,Concert_Etude_S145_2,LisztConcert_Etude_S145_2:RH:85:54.125000:2,RH,85,54.125000,m.14 beat 3.125,2,0.125,0.950520833,0.825520833,0.125,medium,,,,,,,unmatched,0.125000,key-release-grid+next-voice-onset,yes,change,none,0.125,pedal-only,pedal carries sustain; keep short written note
Liszt_Concert_Etude_S145_2_1,LisztConcert_Etude_S145_2,Liszt,Concert_Etude_S145_2,LisztConcert_Etude_S145_2:RH:85:56.625000:3,RH,85,56.625000,m.15 beat 1.625,3,0.125,1.9296875,1.8046875,0.125,medium,P1,1,95.5,0.25,0,0,labeled,0.125000,key-release-grid+next-voice-onset,yes,change,none,0.25,notation-shortening,reference duration 0.25; shorten acoustic extension to 0.25 (score convention; pedal carries the tail)
Liszt_Concert_Etude_S145_2_1,LisztConcert_Etude_S145_2,Liszt,Concert_Etude_S145_2,LisztConcert_Etude_S145_2:RH:85:57.666667:3,RH,85,57.666667,m.15 beat 2.667,3,0.125,0.888020833,0.763020833,0.333333333,medium,,,,,,,unmatched,0.125000;0.333333,key-release-grid;next-voice-onset,yes,hold,none,0.125,pedal-only,pedal carries sustain; keep short written note
Liszt_Concert_Etude_S145_2_1,LisztConcert_Etude_S145_2,Liszt,Concert_Etude_S145_2,LisztConcert_Etude_S145_2:RH:85:59.333333:3,RH,85,59.333333,m.15 beat 4.333,3,0.125,0.125,0.0,0.166666667,normal,,,,,,,unmatched,0.125000;0.166667,key-release-grid+pedal-acoustic-grid;next-voice-onset,no,change,none,0.125,,routine; written duration follows score/readability
Liszt_Concert_Etude_S145_2_1,LisztConcert_Etude_S145_2,Liszt,Concert_Etude_S145_2,LisztConcert_Etude_S145_2:RH:85:6.125000:1,RH,85,6.125000,m.2 beat 3.125,1,0.125,0.125,0.0,0.625,normal,,,,,,,unmatched,0.125000;0.625000,key-release-grid+pedal-acoustic-grid;next-voice-onset,no,none,none,0.125,,routine; written duration follows score/readability
Liszt_Concert_Etude_S145_2_1,LisztConcert_Etude_S145_2,Liszt,Concert_Etude_S145_2,LisztConcert_Etude_S145_2:RH:85:6.750000:1,RH,85,6.750000,m.2 beat 3.750,1,0.125,0.125,0.0,0.375,normal,,,,,,,unmatched,0.125000;0.375000,key-release-grid+pedal-acoustic-grid;next-voice-onset,no,none,none,0.125,,routine; written duration follows score/readability
Liszt_Concert_Etude_S145_2_1,LisztConcert_Etude_S145_2,Liszt,Concert_Etude_S145_2,LisztConcert_Etude_S145_2:RH:85:60.333333:3,RH,85,60.333333,m.16 beat 1.333,3,0.125,0.893229167,0.768229167,0.166666667,medium,,,,,,,unmatched,0.125000;0.166667,key-release-grid;next-voice-onset,yes,hold,none,0.125,pedal-only,pedal carries sustain; keep short written note
Liszt_Concert_Etude_S145_2_1,LisztConcert_Etude_S145_2,Liszt,Concert_Etude_S145_2,LisztConcert_Etude_S145_2:RH:85:62.125000:3,RH,85,62.125000,m.16 beat 3.125,3,0.125,0.125,0.0,0.125,normal,,,,,,,unmatched,0.125000,key-release-grid+next-voice-onset+pedal-acoustic-grid,no,change,none,0.125,,routine; written duration follows score/readability
Liszt_Concert_Etude_S145_2_1,LisztConcert_Etude_S145_2,Liszt,Concert_Etude_S145_2,LisztConcert_Etude_S145_2:RH:85:66.875000:1,RH,85,66.875000,m.17 beat 3.875,1,0.125,0.869791667,0.744791667,0.125,medium,P1,5,112.5,0.5,0,0,reference-duration-not-candidate,0.125000,key-release-grid+next-voice-onset,yes,hold,change,0.5,notation-shortening,reference duration 0.5; shorten acoustic extension to 0.5 (score convention; pedal carries the tail)
Liszt_Concert_Etude_S145_2_1,LisztConcert_Etude_S145_2,Liszt,Concert_Etude_S145_2,LisztConcert_Etude_S145_2:RH:85:7.250000:1,RH,85,7.250000,m.2 beat 4.250,1,0.125,0.125,0.0,0.25,normal,,,,,,,unmatched,0.125000;0.250000,key-release-grid+pedal-acoustic-grid;next-voice-onset,no,none,none,0.125,,routine; written duration follows score/readability
Liszt_Concert_Etude_S145_2_1,LisztConcert_Etude_S145_2,Liszt,Concert_Etude_S145_2,LisztConcert_Etude_S145_2:RH:85:78.375000:1,RH,85,78.375000,m.20 beat 3.375,1,0.125,0.125,0.0,0.291666667,normal,,,,,,,unmatched,0.125000;0.291667,key-release-grid+pedal-acoustic-grid;next-voice-onset,no,none,none,0.125,,routine; written duration follows score/readability
Liszt_Concert_Etude_S145_2_1,LisztConcert_Etude_S145_2,Liszt,Concert_Etude_S145_2,LisztConcert_Etude_S145_2:RH:85:78.750000:3,RH,85,78.750000,m.20 beat 3.750,3,0.125,0.125,0.0,0.25,normal,,,,,,,unmatched,0.125000;0.250000,key-release-grid+pedal-acoustic-grid;next-voice-onset,no,none,none,0.125,,routine; written duration follows score/readability
Liszt_Concert_Etude_S145_2_1,LisztConcert_Etude_S145_2,Liszt,Concert_Etude_S145_2,LisztConcert_Etude_S145_2:RH:85:79.250000:3,RH,85,79.250000,m.20 beat 4.250,3,0.125,0.125,0.0,0.625,normal,,,,,,,unmatched,0.125000;0.625000,key-release-grid+pedal-acoustic-grid;next-voice-onset,no,none,none,0.125,,routine; written duration follows score/readability
Liszt_Concert_Etude_S145_2_1,LisztConcert_Etude_S145_2,Liszt,Concert_Etude_S145_2,LisztConcert_Etude_S145_2:RH:85:79.625000:1,RH,85,79.625000,m.20 beat 4.625,1,0.125,0.125,0.0,0.625,normal,,,,,,,unmatched,0.125000;0.375000;0.625000,barline;key-release-grid+pedal-acoustic-grid;next-voice-onset,no,none,none,0.125,,routine; written duration follows score/readability
Liszt_Concert_Etude_S145_2_1,LisztConcert_Etude_S145_2,Liszt,Concert_Etude_S145_2,LisztConcert_Etude_S145_2:RH:85:8.000000:1,RH,85,8.000000,m.3 beat 1.000,1,0.125,0.125,0.0,0.125,normal,,,,,,,unmatched,0.125000,key-release-grid+next-voice-onset+pedal-acoustic-grid,no,none,none,0.125,,routine; written duration follows score/readability
Liszt_Concert_Etude_S145_2_1,LisztConcert_Etude_S145_2,Liszt,Concert_Etude_S145_2,LisztConcert_Etude_S145_2:RH:85:8.625000:1,RH,85,8.625000,m.3 beat 1.625,1,0.125,0.125,0.0,0.5,normal,,,,,,,unmatched,0.125000;0.500000,key-release-grid+pedal-acoustic-grid;next-voice-onset,no,none,none,0.125,,routine; written duration follows score/readability
Liszt_Concert_Etude_S145_2_1,LisztConcert_Etude_S145_2,Liszt,Concert_Etude_S145_2,LisztConcert_Etude_S145_2:RH:85:80.250000:1,RH,85,80.250000,m.21 beat 1.250,1,0.125,0.125,0.0,0.25,normal,,,,,,,unmatched,0.125000;0.250000,key-release-grid+pedal-acoustic-grid;next-voice-onset,no,none,none,0.125,,routine; written duration follows score/readability
Liszt_Concert_Etude_S145_2_1,LisztConcert_Etude_S145_2,Liszt,Concert_Etude_S145_2,LisztConcert_Etude_S145_2:RH:85:80.625000:1,RH,85,80.625000,m.21 beat 1.625,1,0.125,0.125,0.0,0.25,normal,,,,,,,unmatched,0.125000;0.250000,key-release-grid+pedal-acoustic-grid;next-voice-onset,no,none,none,0.125,,routine; written duration follows score/readability
Liszt_Concert_Etude_S145_2_1,LisztConcert_Etude_S145_2,Liszt,Concert_Etude_S145_2,LisztConcert_Etude_S145_2:RH:85:81.333333:1,RH,85,81.333333,m.21 beat 2.333,1,0.125,0.125,0.0,0.166666667,normal,,,,,,,unmatched,0.125000;0.166667,key-release-grid+pedal-acoustic-grid;next-voice-onset,no,none,none,0.125,,routine; written duration follows score/readability
Liszt_Concert_Etude_S145_2_1,LisztConcert_Etude_S145_2,Liszt,Concert_Etude_S145_2,LisztConcert_Etude_S145_2:RH:85:81.875000:1,RH,85,81.875000,m.21 beat 2.875,1,0.125,0.125,0.0,0.625,normal,,,,,,,unmatched,0.125000;0.625000,key-release-grid+pedal-acoustic-grid;next-voice-onset,no,none,none,0.125,,routine; written duration follows score/readability
Liszt_Concert_Etude_S145_2_1,LisztConcert_Etude_S145_2,Liszt,Concert_Etude_S145_2,LisztConcert_Etude_S145_2:RH:85:83.500000:1,RH,85,83.500000,m.21 beat 4.500,1,0.125,0.588541667,0.463541667,0.125,medium,,,,,,,unmatched,0.125000,key-release-grid+next-voice-onset,yes,hold,none,0.125,pedal-only,pedal carries sustain; keep short written note
Liszt_Concert_Etude_S145_2_1,LisztConcert_Etude_S145_2,Liszt,Concert_Etude_S145_2,LisztConcert_Etude_S145_2:RH:85:89.625000:3,RH,85,89.625000,m.23 beat 2.625,3,0.125,0.6171875,0.4921875,0.25,medium,,,,,,,unmatched,0.125000;0.250000,key-release-grid;next-voice-onset,yes,hold,none,0.125,pedal-only,pedal carries sustain; keep short written note
Liszt_Concert_Etude_S145_2_1,LisztConcert_Etude_S145_2,Liszt,Concert_Etude_S145_2,LisztConcert_Etude_S145_2:RH:86:109.625000:3,RH,86,109.625000,m.28 beat 2.625,3,0.125,1.567708333,1.442708333,0.125,medium,,,,,,,unmatched,0.125000,key-release-grid+next-voice-onset,yes,hold,none,0.125,pedal-only,pedal carries sustain; keep short written note
Liszt_Concert_Etude_S145_2_1,LisztConcert_Etude_S145_2,Liszt,Concert_Etude_S145_2,LisztConcert_Etude_S145_2:RH:86:110.125000:3,RH,86,110.125000,m.28 beat 3.125,3,0.125,1.067708333,0.942708333,0.125,medium,,,,,,,unmatched,0.125000,key-release-grid+next-voice-onset,yes,hold,none,0.125,pedal-only,pedal carries sustain; keep short written note
Liszt_Concert_Etude_S145_2_1,LisztConcert_Etude_S145_2,Liszt,Concert_Etude_S145_2,LisztConcert_Etude_S145_2:RH:86:110.666667:3,RH,86,110.666667,m.28 beat 3.667,3,0.125,0.526041667,0.401041667,0.208333333,medium,P1,1,184.75,0.25,0,0,ambiguous-candidate,0.125000;0.208333,key-release-grid;next-voice-onset,yes,hold,change,0.25,notation-shortening,reference duration 0.25; shorten acoustic extension to 0.25 (score convention; pedal carries the tail)
Liszt_Concert_Etude_S145_2_1,LisztConcert_Etude_S145_2,Liszt,Concert_Etude_S145_2,LisztConcert_Etude_S145_2:RH:86:110.875000:3,RH,86,110.875000,m.28 beat 3.875,3,0.125,0.317708333,0.192708333,0.25,normal,P1,1,185.25,0.25,0,0,ambiguous-candidate,0.125000;0.250000,key-release-grid;next-voice-onset+pedal-acoustic-grid,no,hold,none,0.25,notation-shortening,reference duration 0.25; shorten acoustic extension to 0.25 (score convention; pedal carries the tail)
Liszt_Concert_Etude_S145_2_1,LisztConcert_Etude_S145_2,Liszt,Concert_Etude_S145_2,LisztConcert_Etude_S145_2:RH:86:111.625000:3,RH,86,111.625000,m.28 beat 4.625,3,0.125,0.416666667,0.291666667,0.125,medium,P1,1,186.75,0.25,0,0,labeled,0.125000,key-release-grid+next-voice-onset,yes,hold,none,0.25,notation-shortening,reference duration 0.25; shorten acoustic extension to 0.25 (score convention; pedal carries the tail)
Liszt_Concert_Etude_S145_2_1,LisztConcert_Etude_S145_2,Liszt,Concert_Etude_S145_2,LisztConcert_Etude_S145_2:RH:86:114.625000:2,RH,86,114.625000,m.29 beat 3.625,2,0.125,1.53125,1.40625,0.125,medium,,,,,,,unmatched,0.125000,key-release-grid+next-voice-onset,yes,hold,none,0.125,pedal-only,pedal carries sustain; keep short written note
Liszt_Concert_Etude_S145_2_1,LisztConcert_Etude_S145_2,Liszt,Concert_Etude_S145_2,LisztConcert_Etude_S145_2:RH:86:115.125000:2,RH,86,115.125000,m.29 beat 4.125,2,0.125,1.03125,0.90625,0.125,medium,,,,,,,unmatched,0.125000,key-release-grid+next-voice-onset,yes,hold,none,0.125,pedal-only,pedal carries sustain; keep short written note
Liszt_Concert_Etude_S145_2_1,LisztConcert_Etude_S145_2,Liszt,Concert_Etude_S145_2,LisztConcert_Etude_S145_2:RH:86:115.625000:2,RH,86,115.625000,m.29 beat 4.625,2,0.125,0.53125,0.40625,0.25,medium,P1,1,193.75,0.25,0,0,ambiguous-candidate,0.125000;0.250000,key-release-grid;next-voice-onset,yes,hold,change,0.25,notation-shortening,reference duration 0.25; shorten acoustic extension to 0.25 (score convention; pedal carries the tail)
Liszt_Concert_Etude_S145_2_1,LisztConcert_Etude_S145_2,Liszt,Concert_Etude_S145_2,LisztConcert_Etude_S145_2:RH:86:115.875000:2,RH,86,115.875000,m.29 beat 4.875,2,0.125,0.28125,0.15625,0.25,normal,P1,1,194.25,0.25,0,0,ambiguous-candidate,0.125000;0.250000,barline+key-release-grid;next-voice-onset+pedal-acoustic-grid,no,hold,none,0.25,notation-shortening,reference duration 0.25; shorten acoustic extension to 0.25 (score convention; pedal carries the tail)
Liszt_Concert_Etude_S145_2_1,LisztConcert_Etude_S145_2,Liszt,Concert_Etude_S145_2,LisztConcert_Etude_S145_2:RH:86:116.625000:2,RH,86,116.625000,m.30 beat 1.625,2,0.125,0.440104167,0.315104167,0.125,medium,P1,1,195.75,0.25,0,0,labeled,0.125000,key-release-grid+next-voice-onset,yes,hold,none,0.25,notation-shortening,reference duration 0.25; shorten acoustic extension to 0.25 (score convention; pedal carries the tail)
Liszt_Concert_Etude_S145_2_1,LisztConcert_Etude_S145_2,Liszt,Concert_Etude_S145_2,LisztConcert_Etude_S145_2:RH:86:119.625000:1,RH,86,119.625000,m.30 beat 4.625,1,0.125,0.768229167,0.643229167,0.125,medium,,,,,,,unmatched,0.125000,key-release-grid+next-voice-onset,yes,hold,none,0.125,pedal-only,pedal carries sustain; keep short written note
Liszt_Concert_Etude_S145_2_1,LisztConcert_Etude_S145_2,Liszt,Concert_Etude_S145_2,LisztConcert_Etude_S145_2:RH:86:120.500000:1,RH,86,120.500000,m.31 beat 1.500,1,0.125,0.723958333,0.598958333,0.166666667,medium,,,,,,,unmatched,0.125000;0.166667,key-release-grid;next-voice-onset,yes,hold,none,0.125,pedal-only,pedal carries sustain; keep short written note
Liszt_Concert_Etude_S145_2_1,LisztConcert_Etude_S145_2,Liszt,Concert_Etude_S145_2,LisztConcert_Etude_S145_2:RH:86:121.000000:1,RH,86,121.000000,m.31 beat 2.000,1,0.125,0.223958333,0.098958333,0.25,normal,,,,,,,unmatched,0.125000;0.250000,key-release-grid;next-voice-onset+pedal-acoustic-grid,no,change,none,0.125,,routine; written duration follows score/readability
Liszt_Concert_Etude_S145_2_1,LisztConcert_Etude_S145_2,Liszt,Concert_Etude_S145_2,LisztConcert_Etude_S145_2:RH:86:121.375000:1,RH,86,121.375000,m.31 beat 2.375,1,0.125,0.697916667,0.572916667,0.125,medium,,,,,,,unmatched,0.125000,key-release-grid+next-voice-onset,yes,hold,none,0.125,pedal-only,pedal carries sustain; keep short written note
Liszt_Concert_Etude_S145_2_1,LisztConcert_Etude_S145_2,Liszt,Concert_Etude_S145_2,LisztConcert_Etude_S145_2:RH:86:121.875000:1,RH,86,121.875000,m.31 beat 2.875,1,0.125,0.197916667,0.072916667,0.25,normal,,,,,,,unmatched,0.125000;0.250000,key-release-grid;next-voice-onset+pedal-acoustic-grid,no,change,none,0.125,,routine; written duration follows score/readability
Liszt_Concert_Etude_S145_2_1,LisztConcert_Etude_S145_2,Liszt,Concert_Etude_S145_2,LisztConcert_Etude_S145_2:RH:86:122.250000:1,RH,86,122.250000,m.31 beat 3.250,1,0.125,0.817708333,0.692708333,0.125,medium,,,,,,,unmatched,0.125000,key-release-grid+next-voice-onset,yes,hold,none,0.125,pedal-only,pedal carries sustain; keep short written note
Liszt_Concert_Etude_S145_2_1,LisztConcert_Etude_S145_2,Liszt,Concert_Etude_S145_2,LisztConcert_Etude_S145_2:RH:86:123.125000:1,RH,86,123.125000,m.31 beat 4.125,1,0.125,0.65625,0.53125,0.125,medium,,,,,,,unmatched,0.125000,key-release-grid+next-voice-onset,yes,change,none,0.125,pedal-only,pedal carries sustain; keep short written note
Liszt_Concert_Etude_S145_2_1,LisztConcert_Etude_S145_2,Liszt,Concert_Etude_S145_2,LisztConcert_Etude_S145_2:RH:86:124.625000:1,RH,86,124.625000,m.32 beat 1.625,1,0.125,0.880208333,0.755208333,0.125,medium,P1,1,209.75,0.25,0,0,labeled,0.125000,key-release-grid+next-voice-onset,yes,change,start,0.25,notation-shortening,reference duration 0.25; shorten acoustic extension to 0.25 (score convention; pedal carries the tail)
Liszt_Concert_Etude_S145_2_1,LisztConcert_Etude_S145_2,Liszt,Concert_Etude_S145_2,LisztConcert_Etude_S145_2:RH:86:126.250000:1,RH,86,126.250000,m.32 beat 3.250,1,0.125,0.143229167,0.018229167,0.125,normal,,,,,,,unmatched,0.125000,key-release-grid+next-voice-onset+pedal-acoustic-grid,no,change,none,0.125,,routine; written duration follows score/readability
Liszt_Concert_Etude_S145_2_1,LisztConcert_Etude_S145_2,Liszt,Concert_Etude_S145_2,LisztConcert_Etude_S145_2:RH:86:127.125000:3,RH,86,127.125000,m.32 beat 4.125,3,0.125,0.138020833,0.013020833,0.125,normal,,,,,,,unmatched,0.125000,key-release-grid+next-voice-onset+pedal-acoustic-grid,no,change,none,0.125,,routine; written duration follows score/readability
Liszt_Concert_Etude_S145_2_1,LisztConcert_Etude_S145_2,Liszt,Concert_Etude_S145_2,LisztConcert_Etude_S145_2:RH:86:129.625000:3,RH,86,129.625000,m.33 beat 2.625,3,0.125,0.125,0.0,0.125,normal,,,,,,,unmatched,0.125000,key-release-grid+next-voice-onset+pedal-acoustic-grid,no,change,none,0.125,,routine; written duration follows score/readability
Liszt_Concert_Etude_S145_2_1,LisztConcert_Etude_S145_2,Liszt,Concert_Etude_S145_2,LisztConcert_Etude_S145_2:RH:86:130.625000:3,RH,86,130.625000,m.33 beat 3.625,3,0.125,0.8359375,0.7109375,0.125,medium,,,,,,,unmatched,0.125000,key-release-grid+next-voice-onset,yes,hold,none,0.125,pedal-only,pedal carries sustain; keep short written note
Liszt_Concert_Etude_S145_2_1,LisztConcert_Etude_S145_2,Liszt,Concert_Etude_S145_2,LisztConcert_Etude_S145_2:RH:86:132.333333:2,RH,86,132.333333,m.34 beat 1.333,2,0.125,0.125,0.0,0.166666667,normal,P1,1,223.25,0.25,0,0,ambiguous-candidate,0.125000;0.166667,key-release-grid+pedal-acoustic-grid;next-voice-onset,no,change,change,0.25,notation-shortening,reference duration 0.25; shorten acoustic extension to 0.25 (score convention; pedal carries the tail)
Liszt_Concert_Etude_S145_2_1,LisztConcert_Etude_S145_2,Liszt,Concert_Etude_S145_2,LisztConcert_Etude_S145_2:RH:86:133.125000:2,RH,86,133.125000,m.34 beat 2.125,2,0.125,0.9140625,0.7890625,0.25,medium,,,,,,,unmatched,0.125000;0.250000,key-release-grid;next-voice-onset,yes,hold,none,0.125,pedal-only,pedal carries sustain; keep short written note
Liszt_Concert_Etude_S145_2_1,LisztConcert_Etude_S145_2,Liszt,Concert_Etude_S145_2,LisztConcert_Etude_S145_2:RH:86:134.875000:1,RH,86,134.875000,m.34 beat 3.875,1,0.125,0.125,0.0,0.75,normal,P1,1,227.75,0.25,0,0,labeled,0.125000;0.750000,key-release-grid+pedal-acoustic-grid;next-voice-onset,no,change,change,0.25,notation-shortening,reference duration 0.25; shorten acoustic extension to 0.25 (score convention; pedal carries the tail)
Liszt_Concert_Etude_S145_2_1,LisztConcert_Etude_S145_2,Liszt,Concert_Etude_S145_2,LisztConcert_Etude_S145_2:RH:86:139.750000:3,RH,86,139.750000,m.35 beat 4.750,3,0.125,0.880208333,0.755208333,0.25,medium,P1,5,235.5,0.5,0,0,reference-duration-not-candidate,0.125000;0.250000,barline+next-voice-onset;key-release-grid,yes,hold,change,0.5,notation-shortening,reference duration 0.5; shorten acoustic extension to 0.5 (score convention; pedal carries the tail)
Liszt_Concert_Etude_S145_2_1,LisztConcert_Etude_S145_2,Liszt,Concert_Etude_S145_2,LisztConcert_Etude_S145_2:RH:86:33.000000:1,RH,86,33.000000,m.9 beat 2.000,1,0.125,0.7109375,0.5859375,0.25,medium,,,,,,,unmatched,0.125000;0.250000,key-release-grid;next-voice-onset,yes,hold,none,0.125,pedal-only,pedal carries sustain; keep short written note
Liszt_Concert_Etude_S145_2_1,LisztConcert_Etude_S145_2,Liszt,Concert_Etude_S145_2,LisztConcert_Etude_S145_2:RH:86:38.875000:2,RH,86,38.875000,m.10 beat 3.875,2,0.125,0.125,0.0,0.125,normal,,,,,,,unmatched,0.125000,key-release-grid+next-voice-onset+pedal-acoustic-grid,no,none,none,0.125,,routine; written duration follows score/readability
Liszt_Concert_Etude_S145_2_1,LisztConcert_Etude_S145_2,Liszt,Concert_Etude_S145_2,LisztConcert_Etude_S145_2:RH:86:47.750000:2,RH,86,47.750000,m.12 beat 4.750,2,0.125,0.158854167,0.033854167,0.125,normal,,,,,,,unmatched,0.125000,key-release-grid+next-voice-onset+pedal-acoustic-grid,no,change,none,0.125,,routine; written duration follows score/readability
Liszt_Concert_Etude_S145_2_1,LisztConcert_Etude_S145_2,Liszt,Concert_Etude_S145_2,LisztConcert_Etude_S145_2:RH:86:5.125000:1,RH,86,5.125000,m.2 beat 2.125,1,0.125,0.125,0.0,0.125,normal,,,,,,,unmatched,0.125000,key-release-grid+next-voice-onset+pedal-acoustic-grid,no,none,none,0.125,,routine; written duration follows score/readability
Liszt_Concert_Etude_S145_2_1,LisztConcert_Etude_S145_2,Liszt,Concert_Etude_S145_2,LisztConcert_Etude_S145_2:RH:86:51.500000:3,RH,86,51.500000,m.13 beat 4.500,3,0.125,0.861979167,0.736979167,0.166666667,medium,,,,,,,unmatched,0.125000;0.166667,key-release-grid;next-voice-onset,yes,change,none,0.125,pedal-only,pedal carries sustain; keep short written note
Liszt_Concert_Etude_S145_2_1,LisztConcert_Etude_S145_2,Liszt,Concert_Etude_S145_2,LisztConcert_Etude_S145_2:RH:86:52.500000:2,RH,86,52.500000,m.14 beat 1.500,2,0.125,0.734375,0.609375,0.166666667,medium,,,,,,,unmatched,0.125000;0.166667,key-release-grid;next-voice-onset,yes,hold,none,0.125,pedal-only,pedal carries sustain; keep short written note
Liszt_Concert_Etude_S145_2_1,LisztConcert_Etude_S145_2,Liszt,Concert_Etude_S145_2,LisztConcert_Etude_S145_2:RH:86:53.000000:2,RH,86,53.000000,m.14 beat 2.000,2,0.125,0.234375,0.109375,0.25,normal,,,,,,,unmatched,0.125000;0.250000,key-release-grid;next-voice-onset+pedal-acoustic-grid,no,change,none,0.125,,routine; written duration follows score/readability
Liszt_Concert_Etude_S145_2_1,LisztConcert_Etude_S145_2,Liszt,Concert_Etude_S145_2,LisztConcert_Etude_S145_2:RH:86:53.375000:2,RH,86,53.375000,m.14 beat 2.375,2,0.125,0.708333333,0.583333333,0.125,medium,,,,,,,unmatched,0.125000,key-release-grid+next-voice-onset,yes,hold,none,0.125,pedal-only,pedal carries sustain; keep short written note
Liszt_Concert_Etude_S145_2_1,LisztConcert_Etude_S145_2,Liszt,Concert_Etude_S145_2,LisztConcert_Etude_S145_2:RH:86:54.000000:2,RH,86,54.000000,m.14 beat 3.000,2,0.125,0.125,0.0,0.125,normal,,,,,,,unmatched,0.125000,key-release-grid+next-voice-onset+pedal-acoustic-grid,no,change,none,0.125,,routine; written duration follows score/readability
Liszt_Concert_Etude_S145_2_1,LisztConcert_Etude_S145_2,Liszt,Concert_Etude_S145_2,LisztConcert_Etude_S145_2:RH:86:54.250000:2,RH,86,54.250000,m.14 beat 3.250,2,0.125,0.825520833,0.700520833,0.125,medium,,,,,,,unmatched,0.125000,key-release-grid+next-voice-onset,yes,hold,none,0.125,pedal-only,pedal carries sustain; keep short written note
Liszt_Concert_Etude_S145_2_1,LisztConcert_Etude_S145_2,Liszt,Concert_Etude_S145_2,LisztConcert_Etude_S145_2:RH:86:55.250000:2,RH,86,55.250000,m.14 beat 4.250,2,0.125,0.653645833,0.528645833,0.125,medium,P1,1,93.0,0.25,0,0,labeled,0.125000,key-release-grid+next-voice-onset,yes,hold,none,0.25,notation-shortening,reference duration 0.25; shorten acoustic extension to 0.25 (score convention; pedal carries the tail)
Liszt_Concert_Etude_S145_2_1,LisztConcert_Etude_S145_2,Liszt,Concert_Etude_S145_2,LisztConcert_Etude_S145_2:RH:86:56.750000:3,RH,86,56.750000,m.15 beat 1.750,3,0.125,1.8046875,1.6796875,0.125,medium,P1,1,95.75,0.25,0,0,labeled,0.125000,key-release-grid+next-voice-onset,yes,hold,start,0.25,notation-shortening,reference duration 0.25; shorten acoustic extension to 0.25 (score convention; pedal carries the tail)
Liszt_Concert_Etude_S145_2_1,LisztConcert_Etude_S145_2,Liszt,Concert_Etude_S145_2,LisztConcert_Etude_S145_2:RH:86:6.000000:1,RH,86,6.000000,m.2 beat 3.000,1,0.125,0.125,0.0,0.125,normal,,,,,,,unmatched,0.125000,key-release-grid+next-voice-onset+pedal-acoustic-grid,no,none,none,0.125,,routine; written duration follows score/readability
Liszt_Concert_Etude_S145_2_1,LisztConcert_Etude_S145_2,Liszt,Concert_Etude_S145_2,LisztConcert_Etude_S145_2:RH:86:67.333333:1,RH,86,67.333333,m.17 beat 4.333,1,0.125,0.411458333,0.286458333,0.166666667,medium,P1,5,113.25,0.5,0,0,reference-duration-not-candidate,0.125000;0.166667,key-release-grid;next-voice-onset,yes,hold,change,0.5,notation-shortening,reference duration 0.5; shorten acoustic extension to 0.5 (score convention; pedal carries the tail)
Liszt_Concert_Etude_S145_2_1,LisztConcert_Etude_S145_2,Liszt,Concert_Etude_S145_2,LisztConcert_Etude_S145_2:RH:86:67.666667:1,RH,86,67.666667,m.17 beat 4.667,1,0.125,0.125,0.0,0.208333333,normal,,,,,,,unmatched,0.125000;0.208333,key-release-grid+pedal-acoustic-grid;next-voice-onset,no,change,none,0.125,,routine; written duration follows score/readability
Liszt_Concert_Etude_S145_2_1,LisztConcert_Etude_S145_2,Liszt,Concert_Etude_S145_2,LisztConcert_Etude_S145_2:RH:86:68.000000:1,RH,86,68.000000,m.18 beat 1.000,1,0.125,0.71875,0.59375,1.333333333,medium,P1,5,114.0,0.5,0,0,reference-duration-not-candidate,0.125000;0.666667;0.750000;1.333333,key-release-grid;next-voice-onset;pedal-acoustic-grid,yes,hold,none,0.5,notation-shortening,reference duration 0.5; shorten acoustic extension to 0.5 (score convention; pedal carries the tail)
Liszt_Concert_Etude_S145_2_1,LisztConcert_Etude_S145_2,Liszt,Concert_Etude_S145_2,LisztConcert_Etude_S145_2:RH:86:69.875000:1,RH,86,69.875000,m.18 beat 2.875,1,0.125,0.604166667,0.479166667,0.125,medium,,,,,,,unmatched,0.125000,key-release-grid+next-voice-onset,yes,hold,none,0.125,pedal-only,pedal carries sustain; keep short written note
Liszt_Concert_Etude_S145_2_1,LisztConcert_Etude_S145_2,Liszt,Concert_Etude_S145_2,LisztConcert_Etude_S145_2:RH:86:7.125000:1,RH,86,7.125000,m.2 beat 4.125,1,0.125,0.125,0.0,0.125,normal,,,,,,,unmatched,0.125000,key-release-grid+next-voice-onset+pedal-acoustic-grid,no,none,none,0.125,,routine; written duration follows score/readability
Liszt_Concert_Etude_S145_2_1,LisztConcert_Etude_S145_2,Liszt,Concert_Etude_S145_2,LisztConcert_Etude_S145_2:RH:86:70.250000:1,RH,86,70.250000,m.18 beat 3.250,1,0.25,0.25,0.0,1.083333333,normal,P1,5,116.375,0.125,0,0,labeled,0.250000;0.333333;1.083333,key-release-grid+pedal-acoustic-grid;next-voice-onset,no,change,none,0.125,,key duration 0.250 exceeds notation 0.125 (pedal/sustain hold); score convention kept
Liszt_Concert_Etude_S145_2_1,LisztConcert_Etude_S145_2,Liszt,Concert_Etude_S145_2,LisztConcert_Etude_S145_2:RH:86:78.666667:1,RH,86,78.666667,m.20 beat 3.667,1,0.125,0.125,0.0,0.833333333,normal,,,,,,,unmatched,0.125000;0.833333,key-release-grid+pedal-acoustic-grid;next-voice-onset,no,none,none,0.125,,routine; written duration follows score/readability
Liszt_Concert_Etude_S145_2_1,LisztConcert_Etude_S145_2,Liszt,Concert_Etude_S145_2,LisztConcert_Etude_S145_2:RH:86:79.500000:1,RH,86,79.500000,m.20 beat 4.500,1,0.125,0.125,0.0,0.125,normal,,,,,,,unmatched,0.125000,key-release-grid+next-voice-onset+pedal-acoustic-grid,no,none,none,0.125,,routine; written duration follows score/readability
Liszt_Concert_Etude_S145_2_1,LisztConcert_Etude_S145_2,Liszt,Concert_Etude_S145_2,LisztConcert_Etude_S145_2:RH:86:8.500000:1,RH,86,8.500000,m.3 beat 1.500,1,0.125,0.125,0.0,0.125,normal,,,,,,,unmatched,0.125000,key-release-grid+next-voice-onset+pedal-acoustic-grid,no,none,none,0.125,,routine; written duration follows score/readability
Liszt_Concert_Etude_S145_2_1,LisztConcert_Etude_S145_2,Liszt,Concert_Etude_S145_2,LisztConcert_Etude_S145_2:RH:86:80.500000:1,RH,86,80.500000,m.21 beat 1.500,1,0.125,0.125,0.0,0.125,normal,,,,,,,unmatched,0.125000,key-release-grid+next-voice-onset+pedal-acoustic-grid,no,none,none,0.125,,routine; written duration follows score/readability
Liszt_Concert_Etude_S145_2_1,LisztConcert_Etude_S145_2,Liszt,Concert_Etude_S145_2,LisztConcert_Etude_S145_2:RH:86:81.875000:1,RH,86,81.875000,m.21 beat 2.875,1,0.125,0.125,0.0,0.625,normal,,,,,,,unmatched,0.125000;0.625000,key-release-grid+pedal-acoustic-grid;next-voice-onset,no,none,none,0.125,,routine; written duration follows score/readability
Liszt_Concert_Etude_S145_2_1,LisztConcert_Etude_S145_2,Liszt,Concert_Etude_S145_2,LisztConcert_Etude_S145_2:RH:87:124.750000:1,RH,87,124.750000,m.32 beat 1.750,1,0.125,0.755208333,0.630208333,0.125,medium,,,,,,,unmatched,0.125000,key-release-grid+next-voice-onset,yes,hold,none,0.125,pedal-only,pedal carries sustain; keep short written note
Liszt_Concert_Etude_S145_2_1,LisztConcert_Etude_S145_2,Liszt,Concert_Etude_S145_2,LisztConcert_Etude_S145_2:RH:87:125.625000:1,RH,87,125.625000,m.32 beat 2.625,1,0.125,0.768229167,0.643229167,0.125,medium,,,,,,,unmatched,0.125000,key-release-grid+next-voice-onset,yes,hold,none,0.125,pedal-only,pedal carries sustain; keep short written note
Liszt_Concert_Etude_S145_2_1,LisztConcert_Etude_S145_2,Liszt,Concert_Etude_S145_2,LisztConcert_Etude_S145_2:RH:87:126.375000:1,RH,87,126.375000,m.32 beat 3.375,1,0.125,0.125,0.0,0.125,normal,,,,,,,unmatched,0.125000,key-release-grid+next-voice-onset+pedal-acoustic-grid,no,change,none,0.125,,routine; written duration follows score/readability
Liszt_Concert_Etude_S145_2_1,LisztConcert_Etude_S145_2,Liszt,Concert_Etude_S145_2,LisztConcert_Etude_S145_2:RH:87:126.500000:1,RH,87,126.500000,m.32 beat 3.500,1,0.125,0.763020833,0.638020833,0.25,medium,,,,,,,unmatched,0.125000;0.250000,key-release-grid;next-voice-onset,yes,change,none,0.125,pedal-only,pedal carries sustain; keep short written note
Liszt_Concert_Etude_S145_2_1,LisztConcert_Etude_S145_2,Liszt,Concert_Etude_S145_2,LisztConcert_Etude_S145_2:RH:87:127.250000:3,RH,87,127.250000,m.32 beat 4.250,3,0.125,0.125,0.0,0.125,normal,,,,,,,unmatched,0.125000,key-release-grid+next-voice-onset+pedal-acoustic-grid,no,change,none,0.125,,routine; written duration follows score/readability
Liszt_Concert_Etude_S145_2_1,LisztConcert_Etude_S145_2,Liszt,Concert_Etude_S145_2,LisztConcert_Etude_S145_2:RH:87:127.500000:3,RH,87,127.500000,m.32 beat 4.500,3,0.125,0.65625,0.53125,0.125,medium,,,,,,,unmatched,0.125000,key-release-grid+next-voice-onset,yes,hold,none,0.125,pedal-only,pedal carries sustain; keep short written note
Liszt_Concert_Etude_S145_2_1,LisztConcert_Etude_S145_2,Liszt,Concert_Etude_S145_2,LisztConcert_Etude_S145_2:RH:87:128.250000:2,RH,87,128.250000,m.33 beat 1.250,2,0.125,0.6953125,0.5703125,0.125,medium,P1,1,216.0,0.25,0,0,labeled,0.125000,key-release-grid+next-voice-onset,yes,change,change,0.25,notation-shortening,reference duration 0.25; shorten acoustic extension to 0.25 (score convention; pedal carries the tail)
Liszt_Concert_Etude_S145_2_1,LisztConcert_Etude_S145_2,Liszt,Concert_Etude_S145_2,LisztConcert_Etude_S145_2:RH:87:129.750000:3,RH,87,129.750000,m.33 beat 2.750,3,0.125,1.7109375,1.5859375,0.125,medium,P1,1,218.75,0.25,0,0,labeled,0.125000,key-release-grid+next-voice-onset,yes,change,start,0.25,notation-shortening,reference duration 0.25; shorten acoustic extension to 0.25 (score convention; pedal carries the tail)
Liszt_Concert_Etude_S145_2_1,LisztConcert_Etude_S145_2,Liszt,Concert_Etude_S145_2,LisztConcert_Etude_S145_2:RH:87:140.250000:3,RH,87,140.250000,m.36 beat 1.250,3,0.125,0.380208333,0.255208333,0.25,medium,P1,5,236.25,0.5,0,0,reference-duration-not-candidate,0.125000;0.250000,key-release-grid;next-voice-onset,yes,hold,change,0.5,notation-shortening,reference duration 0.5; shorten acoustic extension to 0.5 (score convention; pedal carries the tail)
Liszt_Concert_Etude_S145_2_1,LisztConcert_Etude_S145_2,Liszt,Concert_Etude_S145_2,LisztConcert_Etude_S145_2:RH:87:140.750000:4,RH,87,140.750000,m.36 beat 1.750,4,0.125,0.869791667,0.744791667,0.125,medium,P1,5,237.0,0.5,0,0,reference-duration-not-candidate,0.125000,key-release-grid+next-voice-onset,yes,change,stop,0.5,notation-shortening,reference duration 0.5; shorten acoustic extension to 0.5 (score convention; pedal carries the tail)
Liszt_Concert_Etude_S145_2_1,LisztConcert_Etude_S145_2,Liszt,Concert_Etude_S145_2,LisztConcert_Etude_S145_2:RH:87:142.666667:4,RH,87,142.666667,m.36 beat 3.667,4,0.125,0.596354167,0.471354167,0.208333333,medium,,,,,,,unmatched,0.125000;0.208333,key-release-grid;next-voice-onset,yes,hold,none,0.125,pedal-only,pedal carries sustain; keep short written note
Liszt_Concert_Etude_S145_2_1,LisztConcert_Etude_S145_2,Liszt,Concert_Etude_S145_2,LisztConcert_Etude_S145_2:RH:87:143.125000:4,RH,87,143.125000,m.36 beat 4.125,4,0.125,0.138020833,0.013020833,0.125,normal,P1,1,239.875,0.125,0,0,labeled,0.125000,key-release-grid+next-voice-onset+pedal-acoustic-grid,no,change,none,0.125,,routine; written duration follows score/readability
Liszt_Concert_Etude_S145_2_1,LisztConcert_Etude_S145_2,Liszt,Concert_Etude_S145_2,LisztConcert_Etude_S145_2:RH:87:38.750000:2,RH,87,38.750000,m.10 beat 3.750,2,0.125,0.125,0.0,0.125,normal,P1,1,64.75,0.25,0,0,labeled,0.125000,key-release-grid+next-voice-onset+pedal-acoustic-grid,no,none,change,0.25,notation-shortening,reference duration 0.25; shorten acoustic extension to 0.25 (score convention; pedal carries the tail)
Liszt_Concert_Etude_S145_2_1,LisztConcert_Etude_S145_2,Liszt,Concert_Etude_S145_2,LisztConcert_Etude_S145_2:RH:87:43.750000:3,RH,87,43.750000,m.11 beat 4.750,3,0.125,0.125,0.0,0.25,normal,P1,1,73.75,0.25,0,0,ambiguous-candidate,0.125000;0.250000,barline+next-voice-onset;key-release-grid+pedal-acoustic-grid,no,release,change,0.25,notation-shortening,reference duration 0.25; shorten acoustic extension to 0.25 (score convention; pedal carries the tail)
Liszt_Concert_Etude_S145_2_1,LisztConcert_Etude_S145_2,Liszt,Concert_Etude_S145_2,LisztConcert_Etude_S145_2:RH:87:48.250000:2,RH,87,48.250000,m.13 beat 1.250,2,0.125,0.552083333,0.427083333,0.125,medium,,,,,,,unmatched,0.125000,key-release-grid+next-voice-onset,yes,hold,none,0.125,pedal-only,pedal carries sustain; keep short written note
Liszt_Concert_Etude_S145_2_1,LisztConcert_Etude_S145_2,Liszt,Concert_Etude_S145_2,LisztConcert_Etude_S145_2:RH:87:56.875000:3,RH,87,56.875000,m.15 beat 1.875,3,0.125,1.6796875,1.5546875,0.125,medium,,,,,,,unmatched,0.125000,key-release-grid+next-voice-onset,yes,hold,none,0.125,pedal-only,pedal carries sustain; keep short written note
Liszt_Concert_Etude_S145_2_1,LisztConcert_Etude_S145_2,Liszt,Concert_Etude_S145_2,LisztConcert_Etude_S145_2:RH:87:57.500000:3,RH,87,57.500000,m.15 beat 2.500,3,0.125,1.0546875,0.9296875,0.166666667,medium,,,,,,,unmatched,0.125000;0.166667,key-release-grid;next-voice-onset,yes,hold,none,0.125,pedal-only,pedal carries sustain; keep short written note
Liszt_Concert_Etude_S145_2_1,LisztConcert_Etude_S145_2,Liszt,Concert_Etude_S145_2,LisztConcert_Etude_S145_2:RH:87:58.000000:3,RH,87,58.000000,m.15 beat 3.000,3,0.125,0.5546875,0.4296875,0.25,medium,P1,1,97.75,0.25,0,0,ambiguous-candidate,0.125000;0.250000,key-release-grid;next-voice-onset,yes,hold,change,0.25,notation-shortening,reference duration 0.25; shorten acoustic extension to 0.25 (score convention; pedal carries the tail)
Liszt_Concert_Etude_S145_2_1,LisztConcert_Etude_S145_2,Liszt,Concert_Etude_S145_2,LisztConcert_Etude_S145_2:RH:87:59.500000:3,RH,87,59.500000,m.15 beat 4.500,3,0.125,1.7265625,1.6015625,0.25,medium,,,,,,,unmatched,0.125000;0.250000,key-release-grid;next-voice-onset,yes,change,none,0.125,pedal-only,pedal carries sustain; keep short written note
Liszt_Concert_Etude_S145_2_1,LisztConcert_Etude_S145_2,Liszt,Concert_Etude_S145_2,LisztConcert_Etude_S145_2:RH:87:60.125000:2,RH,87,60.125000,m.16 beat 1.125,2,0.125,1.1015625,0.9765625,0.125,medium,,,,,,,unmatched,0.125000,key-release-grid+next-voice-onset,yes,hold,none,0.125,pedal-only,pedal carries sustain; keep short written note
Liszt_Concert_Etude_S145_2_1,LisztConcert_Etude_S145_2,Liszt,Concert_Etude_S145_2,LisztConcert_Etude_S145_2:RH:87:60.666667:3,RH,87,60.666667,m.16 beat 1.667,3,0.125,0.559895833,0.434895833,0.208333333,medium,P1,1,102.25,0.25,0,0,ambiguous-candidate,0.125000;0.208333,key-release-grid;next-voice-onset,yes,hold,change,0.25,notation-shortening,reference duration 0.25; shorten acoustic extension to 0.25 (score convention; pedal carries the tail)
Liszt_Concert_Etude_S145_2_1,LisztConcert_Etude_S145_2,Liszt,Concert_Etude_S145_2,LisztConcert_Etude_S145_2:RH:87:62.250000:3,RH,87,62.250000,m.16 beat 3.250,3,0.125,0.778645833,0.653645833,0.25,medium,,,,,,,unmatched,0.125000;0.250000,key-release-grid;next-voice-onset,yes,change,none,0.125,pedal-only,pedal carries sustain; keep short written note
Liszt_Concert_Etude_S145_2_1,LisztConcert_Etude_S145_2,Liszt,Concert_Etude_S145_2,LisztConcert_Etude_S145_2:RH:87:62.875000:3,RH,87,62.875000,m.16 beat 3.875,3,0.125,0.153645833,0.028645833,0.25,normal,P1,1,106.0,0.25,0,0,ambiguous-candidate,0.125000;0.250000,key-release-grid+pedal-acoustic-grid;next-voice-onset+pedal-acoustic-grid,no,change,none,0.25,notation-shortening,reference duration 0.25; shorten acoustic extension to 0.25 (score convention; pedal carries the tail)
Liszt_Concert_Etude_S145_2_1,LisztConcert_Etude_S145_2,Liszt,Concert_Etude_S145_2,LisztConcert_Etude_S145_2:RH:87:69.750000:1,RH,87,69.750000,m.18 beat 2.750,1,0.125,0.729166667,0.604166667,0.125,medium,,,,,,,unmatched,0.125000,key-release-grid+next-voice-onset,yes,hold,none,0.125,pedal-only,pedal carries sustain; keep short written note
Liszt_Concert_Etude_S145_2_1,LisztConcert_Etude_S145_2,Liszt,Concert_Etude_S145_2,LisztConcert_Etude_S145_2:RH:88:112.250000:1,RH,88,112.250000,m.29 beat 1.250,1,0.125,0.125,0.0,0.125,normal,P1,1,187.75,0.25,0,0,labeled,0.125000,key-release-grid+next-voice-onset+pedal-acoustic-grid,no,release,change,0.25,notation-shortening,reference duration 0.25; shorten acoustic extension to 0.25 (score convention; pedal carries the tail)
Liszt_Concert_Etude_S145_2_1,LisztConcert_Etude_S145_2,Liszt,Concert_Etude_S145_2,LisztConcert_Etude_S145_2:RH:88:117.250000:2,RH,88,117.250000,m.30 beat 2.250,2,0.125,0.125,0.0,0.25,normal,P1,1,196.75,0.25,0,0,ambiguous-candidate,0.125000;0.250000,key-release-grid+pedal-acoustic-grid;next-voice-onset,no,release,change,0.25,notation-shortening,reference duration 0.25; shorten acoustic extension to 0.25 (score convention; pedal carries the tail)
Liszt_Concert_Etude_S145_2_1,LisztConcert_Etude_S145_2,Liszt,Concert_Etude_S145_2,LisztConcert_Etude_S145_2:RH:88:129.875000:3,RH,88,129.875000,m.33 beat 2.875,3,0.125,1.5859375,1.4609375,0.25,medium,,,,,,,unmatched,0.125000;0.250000,key-release-grid;next-voice-onset,yes,hold,none,0.125,pedal-only,pedal carries sustain; keep short written note
Liszt_Concert_Etude_S145_2_1,LisztConcert_Etude_S145_2,Liszt,Concert_Etude_S145_2,LisztConcert_Etude_S145_2:RH:88:130.500000:3,RH,88,130.500000,m.33 beat 3.500,3,0.125,0.9609375,0.8359375,0.125,medium,,,,,,,unmatched,0.125000,key-release-grid+next-voice-onset,yes,hold,none,0.125,pedal-only,pedal carries sustain; keep short written note
Liszt_Concert_Etude_S145_2_1,LisztConcert_Etude_S145_2,Liszt,Concert_Etude_S145_2,LisztConcert_Etude_S145_2:RH:88:130.875000:3,RH,88,130.875000,m.33 beat 3.875,3,0.125,0.5859375,0.4609375,0.125,medium,P1,1,220.75,0.25,0,0,labeled,0.125000,key-release-grid+next-voice-onset,yes,hold,change,0.25,notation-shortening,reference duration 0.25; shorten acoustic extension to 0.25 (score convention; pedal carries the tail)
Liszt_Concert_Etude_S145_2_1,LisztConcert_Etude_S145_2,Liszt,Concert_Etude_S145_2,LisztConcert_Etude_S145_2:RH:88:131.125000:3,RH,88,131.125000,m.33 beat 4.125,3,0.125,0.3359375,0.2109375,0.125,normal,P1,1,221.25,0.25,0,0,labeled,0.125000,key-release-grid+next-voice-onset,no,hold,none,0.25,notation-shortening,reference duration 0.25; shorten acoustic extension to 0.25 (score convention; pedal carries the tail)
Liszt_Concert_Etude_S145_2_1,LisztConcert_Etude_S145_2,Liszt,Concert_Etude_S145_2,LisztConcert_Etude_S145_2:RH:88:132.500000:2,RH,88,132.500000,m.34 beat 1.500,2,0.125,1.5390625,1.4140625,0.166666667,medium,,,,,,,unmatched,0.125000;0.166667,key-release-grid;next-voice-onset,yes,change,none,0.125,pedal-only,pedal carries sustain; keep short written note
Liszt_Concert_Etude_S145_2_1,LisztConcert_Etude_S145_2,Liszt,Concert_Etude_S145_2,LisztConcert_Etude_S145_2:RH:88:133.000000:2,RH,88,133.000000,m.34 beat 2.000,2,0.125,1.0390625,0.9140625,0.125,medium,,,,,,,unmatched,0.125000,key-release-grid+next-voice-onset,yes,hold,none,0.125,pedal-only,pedal carries sustain; keep short written note
Liszt_Concert_Etude_S145_2_1,LisztConcert_Etude_S145_2,Liszt,Concert_Etude_S145_2,LisztConcert_Etude_S145_2:RH:88:133.500000:2,RH,88,133.500000,m.34 beat 2.500,2,0.125,0.5390625,0.4140625,0.166666667,medium,P1,1,225.25,0.25,0,0,ambiguous-candidate,0.125000;0.166667,key-release-grid;next-voice-onset,yes,hold,change,0.25,notation-shortening,reference duration 0.25; shorten acoustic extension to 0.25 (score convention; pedal carries the tail)
Liszt_Concert_Etude_S145_2_1,LisztConcert_Etude_S145_2,Liszt,Concert_Etude_S145_2,LisztConcert_Etude_S145_2:RH:88:133.875000:2,RH,88,133.875000,m.34 beat 2.875,2,0.125,0.1640625,0.0390625,0.625,normal,P1,1,225.75,0.25,0,0,ambiguous-candidate,0.125000;0.250000;0.625000,key-release-grid+pedal-acoustic-grid;next-voice-onset;pedal-acoustic-grid,no,release,none,0.25,notation-shortening,reference duration 0.25; shorten acoustic extension to 0.25 (score convention; pedal carries the tail)
Liszt_Concert_Etude_S145_2_1,LisztConcert_Etude_S145_2,Liszt,Concert_Etude_S145_2,LisztConcert_Etude_S145_2:RH:88:135.125000:2,RH,88,135.125000,m.34 beat 4.125,2,0.125,0.830729167,0.705729167,0.125,medium,,,,,,,unmatched,0.125000,key-release-grid+next-voice-onset,yes,change,none,0.125,pedal-only,pedal carries sustain; keep short written note
Liszt_Concert_Etude_S145_2_1,LisztConcert_Etude_S145_2,Liszt,Concert_Etude_S145_2,LisztConcert_Etude_S145_2:RH:88:135.750000:1,RH,88,135.750000,m.34 beat 4.750,1,0.125,0.205729167,0.080729167,0.125,normal,P1,1,229.0,0.25,0,0,labeled,0.125000,key-release-grid+next-voice-onset,no,change,none,0.25,notation-shortening,reference duration 0.25; shorten acoustic extension to 0.25 (score convention; pedal carries the tail)
Liszt_Concert_Etude_S145_2_1,LisztConcert_Etude_S145_2,Liszt,Concert_Etude_S145_2,LisztConcert_Etude_S145_2:RH:88:142.500000:4,RH,88,142.500000,m.36 beat 3.500,4,0.125,0.763020833,0.638020833,0.166666667,medium,,,,,,,unmatched,0.125000;0.166667,key-release-grid;next-voice-onset,yes,change,none,0.125,pedal-only,pedal carries sustain; keep short written note
Liszt_Concert_Etude_S145_2_1,LisztConcert_Etude_S145_2,Liszt,Concert_Etude_S145_2,LisztConcert_Etude_S145_2:RH:88:143.000000:4,RH,88,143.000000,m.36 beat 4.000,4,0.125,0.263020833,0.138020833,0.125,normal,P1,1,239.75,0.125,0,0,labeled,0.125000,key-release-grid+next-voice-onset,no,hold,none,0.125,,routine; written duration follows score/readability
Liszt_Concert_Etude_S145_2_1,LisztConcert_Etude_S145_2,Liszt,Concert_Etude_S145_2,LisztConcert_Etude_S145_2:RH:88:36.250000:1,RH,88,36.250000,m.10 beat 1.250,1,0.125,1.341145833,1.216145833,0.125,medium,,,,,,,unmatched,0.125000,key-release-grid+next-voice-onset,yes,hold,none,0.125,pedal-only,pedal carries sustain; keep short written note
Liszt_Concert_Etude_S145_2_1,LisztConcert_Etude_S145_2,Liszt,Concert_Etude_S145_2,LisztConcert_Etude_S145_2:RH:88:36.375000:1,RH,88,36.375000,m.10 beat 1.375,1,0.125,1.216145833,1.091145833,0.25,medium,,,,,,,unmatched,0.125000;0.250000,key-release-grid;next-voice-onset,yes,hold,none,0.125,pedal-only,pedal carries sustain; keep short written note
Liszt_Concert_Etude_S145_2_1,LisztConcert_Etude_S145_2,Liszt,Concert_Etude_S145_2,LisztConcert_Etude_S145_2:RH:88:41.333333:1,RH,88,41.333333,m.11 beat 2.333,1,0.166666667,0.752604167,0.5859375,0.166666667,medium,P1,1,69.25,0.25,0,0,ambiguous-candidate,0.125000;0.166667,key-release-grid;next-voice-onset,yes,hold,start,0.25,notation-shortening,reference duration 0.25; shorten acoustic extension to 0.25 (score convention; pedal carries the tail)
Liszt_Concert_Etude_S145_2_1,LisztConcert_Etude_S145_2,Liszt,Concert_Etude_S145_2,LisztConcert_Etude_S145_2:RH:88:41.500000:1,RH,88,41.500000,m.11 beat 2.500,1,0.125,0.5859375,0.4609375,0.25,medium,P1,1,69.75,0.25,0,0,ambiguous-candidate,0.125000;0.250000,key-release-grid;next-voice-onset,yes,hold,none,0.25,notation-shortening,reference duration 0.25; shorten acoustic extension to 0.25 (score convention; pedal carries the tail)
Liszt_Concert_Etude_S145_2_1,LisztConcert_Etude_S145_2,Liszt,Concert_Etude_S145_2,LisztConcert_Etude_S145_2:RH:88:46.500000:2,RH,88,46.500000,m.12 beat 3.500,2,0.125,0.578125,0.453125,0.125,medium,P1,1,78.25,0.25,0,0,labeled,0.125000,key-release-grid+next-voice-onset,yes,hold,start,0.25,notation-shortening,reference duration 0.25; shorten acoustic extension to 0.25 (score convention; pedal carries the tail)
Liszt_Concert_Etude_S145_2_1,LisztConcert_Etude_S145_2,Liszt,Concert_Etude_S145_2,LisztConcert_Etude_S145_2:RH:88:46.750000:2,RH,88,46.750000,m.12 beat 3.750,2,0.125,0.328125,0.203125,0.125,normal,P1,1,78.75,0.25,0,0,labeled,0.125000,key-release-grid+next-voice-onset,no,hold,none,0.25,notation-shortening,reference duration 0.25; shorten acoustic extension to 0.25 (score convention; pedal carries the tail)
Liszt_Concert_Etude_S145_2_1,LisztConcert_Etude_S145_2,Liszt,Concert_Etude_S145_2,LisztConcert_Etude_S145_2:RH:88:47.375000:2,RH,88,47.375000,m.12 beat 4.375,2,0.125,0.533854167,0.408854167,0.125,medium,P1,1,79.75,0.25,0,0,labeled,0.125000,key-release-grid+next-voice-onset,yes,hold,change,0.25,notation-shortening,reference duration 0.25; shorten acoustic extension to 0.25 (score convention; pedal carries the tail)
Liszt_Concert_Etude_S145_2_1,LisztConcert_Etude_S145_2,Liszt,Concert_Etude_S145_2,LisztConcert_Etude_S145_2:RH:88:47.625000:2,RH,88,47.625000,m.12 beat 4.625,2,0.125,0.283854167,0.158854167,0.125,normal,P1,1,80.25,0.25,0,0,labeled,0.125000,key-release-grid+next-voice-onset,no,hold,none,0.25,notation-shortening,reference duration 0.25; shorten acoustic extension to 0.25 (score convention; pedal carries the tail)
Liszt_Concert_Etude_S145_2_1,LisztConcert_Etude_S145_2,Liszt,Concert_Etude_S145_2,LisztConcert_Etude_S145_2:RH:88:48.500000:2,RH,88,48.500000,m.13 beat 1.500,2,0.125,0.302083333,0.177083333,0.125,normal,P1,1,81.75,0.25,0,0,labeled,0.125000,key-release-grid+next-voice-onset,no,hold,none,0.25,notation-shortening,reference duration 0.25; shorten acoustic extension to 0.25 (score convention; pedal carries the tail)
Liszt_Concert_Etude_S145_2_1,LisztConcert_Etude_S145_2,Liszt,Concert_Etude_S145_2,LisztConcert_Etude_S145_2:RH:88:49.125000:2,RH,88,49.125000,m.13 beat 2.125,2,0.125,0.588541667,0.463541667,0.125,medium,P1,1,82.75,0.25,0,0,labeled,0.125000,key-release-grid+next-voice-onset,yes,hold,change,0.25,notation-shortening,reference duration 0.25; shorten acoustic extension to 0.25 (score convention; pedal carries the tail)
Liszt_Concert_Etude_S145_2_1,LisztConcert_Etude_S145_2,Liszt,Concert_Etude_S145_2,LisztConcert_Etude_S145_2:RH:88:49.625000:2,RH,88,49.625000,m.13 beat 2.625,2,0.125,0.125,0.0,0.125,normal,P1,1,83.75,0.25,0,0,labeled,0.125000,key-release-grid+next-voice-onset+pedal-acoustic-grid,no,change,change,0.25,notation-shortening,reference duration 0.25; shorten acoustic extension to 0.25 (score convention; pedal carries the tail)
Liszt_Concert_Etude_S145_2_1,LisztConcert_Etude_S145_2,Liszt,Concert_Etude_S145_2,LisztConcert_Etude_S145_2:RH:88:59.000000:2,RH,88,59.000000,m.15 beat 4.000,2,0.125,0.4296875,0.3046875,0.25,medium,P1,1,99.75,0.25,0,0,ambiguous-candidate,0.125000;0.250000,key-release-grid;next-voice-onset,yes,hold,none,0.25,notation-shortening,reference duration 0.25; shorten acoustic extension to 0.25 (score convention; pedal carries the tail)
Liszt_Concert_Etude_S145_2_1,LisztConcert_Etude_S145_2,Liszt,Concert_Etude_S145_2,LisztConcert_Etude_S145_2:RH:88:61.750000:3,RH,88,61.750000,m.16 beat 2.750,3,0.125,0.450520833,0.325520833,0.125,medium,P1,1,104.25,0.25,0,0,labeled,0.125000,key-release-grid+next-voice-onset,yes,hold,none,0.25,notation-shortening,reference duration 0.25; shorten acoustic extension to 0.25 (score convention; pedal carries the tail)
Liszt_Concert_Etude_S145_2_1,LisztConcert_Etude_S145_2,Liszt,Concert_Etude_S145_2,LisztConcert_Etude_S145_2:RH:88:63.250000:3,RH,88,63.250000,m.16 beat 4.250,3,0.125,0.653645833,0.528645833,0.125,medium,,,,,,,unmatched,0.125000,key-release-grid+next-voice-onset,yes,hold,none,0.125,pedal-only,pedal carries sustain; keep short written note
Liszt_Concert_Etude_S145_2_1,LisztConcert_Etude_S145_2,Liszt,Concert_Etude_S145_2,LisztConcert_Etude_S145_2:RH:88:63.750000:3,RH,88,63.750000,m.16 beat 4.750,3,0.125,0.153645833,0.028645833,0.25,normal,P1,1,107.5,0.25,0,0,ambiguous-candidate,0.125000;0.250000,barline+next-voice-onset+pedal-acoustic-grid;key-release-grid+pedal-acoustic-grid,no,change,none,0.25,notation-shortening,reference duration 0.25; shorten acoustic extension to 0.25 (score convention; pedal carries the tail)
Liszt_Concert_Etude_S145_2_1,LisztConcert_Etude_S145_2,Liszt,Concert_Etude_S145_2,LisztConcert_Etude_S145_2:RH:88:69.625000:1,RH,88,69.625000,m.18 beat 2.625,1,0.125,0.854166667,0.729166667,0.125,medium,,,,,,,unmatched,0.125000,key-release-grid+next-voice-onset,yes,change,none,0.125,pedal-only,pedal carries sustain; keep short written note
Liszt_Concert_Etude_S145_2_1,LisztConcert_Etude_S145_2,Liszt,Concert_Etude_S145_2,LisztConcert_Etude_S145_2:RH:88:70.000000:1,RH,88,70.000000,m.18 beat 3.000,1,0.25,0.479166667,0.229166667,0.25,normal,P1,5,116.125,0.125,0,0,labeled,0.250000,key-release-grid+next-voice-onset,no,hold,none,0.125,,key duration 0.250 exceeds notation 0.125 (pedal/sustain hold); score convention kept
Liszt_Concert_Etude_S145_2_1,LisztConcert_Etude_S145_2,Liszt,Concert_Etude_S145_2,LisztConcert_Etude_S145_2:RH:89:109.750000:3,RH,89,109.750000,m.28 beat 2.750,3,0.125,1.442708333,1.317708333,0.125,medium,P1,1,183.25,0.25,0,0,labeled,0.125000,key-release-grid+next-voice-onset,yes,hold,change,0.25,notation-shortening,reference duration 0.25; shorten acoustic extension to 0.25 (score convention; pedal carries the tail)
Liszt_Concert_Etude_S145_2_1,LisztConcert_Etude_S145_2,Liszt,Concert_Etude_S145_2,LisztConcert_Etude_S145_2:RH:89:110.000000:3,RH,89,110.000000,m.28 beat 3.000,3,0.125,1.192708333,1.067708333,0.125,medium,P1,1,183.75,0.25,0,0,labeled,0.125000,key-release-grid+next-voice-onset,yes,hold,none,0.25,notation-shortening,reference duration 0.25; shorten acoustic extension to 0.25 (score convention; pedal carries the tail)
Liszt_Concert_Etude_S145_2_1,LisztConcert_Etude_S145_2,Liszt,Concert_Etude_S145_2,LisztConcert_Etude_S145_2:RH:89:114.750000:2,RH,89,114.750000,m.29 beat 3.750,2,0.125,1.40625,1.28125,0.125,medium,P1,1,192.25,0.25,0,0,labeled,0.125000,key-release-grid+next-voice-onset,yes,hold,start,0.25,notation-shortening,reference duration 0.25; shorten acoustic extension to 0.25 (score convention; pedal carries the tail)
Liszt_Concert_Etude_S145_2_1,LisztConcert_Etude_S145_2,Liszt,Concert_Etude_S145_2,LisztConcert_Etude_S145_2:RH:89:114.875000:2,RH,89,114.875000,m.29 beat 3.875,2,0.125,1.28125,1.15625,0.25,medium,P1,1,192.75,0.25,0,0,ambiguous-candidate,0.125000;0.250000,key-release-grid;next-voice-onset,yes,hold,none,0.25,notation-shortening,reference duration 0.25; shorten acoustic extension to 0.25 (score convention; pedal carries the tail)
Liszt_Concert_Etude_S145_2_1,LisztConcert_Etude_S145_2,Liszt,Concert_Etude_S145_2,LisztConcert_Etude_S145_2:RH:89:119.750000:1,RH,89,119.750000,m.30 beat 4.750,1,0.125,0.643229167,0.518229167,0.125,medium,P1,1,201.25,0.25,0,0,labeled,0.125000,key-release-grid+next-voice-onset,yes,hold,start,0.25,notation-shortening,reference duration 0.25; shorten acoustic extension to 0.25 (score convention; pedal carries the tail)
Liszt_Concert_Etude_S145_2_1,LisztConcert_Etude_S145_2,Liszt,Concert_Etude_S145_2,LisztConcert_Etude_S145_2:RH:89:120.666667:1,RH,89,120.666667,m.31 beat 1.667,1,0.125,0.557291667,0.432291667,0.208333333,medium,P1,1,202.75,0.25,0,0,ambiguous-candidate,0.125000;0.208333,key-release-grid;next-voice-onset,yes,hold,change,0.25,notation-shortening,reference duration 0.25; shorten acoustic extension to 0.25 (score convention; pedal carries the tail)
Liszt_Concert_Etude_S145_2_1,LisztConcert_Etude_S145_2,Liszt,Concert_Etude_S145_2,LisztConcert_Etude_S145_2:RH:89:120.875000:1,RH,89,120.875000,m.31 beat 1.875,1,0.125,0.348958333,0.223958333,0.125,normal,P1,1,203.25,0.25,0,0,labeled,0.125000,key-release-grid+next-voice-onset,no,hold,none,0.25,notation-shortening,reference duration 0.25; shorten acoustic extension to 0.25 (score convention; pedal carries the tail)
Liszt_Concert_Etude_S145_2_1,LisztConcert_Etude_S145_2,Liszt,Concert_Etude_S145_2,LisztConcert_Etude_S145_2:RH:89:121.500000:1,RH,89,121.500000,m.31 beat 2.500,1,0.125,0.572916667,0.447916667,0.125,medium,P1,1,204.25,0.25,0,0,labeled,0.125000,key-release-grid+next-voice-onset,yes,hold,change,0.25,notation-shortening,reference duration 0.25; shorten acoustic extension to 0.25 (score convention; pedal carries the tail)
Liszt_Concert_Etude_S145_2_1,LisztConcert_Etude_S145_2,Liszt,Concert_Etude_S145_2,LisztConcert_Etude_S145_2:RH:89:121.750000:1,RH,89,121.750000,m.31 beat 2.750,1,0.125,0.322916667,0.197916667,0.125,normal,P1,1,204.75,0.25,0,0,labeled,0.125000,key-release-grid+next-voice-onset,no,hold,none,0.25,notation-shortening,reference duration 0.25; shorten acoustic extension to 0.25 (score convention; pedal carries the tail)
Liszt_Concert_Etude_S145_2_1,LisztConcert_Etude_S145_2,Liszt,Concert_Etude_S145_2,LisztConcert_Etude_S145_2:RH:89:122.375000:1,RH,89,122.375000,m.31 beat 3.375,1,0.125,0.692708333,0.567708333,0.125,medium,,,,,,,unmatched,0.125000,key-release-grid+next-voice-onset,yes,hold,none,0.125,pedal-only,pedal carries sustain; keep short written note
Liszt_Concert_Etude_S145_2_1,LisztConcert_Etude_S145_2,Liszt,Concert_Etude_S145_2,LisztConcert_Etude_S145_2:RH:89:123.000000:1,RH,89,123.000000,m.31 beat 4.000,1,0.125,0.125,0.0,0.125,normal,,,,,,,unmatched,0.125000,key-release-grid+next-voice-onset+pedal-acoustic-grid,no,change,none,0.125,,routine; written duration follows score/readability
Liszt_Concert_Etude_S145_2_1,LisztConcert_Etude_S145_2,Liszt,Concert_Etude_S145_2,LisztConcert_Etude_S145_2:RH:89:132.000000:2,RH,89,132.000000,m.34 beat 1.000,2,0.125,0.434895833,0.309895833,0.125,medium,P1,1,222.75,0.25,0,0,labeled,0.125000,key-release-grid+next-voice-onset,yes,hold,none,0.25,notation-shortening,reference duration 0.25; shorten acoustic extension to 0.25 (score convention; pedal carries the tail)
Liszt_Concert_Etude_S145_2_1,LisztConcert_Etude_S145_2,Liszt,Concert_Etude_S145_2,LisztConcert_Etude_S145_2:RH:89:133.750000:3,RH,89,133.750000,m.34 beat 2.750,3,0.125,0.2890625,0.1640625,0.25,normal,,,,,,,unmatched,0.125000;0.250000,key-release-grid;next-voice-onset+pedal-acoustic-grid,no,hold,none,0.125,,routine; written duration follows score/readability
Liszt_Concert_Etude_S145_2_1,LisztConcert_Etude_S145_2,Liszt,Concert_Etude_S145_2,LisztConcert_Etude_S145_2:RH:89:134.666667:2,RH,89,134.666667,m.34 beat 3.667,2,0.125,0.322916667,0.197916667,0.458333333,normal,P1,1,227.25,0.25,0,0,ambiguous-candidate,0.125000;0.250000;0.333333;0.375000;0.458333,key-release-grid;next-voice-onset;pedal-acoustic-grid,no,hold,none,0.25,notation-shortening,reference duration 0.25; shorten acoustic extension to 0.25 (score convention; pedal carries the tail)
Liszt_Concert_Etude_S145_2_1,LisztConcert_Etude_S145_2,Liszt,Concert_Etude_S145_2,LisztConcert_Etude_S145_2:RH:89:135.125000:2,RH,89,135.125000,m.34 beat 4.125,2,0.125,0.830729167,0.705729167,0.125,medium,,,,,,,unmatched,0.125000,key-release-grid+next-voice-onset,yes,change,none,0.125,pedal-only,pedal carries sustain; keep short written note
Liszt_Concert_Etude_S145_2_1,LisztConcert_Etude_S145_2,Liszt,Concert_Etude_S145_2,LisztConcert_Etude_S145_2:RH:89:136.000000:1,RH,89,136.000000,m.35 beat 1.000,1,0.125,0.752604167,0.627604167,0.25,medium,,,,,,,unmatched,0.125000;0.250000,key-release-grid;next-voice-onset,yes,change,none,0.125,pedal-only,pedal carries sustain; keep short written note
Liszt_Concert_Etude_S145_2_1,LisztConcert_Etude_S145_2,Liszt,Concert_Etude_S145_2,LisztConcert_Etude_S145_2:RH:89:136.625000:2,RH,89,136.625000,m.35 beat 1.625,2,0.125,0.127604167,0.002604167,0.125,normal,P1,1,230.5,0.25,0,0,labeled,0.125000,key-release-grid+next-voice-onset+pedal-acoustic-grid,no,change,none,0.25,notation-shortening,reference duration 0.25; shorten acoustic extension to 0.25 (score convention; pedal carries the tail)
Liszt_Concert_Etude_S145_2_1,LisztConcert_Etude_S145_2,Liszt,Concert_Etude_S145_2,LisztConcert_Etude_S145_2:RH:89:140.875000:4,RH,89,140.875000,m.36 beat 1.875,4,0.125,0.744791667,0.619791667,0.875,medium,,,,,,,unmatched,0.125000;0.666667;0.750000;0.875000,key-release-grid;next-voice-onset;pedal-acoustic-grid,yes,hold,none,0.125,pedal-only,pedal carries sustain; keep short written note
Liszt_Concert_Etude_S145_2_1,LisztConcert_Etude_S145_2,Liszt,Concert_Etude_S145_2,LisztConcert_Etude_S145_2:RH:89:142.500000:4,RH,89,142.500000,m.36 beat 3.500,4,0.125,0.763020833,0.638020833,0.166666667,medium,,,,,,,unmatched,0.125000;0.166667,key-release-grid;next-voice-onset,yes,change,none,0.125,pedal-only,pedal carries sustain; keep short written note
Liszt_Concert_Etude_S145_2_1,LisztConcert_Etude_S145_2,Liszt,Concert_Etude_S145_2,LisztConcert_Etude_S145_2:RH:89:142.875000:4,RH,89,142.875000,m.36 beat 3.875,4,0.125,0.388020833,0.263020833,0.125,medium,P1,5,239.125,0.125,0,0,labeled,0.125000,key-release-grid+next-voice-onset,yes,hold,none,0.125,,routine; written duration follows score/readability
Liszt_Concert_Etude_S145_2_1,LisztConcert_Etude_S145_2,Liszt,Concert_Etude_S145_2,LisztConcert_Etude_S145_2:RH:89:46.750000:2,RH,89,46.750000,m.12 beat 3.750,2,0.125,0.328125,0.203125,0.125,normal,,,,,,,unmatched,0.125000,key-release-grid+next-voice-onset,no,hold,none,0.125,,routine; written duration follows score/readability
Liszt_Concert_Etude_S145_2_1,LisztConcert_Etude_S145_2,Liszt,Concert_Etude_S145_2,LisztConcert_Etude_S145_2:RH:89:47.625000:2,RH,89,47.625000,m.12 beat 4.625,2,0.125,0.283854167,0.158854167,0.125,normal,,,,,,,unmatched,0.125000,key-release-grid+next-voice-onset,no,hold,none,0.125,,routine; written duration follows score/readability
Liszt_Concert_Etude_S145_2_1,LisztConcert_Etude_S145_2,Liszt,Concert_Etude_S145_2,LisztConcert_Etude_S145_2:RH:89:48.500000:2,RH,89,48.500000,m.13 beat 1.500,2,0.125,0.302083333,0.177083333,0.125,normal,,,,,,,unmatched,0.125000,key-release-grid+next-voice-onset,no,hold,none,0.125,,routine; written duration follows score/readability
Liszt_Concert_Etude_S145_2_1,LisztConcert_Etude_S145_2,Liszt,Concert_Etude_S145_2,LisztConcert_Etude_S145_2:RH:89:51.666667:3,RH,89,51.666667,m.13 beat 4.667,3,0.125,0.6953125,0.5703125,0.208333333,medium,P1,1,87.25,0.25,0,0,ambiguous-candidate,0.125000;0.208333,key-release-grid;next-voice-onset,yes,hold,none,0.25,notation-shortening,reference duration 0.25; shorten acoustic extension to 0.25 (score convention; pedal carries the tail)
Liszt_Concert_Etude_S145_2_1,LisztConcert_Etude_S145_2,Liszt,Concert_Etude_S145_2,LisztConcert_Etude_S145_2:RH:89:52.000000:2,RH,89,52.000000,m.14 beat 1.000,2,0.125,0.361979167,0.236979167,0.25,normal,P1,1,87.75,0.25,0,0,ambiguous-candidate,0.125000;0.250000,key-release-grid;next-voice-onset+pedal-acoustic-grid,no,hold,none,0.25,notation-shortening,reference duration 0.25; shorten acoustic extension to 0.25 (score convention; pedal carries the tail)
Liszt_Concert_Etude_S145_2_1,LisztConcert_Etude_S145_2,Liszt,Concert_Etude_S145_2,LisztConcert_Etude_S145_2:RH:89:52.666667:2,RH,89,52.666667,m.14 beat 1.667,2,0.125,0.567708333,0.442708333,0.208333333,medium,P1,1,88.75,0.25,0,0,ambiguous-candidate,0.125000;0.208333,key-release-grid;next-voice-onset,yes,hold,none,0.25,notation-shortening,reference duration 0.25; shorten acoustic extension to 0.25 (score convention; pedal carries the tail)
Liszt_Concert_Etude_S145_2_1,LisztConcert_Etude_S145_2,Liszt,Concert_Etude_S145_2,LisztConcert_Etude_S145_2:RH:89:52.875000:2,RH,89,52.875000,m.14 beat 1.875,2,0.125,0.359375,0.234375,0.125,normal,P1,1,89.25,0.25,0,0,labeled,0.125000,key-release-grid+next-voice-onset,no,hold,none,0.25,notation-shortening,reference duration 0.25; shorten acoustic extension to 0.25 (score convention; pedal carries the tail)
Liszt_Concert_Etude_S145_2_1,LisztConcert_Etude_S145_2,Liszt,Concert_Etude_S145_2,LisztConcert_Etude_S145_2:RH:89:53.500000:2,RH,89,53.500000,m.14 beat 2.500,2,0.125,0.583333333,0.458333333,0.125,medium,P1,1,90.25,0.25,0,0,labeled,0.125000,key-release-grid+next-voice-onset,yes,hold,none,0.25,notation-shortening,reference duration 0.25; shorten acoustic extension to 0.25 (score convention; pedal carries the tail)
Liszt_Concert_Etude_S145_2_1,LisztConcert_Etude_S145_2,Liszt,Concert_Etude_S145_2,LisztConcert_Etude_S145_2:RH:89:53.750000:2,RH,89,53.750000,m.14 beat 2.750,2,0.125,0.333333333,0.208333333,0.25,normal,P1,1,90.75,0.25,0,0,ambiguous-candidate,0.125000;0.250000,key-release-grid;next-voice-onset+pedal-acoustic-grid,no,hold,none,0.25,notation-shortening,reference duration 0.25; shorten acoustic extension to 0.25 (score convention; pedal carries the tail)
Liszt_Concert_Etude_S145_2_1,LisztConcert_Etude_S145_2,Liszt,Concert_Etude_S145_2,LisztConcert_Etude_S145_2:RH:89:54.375000:2,RH,89,54.375000,m.14 beat 3.375,2,0.125,0.700520833,0.575520833,0.125,medium,P1,1,91.75,0.25,0,0,labeled,0.125000,key-release-grid+next-voice-onset,yes,hold,none,0.25,notation-shortening,reference duration 0.25; shorten acoustic extension to 0.25 (score convention; pedal carries the tail)
Liszt_Concert_Etude_S145_2_1,LisztConcert_Etude_S145_2,Liszt,Concert_Etude_S145_2,LisztConcert_Etude_S145_2:RH:89:55.000000:2,RH,89,55.000000,m.14 beat 4.000,2,0.125,0.125,0.0,0.25,normal,P1,1,92.75,0.25,0,0,ambiguous-candidate,0.125000;0.250000,key-release-grid+pedal-acoustic-grid;next-voice-onset,no,change,none,0.25,notation-shortening,reference duration 0.25; shorten acoustic extension to 0.25 (score convention; pedal carries the tail)
Liszt_Concert_Etude_S145_2_1,LisztConcert_Etude_S145_2,Liszt,Concert_Etude_S145_2,LisztConcert_Etude_S145_2:RH:89:64.125000:3,RH,89,64.125000,m.17 beat 1.125,3,0.125,0.666666667,0.541666667,0.208333333,medium,,,,,,,unmatched,0.125000;0.208333,key-release-grid;next-voice-onset,yes,hold,none,0.125,pedal-only,pedal carries sustain; keep short written note
Liszt_Concert_Etude_S145_2_1,LisztConcert_Etude_S145_2,Liszt,Concert_Etude_S145_2,LisztConcert_Etude_S145_2:RH:89:64.750000:3,RH,89,64.750000,m.17 beat 1.750,3,0.125,0.125,0.0,0.125,normal,P1,1,109.0,0.25,0,0,labeled,0.125000,key-release-grid+next-voice-onset+pedal-acoustic-grid,no,change,none,0.25,notation-shortening,reference duration 0.25; shorten acoustic extension to 0.25 (score convention; pedal carries the tail)
Liszt_Concert_Etude_S145_2_1,LisztConcert_Etude_S145_2,Liszt,Concert_Etude_S145_2,LisztConcert_Etude_S145_2:RH:89:65.250000:1,RH,89,65.250000,m.17 beat 2.250,1,0.125,2.494791667,2.369791667,0.125,medium,P1,1,110.0,0.25,0,0,labeled,0.125000,key-release-grid+next-voice-onset,yes,hold,change,0.25,notation-shortening,reference duration 0.25; shorten acoustic extension to 0.25 (score convention; pedal carries the tail)
Liszt_Concert_Etude_S145_2_1,LisztConcert_Etude_S145_2,Liszt,Concert_Etude_S145_2,LisztConcert_Etude_S145_2:RH:89:65.750000:1,RH,89,65.750000,m.17 beat 2.750,1,0.125,1.994791667,1.869791667,0.125,medium,P1,1,110.75,0.25,0,0,labeled,0.125000,key-release-grid+next-voice-onset,yes,hold,change,0.25,notation-shortening,reference duration 0.25; shorten acoustic extension to 0.25 (score convention; pedal carries the tail)
Liszt_Concert_Etude_S145_2_1,LisztConcert_Etude_S145_2,Liszt,Concert_Etude_S145_2,LisztConcert_Etude_S145_2:RH:89:66.250000:3,RH,89,66.250000,m.17 beat 3.250,3,0.125,1.494791667,1.369791667,0.125,medium,P1,1,111.5,0.25,0,0,labeled,0.125000,key-release-grid+next-voice-onset,yes,hold,change,0.25,notation-shortening,reference duration 0.25; shorten acoustic extension to 0.25 (score convention; pedal carries the tail)
Liszt_Concert_Etude_S145_2_1,LisztConcert_Etude_S145_2,Liszt,Concert_Etude_S145_2,LisztConcert_Etude_S145_2:RH:89:66.666667:1,RH,89,66.666667,m.17 beat 3.667,1,0.125,1.078125,0.953125,0.208333333,medium,P1,1,112.25,0.25,0,0,ambiguous-candidate,0.125000;0.208333,key-release-grid;next-voice-onset,yes,hold,change,0.25,notation-shortening,reference duration 0.25; shorten acoustic extension to 0.25 (score convention; pedal carries the tail)
Liszt_Concert_Etude_S145_2_1,LisztConcert_Etude_S145_2,Liszt,Concert_Etude_S145_2,LisztConcert_Etude_S145_2:RH:89:67.125000:1,RH,89,67.125000,m.17 beat 4.125,1,0.125,0.619791667,0.494791667,0.208333333,medium,P1,1,113.0,0.25,0,0,ambiguous-candidate,0.125000;0.208333,key-release-grid;next-voice-onset,yes,hold,change,0.25,notation-shortening,reference duration 0.25; shorten acoustic extension to 0.25 (score convention; pedal carries the tail)
Liszt_Concert_Etude_S145_2_1,LisztConcert_Etude_S145_2,Liszt,Concert_Etude_S145_2,LisztConcert_Etude_S145_2:RH:89:67.500000:1,RH,89,67.500000,m.17 beat 4.500,1,0.125,0.244791667,0.119791667,0.166666667,normal,,,,,,,unmatched,0.125000;0.166667,key-release-grid;next-voice-onset,no,change,none,0.125,,routine; written duration follows score/readability
Liszt_Concert_Etude_S145_2_1,LisztConcert_Etude_S145_2,Liszt,Concert_Etude_S145_2,LisztConcert_Etude_S145_2:RH:89:67.875000:1,RH,89,67.875000,m.17 beat 4.875,1,0.125,0.84375,0.71875,0.125,medium,P1,5,114.0,0.5,0,0,reference-duration-not-candidate,0.125000,barline+key-release-grid+next-voice-onset,yes,change,none,0.5,notation-shortening,reference duration 0.5; shorten acoustic extension to 0.5 (score convention; pedal carries the tail)
Liszt_Concert_Etude_S145_2_1,LisztConcert_Etude_S145_2,Liszt,Concert_Etude_S145_2,LisztConcert_Etude_S145_2:RH:89:69.500000:1,RH,89,69.500000,m.18 beat 2.500,1,0.125,0.125,0.0,0.125,normal,,,,,,,unmatched,0.125000,key-release-grid+next-voice-onset+pedal-acoustic-grid,no,change,none,0.125,,routine; written duration follows score/readability
Liszt_Concert_Etude_S145_2_1,LisztConcert_Etude_S145_2,Liszt,Concert_Etude_S145_2,LisztConcert_Etude_S145_2:RH:89:70.000000:3,RH,89,70.000000,m.18 beat 3.000,3,0.125,0.479166667,0.354166667,0.375,medium,P1,5,116.0,0.125,0,0,labeled,0.125000;0.333333;0.375000,key-release-grid;next-voice-onset;pedal-acoustic-grid,yes,hold,none,0.125,,routine; written duration follows score/readability
Liszt_Concert_Etude_S145_2_1,LisztConcert_Etude_S145_2,Liszt,Concert_Etude_S145_2,LisztConcert_Etude_S145_2:RH:90:120.000000:1,RH,90,120.000000,m.31 beat 1.000,1,0.125,0.393229167,0.268229167,0.25,medium,,,,,,,unmatched,0.125000;0.250000,key-release-grid;next-voice-onset,yes,hold,none,0.125,pedal-only,pedal carries sustain; keep short written note
Liszt_Concert_Etude_S145_2_1,LisztConcert_Etude_S145_2,Liszt,Concert_Etude_S145_2,LisztConcert_Etude_S145_2:RH:90:124.875000:1,RH,90,124.875000,m.32 beat 1.875,1,0.125,0.630208333,0.505208333,0.125,medium,P1,1,210.25,0.25,0,0,labeled,0.125000,key-release-grid+next-voice-onset,yes,hold,start,0.25,notation-shortening,reference duration 0.25; shorten acoustic extension to 0.25 (score convention; pedal carries the tail)
Liszt_Concert_Etude_S145_2_1,LisztConcert_Etude_S145_2,Liszt,Concert_Etude_S145_2,LisztConcert_Etude_S145_2:RH:90:125.125000:1,RH,90,125.125000,m.32 beat 2.125,1,0.125,0.380208333,0.255208333,0.208333333,medium,P1,1,210.75,0.25,0,0,ambiguous-candidate,0.125000;0.208333,key-release-grid;next-voice-onset,yes,hold,none,0.25,notation-shortening,reference duration 0.25; shorten acoustic extension to 0.25 (score convention; pedal carries the tail)
Liszt_Concert_Etude_S145_2_1,LisztConcert_Etude_S145_2,Liszt,Concert_Etude_S145_2,LisztConcert_Etude_S145_2:RH:90:125.750000:1,RH,90,125.750000,m.32 beat 2.750,1,0.125,0.643229167,0.518229167,0.125,medium,P1,1,211.75,0.25,0,0,labeled,0.125000,key-release-grid+next-voice-onset,yes,hold,change,0.25,notation-shortening,reference duration 0.25; shorten acoustic extension to 0.25 (score convention; pedal carries the tail)
Liszt_Concert_Etude_S145_2_1,LisztConcert_Etude_S145_2,Liszt,Concert_Etude_S145_2,LisztConcert_Etude_S145_2:RH:90:126.125000:1,RH,90,126.125000,m.32 beat 3.125,1,0.125,0.268229167,0.143229167,0.125,normal,P1,1,212.25,0.25,0,0,labeled,0.125000,key-release-grid+next-voice-onset,no,hold,none,0.25,notation-shortening,reference duration 0.25; shorten acoustic extension to 0.25 (score convention; pedal carries the tail)
Liszt_Concert_Etude_S145_2_1,LisztConcert_Etude_S145_2,Liszt,Concert_Etude_S145_2,LisztConcert_Etude_S145_2:RH:90:126.750000:1,RH,90,126.750000,m.32 beat 3.750,1,0.125,0.513020833,0.388020833,0.5,medium,P1,1,213.25,0.25,0,0,labeled,0.125000;0.500000,key-release-grid;next-voice-onset+pedal-acoustic-grid,yes,hold,change,0.25,notation-shortening,reference duration 0.25; shorten acoustic extension to 0.25 (score convention; pedal carries the tail)
Liszt_Concert_Etude_S145_2_1,LisztConcert_Etude_S145_2,Liszt,Concert_Etude_S145_2,LisztConcert_Etude_S145_2:RH:90:127.000000:3,RH,90,127.000000,m.32 beat 4.000,3,0.125,0.263020833,0.138020833,0.125,normal,P1,1,213.75,0.25,0,0,labeled,0.125000,key-release-grid+next-voice-onset,no,hold,none,0.25,notation-shortening,reference duration 0.25; shorten acoustic extension to 0.25 (score convention; pedal carries the tail)
Liszt_Concert_Etude_S145_2_1,LisztConcert_Etude_S145_2,Liszt,Concert_Etude_S145_2,LisztConcert_Etude_S145_2:RH:90:127.500000:3,RH,90,127.500000,m.32 beat 4.500,3,0.125,0.65625,0.53125,0.125,medium,P1,1,214.75,0.25,0,0,labeled,0.125000,key-release-grid+next-voice-onset,yes,hold,change,0.25,notation-shortening,reference duration 0.25; shorten acoustic extension to 0.25 (score convention; pedal carries the tail)
Liszt_Concert_Etude_S145_2_1,LisztConcert_Etude_S145_2,Liszt,Concert_Etude_S145_2,LisztConcert_Etude_S145_2:RH:90:128.000000:2,RH,90,128.000000,m.33 beat 1.000,2,0.125,0.15625,0.03125,0.25,normal,P1,1,215.75,0.25,0,0,ambiguous-candidate,0.125000;0.250000,key-release-grid+pedal-acoustic-grid;next-voice-onset+pedal-acoustic-grid,no,change,change,0.25,notation-shortening,reference duration 0.25; shorten acoustic extension to 0.25 (score convention; pedal carries the tail)
Liszt_Concert_Etude_S145_2_1,LisztConcert_Etude_S145_2,Liszt,Concert_Etude_S145_2,LisztConcert_Etude_S145_2:RH:90:136.875000:2,RH,90,136.875000,m.35 beat 1.875,2,0.125,0.744791667,0.619791667,0.125,medium,,,,,,,unmatched,0.125000,key-release-grid+next-voice-onset,yes,hold,none,0.125,pedal-only,pedal carries sustain; keep short written note
Liszt_Concert_Etude_S145_2_1,LisztConcert_Etude_S145_2,Liszt,Concert_Etude_S145_2,LisztConcert_Etude_S145_2:RH:90:137.375000:3,RH,90,137.375000,m.35 beat 2.375,3,0.125,0.244791667,0.119791667,0.125,normal,P1,1,232.0,0.25,0,0,labeled,0.125000,key-release-grid+next-voice-onset,no,change,none,0.25,notation-shortening,reference duration 0.25; shorten acoustic extension to 0.25 (score convention; pedal carries the tail)
Liszt_Concert_Etude_S145_2_1,LisztConcert_Etude_S145_2,Liszt,Concert_Etude_S145_2,LisztConcert_Etude_S145_2:RH:90:138.125000:3,RH,90,138.125000,m.35 beat 3.125,3,0.125,2.505208333,2.380208333,0.125,medium,P1,1,233.0,0.25,0,0,labeled,0.125000,key-release-grid+next-voice-onset,yes,hold,change,0.25,notation-shortening,reference duration 0.25; shorten acoustic extension to 0.25 (score convention; pedal carries the tail)
Liszt_Concert_Etude_S145_2_1,LisztConcert_Etude_S145_2,Liszt,Concert_Etude_S145_2,LisztConcert_Etude_S145_2:RH:90:138.500000:2,RH,90,138.500000,m.35 beat 3.500,2,0.25,2.130208333,1.880208333,0.25,medium,P1,1,233.75,0.25,0,0,labeled,0.250000,key-release-grid+next-voice-onset,yes,hold,change,0.25,,routine; written duration follows score/readability
Liszt_Concert_Etude_S145_2_1,LisztConcert_Etude_S145_2,Liszt,Concert_Etude_S145_2,LisztConcert_Etude_S145_2:RH:90:139.000000:3,RH,90,139.000000,m.35 beat 4.000,3,0.25,1.630208333,1.380208333,0.25,medium,P1,1,234.5,0.25,0,0,labeled,0.250000,key-release-grid+next-voice-onset,yes,hold,change,0.25,,routine; written duration follows score/readability
Liszt_Concert_Etude_S145_2_1,LisztConcert_Etude_S145_2,Liszt,Concert_Etude_S145_2,LisztConcert_Etude_S145_2:RH:90:139.500000:3,RH,90,139.500000,m.35 beat 4.500,3,0.25,1.130208333,0.880208333,0.25,medium,P1,1,235.25,0.25,0,0,labeled,0.250000,key-release-grid+next-voice-onset,yes,hold,change,0.25,,routine; written duration follows score/readability
Liszt_Concert_Etude_S145_2_1,LisztConcert_Etude_S145_2,Liszt,Concert_Etude_S145_2,LisztConcert_Etude_S145_2:RH:90:140.000000:3,RH,90,140.000000,m.36 beat 1.000,3,0.25,0.630208333,0.380208333,0.25,medium,P1,1,236.0,0.25,0,0,labeled,0.250000,key-release-grid+next-voice-onset,yes,hold,change,0.25,,routine; written duration follows score/readability
Liszt_Concert_Etude_S145_2_1,LisztConcert_Etude_S145_2,Liszt,Concert_Etude_S145_2,LisztConcert_Etude_S145_2:RH:90:140.500000:3,RH,90,140.500000,m.36 beat 1.500,3,0.125,0.130208333,0.005208333,0.125,normal,P1,1,236.75,0.25,0,0,labeled,0.125000,key-release-grid+next-voice-onset+pedal-acoustic-grid,no,change,stop,0.25,notation-shortening,reference duration 0.25; shorten acoustic extension to 0.25 (score convention; pedal carries the tail)
Liszt_Concert_Etude_S145_2_1,LisztConcert_Etude_S145_2,Liszt,Concert_Etude_S145_2,LisztConcert_Etude_S145_2:RH:90:140.750000:4,RH,90,140.750000,m.36 beat 1.750,4,0.125,0.869791667,0.744791667,0.125,medium,P1,5,237.0,0.5,0,0,reference-duration-not-candidate,0.125000,key-release-grid+next-voice-onset,yes,change,stop,0.5,notation-shortening,reference duration 0.5; shorten acoustic extension to 0.5 (score convention; pedal carries the tail)
Liszt_Concert_Etude_S145_2_1,LisztConcert_Etude_S145_2,Liszt,Concert_Etude_S145_2,LisztConcert_Etude_S145_2:RH:90:142.375000:4,RH,90,142.375000,m.36 beat 3.375,4,0.125,0.125,0.0,0.125,normal,,,,,,,unmatched,0.125000,key-release-grid+next-voice-onset+pedal-acoustic-grid,no,change,none,0.125,,routine; written duration follows score/readability
Liszt_Concert_Etude_S145_2_1,LisztConcert_Etude_S145_2,Liszt,Concert_Etude_S145_2,LisztConcert_Etude_S145_2:RH:90:142.750000:1,RH,90,142.750000,m.36 beat 3.750,1,0.25,0.513020833,0.263020833,0.583333333,medium,P1,5,239.0,0.125,0,0,labeled,0.250000;0.333333;0.500000;0.583333,key-release-grid;next-voice-onset;pedal-acoustic-grid,yes,hold,none,0.125,,key duration 0.250 exceeds notation 0.125 (pedal/sustain hold); score convention kept
Liszt_Concert_Etude_S145_2_1,LisztConcert_Etude_S145_2,Liszt,Concert_Etude_S145_2,LisztConcert_Etude_S145_2:RH:90:38.000000:2,RH,90,38.000000,m.10 beat 3.000,2,0.125,0.447916667,0.322916667,0.125,medium,P1,1,63.5,0.25,0,0,labeled,0.125000,key-release-grid+next-voice-onset,yes,hold,none,0.25,notation-shortening,reference duration 0.25; shorten acoustic extension to 0.25 (score convention; pedal carries the tail)
Liszt_Concert_Etude_S145_2_1,LisztConcert_Etude_S145_2,Liszt,Concert_Etude_S145_2,LisztConcert_Etude_S145_2:RH:90:39.000000:2,RH,90,39.000000,m.10 beat 4.000,2,0.125,0.125,0.0,0.125,normal,P1,1,65.25,0.25,0,0,labeled,0.125000,key-release-grid+next-voice-onset+pedal-acoustic-grid,no,none,none,0.25,notation-shortening,reference duration 0.25; shorten acoustic extension to 0.25 (score convention; pedal carries the tail)
Liszt_Concert_Etude_S145_2_1,LisztConcert_Etude_S145_2,Liszt,Concert_Etude_S145_2,LisztConcert_Etude_S145_2:RH:90:39.666667:1,RH,90,39.666667,m.10 beat 4.667,1,0.125,0.583333333,0.458333333,1.458333333,medium,P1,1,66.5,0.25,0,0,ambiguous-candidate,0.125000;0.333333;0.500000;0.625000;0.666667;1.458333,barline;key-release-grid;next-voice-onset;pedal-acoustic-grid,yes,hold,none,0.25,notation-shortening,reference duration 0.25; shorten acoustic extension to 0.25 (score convention; pedal carries the tail)
Liszt_Concert_Etude_S145_2_1,LisztConcert_Etude_S145_2,Liszt,Concert_Etude_S145_2,LisztConcert_Etude_S145_2:RH:90:43.125000:2,RH,90,43.125000,m.11 beat 4.125,2,0.125,0.46875,0.34375,0.125,medium,P1,1,72.5,0.25,0,0,labeled,0.125000,key-release-grid+next-voice-onset,yes,hold,none,0.25,notation-shortening,reference duration 0.25; shorten acoustic extension to 0.25 (score convention; pedal carries the tail)
Liszt_Concert_Etude_S145_2_1,LisztConcert_Etude_S145_2,Liszt,Concert_Etude_S145_2,LisztConcert_Etude_S145_2:RH:90:44.125000:2,RH,90,44.125000,m.12 beat 1.125,2,0.125,0.125,0.0,0.125,normal,P1,1,74.25,0.25,0,0,labeled,0.125000,key-release-grid+next-voice-onset+pedal-acoustic-grid,no,none,none,0.25,notation-shortening,reference duration 0.25; shorten acoustic extension to 0.25 (score convention; pedal carries the tail)
Liszt_Concert_Etude_S145_2_1,LisztConcert_Etude_S145_2,Liszt,Concert_Etude_S145_2,LisztConcert_Etude_S145_2:RH:90:44.875000:2,RH,90,44.875000,m.12 beat 1.875,2,0.125,0.520833333,0.395833333,0.25,medium,P1,1,75.5,0.25,0,0,ambiguous-candidate,0.125000;0.250000,key-release-grid;next-voice-onset,yes,hold,none,0.25,notation-shortening,reference duration 0.25; shorten acoustic extension to 0.25 (score convention; pedal carries the tail)
Liszt_Concert_Etude_S145_2_1,LisztConcert_Etude_S145_2,Liszt,Concert_Etude_S145_2,LisztConcert_Etude_S145_2:RH:90:57.000000:3,RH,90,57.000000,m.15 beat 2.000,3,0.125,1.5546875,1.4296875,0.125,medium,P1,1,96.25,0.25,0,0,labeled,0.125000,key-release-grid+next-voice-onset,yes,hold,start,0.25,notation-shortening,reference duration 0.25; shorten acoustic extension to 0.25 (score convention; pedal carries the tail)
Liszt_Concert_Etude_S145_2_1,LisztConcert_Etude_S145_2,Liszt,Concert_Etude_S145_2,LisztConcert_Etude_S145_2:RH:90:57.333333:3,RH,90,57.333333,m.15 beat 2.333,3,0.125,1.221354167,1.096354167,0.166666667,medium,P1,1,96.75,0.25,0,0,ambiguous-candidate,0.125000;0.166667,key-release-grid;next-voice-onset,yes,hold,none,0.25,notation-shortening,reference duration 0.25; shorten acoustic extension to 0.25 (score convention; pedal carries the tail)
Liszt_Concert_Etude_S145_2_1,LisztConcert_Etude_S145_2,Liszt,Concert_Etude_S145_2,LisztConcert_Etude_S145_2:RH:90:58.250000:3,RH,90,58.250000,m.15 beat 3.250,3,0.125,0.3046875,0.1796875,0.125,normal,P1,1,98.25,0.25,0,0,labeled,0.125000,key-release-grid+next-voice-onset,no,hold,none,0.25,notation-shortening,reference duration 0.25; shorten acoustic extension to 0.25 (score convention; pedal carries the tail)
Liszt_Concert_Etude_S145_2_1,LisztConcert_Etude_S145_2,Liszt,Concert_Etude_S145_2,LisztConcert_Etude_S145_2:RH:90:59.750000:3,RH,90,59.750000,m.15 beat 4.750,3,0.125,1.4765625,1.3515625,0.125,medium,P1,1,100.75,0.25,0,0,labeled,0.125000,key-release-grid+next-voice-onset,yes,hold,change,0.25,notation-shortening,reference duration 0.25; shorten acoustic extension to 0.25 (score convention; pedal carries the tail)
Liszt_Concert_Etude_S145_2_1,LisztConcert_Etude_S145_2,Liszt,Concert_Etude_S145_2,LisztConcert_Etude_S145_2:RH:90:60.000000:2,RH,90,60.000000,m.16 beat 1.000,2,0.125,1.2265625,1.1015625,0.125,medium,P1,1,101.25,0.25,0,0,labeled,0.125000,key-release-grid+next-voice-onset,yes,hold,none,0.25,notation-shortening,reference duration 0.25; shorten acoustic extension to 0.25 (score convention; pedal carries the tail)
Liszt_Concert_Etude_S145_2_1,LisztConcert_Etude_S145_2,Liszt,Concert_Etude_S145_2,LisztConcert_Etude_S145_2:RH:90:60.875000:3,RH,90,60.875000,m.16 beat 1.875,3,0.125,0.3515625,0.2265625,0.125,normal,P1,1,102.75,0.25,0,0,labeled,0.125000,key-release-grid+next-voice-onset,no,hold,none,0.25,notation-shortening,reference duration 0.25; shorten acoustic extension to 0.25 (score convention; pedal carries the tail)
Liszt_Concert_Etude_S145_2_1,LisztConcert_Etude_S145_2,Liszt,Concert_Etude_S145_2,LisztConcert_Etude_S145_2:RH:90:62.500000:3,RH,90,62.500000,m.16 beat 3.500,3,0.125,0.528645833,0.403645833,0.125,medium,P1,1,105.25,0.25,0,0,labeled,0.125000,key-release-grid+next-voice-onset,yes,hold,change,0.25,notation-shortening,reference duration 0.25; shorten acoustic extension to 0.25 (score convention; pedal carries the tail)
Liszt_Concert_Etude_S145_2_1,LisztConcert_Etude_S145_2,Liszt,Concert_Etude_S145_2,LisztConcert_Etude_S145_2:RH:90:62.750000:2,RH,90,62.750000,m.16 beat 3.750,2,0.125,0.278645833,0.153645833,0.125,normal,P1,1,105.75,0.25,0,0,labeled,0.125000,key-release-grid+next-voice-onset,no,hold,none,0.25,notation-shortening,reference duration 0.25; shorten acoustic extension to 0.25 (score convention; pedal carries the tail)
Liszt_Concert_Etude_S145_2_1,LisztConcert_Etude_S145_2,Liszt,Concert_Etude_S145_2,LisztConcert_Etude_S145_2:RH:90:63.125000:3,RH,90,63.125000,m.16 beat 4.125,3,0.125,0.778645833,0.653645833,0.125,medium,P1,1,106.25,0.25,0,0,labeled,0.125000,key-release-grid+next-voice-onset,yes,change,change,0.25,notation-shortening,reference duration 0.25; shorten acoustic extension to 0.25 (score convention; pedal carries the tail)
Liszt_Concert_Etude_S145_2_1,LisztConcert_Etude_S145_2,Liszt,Concert_Etude_S145_2,LisztConcert_Etude_S145_2:RH:91:111.500000:1,RH,91,111.500000,m.28 beat 4.500,1,0.125,0.541666667,0.416666667,0.75,medium,P1,1,186.5,0.25,0,0,labeled,0.125000;0.500000;0.666667;0.750000,barline+pedal-acoustic-grid;key-release-grid;next-voice-onset;pedal-acoustic-grid,yes,hold,none,0.25,notation-shortening,reference duration 0.25; shorten acoustic extension to 0.25 (score convention; pedal carries the tail)
Liszt_Concert_Etude_S145_2_1,LisztConcert_Etude_S145_2,Liszt,Concert_Etude_S145_2,LisztConcert_Etude_S145_2:RH:91:112.375000:1,RH,91,112.375000,m.29 beat 1.375,1,0.125,0.125,0.0,0.25,normal,P1,1,188.25,0.25,0,0,ambiguous-candidate,0.125000;0.250000,key-release-grid+pedal-acoustic-grid;next-voice-onset,no,none,none,0.25,notation-shortening,reference duration 0.25; shorten acoustic extension to 0.25 (score convention; pedal carries the tail)
Liszt_Concert_Etude_S145_2_1,LisztConcert_Etude_S145_2,Liszt,Concert_Etude_S145_2,LisztConcert_Etude_S145_2:RH:91:113.125000:2,RH,91,113.125000,m.29 beat 2.125,2,0.125,0.734375,0.609375,0.125,medium,P1,1,189.5,0.25,0,0,labeled,0.125000,key-release-grid+next-voice-onset,yes,hold,none,0.25,notation-shortening,reference duration 0.25; shorten acoustic extension to 0.25 (score convention; pedal carries the tail)
Liszt_Concert_Etude_S145_2_1,LisztConcert_Etude_S145_2,Liszt,Concert_Etude_S145_2,LisztConcert_Etude_S145_2:RH:91:116.500000:1,RH,91,116.500000,m.30 beat 1.500,1,0.125,0.565104167,0.440104167,0.875,medium,P1,1,195.5,0.25,0,0,labeled,0.125000;0.500000;0.625000;0.666667;0.875000,key-release-grid;next-voice-onset;pedal-acoustic-grid,yes,hold,none,0.25,notation-shortening,reference duration 0.25; shorten acoustic extension to 0.25 (score convention; pedal carries the tail)
Liszt_Concert_Etude_S145_2_1,LisztConcert_Etude_S145_2,Liszt,Concert_Etude_S145_2,LisztConcert_Etude_S145_2:RH:91:117.500000:1,RH,91,117.500000,m.30 beat 2.500,1,0.125,0.125,0.0,0.125,normal,P1,1,197.25,0.25,0,0,labeled,0.125000,key-release-grid+next-voice-onset+pedal-acoustic-grid,no,none,none,0.25,notation-shortening,reference duration 0.25; shorten acoustic extension to 0.25 (score convention; pedal carries the tail)
Liszt_Concert_Etude_S145_2_1,LisztConcert_Etude_S145_2,Liszt,Concert_Etude_S145_2,LisztConcert_Etude_S145_2:RH:91:118.250000:1,RH,91,118.250000,m.30 beat 3.250,1,0.125,0.575520833,0.450520833,0.125,medium,P1,1,198.5,0.25,0,0,labeled,0.125000,key-release-grid+next-voice-onset,yes,hold,none,0.25,notation-shortening,reference duration 0.25; shorten acoustic extension to 0.25 (score convention; pedal carries the tail)
Liszt_Concert_Etude_S145_2_1,LisztConcert_Etude_S145_2,Liszt,Concert_Etude_S145_2,LisztConcert_Etude_S145_2:RH:91:130.125000:3,RH,91,130.125000,m.33 beat 3.125,3,0.125,1.3359375,1.2109375,0.125,medium,P1,1,219.25,0.25,0,0,labeled,0.125000,key-release-grid+next-voice-onset,yes,hold,start,0.25,notation-shortening,reference duration 0.25; shorten acoustic extension to 0.25 (score convention; pedal carries the tail)
Liszt_Concert_Etude_S145_2_1,LisztConcert_Etude_S145_2,Liszt,Concert_Etude_S145_2,LisztConcert_Etude_S145_2:RH:91:130.375000:3,RH,91,130.375000,m.33 beat 3.375,3,0.125,1.0859375,0.9609375,0.125,medium,P1,1,219.75,0.25,0,0,labeled,0.125000,key-release-grid+next-voice-onset,yes,hold,none,0.25,notation-shortening,reference duration 0.25; shorten acoustic extension to 0.25 (score convention; pedal carries the tail)
Liszt_Concert_Etude_S145_2_1,LisztConcert_Etude_S145_2,Liszt,Concert_Etude_S145_2,LisztConcert_Etude_S145_2:RH:91:132.666667:2,RH,91,132.666667,m.34 beat 1.667,2,0.125,1.372395833,1.247395833,0.208333333,medium,P1,1,223.75,0.25,0,0,ambiguous-candidate,0.125000;0.208333,key-release-grid;next-voice-onset,yes,hold,change,0.25,notation-shortening,reference duration 0.25; shorten acoustic extension to 0.25 (score convention; pedal carries the tail)
Liszt_Concert_Etude_S145_2_1,LisztConcert_Etude_S145_2,Liszt,Concert_Etude_S145_2,LisztConcert_Etude_S145_2:RH:91:132.875000:2,RH,91,132.875000,m.34 beat 1.875,2,0.125,1.1640625,1.0390625,0.125,medium,P1,1,224.25,0.25,0,0,labeled,0.125000,key-release-grid+next-voice-onset,yes,hold,none,0.25,notation-shortening,reference duration 0.25; shorten acoustic extension to 0.25 (score convention; pedal carries the tail)
Liszt_Concert_Etude_S145_2_1,LisztConcert_Etude_S145_2,Liszt,Concert_Etude_S145_2,LisztConcert_Etude_S145_2:RH:91:135.250000:2,RH,91,135.250000,m.34 beat 4.250,2,0.125,0.705729167,0.580729167,0.125,medium,P1,1,228.25,0.25,0,0,labeled,0.125000,key-release-grid+next-voice-onset,yes,hold,change,0.25,notation-shortening,reference duration 0.25; shorten acoustic extension to 0.25 (score convention; pedal carries the tail)
Liszt_Concert_Etude_S145_2_1,LisztConcert_Etude_S145_2,Liszt,Concert_Etude_S145_2,LisztConcert_Etude_S145_2:RH:91:135.625000:1,RH,91,135.625000,m.34 beat 4.625,1,0.125,0.330729167,0.205729167,0.125,normal,P1,1,228.75,0.25,0,0,labeled,0.125000,key-release-grid+next-voice-onset,no,hold,none,0.25,notation-shortening,reference duration 0.25; shorten acoustic extension to 0.25 (score convention; pedal carries the tail)
Liszt_Concert_Etude_S145_2_1,LisztConcert_Etude_S145_2,Liszt,Concert_Etude_S145_2,LisztConcert_Etude_S145_2:RH:91:135.875000:1,RH,91,135.875000,m.34 beat 4.875,1,0.125,0.125,0.0,0.125,normal,P1,1,229.25,0.25,0,0,labeled,0.125000,barline+key-release-grid+next-voice-onset+pedal-acoustic-grid,no,change,change,0.25,notation-shortening,reference duration 0.25; shorten acoustic extension to 0.25 (score convention; pedal carries the tail)
Liszt_Concert_Etude_S145_2_1,LisztConcert_Etude_S145_2,Liszt,Concert_Etude_S145_2,LisztConcert_Etude_S145_2:RH:91:49.500000:2,RH,91,49.500000,m.13 beat 2.500,2,0.125,0.213541667,0.088541667,0.125,normal,P1,1,83.5,0.25,0,0,labeled,0.125000,key-release-grid+next-voice-onset,no,change,none,0.25,notation-shortening,reference duration 0.25; shorten acoustic extension to 0.25 (score convention; pedal carries the tail)
Liszt_Concert_Etude_S145_2_1,LisztConcert_Etude_S145_2,Liszt,Concert_Etude_S145_2,LisztConcert_Etude_S145_2:RH:91:63.375000:3,RH,91,63.375000,m.16 beat 4.375,3,0.125,0.528645833,0.403645833,0.125,medium,P1,1,106.75,0.25,0,0,labeled,0.125000,key-release-grid+next-voice-onset,yes,hold,change,0.25,notation-shortening,reference duration 0.25; shorten acoustic extension to 0.25 (score convention; pedal carries the tail)
Liszt_Concert_Etude_S145_2_1,LisztConcert_Etude_S145_2,Liszt,Concert_Etude_S145_2,LisztConcert_Etude_S145_2:RH:91:63.625000:2,RH,91,63.625000,m.16 beat 4.625,2,0.125,0.278645833,0.153645833,0.125,normal,P1,1,107.25,0.25,0,0,labeled,0.125000,key-release-grid+next-voice-onset,no,hold,none,0.25,notation-shortening,reference duration 0.25; shorten acoustic extension to 0.25 (score convention; pedal carries the tail)
Liszt_Concert_Etude_S145_2_1,LisztConcert_Etude_S145_2,Liszt,Concert_Etude_S145_2,LisztConcert_Etude_S145_2:RH:91:64.000000:3,RH,91,64.000000,m.17 beat 1.000,3,0.125,0.791666667,0.666666667,0.125,medium,P1,1,107.75,0.25,0,0,labeled,0.125000,key-release-grid+next-voice-onset,yes,change,change,0.25,notation-shortening,reference duration 0.25; shorten acoustic extension to 0.25 (score convention; pedal carries the tail)
Liszt_Concert_Etude_S145_2_1,LisztConcert_Etude_S145_2,Liszt,Concert_Etude_S145_2,LisztConcert_Etude_S145_2:RH:92:122.750000:1,RH,92,122.750000,m.31 beat 3.750,1,0.25,0.317708333,0.067708333,0.25,normal,,,,,,,unmatched,0.250000,key-release-grid+next-voice-onset+pedal-acoustic-grid,no,hold,none,0.25,,routine; written duration follows score/readability
Liszt_Concert_Etude_S145_2_1,LisztConcert_Etude_S145_2,Liszt,Concert_Etude_S145_2,LisztConcert_Etude_S145_2:RH:92:136.250000:1,RH,92,136.250000,m.35 beat 1.250,1,0.125,0.502604167,0.377604167,0.125,medium,P1,1,229.75,0.25,0,0,labeled,0.125000,key-release-grid+next-voice-onset,yes,hold,change,0.25,notation-shortening,reference duration 0.25; shorten acoustic extension to 0.25 (score convention; pedal carries the tail)
Liszt_Concert_Etude_S145_2_1,LisztConcert_Etude_S145_2,Liszt,Concert_Etude_S145_2,LisztConcert_Etude_S145_2:RH:92:136.500000:2,RH,92,136.500000,m.35 beat 1.500,2,0.125,0.252604167,0.127604167,0.125,normal,P1,1,230.25,0.25,0,0,labeled,0.125000,key-release-grid+next-voice-onset,no,hold,none,0.25,notation-shortening,reference duration 0.25; shorten acoustic extension to 0.25 (score convention; pedal carries the tail)
Liszt_Concert_Etude_S145_2_1,LisztConcert_Etude_S145_2,Liszt,Concert_Etude_S145_2,LisztConcert_Etude_S145_2:RH:92:136.750000:2,RH,92,136.750000,m.35 beat 1.750,2,0.125,0.869791667,0.744791667,0.125,medium,P1,1,230.75,0.25,0,0,labeled,0.125000,key-release-grid+next-voice-onset,yes,change,change,0.25,notation-shortening,reference duration 0.25; shorten acoustic extension to 0.25 (score convention; pedal carries the tail)
Liszt_Concert_Etude_S145_2_1,LisztConcert_Etude_S145_2,Liszt,Concert_Etude_S145_2,LisztConcert_Etude_S145_2:RH:92:54.875000:1,RH,92,54.875000,m.14 beat 3.875,1,0.25,0.25,0.0,9.625,high,P1,1,92.5,0.25,0,0,ambiguous-candidate,0.250000;0.333333;1.125000;9.625000,barline;key-release-grid+pedal-acoustic-grid;next-voice-onset,no,change,none,0.25,,routine; written duration follows score/readability
Liszt_Concert_Etude_S145_2_1,LisztConcert_Etude_S145_2,Liszt,Concert_Etude_S145_2,LisztConcert_Etude_S145_2:RH:92:58.875000:2,RH,92,58.875000,m.15 beat 3.875,2,0.125,0.5546875,0.4296875,0.125,medium,P1,1,99.5,0.25,0,0,labeled,0.125000,key-release-grid+next-voice-onset,yes,hold,none,0.25,notation-shortening,reference duration 0.25; shorten acoustic extension to 0.25 (score convention; pedal carries the tail)
Liszt_Concert_Etude_S145_2_1,LisztConcert_Etude_S145_2,Liszt,Concert_Etude_S145_2,LisztConcert_Etude_S145_2:RH:92:61.625000:3,RH,92,61.625000,m.16 beat 2.625,3,0.125,0.575520833,0.450520833,0.125,medium,P1,1,104.0,0.25,0,0,labeled,0.125000,key-release-grid+next-voice-onset,yes,hold,none,0.25,notation-shortening,reference duration 0.25; shorten acoustic extension to 0.25 (score convention; pedal carries the tail)
Liszt_Concert_Etude_S145_2_1,LisztConcert_Etude_S145_2,Liszt,Concert_Etude_S145_2,LisztConcert_Etude_S145_2:RH:92:64.333333:3,RH,92,64.333333,m.17 beat 1.333,3,0.125,0.458333333,0.333333333,0.166666667,high,P1,1,108.25,0.25,0,0,ambiguous-candidate,0.125000;0.166667,key-release-grid;next-voice-onset,yes,hold,change,0.25,notation-shortening,reference duration 0.25; shorten acoustic extension to 0.25 (score convention; pedal carries the tail)
Liszt_Concert_Etude_S145_2_1,LisztConcert_Etude_S145_2,Liszt,Concert_Etude_S145_2,LisztConcert_Etude_S145_2:RH:92:64.625000:3,RH,92,64.625000,m.17 beat 1.625,3,0.125,0.166666667,0.041666667,0.125,normal,P1,1,108.75,0.25,0,0,labeled,0.125000,key-release-grid+next-voice-onset+pedal-acoustic-grid,no,change,none,0.25,notation-shortening,reference duration 0.25; shorten acoustic extension to 0.25 (score convention; pedal carries the tail)
Liszt_Concert_Etude_S145_2_1,LisztConcert_Etude_S145_2,Liszt,Concert_Etude_S145_2,LisztConcert_Etude_S145_2:RH:92:67.875000:1,RH,92,67.875000,m.17 beat 4.875,1,0.125,0.84375,0.71875,0.125,medium,P1,1,114.25,0.125,0,0,labeled,0.125000,barline+key-release-grid+next-voice-onset,yes,change,stop,0.125,,routine; written duration follows score/readability
Liszt_Concert_Etude_S145_2_1,LisztConcert_Etude_S145_2,Liszt,Concert_Etude_S145_2,LisztConcert_Etude_S145_2:RH:92:69.000000:3,RH,92,69.000000,m.18 beat 2.000,3,0.125,0.549479167,0.424479167,0.333333333,medium,,,,,,,unmatched,0.125000;0.333333,key-release-grid;next-voice-onset,yes,hold,none,0.125,pedal-only,pedal carries sustain; keep short written note
Liszt_Concert_Etude_S145_2_1,LisztConcert_Etude_S145_2,Liszt,Concert_Etude_S145_2,LisztConcert_Etude_S145_2:RH:92:69.333333:3,RH,92,69.333333,m.18 beat 2.333,3,0.25,0.25,0.0,0.666666667,normal,P1,5,115.375,0.125,0,0,labeled,0.250000;0.333333;0.666667,key-release-grid+pedal-acoustic-grid;next-voice-onset,no,change,none,0.125,,key duration 0.250 exceeds notation 0.125 (pedal/sustain hold); score convention kept
Liszt_Concert_Etude_S145_2_1,LisztConcert_Etude_S145_2,Liszt,Concert_Etude_S145_2,LisztConcert_Etude_S145_2:RH:93:127.875000:3,RH,93,127.875000,m.32 beat 4.875,3,0.25,0.28125,0.03125,0.458333333,normal,P1,1,215.5,0.25,0,0,ambiguous-candidate,0.125000;0.250000;0.333333;0.458333,barline;key-release-grid+pedal-acoustic-grid;next-voice-onset,no,hold,none,0.25,,routine; written duration follows score/readability
Liszt_Concert_Etude_S145_2_1,LisztConcert_Etude_S145_2,Liszt,Concert_Etude_S145_2,LisztConcert_Etude_S145_2:RH:93:131.875000:3,RH,93,131.875000,m.33 beat 4.875,3,0.25,0.559895833,0.309895833,1.875,medium,P1,1,222.5,0.25,0,0,ambiguous-candidate,0.125000;0.250000;0.333333;0.500000;0.666667;1.875000,barline;key-release-grid;next-voice-onset;pedal-acoustic-grid,yes,hold,none,0.25,,routine; written duration follows score/readability
Liszt_Concert_Etude_S145_2_1,LisztConcert_Etude_S145_2,Liszt,Concert_Etude_S145_2,LisztConcert_Etude_S145_2:RH:93:134.500000:2,RH,93,134.500000,m.34 beat 3.500,2,0.125,0.489583333,0.364583333,0.166666667,medium,P1,1,227.0,0.25,0,0,ambiguous-candidate,0.125000;0.166667,key-release-grid;next-voice-onset,yes,hold,none,0.25,notation-shortening,reference duration 0.25; shorten acoustic extension to 0.25 (score convention; pedal carries the tail)
Liszt_Concert_Etude_S145_2_1,LisztConcert_Etude_S145_2,Liszt,Concert_Etude_S145_2,LisztConcert_Etude_S145_2:RH:93:137.000000:2,RH,93,137.000000,m.35 beat 2.000,2,0.125,0.619791667,0.494791667,0.25,medium,P1,1,231.25,0.25,0,0,ambiguous-candidate,0.125000;0.250000,key-release-grid;next-voice-onset,yes,hold,change,0.25,notation-shortening,reference duration 0.25; shorten acoustic extension to 0.25 (score convention; pedal carries the tail)
Liszt_Concert_Etude_S145_2_1,LisztConcert_Etude_S145_2,Liszt,Concert_Etude_S145_2,LisztConcert_Etude_S145_2:RH:93:137.250000:3,RH,93,137.250000,m.35 beat 2.250,3,0.125,0.369791667,0.244791667,0.125,normal,P1,1,231.75,0.25,0,0,labeled,0.125000,key-release-grid+next-voice-onset,no,hold,none,0.25,notation-shortening,reference duration 0.25; shorten acoustic extension to 0.25 (score convention; pedal carries the tail)
Liszt_Concert_Etude_S145_2_1,LisztConcert_Etude_S145_2,Liszt,Concert_Etude_S145_2,LisztConcert_Etude_S145_2:RH:93:137.500000:3,RH,93,137.500000,m.35 beat 2.500,3,0.125,0.125,0.0,0.5,normal,P1,1,232.25,0.25,0,0,labeled,0.125000;0.500000,key-release-grid+pedal-acoustic-grid;next-voice-onset,no,change,change,0.25,notation-shortening,reference duration 0.25; shorten acoustic extension to 0.25 (score convention; pedal carries the tail)
Liszt_Concert_Etude_S145_2_1,LisztConcert_Etude_S145_2,Liszt,Concert_Etude_S145_2,LisztConcert_Etude_S145_2:RH:93:140.875000:4,RH,93,140.875000,m.36 beat 1.875,4,0.125,0.744791667,0.619791667,0.875,medium,P1,1,237.25,0.125,0,0,labeled,0.125000;0.666667;0.750000;0.875000,key-release-grid;next-voice-onset;pedal-acoustic-grid,yes,hold,stop,0.125,,routine; written duration follows score/readability
Liszt_Concert_Etude_S145_2_1,LisztConcert_Etude_S145_2,Liszt,Concert_Etude_S145_2,LisztConcert_Etude_S145_2:RH:93:141.875000:1,RH,93,141.875000,m.36 beat 2.875,1,0.125,0.5546875,0.4296875,0.25,medium,P1,5,238.375,0.125,0,0,ambiguous-candidate,0.125000;0.250000,key-release-grid;next-voice-onset,yes,hold,none,0.125,,routine; written duration follows score/readability
Liszt_Concert_Etude_S145_2_1,LisztConcert_Etude_S145_2,Liszt,Concert_Etude_S145_2,LisztConcert_Etude_S145_2:RH:93:142.333333:1,RH,93,142.333333,m.36 beat 3.333,1,0.125,0.125,0.0,0.416666667,normal,P1,5,238.375,0.125,0,0,labeled,0.125000;0.416667,key-release-grid+pedal-acoustic-grid;next-voice-onset,no,change,none,0.125,,routine; written duration follows score/readability
Liszt_Concert_Etude_S145_2_1,LisztConcert_Etude_S145_2,Liszt,Concert_Etude_S145_2,LisztConcert_Etude_S145_2:RH:93:37.125000:2,RH,93,37.125000,m.10 beat 2.125,2,0.125,0.466145833,0.341145833,0.125,medium,,,,,,,unmatched,0.125000,key-release-grid+next-voice-onset,yes,hold,none,0.125,pedal-only,pedal carries sustain; keep short written note
Liszt_Concert_Etude_S145_2_1,LisztConcert_Etude_S145_2,Liszt,Concert_Etude_S145_2,LisztConcert_Etude_S145_2:RH:93:42.250000:2,RH,93,42.250000,m.11 beat 3.250,2,0.125,0.125,0.0,0.125,normal,P1,1,71.0,0.25,0,0,labeled,0.125000,key-release-grid+next-voice-onset+pedal-acoustic-grid,no,release,none,0.25,notation-shortening,reference duration 0.25; shorten acoustic extension to 0.25 (score convention; pedal carries the tail)
Liszt_Concert_Etude_S145_2_1,LisztConcert_Etude_S145_2,Liszt,Concert_Etude_S145_2,LisztConcert_Etude_S145_2:RH:93:65.000000:1,RH,93,65.000000,m.17 beat 2.000,1,0.125,2.744791667,2.619791667,0.25,medium,P1,1,109.75,0.25,0,0,ambiguous-candidate,0.125000;0.250000,key-release-grid;next-voice-onset,yes,hold,change,0.25,notation-shortening,reference duration 0.25; shorten acoustic extension to 0.25 (score convention; pedal carries the tail)
Liszt_Concert_Etude_S145_2_1,LisztConcert_Etude_S145_2,Liszt,Concert_Etude_S145_2,LisztConcert_Etude_S145_2:RH:93:68.875000:3,RH,93,68.875000,m.18 beat 1.875,3,0.125,0.674479167,0.549479167,0.125,medium,P1,5,115.25,0.125,0,0,labeled,0.125000,key-release-grid+next-voice-onset,yes,change,none,0.125,,routine; written duration follows score/readability
Liszt_Concert_Etude_S145_2_1,LisztConcert_Etude_S145_2,Liszt,Concert_Etude_S145_2,LisztConcert_Etude_S145_2:RH:93:69.333333:1,RH,93,69.333333,m.18 beat 2.333,1,0.125,0.216145833,0.091145833,0.166666667,normal,P1,5,115.25,0.125,0,0,ambiguous-candidate,0.125000;0.166667,key-release-grid;next-voice-onset,no,change,none,0.125,,routine; written duration follows score/readability
Liszt_Concert_Etude_S145_2_1,LisztConcert_Etude_S145_2,Liszt,Concert_Etude_S145_2,LisztConcert_Etude_S145_2:RH:94:110.666667:1,RH,94,110.666667,m.28 beat 3.667,1,0.25,0.526041667,0.276041667,0.833333333,medium,P1,1,185.0,0.25,0,0,ambiguous-candidate,0.250000;0.333333;0.500000;0.666667;0.833333,key-release-grid;next-voice-onset;pedal-acoustic-grid,yes,hold,none,0.25,,routine; written duration follows score/readability
Liszt_Concert_Etude_S145_2_1,LisztConcert_Etude_S145_2,Liszt,Concert_Etude_S145_2,LisztConcert_Etude_S145_2:RH:94:115.666667:1,RH,94,115.666667,m.29 beat 4.667,1,0.25,0.489583333,0.239583333,0.833333333,normal,P1,1,194.0,0.25,0,0,ambiguous-candidate,0.250000;0.333333;0.500000;0.833333,barline+key-release-grid+pedal-acoustic-grid;key-release-grid;next-voice-onset;pedal-acoustic-grid,no,hold,none,0.25,,routine; written duration follows score/readability
Liszt_Concert_Etude_S145_2_1,LisztConcert_Etude_S145_2,Liszt,Concert_Etude_S145_2,LisztConcert_Etude_S145_2:RH:94:138.000000:3,RH,94,138.000000,m.35 beat 3.000,3,0.125,2.630208333,2.505208333,0.125,medium,P1,1,232.75,0.25,0,0,labeled,0.125000,key-release-grid+next-voice-onset,yes,hold,change,0.25,notation-shortening,reference duration 0.25; shorten acoustic extension to 0.25 (score convention; pedal carries the tail)
Liszt_Concert_Etude_S145_2_1,LisztConcert_Etude_S145_2,Liszt,Concert_Etude_S145_2,LisztConcert_Etude_S145_2:RH:94:141.750000:4,RH,94,141.750000,m.36 beat 2.750,4,0.25,0.6796875,0.4296875,0.25,medium,P1,5,238.25,0.125,0,0,labeled,0.250000,key-release-grid+next-voice-onset,yes,change,none,0.125,,key duration 0.250 exceeds notation 0.125 (pedal/sustain hold); score convention kept
Liszt_Concert_Etude_S145_2_1,LisztConcert_Etude_S145_2,Liszt,Concert_Etude_S145_2,LisztConcert_Etude_S145_2:RH:94:142.125000:1,RH,94,142.125000,m.36 beat 3.125,1,0.125,0.3046875,0.1796875,0.208333333,normal,P1,5,238.25,0.125,0,0,ambiguous-candidate,0.125000;0.208333,key-release-grid;next-voice-onset,no,hold,none,0.125,,routine; written duration follows score/readability
Liszt_Concert_Etude_S145_2_1,LisztConcert_Etude_S145_2,Liszt,Concert_Etude_S145_2,LisztConcert_Etude_S145_2:RH:94:49.333333:3,RH,94,49.333333,m.13 beat 2.333,3,0.25,0.380208333,0.130208333,0.541666667,normal,P1,1,83.25,0.25,0,0,ambiguous-candidate,0.250000;0.333333;0.375000;0.500000;0.541667,key-release-grid;key-release-grid+pedal-acoustic-grid;next-voice-onset;pedal-acoustic-grid,no,hold,none,0.25,,routine; written duration follows score/readability
Liszt_Concert_Etude_S145_2_1,LisztConcert_Etude_S145_2,Liszt,Concert_Etude_S145_2,LisztConcert_Etude_S145_2:RH:94:65.500000:1,RH,94,65.500000,m.17 beat 2.500,1,0.25,2.244791667,1.994791667,0.25,medium,P1,1,110.5,0.25,0,0,labeled,0.250000,key-release-grid+next-voice-onset,yes,hold,change,0.25,,routine; written duration follows score/readability
Liszt_Concert_Etude_S145_2_1,LisztConcert_Etude_S145_2,Liszt,Concert_Etude_S145_2,LisztConcert_Etude_S145_2:RH:94:68.125000:4,RH,94,68.125000,m.18 beat 1.125,4,0.125,0.59375,0.46875,0.125,medium,,,,,,,unmatched,0.125000,key-release-grid+next-voice-onset,yes,hold,none,0.125,pedal-only,pedal carries sustain; keep short written note
Liszt_Concert_Etude_S145_2_1,LisztConcert_Etude_S145_2,Liszt,Concert_Etude_S145_2,LisztConcert_Etude_S145_2:RH:94:68.750000:4,RH,94,68.750000,m.18 beat 1.750,4,0.25,0.799479167,0.549479167,0.25,medium,P1,5,115.125,0.125,0,0,labeled,0.250000,key-release-grid+next-voice-onset,yes,change,none,0.125,,key duration 0.250 exceeds notation 0.125 (pedal/sustain hold); score convention kept
Liszt_Concert_Etude_S145_2_1,LisztConcert_Etude_S145_2,Liszt,Concert_Etude_S145_2,LisztConcert_Etude_S145_2:RH:94:69.250000:4,RH,94,69.250000,m.18 beat 2.250,4,0.125,0.299479167,0.174479167,58.083333333,normal,P1,5,115.125,0.125,0,0,ambiguous-candidate,0.125000;0.250000;0.333333;2.750000;58.083333,barline;key-release-grid;next-voice-onset;pedal-acoustic-grid,no,hold,none,0.125,,routine; written duration follows score/readability
Liszt_Concert_Etude_S145_2_1,LisztConcert_Etude_S145_2,Liszt,Concert_Etude_S145_2,LisztConcert_Etude_S145_2:RH:95:122.666667:3,RH,95,122.666667,m.31 beat 3.667,3,0.25,0.401041667,0.151041667,4.083333333,normal,,,,,,,unmatched,0.250000;0.333333;0.375000;0.500000;1.333333;4.083333,barline;key-release-grid;key-release-grid+pedal-acoustic-grid;next-voice-onset;pedal-acoustic-grid,no,hold,none,0.25,,routine; written duration follows score/readability
Liszt_Concert_Etude_S145_2_1,LisztConcert_Etude_S145_2,Liszt,Concert_Etude_S145_2,LisztConcert_Etude_S145_2:RH:95:138.500000:3,RH,95,138.500000,m.35 beat 3.500,3,0.125,2.130208333,2.005208333,0.25,medium,P1,1,233.5,0.25,0,0,ambiguous-candidate,0.125000;0.250000,key-release-grid;next-voice-onset,yes,hold,change,0.25,notation-shortening,reference duration 0.25; shorten acoustic extension to 0.25 (score convention; pedal carries the tail)
Liszt_Concert_Etude_S145_2_1,LisztConcert_Etude_S145_2,Liszt,Concert_Etude_S145_2,LisztConcert_Etude_S145_2:RH:95:141.666667:1,RH,95,141.666667,m.36 beat 2.667,1,0.125,0.763020833,0.638020833,0.208333333,medium,P1,5,238.125,0.125,0,0,ambiguous-candidate,0.125000;0.208333,key-release-grid;next-voice-onset,yes,change,none,0.125,,routine; written duration follows score/readability
Liszt_Concert_Etude_S145_2_1,LisztConcert_Etude_S145_2,Liszt,Concert_Etude_S145_2,LisztConcert_Etude_S145_2:RH:95:142.125000:1,RH,95,142.125000,m.36 beat 3.125,1,0.125,0.3046875,0.1796875,0.208333333,normal,P1,5,238.125,0.125,0,0,ambiguous-candidate,0.125000;0.208333,key-release-grid;next-voice-onset,no,hold,none,0.125,,routine; written duration follows score/readability
Liszt_Concert_Etude_S145_2_1,LisztConcert_Etude_S145_2,Liszt,Concert_Etude_S145_2,LisztConcert_Etude_S145_2:RH:95:38.875000:2,RH,95,38.875000,m.10 beat 3.875,2,0.125,0.125,0.0,0.125,normal,P1,1,65.0,0.25,0,0,labeled,0.125000,key-release-grid+next-voice-onset+pedal-acoustic-grid,no,none,none,0.25,notation-shortening,reference duration 0.25; shorten acoustic extension to 0.25 (score convention; pedal carries the tail)
Liszt_Concert_Etude_S145_2_1,LisztConcert_Etude_S145_2,Liszt,Concert_Etude_S145_2,LisztConcert_Etude_S145_2:RH:95:43.875000:2,RH,95,43.875000,m.11 beat 4.875,2,0.125,0.125,0.0,0.25,normal,P1,1,74.0,0.25,0,0,ambiguous-candidate,0.125000;0.250000,barline+key-release-grid+pedal-acoustic-grid;next-voice-onset,no,none,none,0.25,notation-shortening,reference duration 0.25; shorten acoustic extension to 0.25 (score convention; pedal carries the tail)
Liszt_Concert_Etude_S145_2_1,LisztConcert_Etude_S145_2,Liszt,Concert_Etude_S145_2,LisztConcert_Etude_S145_2:RH:95:54.750000:2,RH,95,54.750000,m.14 beat 3.750,2,0.25,0.325520833,0.075520833,0.25,normal,P1,1,92.25,0.25,0,0,labeled,0.250000,key-release-grid+next-voice-onset+pedal-acoustic-grid,no,hold,none,0.25,,routine; written duration follows score/readability
Liszt_Concert_Etude_S145_2_1,LisztConcert_Etude_S145_2,Liszt,Concert_Etude_S145_2,LisztConcert_Etude_S145_2:RH:95:58.000000:3,RH,95,58.000000,m.15 beat 3.000,3,0.125,0.5546875,0.4296875,0.25,medium,P1,1,98.0,0.25,0,0,ambiguous-candidate,0.125000;0.250000,key-release-grid;next-voice-onset,yes,hold,none,0.25,notation-shortening,reference duration 0.25; shorten acoustic extension to 0.25 (score convention; pedal carries the tail)
Liszt_Concert_Etude_S145_2_1,LisztConcert_Etude_S145_2,Liszt,Concert_Etude_S145_2,LisztConcert_Etude_S145_2:RH:95:60.750000:2,RH,95,60.750000,m.16 beat 1.750,2,0.125,0.4765625,0.3515625,0.25,medium,P1,1,102.5,0.25,0,0,ambiguous-candidate,0.125000;0.250000,key-release-grid;next-voice-onset,yes,hold,none,0.25,notation-shortening,reference duration 0.25; shorten acoustic extension to 0.25 (score convention; pedal carries the tail)
Liszt_Concert_Etude_S145_2_1,LisztConcert_Etude_S145_2,Liszt,Concert_Etude_S145_2,LisztConcert_Etude_S145_2:RH:95:66.000000:3,RH,95,66.000000,m.17 beat 3.000,3,0.125,1.744791667,1.619791667,0.25,medium,P1,1,111.25,0.25,0,0,ambiguous-candidate,0.125000;0.250000,key-release-grid;next-voice-onset,yes,hold,change,0.25,notation-shortening,reference duration 0.25; shorten acoustic extension to 0.25 (score convention; pedal carries the tail)
Liszt_Concert_Etude_S145_2_1,LisztConcert_Etude_S145_2,Liszt,Concert_Etude_S145_2,LisztConcert_Etude_S145_2:RH:95:68.125000:4,RH,95,68.125000,m.18 beat 1.125,4,0.125,0.59375,0.46875,0.125,medium,P1,1,114.375,0.125,0,0,labeled,0.125000,key-release-grid+next-voice-onset,yes,hold,stop,0.125,,routine; written duration follows score/readability
Liszt_Concert_Etude_S145_2_1,LisztConcert_Etude_S145_2,Liszt,Concert_Etude_S145_2,LisztConcert_Etude_S145_2:RH:95:68.666667:3,RH,95,68.666667,m.18 beat 1.667,3,0.125,0.125,0.0,0.208333333,high,P1,5,115.0,0.125,0,0,ambiguous-candidate,0.125000;0.208333,key-release-grid+pedal-acoustic-grid;next-voice-onset,no,change,none,0.125,,routine; written duration follows score/readability
Liszt_Concert_Etude_S145_2_1,LisztConcert_Etude_S145_2,Liszt,Concert_Etude_S145_2,LisztConcert_Etude_S145_2:RH:95:69.000000:4,RH,95,69.000000,m.18 beat 2.000,4,0.125,0.549479167,0.424479167,0.25,medium,P1,5,115.0,0.125,0,0,ambiguous-candidate,0.125000;0.250000,key-release-grid;next-voice-onset,yes,hold,none,0.125,,routine; written duration follows score/readability
Liszt_Concert_Etude_S145_2_1,LisztConcert_Etude_S145_2,Liszt,Concert_Etude_S145_2,LisztConcert_Etude_S145_2:RH:96:110.000000:3,RH,96,110.000000,m.28 beat 3.000,3,0.125,1.192708333,1.067708333,0.125,medium,,,,,,,unmatched,0.125000,key-release-grid+next-voice-onset,yes,hold,none,0.125,pedal-only,pedal carries sustain; keep short written note
Liszt_Concert_Etude_S145_2_1,LisztConcert_Etude_S145_2,Liszt,Concert_Etude_S145_2,LisztConcert_Etude_S145_2:RH:96:112.333333:3,RH,96,112.333333,m.29 beat 1.333,3,0.125,0.125,0.0,0.666666667,normal,P1,1,188.0,0.25,0,0,labeled,0.125000;0.666667,key-release-grid+pedal-acoustic-grid;next-voice-onset,no,none,none,0.25,notation-shortening,reference duration 0.25; shorten acoustic extension to 0.25 (score convention; pedal carries the tail)
Liszt_Concert_Etude_S145_2_1,LisztConcert_Etude_S145_2,Liszt,Concert_Etude_S145_2,LisztConcert_Etude_S145_2:RH:96:117.375000:1,RH,96,117.375000,m.30 beat 2.375,1,0.125,0.125,0.0,0.125,normal,P1,1,197.0,0.25,0,0,labeled,0.125000,key-release-grid+next-voice-onset+pedal-acoustic-grid,no,none,none,0.25,notation-shortening,reference duration 0.25; shorten acoustic extension to 0.25 (score convention; pedal carries the tail)
Liszt_Concert_Etude_S145_2_1,LisztConcert_Etude_S145_2,Liszt,Concert_Etude_S145_2,LisztConcert_Etude_S145_2:RH:96:127.666667:4,RH,96,127.666667,m.32 beat 4.667,4,0.375,0.489583333,0.114583333,10.708333333,normal,P1,1,215.25,0.25,0,0,ambiguous-candidate,0.333333;0.375000;0.500000;10.708333,barline+key-release-grid+pedal-acoustic-grid;key-release-grid;key-release-grid+pedal-acoustic-grid;next-voice-onset,no,hold,none,0.25,,key duration 0.375 exceeds notation 0.25 (pedal/sustain hold); score convention kept
Liszt_Concert_Etude_S145_2_1,LisztConcert_Etude_S145_2,Liszt,Concert_Etude_S145_2,LisztConcert_Etude_S145_2:RH:96:131.000000:3,RH,96,131.000000,m.33 beat 4.000,3,0.125,0.4609375,0.3359375,0.125,medium,P1,1,221.0,0.25,0,0,labeled,0.125000,key-release-grid+next-voice-onset,yes,hold,none,0.25,notation-shortening,reference duration 0.25; shorten acoustic extension to 0.25 (score convention; pedal carries the tail)
Liszt_Concert_Etude_S145_2_1,LisztConcert_Etude_S145_2,Liszt,Concert_Etude_S145_2,LisztConcert_Etude_S145_2:RH:96:133.666667:2,RH,96,133.666667,m.34 beat 2.667,2,0.125,0.372395833,0.247395833,0.208333333,high,P1,1,225.5,0.25,0,0,ambiguous-candidate,0.125000;0.208333,key-release-grid;next-voice-onset,no,hold,none,0.25,notation-shortening,reference duration 0.25; shorten acoustic extension to 0.25 (score convention; pedal carries the tail)
Liszt_Concert_Etude_S145_2_1,LisztConcert_Etude_S145_2,Liszt,Concert_Etude_S145_2,LisztConcert_Etude_S145_2:RH:96:138.500000:3,RH,96,138.500000,m.35 beat 3.500,3,0.125,2.130208333,2.005208333,0.25,medium,,,,,,,unmatched,0.125000;0.250000,key-release-grid;next-voice-onset,yes,hold,none,0.125,pedal-only,pedal carries sustain; keep short written note
Liszt_Concert_Etude_S145_2_1,LisztConcert_Etude_S145_2,Liszt,Concert_Etude_S145_2,LisztConcert_Etude_S145_2:RH:96:138.875000:2,RH,96,138.875000,m.35 beat 3.875,2,0.25,1.755208333,1.505208333,0.375,medium,P1,1,234.25,0.25,0,0,ambiguous-candidate,0.250000;0.333333;0.375000,key-release-grid;next-voice-onset,yes,hold,change,0.25,,routine; written duration follows score/readability
Liszt_Concert_Etude_S145_2_1,LisztConcert_Etude_S145_2,Liszt,Concert_Etude_S145_2,LisztConcert_Etude_S145_2:RH:96:141.000000:1,RH,96,141.000000,m.36 beat 2.000,1,0.125,0.619791667,0.494791667,0.25,medium,P1,1,237.375,0.125,0,0,ambiguous-candidate,0.125000;0.250000,key-release-grid;next-voice-onset,yes,hold,none,0.125,,routine; written duration follows score/readability
Liszt_Concert_Etude_S145_2_1,LisztConcert_Etude_S145_2,Liszt,Concert_Etude_S145_2,LisztConcert_Etude_S145_2:RH:96:141.500000:1,RH,96,141.500000,m.36 beat 2.500,1,0.125,0.125,0.0,0.166666667,normal,P1,5,238.0,0.125,0,0,ambiguous-candidate,0.125000;0.166667,key-release-grid+pedal-acoustic-grid;next-voice-onset,no,change,none,0.125,,routine; written duration follows score/readability
Liszt_Concert_Etude_S145_2_1,LisztConcert_Etude_S145_2,Liszt,Concert_Etude_S145_2,LisztConcert_Etude_S145_2:RH:96:142.000000:4,RH,96,142.000000,m.36 beat 3.000,4,0.25,0.4296875,0.1796875,0.375,normal,P1,5,238.0,0.125,0,0,labeled,0.250000;0.333333;0.375000,key-release-grid;key-release-grid+pedal-acoustic-grid;next-voice-onset+pedal-acoustic-grid,no,hold,none,0.125,,key duration 0.250 exceeds notation 0.125 (pedal/sustain hold); score convention kept
Liszt_Concert_Etude_S145_2_1,LisztConcert_Etude_S145_2,Liszt,Concert_Etude_S145_2,LisztConcert_Etude_S145_2:RH:96:48.375000:2,RH,96,48.375000,m.13 beat 1.375,2,0.125,0.427083333,0.302083333,0.125,medium,,,,,,,unmatched,0.125000,key-release-grid+next-voice-onset,yes,hold,none,0.125,pedal-only,pedal carries sustain; keep short written note
Liszt_Concert_Etude_S145_2_1,LisztConcert_Etude_S145_2,Liszt,Concert_Etude_S145_2,LisztConcert_Etude_S145_2:RH:96:66.500000:3,RH,96,66.500000,m.17 beat 3.500,3,0.25,1.244791667,0.994791667,0.375,medium,P1,1,112.0,0.25,0,0,ambiguous-candidate,0.250000;0.333333;0.375000,key-release-grid;next-voice-onset,yes,hold,change,0.25,,routine; written duration follows score/readability
Liszt_Concert_Etude_S145_2_1,LisztConcert_Etude_S145_2,Liszt,Concert_Etude_S145_2,LisztConcert_Etude_S145_2:RH:97:139.333333:1,RH,97,139.333333,m.35 beat 4.333,1,0.25,1.296875,1.046875,0.541666667,medium,P1,1,235.0,0.25,0,0,ambiguous-candidate,0.250000;0.333333;0.541667,key-release-grid;next-voice-onset,yes,hold,change,0.25,,routine; written duration follows score/readability
Liszt_Concert_Etude_S145_2_1,LisztConcert_Etude_S145_2,Liszt,Concert_Etude_S145_2,LisztConcert_Etude_S145_2:RH:97:36.333333:2,RH,97,36.333333,m.10 beat 1.333,2,0.125,1.2578125,1.1328125,0.291666667,medium,,,,,,,unmatched,0.125000;0.291667,key-release-grid;next-voice-onset,yes,hold,none,0.125,pedal-only,pedal carries sustain; keep short written note
Liszt_Concert_Etude_S145_2_1,LisztConcert_Etude_S145_2,Liszt,Concert_Etude_S145_2,LisztConcert_Etude_S145_2:RH:97:41.375000:2,RH,97,41.375000,m.11 beat 2.375,2,0.125,0.7109375,0.5859375,0.125,medium,P1,1,69.5,0.25,0,0,labeled,0.125000,key-release-grid+next-voice-onset,yes,hold,none,0.25,notation-shortening,reference duration 0.25; shorten acoustic extension to 0.25 (score convention; pedal carries the tail)
Liszt_Concert_Etude_S145_2_1,LisztConcert_Etude_S145_2,Liszt,Concert_Etude_S145_2,LisztConcert_Etude_S145_2:RH:97:46.625000:2,RH,97,46.625000,m.12 beat 3.625,2,0.125,0.453125,0.328125,0.125,medium,P1,1,78.5,0.25,0,0,labeled,0.125000,key-release-grid+next-voice-onset,yes,hold,none,0.25,notation-shortening,reference duration 0.25; shorten acoustic extension to 0.25 (score convention; pedal carries the tail)
Liszt_Concert_Etude_S145_2_1,LisztConcert_Etude_S145_2,Liszt,Concert_Etude_S145_2,LisztConcert_Etude_S145_2:RH:97:47.500000:2,RH,97,47.500000,m.12 beat 4.500,2,0.125,0.408854167,0.283854167,0.125,medium,P1,1,80.0,0.25,0,0,labeled,0.125000,key-release-grid+next-voice-onset,yes,hold,none,0.25,notation-shortening,reference duration 0.25; shorten acoustic extension to 0.25 (score convention; pedal carries the tail)
Liszt_Concert_Etude_S145_2_1,LisztConcert_Etude_S145_2,Liszt,Concert_Etude_S145_2,LisztConcert_Etude_S145_2:RH:97:49.250000:2,RH,97,49.250000,m.13 beat 2.250,2,0.25,0.463541667,0.213541667,0.25,normal,P1,1,83.0,0.25,0,0,labeled,0.250000,key-release-grid+next-voice-onset,no,hold,none,0.25,,routine; written duration follows score/readability
Liszt_Concert_Etude_S145_2_1,LisztConcert_Etude_S145_2,Liszt,Concert_Etude_S145_2,LisztConcert_Etude_S145_2:RH:97:67.000000:1,RH,97,67.000000,m.17 beat 4.000,1,0.125,0.744791667,0.619791667,0.125,medium,P1,1,112.75,0.25,0,0,labeled,0.125000,key-release-grid+next-voice-onset,yes,hold,change,0.25,notation-shortening,reference duration 0.25; shorten acoustic extension to 0.25 (score convention; pedal carries the tail)
Liszt_Concert_Etude_S145_2_1,LisztConcert_Etude_S145_2,Liszt,Concert_Etude_S145_2,LisztConcert_Etude_S145_2:RH:98:109.875000:3,RH,98,109.875000,m.28 beat 2.875,3,0.125,1.317708333,1.192708333,0.125,medium,P1,1,183.5,0.25,0,0,labeled,0.125000,key-release-grid+next-voice-onset,yes,hold,none,0.25,notation-shortening,reference duration 0.25; shorten acoustic extension to 0.25 (score convention; pedal carries the tail)
Liszt_Concert_Etude_S145_2_1,LisztConcert_Etude_S145_2,Liszt,Concert_Etude_S145_2,LisztConcert_Etude_S145_2:RH:98:114.875000:2,RH,98,114.875000,m.29 beat 3.875,2,0.125,1.28125,1.15625,0.25,medium,P1,1,192.5,0.25,0,0,ambiguous-candidate,0.125000;0.250000,key-release-grid;next-voice-onset,yes,hold,none,0.25,notation-shortening,reference duration 0.25; shorten acoustic extension to 0.25 (score convention; pedal carries the tail)
Liszt_Concert_Etude_S145_2_1,LisztConcert_Etude_S145_2,Liszt,Concert_Etude_S145_2,LisztConcert_Etude_S145_2:RH:98:119.875000:1,RH,98,119.875000,m.30 beat 4.875,1,0.125,0.518229167,0.393229167,0.125,medium,P1,1,201.5,0.25,0,0,labeled,0.125000,barline+key-release-grid+next-voice-onset,yes,hold,none,0.25,notation-shortening,reference duration 0.25; shorten acoustic extension to 0.25 (score convention; pedal carries the tail)
Liszt_Concert_Etude_S145_2_1,LisztConcert_Etude_S145_2,Liszt,Concert_Etude_S145_2,LisztConcert_Etude_S145_2:RH:98:120.750000:2,RH,98,120.750000,m.31 beat 1.750,2,0.125,0.473958333,0.348958333,0.25,medium,P1,1,203.0,0.25,0,0,ambiguous-candidate,0.125000;0.250000,key-release-grid;next-voice-onset,yes,hold,none,0.25,notation-shortening,reference duration 0.25; shorten acoustic extension to 0.25 (score convention; pedal carries the tail)
Liszt_Concert_Etude_S145_2_1,LisztConcert_Etude_S145_2,Liszt,Concert_Etude_S145_2,LisztConcert_Etude_S145_2:RH:98:121.625000:1,RH,98,121.625000,m.31 beat 2.625,1,0.125,0.447916667,0.322916667,0.125,medium,P1,1,204.5,0.25,0,0,labeled,0.125000,key-release-grid+next-voice-onset,yes,hold,none,0.25,notation-shortening,reference duration 0.25; shorten acoustic extension to 0.25 (score convention; pedal carries the tail)
Liszt_Concert_Etude_S145_2_1,LisztConcert_Etude_S145_2,Liszt,Concert_Etude_S145_2,LisztConcert_Etude_S145_2:RH:98:122.500000:1,RH,98,122.500000,m.31 beat 3.500,1,0.25,0.567708333,0.317708333,0.25,medium,,,,,,,unmatched,0.250000,key-release-grid+next-voice-onset,yes,hold,none,0.25,pedal-only,pedal carries sustain; keep short written note
Liszt_Concert_Etude_S145_2_1,LisztConcert_Etude_S145_2,Liszt,Concert_Etude_S145_2,LisztConcert_Etude_S145_2:RH:98:127.875000:2,RH,98,127.875000,m.32 beat 4.875,2,0.125,0.28125,0.15625,0.125,normal,,,,,,,unmatched,0.125000,barline+key-release-grid+next-voice-onset,no,hold,none,0.125,,routine; written duration follows score/readability
Liszt_Concert_Etude_S145_2_1,LisztConcert_Etude_S145_2,Liszt,Concert_Etude_S145_2,LisztConcert_Etude_S145_2:RH:98:133.666667:2,RH,98,133.666667,m.34 beat 2.667,2,0.125,0.372395833,0.247395833,0.208333333,normal,,,,,,,unmatched,0.125000;0.208333,key-release-grid;next-voice-onset,no,hold,none,0.125,,routine; written duration follows score/readability
Liszt_Concert_Etude_S145_2_1,LisztConcert_Etude_S145_2,Liszt,Concert_Etude_S145_2,LisztConcert_Etude_S145_2:RH:98:139.875000:1,RH,98,139.875000,m.35 beat 4.875,1,0.25,0.755208333,0.505208333,0.5,medium,P1,1,235.75,0.25,0,0,ambiguous-candidate,0.125000;0.250000;0.333333;0.500000,barline;key-release-grid;next-voice-onset,yes,hold,change,0.25,,routine; written duration follows score/readability
Liszt_Concert_Etude_S145_2_1,LisztConcert_Etude_S145_2,Liszt,Concert_Etude_S145_2,LisztConcert_Etude_S145_2:RH:98:51.750000:2,RH,98,51.750000,m.13 beat 4.750,2,0.125,0.611979167,0.486979167,0.25,medium,P1,1,87.5,0.25,0,0,ambiguous-candidate,0.125000;0.250000,barline+next-voice-onset;key-release-grid,yes,hold,none,0.25,notation-shortening,reference duration 0.25; shorten acoustic extension to 0.25 (score convention; pedal carries the tail)
Liszt_Concert_Etude_S145_2_1,LisztConcert_Etude_S145_2,Liszt,Concert_Etude_S145_2,LisztConcert_Etude_S145_2:RH:98:52.750000:3,RH,98,52.750000,m.14 beat 1.750,3,0.125,0.484375,0.359375,0.25,medium,P1,1,89.0,0.25,0,0,ambiguous-candidate,0.125000;0.250000,key-release-grid;next-voice-onset,yes,hold,none,0.25,notation-shortening,reference duration 0.25; shorten acoustic extension to 0.25 (score convention; pedal carries the tail)
Liszt_Concert_Etude_S145_2_1,LisztConcert_Etude_S145_2,Liszt,Concert_Etude_S145_2,LisztConcert_Etude_S145_2:RH:98:53.625000:2,RH,98,53.625000,m.14 beat 2.625,2,0.125,0.458333333,0.333333333,0.125,medium,P1,1,90.5,0.25,0,0,labeled,0.125000,key-release-grid+next-voice-onset,yes,hold,none,0.25,notation-shortening,reference duration 0.25; shorten acoustic extension to 0.25 (score convention; pedal carries the tail)
Liszt_Concert_Etude_S145_2_1,LisztConcert_Etude_S145_2,Liszt,Concert_Etude_S145_2,LisztConcert_Etude_S145_2:RH:98:54.500000:2,RH,98,54.500000,m.14 beat 3.500,2,0.25,0.575520833,0.325520833,0.25,medium,P1,1,92.0,0.25,0,0,labeled,0.250000,key-release-grid+next-voice-onset,yes,hold,none,0.25,,routine; written duration follows score/readability
Liszt_Concert_Etude_S145_2_1,LisztConcert_Etude_S145_2,Liszt,Concert_Etude_S145_2,LisztConcert_Etude_S145_2:RH:98:63.625000:2,RH,98,63.625000,m.16 beat 4.625,2,0.125,0.278645833,0.153645833,0.125,normal,,,,,,,unmatched,0.125000,key-release-grid+next-voice-onset,no,hold,none,0.125,,routine; written duration follows score/readability
Liszt_Concert_Etude_S145_2_1,LisztConcert_Etude_S145_2,Liszt,Concert_Etude_S145_2,LisztConcert_Etude_S145_2:RH:98:67.375000:4,RH,98,67.375000,m.17 beat 4.375,4,0.375,0.375,0.0,0.75,normal,P1,1,113.5,0.25,0,0,ambiguous-candidate,0.333333;0.375000;0.500000;0.625000;0.750000,barline;key-release-grid+pedal-acoustic-grid;next-voice-onset,no,hold,change,0.25,,key duration 0.375 exceeds notation 0.25 (pedal/sustain hold); score convention kept
Liszt_Concert_Etude_S145_2_1,LisztConcert_Etude_S145_2,Liszt,Concert_Etude_S145_2,LisztConcert_Etude_S145_2:RH:98:68.500000:3,RH,98,68.500000,m.18 beat 1.500,3,0.125,0.21875,0.09375,0.166666667,normal,P1,1,114.875,0.125,0,0,ambiguous-candidate,0.125000;0.166667,key-release-grid;next-voice-onset,no,change,none,0.125,,routine; written duration follows score/readability
Liszt_Concert_Etude_S145_2_1,LisztConcert_Etude_S145_2,Liszt,Concert_Etude_S145_2,LisztConcert_Etude_S145_2:RH:99:125.000000:1,RH,99,125.000000,m.32 beat 2.000,1,0.125,0.505208333,0.380208333,0.125,medium,P1,1,210.5,0.25,0,0,labeled,0.125000,key-release-grid+next-voice-onset,yes,hold,none,0.25,notation-shortening,reference duration 0.25; shorten acoustic extension to 0.25 (score convention; pedal carries the tail)
Liszt_Concert_Etude_S145_2_1,LisztConcert_Etude_S145_2,Liszt,Concert_Etude_S145_2,LisztConcert_Etude_S145_2:RH:99:125.875000:1,RH,99,125.875000,m.32 beat 2.875,1,0.25,0.518229167,0.268229167,0.25,medium,P1,1,212.0,0.25,0,0,labeled,0.250000,key-release-grid+next-voice-onset,yes,hold,none,0.25,,routine; written duration follows score/readability
Liszt_Concert_Etude_S145_2_1,LisztConcert_Etude_S145_2,Liszt,Concert_Etude_S145_2,LisztConcert_Etude_S145_2:RH:99:126.750000:3,RH,99,126.750000,m.32 beat 3.750,3,0.25,0.513020833,0.263020833,0.25,medium,P1,1,213.5,0.25,0,0,labeled,0.250000,key-release-grid+next-voice-onset,yes,hold,none,0.25,,routine; written duration follows score/readability
Liszt_Concert_Etude_S145_2_1,LisztConcert_Etude_S145_2,Liszt,Concert_Etude_S145_2,LisztConcert_Etude_S145_2:RH:99:127.625000:3,RH,99,127.625000,m.32 beat 4.625,3,0.25,0.53125,0.28125,0.25,medium,P1,1,215.0,0.25,0,0,labeled,0.250000,key-release-grid+next-voice-onset,yes,hold,none,0.25,,routine; written duration follows score/readability
Liszt_Concert_Etude_S145_2_1,LisztConcert_Etude_S145_2,Liszt,Concert_Etude_S145_2,LisztConcert_Etude_S145_2:RH:99:140.375000:1,RH,99,140.375000,m.36 beat 1.375,1,0.5,1.244791667,0.744791667,0.625,medium,P1,1,236.5,0.25,0,0,reference-duration-not-candidate,0.500000;0.625000,key-release-grid;next-voice-onset,yes,hold,change,0.25,,key duration 0.500 exceeds notation 0.25 (pedal/sustain hold); score convention kept
Liszt_Concert_Etude_S145_2_1,LisztConcert_Etude_S145_2,Liszt,Concert_Etude_S145_2,LisztConcert_Etude_S145_2:RH:99:141.375000:1,RH,99,141.375000,m.36 beat 2.375,1,0.125,0.244791667,0.119791667,0.125,normal,P1,1,237.875,0.125,0,0,labeled,0.125000,key-release-grid+next-voice-onset,no,change,none,0.125,,routine; written duration follows score/readability
Liszt_Concert_Etude_S145_2_1,LisztConcert_Etude_S145_2,Liszt,Concert_Etude_S145_2,LisztConcert_Etude_S145_2:RH:99:57.125000:3,RH,99,57.125000,m.15 beat 2.125,3,0.125,1.4296875,1.3046875,0.208333333,medium,P1,1,96.5,0.25,0,0,ambiguous-candidate,0.125000;0.208333,key-release-grid;next-voice-onset,yes,hold,none,0.25,notation-shortening,reference duration 0.25; shorten acoustic extension to 0.25 (score convention; pedal carries the tail)
Liszt_Concert_Etude_S145_2_1,LisztConcert_Etude_S145_2,Liszt,Concert_Etude_S145_2,LisztConcert_Etude_S145_2:RH:99:59.875000:3,RH,99,59.875000,m.15 beat 4.875,3,0.25,1.3515625,1.1015625,0.458333333,medium,P1,1,101.0,0.25,0,0,ambiguous-candidate,0.125000;0.250000;0.333333;0.458333,barline;key-release-grid;next-voice-onset,yes,hold,none,0.25,,routine; written duration follows score/readability
Liszt_Concert_Etude_S145_2_1,LisztConcert_Etude_S145_2,Liszt,Concert_Etude_S145_2,LisztConcert_Etude_S145_2:RH:99:62.625000:3,RH,99,62.625000,m.16 beat 3.625,3,0.25,0.403645833,0.153645833,0.25,normal,P1,1,105.5,0.25,0,0,labeled,0.250000,key-release-grid+next-voice-onset,no,hold,none,0.25,,routine; written duration follows score/readability
Liszt_Concert_Etude_S145_2_1,LisztConcert_Etude_S145_2,Liszt,Concert_Etude_S145_2,LisztConcert_Etude_S145_2:RH:99:68.375000:3,RH,99,68.375000,m.18 beat 1.375,3,0.125,0.34375,0.21875,0.125,normal,P1,1,114.75,0.125,0,0,labeled,0.125000,key-release-grid+next-voice-onset,no,hold,stop,0.125,,routine; written duration follows score/readability
