pitch,velocity,voice,onset_ql,beat_position,key_duration_ql,acoustic_duration_ql,pedal_extension_ql,next_voice_gap_ql,candidate_duration_ql,candidate_key_gap_ql,candidate_acoustic_gap_ql,candidate_crosses_barline,candidate_has_barline,candidate_has_next_onset,rule_probability,candidate_source,piece,hand,review_priority,suggested_review_class,label,review_class,review_note
79,92,1,0.875,0.21875,0.125,0.125,0.0,0.375,0.125,0.0,0.0,0,0,0,0.95,key-release-grid+pedal-acoustic-grid,scarlatti_k79,RH,normal,notation-shortening,,,
79,92,1,0.875,0.21875,0.125,0.125,0.0,0.375,0.375,0.25,0.25,0,0,1,0.629776017,next-voice-onset,scarlatti_k79,RH,normal,notation-shortening,,,
79,84,1,1.25,0.3125,0.125,0.125,0.0,0.375,0.125,0.0,0.0,0,0,0,0.95,key-release-grid+pedal-acoustic-grid,scarlatti_k79,RH,normal,notation-shortening,,,
79,84,1,1.25,0.3125,0.125,0.125,0.0,0.375,0.375,0.25,0.25,0,0,1,0.629776017,next-voice-onset,scarlatti_k79,RH,normal,notation-shortening,,,
81,82,1,1.625,0.40625,0.375,0.375,0.0,0.375,0.375,0.0,0.0,0,0,1,0.97,key-release-grid+next-voice-onset+pedal-acoustic-grid,scarlatti_k79,RH,normal,notation-shortening,,,
81,82,1,1.625,0.40625,0.375,0.375,0.0,0.375,0.333333333,0.041666667,0.041666667,0,0,0,0.881838446,key-release-grid+pedal-acoustic-grid,scarlatti_k79,RH,normal,notation-shortening,,,
79,79,1,2.0,0.5,0.125,0.125,0.0,0.25,0.125,0.0,0.0,0,0,0,0.95,key-release-grid+pedal-acoustic-grid,scarlatti_k79,RH,normal,notation-shortening,,,
79,79,1,2.0,0.5,0.125,0.125,0.0,0.25,0.25,0.125,0.125,0,0,1,0.780337542,next-voice-onset,scarlatti_k79,RH,normal,notation-shortening,,,
79,92,1,2.25,0.5625,0.125,0.125,0.0,0.375,0.125,0.0,0.0,0,0,0,0.95,key-release-grid+pedal-acoustic-grid,scarlatti_k79,RH,normal,notation-shortening,,,
79,92,1,2.25,0.5625,0.125,0.125,0.0,0.375,0.375,0.25,0.25,0,0,1,0.629776017,next-voice-onset,scarlatti_k79,RH,normal,notation-shortening,,,
81,82,1,2.625,0.65625,0.375,0.375,0.0,0.375,0.375,0.0,0.0,0,0,1,0.97,key-release-grid+next-voice-onset+pedal-acoustic-grid,scarlatti_k79,RH,normal,notation-shortening,,,
81,82,1,2.625,0.65625,0.375,0.375,0.0,0.375,0.333333333,0.041666667,0.041666667,0,0,0,0.881838446,key-release-grid+pedal-acoustic-grid,scarlatti_k79,RH,normal,notation-shortening,,,
79,78,1,3.0,0.75,0.125,0.125,0.0,0.25,0.125,0.0,0.0,0,0,0,0.95,key-release-grid+pedal-acoustic-grid,scarlatti_k79,RH,normal,notation-shortening,,,
79,78,1,3.0,0.75,0.125,0.125,0.0,0.25,0.25,0.125,0.125,0,0,1,0.780337542,next-voice-onset,scarlatti_k79,RH,normal,notation-shortening,,,
78,83,1,3.25,0.8125,0.25,0.25,0.0,0.25,0.25,0.0,0.0,0,0,1,0.97,key-release-grid+next-voice-onset+pedal-acoustic-grid,scarlatti_k79,RH,normal,notation-shortening,,,
79,70,2,3.333333333,0.833333333,0.25,0.25,0.0,2.791666667,0.25,0.0,0.0,0,0,0,0.95,key-release-grid+pedal-acoustic-grid,scarlatti_k79,RH,normal,notation-shortening,,,
79,70,2,3.333333333,0.833333333,0.25,0.25,0.0,2.791666667,0.333333333,0.083333333,0.083333333,0,0,0,0.818746562,key-release-grid+pedal-acoustic-grid,scarlatti_k79,RH,normal,notation-shortening,,,
79,70,2,3.333333333,0.833333333,0.25,0.25,0.0,2.791666667,0.666666667,0.416666667,0.416666667,0,1,0,0.495851411,barline,scarlatti_k79,RH,normal,notation-shortening,,,
79,70,2,3.333333333,0.833333333,0.25,0.25,0.0,2.791666667,2.791666667,2.541666667,2.541666667,1,0,1,0.034072267,next-voice-onset,scarlatti_k79,RH,normal,notation-shortening,,,
74,80,1,3.5,0.875,0.25,0.25,0.0,0.25,0.25,0.0,0.0,0,0,1,0.97,key-release-grid+next-voice-onset+pedal-acoustic-grid,scarlatti_k79,RH,normal,notation-shortening,,,
76,75,1,3.75,0.9375,0.125,0.125,0.0,0.125,0.125,0.0,0.0,0,0,1,0.97,key-release-grid+next-voice-onset+pedal-acoustic-grid,scarlatti_k79,RH,normal,notation-shortening,,,
72,80,1,3.875,0.96875,0.125,0.125,0.0,0.25,0.125,0.0,0.0,0,1,0,0.99,barline+key-release-grid+pedal-acoustic-grid,scarlatti_k79,RH,normal,notation-shortening,,,
72,80,1,3.875,0.96875,0.125,0.125,0.0,0.25,0.25,0.125,0.125,1,0,1,0.734894222,next-voice-onset,scarlatti_k79,RH,normal,notation-shortening,,,
74,81,1,4.125,0.03125,0.125,0.125,0.0,0.125,0.125,0.0,0.0,0,0,1,0.97,key-release-grid+next-voice-onset+pedal-acoustic-grid,scarlatti_k79,RH,normal,notation-shortening,,,
72,78,1,4.25,0.0625,0.125,0.125,0.0,0.25,0.125,0.0,0.0,0,0,0,0.95,key-release-grid+pedal-acoustic-grid,scarlatti_k79,RH,normal,notation-shortening,,,
72,78,1,4.25,0.0625,0.125,0.125,0.0,0.25,0.25,0.125,0.125,0,0,1,0.780337542,next-voice-onset,scarlatti_k79,RH,normal,notation-shortening,,,
74,81,1,4.5,0.125,0.125,0.125,0.0,0.125,0.125,0.0,0.0,0,0,1,0.97,key-release-grid+next-voice-onset+pedal-acoustic-grid,scarlatti_k79,RH,normal,notation-shortening,,,
71,79,1,4.625,0.15625,0.125,0.125,0.0,0.125,0.125,0.0,0.0,0,0,1,0.97,key-release-grid+next-voice-onset+pedal-acoustic-grid,scarlatti_k79,RH,normal,notation-shortening,,,
72,76,1,4.75,0.1875,0.125,0.125,0.0,0.25,0.125,0.0,0.0,0,0,0,0.95,key-release-grid+pedal-acoustic-grid,scarlatti_k79,RH,normal,notation-shortening,,,
72,76,1,4.75,0.1875,0.125,0.125,0.0,0.25,0.25,0.125,0.125,0,0,1,0.780337542,next-voice-onset,scarlatti_k79,RH,normal,notation-shortening,,,
69,65,1,5.0,0.25,0.125,0.125,0.0,0.125,0.125,0.0,0.0,0,0,1,0.97,key-release-grid+next-voice-onset+pedal-acoustic-grid,scarlatti_k79,RH,normal,notation-shortening,,,
71,82,1,5.125,0.28125,0.125,0.125,0.0,0.375,0.125,0.0,0.0,0,0,0,0.95,key-release-grid+pedal-acoustic-grid,scarlatti_k79,RH,normal,notation-shortening,,,
71,82,1,5.125,0.28125,0.125,0.125,0.0,0.375,0.375,0.25,0.25,0,0,1,0.629776017,next-voice-onset,scarlatti_k79,RH,normal,notation-shortening,,,
74,70,1,5.5,0.375,0.125,0.125,0.0,0.375,0.125,0.0,0.0,0,0,0,0.95,key-release-grid+pedal-acoustic-grid,scarlatti_k79,RH,normal,notation-shortening,,,
74,70,1,5.5,0.375,0.125,0.125,0.0,0.375,0.375,0.25,0.25,0,0,1,0.629776017,next-voice-onset,scarlatti_k79,RH,normal,notation-shortening,,,
72,70,1,5.875,0.46875,0.333333333,0.333333333,-0.0,0.625,0.333333333,0.0,0.0,0,0,0,0.949999999,key-release-grid+pedal-acoustic-grid,scarlatti_k79,RH,normal,notation-shortening,,,
72,70,1,5.875,0.46875,0.333333333,0.333333333,-0.0,0.625,0.375,0.041666667,0.041666667,0,0,0,0.881838446,key-release-grid+pedal-acoustic-grid,scarlatti_k79,RH,normal,notation-shortening,,,
72,70,1,5.875,0.46875,0.333333333,0.333333333,-0.0,0.625,0.25,0.083333333,0.083333333,0,0,0,0.818746562,key-release-grid+pedal-acoustic-grid,scarlatti_k79,RH,normal,notation-shortening,,,
72,70,1,5.875,0.46875,0.333333333,0.333333333,-0.0,0.625,0.625,0.291666667,0.291666667,0,0,1,0.586796624,next-voice-onset,scarlatti_k79,RH,normal,notation-shortening,,,
71,85,2,6.125,0.53125,0.125,0.125,0.0,11.0,0.125,0.0,0.0,0,0,0,0.95,key-release-grid+pedal-acoustic-grid,scarlatti_k79,RH,normal,notation-shortening,,,
71,85,2,6.125,0.53125,0.125,0.125,0.0,11.0,1.875,1.75,1.75,0,1,0,0.091752275,barline,scarlatti_k79,RH,normal,notation-shortening,,,
71,85,2,6.125,0.53125,0.125,0.125,0.0,11.0,11.0,10.875,10.875,1,0,1,0.018835797,next-voice-onset,scarlatti_k79,RH,normal,notation-shortening,,,
74,70,1,6.5,0.625,0.125,0.125,0.0,0.375,0.125,0.0,0.0,0,0,0,0.95,key-release-grid+pedal-acoustic-grid,scarlatti_k79,RH,normal,notation-shortening,,,
74,70,1,6.5,0.625,0.125,0.125,0.0,0.375,0.375,0.25,0.25,0,0,1,0.629776017,next-voice-onset,scarlatti_k79,RH,normal,notation-shortening,,,
72,67,1,6.875,0.71875,0.375,0.375,0.0,0.375,0.375,0.0,0.0,0,0,1,0.97,key-release-grid+next-voice-onset+pedal-acoustic-grid,scarlatti_k79,RH,normal,notation-shortening,,,
72,67,1,6.875,0.71875,0.375,0.375,0.0,0.375,0.333333333,0.041666667,0.041666667,0,0,0,0.881838446,key-release-grid+pedal-acoustic-grid,scarlatti_k79,RH,normal,notation-shortening,,,
71,79,1,7.25,0.8125,0.125,0.125,0.0,0.416666667,0.125,0.0,0.0,0,0,0,0.95,key-release-grid+pedal-acoustic-grid,scarlatti_k79,RH,normal,notation-shortening,,,
71,79,1,7.25,0.8125,0.125,0.125,0.0,0.416666667,0.416666667,0.291666667,0.291666667,0,0,1,0.586796624,next-voice-onset,scarlatti_k79,RH,normal,notation-shortening,,,
74,76,1,7.666666667,0.916666667,0.333333333,0.333333333,-0.0,0.333333333,0.333333333,0.0,0.0,0,1,1,0.999,barline+key-release-grid+next-voice-onset+pedal-acoustic-grid,scarlatti_k79,RH,normal,notation-shortening,,,
74,76,1,7.666666667,0.916666667,0.333333333,0.333333333,-0.0,0.333333333,0.25,0.083333333,0.083333333,0,0,0,0.818746562,key-release-grid+pedal-acoustic-grid,scarlatti_k79,RH,normal,notation-shortening,,,
67,74,1,8.0,0.0,0.125,0.125,0.0,0.375,0.125,0.0,0.0,0,0,0,0.95,key-release-grid+pedal-acoustic-grid,scarlatti_k79,RH,normal,notation-shortening,,,
67,74,1,8.0,0.0,0.125,0.125,0.0,0.375,0.375,0.25,0.25,0,0,1,0.629776017,next-voice-onset,scarlatti_k79,RH,normal,notation-shortening,,,
66,74,1,8.375,0.09375,0.125,0.125,0.0,0.375,0.125,0.0,0.0,0,0,0,0.95,key-release-grid+pedal-acoustic-grid,scarlatti_k79,RH,normal,notation-shortening,,,
66,74,1,8.375,0.09375,0.125,0.125,0.0,0.375,0.375,0.25,0.25,0,0,1,0.629776017,next-voice-onset,scarlatti_k79,RH,normal,notation-shortening,,,
74,72,1,8.75,0.1875,0.125,0.125,0.0,0.25,0.125,0.0,0.0,0,0,0,0.95,key-release-grid+pedal-acoustic-grid,scarlatti_k79,RH,normal,notation-shortening,,,
74,72,1,8.75,0.1875,0.125,0.125,0.0,0.25,0.25,0.125,0.125,0,0,1,0.780337542,next-voice-onset,scarlatti_k79,RH,normal,notation-shortening,,,
64,78,1,9.0,0.25,0.125,0.125,0.0,0.375,0.125,0.0,0.0,0,0,0,0.95,key-release-grid+pedal-acoustic-grid,scarlatti_k79,RH,normal,notation-shortening,,,
64,78,1,9.0,0.25,0.125,0.125,0.0,0.375,0.375,0.25,0.25,0,0,1,0.629776017,next-voice-onset,scarlatti_k79,RH,normal,notation-shortening,,,
62,79,1,9.375,0.34375,0.125,0.125,0.0,0.375,0.125,0.0,0.0,0,0,0,0.95,key-release-grid+pedal-acoustic-grid,scarlatti_k79,RH,normal,notation-shortening,,,
62,79,1,9.375,0.34375,0.125,0.125,0.0,0.375,0.375,0.25,0.25,0,0,1,0.629776017,next-voice-onset,scarlatti_k79,RH,normal,notation-shortening,,,
74,77,1,9.75,0.4375,0.125,0.125,0.0,0.375,0.125,0.0,0.0,0,0,0,0.95,key-release-grid+pedal-acoustic-grid,scarlatti_k79,RH,normal,notation-shortening,,,
74,77,1,9.75,0.4375,0.125,0.125,0.0,0.375,0.375,0.25,0.25,0,0,1,0.629776017,next-voice-onset,scarlatti_k79,RH,normal,notation-shortening,,,
72,73,1,10.125,0.53125,0.125,0.125,0.0,0.25,0.125,0.0,0.0,0,0,0,0.95,key-release-grid+pedal-acoustic-grid,scarlatti_k79,RH,normal,notation-shortening,,,
72,73,1,10.125,0.53125,0.125,0.125,0.0,0.25,0.25,0.125,0.125,0,0,1,0.780337542,next-voice-onset,scarlatti_k79,RH,normal,notation-shortening,,,
71,88,1,10.375,0.59375,0.125,0.125,0.0,0.5,0.125,0.0,0.0,0,0,0,0.95,key-release-grid+pedal-acoustic-grid,scarlatti_k79,RH,normal,notation-shortening,,,
71,88,1,10.375,0.59375,0.125,0.125,0.0,0.5,0.5,0.375,0.375,0,0,1,0.510063625,next-voice-onset,scarlatti_k79,RH,normal,notation-shortening,,,
62,67,1,10.875,0.71875,0.125,0.125,0.0,0.375,0.125,0.0,0.0,0,0,0,0.95,key-release-grid+pedal-acoustic-grid,scarlatti_k79,RH,normal,notation-shortening,,,
62,67,1,10.875,0.71875,0.125,0.125,0.0,0.375,0.375,0.25,0.25,0,0,1,0.629776017,next-voice-onset,scarlatti_k79,RH,normal,notation-shortening,,,
72,74,1,11.25,0.8125,0.375,0.375,0.0,0.375,0.375,0.0,0.0,0,0,1,0.97,key-release-grid+next-voice-onset+pedal-acoustic-grid,scarlatti_k79,RH,normal,notation-shortening,,,
72,74,1,11.25,0.8125,0.375,0.375,0.0,0.375,0.333333333,0.041666667,0.041666667,0,0,0,0.881838446,key-release-grid+pedal-acoustic-grid,scarlatti_k79,RH,normal,notation-shortening,,,
71,82,1,11.625,0.90625,0.125,0.125,0.0,0.25,0.125,0.0,0.0,0,0,0,0.95,key-release-grid+pedal-acoustic-grid,scarlatti_k79,RH,normal,notation-shortening,,,
71,82,1,11.625,0.90625,0.125,0.125,0.0,0.25,0.25,0.125,0.125,0,0,1,0.780337542,next-voice-onset,scarlatti_k79,RH,normal,notation-shortening,,,
62,78,1,11.875,0.96875,0.125,0.125,0.0,0.375,0.125,0.0,0.0,0,1,0,0.99,barline+key-release-grid+pedal-acoustic-grid,scarlatti_k79,RH,normal,notation-shortening,,,
62,78,1,11.875,0.96875,0.125,0.125,0.0,0.375,0.375,0.25,0.25,1,0,1,0.593100717,next-voice-onset,scarlatti_k79,RH,normal,notation-shortening,,,
72,63,1,12.25,0.0625,0.333333333,0.333333333,0.0,0.416666667,0.333333333,0.0,0.0,0,0,0,0.949999999,key-release-grid+pedal-acoustic-grid,scarlatti_k79,RH,normal,notation-shortening,,,
72,63,1,12.25,0.0625,0.333333333,0.333333333,0.0,0.416666667,0.375,0.041666667,0.041666667,0,0,0,0.881838446,key-release-grid+pedal-acoustic-grid,scarlatti_k79,RH,normal,notation-shortening,,,
72,63,1,12.25,0.0625,0.333333333,0.333333333,0.0,0.416666667,0.416666667,0.083333334,0.083333334,0,0,1,0.838746561,next-voice-onset,scarlatti_k79,RH,normal,notation-shortening,,,
72,63,1,12.25,0.0625,0.333333333,0.333333333,0.0,0.416666667,0.25,0.083333333,0.083333333,0,0,0,0.818746562,key-release-grid+pedal-acoustic-grid,scarlatti_k79,RH,normal,notation-shortening,,,
71,73,1,12.666666667,0.166666667,0.125,0.125,0.0,0.333333333,0.125,0.0,0.0,0,0,0,0.95,key-release-grid+pedal-acoustic-grid,scarlatti_k79,RH,normal,notation-shortening,,,
71,73,1,12.666666667,0.166666667,0.125,0.125,0.0,0.333333333,0.333333333,0.208333333,0.208333333,0,0,1,0.676168637,next-voice-onset,scarlatti_k79,RH,normal,notation-shortening,,,
74,72,1,13.0,0.25,0.25,0.25,0.0,0.333333333,0.25,0.0,0.0,0,0,0,0.95,key-release-grid+pedal-acoustic-grid,scarlatti_k79,RH,normal,notation-shortening,,,
74,72,1,13.0,0.25,0.25,0.25,0.0,0.333333333,0.333333333,0.083333333,0.083333333,0,0,1,0.838746562,key-release-grid+next-voice-onset+pedal-acoustic-grid,scarlatti_k79,RH,normal,notation-shortening,,,
67,67,1,13.333333333,0.333333333,0.125,0.125,0.0,0.416666667,0.125,0.0,0.0,0,0,0,0.95,key-release-grid+pedal-acoustic-grid,scarlatti_k79,RH,normal,notation-shortening,,,
67,67,1,13.333333333,0.333333333,0.125,0.125,0.0,0.416666667,0.416666667,0.291666667,0.291666667,0,0,1,0.586796624,next-voice-onset,scarlatti_k79,RH,normal,notation-shortening,,,
66,58,1,13.75,0.4375,0.333333333,0.333333333,0.0,0.375,0.333333333,0.0,0.0,0,0,0,0.949999999,key-release-grid+pedal-acoustic-grid,scarlatti_k79,RH,normal,notation-shortening,,,
66,58,1,13.75,0.4375,0.333333333,0.333333333,0.0,0.375,0.375,0.041666667,0.041666667,0,0,1,0.901838446,key-release-grid+next-voice-onset+pedal-acoustic-grid,scarlatti_k79,RH,normal,notation-shortening,,,
66,58,1,13.75,0.4375,0.333333333,0.333333333,0.0,0.375,0.25,0.083333333,0.083333333,0,0,0,0.818746562,key-release-grid+pedal-acoustic-grid,scarlatti_k79,RH,normal,notation-shortening,,,
74,71,1,14.125,0.53125,0.125,0.125,0.0,0.375,0.125,0.0,0.0,0,0,0,0.95,key-release-grid+pedal-acoustic-grid,scarlatti_k79,RH,normal,notation-shortening,,,
74,71,1,14.125,0.53125,0.125,0.125,0.0,0.375,0.375,0.25,0.25,0,0,1,0.629776017,next-voice-onset,scarlatti_k79,RH,normal,notation-shortening,,,
64,77,1,14.5,0.625,0.125,0.125,0.0,0.375,0.125,0.0,0.0,0,0,0,0.95,key-release-grid+pedal-acoustic-grid,scarlatti_k79,RH,normal,notation-shortening,,,
64,77,1,14.5,0.625,0.125,0.125,0.0,0.375,0.375,0.25,0.25,0,0,1,0.629776017,next-voice-onset,scarlatti_k79,RH,normal,notation-shortening,,,
62,73,1,14.875,0.71875,0.125,0.125,0.0,0.25,0.125,0.0,0.0,0,0,0,0.95,key-release-grid+pedal-acoustic-grid,scarlatti_k79,RH,normal,notation-shortening,,,
62,73,1,14.875,0.71875,0.125,0.125,0.0,0.25,0.25,0.125,0.125,0,0,1,0.780337542,next-voice-onset,scarlatti_k79,RH,normal,notation-shortening,,,
74,73,1,15.125,0.78125,0.125,0.125,0.0,0.375,0.125,0.0,0.0,0,0,0,0.95,key-release-grid+pedal-acoustic-grid,scarlatti_k79,RH,normal,notation-shortening,,,
74,73,1,15.125,0.78125,0.125,0.125,0.0,0.375,0.375,0.25,0.25,0,0,1,0.629776017,next-voice-onset,scarlatti_k79,RH,normal,notation-shortening,,,
72,75,1,15.5,0.875,0.125,0.125,0.0,0.375,0.125,0.0,0.0,0,0,0,0.95,key-release-grid+pedal-acoustic-grid,scarlatti_k79,RH,normal,notation-shortening,,,
72,75,1,15.5,0.875,0.125,0.125,0.0,0.375,0.375,0.25,0.25,0,0,1,0.629776017,next-voice-onset,scarlatti_k79,RH,normal,notation-shortening,,,
71,86,1,15.875,0.96875,0.125,0.125,0.0,0.375,0.125,0.0,0.0,0,1,0,0.99,barline+key-release-grid+pedal-acoustic-grid,scarlatti_k79,RH,normal,notation-shortening,,,
71,86,1,15.875,0.96875,0.125,0.125,0.0,0.375,0.375,0.25,0.25,1,0,1,0.593100717,next-voice-onset,scarlatti_k79,RH,normal,notation-shortening,,,
62,82,1,16.25,0.0625,0.125,0.125,0.0,0.375,0.125,0.0,0.0,0,0,0,0.95,key-release-grid+pedal-acoustic-grid,scarlatti_k79,RH,normal,notation-shortening,,,
62,82,1,16.25,0.0625,0.125,0.125,0.0,0.375,0.375,0.25,0.25,0,0,1,0.629776017,next-voice-onset,scarlatti_k79,RH,normal,notation-shortening,,,
71,85,1,16.625,0.15625,0.125,0.125,0.0,0.375,0.125,0.0,0.0,0,0,0,0.95,key-release-grid+pedal-acoustic-grid,scarlatti_k79,RH,normal,notation-shortening,,,
71,85,1,16.625,0.15625,0.125,0.125,0.0,0.375,0.375,0.25,0.25,0,0,1,0.629776017,next-voice-onset,scarlatti_k79,RH,normal,notation-shortening,,,
69,97,1,17.0,0.25,0.25,0.25,0.0,1.75,0.25,0.0,0.0,0,0,0,0.95,key-release-grid+pedal-acoustic-grid,scarlatti_k79,RH,normal,notation-shortening,,,
69,97,1,17.0,0.25,0.25,0.25,0.0,1.75,0.333333333,0.083333333,0.083333333,0,0,0,0.818746562,key-release-grid+pedal-acoustic-grid,scarlatti_k79,RH,normal,notation-shortening,,,
69,97,1,17.0,0.25,0.25,0.25,0.0,1.75,1.75,1.5,1.5,0,0,1,0.09617567,next-voice-onset,scarlatti_k79,RH,normal,notation-shortening,,,
67,88,2,17.125,0.28125,0.125,0.125,0.0,0.208333333,0.125,0.0,0.0,0,0,0,0.95,key-release-grid+pedal-acoustic-grid,scarlatti_k79,RH,normal,notation-shortening,,,
67,88,2,17.125,0.28125,0.125,0.125,0.0,0.208333333,0.208333333,0.083333333,0.083333333,0,0,1,0.838746562,next-voice-onset,scarlatti_k79,RH,normal,notation-shortening,,,
66,77,2,17.333333333,0.333333333,0.125,0.125,0.0,0.166666667,0.125,0.0,0.0,0,0,0,0.95,key-release-grid+pedal-acoustic-grid,scarlatti_k79,RH,normal,notation-shortening,,,
66,77,2,17.333333333,0.333333333,0.125,0.125,0.0,0.166666667,0.166666667,0.041666667,0.041666667,0,0,1,0.901838446,next-voice-onset,scarlatti_k79,RH,normal,notation-shortening,,,
64,73,2,17.5,0.375,0.125,0.125,0.0,0.125,0.125,0.0,0.0,0,0,1,0.97,key-release-grid+next-voice-onset+pedal-acoustic-grid,scarlatti_k79,RH,normal,notation-shortening,,,
62,85,2,17.625,0.40625,0.125,0.125,0.0,0.25,0.125,0.0,0.0,0,0,0,0.95,key-release-grid+pedal-acoustic-grid,scarlatti_k79,RH,normal,notation-shortening,,,
62,85,2,17.625,0.40625,0.125,0.125,0.0,0.25,0.25,0.125,0.125,0,0,1,0.780337542,next-voice-onset,scarlatti_k79,RH,normal,notation-shortening,,,
60,76,2,17.875,0.46875,0.125,0.125,0.0,1.25,0.125,0.0,0.0,0,0,0,0.95,key-release-grid+pedal-acoustic-grid,scarlatti_k79,RH,normal,notation-shortening,,,
60,76,2,17.875,0.46875,0.125,0.125,0.0,1.25,1.25,1.125,1.125,0,0,1,0.158589522,next-voice-onset,scarlatti_k79,RH,normal,notation-shortening,,,
67,75,1,18.75,0.6875,0.125,0.125,0.0,0.75,0.125,0.0,0.0,0,0,0,0.95,key-release-grid+pedal-acoustic-grid,scarlatti_k79,RH,normal,notation-shortening,,,
67,75,1,18.75,0.6875,0.125,0.125,0.0,0.75,0.75,0.625,0.625,0,0,1,0.338644996,next-voice-onset,scarlatti_k79,RH,normal,notation-shortening,,,
60,75,2,19.125,0.78125,0.125,0.125,0.0,4.541666667,0.125,0.0,0.0,0,0,0,0.95,key-release-grid+pedal-acoustic-grid,scarlatti_k79,RH,normal,notation-shortening,,,
60,75,2,19.125,0.78125,0.125,0.125,0.0,4.541666667,0.875,0.75,0.75,0,1,0,0.297833527,barline,scarlatti_k79,RH,normal,notation-shortening,,,
60,75,2,19.125,0.78125,0.125,0.125,0.0,4.541666667,4.541666667,4.416666667,4.416666667,1,0,1,0.020106628,next-voice-onset,scarlatti_k79,RH,normal,notation-shortening,,,
69,74,1,19.5,0.875,0.125,0.125,0.0,0.25,0.125,0.0,0.0,0,0,0,0.95,key-release-grid+pedal-acoustic-grid,scarlatti_k79,RH,normal,notation-shortening,,,
69,74,1,19.5,0.875,0.125,0.125,0.0,0.25,0.25,0.125,0.125,0,0,1,0.780337542,next-voice-onset,scarlatti_k79,RH,normal,notation-shortening,,,
66,68,1,19.75,0.9375,0.125,0.125,0.0,0.5,0.125,0.0,0.0,0,0,0,0.95,key-release-grid+pedal-acoustic-grid,scarlatti_k79,RH,normal,notation-shortening,,,
66,68,1,19.75,0.9375,0.125,0.125,0.0,0.5,0.25,0.125,0.125,0,1,0,0.800337542,barline,scarlatti_k79,RH,normal,notation-shortening,,,
66,68,1,19.75,0.9375,0.125,0.125,0.0,0.5,0.5,0.375,0.375,1,0,1,0.480359832,next-voice-onset,scarlatti_k79,RH,normal,notation-shortening,,,
67,82,1,20.25,0.0625,0.125,0.125,0.0,0.25,0.125,0.0,0.0,0,0,0,0.95,key-release-grid+pedal-acoustic-grid,scarlatti_k79,RH,normal,notation-shortening,,,
67,82,1,20.25,0.0625,0.125,0.125,0.0,0.25,0.25,0.125,0.125,0,0,1,0.780337542,next-voice-onset,scarlatti_k79,RH,normal,notation-shortening,,,
62,79,1,20.5,0.125,0.125,0.125,0.0,0.375,0.125,0.0,0.0,0,0,0,0.95,key-release-grid+pedal-acoustic-grid,scarlatti_k79,RH,normal,notation-shortening,,,
62,79,1,20.5,0.125,0.125,0.125,0.0,0.375,0.375,0.25,0.25,0,0,1,0.629776017,next-voice-onset,scarlatti_k79,RH,normal,notation-shortening,,,
71,85,1,20.875,0.21875,0.125,0.125,0.0,0.375,0.125,0.0,0.0,0,0,0,0.95,key-release-grid+pedal-acoustic-grid,scarlatti_k79,RH,normal,notation-shortening,,,
71,85,1,20.875,0.21875,0.125,0.125,0.0,0.375,0.375,0.25,0.25,0,0,1,0.629776017,next-voice-onset,scarlatti_k79,RH,normal,notation-shortening,,,
69,102,1,21.25,0.3125,0.25,0.25,0.0,0.25,0.25,0.0,0.0,0,0,1,0.97,key-release-grid+next-voice-onset+pedal-acoustic-grid,scarlatti_k79,RH,normal,notation-shortening,,,
67,85,1,21.5,0.375,0.125,0.125,0.0,0.125,0.125,0.0,0.0,0,0,1,0.97,key-release-grid+next-voice-onset+pedal-acoustic-grid,scarlatti_k79,RH,normal,notation-shortening,,,
66,80,1,21.625,0.40625,0.125,0.125,0.0,0.125,0.125,0.0,0.0,0,0,1,0.97,key-release-grid+next-voice-onset+pedal-acoustic-grid,scarlatti_k79,RH,normal,notation-shortening,,,
64,80,1,21.75,0.4375,0.125,0.125,0.0,0.125,0.125,0.0,0.0,0,0,1,0.97,key-release-grid+next-voice-onset+pedal-acoustic-grid,scarlatti_k79,RH,normal,notation-shortening,,,
62,86,1,21.875,0.46875,0.125,0.125,0.0,0.25,0.125,0.0,0.0,0,0,0,0.95,key-release-grid+pedal-acoustic-grid,scarlatti_k79,RH,normal,notation-shortening,,,
62,86,1,21.875,0.46875,0.125,0.125,0.0,0.25,0.25,0.125,0.125,0,0,1,0.780337542,next-voice-onset,scarlatti_k79,RH,normal,notation-shortening,,,
60,77,1,22.125,0.53125,0.125,0.125,0.0,0.875,0.125,0.0,0.0,0,0,0,0.95,key-release-grid+pedal-acoustic-grid,scarlatti_k79,RH,normal,notation-shortening,,,
60,77,1,22.125,0.53125,0.125,0.125,0.0,0.875,0.875,0.75,0.75,0,0,1,0.277833527,next-voice-onset,scarlatti_k79,RH,normal,notation-shortening,,,
67,96,1,23.0,0.75,0.75,0.75,0.0,0.75,0.75,0.0,0.0,0,0,1,0.97,key-release-grid+next-voice-onset+pedal-acoustic-grid,scarlatti_k79,RH,normal,notation-shortening,,,
67,96,1,23.0,0.75,0.75,0.75,0.0,0.75,0.666666667,0.083333333,0.083333333,0,0,0,0.818746562,key-release-grid+pedal-acoustic-grid,scarlatti_k79,RH,normal,notation-shortening,,,
65,79,2,23.666666667,0.916666667,0.125,0.125,0.0,0.458333333,0.125,0.0,0.0,0,0,0,0.95,key-release-grid+pedal-acoustic-grid,scarlatti_k79,RH,normal,notation-shortening,,,
65,79,2,23.666666667,0.916666667,0.125,0.125,0.0,0.458333333,0.333333333,0.208333333,0.208333333,0,1,0,0.696168637,barline,scarlatti_k79,RH,normal,notation-shortening,,,
65,79,2,23.666666667,0.916666667,0.125,0.125,0.0,0.458333333,0.458333333,0.333333333,0.333333333,1,0,1,0.515118826,next-voice-onset,scarlatti_k79,RH,normal,notation-shortening,,,
62,54,1,23.75,0.9375,0.125,0.125,0.0,0.375,0.125,0.0,0.0,0,0,0,0.95,key-release-grid+pedal-acoustic-grid,scarlatti_k79,RH,normal,notation-shortening,,,
62,54,1,23.75,0.9375,0.125,0.125,0.0,0.375,0.25,0.125,0.125,0,1,0,0.800337542,barline,scarlatti_k79,RH,normal,notation-shortening,,,
62,54,1,23.75,0.9375,0.125,0.125,0.0,0.375,0.375,0.25,0.25,1,0,1,0.593100717,next-voice-onset,scarlatti_k79,RH,normal,notation-shortening,,,
61,61,1,24.125,0.03125,0.125,0.125,0.0,0.25,0.125,0.0,0.0,0,0,0,0.95,key-release-grid+pedal-acoustic-grid,scarlatti_k79,RH,normal,notation-shortening,,,
61,61,1,24.125,0.03125,0.125,0.125,0.0,0.25,0.25,0.125,0.125,0,0,1,0.780337542,next-voice-onset,scarlatti_k79,RH,normal,notation-shortening,,,
64,75,2,24.125,0.03125,0.125,0.125,0.0,0.25,0.125,0.0,0.0,0,0,0,0.95,key-release-grid+pedal-acoustic-grid,scarlatti_k79,RH,normal,notation-shortening,,,
64,75,2,24.125,0.03125,0.125,0.125,0.0,0.25,0.25,0.125,0.125,0,0,1,0.780337542,next-voice-onset,scarlatti_k79,RH,normal,notation-shortening,,,
62,83,1,24.375,0.09375,0.125,0.125,0.0,0.75,0.125,0.0,0.0,0,0,0,0.95,key-release-grid+pedal-acoustic-grid,scarlatti_k79,RH,normal,notation-shortening,,,
62,83,1,24.375,0.09375,0.125,0.125,0.0,0.75,0.75,0.625,0.625,0,0,1,0.338644996,next-voice-onset,scarlatti_k79,RH,normal,notation-shortening,,,
65,88,2,24.375,0.09375,0.125,0.125,0.0,0.375,0.125,0.0,0.0,0,0,0,0.95,key-release-grid+pedal-acoustic-grid,scarlatti_k79,RH,normal,notation-shortening,,,
65,88,2,24.375,0.09375,0.125,0.125,0.0,0.375,0.375,0.25,0.25,0,0,1,0.629776017,next-voice-onset,scarlatti_k79,RH,normal,notation-shortening,,,
69,81,2,24.75,0.1875,0.125,0.125,0.0,0.375,0.125,0.0,0.0,0,0,0,0.95,key-release-grid+pedal-acoustic-grid,scarlatti_k79,RH,normal,notation-shortening,,,
69,81,2,24.75,0.1875,0.125,0.125,0.0,0.375,0.375,0.25,0.25,0,0,1,0.629776017,next-voice-onset,scarlatti_k79,RH,normal,notation-shortening,,,
74,82,1,25.125,0.28125,0.75,0.75,0.0,0.75,0.75,0.0,0.0,0,0,1,0.97,key-release-grid+next-voice-onset+pedal-acoustic-grid,scarlatti_k79,RH,normal,notation-shortening,,,
74,82,1,25.125,0.28125,0.75,0.75,0.0,0.75,0.666666667,0.083333333,0.083333333,0,0,0,0.818746562,key-release-grid+pedal-acoustic-grid,scarlatti_k79,RH,normal,notation-shortening,,,
65,77,2,25.125,0.28125,0.125,0.125,0.0,0.375,0.125,0.0,0.0,0,0,0,0.95,key-release-grid+pedal-acoustic-grid,scarlatti_k79,RH,normal,notation-shortening,,,
65,77,2,25.125,0.28125,0.125,0.125,0.0,0.375,0.375,0.25,0.25,0,0,1,0.629776017,next-voice-onset,scarlatti_k79,RH,normal,notation-shortening,,,
64,72,2,25.5,0.375,0.125,0.125,0.0,1.833333333,0.125,0.0,0.0,0,0,0,0.95,key-release-grid+pedal-acoustic-grid,scarlatti_k79,RH,normal,notation-shortening,,,
64,72,2,25.5,0.375,0.125,0.125,0.0,1.833333333,1.833333333,1.708333333,1.708333333,0,0,1,0.075158887,next-voice-onset,scarlatti_k79,RH,normal,notation-shortening,,,
69,63,1,25.875,0.46875,0.125,0.125,0.0,0.375,0.125,0.0,0.0,0,0,0,0.95,key-release-grid+pedal-acoustic-grid,scarlatti_k79,RH,normal,notation-shortening,,,
69,63,1,25.875,0.46875,0.125,0.125,0.0,0.375,0.375,0.25,0.25,0,0,1,0.629776017,next-voice-onset,scarlatti_k79,RH,normal,notation-shortening,,,
72,71,1,25.875,0.46875,0.125,0.125,0.0,0.375,0.125,0.0,0.0,0,0,0,0.95,key-release-grid+pedal-acoustic-grid,scarlatti_k79,RH,normal,notation-shortening,,,
72,71,1,25.875,0.46875,0.125,0.125,0.0,0.375,0.375,0.25,0.25,0,0,1,0.629776017,next-voice-onset,scarlatti_k79,RH,normal,notation-shortening,,,
68,61,1,26.25,0.5625,0.125,0.125,0.0,0.375,0.125,0.0,0.0,0,0,0,0.95,key-release-grid+pedal-acoustic-grid,scarlatti_k79,RH,normal,notation-shortening,,,
68,61,1,26.25,0.5625,0.125,0.125,0.0,0.375,0.375,0.25,0.25,0,0,1,0.629776017,next-voice-onset,scarlatti_k79,RH,normal,notation-shortening,,,
71,71,1,26.25,0.5625,0.125,0.125,0.0,0.375,0.125,0.0,0.0,0,0,0,0.95,key-release-grid+pedal-acoustic-grid,scarlatti_k79,RH,normal,notation-shortening,,,
71,71,1,26.25,0.5625,0.125,0.125,0.0,0.375,0.375,0.25,0.25,0,0,1,0.629776017,next-voice-onset,scarlatti_k79,RH,normal,notation-shortening,,,
69,79,1,26.625,0.65625,0.125,0.125,0.0,0.375,0.125,0.0,0.0,0,0,0,0.95,key-release-grid+pedal-acoustic-grid,scarlatti_k79,RH,normal,notation-shortening,,,
69,79,1,26.625,0.65625,0.125,0.125,0.0,0.375,0.375,0.25,0.25,0,0,1,0.629776017,next-voice-onset,scarlatti_k79,RH,normal,notation-shortening,,,
72,73,1,26.625,0.65625,0.125,0.125,0.0,0.375,0.125,0.0,0.0,0,0,0,0.95,key-release-grid+pedal-acoustic-grid,scarlatti_k79,RH,normal,notation-shortening,,,
72,73,1,26.625,0.65625,0.125,0.125,0.0,0.375,0.375,0.25,0.25,0,0,1,0.629776017,next-voice-onset,scarlatti_k79,RH,normal,notation-shortening,,,
76,76,1,27.0,0.75,0.125,0.125,0.0,0.333333333,0.125,0.0,0.0,0,0,0,0.95,key-release-grid+pedal-acoustic-grid,scarlatti_k79,RH,normal,notation-shortening,,,
76,76,1,27.0,0.75,0.125,0.125,0.0,0.333333333,0.333333333,0.208333333,0.208333333,0,0,1,0.676168637,next-voice-onset,scarlatti_k79,RH,normal,notation-shortening,,,
72,73,1,27.333333333,0.833333333,0.125,0.125,0.0,0.333333333,0.125,0.0,0.0,0,0,0,0.95,key-release-grid+pedal-acoustic-grid,scarlatti_k79,RH,normal,notation-shortening,,,
72,73,1,27.333333333,0.833333333,0.125,0.125,0.0,0.333333333,0.333333333,0.208333333,0.208333333,0,0,1,0.676168637,next-voice-onset,scarlatti_k79,RH,normal,notation-shortening,,,
81,91,2,27.333333333,0.833333333,0.75,0.75,0.0,1.416666667,0.75,0.0,0.0,1,0,0,0.894676307,key-release-grid+pedal-acoustic-grid,scarlatti_k79,RH,normal,notation-shortening,,,
81,91,2,27.333333333,0.833333333,0.75,0.75,0.0,1.416666667,0.666666667,0.083333333,0.083333333,0,1,0,0.858746562,barline+key-release-grid+pedal-acoustic-grid,scarlatti_k79,RH,normal,notation-shortening,,,
81,91,2,27.333333333,0.833333333,0.75,0.75,0.0,1.416666667,1.416666667,0.666666667,0.666666667,1,0,1,0.298398316,next-voice-onset,scarlatti_k79,RH,normal,notation-shortening,,,
71,68,1,27.666666667,0.916666667,0.125,0.125,0.0,0.333333333,0.125,0.0,0.0,0,0,0,0.95,key-release-grid+pedal-acoustic-grid,scarlatti_k79,RH,normal,notation-shortening,,,
71,68,1,27.666666667,0.916666667,0.125,0.125,0.0,0.333333333,0.333333333,0.208333333,0.208333333,0,1,1,0.716168637,barline+next-voice-onset,scarlatti_k79,RH,normal,notation-shortening,,,
76,58,1,28.0,0.0,0.125,0.125,0.0,0.375,0.125,0.0,0.0,0,0,0,0.95,key-release-grid+pedal-acoustic-grid,scarlatti_k79,RH,normal,notation-shortening,,,
76,58,1,28.0,0.0,0.125,0.125,0.0,0.375,0.375,0.25,0.25,0,0,1,0.629776017,next-voice-onset,scarlatti_k79,RH,normal,notation-shortening,,,
79,70,1,28.0,0.0,0.125,0.125,0.0,0.375,0.125,0.0,0.0,0,0,0,0.95,key-release-grid+pedal-acoustic-grid,scarlatti_k79,RH,normal,notation-shortening,,,
79,70,1,28.0,0.0,0.125,0.125,0.0,0.375,0.375,0.25,0.25,0,0,1,0.629776017,next-voice-onset,scarlatti_k79,RH,normal,notation-shortening,,,
75,58,1,28.375,0.09375,0.125,0.125,0.0,0.375,0.125,0.0,0.0,0,0,0,0.95,key-release-grid+pedal-acoustic-grid,scarlatti_k79,RH,normal,notation-shortening,,,
75,58,1,28.375,0.09375,0.125,0.125,0.0,0.375,0.375,0.25,0.25,0,0,1,0.629776017,next-voice-onset,scarlatti_k79,RH,normal,notation-shortening,,,
78,67,1,28.375,0.09375,0.125,0.125,0.0,0.375,0.125,0.0,0.0,0,0,0,0.95,key-release-grid+pedal-acoustic-grid,scarlatti_k79,RH,normal,notation-shortening,,,
78,67,1,28.375,0.09375,0.125,0.125,0.0,0.375,0.375,0.25,0.25,0,0,1,0.629776017,next-voice-onset,scarlatti_k79,RH,normal,notation-shortening,,,
76,54,1,28.75,0.1875,0.5,0.5,0.0,0.75,0.5,0.0,0.0,0,0,0,0.95,key-release-grid+pedal-acoustic-grid,scarlatti_k79,RH,normal,notation-shortening,,,
76,54,1,28.75,0.1875,0.5,0.5,0.0,0.75,0.666666667,0.166666667,0.166666667,0,0,0,0.706254605,key-release-grid+pedal-acoustic-grid,scarlatti_k79,RH,normal,notation-shortening,,,
76,54,1,28.75,0.1875,0.5,0.5,0.0,0.75,0.75,0.25,0.25,0,0,1,0.629776017,next-voice-onset,scarlatti_k79,RH,normal,notation-shortening,,,
79,69,2,28.75,0.1875,0.125,0.125,0.0,0.375,0.125,0.0,0.0,0,0,0,0.95,key-release-grid+pedal-acoustic-grid,scarlatti_k79,RH,normal,notation-shortening,,,
79,69,2,28.75,0.1875,0.125,0.125,0.0,0.375,0.375,0.25,0.25,0,0,1,0.629776017,next-voice-onset,scarlatti_k79,RH,normal,notation-shortening,,,
81,66,2,29.125,0.28125,0.125,0.125,0.0,0.375,0.125,0.0,0.0,0,0,0,0.95,key-release-grid+pedal-acoustic-grid,scarlatti_k79,RH,normal,notation-shortening,,,
81,66,2,29.125,0.28125,0.125,0.125,0.0,0.375,0.375,0.25,0.25,0,0,1,0.629776017,next-voice-onset,scarlatti_k79,RH,normal,notation-shortening,,,
74,44,1,29.5,0.375,1.0,1.0,0.0,1.5,1.0,0.0,0.0,0,0,0,0.95,key-release-grid+pedal-acoustic-grid,scarlatti_k79,RH,normal,notation-shortening,,,
74,44,1,29.5,0.375,1.0,1.0,0.0,1.5,1.5,0.5,0.5,0,0,1,0.414718518,next-voice-onset,scarlatti_k79,RH,normal,notation-shortening,,,
83,69,2,29.5,0.375,1.0,1.0,0.0,1.0,1.0,0.0,0.0,0,0,1,0.97,key-release-grid+next-voice-onset+pedal-acoustic-grid,scarlatti_k79,RH,normal,notation-shortening,,,
73,60,3,29.875,0.46875,0.875,0.875,0.0,-1.0,0.875,0.0,0.0,0,0,0,0.95,key-release-grid+pedal-acoustic-grid,scarlatti_k79,RH,normal,notation-shortening,,,
73,60,3,29.875,0.46875,0.875,0.875,0.0,-1.0,1.0,0.125,0.125,0,0,0,0.760337542,key-release-grid+pedal-acoustic-grid,scarlatti_k79,RH,normal,notation-shortening,,,
73,60,3,29.875,0.46875,0.875,0.875,0.0,-1.0,2.125,1.25,1.25,0,1,0,0.153242039,barline,scarlatti_k79,RH,normal,notation-shortening,,,
76,20,4,30.0,0.5,0.666666667,0.666666667,0.0,0.75,0.666666667,0.0,0.0,0,0,0,0.949999999,key-release-grid+pedal-acoustic-grid,scarlatti_k79,RH,normal,notation-shortening,,,
76,20,4,30.0,0.5,0.666666667,0.666666667,0.0,0.75,0.625,0.041666667,0.041666667,0,0,0,0.881838446,key-release-grid+pedal-acoustic-grid,scarlatti_k79,RH,normal,notation-shortening,,,
76,20,4,30.0,0.5,0.666666667,0.666666667,0.0,0.75,0.75,0.083333333,0.083333333,0,0,1,0.838746562,key-release-grid+next-voice-onset+pedal-acoustic-grid,scarlatti_k79,RH,normal,notation-shortening,,,
81,77,5,30.333333333,0.583333333,0.25,0.25,0.0,-1.0,0.25,0.0,0.0,0,0,0,0.95,key-release-grid+pedal-acoustic-grid,scarlatti_k79,RH,normal,notation-shortening,,,
81,77,5,30.333333333,0.583333333,0.25,0.25,0.0,-1.0,0.333333333,0.083333333,0.083333333,0,0,0,0.818746562,key-release-grid+pedal-acoustic-grid,scarlatti_k79,RH,normal,notation-shortening,,,
81,77,5,30.333333333,0.583333333,0.25,0.25,0.0,-1.0,1.666666667,1.416666667,1.416666667,0,1,0,0.126842411,barline,scarlatti_k79,RH,normal,notation-shortening,,,
79,67,2,30.5,0.625,0.125,0.125,0.0,0.125,0.125,0.0,0.0,0,0,1,0.97,key-release-grid+next-voice-onset+pedal-acoustic-grid,scarlatti_k79,RH,normal,notation-shortening,,,
78,77,2,30.625,0.65625,0.125,0.125,0.0,0.25,0.125,0.0,0.0,0,0,0,0.95,key-release-grid+pedal-acoustic-grid,scarlatti_k79,RH,normal,notation-shortening,,,
78,77,2,30.625,0.65625,0.125,0.125,0.0,0.25,0.25,0.125,0.125,0,0,1,0.780337542,next-voice-onset,scarlatti_k79,RH,normal,notation-shortening,,,
76,68,4,30.75,0.6875,0.125,0.125,0.0,0.5,0.125,0.0,0.0,0,0,0,0.95,key-release-grid+pedal-acoustic-grid,scarlatti_k79,RH,normal,notation-shortening,,,
76,68,4,30.75,0.6875,0.125,0.125,0.0,0.5,0.5,0.375,0.375,0,0,1,0.510063625,next-voice-onset,scarlatti_k79,RH,normal,notation-shortening,,,
78,88,2,30.875,0.71875,0.125,0.125,0.0,0.375,0.125,0.0,0.0,0,0,0,0.95,key-release-grid+pedal-acoustic-grid,scarlatti_k79,RH,normal,notation-shortening,,,
78,88,2,30.875,0.71875,0.125,0.125,0.0,0.375,0.375,0.25,0.25,0,0,1,0.629776017,next-voice-onset,scarlatti_k79,RH,normal,notation-shortening,,,
74,46,1,31.0,0.75,0.5,0.5,0.0,0.625,0.5,0.0,0.0,0,0,0,0.95,key-release-grid+pedal-acoustic-grid,scarlatti_k79,RH,normal,notation-shortening,,,
74,46,1,31.0,0.75,0.5,0.5,0.0,0.625,0.625,0.125,0.125,0,0,1,0.780337542,next-voice-onset,scarlatti_k79,RH,normal,notation-shortening,,,
79,74,2,31.25,0.8125,0.125,0.125,0.0,0.375,0.125,0.0,0.0,0,0,0,0.95,key-release-grid+pedal-acoustic-grid,scarlatti_k79,RH,normal,notation-shortening,,,
79,74,2,31.25,0.8125,0.125,0.125,0.0,0.375,0.375,0.25,0.25,0,0,1,0.629776017,next-voice-onset,scarlatti_k79,RH,normal,notation-shortening,,,
76,46,4,31.25,0.8125,0.5,0.5,0.0,0.75,0.5,0.0,0.0,0,0,0,0.95,key-release-grid+pedal-acoustic-grid,scarlatti_k79,RH,high,independent-voice,,,
76,46,4,31.25,0.8125,0.5,0.5,0.0,0.75,0.666666667,0.166666667,0.166666667,0,0,0,0.706254605,key-release-grid+pedal-acoustic-grid,scarlatti_k79,RH,high,independent-voice,,,
76,46,4,31.25,0.8125,0.5,0.5,0.0,0.75,0.75,0.25,0.25,0,1,1,0.669776017,barline+next-voice-onset,scarlatti_k79,RH,high,independent-voice,,,
73,77,1,31.625,0.90625,0.5,0.5,0.0,0.75,0.5,0.0,0.0,1,0,0,0.894676307,key-release-grid+pedal-acoustic-grid,scarlatti_k79,RH,normal,notation-shortening,,,
73,77,1,31.625,0.90625,0.5,0.5,0.0,0.75,0.375,0.125,0.125,0,1,0,0.800337542,barline,scarlatti_k79,RH,normal,notation-shortening,,,
73,77,1,31.625,0.90625,0.5,0.5,0.0,0.75,0.666666667,0.166666667,0.166666667,1,0,0,0.665125539,key-release-grid+pedal-acoustic-grid,scarlatti_k79,RH,normal,notation-shortening,,,
73,77,1,31.625,0.90625,0.5,0.5,0.0,0.75,0.75,0.25,0.25,1,0,1,0.593100717,next-voice-onset,scarlatti_k79,RH,normal,notation-shortening,,,
81,96,2,31.625,0.90625,0.875,0.875,0.0,4.25,0.875,0.0,0.0,1,0,0,0.894676307,key-release-grid+pedal-acoustic-grid,scarlatti_k79,RH,normal,notation-shortening,,,
81,96,2,31.625,0.90625,0.875,0.875,0.0,4.25,1.0,0.125,0.125,1,0,0,0.716058931,key-release-grid+pedal-acoustic-grid,scarlatti_k79,RH,normal,notation-shortening,,,
81,96,2,31.625,0.90625,0.875,0.875,0.0,4.25,0.375,0.5,0.5,0,1,0,0.434718518,barline,scarlatti_k79,RH,normal,notation-shortening,,,
81,96,2,31.625,0.90625,0.875,0.875,0.0,4.25,4.25,3.375,3.375,1,0,1,0.023709119,next-voice-onset,scarlatti_k79,RH,normal,notation-shortening,,,
71,72,4,32.0,0.0,0.5,0.5,0.0,3.125,0.5,0.0,0.0,0,0,0,0.95,key-release-grid+pedal-acoustic-grid,scarlatti_k79,RH,normal,notation-shortening,,,
71,72,4,32.0,0.0,0.5,0.5,0.0,3.125,0.666666667,0.166666667,0.166666667,0,0,0,0.706254605,key-release-grid+pedal-acoustic-grid,scarlatti_k79,RH,normal,notation-shortening,,,
71,72,4,32.0,0.0,0.5,0.5,0.0,3.125,3.125,2.625,2.625,0,0,1,0.034386295,next-voice-onset,scarlatti_k79,RH,normal,notation-shortening,,,
79,78,1,32.375,0.09375,0.125,0.125,0.0,0.125,0.125,0.0,0.0,0,0,1,0.97,key-release-grid+next-voice-onset+pedal-acoustic-grid,scarlatti_k79,RH,normal,notation-shortening,,,
78,71,1,32.5,0.125,0.125,0.125,0.0,0.166666667,0.125,0.0,0.0,0,0,0,0.95,key-release-grid+pedal-acoustic-grid,scarlatti_k79,RH,normal,notation-shortening,,,
78,71,1,32.5,0.125,0.125,0.125,0.0,0.166666667,0.166666667,0.041666667,0.041666667,0,0,1,0.901838446,next-voice-onset,scarlatti_k79,RH,normal,notation-shortening,,,
76,83,1,32.666666667,0.166666667,0.125,0.125,0.0,0.208333333,0.125,0.0,0.0,0,0,0,0.95,key-release-grid+pedal-acoustic-grid,scarlatti_k79,RH,normal,notation-shortening,,,
76,83,1,32.666666667,0.166666667,0.125,0.125,0.0,0.208333333,0.208333333,0.083333333,0.083333333,0,0,1,0.838746562,next-voice-onset,scarlatti_k79,RH,normal,notation-shortening,,,
74,82,1,32.875,0.21875,0.125,0.125,0.0,0.125,0.125,0.0,0.0,0,0,1,0.97,key-release-grid+next-voice-onset+pedal-acoustic-grid,scarlatti_k79,RH,normal,notation-shortening,,,
76,85,1,33.0,0.25,0.125,0.125,0.0,0.125,0.125,0.0,0.0,0,0,1,0.97,key-release-grid+next-voice-onset+pedal-acoustic-grid,scarlatti_k79,RH,normal,notation-shortening,,,
73,70,1,33.125,0.28125,0.125,0.125,0.0,0.25,0.125,0.0,0.0,0,0,0,0.95,key-release-grid+pedal-acoustic-grid,scarlatti_k79,RH,normal,notation-shortening,,,
73,70,1,33.125,0.28125,0.125,0.125,0.0,0.25,0.25,0.125,0.125,0,0,1,0.780337542,next-voice-onset,scarlatti_k79,RH,normal,notation-shortening,,,
69,76,1,33.375,0.34375,0.125,0.125,0.0,0.375,0.125,0.0,0.0,0,0,0,0.95,key-release-grid+pedal-acoustic-grid,scarlatti_k79,RH,normal,notation-shortening,,,
69,76,1,33.375,0.34375,0.125,0.125,0.0,0.375,0.375,0.25,0.25,0,0,1,0.629776017,next-voice-onset,scarlatti_k79,RH,normal,notation-shortening,,,
74,76,1,33.75,0.4375,0.375,0.375,0.0,0.375,0.375,0.0,0.0,0,0,1,0.97,key-release-grid+next-voice-onset+pedal-acoustic-grid,scarlatti_k79,RH,normal,notation-shortening,,,
74,76,1,33.75,0.4375,0.375,0.375,0.0,0.375,0.333333333,0.041666667,0.041666667,0,0,0,0.881838446,key-release-grid+pedal-acoustic-grid,scarlatti_k79,RH,normal,notation-shortening,,,
73,78,1,34.125,0.53125,0.125,0.125,0.0,0.375,0.125,0.0,0.0,0,0,0,0.95,key-release-grid+pedal-acoustic-grid,scarlatti_k79,RH,normal,notation-shortening,,,
73,78,1,34.125,0.53125,0.125,0.125,0.0,0.375,0.375,0.25,0.25,0,0,1,0.629776017,next-voice-onset,scarlatti_k79,RH,normal,notation-shortening,,,
76,85,1,34.125,0.53125,0.125,0.125,0.0,0.375,0.125,0.0,0.0,0,0,0,0.95,key-release-grid+pedal-acoustic-grid,scarlatti_k79,RH,normal,notation-shortening,,,
76,85,1,34.125,0.53125,0.125,0.125,0.0,0.375,0.375,0.25,0.25,0,0,1,0.629776017,next-voice-onset,scarlatti_k79,RH,normal,notation-shortening,,,
69,73,1,34.5,0.625,0.125,0.125,0.0,0.375,0.125,0.0,0.0,0,0,0,0.95,key-release-grid+pedal-acoustic-grid,scarlatti_k79,RH,normal,notation-shortening,,,
69,73,1,34.5,0.625,0.125,0.125,0.0,0.375,0.375,0.25,0.25,0,0,1,0.629776017,next-voice-onset,scarlatti_k79,RH,normal,notation-shortening,,,
74,78,1,34.875,0.71875,0.375,0.375,0.0,1.0,0.375,0.0,0.0,0,0,0,0.95,key-release-grid+pedal-acoustic-grid,scarlatti_k79,RH,normal,notation-shortening,,,
74,78,1,34.875,0.71875,0.375,0.375,0.0,1.0,0.333333333,0.041666667,0.041666667,0,0,0,0.881838446,key-release-grid+pedal-acoustic-grid,scarlatti_k79,RH,normal,notation-shortening,,,
74,78,1,34.875,0.71875,0.375,0.375,0.0,1.0,0.5,0.125,0.125,0,0,0,0.760337542,key-release-grid+pedal-acoustic-grid,scarlatti_k79,RH,normal,notation-shortening,,,
74,78,1,34.875,0.71875,0.375,0.375,0.0,1.0,1.0,0.625,0.625,0,0,1,0.338644996,next-voice-onset,scarlatti_k79,RH,normal,notation-shortening,,,
73,65,4,35.125,0.78125,0.125,0.125,0.0,0.375,0.125,0.0,0.0,0,0,0,0.95,key-release-grid+pedal-acoustic-grid,scarlatti_k79,RH,normal,notation-shortening,,,
73,65,4,35.125,0.78125,0.125,0.125,0.0,0.375,0.375,0.25,0.25,0,0,1,0.629776017,next-voice-onset,scarlatti_k79,RH,normal,notation-shortening,,,
76,80,4,35.125,0.78125,0.125,0.125,0.0,0.375,0.125,0.0,0.0,0,0,0,0.95,key-release-grid+pedal-acoustic-grid,scarlatti_k79,RH,normal,notation-shortening,,,
76,80,4,35.125,0.78125,0.125,0.125,0.0,0.375,0.375,0.25,0.25,0,0,1,0.629776017,next-voice-onset,scarlatti_k79,RH,normal,notation-shortening,,,
69,81,4,35.5,0.875,0.125,0.125,0.0,0.375,0.125,0.0,0.0,0,0,0,0.95,key-release-grid+pedal-acoustic-grid,scarlatti_k79,RH,normal,notation-shortening,,,
69,81,4,35.5,0.875,0.125,0.125,0.0,0.375,0.375,0.25,0.25,0,0,1,0.629776017,next-voice-onset,scarlatti_k79,RH,normal,notation-shortening,,,
76,76,1,35.875,0.96875,0.125,0.125,0.0,0.375,0.125,0.0,0.0,0,1,0,0.99,barline+key-release-grid+pedal-acoustic-grid,scarlatti_k79,RH,normal,notation-shortening,,,
76,76,1,35.875,0.96875,0.125,0.125,0.0,0.375,0.375,0.25,0.25,1,0,1,0.593100717,next-voice-onset,scarlatti_k79,RH,normal,notation-shortening,,,
79,74,2,35.875,0.96875,0.5,0.5,0.0,1.125,0.5,0.0,0.0,1,0,0,0.894676307,key-release-grid+pedal-acoustic-grid,scarlatti_k79,RH,normal,notation-shortening,,,
79,74,2,35.875,0.96875,0.5,0.5,0.0,1.125,0.666666667,0.166666667,0.166666667,1,0,0,0.665125539,key-release-grid+pedal-acoustic-grid,scarlatti_k79,RH,normal,notation-shortening,,,
79,74,2,35.875,0.96875,0.5,0.5,0.0,1.125,0.125,0.375,0.375,0,1,0,0.530063625,barline,scarlatti_k79,RH,normal,notation-shortening,,,
79,74,2,35.875,0.96875,0.5,0.5,0.0,1.125,1.125,0.625,0.625,1,0,1,0.318923847,next-voice-onset,scarlatti_k79,RH,normal,notation-shortening,,,
61,83,4,35.875,0.96875,0.25,0.25,0.0,0.375,0.25,0.0,0.0,1,0,0,0.894676307,key-release-grid+pedal-acoustic-grid,scarlatti_k79,RH,normal,notation-shortening,,,
61,83,4,35.875,0.96875,0.25,0.25,0.0,0.375,0.125,0.125,0.125,0,1,0,0.800337542,barline,scarlatti_k79,RH,normal,notation-shortening,,,
61,83,4,35.875,0.96875,0.25,0.25,0.0,0.375,0.333333333,0.083333333,0.083333333,1,0,0,0.771066474,key-release-grid+pedal-acoustic-grid,scarlatti_k79,RH,normal,notation-shortening,,,
61,83,4,35.875,0.96875,0.25,0.25,0.0,0.375,0.375,0.125,0.125,1,0,1,0.734894222,next-voice-onset,scarlatti_k79,RH,normal,notation-shortening,,,
74,75,1,36.25,0.0625,0.125,0.125,0.0,0.416666667,0.125,0.0,0.0,0,0,0,0.95,key-release-grid+pedal-acoustic-grid,scarlatti_k79,RH,normal,notation-shortening,,,
74,75,1,36.25,0.0625,0.125,0.125,0.0,0.416666667,0.416666667,0.291666667,0.291666667,0,0,1,0.586796624,next-voice-onset,scarlatti_k79,RH,normal,notation-shortening,,,
78,85,1,36.25,0.0625,0.125,0.125,0.0,0.416666667,0.125,0.0,0.0,0,0,0,0.95,key-release-grid+pedal-acoustic-grid,scarlatti_k79,RH,normal,notation-shortening,,,
78,85,1,36.25,0.0625,0.125,0.125,0.0,0.416666667,0.416666667,0.291666667,0.291666667,0,0,1,0.586796624,next-voice-onset,scarlatti_k79,RH,normal,notation-shortening,,,
62,87,4,36.25,0.0625,0.125,0.125,0.0,0.5,0.125,0.0,0.0,0,0,0,0.95,key-release-grid+pedal-acoustic-grid,scarlatti_k79,RH,normal,notation-shortening,,,
62,87,4,36.25,0.0625,0.125,0.125,0.0,0.5,0.5,0.375,0.375,0,0,1,0.510063625,next-voice-onset,scarlatti_k79,RH,normal,notation-shortening,,,
69,73,1,36.666666667,0.166666667,0.125,0.125,0.0,1.083333333,0.125,0.0,0.0,0,0,0,0.95,key-release-grid+pedal-acoustic-grid,scarlatti_k79,RH,normal,notation-shortening,,,
69,73,1,36.666666667,0.166666667,0.125,0.125,0.0,1.083333333,1.083333333,0.958333333,0.958333333,0,0,1,0.20212672,next-voice-onset,scarlatti_k79,RH,normal,notation-shortening,,,
62,56,4,36.75,0.1875,0.125,0.125,0.0,0.25,0.125,0.0,0.0,0,0,0,0.95,key-release-grid+pedal-acoustic-grid,scarlatti_k79,RH,normal,notation-shortening,,,
62,56,4,36.75,0.1875,0.125,0.125,0.0,0.25,0.25,0.125,0.125,0,0,1,0.780337542,next-voice-onset,scarlatti_k79,RH,normal,notation-shortening,,,
76,65,2,37.0,0.25,0.125,0.125,0.0,0.333333333,0.125,0.0,0.0,0,0,0,0.95,key-release-grid+pedal-acoustic-grid,scarlatti_k79,RH,normal,notation-shortening,,,
76,65,2,37.0,0.25,0.125,0.125,0.0,0.333333333,0.333333333,0.208333333,0.208333333,0,0,1,0.676168637,next-voice-onset,scarlatti_k79,RH,normal,notation-shortening,,,
79,75,2,37.0,0.25,0.125,0.125,0.0,0.333333333,0.125,0.0,0.0,0,0,0,0.95,key-release-grid+pedal-acoustic-grid,scarlatti_k79,RH,normal,notation-shortening,,,
79,75,2,37.0,0.25,0.125,0.125,0.0,0.333333333,0.333333333,0.208333333,0.208333333,0,0,1,0.676168637,next-voice-onset,scarlatti_k79,RH,normal,notation-shortening,,,
61,78,4,37.0,0.25,0.125,0.125,0.0,0.875,0.125,0.0,0.0,0,0,0,0.95,key-release-grid+pedal-acoustic-grid,scarlatti_k79,RH,normal,notation-shortening,,,
61,78,4,37.0,0.25,0.125,0.125,0.0,0.875,0.875,0.75,0.75,0,0,1,0.277833527,next-voice-onset,scarlatti_k79,RH,normal,notation-shortening,,,
74,60,2,37.333333333,0.333333333,0.125,0.125,0.0,0.541666667,0.125,0.0,0.0,0,0,0,0.95,key-release-grid+pedal-acoustic-grid,scarlatti_k79,RH,normal,notation-shortening,,,
74,60,2,37.333333333,0.333333333,0.125,0.125,0.0,0.541666667,0.541666667,0.416666667,0.416666667,0,0,1,0.475851411,next-voice-onset,scarlatti_k79,RH,normal,notation-shortening,,,
78,78,2,37.333333333,0.333333333,0.125,0.125,0.0,0.541666667,0.125,0.0,0.0,0,0,0,0.95,key-release-grid+pedal-acoustic-grid,scarlatti_k79,RH,normal,notation-shortening,,,
78,78,2,37.333333333,0.333333333,0.125,0.125,0.0,0.541666667,0.541666667,0.416666667,0.416666667,0,0,1,0.475851411,next-voice-onset,scarlatti_k79,RH,normal,notation-shortening,,,
69,80,1,37.75,0.4375,0.125,0.125,0.0,1.0,0.125,0.0,0.0,0,0,0,0.95,key-release-grid+pedal-acoustic-grid,scarlatti_k79,RH,normal,notation-shortening,,,
69,80,1,37.75,0.4375,0.125,0.125,0.0,1.0,1.0,0.875,0.875,0,0,1,0.229126198,next-voice-onset,scarlatti_k79,RH,normal,notation-shortening,,,
74,45,2,37.875,0.46875,0.125,0.125,0.0,0.125,0.125,0.0,0.0,0,0,1,0.97,key-release-grid+next-voice-onset+pedal-acoustic-grid,scarlatti_k79,RH,normal,notation-shortening,,,
62,63,4,37.875,0.46875,0.125,0.125,0.0,0.125,0.125,0.0,0.0,0,0,1,0.97,key-release-grid+next-voice-onset+pedal-acoustic-grid,scarlatti_k79,RH,normal,notation-shortening,,,
76,65,2,38.0,0.5,0.125,0.125,0.0,0.375,0.125,0.0,0.0,0,0,0,0.95,key-release-grid+pedal-acoustic-grid,scarlatti_k79,RH,normal,notation-shortening,,,
76,65,2,38.0,0.5,0.125,0.125,0.0,0.375,0.375,0.25,0.25,0,0,1,0.629776017,next-voice-onset,scarlatti_k79,RH,normal,notation-shortening,,,
79,72,2,38.0,0.5,0.125,0.125,0.0,0.375,0.125,0.0,0.0,0,0,0,0.95,key-release-grid+pedal-acoustic-grid,scarlatti_k79,RH,normal,notation-shortening,,,
79,72,2,38.0,0.5,0.125,0.125,0.0,0.375,0.375,0.25,0.25,0,0,1,0.629776017,next-voice-onset,scarlatti_k79,RH,normal,notation-shortening,,,
61,72,4,38.0,0.5,0.125,0.125,0.0,1.0,0.125,0.0,0.0,0,0,0,0.95,key-release-grid+pedal-acoustic-grid,scarlatti_k79,RH,normal,notation-shortening,,,
61,72,4,38.0,0.5,0.125,0.125,0.0,1.0,1.0,0.875,0.875,0,0,1,0.229126198,next-voice-onset,scarlatti_k79,RH,normal,notation-shortening,,,
74,61,2,38.375,0.59375,0.125,0.125,0.0,0.75,0.125,0.0,0.0,0,0,0,0.95,key-release-grid+pedal-acoustic-grid,scarlatti_k79,RH,normal,notation-shortening,,,
74,61,2,38.375,0.59375,0.125,0.125,0.0,0.75,0.75,0.625,0.625,0,0,1,0.338644996,next-voice-onset,scarlatti_k79,RH,normal,notation-shortening,,,
78,81,2,38.375,0.59375,0.125,0.125,0.0,0.75,0.125,0.0,0.0,0,0,0,0.95,key-release-grid+pedal-acoustic-grid,scarlatti_k79,RH,normal,notation-shortening,,,
78,81,2,38.375,0.59375,0.125,0.125,0.0,0.75,0.75,0.625,0.625,0,0,1,0.338644996,next-voice-onset,scarlatti_k79,RH,normal,notation-shortening,,,
69,81,1,38.75,0.6875,0.125,0.125,0.0,1.125,0.125,0.0,0.0,0,0,0,0.95,key-release-grid+pedal-acoustic-grid,scarlatti_k79,RH,normal,notation-shortening,,,
69,81,1,38.75,0.6875,0.125,0.125,0.0,1.125,1.125,1.0,1.0,0,0,1,0.190033251,next-voice-onset,scarlatti_k79,RH,normal,notation-shortening,,,
62,48,4,39.0,0.75,0.125,0.125,0.0,0.125,0.125,0.0,0.0,0,0,1,0.97,key-release-grid+next-voice-onset+pedal-acoustic-grid,scarlatti_k79,RH,normal,notation-shortening,,,
76,63,2,39.125,0.78125,0.125,0.125,0.0,0.375,0.125,0.0,0.0,0,0,0,0.95,key-release-grid+pedal-acoustic-grid,scarlatti_k79,RH,normal,notation-shortening,,,
76,63,2,39.125,0.78125,0.125,0.125,0.0,0.375,0.375,0.25,0.25,0,0,1,0.629776017,next-voice-onset,scarlatti_k79,RH,normal,notation-shortening,,,
79,67,2,39.125,0.78125,0.125,0.125,0.0,0.375,0.125,0.0,0.0,0,0,0,0.95,key-release-grid+pedal-acoustic-grid,scarlatti_k79,RH,normal,notation-shortening,,,
79,67,2,39.125,0.78125,0.125,0.125,0.0,0.375,0.375,0.25,0.25,0,0,1,0.629776017,next-voice-onset,scarlatti_k79,RH,normal,notation-shortening,,,
61,74,4,39.125,0.78125,0.125,0.125,0.0,20.375,0.125,0.0,0.0,0,0,0,0.95,key-release-grid+pedal-acoustic-grid,scarlatti_k79,RH,normal,notation-shortening,,,
61,74,4,39.125,0.78125,0.125,0.125,0.0,20.375,0.875,0.75,0.75,0,1,0,0.297833527,barline,scarlatti_k79,RH,normal,notation-shortening,,,
61,74,4,39.125,0.78125,0.125,0.125,0.0,20.375,20.375,20.25,20.25,1,0,1,0.018835291,next-voice-onset,scarlatti_k79,RH,normal,notation-shortening,,,
74,72,2,39.5,0.875,0.125,0.125,0.0,0.75,0.125,0.0,0.0,0,0,0,0.95,key-release-grid+pedal-acoustic-grid,scarlatti_k79,RH,normal,notation-shortening,,,
74,72,2,39.5,0.875,0.125,0.125,0.0,0.75,0.5,0.375,0.375,0,1,0,0.530063625,barline,scarlatti_k79,RH,normal,notation-shortening,,,
74,72,2,39.5,0.875,0.125,0.125,0.0,0.75,0.75,0.625,0.625,1,0,1,0.318923847,next-voice-onset,scarlatti_k79,RH,normal,notation-shortening,,,
78,79,2,39.5,0.875,0.125,0.125,0.0,0.75,0.125,0.0,0.0,0,0,0,0.95,key-release-grid+pedal-acoustic-grid,scarlatti_k79,RH,normal,notation-shortening,,,
78,79,2,39.5,0.875,0.125,0.125,0.0,0.75,0.5,0.375,0.375,0,1,0,0.530063625,barline,scarlatti_k79,RH,normal,notation-shortening,,,
78,79,2,39.5,0.875,0.125,0.125,0.0,0.75,0.75,0.625,0.625,1,0,1,0.318923847,next-voice-onset,scarlatti_k79,RH,normal,notation-shortening,,,
69,74,1,39.875,0.96875,0.125,0.125,0.0,1.125,0.125,0.0,0.0,0,1,0,0.99,barline+key-release-grid+pedal-acoustic-grid,scarlatti_k79,RH,normal,notation-shortening,,,
69,74,1,39.875,0.96875,0.125,0.125,0.0,1.125,1.125,1.0,1.0,1,0,1,0.178966576,next-voice-onset,scarlatti_k79,RH,normal,notation-shortening,,,
74,69,2,40.25,0.0625,0.125,0.125,0.0,0.375,0.125,0.0,0.0,0,0,0,0.95,key-release-grid+pedal-acoustic-grid,scarlatti_k79,RH,normal,notation-shortening,,,
74,69,2,40.25,0.0625,0.125,0.125,0.0,0.375,0.375,0.25,0.25,0,0,1,0.629776017,next-voice-onset,scarlatti_k79,RH,normal,notation-shortening,,,
77,77,2,40.25,0.0625,0.125,0.125,0.0,0.375,0.125,0.0,0.0,0,0,0,0.95,key-release-grid+pedal-acoustic-grid,scarlatti_k79,RH,normal,notation-shortening,,,
77,77,2,40.25,0.0625,0.125,0.125,0.0,0.375,0.375,0.25,0.25,0,0,1,0.629776017,next-voice-onset,scarlatti_k79,RH,normal,notation-shortening,,,
73,59,2,40.625,0.15625,0.125,0.125,0.0,0.708333333,0.125,0.0,0.0,0,0,0,0.95,key-release-grid+pedal-acoustic-grid,scarlatti_k79,RH,normal,notation-shortening,,,
73,59,2,40.625,0.15625,0.125,0.125,0.0,0.708333333,0.708333333,0.583333333,0.583333333,0,0,1,0.362128583,next-voice-onset,scarlatti_k79,RH,normal,notation-shortening,,,
76,79,2,40.625,0.15625,0.125,0.125,0.0,0.708333333,0.125,0.0,0.0,0,0,0,0.95,key-release-grid+pedal-acoustic-grid,scarlatti_k79,RH,normal,notation-shortening,,,
76,79,2,40.625,0.15625,0.125,0.125,0.0,0.708333333,0.708333333,0.583333333,0.583333333,0,0,1,0.362128583,next-voice-onset,scarlatti_k79,RH,normal,notation-shortening,,,
69,80,1,41.0,0.25,0.125,0.125,0.0,1.125,0.125,0.0,0.0,0,0,0,0.95,key-release-grid+pedal-acoustic-grid,scarlatti_k79,RH,normal,notation-shortening,,,
69,80,1,41.0,0.25,0.125,0.125,0.0,1.125,1.125,1.0,1.0,0,0,1,0.190033251,next-voice-onset,scarlatti_k79,RH,normal,notation-shortening,,,
74,72,2,41.333333333,0.333333333,0.125,0.125,0.0,0.333333333,0.125,0.0,0.0,0,0,0,0.95,key-release-grid+pedal-acoustic-grid,scarlatti_k79,RH,normal,notation-shortening,,,
74,72,2,41.333333333,0.333333333,0.125,0.125,0.0,0.333333333,0.333333333,0.208333333,0.208333333,0,0,1,0.676168637,next-voice-onset,scarlatti_k79,RH,normal,notation-shortening,,,
77,77,2,41.333333333,0.333333333,0.125,0.125,0.0,0.333333333,0.125,0.0,0.0,0,0,0,0.95,key-release-grid+pedal-acoustic-grid,scarlatti_k79,RH,normal,notation-shortening,,,
77,77,2,41.333333333,0.333333333,0.125,0.125,0.0,0.333333333,0.333333333,0.208333333,0.208333333,0,0,1,0.676168637,next-voice-onset,scarlatti_k79,RH,normal,notation-shortening,,,
73,64,2,41.666666667,0.416666667,0.125,0.125,0.0,0.708333333,0.125,0.0,0.0,0,0,0,0.95,key-release-grid+pedal-acoustic-grid,scarlatti_k79,RH,normal,notation-shortening,,,
73,64,2,41.666666667,0.416666667,0.125,0.125,0.0,0.708333333,0.708333333,0.583333333,0.583333333,0,0,1,0.362128583,next-voice-onset,scarlatti_k79,RH,normal,notation-shortening,,,
76,87,2,41.666666667,0.416666667,0.125,0.125,0.0,0.708333333,0.125,0.0,0.0,0,0,0,0.95,key-release-grid+pedal-acoustic-grid,scarlatti_k79,RH,normal,notation-shortening,,,
76,87,2,41.666666667,0.416666667,0.125,0.125,0.0,0.708333333,0.708333333,0.583333333,0.583333333,0,0,1,0.362128583,next-voice-onset,scarlatti_k79,RH,normal,notation-shortening,,,
69,76,1,42.125,0.53125,0.125,0.125,0.0,1.0,0.125,0.0,0.0,0,0,0,0.95,key-release-grid+pedal-acoustic-grid,scarlatti_k79,RH,normal,notation-shortening,,,
69,76,1,42.125,0.53125,0.125,0.125,0.0,1.0,1.0,0.875,0.875,0,0,1,0.229126198,next-voice-onset,scarlatti_k79,RH,normal,notation-shortening,,,
74,70,2,42.375,0.59375,0.125,0.125,0.0,0.375,0.125,0.0,0.0,0,0,0,0.95,key-release-grid+pedal-acoustic-grid,scarlatti_k79,RH,normal,notation-shortening,,,
74,70,2,42.375,0.59375,0.125,0.125,0.0,0.375,0.375,0.25,0.25,0,0,1,0.629776017,next-voice-onset,scarlatti_k79,RH,normal,notation-shortening,,,
77,78,2,42.375,0.59375,0.125,0.125,0.0,0.375,0.125,0.0,0.0,0,0,0,0.95,key-release-grid+pedal-acoustic-grid,scarlatti_k79,RH,normal,notation-shortening,,,
77,78,2,42.375,0.59375,0.125,0.125,0.0,0.375,0.375,0.25,0.25,0,0,1,0.629776017,next-voice-onset,scarlatti_k79,RH,normal,notation-shortening,,,
73,74,2,42.75,0.6875,0.125,0.125,0.0,0.625,0.125,0.0,0.0,0,0,0,0.95,key-release-grid+pedal-acoustic-grid,scarlatti_k79,RH,normal,notation-shortening,,,
73,74,2,42.75,0.6875,0.125,0.125,0.0,0.625,0.625,0.5,0.5,0,0,1,0.414718518,next-voice-onset,scarlatti_k79,RH,normal,notation-shortening,,,
76,87,2,42.75,0.6875,0.125,0.125,0.0,0.625,0.125,0.0,0.0,0,0,0,0.95,key-release-grid+pedal-acoustic-grid,scarlatti_k79,RH,normal,notation-shortening,,,
76,87,2,42.75,0.6875,0.125,0.125,0.0,0.625,0.625,0.5,0.5,0,0,1,0.414718518,next-voice-onset,scarlatti_k79,RH,normal,notation-shortening,,,
69,80,1,43.125,0.78125,0.125,0.125,0.0,0.875,0.125,0.0,0.0,0,0,0,0.95,key-release-grid+pedal-acoustic-grid,scarlatti_k79,RH,normal,notation-shortening,,,
69,80,1,43.125,0.78125,0.125,0.125,0.0,0.875,0.875,0.75,0.75,0,1,1,0.317833527,barline+next-voice-onset,scarlatti_k79,RH,normal,notation-shortening,,,
74,65,2,43.375,0.84375,0.125,0.125,0.0,0.5,0.125,0.0,0.0,0,0,0,0.95,key-release-grid+pedal-acoustic-grid,scarlatti_k79,RH,normal,notation-shortening,,,
74,65,2,43.375,0.84375,0.125,0.125,0.0,0.5,0.5,0.375,0.375,0,0,1,0.510063625,next-voice-onset,scarlatti_k79,RH,normal,notation-shortening,,,
77,74,2,43.375,0.84375,0.125,0.125,0.0,0.5,0.125,0.0,0.0,0,0,0,0.95,key-release-grid+pedal-acoustic-grid,scarlatti_k79,RH,normal,notation-shortening,,,
77,74,2,43.375,0.84375,0.125,0.125,0.0,0.5,0.5,0.375,0.375,0,0,1,0.510063625,next-voice-onset,scarlatti_k79,RH,normal,notation-shortening,,,
76,91,2,43.875,0.96875,0.25,0.25,0.0,0.25,0.25,0.0,0.0,1,0,1,0.913511598,key-release-grid+next-voice-onset+pedal-acoustic-grid,scarlatti_k79,RH,normal,notation-shortening,,,
76,91,2,43.875,0.96875,0.25,0.25,0.0,0.25,0.125,0.125,0.125,0,1,0,0.800337542,barline,scarlatti_k79,RH,normal,notation-shortening,,,
74,75,1,44.0,0.0,0.25,0.25,0.0,1.25,0.25,0.0,0.0,0,0,0,0.95,key-release-grid+pedal-acoustic-grid,scarlatti_k79,RH,normal,notation-shortening,,,
74,75,1,44.0,0.0,0.25,0.25,0.0,1.25,0.333333333,0.083333333,0.083333333,0,0,0,0.818746562,key-release-grid+pedal-acoustic-grid,scarlatti_k79,RH,normal,notation-shortening,,,
74,75,1,44.0,0.0,0.25,0.25,0.0,1.25,1.25,1.0,1.0,0,0,1,0.190033251,next-voice-onset,scarlatti_k79,RH,normal,notation-shortening,,,
73,89,2,44.125,0.03125,0.25,0.25,0.0,0.25,0.25,0.0,0.0,0,0,1,0.97,key-release-grid+next-voice-onset+pedal-acoustic-grid,scarlatti_k79,RH,normal,notation-shortening,,,
71,79,2,44.375,0.09375,0.125,0.125,0.0,0.125,0.125,0.0,0.0,0,0,1,0.97,key-release-grid+next-voice-onset+pedal-acoustic-grid,scarlatti_k79,RH,normal,notation-shortening,,,
69,76,2,44.5,0.125,0.125,0.125,0.0,0.166666667,0.125,0.0,0.0,0,0,0,0.95,key-release-grid+pedal-acoustic-grid,scarlatti_k79,RH,normal,notation-shortening,,,
69,76,2,44.5,0.125,0.125,0.125,0.0,0.166666667,0.166666667,0.041666667,0.041666667,0,0,1,0.901838446,next-voice-onset,scarlatti_k79,RH,normal,notation-shortening,,,
67,82,2,44.666666667,0.166666667,0.125,0.125,0.0,0.208333333,0.125,0.0,0.0,0,0,0,0.95,key-release-grid+pedal-acoustic-grid,scarlatti_k79,RH,normal,notation-shortening,,,
67,82,2,44.666666667,0.166666667,0.125,0.125,0.0,0.208333333,0.208333333,0.083333333,0.083333333,0,0,1,0.838746562,next-voice-onset,scarlatti_k79,RH,normal,notation-shortening,,,
66,82,2,44.875,0.21875,0.25,0.25,0.0,0.25,0.25,0.0,0.0,0,0,1,0.97,key-release-grid+next-voice-onset+pedal-acoustic-grid,scarlatti_k79,RH,normal,notation-shortening,,,
69,83,2,45.125,0.28125,0.125,0.125,0.0,0.25,0.125,0.0,0.0,0,0,0,0.95,key-release-grid+pedal-acoustic-grid,scarlatti_k79,RH,normal,notation-shortening,,,
69,83,2,45.125,0.28125,0.125,0.125,0.0,0.25,0.25,0.125,0.125,0,0,1,0.780337542,next-voice-onset,scarlatti_k79,RH,normal,notation-shortening,,,
74,80,1,45.25,0.3125,0.125,0.125,0.0,0.5,0.125,0.0,0.0,0,0,0,0.95,key-release-grid+pedal-acoustic-grid,scarlatti_k79,RH,normal,notation-shortening,,,
74,80,1,45.25,0.3125,0.125,0.125,0.0,0.5,0.5,0.375,0.375,0,0,1,0.510063625,next-voice-onset,scarlatti_k79,RH,normal,notation-shortening,,,
66,78,2,45.375,0.34375,0.125,0.125,0.0,0.25,0.125,0.0,0.0,0,0,0,0.95,key-release-grid+pedal-acoustic-grid,scarlatti_k79,RH,normal,notation-shortening,,,
66,78,2,45.375,0.34375,0.125,0.125,0.0,0.25,0.25,0.125,0.125,0,0,1,0.780337542,next-voice-onset,scarlatti_k79,RH,normal,notation-shortening,,,
64,80,2,45.625,0.40625,0.125,0.125,0.0,0.708333333,0.125,0.0,0.0,0,0,0,0.95,key-release-grid+pedal-acoustic-grid,scarlatti_k79,RH,normal,notation-shortening,,,
64,80,2,45.625,0.40625,0.125,0.125,0.0,0.708333333,0.708333333,0.583333333,0.583333333,0,0,1,0.362128583,next-voice-onset,scarlatti_k79,RH,normal,notation-shortening,,,
73,94,1,45.75,0.4375,0.125,0.125,0.0,0.25,0.125,0.0,0.0,0,0,0,0.95,key-release-grid+pedal-acoustic-grid,scarlatti_k79,RH,normal,notation-shortening,,,
73,94,1,45.75,0.4375,0.125,0.125,0.0,0.25,0.25,0.125,0.125,0,0,1,0.780337542,next-voice-onset,scarlatti_k79,RH,normal,notation-shortening,,,
74,87,1,46.0,0.5,0.125,0.125,0.0,6.375,0.125,0.0,0.0,0,0,0,0.95,key-release-grid+pedal-acoustic-grid,scarlatti_k79,RH,normal,notation-shortening,,,
74,87,1,46.0,0.5,0.125,0.125,0.0,6.375,2.0,1.875,1.875,0,1,0,0.082812228,barline,scarlatti_k79,RH,normal,notation-shortening,,,
74,87,1,46.0,0.5,0.125,0.125,0.0,6.375,6.375,6.25,6.25,1,0,1,0.018967966,next-voice-onset,scarlatti_k79,RH,normal,notation-shortening,,,
66,73,2,46.333333333,0.583333333,0.125,0.125,0.0,0.291666667,0.125,0.0,0.0,0,0,0,0.95,key-release-grid+pedal-acoustic-grid,scarlatti_k79,RH,normal,notation-shortening,,,
66,73,2,46.333333333,0.583333333,0.125,0.125,0.0,0.291666667,0.291666667,0.166666667,0.166666667,0,0,1,0.726254605,next-voice-onset,scarlatti_k79,RH,normal,notation-shortening,,,
69,83,2,46.333333333,0.583333333,0.125,0.125,0.0,0.291666667,0.125,0.0,0.0,0,0,0,0.95,key-release-grid+pedal-acoustic-grid,scarlatti_k79,RH,normal,notation-shortening,,,
69,83,2,46.333333333,0.583333333,0.125,0.125,0.0,0.291666667,0.291666667,0.166666667,0.166666667,0,0,1,0.726254605,next-voice-onset,scarlatti_k79,RH,normal,notation-shortening,,,
67,69,2,46.625,0.65625,0.125,0.125,0.0,0.375,0.125,0.0,0.0,0,0,0,0.95,key-release-grid+pedal-acoustic-grid,scarlatti_k79,RH,normal,notation-shortening,,,
67,69,2,46.625,0.65625,0.125,0.125,0.0,0.375,0.375,0.25,0.25,0,0,1,0.629776017,next-voice-onset,scarlatti_k79,RH,normal,notation-shortening,,,
71,85,2,46.625,0.65625,0.125,0.125,0.0,0.375,0.125,0.0,0.0,0,0,0,0.95,key-release-grid+pedal-acoustic-grid,scarlatti_k79,RH,normal,notation-shortening,,,
71,85,2,46.625,0.65625,0.125,0.125,0.0,0.375,0.375,0.25,0.25,0,0,1,0.629776017,next-voice-onset,scarlatti_k79,RH,normal,notation-shortening,,,
66,73,2,47.0,0.75,0.125,0.125,0.0,0.5,0.125,0.0,0.0,0,0,0,0.95,key-release-grid+pedal-acoustic-grid,scarlatti_k79,RH,normal,notation-shortening,,,
66,73,2,47.0,0.75,0.125,0.125,0.0,0.5,0.5,0.375,0.375,0,0,1,0.510063625,next-voice-onset,scarlatti_k79,RH,normal,notation-shortening,,,
69,87,2,47.0,0.75,0.125,0.125,0.0,0.5,0.125,0.0,0.0,0,0,0,0.95,key-release-grid+pedal-acoustic-grid,scarlatti_k79,RH,normal,notation-shortening,,,
69,87,2,47.0,0.75,0.125,0.125,0.0,0.5,0.5,0.375,0.375,0,0,1,0.510063625,next-voice-onset,scarlatti_k79,RH,normal,notation-shortening,,,
62,71,2,47.5,0.875,0.125,0.125,0.0,0.166666667,0.125,0.0,0.0,0,0,0,0.95,key-release-grid+pedal-acoustic-grid,scarlatti_k79,RH,normal,notation-shortening,,,
62,71,2,47.5,0.875,0.125,0.125,0.0,0.166666667,0.166666667,0.041666667,0.041666667,0,0,1,0.901838446,next-voice-onset,scarlatti_k79,RH,normal,notation-shortening,,,
67,74,2,47.666666667,0.916666667,0.125,0.125,0.0,0.458333333,0.125,0.0,0.0,0,0,0,0.95,key-release-grid+pedal-acoustic-grid,scarlatti_k79,RH,normal,notation-shortening,,,
67,74,2,47.666666667,0.916666667,0.125,0.125,0.0,0.458333333,0.333333333,0.208333333,0.208333333,0,1,0,0.696168637,barline,scarlatti_k79,RH,normal,notation-shortening,,,
67,74,2,47.666666667,0.916666667,0.125,0.125,0.0,0.458333333,0.458333333,0.333333333,0.333333333,1,0,1,0.515118826,next-voice-onset,scarlatti_k79,RH,normal,notation-shortening,,,
71,74,2,47.666666667,0.916666667,0.125,0.125,0.0,0.458333333,0.125,0.0,0.0,0,0,0,0.95,key-release-grid+pedal-acoustic-grid,scarlatti_k79,RH,normal,notation-shortening,,,
71,74,2,47.666666667,0.916666667,0.125,0.125,0.0,0.458333333,0.333333333,0.208333333,0.208333333,0,1,0,0.696168637,barline,scarlatti_k79,RH,normal,notation-shortening,,,
71,74,2,47.666666667,0.916666667,0.125,0.125,0.0,0.458333333,0.458333333,0.333333333,0.333333333,1,0,1,0.515118826,next-voice-onset,scarlatti_k79,RH,normal,notation-shortening,,,
66,71,2,48.125,0.03125,0.125,0.125,0.0,0.375,0.125,0.0,0.0,0,0,0,0.95,key-release-grid+pedal-acoustic-grid,scarlatti_k79,RH,normal,notation-shortening,,,
66,71,2,48.125,0.03125,0.125,0.125,0.0,0.375,0.375,0.25,0.25,0,0,1,0.629776017,next-voice-onset,scarlatti_k79,RH,normal,notation-shortening,,,
69,86,2,48.125,0.03125,0.125,0.125,0.0,0.375,0.125,0.0,0.0,0,0,0,0.95,key-release-grid+pedal-acoustic-grid,scarlatti_k79,RH,normal,notation-shortening,,,
69,86,2,48.125,0.03125,0.125,0.125,0.0,0.375,0.375,0.25,0.25,0,0,1,0.629776017,next-voice-onset,scarlatti_k79,RH,normal,notation-shortening,,,
62,55,2,48.5,0.125,0.125,0.125,0.0,0.25,0.125,0.0,0.0,0,0,0,0.95,key-release-grid+pedal-acoustic-grid,scarlatti_k79,RH,normal,notation-shortening,,,
62,55,2,48.5,0.125,0.125,0.125,0.0,0.25,0.25,0.125,0.125,0,0,1,0.780337542,next-voice-onset,scarlatti_k79,RH,normal,notation-shortening,,,
67,62,2,48.75,0.1875,0.125,0.125,0.0,0.375,0.125,0.0,0.0,0,0,0,0.95,key-release-grid+pedal-acoustic-grid,scarlatti_k79,RH,normal,notation-shortening,,,
67,62,2,48.75,0.1875,0.125,0.125,0.0,0.375,0.375,0.25,0.25,0,0,1,0.629776017,next-voice-onset,scarlatti_k79,RH,normal,notation-shortening,,,
71,78,2,48.75,0.1875,0.125,0.125,0.0,0.375,0.125,0.0,0.0,0,0,0,0.95,key-release-grid+pedal-acoustic-grid,scarlatti_k79,RH,normal,notation-shortening,,,
71,78,2,48.75,0.1875,0.125,0.125,0.0,0.375,0.375,0.25,0.25,0,0,1,0.629776017,next-voice-onset,scarlatti_k79,RH,normal,notation-shortening,,,
66,70,2,49.125,0.28125,0.125,0.125,0.0,0.375,0.125,0.0,0.0,0,0,0,0.95,key-release-grid+pedal-acoustic-grid,scarlatti_k79,RH,normal,notation-shortening,,,
66,70,2,49.125,0.28125,0.125,0.125,0.0,0.375,0.375,0.25,0.25,0,0,1,0.629776017,next-voice-onset,scarlatti_k79,RH,normal,notation-shortening,,,
69,78,2,49.125,0.28125,0.125,0.125,0.0,0.375,0.125,0.0,0.0,0,0,0,0.95,key-release-grid+pedal-acoustic-grid,scarlatti_k79,RH,normal,notation-shortening,,,
69,78,2,49.125,0.28125,0.125,0.125,0.0,0.375,0.375,0.25,0.25,0,0,1,0.629776017,next-voice-onset,scarlatti_k79,RH,normal,notation-shortening,,,
62,74,2,49.5,0.375,0.125,0.125,0.0,0.375,0.125,0.0,0.0,0,0,0,0.95,key-release-grid+pedal-acoustic-grid,scarlatti_k79,RH,normal,notation-shortening,,,
62,74,2,49.5,0.375,0.125,0.125,0.0,0.375,0.375,0.25,0.25,0,0,1,0.629776017,next-voice-onset,scarlatti_k79,RH,normal,notation-shortening,,,
67,72,2,49.875,0.46875,0.125,0.125,0.0,0.375,0.125,0.0,0.0,0,0,0,0.95,key-release-grid+pedal-acoustic-grid,scarlatti_k79,RH,normal,notation-shortening,,,
67,72,2,49.875,0.46875,0.125,0.125,0.0,0.375,0.375,0.25,0.25,0,0,1,0.629776017,next-voice-onset,scarlatti_k79,RH,normal,notation-shortening,,,
71,67,2,49.875,0.46875,0.125,0.125,0.0,0.375,0.125,0.0,0.0,0,0,0,0.95,key-release-grid+pedal-acoustic-grid,scarlatti_k79,RH,normal,notation-shortening,,,
71,67,2,49.875,0.46875,0.125,0.125,0.0,0.375,0.375,0.25,0.25,0,0,1,0.629776017,next-voice-onset,scarlatti_k79,RH,normal,notation-shortening,,,
69,89,2,50.25,0.5625,0.25,0.25,0.0,0.25,0.25,0.0,0.0,0,0,1,0.97,key-release-grid+next-voice-onset+pedal-acoustic-grid,scarlatti_k79,RH,normal,notation-shortening,,,
67,78,2,50.5,0.625,0.125,0.125,0.0,0.125,0.125,0.0,0.0,0,0,1,0.97,key-release-grid+next-voice-onset+pedal-acoustic-grid,scarlatti_k79,RH,normal,notation-shortening,,,
66,73,2,50.625,0.65625,0.125,0.125,0.0,0.125,0.125,0.0,0.0,0,0,1,0.97,key-release-grid+next-voice-onset+pedal-acoustic-grid,scarlatti_k79,RH,normal,notation-shortening,,,
64,78,2,50.75,0.6875,0.125,0.125,0.0,0.25,0.125,0.0,0.0,0,0,0,0.95,key-release-grid+pedal-acoustic-grid,scarlatti_k79,RH,normal,notation-shortening,,,
64,78,2,50.75,0.6875,0.125,0.125,0.0,0.25,0.25,0.125,0.125,0,0,1,0.780337542,next-voice-onset,scarlatti_k79,RH,normal,notation-shortening,,,
62,76,2,51.0,0.75,0.125,0.125,0.0,0.125,0.125,0.0,0.0,0,0,1,0.97,key-release-grid+next-voice-onset+pedal-acoustic-grid,scarlatti_k79,RH,normal,notation-shortening,,,
66,77,2,51.125,0.78125,0.125,0.125,0.0,0.125,0.125,0.0,0.0,0,0,1,0.97,key-release-grid+next-voice-onset+pedal-acoustic-grid,scarlatti_k79,RH,normal,notation-shortening,,,
64,83,2,51.25,0.8125,0.25,0.25,0.0,0.25,0.25,0.0,0.0,0,0,1,0.97,key-release-grid+next-voice-onset+pedal-acoustic-grid,scarlatti_k79,RH,normal,notation-shortening,,,
67,81,2,51.5,0.875,0.125,0.125,0.0,0.125,0.125,0.0,0.0,0,0,1,0.97,key-release-grid+next-voice-onset+pedal-acoustic-grid,scarlatti_k79,RH,normal,notation-shortening,,,
66,77,2,51.625,0.90625,0.125,0.125,0.0,0.25,0.125,0.0,0.0,0,0,0,0.95,key-release-grid+pedal-acoustic-grid,scarlatti_k79,RH,normal,notation-shortening,,,
66,77,2,51.625,0.90625,0.125,0.125,0.0,0.25,0.25,0.125,0.125,0,0,1,0.780337542,next-voice-onset,scarlatti_k79,RH,normal,notation-shortening,,,
62,78,2,51.875,0.96875,0.125,0.125,0.0,0.125,0.125,0.0,0.0,0,1,1,0.999,barline+key-release-grid+next-voice-onset+pedal-acoustic-grid,scarlatti_k79,RH,normal,notation-shortening,,,
64,84,2,52.0,0.0,0.125,0.125,0.0,0.25,0.125,0.0,0.0,0,0,0,0.95,key-release-grid+pedal-acoustic-grid,scarlatti_k79,RH,normal,notation-shortening,,,
64,84,2,52.0,0.0,0.125,0.125,0.0,0.25,0.25,0.125,0.125,0,0,1,0.780337542,next-voice-onset,scarlatti_k79,RH,normal,notation-shortening,,,
61,76,2,52.25,0.0625,0.25,0.25,0.0,0.625,0.25,0.0,0.0,0,0,0,0.95,key-release-grid+pedal-acoustic-grid,scarlatti_k79,RH,normal,notation-shortening,,,
61,76,2,52.25,0.0625,0.25,0.25,0.0,0.625,0.333333333,0.083333333,0.083333333,0,0,0,0.818746562,key-release-grid+pedal-acoustic-grid,scarlatti_k79,RH,normal,notation-shortening,,,
61,76,2,52.25,0.0625,0.25,0.25,0.0,0.625,0.625,0.375,0.375,0,0,1,0.510063625,next-voice-onset,scarlatti_k79,RH,normal,notation-shortening,,,
62,83,1,52.375,0.09375,0.125,0.125,0.0,0.375,0.125,0.0,0.0,0,0,0,0.95,key-release-grid+pedal-acoustic-grid,scarlatti_k79,RH,normal,notation-shortening,,,
62,83,1,52.375,0.09375,0.125,0.125,0.0,0.375,0.375,0.25,0.25,0,0,1,0.629776017,next-voice-onset,scarlatti_k79,RH,normal,notation-shortening,,,
66,80,1,52.75,0.1875,0.125,0.125,0.0,0.375,0.125,0.0,0.0,0,0,0,0.95,key-release-grid+pedal-acoustic-grid,scarlatti_k79,RH,normal,notation-shortening,,,
66,80,1,52.75,0.1875,0.125,0.125,0.0,0.375,0.375,0.25,0.25,0,0,1,0.629776017,next-voice-onset,scarlatti_k79,RH,normal,notation-shortening,,,
62,89,2,52.875,0.21875,0.125,0.125,0.0,0.375,0.125,0.0,0.0,0,0,0,0.95,key-release-grid+pedal-acoustic-grid,scarlatti_k79,RH,normal,notation-shortening,,,
62,89,2,52.875,0.21875,0.125,0.125,0.0,0.375,0.375,0.25,0.25,0,0,1,0.629776017,next-voice-onset,scarlatti_k79,RH,normal,notation-shortening,,,
69,85,1,53.125,0.28125,0.25,0.25,0.0,0.25,0.25,0.0,0.0,0,0,1,0.97,key-release-grid+next-voice-onset+pedal-acoustic-grid,scarlatti_k79,RH,normal,notation-shortening,,,
66,83,2,53.25,0.3125,0.125,0.125,0.0,0.375,0.125,0.0,0.0,0,0,0,0.95,key-release-grid+pedal-acoustic-grid,scarlatti_k79,RH,normal,notation-shortening,,,
66,83,2,53.25,0.3125,0.125,0.125,0.0,0.375,0.375,0.25,0.25,0,0,1,0.629776017,next-voice-onset,scarlatti_k79,RH,normal,notation-shortening,,,
74,89,1,53.375,0.34375,0.125,0.125,0.0,0.375,0.125,0.0,0.0,0,0,0,0.95,key-release-grid+pedal-acoustic-grid,scarlatti_k79,RH,normal,notation-shortening,,,
74,89,1,53.375,0.34375,0.125,0.125,0.0,0.375,0.375,0.25,0.25,0,0,1,0.629776017,next-voice-onset,scarlatti_k79,RH,normal,notation-shortening,,,
69,89,2,53.625,0.40625,0.125,0.125,0.0,0.708333333,0.125,0.0,0.0,0,0,0,0.95,key-release-grid+pedal-acoustic-grid,scarlatti_k79,RH,normal,notation-shortening,,,
69,89,2,53.625,0.40625,0.125,0.125,0.0,0.708333333,0.708333333,0.583333333,0.583333333,0,0,1,0.362128583,next-voice-onset,scarlatti_k79,RH,normal,notation-shortening,,,
78,90,1,53.75,0.4375,0.25,0.25,0.0,0.25,0.25,0.0,0.0,0,0,1,0.97,key-release-grid+next-voice-onset+pedal-acoustic-grid,scarlatti_k79,RH,normal,notation-shortening,,,
74,80,1,54.0,0.5,0.125,0.125,0.0,0.125,0.125,0.0,0.0,0,0,1,0.97,key-release-grid+next-voice-onset+pedal-acoustic-grid,scarlatti_k79,RH,normal,notation-shortening,,,
81,94,1,54.125,0.53125,0.25,0.25,0.0,2.541666667,0.25,0.0,0.0,0,0,0,0.95,key-release-grid+pedal-acoustic-grid,scarlatti_k79,RH,normal,notation-shortening,,,
81,94,1,54.125,0.53125,0.25,0.25,0.0,2.541666667,0.333333333,0.083333333,0.083333333,0,0,0,0.818746562,key-release-grid+pedal-acoustic-grid,scarlatti_k79,RH,normal,notation-shortening,,,
81,94,1,54.125,0.53125,0.25,0.25,0.0,2.541666667,1.875,1.625,1.625,0,1,0,0.102710463,barline,scarlatti_k79,RH,normal,notation-shortening,,,
81,94,1,54.125,0.53125,0.25,0.25,0.0,2.541666667,2.541666667,2.291666667,2.291666667,1,0,1,0.04062443,next-voice-onset,scarlatti_k79,RH,normal,notation-shortening,,,
69,87,2,54.333333333,0.583333333,0.125,0.125,0.0,0.166666667,0.125,0.0,0.0,0,0,0,0.95,key-release-grid+pedal-acoustic-grid,scarlatti_k79,RH,normal,notation-shortening,,,
69,87,2,54.333333333,0.583333333,0.125,0.125,0.0,0.166666667,0.166666667,0.041666667,0.041666667,0,0,1,0.901838446,next-voice-onset,scarlatti_k79,RH,normal,notation-shortening,,,
74,94,2,54.5,0.625,0.666666667,0.692708333,0.026041667,1.125,0.666666667,0.0,0.026041666,0,0,0,0.942308308,key-release-grid+pedal-acoustic-grid,scarlatti_k79,RH,normal,notation-shortening,,,
74,94,2,54.5,0.625,0.666666667,0.692708333,0.026041667,1.125,0.625,0.041666667,0.067708333,0,0,0,0.874521883,key-release-grid,scarlatti_k79,RH,normal,notation-shortening,,,
74,94,2,54.5,0.625,0.666666667,0.692708333,0.026041667,1.125,0.75,0.083333333,0.057291667,0,0,0,0.825927218,key-release-grid+pedal-acoustic-grid,scarlatti_k79,RH,normal,notation-shortening,,,
74,94,2,54.5,0.625,0.666666667,0.692708333,0.026041667,1.125,1.125,0.458333333,0.432291667,0,0,1,0.448710799,next-voice-onset,scarlatti_k79,RH,normal,notation-shortening,,,
62,63,2,55.625,0.90625,0.125,0.125,0.0,0.375,0.125,0.0,0.0,0,0,0,0.95,key-release-grid+pedal-acoustic-grid,scarlatti_k79,RH,normal,notation-shortening,,,
62,63,2,55.625,0.90625,0.125,0.125,0.0,0.375,0.375,0.25,0.25,0,1,1,0.669776017,barline+next-voice-onset,scarlatti_k79,RH,normal,notation-shortening,,,
62,77,2,56.0,0.0,0.125,0.125,0.0,0.333333333,0.125,0.0,0.0,0,0,0,0.95,key-release-grid+pedal-acoustic-grid,scarlatti_k79,RH,normal,notation-shortening,,,
62,77,2,56.0,0.0,0.125,0.125,0.0,0.333333333,0.333333333,0.208333333,0.208333333,0,0,1,0.676168637,next-voice-onset,scarlatti_k79,RH,normal,notation-shortening,,,
64,96,2,56.333333333,0.083333333,0.375,0.375,0.0,1.041666667,0.375,0.0,0.0,0,0,0,0.95,key-release-grid+pedal-acoustic-grid,scarlatti_k79,RH,normal,notation-shortening,,,
64,96,2,56.333333333,0.083333333,0.375,0.375,0.0,1.041666667,0.333333333,0.041666667,0.041666667,0,0,0,0.881838446,key-release-grid+pedal-acoustic-grid,scarlatti_k79,RH,normal,notation-shortening,,,
64,96,2,56.333333333,0.083333333,0.375,0.375,0.0,1.041666667,0.5,0.125,0.125,0,0,0,0.760337542,key-release-grid+pedal-acoustic-grid,scarlatti_k79,RH,normal,notation-shortening,,,
64,96,2,56.333333333,0.083333333,0.375,0.375,0.0,1.041666667,1.041666667,0.666666667,0.666666667,0,0,1,0.316850238,next-voice-onset,scarlatti_k79,RH,normal,notation-shortening,,,
62,73,1,56.666666667,0.166666667,0.125,0.125,0.0,0.333333333,0.125,0.0,0.0,0,0,0,0.95,key-release-grid+pedal-acoustic-grid,scarlatti_k79,RH,normal,notation-shortening,,,
62,73,1,56.666666667,0.166666667,0.125,0.125,0.0,0.333333333,0.333333333,0.208333333,0.208333333,0,0,1,0.676168637,next-voice-onset,scarlatti_k79,RH,normal,notation-shortening,,,
62,69,1,57.0,0.25,0.125,0.125,0.0,1.75,0.125,0.0,0.0,0,0,0,0.95,key-release-grid+pedal-acoustic-grid,scarlatti_k79,RH,normal,notation-shortening,,,
62,69,1,57.0,0.25,0.125,0.125,0.0,1.75,1.75,1.625,1.625,0,0,1,0.082710463,next-voice-onset,scarlatti_k79,RH,normal,notation-shortening,,,
64,71,2,57.375,0.34375,0.375,0.4453125,0.0703125,0.375,0.375,0.0,0.0703125,0,0,1,0.949771634,key-release-grid+next-voice-onset,scarlatti_k79,RH,normal,notation-shortening,,,
64,71,2,57.375,0.34375,0.375,0.4453125,0.0703125,0.375,0.333333333,0.041666667,0.111979167,0,0,0,0.862596628,key-release-grid+pedal-acoustic-grid,scarlatti_k79,RH,normal,notation-shortening,,,
62,62,2,57.75,0.4375,0.125,0.125,0.0,0.25,0.125,0.0,0.0,0,0,0,0.95,key-release-grid+pedal-acoustic-grid,scarlatti_k79,RH,normal,notation-shortening,,,
62,62,2,57.75,0.4375,0.125,0.125,0.0,0.25,0.25,0.125,0.125,0,0,1,0.780337542,next-voice-onset,scarlatti_k79,RH,normal,notation-shortening,,,
69,81,2,57.75,0.4375,0.125,0.125,0.0,0.25,0.125,0.0,0.0,0,0,0,0.95,key-release-grid+pedal-acoustic-grid,scarlatti_k79,RH,normal,notation-shortening,,,
69,81,2,57.75,0.4375,0.125,0.125,0.0,0.25,0.25,0.125,0.125,0,0,1,0.780337542,next-voice-onset,scarlatti_k79,RH,normal,notation-shortening,,,
64,74,2,58.0,0.5,0.125,0.125,0.0,0.125,0.125,0.0,0.0,0,0,1,0.97,key-release-grid+next-voice-onset+pedal-acoustic-grid,scarlatti_k79,RH,normal,notation-shortening,,,
66,64,2,58.125,0.53125,0.125,0.125,0.0,0.125,0.125,0.0,0.0,0,0,1,0.97,key-release-grid+next-voice-onset+pedal-acoustic-grid,scarlatti_k79,RH,normal,notation-shortening,,,
69,74,2,58.125,0.53125,0.125,0.125,0.0,0.125,0.125,0.0,0.0,0,0,1,0.97,key-release-grid+next-voice-onset+pedal-acoustic-grid,scarlatti_k79,RH,normal,notation-shortening,,,
62,66,2,58.25,0.5625,0.125,0.125,0.0,0.25,0.125,0.0,0.0,0,0,0,0.95,key-release-grid+pedal-acoustic-grid,scarlatti_k79,RH,normal,notation-shortening,,,
62,66,2,58.25,0.5625,0.125,0.125,0.0,0.25,0.25,0.125,0.125,0,0,1,0.780337542,next-voice-onset,scarlatti_k79,RH,normal,notation-shortening,,,
67,64,2,58.5,0.625,0.125,0.125,0.0,0.166666667,0.125,0.0,0.0,0,0,0,0.95,key-release-grid+pedal-acoustic-grid,scarlatti_k79,RH,normal,notation-shortening,,,
67,64,2,58.5,0.625,0.125,0.125,0.0,0.166666667,0.166666667,0.041666667,0.041666667,0,0,1,0.901838446,next-voice-onset,scarlatti_k79,RH,normal,notation-shortening,,,
71,78,2,58.5,0.625,0.125,0.125,0.0,0.166666667,0.125,0.0,0.0,0,0,0,0.95,key-release-grid+pedal-acoustic-grid,scarlatti_k79,RH,normal,notation-shortening,,,
71,78,2,58.5,0.625,0.125,0.125,0.0,0.166666667,0.166666667,0.041666667,0.041666667,0,0,1,0.901838446,next-voice-onset,scarlatti_k79,RH,normal,notation-shortening,,,
64,70,2,58.666666667,0.666666667,0.125,0.125,0.0,0.208333333,0.125,0.0,0.0,0,0,0,0.95,key-release-grid+pedal-acoustic-grid,scarlatti_k79,RH,normal,notation-shortening,,,
64,70,2,58.666666667,0.666666667,0.125,0.125,0.0,0.208333333,0.208333333,0.083333333,0.083333333,0,0,1,0.838746562,next-voice-onset,scarlatti_k79,RH,normal,notation-shortening,,,
69,77,1,58.75,0.6875,0.125,0.125,0.0,0.375,0.125,0.0,0.0,0,0,0,0.95,key-release-grid+pedal-acoustic-grid,scarlatti_k79,RH,normal,notation-shortening,,,
69,77,1,58.75,0.6875,0.125,0.125,0.0,0.375,0.375,0.25,0.25,0,0,1,0.629776017,next-voice-onset,scarlatti_k79,RH,normal,notation-shortening,,,
66,64,2,58.875,0.71875,0.125,0.125,0.0,0.125,0.125,0.0,0.0,0,0,1,0.97,key-release-grid+next-voice-onset+pedal-acoustic-grid,scarlatti_k79,RH,normal,notation-shortening,,,
64,68,2,59.0,0.75,0.125,0.125,0.0,0.25,0.125,0.0,0.0,0,0,0,0.95,key-release-grid+pedal-acoustic-grid,scarlatti_k79,RH,normal,notation-shortening,,,
64,68,2,59.0,0.75,0.125,0.125,0.0,0.25,0.25,0.125,0.125,0,0,1,0.780337542,next-voice-onset,scarlatti_k79,RH,normal,notation-shortening,,,
69,76,1,59.125,0.78125,0.125,0.125,0.0,0.375,0.125,0.0,0.0,0,0,0,0.95,key-release-grid+pedal-acoustic-grid,scarlatti_k79,RH,normal,notation-shortening,,,
69,76,1,59.125,0.78125,0.125,0.125,0.0,0.375,0.375,0.25,0.25,0,0,1,0.629776017,next-voice-onset,scarlatti_k79,RH,normal,notation-shortening,,,
66,57,2,59.25,0.8125,0.125,0.125,0.0,0.25,0.125,0.0,0.0,0,0,0,0.95,key-release-grid+pedal-acoustic-grid,scarlatti_k79,RH,normal,notation-shortening,,,
66,57,2,59.25,0.8125,0.125,0.125,0.0,0.25,0.25,0.125,0.125,0,0,1,0.780337542,next-voice-onset,scarlatti_k79,RH,normal,notation-shortening,,,
67,62,1,59.5,0.875,0.125,0.125,0.0,0.375,0.125,0.0,0.0,0,0,0,0.95,key-release-grid+pedal-acoustic-grid,scarlatti_k79,RH,normal,notation-shortening,,,
67,62,1,59.5,0.875,0.125,0.125,0.0,0.375,0.375,0.25,0.25,0,0,1,0.629776017,next-voice-onset,scarlatti_k79,RH,normal,notation-shortening,,,
62,42,2,59.5,0.875,0.125,0.125,0.0,0.25,0.125,0.0,0.0,0,0,0,0.95,key-release-grid+pedal-acoustic-grid,scarlatti_k79,RH,normal,notation-shortening,,,
62,42,2,59.5,0.875,0.125,0.125,0.0,0.25,0.25,0.125,0.125,0,0,1,0.780337542,next-voice-onset,scarlatti_k79,RH,normal,notation-shortening,,,
71,72,4,59.5,0.875,0.333333333,0.333333333,0.0,0.375,0.333333333,0.0,0.0,0,0,0,0.949999999,key-release-grid+pedal-acoustic-grid,scarlatti_k79,RH,normal,notation-shortening,,,
71,72,4,59.5,0.875,0.333333333,0.333333333,0.0,0.375,0.375,0.041666667,0.041666667,0,0,1,0.901838446,key-release-grid+next-voice-onset+pedal-acoustic-grid,scarlatti_k79,RH,normal,notation-shortening,,,
71,72,4,59.5,0.875,0.333333333,0.333333333,0.0,0.375,0.25,0.083333333,0.083333333,0,0,0,0.818746562,key-release-grid+pedal-acoustic-grid,scarlatti_k79,RH,normal,notation-shortening,,,
64,50,2,59.75,0.9375,0.125,0.125,0.0,0.375,0.125,0.0,0.0,0,0,0,0.95,key-release-grid+pedal-acoustic-grid,scarlatti_k79,RH,normal,notation-shortening,,,
64,50,2,59.75,0.9375,0.125,0.125,0.0,0.375,0.25,0.125,0.125,0,1,0,0.800337542,barline,scarlatti_k79,RH,normal,notation-shortening,,,
64,50,2,59.75,0.9375,0.125,0.125,0.0,0.375,0.375,0.25,0.25,1,0,1,0.593100717,next-voice-onset,scarlatti_k79,RH,normal,notation-shortening,,,
66,64,1,59.875,0.96875,0.25,0.25,0.0,0.375,0.25,0.0,0.0,1,0,0,0.894676307,key-release-grid+pedal-acoustic-grid,scarlatti_k79,RH,normal,notation-shortening,,,
66,64,1,59.875,0.96875,0.25,0.25,0.0,0.375,0.125,0.125,0.125,0,1,0,0.800337542,barline,scarlatti_k79,RH,normal,notation-shortening,,,
66,64,1,59.875,0.96875,0.25,0.25,0.0,0.375,0.333333333,0.083333333,0.083333333,1,0,0,0.771066474,key-release-grid+pedal-acoustic-grid,scarlatti_k79,RH,normal,notation-shortening,,,
66,64,1,59.875,0.96875,0.25,0.25,0.0,0.375,0.375,0.125,0.125,1,0,1,0.734894222,next-voice-onset,scarlatti_k79,RH,normal,notation-shortening,,,
74,71,4,59.875,0.96875,0.125,0.125,0.0,0.375,0.125,0.0,0.0,0,1,0,0.99,barline+key-release-grid+pedal-acoustic-grid,scarlatti_k79,RH,normal,notation-shortening,,,
74,71,4,59.875,0.96875,0.125,0.125,0.0,0.375,0.375,0.25,0.25,1,0,1,0.593100717,next-voice-onset,scarlatti_k79,RH,normal,notation-shortening,,,
64,56,2,60.125,0.03125,0.125,0.125,0.0,0.375,0.125,0.0,0.0,0,0,0,0.95,key-release-grid+pedal-acoustic-grid,scarlatti_k79,RH,normal,notation-shortening,,,
64,56,2,60.125,0.03125,0.125,0.125,0.0,0.375,0.375,0.25,0.25,0,0,1,0.629776017,next-voice-onset,scarlatti_k79,RH,normal,notation-shortening,,,
66,58,1,60.25,0.0625,0.25,0.25,0.0,0.375,0.25,0.0,0.0,0,0,0,0.95,key-release-grid+pedal-acoustic-grid,scarlatti_k79,RH,normal,notation-shortening,,,
66,58,1,60.25,0.0625,0.25,0.25,0.0,0.375,0.333333333,0.083333333,0.083333333,0,0,0,0.818746562,key-release-grid+pedal-acoustic-grid,scarlatti_k79,RH,normal,notation-shortening,,,
66,58,1,60.25,0.0625,0.25,0.25,0.0,0.375,0.375,0.125,0.125,0,0,1,0.780337542,next-voice-onset,scarlatti_k79,RH,normal,notation-shortening,,,
74,79,4,60.25,0.0625,0.125,0.125,0.0,0.375,0.125,0.0,0.0,0,0,0,0.95,key-release-grid+pedal-acoustic-grid,scarlatti_k79,RH,normal,notation-shortening,,,
74,79,4,60.25,0.0625,0.125,0.125,0.0,0.375,0.375,0.25,0.25,0,0,1,0.629776017,next-voice-onset,scarlatti_k79,RH,normal,notation-shortening,,,
62,57,2,60.5,0.125,0.125,0.125,0.0,0.25,0.125,0.0,0.0,0,0,0,0.95,key-release-grid+pedal-acoustic-grid,scarlatti_k79,RH,normal,notation-shortening,,,
62,57,2,60.5,0.125,0.125,0.125,0.0,0.25,0.25,0.125,0.125,0,0,1,0.780337542,next-voice-onset,scarlatti_k79,RH,normal,notation-shortening,,,
67,61,1,60.625,0.15625,0.125,0.125,0.0,0.375,0.125,0.0,0.0,0,0,0,0.95,key-release-grid+pedal-acoustic-grid,scarlatti_k79,RH,normal,notation-shortening,,,
67,61,1,60.625,0.15625,0.125,0.125,0.0,0.375,0.375,0.25,0.25,0,0,1,0.629776017,next-voice-onset,scarlatti_k79,RH,normal,notation-shortening,,,
76,66,4,60.625,0.15625,0.375,0.375,0.0,0.375,0.375,0.0,0.0,0,0,1,0.97,key-release-grid+next-voice-onset+pedal-acoustic-grid,scarlatti_k79,RH,normal,notation-shortening,,,
76,66,4,60.625,0.15625,0.375,0.375,0.0,0.375,0.333333333,0.041666667,0.041666667,0,0,0,0.881838446,key-release-grid+pedal-acoustic-grid,scarlatti_k79,RH,normal,notation-shortening,,,
64,60,2,60.75,0.1875,0.125,0.125,0.0,0.5,0.125,0.0,0.0,0,0,0,0.95,key-release-grid+pedal-acoustic-grid,scarlatti_k79,RH,normal,notation-shortening,,,
64,60,2,60.75,0.1875,0.125,0.125,0.0,0.5,0.5,0.375,0.375,0,0,1,0.510063625,next-voice-onset,scarlatti_k79,RH,normal,notation-shortening,,,
66,69,1,61.0,0.25,0.125,0.125,0.0,0.333333333,0.125,0.0,0.0,0,0,0,0.95,key-release-grid+pedal-acoustic-grid,scarlatti_k79,RH,normal,notation-shortening,,,
66,69,1,61.0,0.25,0.125,0.125,0.0,0.333333333,0.333333333,0.208333333,0.208333333,0,0,1,0.676168637,next-voice-onset,scarlatti_k79,RH,normal,notation-shortening,,,
74,72,4,61.0,0.25,0.125,0.125,0.0,0.333333333,0.125,0.0,0.0,0,0,0,0.95,key-release-grid+pedal-acoustic-grid,scarlatti_k79,RH,normal,notation-shortening,,,
74,72,4,61.0,0.25,0.125,0.125,0.0,0.333333333,0.333333333,0.208333333,0.208333333,0,0,1,0.676168637,next-voice-onset,scarlatti_k79,RH,normal,notation-shortening,,,
64,65,2,61.25,0.3125,0.125,0.125,0.0,0.375,0.125,0.0,0.0,0,0,0,0.95,key-release-grid+pedal-acoustic-grid,scarlatti_k79,RH,normal,notation-shortening,,,
64,65,2,61.25,0.3125,0.125,0.125,0.0,0.375,0.375,0.25,0.25,0,0,1,0.629776017,next-voice-onset,scarlatti_k79,RH,normal,notation-shortening,,,
66,58,1,61.333333333,0.333333333,0.125,0.125,0.0,0.333333333,0.125,0.0,0.0,0,0,0,0.95,key-release-grid+pedal-acoustic-grid,scarlatti_k79,RH,normal,notation-shortening,,,
66,58,1,61.333333333,0.333333333,0.125,0.125,0.0,0.333333333,0.333333333,0.208333333,0.208333333,0,0,1,0.676168637,next-voice-onset,scarlatti_k79,RH,normal,notation-shortening,,,
74,75,4,61.333333333,0.333333333,0.125,0.125,0.0,0.333333333,0.125,0.0,0.0,0,0,0,0.95,key-release-grid+pedal-acoustic-grid,scarlatti_k79,RH,normal,notation-shortening,,,
74,75,4,61.333333333,0.333333333,0.125,0.125,0.0,0.333333333,0.333333333,0.208333333,0.208333333,0,0,1,0.676168637,next-voice-onset,scarlatti_k79,RH,normal,notation-shortening,,,
62,56,2,61.625,0.40625,0.125,0.125,0.0,0.25,0.125,0.0,0.0,0,0,0,0.95,key-release-grid+pedal-acoustic-grid,scarlatti_k79,RH,normal,notation-shortening,,,
62,56,2,61.625,0.40625,0.125,0.125,0.0,0.25,0.25,0.125,0.125,0,0,1,0.780337542,next-voice-onset,scarlatti_k79,RH,normal,notation-shortening,,,
67,72,1,61.666666667,0.416666667,0.125,0.125,0.0,0.333333333,0.125,0.0,0.0,0,0,0,0.95,key-release-grid+pedal-acoustic-grid,scarlatti_k79,RH,normal,notation-shortening,,,
67,72,1,61.666666667,0.416666667,0.125,0.125,0.0,0.333333333,0.333333333,0.208333333,0.208333333,0,0,1,0.676168637,next-voice-onset,scarlatti_k79,RH,normal,notation-shortening,,,
76,72,4,61.666666667,0.416666667,0.333333333,0.333333333,0.0,0.458333333,0.333333333,0.0,0.0,0,0,0,0.949999999,key-release-grid+pedal-acoustic-grid,scarlatti_k79,RH,normal,notation-shortening,,,
76,72,4,61.666666667,0.416666667,0.333333333,0.333333333,0.0,0.458333333,0.375,0.041666667,0.041666667,0,0,0,0.881838446,key-release-grid+pedal-acoustic-grid,scarlatti_k79,RH,normal,notation-shortening,,,
76,72,4,61.666666667,0.416666667,0.333333333,0.333333333,0.0,0.458333333,0.25,0.083333333,0.083333333,0,0,0,0.818746562,key-release-grid+pedal-acoustic-grid,scarlatti_k79,RH,normal,notation-shortening,,,
76,72,4,61.666666667,0.416666667,0.333333333,0.333333333,0.0,0.458333333,0.458333333,0.125,0.125,0,0,1,0.780337543,next-voice-onset,scarlatti_k79,RH,normal,notation-shortening,,,
64,67,2,61.875,0.46875,0.125,0.125,0.0,21.75,0.125,0.0,0.0,0,0,0,0.95,key-release-grid+pedal-acoustic-grid,scarlatti_k79,RH,normal,notation-shortening,,,
64,67,2,61.875,0.46875,0.125,0.125,0.0,21.75,2.125,2.0,2.0,0,1,0,0.075500436,barline,scarlatti_k79,RH,normal,notation-shortening,,,
64,67,2,61.875,0.46875,0.125,0.125,0.0,21.75,21.75,21.625,21.625,1,0,1,0.018835291,next-voice-onset,scarlatti_k79,RH,normal,notation-shortening,,,
66,79,1,62.0,0.5,0.125,0.125,0.0,0.375,0.125,0.0,0.0,0,0,0,0.95,key-release-grid+pedal-acoustic-grid,scarlatti_k79,RH,normal,notation-shortening,,,
66,79,1,62.0,0.5,0.125,0.125,0.0,0.375,0.375,0.25,0.25,0,0,1,0.629776017,next-voice-onset,scarlatti_k79,RH,normal,notation-shortening,,,
74,79,4,62.125,0.53125,0.125,0.125,0.0,0.125,0.125,0.0,0.0,0,0,1,0.97,key-release-grid+next-voice-onset+pedal-acoustic-grid,scarlatti_k79,RH,normal,notation-shortening,,,
76,80,4,62.25,0.5625,0.125,0.125,0.0,0.125,0.125,0.0,0.0,0,0,1,0.97,key-release-grid+next-voice-onset+pedal-acoustic-grid,scarlatti_k79,RH,normal,notation-shortening,,,
66,74,1,62.375,0.59375,0.125,0.125,0.0,0.375,0.125,0.0,0.0,0,0,0,0.95,key-release-grid+pedal-acoustic-grid,scarlatti_k79,RH,normal,notation-shortening,,,
66,74,1,62.375,0.59375,0.125,0.125,0.0,0.375,0.375,0.25,0.25,0,0,1,0.629776017,next-voice-onset,scarlatti_k79,RH,normal,notation-shortening,,,
78,79,4,62.375,0.59375,0.125,0.125,0.0,0.25,0.125,0.0,0.0,0,0,0,0.95,key-release-grid+pedal-acoustic-grid,scarlatti_k79,RH,normal,notation-shortening,,,
78,79,4,62.375,0.59375,0.125,0.125,0.0,0.25,0.25,0.125,0.125,0,0,1,0.780337542,next-voice-onset,scarlatti_k79,RH,normal,notation-shortening,,,
74,70,4,62.625,0.65625,0.125,0.125,0.0,0.125,0.125,0.0,0.0,0,0,1,0.97,key-release-grid+next-voice-onset+pedal-acoustic-grid,scarlatti_k79,RH,normal,notation-shortening,,,
64,67,1,62.75,0.6875,0.125,0.125,0.0,0.375,0.125,0.0,0.0,0,0,0,0.95,key-release-grid+pedal-acoustic-grid,scarlatti_k79,RH,normal,notation-shortening,,,
64,67,1,62.75,0.6875,0.125,0.125,0.0,0.375,0.375,0.25,0.25,0,0,1,0.629776017,next-voice-onset,scarlatti_k79,RH,normal,notation-shortening,,,
79,74,4,62.75,0.6875,0.125,0.125,0.0,0.25,0.125,0.0,0.0,0,0,0,0.95,key-release-grid+pedal-acoustic-grid,scarlatti_k79,RH,normal,notation-shortening,,,
79,74,4,62.75,0.6875,0.125,0.125,0.0,0.25,0.25,0.125,0.125,0,0,1,0.780337542,next-voice-onset,scarlatti_k79,RH,normal,notation-shortening,,,
76,68,4,63.0,0.75,0.125,0.125,0.0,0.125,0.125,0.0,0.0,0,0,1,0.97,key-release-grid+next-voice-onset+pedal-acoustic-grid,scarlatti_k79,RH,normal,notation-shortening,,,
62,70,1,63.125,0.78125,0.125,0.125,0.0,0.375,0.125,0.0,0.0,0,0,0,0.95,key-release-grid+pedal-acoustic-grid,scarlatti_k79,RH,normal,notation-shortening,,,
62,70,1,63.125,0.78125,0.125,0.125,0.0,0.375,0.375,0.25,0.25,0,0,1,0.629776017,next-voice-onset,scarlatti_k79,RH,normal,notation-shortening,,,
78,77,4,63.125,0.78125,0.125,0.125,0.0,0.208333333,0.125,0.0,0.0,0,0,0,0.95,key-release-grid+pedal-acoustic-grid,scarlatti_k79,RH,normal,notation-shortening,,,
78,77,4,63.125,0.78125,0.125,0.125,0.0,0.208333333,0.208333333,0.083333333,0.083333333,0,0,1,0.838746562,next-voice-onset,scarlatti_k79,RH,normal,notation-shortening,,,
76,68,4,63.333333333,0.833333333,0.125,0.125,0.0,0.166666667,0.125,0.0,0.0,0,0,0,0.95,key-release-grid+pedal-acoustic-grid,scarlatti_k79,RH,normal,notation-shortening,,,
76,68,4,63.333333333,0.833333333,0.125,0.125,0.0,0.166666667,0.166666667,0.041666667,0.041666667,0,0,1,0.901838446,next-voice-onset,scarlatti_k79,RH,normal,notation-shortening,,,
62,62,1,63.5,0.875,0.125,0.125,0.0,0.375,0.125,0.0,0.0,0,0,0,0.95,key-release-grid+pedal-acoustic-grid,scarlatti_k79,RH,normal,notation-shortening,,,
62,62,1,63.5,0.875,0.125,0.125,0.0,0.375,0.375,0.25,0.25,0,0,1,0.629776017,next-voice-onset,scarlatti_k79,RH,normal,notation-shortening,,,
78,78,4,63.5,0.875,0.125,0.125,0.0,0.166666667,0.125,0.0,0.0,0,0,0,0.95,key-release-grid+pedal-acoustic-grid,scarlatti_k79,RH,normal,notation-shortening,,,
78,78,4,63.5,0.875,0.125,0.125,0.0,0.166666667,0.166666667,0.041666667,0.041666667,0,0,1,0.901838446,next-voice-onset,scarlatti_k79,RH,normal,notation-shortening,,,
74,76,4,63.666666667,0.916666667,0.125,0.125,0.0,0.208333333,0.125,0.0,0.0,0,0,0,0.95,key-release-grid+pedal-acoustic-grid,scarlatti_k79,RH,normal,notation-shortening,,,
74,76,4,63.666666667,0.916666667,0.125,0.125,0.0,0.208333333,0.208333333,0.083333333,0.083333333,0,0,1,0.838746562,next-voice-onset,scarlatti_k79,RH,normal,notation-shortening,,,
64,71,1,63.875,0.96875,0.125,0.125,0.0,0.375,0.125,0.0,0.0,0,1,0,0.99,barline+key-release-grid+pedal-acoustic-grid,scarlatti_k79,RH,normal,notation-shortening,,,
64,71,1,63.875,0.96875,0.125,0.125,0.0,0.375,0.375,0.25,0.25,1,0,1,0.593100717,next-voice-onset,scarlatti_k79,RH,normal,notation-shortening,,,
79,76,4,63.875,0.96875,0.125,0.125,0.0,0.125,0.125,0.0,0.0,0,1,1,0.999,barline+key-release-grid+next-voice-onset+pedal-acoustic-grid,scarlatti_k79,RH,normal,notation-shortening,,,
76,76,4,64.0,0.0,0.125,0.125,0.0,0.25,0.125,0.0,0.0,0,0,0,0.95,key-release-grid+pedal-acoustic-grid,scarlatti_k79,RH,normal,notation-shortening,,,
76,76,4,64.0,0.0,0.125,0.125,0.0,0.25,0.25,0.125,0.125,0,0,1,0.780337542,next-voice-onset,scarlatti_k79,RH,normal,notation-shortening,,,
62,76,1,64.25,0.0625,0.125,0.125,0.0,0.25,0.125,0.0,0.0,0,0,0,0.95,key-release-grid+pedal-acoustic-grid,scarlatti_k79,RH,normal,notation-shortening,,,
62,76,1,64.25,0.0625,0.125,0.125,0.0,0.25,0.25,0.125,0.125,0,0,1,0.780337542,next-voice-onset,scarlatti_k79,RH,normal,notation-shortening,,,
78,89,4,64.25,0.0625,0.125,0.125,0.0,0.125,0.125,0.0,0.0,0,0,1,0.97,key-release-grid+next-voice-onset+pedal-acoustic-grid,scarlatti_k79,RH,normal,notation-shortening,,,
76,81,4,64.375,0.09375,0.125,0.125,0.0,0.125,0.125,0.0,0.0,0,0,1,0.97,key-release-grid+next-voice-onset+pedal-acoustic-grid,scarlatti_k79,RH,normal,notation-shortening,,,
64,72,1,64.5,0.125,0.125,0.125,0.0,0.375,0.125,0.0,0.0,0,0,0,0.95,key-release-grid+pedal-acoustic-grid,scarlatti_k79,RH,normal,notation-shortening,,,
64,72,1,64.5,0.125,0.125,0.125,0.0,0.375,0.375,0.25,0.25,0,0,1,0.629776017,next-voice-onset,scarlatti_k79,RH,normal,notation-shortening,,,
74,80,4,64.5,0.125,0.125,0.125,0.0,0.25,0.125,0.0,0.0,0,0,0,0.95,key-release-grid+pedal-acoustic-grid,scarlatti_k79,RH,normal,notation-shortening,,,
74,80,4,64.5,0.125,0.125,0.125,0.0,0.25,0.25,0.125,0.125,0,0,1,0.780337542,next-voice-onset,scarlatti_k79,RH,normal,notation-shortening,,,
72,83,4,64.75,0.1875,0.125,0.125,0.0,0.125,0.125,0.0,0.0,0,0,1,0.97,key-release-grid+next-voice-onset+pedal-acoustic-grid,scarlatti_k79,RH,normal,notation-shortening,,,
66,69,1,64.875,0.21875,0.125,0.125,0.0,0.75,0.125,0.0,0.0,0,0,0,0.95,key-release-grid+pedal-acoustic-grid,scarlatti_k79,RH,normal,notation-shortening,,,
66,69,1,64.875,0.21875,0.125,0.125,0.0,0.75,0.75,0.625,0.625,0,0,1,0.338644996,next-voice-onset,scarlatti_k79,RH,normal,notation-shortening,,,
71,90,4,64.875,0.21875,0.125,0.125,0.0,0.125,0.125,0.0,0.0,0,0,1,0.97,key-release-grid+next-voice-onset+pedal-acoustic-grid,scarlatti_k79,RH,normal,notation-shortening,,,
69,93,4,65.0,0.25,0.125,0.125,0.0,0.25,0.125,0.0,0.0,0,0,0,0.95,key-release-grid+pedal-acoustic-grid,scarlatti_k79,RH,normal,notation-shortening,,,
69,93,4,65.0,0.25,0.125,0.125,0.0,0.25,0.25,0.125,0.125,0,0,1,0.780337542,next-voice-onset,scarlatti_k79,RH,normal,notation-shortening,,,
71,93,4,65.25,0.3125,0.125,0.125,0.0,0.75,0.125,0.0,0.0,0,0,0,0.95,key-release-grid+pedal-acoustic-grid,scarlatti_k79,RH,normal,notation-shortening,,,
71,93,4,65.25,0.3125,0.125,0.125,0.0,0.75,0.75,0.625,0.625,0,0,1,0.338644996,next-voice-onset,scarlatti_k79,RH,normal,notation-shortening,,,
67,81,1,65.625,0.40625,0.125,0.125,0.0,0.708333333,0.125,0.0,0.0,0,0,0,0.95,key-release-grid+pedal-acoustic-grid,scarlatti_k79,RH,normal,notation-shortening,,,
67,81,1,65.625,0.40625,0.125,0.125,0.0,0.708333333,0.708333333,0.583333333,0.583333333,0,0,1,0.362128583,next-voice-onset,scarlatti_k79,RH,normal,notation-shortening,,,
72,88,4,66.0,0.5,0.375,0.375,0.0,1.125,0.375,0.0,0.0,0,0,0,0.95,key-release-grid+pedal-acoustic-grid,scarlatti_k79,RH,normal,notation-shortening,,,
72,88,4,66.0,0.5,0.375,0.375,0.0,1.125,0.333333333,0.041666667,0.041666667,0,0,0,0.881838446,key-release-grid+pedal-acoustic-grid,scarlatti_k79,RH,normal,notation-shortening,,,
72,88,4,66.0,0.5,0.375,0.375,0.0,1.125,0.5,0.125,0.125,0,0,0,0.760337542,key-release-grid+pedal-acoustic-grid,scarlatti_k79,RH,normal,notation-shortening,,,
72,88,4,66.0,0.5,0.375,0.375,0.0,1.125,1.125,0.75,0.75,0,0,1,0.277833527,next-voice-onset,scarlatti_k79,RH,normal,notation-shortening,,,
71,87,1,66.333333333,0.583333333,0.125,0.125,0.0,0.416666667,0.125,0.0,0.0,0,0,0,0.95,key-release-grid+pedal-acoustic-grid,scarlatti_k79,RH,normal,notation-shortening,,,
71,87,1,66.333333333,0.583333333,0.125,0.125,0.0,0.416666667,0.416666667,0.291666667,0.291666667,0,0,1,0.586796624,next-voice-onset,scarlatti_k79,RH,normal,notation-shortening,,,
67,73,1,66.75,0.6875,0.125,0.125,0.0,0.75,0.125,0.0,0.0,0,0,0,0.95,key-release-grid+pedal-acoustic-grid,scarlatti_k79,RH,normal,notation-shortening,,,
67,73,1,66.75,0.6875,0.125,0.125,0.0,0.75,0.75,0.625,0.625,0,0,1,0.338644996,next-voice-onset,scarlatti_k79,RH,normal,notation-shortening,,,
72,70,4,67.125,0.78125,0.5,0.5,0.0,1.0,0.5,0.0,0.0,0,0,0,0.95,key-release-grid+pedal-acoustic-grid,scarlatti_k79,RH,normal,notation-shortening,,,
72,70,4,67.125,0.78125,0.5,0.5,0.0,1.0,0.666666667,0.166666667,0.166666667,0,0,0,0.706254605,key-release-grid+pedal-acoustic-grid,scarlatti_k79,RH,normal,notation-shortening,,,
72,70,4,67.125,0.78125,0.5,0.5,0.0,1.0,0.875,0.375,0.375,0,1,0,0.530063625,barline,scarlatti_k79,RH,normal,notation-shortening,,,
72,70,4,67.125,0.78125,0.5,0.5,0.0,1.0,1.0,0.5,0.5,1,0,1,0.390567192,next-voice-onset,scarlatti_k79,RH,normal,notation-shortening,,,
62,79,1,67.5,0.875,0.125,0.125,0.0,0.25,0.125,0.0,0.0,0,0,0,0.95,key-release-grid+pedal-acoustic-grid,scarlatti_k79,RH,normal,notation-shortening,,,
62,79,1,67.5,0.875,0.125,0.125,0.0,0.25,0.25,0.125,0.125,0,0,1,0.780337542,next-voice-onset,scarlatti_k79,RH,normal,notation-shortening,,,
62,81,1,67.75,0.9375,0.125,0.125,0.0,0.375,0.125,0.0,0.0,0,0,0,0.95,key-release-grid+pedal-acoustic-grid,scarlatti_k79,RH,normal,notation-shortening,,,
62,81,1,67.75,0.9375,0.125,0.125,0.0,0.375,0.25,0.125,0.125,0,1,0,0.800337542,barline,scarlatti_k79,RH,normal,notation-shortening,,,
62,81,1,67.75,0.9375,0.125,0.125,0.0,0.375,0.375,0.25,0.25,1,0,1,0.593100717,next-voice-onset,scarlatti_k79,RH,normal,notation-shortening,,,
60,71,1,68.125,0.03125,0.125,0.125,0.0,1.125,0.125,0.0,0.0,0,0,0,0.95,key-release-grid+pedal-acoustic-grid,scarlatti_k79,RH,normal,notation-shortening,,,
60,71,1,68.125,0.03125,0.125,0.125,0.0,1.125,1.125,1.0,1.0,0,0,1,0.190033251,next-voice-onset,scarlatti_k79,RH,normal,notation-shortening,,,
64,85,4,68.125,0.03125,0.375,0.375,0.0,0.375,0.375,0.0,0.0,0,0,1,0.97,key-release-grid+next-voice-onset+pedal-acoustic-grid,scarlatti_k79,RH,normal,notation-shortening,,,
64,85,4,68.125,0.03125,0.375,0.375,0.0,0.375,0.333333333,0.041666667,0.041666667,0,0,0,0.881838446,key-release-grid+pedal-acoustic-grid,scarlatti_k79,RH,normal,notation-shortening,,,
62,72,4,68.5,0.125,0.125,0.125,0.0,0.375,0.125,0.0,0.0,0,0,0,0.95,key-release-grid+pedal-acoustic-grid,scarlatti_k79,RH,normal,notation-shortening,,,
62,72,4,68.5,0.125,0.125,0.125,0.0,0.375,0.375,0.25,0.25,0,0,1,0.629776017,next-voice-onset,scarlatti_k79,RH,normal,notation-shortening,,,
62,81,4,68.875,0.21875,0.125,0.125,0.0,0.375,0.125,0.0,0.0,0,0,0,0.95,key-release-grid+pedal-acoustic-grid,scarlatti_k79,RH,normal,notation-shortening,,,
62,81,4,68.875,0.21875,0.125,0.125,0.0,0.375,0.375,0.25,0.25,0,0,1,0.629776017,next-voice-onset,scarlatti_k79,RH,normal,notation-shortening,,,
64,66,1,69.25,0.3125,0.375,0.375,0.0,0.375,0.375,0.0,0.0,0,0,1,0.97,key-release-grid+next-voice-onset+pedal-acoustic-grid,scarlatti_k79,RH,normal,notation-shortening,,,
64,66,1,69.25,0.3125,0.375,0.375,0.0,0.375,0.333333333,0.041666667,0.041666667,0,0,0,0.881838446,key-release-grid+pedal-acoustic-grid,scarlatti_k79,RH,normal,notation-shortening,,,
60,60,4,69.25,0.3125,0.125,0.125,0.0,1.083333333,0.125,0.0,0.0,0,0,0,0.95,key-release-grid+pedal-acoustic-grid,scarlatti_k79,RH,normal,notation-shortening,,,
60,60,4,69.25,0.3125,0.125,0.125,0.0,1.083333333,1.083333333,0.958333333,0.958333333,0,0,1,0.20212672,next-voice-onset,scarlatti_k79,RH,normal,notation-shortening,,,
67,75,1,69.625,0.40625,0.125,0.125,0.0,0.25,0.125,0.0,0.0,0,0,0,0.95,key-release-grid+pedal-acoustic-grid,scarlatti_k79,RH,normal,notation-shortening,,,
67,75,1,69.625,0.40625,0.125,0.125,0.0,0.25,0.25,0.125,0.125,0,0,1,0.780337542,next-voice-onset,scarlatti_k79,RH,normal,notation-shortening,,,
67,76,1,69.875,0.46875,0.125,0.125,0.0,0.458333333,0.125,0.0,0.0,0,0,0,0.95,key-release-grid+pedal-acoustic-grid,scarlatti_k79,RH,normal,notation-shortening,,,
67,76,1,69.875,0.46875,0.125,0.125,0.0,0.458333333,0.458333333,0.333333333,0.333333333,0,0,1,0.546971995,next-voice-onset,scarlatti_k79,RH,normal,notation-shortening,,,
69,64,1,70.333333333,0.583333333,0.125,0.125,0.0,0.291666667,0.125,0.0,0.0,0,0,0,0.95,key-release-grid+pedal-acoustic-grid,scarlatti_k79,RH,normal,notation-shortening,,,
69,64,1,70.333333333,0.583333333,0.125,0.125,0.0,0.291666667,0.291666667,0.166666667,0.166666667,0,0,1,0.726254605,next-voice-onset,scarlatti_k79,RH,normal,notation-shortening,,,
60,55,4,70.333333333,0.583333333,0.125,0.125,0.0,1.0,0.125,0.0,0.0,0,0,0,0.95,key-release-grid+pedal-acoustic-grid,scarlatti_k79,RH,normal,notation-shortening,,,
60,55,4,70.333333333,0.583333333,0.125,0.125,0.0,1.0,1.0,0.875,0.875,0,0,1,0.229126198,next-voice-onset,scarlatti_k79,RH,normal,notation-shortening,,,
67,73,1,70.625,0.65625,0.125,0.125,0.0,0.375,0.125,0.0,0.0,0,0,0,0.95,key-release-grid+pedal-acoustic-grid,scarlatti_k79,RH,normal,notation-shortening,,,
67,73,1,70.625,0.65625,0.125,0.125,0.0,0.375,0.375,0.25,0.25,0,0,1,0.629776017,next-voice-onset,scarlatti_k79,RH,normal,notation-shortening,,,
67,78,1,71.0,0.75,0.125,0.125,0.0,0.333333333,0.125,0.0,0.0,0,0,0,0.95,key-release-grid+pedal-acoustic-grid,scarlatti_k79,RH,normal,notation-shortening,,,
67,78,1,71.0,0.75,0.125,0.125,0.0,0.333333333,0.333333333,0.208333333,0.208333333,0,0,1,0.676168637,next-voice-onset,scarlatti_k79,RH,normal,notation-shortening,,,
69,79,1,71.333333333,0.833333333,0.125,0.125,0.0,0.333333333,0.125,0.0,0.0,0,0,0,0.95,key-release-grid+pedal-acoustic-grid,scarlatti_k79,RH,normal,notation-shortening,,,
69,79,1,71.333333333,0.833333333,0.125,0.125,0.0,0.333333333,0.333333333,0.208333333,0.208333333,0,0,1,0.676168637,next-voice-onset,scarlatti_k79,RH,normal,notation-shortening,,,
60,69,4,71.333333333,0.833333333,0.125,0.125,0.0,1.416666667,0.125,0.0,0.0,0,0,0,0.95,key-release-grid+pedal-acoustic-grid,scarlatti_k79,RH,normal,notation-shortening,,,
60,69,4,71.333333333,0.833333333,0.125,0.125,0.0,1.416666667,0.666666667,0.541666667,0.541666667,0,1,0,0.407437242,barline,scarlatti_k79,RH,normal,notation-shortening,,,
60,69,4,71.333333333,0.833333333,0.125,0.125,0.0,1.416666667,1.416666667,1.291666667,1.291666667,1,0,1,0.11859385,next-voice-onset,scarlatti_k79,RH,normal,notation-shortening,,,
67,72,1,71.666666667,0.916666667,0.125,0.125,0.0,0.208333333,0.125,0.0,0.0,0,0,0,0.95,key-release-grid+pedal-acoustic-grid,scarlatti_k79,RH,normal,notation-shortening,,,
67,72,1,71.666666667,0.916666667,0.125,0.125,0.0,0.208333333,0.208333333,0.083333333,0.083333333,0,0,1,0.838746562,next-voice-onset,scarlatti_k79,RH,normal,notation-shortening,,,
69,83,1,71.875,0.96875,0.125,0.125,0.0,0.125,0.125,0.0,0.0,0,1,1,0.999,barline+key-release-grid+next-voice-onset+pedal-acoustic-grid,scarlatti_k79,RH,normal,notation-shortening,,,
71,82,1,72.0,0.0,0.125,0.125,0.0,0.25,0.125,0.0,0.0,0,0,0,0.95,key-release-grid+pedal-acoustic-grid,scarlatti_k79,RH,normal,notation-shortening,,,
71,82,1,72.0,0.0,0.125,0.125,0.0,0.25,0.25,0.125,0.125,0,0,1,0.780337542,next-voice-onset,scarlatti_k79,RH,normal,notation-shortening,,,
72,82,1,72.25,0.0625,0.125,0.125,0.0,0.125,0.125,0.0,0.0,0,0,1,0.97,key-release-grid+next-voice-onset+pedal-acoustic-grid,scarlatti_k79,RH,normal,notation-shortening,,,
74,77,1,72.375,0.09375,0.125,0.125,0.0,0.25,0.125,0.0,0.0,0,0,0,0.95,key-release-grid+pedal-acoustic-grid,scarlatti_k79,RH,normal,notation-shortening,,,
74,77,1,72.375,0.09375,0.125,0.125,0.0,0.25,0.25,0.125,0.125,0,0,1,0.780337542,next-voice-onset,scarlatti_k79,RH,normal,notation-shortening,,,
71,87,1,72.625,0.15625,0.125,0.125,0.0,0.125,0.125,0.0,0.0,0,0,1,0.97,key-release-grid+next-voice-onset+pedal-acoustic-grid,scarlatti_k79,RH,normal,notation-shortening,,,
76,92,1,72.75,0.1875,0.25,0.25,0.0,0.25,0.25,0.0,0.0,0,0,1,0.97,key-release-grid+next-voice-onset+pedal-acoustic-grid,scarlatti_k79,RH,normal,notation-shortening,,,
60,76,4,72.75,0.1875,0.125,0.125,0.0,0.75,0.125,0.0,0.0,0,0,0,0.95,key-release-grid+pedal-acoustic-grid,scarlatti_k79,RH,normal,notation-shortening,,,
60,76,4,72.75,0.1875,0.125,0.125,0.0,0.75,0.75,0.625,0.625,0,0,1,0.338644996,next-voice-onset,scarlatti_k79,RH,normal,notation-shortening,,,
74,88,1,73.0,0.25,0.125,0.125,0.0,0.125,0.125,0.0,0.0,0,0,1,0.97,key-release-grid+next-voice-onset+pedal-acoustic-grid,scarlatti_k79,RH,normal,notation-shortening,,,
72,86,1,73.125,0.28125,0.125,0.125,0.0,0.125,0.125,0.0,0.0,0,0,1,0.97,key-release-grid+next-voice-onset+pedal-acoustic-grid,scarlatti_k79,RH,normal,notation-shortening,,,
71,89,1,73.25,0.3125,0.125,0.125,0.0,0.25,0.125,0.0,0.0,0,0,0,0.95,key-release-grid+pedal-acoustic-grid,scarlatti_k79,RH,normal,notation-shortening,,,
71,89,1,73.25,0.3125,0.125,0.125,0.0,0.25,0.25,0.125,0.125,0,0,1,0.780337542,next-voice-onset,scarlatti_k79,RH,normal,notation-shortening,,,
69,87,1,73.5,0.375,0.125,0.125,0.0,0.125,0.125,0.0,0.0,0,0,1,0.97,key-release-grid+next-voice-onset+pedal-acoustic-grid,scarlatti_k79,RH,normal,notation-shortening,,,
60,67,4,73.5,0.375,0.125,0.125,0.0,0.25,0.125,0.0,0.0,0,0,0,0.95,key-release-grid+pedal-acoustic-grid,scarlatti_k79,RH,normal,notation-shortening,,,
60,67,4,73.5,0.375,0.125,0.125,0.0,0.25,0.25,0.125,0.125,0,0,1,0.780337542,next-voice-onset,scarlatti_k79,RH,normal,notation-shortening,,,
67,89,1,73.625,0.40625,0.125,0.125,0.0,0.125,0.125,0.0,0.0,0,0,1,0.97,key-release-grid+next-voice-onset+pedal-acoustic-grid,scarlatti_k79,RH,normal,notation-shortening,,,
66,90,1,73.75,0.4375,0.125,0.125,0.0,0.75,0.125,0.0,0.0,0,0,0,0.95,key-release-grid+pedal-acoustic-grid,scarlatti_k79,RH,normal,notation-shortening,,,
66,90,1,73.75,0.4375,0.125,0.125,0.0,0.75,0.75,0.625,0.625,0,0,1,0.338644996,next-voice-onset,scarlatti_k79,RH,normal,notation-shortening,,,
62,88,4,73.75,0.4375,0.125,0.125,0.0,0.5,0.125,0.0,0.0,0,0,0,0.95,key-release-grid+pedal-acoustic-grid,scarlatti_k79,RH,normal,notation-shortening,,,
62,88,4,73.75,0.4375,0.125,0.125,0.0,0.5,0.5,0.375,0.375,0,0,1,0.510063625,next-voice-onset,scarlatti_k79,RH,normal,notation-shortening,,,
62,82,4,74.25,0.5625,0.125,0.125,0.0,0.625,0.125,0.0,0.0,0,0,0,0.95,key-release-grid+pedal-acoustic-grid,scarlatti_k79,RH,normal,notation-shortening,,,
62,82,4,74.25,0.5625,0.125,0.125,0.0,0.625,0.625,0.5,0.5,0,0,1,0.414718518,next-voice-onset,scarlatti_k79,RH,normal,notation-shortening,,,
70,99,1,74.5,0.625,0.75,0.75,0.0,0.75,0.75,0.0,0.0,0,0,1,0.97,key-release-grid+next-voice-onset+pedal-acoustic-grid,scarlatti_k79,RH,normal,notation-shortening,,,
70,99,1,74.5,0.625,0.75,0.75,0.0,0.75,0.666666667,0.083333333,0.083333333,0,0,0,0.818746562,key-release-grid+pedal-acoustic-grid,scarlatti_k79,RH,normal,notation-shortening,,,
65,71,4,74.875,0.71875,0.125,0.125,0.0,0.375,0.125,0.0,0.0,0,0,0,0.95,key-release-grid+pedal-acoustic-grid,scarlatti_k79,RH,normal,notation-shortening,,,
65,71,4,74.875,0.71875,0.125,0.125,0.0,0.375,0.375,0.25,0.25,0,0,1,0.629776017,next-voice-onset,scarlatti_k79,RH,normal,notation-shortening,,,
69,72,1,75.25,0.8125,0.125,0.125,0.0,0.375,0.125,0.0,0.0,0,0,0,0.95,key-release-grid+pedal-acoustic-grid,scarlatti_k79,RH,normal,notation-shortening,,,
69,72,1,75.25,0.8125,0.125,0.125,0.0,0.375,0.375,0.25,0.25,0,0,1,0.629776017,next-voice-onset,scarlatti_k79,RH,normal,notation-shortening,,,
64,65,4,75.25,0.8125,0.125,0.125,0.0,0.5,0.125,0.0,0.0,0,0,0,0.95,key-release-grid+pedal-acoustic-grid,scarlatti_k79,RH,normal,notation-shortening,,,
64,65,4,75.25,0.8125,0.125,0.125,0.0,0.5,0.5,0.375,0.375,0,0,1,0.510063625,next-voice-onset,scarlatti_k79,RH,normal,notation-shortening,,,
68,63,1,75.625,0.90625,0.125,0.125,0.0,0.375,0.125,0.0,0.0,0,0,0,0.95,key-release-grid+pedal-acoustic-grid,scarlatti_k79,RH,normal,notation-shortening,,,
68,63,1,75.625,0.90625,0.125,0.125,0.0,0.375,0.375,0.25,0.25,0,1,1,0.669776017,barline+next-voice-onset,scarlatti_k79,RH,normal,notation-shortening,,,
62,50,4,75.75,0.9375,0.125,0.125,0.0,0.25,0.125,0.0,0.0,0,0,0,0.95,key-release-grid+pedal-acoustic-grid,scarlatti_k79,RH,normal,notation-shortening,,,
62,50,4,75.75,0.9375,0.125,0.125,0.0,0.25,0.25,0.125,0.125,0,1,1,0.820337542,barline+next-voice-onset,scarlatti_k79,RH,normal,notation-shortening,,,
69,74,1,76.0,0.0,0.125,0.125,0.0,0.375,0.125,0.0,0.0,0,0,0,0.95,key-release-grid+pedal-acoustic-grid,scarlatti_k79,RH,normal,notation-shortening,,,
69,74,1,76.0,0.0,0.125,0.125,0.0,0.375,0.375,0.25,0.25,0,0,1,0.629776017,next-voice-onset,scarlatti_k79,RH,normal,notation-shortening,,,
60,56,4,76.0,0.0,0.125,0.125,0.0,1.125,0.125,0.0,0.0,0,0,0,0.95,key-release-grid+pedal-acoustic-grid,scarlatti_k79,RH,normal,notation-shortening,,,
60,56,4,76.0,0.0,0.125,0.125,0.0,1.125,1.125,1.0,1.0,0,0,1,0.190033251,next-voice-onset,scarlatti_k79,RH,normal,notation-shortening,,,
71,80,1,76.375,0.09375,0.125,0.125,0.0,0.375,0.125,0.0,0.0,0,0,0,0.95,key-release-grid+pedal-acoustic-grid,scarlatti_k79,RH,normal,notation-shortening,,,
71,80,1,76.375,0.09375,0.125,0.125,0.0,0.375,0.375,0.25,0.25,0,0,1,0.629776017,next-voice-onset,scarlatti_k79,RH,normal,notation-shortening,,,
72,98,1,76.75,0.1875,0.75,0.75,0.0,0.75,0.75,0.0,0.0,0,0,1,0.97,key-release-grid+next-voice-onset+pedal-acoustic-grid,scarlatti_k79,RH,high,independent-voice,,,
72,98,1,76.75,0.1875,0.75,0.75,0.0,0.75,0.666666667,0.083333333,0.083333333,0,0,0,0.818746562,key-release-grid+pedal-acoustic-grid,scarlatti_k79,RH,high,independent-voice,,,
67,71,4,77.125,0.28125,0.25,0.25,0.0,0.375,0.25,0.0,0.0,0,0,0,0.95,key-release-grid+pedal-acoustic-grid,scarlatti_k79,RH,normal,notation-shortening,,,
67,71,4,77.125,0.28125,0.25,0.25,0.0,0.375,0.333333333,0.083333333,0.083333333,0,0,0,0.818746562,key-release-grid+pedal-acoustic-grid,scarlatti_k79,RH,normal,notation-shortening,,,
67,71,4,77.125,0.28125,0.25,0.25,0.0,0.375,0.375,0.125,0.125,0,0,1,0.780337542,next-voice-onset,scarlatti_k79,RH,normal,notation-shortening,,,
71,73,1,77.5,0.375,0.125,0.125,0.0,0.25,0.125,0.0,0.0,0,0,0,0.95,key-release-grid+pedal-acoustic-grid,scarlatti_k79,RH,normal,notation-shortening,,,
71,73,1,77.5,0.375,0.125,0.125,0.0,0.25,0.25,0.125,0.125,0,0,1,0.780337542,next-voice-onset,scarlatti_k79,RH,normal,notation-shortening,,,
66,60,4,77.5,0.375,0.125,0.125,0.0,0.25,0.125,0.0,0.0,0,0,0,0.95,key-release-grid+pedal-acoustic-grid,scarlatti_k79,RH,normal,notation-shortening,,,
66,60,4,77.5,0.375,0.125,0.125,0.0,0.25,0.25,0.125,0.125,0,0,1,0.780337542,next-voice-onset,scarlatti_k79,RH,normal,notation-shortening,,,
70,78,1,77.75,0.4375,0.125,0.125,0.0,0.375,0.125,0.0,0.0,0,0,0,0.95,key-release-grid+pedal-acoustic-grid,scarlatti_k79,RH,normal,notation-shortening,,,
70,78,1,77.75,0.4375,0.125,0.125,0.0,0.375,0.375,0.25,0.25,0,0,1,0.629776017,next-voice-onset,scarlatti_k79,RH,normal,notation-shortening,,,
64,69,4,77.75,0.4375,0.125,0.125,0.0,0.5,0.125,0.0,0.0,0,0,0,0.95,key-release-grid+pedal-acoustic-grid,scarlatti_k79,RH,normal,notation-shortening,,,
64,69,4,77.75,0.4375,0.125,0.125,0.0,0.5,0.5,0.375,0.375,0,0,1,0.510063625,next-voice-onset,scarlatti_k79,RH,normal,notation-shortening,,,
71,75,1,78.125,0.53125,0.125,0.125,0.0,0.375,0.125,0.0,0.0,0,0,0,0.95,key-release-grid+pedal-acoustic-grid,scarlatti_k79,RH,normal,notation-shortening,,,
71,75,1,78.125,0.53125,0.125,0.125,0.0,0.375,0.375,0.25,0.25,0,0,1,0.629776017,next-voice-onset,scarlatti_k79,RH,normal,notation-shortening,,,
62,54,4,78.25,0.5625,0.125,0.125,0.0,1.375,0.125,0.0,0.0,0,0,0,0.95,key-release-grid+pedal-acoustic-grid,scarlatti_k79,RH,normal,notation-shortening,,,
62,54,4,78.25,0.5625,0.125,0.125,0.0,1.375,1.375,1.25,1.25,0,0,1,0.133242039,next-voice-onset,scarlatti_k79,RH,normal,notation-shortening,,,
73,80,1,78.5,0.625,0.125,0.125,0.0,0.375,0.125,0.0,0.0,0,0,0,0.95,key-release-grid+pedal-acoustic-grid,scarlatti_k79,RH,normal,notation-shortening,,,
73,80,1,78.5,0.625,0.125,0.125,0.0,0.375,0.375,0.25,0.25,0,0,1,0.629776017,next-voice-onset,scarlatti_k79,RH,normal,notation-shortening,,,
74,90,1,78.875,0.71875,0.125,0.125,0.0,0.375,0.125,0.0,0.0,0,0,0,0.95,key-release-grid+pedal-acoustic-grid,scarlatti_k79,RH,normal,notation-shortening,,,
74,90,1,78.875,0.71875,0.125,0.125,0.0,0.375,0.375,0.25,0.25,0,0,1,0.629776017,next-voice-onset,scarlatti_k79,RH,normal,notation-shortening,,,
70,70,1,79.25,0.8125,0.125,0.125,0.0,0.375,0.125,0.0,0.0,0,0,0,0.95,key-release-grid+pedal-acoustic-grid,scarlatti_k79,RH,normal,notation-shortening,,,
70,70,1,79.25,0.8125,0.125,0.125,0.0,0.375,0.375,0.25,0.25,0,0,1,0.629776017,next-voice-onset,scarlatti_k79,RH,normal,notation-shortening,,,
69,64,1,79.625,0.90625,0.125,0.125,0.0,0.375,0.125,0.0,0.0,0,0,0,0.95,key-release-grid+pedal-acoustic-grid,scarlatti_k79,RH,normal,notation-shortening,,,
69,64,1,79.625,0.90625,0.125,0.125,0.0,0.375,0.375,0.25,0.25,0,1,1,0.669776017,barline+next-voice-onset,scarlatti_k79,RH,normal,notation-shortening,,,
73,89,4,79.625,0.90625,0.875,0.875,0.0,1.041666667,0.875,0.0,0.0,1,0,0,0.894676307,key-release-grid+pedal-acoustic-grid,scarlatti_k79,RH,normal,notation-shortening,,,
73,89,4,79.625,0.90625,0.875,0.875,0.0,1.041666667,1.0,0.125,0.125,1,0,0,0.716058931,key-release-grid+pedal-acoustic-grid,scarlatti_k79,RH,normal,notation-shortening,,,
73,89,4,79.625,0.90625,0.875,0.875,0.0,1.041666667,1.041666667,0.166666667,0.166666667,1,0,1,0.68396083,next-voice-onset,scarlatti_k79,RH,normal,notation-shortening,,,
73,89,4,79.625,0.90625,0.875,0.875,0.0,1.041666667,0.375,0.5,0.5,0,1,0,0.434718518,barline,scarlatti_k79,RH,normal,notation-shortening,,,
67,62,1,80.0,0.0,0.125,0.125,0.0,0.333333333,0.125,0.0,0.0,0,0,0,0.95,key-release-grid+pedal-acoustic-grid,scarlatti_k79,RH,normal,notation-shortening,,,
67,62,1,80.0,0.0,0.125,0.125,0.0,0.333333333,0.333333333,0.208333333,0.208333333,0,0,1,0.676168637,next-voice-onset,scarlatti_k79,RH,normal,notation-shortening,,,
65,69,1,80.333333333,0.083333333,0.125,0.125,0.0,1.041666667,0.125,0.0,0.0,0,0,0,0.95,key-release-grid+pedal-acoustic-grid,scarlatti_k79,RH,normal,notation-shortening,,,
65,69,1,80.333333333,0.083333333,0.125,0.125,0.0,1.041666667,1.041666667,0.916666667,0.916666667,0,0,1,0.215133593,next-voice-onset,scarlatti_k79,RH,normal,notation-shortening,,,
74,80,1,80.333333333,0.083333333,0.125,0.125,0.0,1.041666667,0.125,0.0,0.0,0,0,0,0.95,key-release-grid+pedal-acoustic-grid,scarlatti_k79,RH,normal,notation-shortening,,,
74,80,1,80.333333333,0.083333333,0.125,0.125,0.0,1.041666667,1.041666667,0.916666667,0.916666667,0,0,1,0.215133593,next-voice-onset,scarlatti_k79,RH,normal,notation-shortening,,,
76,90,4,80.666666667,0.166666667,0.125,0.125,0.0,0.333333333,0.125,0.0,0.0,0,0,0,0.95,key-release-grid+pedal-acoustic-grid,scarlatti_k79,RH,normal,notation-shortening,,,
76,90,4,80.666666667,0.166666667,0.125,0.125,0.0,0.333333333,0.333333333,0.208333333,0.208333333,0,0,1,0.676168637,next-voice-onset,scarlatti_k79,RH,normal,notation-shortening,,,
77,95,4,81.0,0.25,0.666666667,0.666666667,0.0,0.75,0.666666667,0.0,0.0,0,0,0,0.949999999,key-release-grid+pedal-acoustic-grid,scarlatti_k79,RH,normal,notation-shortening,,,
77,95,4,81.0,0.25,0.666666667,0.666666667,0.0,0.75,0.625,0.041666667,0.041666667,0,0,0,0.881838446,key-release-grid+pedal-acoustic-grid,scarlatti_k79,RH,normal,notation-shortening,,,
77,95,4,81.0,0.25,0.666666667,0.666666667,0.0,0.75,0.75,0.083333333,0.083333333,0,0,1,0.838746562,key-release-grid+next-voice-onset+pedal-acoustic-grid,scarlatti_k79,RH,normal,notation-shortening,,,
72,69,1,81.375,0.34375,0.125,0.125,0.0,0.375,0.125,0.0,0.0,0,0,0,0.95,key-release-grid+pedal-acoustic-grid,scarlatti_k79,RH,normal,notation-shortening,,,
72,69,1,81.375,0.34375,0.125,0.125,0.0,0.375,0.375,0.25,0.25,0,0,1,0.629776017,next-voice-onset,scarlatti_k79,RH,normal,notation-shortening,,,
71,69,1,81.75,0.4375,0.125,0.125,0.0,0.25,0.125,0.0,0.0,0,0,0,0.95,key-release-grid+pedal-acoustic-grid,scarlatti_k79,RH,normal,notation-shortening,,,
71,69,1,81.75,0.4375,0.125,0.125,0.0,0.25,0.25,0.125,0.125,0,0,1,0.780337542,next-voice-onset,scarlatti_k79,RH,normal,notation-shortening,,,
76,80,4,81.75,0.4375,0.125,0.125,0.0,0.25,0.125,0.0,0.0,0,0,0,0.95,key-release-grid+pedal-acoustic-grid,scarlatti_k79,RH,normal,notation-shortening,,,
76,80,4,81.75,0.4375,0.125,0.125,0.0,0.25,0.25,0.125,0.125,0,0,1,0.780337542,next-voice-onset,scarlatti_k79,RH,normal,notation-shortening,,,
69,65,1,82.0,0.5,0.125,0.125,0.0,0.125,0.125,0.0,0.0,0,0,1,0.97,key-release-grid+next-voice-onset+pedal-acoustic-grid,scarlatti_k79,RH,normal,notation-shortening,,,
75,82,4,82.0,0.5,0.125,0.125,0.0,0.5,0.125,0.0,0.0,0,0,0,0.95,key-release-grid+pedal-acoustic-grid,scarlatti_k79,RH,normal,notation-shortening,,,
75,82,4,82.0,0.5,0.125,0.125,0.0,0.5,0.5,0.375,0.375,0,0,1,0.510063625,next-voice-onset,scarlatti_k79,RH,normal,notation-shortening,,,
72,42,1,82.125,0.53125,0.125,0.125,0.0,0.375,0.125,0.0,0.0,0,0,0,0.95,key-release-grid+pedal-acoustic-grid,scarlatti_k79,RH,normal,notation-shortening,,,
72,42,1,82.125,0.53125,0.125,0.125,0.0,0.375,0.375,0.25,0.25,0,0,1,0.629776017,next-voice-onset,scarlatti_k79,RH,normal,notation-shortening,,,
67,62,1,82.5,0.625,0.125,0.125,0.0,0.625,0.125,0.0,0.0,0,0,0,0.95,key-release-grid+pedal-acoustic-grid,scarlatti_k79,RH,normal,notation-shortening,,,
67,62,1,82.5,0.625,0.125,0.125,0.0,0.625,0.625,0.5,0.5,0,0,1,0.414718518,next-voice-onset,scarlatti_k79,RH,normal,notation-shortening,,,
76,79,4,82.5,0.625,0.125,0.125,0.0,0.25,0.125,0.0,0.0,0,0,0,0.95,key-release-grid+pedal-acoustic-grid,scarlatti_k79,RH,normal,notation-shortening,,,
76,79,4,82.5,0.625,0.125,0.125,0.0,0.25,0.25,0.125,0.125,0,0,1,0.780337542,next-voice-onset,scarlatti_k79,RH,normal,notation-shortening,,,
78,80,4,82.75,0.6875,0.125,0.125,0.0,0.375,0.125,0.0,0.0,0,0,0,0.95,key-release-grid+pedal-acoustic-grid,scarlatti_k79,RH,normal,notation-shortening,,,
78,80,4,82.75,0.6875,0.125,0.125,0.0,0.375,0.375,0.25,0.25,0,0,1,0.629776017,next-voice-onset,scarlatti_k79,RH,normal,notation-shortening,,,
71,38,1,83.125,0.78125,0.625,0.625,0.0,3.625,0.625,0.0,0.0,0,0,0,0.95,key-release-grid+pedal-acoustic-grid,scarlatti_k79,RH,normal,notation-shortening,,,
71,38,1,83.125,0.78125,0.625,0.625,0.0,3.625,0.666666667,0.041666667,0.041666667,0,0,0,0.881838446,key-release-grid+pedal-acoustic-grid,scarlatti_k79,RH,normal,notation-shortening,,,
71,38,1,83.125,0.78125,0.625,0.625,0.0,3.625,0.5,0.125,0.125,0,0,0,0.760337542,key-release-grid+pedal-acoustic-grid,scarlatti_k79,RH,normal,notation-shortening,,,
71,38,1,83.125,0.78125,0.625,0.625,0.0,3.625,0.875,0.25,0.25,0,1,0,0.649776017,barline,scarlatti_k79,RH,normal,notation-shortening,,,
71,38,1,83.125,0.78125,0.625,0.625,0.0,3.625,3.625,3.0,3.0,1,0,1,0.026902499,next-voice-onset,scarlatti_k79,RH,normal,notation-shortening,,,
79,77,4,83.125,0.78125,0.75,0.75,0.0,0.75,0.75,0.0,0.0,0,0,1,0.97,key-release-grid+next-voice-onset+pedal-acoustic-grid,scarlatti_k79,RH,normal,notation-shortening,,,
79,77,4,83.125,0.78125,0.75,0.75,0.0,0.75,0.666666667,0.083333333,0.083333333,0,0,0,0.818746562,key-release-grid+pedal-acoustic-grid,scarlatti_k79,RH,normal,notation-shortening,,,
76,45,2,83.625,0.90625,0.375,0.375,0.0,0.375,0.375,0.0,0.0,0,1,1,0.999,barline+key-release-grid+next-voice-onset+pedal-acoustic-grid,scarlatti_k79,RH,normal,notation-shortening,,,
76,45,2,83.625,0.90625,0.375,0.375,0.0,0.375,0.333333333,0.041666667,0.041666667,0,0,0,0.881838446,key-release-grid+pedal-acoustic-grid,scarlatti_k79,RH,normal,notation-shortening,,,
78,70,4,83.875,0.96875,0.125,0.125,0.0,0.375,0.125,0.0,0.0,0,1,0,0.99,barline+key-release-grid+pedal-acoustic-grid,scarlatti_k79,RH,normal,notation-shortening,,,
78,70,4,83.875,0.96875,0.125,0.125,0.0,0.375,0.375,0.25,0.25,1,0,1,0.593100717,next-voice-onset,scarlatti_k79,RH,normal,notation-shortening,,,
74,47,2,84.0,0.0,0.125,0.125,0.0,0.25,0.125,0.0,0.0,0,0,0,0.95,key-release-grid+pedal-acoustic-grid,scarlatti_k79,RH,normal,notation-shortening,,,
74,47,2,84.0,0.0,0.125,0.125,0.0,0.25,0.25,0.125,0.125,0,0,1,0.780337542,next-voice-onset,scarlatti_k79,RH,normal,notation-shortening,,,
72,64,2,84.25,0.0625,0.125,0.125,0.0,0.375,0.125,0.0,0.0,0,0,0,0.95,key-release-grid+pedal-acoustic-grid,scarlatti_k79,RH,normal,notation-shortening,,,
72,64,2,84.25,0.0625,0.125,0.125,0.0,0.375,0.375,0.25,0.25,0,0,1,0.629776017,next-voice-onset,scarlatti_k79,RH,normal,notation-shortening,,,
76,67,4,84.25,0.0625,0.125,0.125,0.0,2.5,0.125,0.0,0.0,0,0,0,0.95,key-release-grid+pedal-acoustic-grid,scarlatti_k79,RH,normal,notation-shortening,,,
76,67,4,84.25,0.0625,0.125,0.125,0.0,2.5,2.5,2.375,2.375,0,0,1,0.040517267,next-voice-onset,scarlatti_k79,RH,normal,notation-shortening,,,
71,70,2,84.625,0.15625,0.125,0.125,0.0,0.375,0.125,0.0,0.0,0,0,0,0.95,key-release-grid+pedal-acoustic-grid,scarlatti_k79,RH,normal,notation-shortening,,,
71,70,2,84.625,0.15625,0.125,0.125,0.0,0.375,0.375,0.25,0.25,0,0,1,0.629776017,next-voice-onset,scarlatti_k79,RH,normal,notation-shortening,,,
74,76,2,84.625,0.15625,0.125,0.125,0.0,0.375,0.125,0.0,0.0,0,0,0,0.95,key-release-grid+pedal-acoustic-grid,scarlatti_k79,RH,normal,notation-shortening,,,
74,76,2,84.625,0.15625,0.125,0.125,0.0,0.375,0.375,0.25,0.25,0,0,1,0.629776017,next-voice-onset,scarlatti_k79,RH,normal,notation-shortening,,,
69,73,2,85.0,0.25,0.125,0.125,0.0,0.333333333,0.125,0.0,0.0,0,0,0,0.95,key-release-grid+pedal-acoustic-grid,scarlatti_k79,RH,normal,notation-shortening,,,
69,73,2,85.0,0.25,0.125,0.125,0.0,0.333333333,0.333333333,0.208333333,0.208333333,0,0,1,0.676168637,next-voice-onset,scarlatti_k79,RH,normal,notation-shortening,,,
72,72,2,85.0,0.25,0.125,0.125,0.0,0.333333333,0.125,0.0,0.0,0,0,0,0.95,key-release-grid+pedal-acoustic-grid,scarlatti_k79,RH,normal,notation-shortening,,,
72,72,2,85.0,0.25,0.125,0.125,0.0,0.333333333,0.333333333,0.208333333,0.208333333,0,0,1,0.676168637,next-voice-onset,scarlatti_k79,RH,normal,notation-shortening,,,
67,61,2,85.333333333,0.333333333,0.125,0.125,0.0,0.333333333,0.125,0.0,0.0,0,0,0,0.95,key-release-grid+pedal-acoustic-grid,scarlatti_k79,RH,normal,notation-shortening,,,
67,61,2,85.333333333,0.333333333,0.125,0.125,0.0,0.333333333,0.333333333,0.208333333,0.208333333,0,0,1,0.676168637,next-voice-onset,scarlatti_k79,RH,normal,notation-shortening,,,
71,79,2,85.333333333,0.333333333,0.125,0.125,0.0,0.333333333,0.125,0.0,0.0,0,0,0,0.95,key-release-grid+pedal-acoustic-grid,scarlatti_k79,RH,normal,notation-shortening,,,
71,79,2,85.333333333,0.333333333,0.125,0.125,0.0,0.333333333,0.333333333,0.208333333,0.208333333,0,0,1,0.676168637,next-voice-onset,scarlatti_k79,RH,normal,notation-shortening,,,
69,71,2,85.666666667,0.416666667,0.125,0.125,0.0,0.333333333,0.125,0.0,0.0,0,0,0,0.95,key-release-grid+pedal-acoustic-grid,scarlatti_k79,RH,normal,notation-shortening,,,
69,71,2,85.666666667,0.416666667,0.125,0.125,0.0,0.333333333,0.333333333,0.208333333,0.208333333,0,0,1,0.676168637,next-voice-onset,scarlatti_k79,RH,normal,notation-shortening,,,
72,75,2,85.666666667,0.416666667,0.125,0.125,0.0,0.333333333,0.125,0.0,0.0,0,0,0,0.95,key-release-grid+pedal-acoustic-grid,scarlatti_k79,RH,normal,notation-shortening,,,
72,75,2,85.666666667,0.416666667,0.125,0.125,0.0,0.333333333,0.333333333,0.208333333,0.208333333,0,0,1,0.676168637,next-voice-onset,scarlatti_k79,RH,normal,notation-shortening,,,
66,61,2,86.0,0.5,0.125,0.125,0.0,0.375,0.125,0.0,0.0,0,0,0,0.95,key-release-grid+pedal-acoustic-grid,scarlatti_k79,RH,normal,notation-shortening,,,
66,61,2,86.0,0.5,0.125,0.125,0.0,0.375,0.375,0.25,0.25,0,0,1,0.629776017,next-voice-onset,scarlatti_k79,RH,normal,notation-shortening,,,
69,49,2,86.0,0.5,0.125,0.125,0.0,0.375,0.125,0.0,0.0,0,0,0,0.95,key-release-grid+pedal-acoustic-grid,scarlatti_k79,RH,normal,notation-shortening,,,
69,49,2,86.0,0.5,0.125,0.125,0.0,0.375,0.375,0.25,0.25,0,0,1,0.629776017,next-voice-onset,scarlatti_k79,RH,normal,notation-shortening,,,
74,78,2,86.0,0.5,0.125,0.125,0.0,0.375,0.125,0.0,0.0,0,0,0,0.95,key-release-grid+pedal-acoustic-grid,scarlatti_k79,RH,normal,notation-shortening,,,
74,78,2,86.0,0.5,0.125,0.125,0.0,0.375,0.375,0.25,0.25,0,0,1,0.629776017,next-voice-onset,scarlatti_k79,RH,normal,notation-shortening,,,
67,67,2,86.375,0.59375,0.125,0.125,0.0,0.375,0.125,0.0,0.0,0,0,0,0.95,key-release-grid+pedal-acoustic-grid,scarlatti_k79,RH,normal,notation-shortening,,,
67,67,2,86.375,0.59375,0.125,0.125,0.0,0.375,0.375,0.25,0.25,0,0,1,0.629776017,next-voice-onset,scarlatti_k79,RH,normal,notation-shortening,,,
71,74,2,86.375,0.59375,0.125,0.125,0.0,0.375,0.125,0.0,0.0,0,0,0,0.95,key-release-grid+pedal-acoustic-grid,scarlatti_k79,RH,normal,notation-shortening,,,
71,74,2,86.375,0.59375,0.125,0.125,0.0,0.375,0.375,0.25,0.25,0,0,1,0.629776017,next-voice-onset,scarlatti_k79,RH,normal,notation-shortening,,,
66,66,1,86.75,0.6875,0.375,0.375,0.0,0.375,0.375,0.0,0.0,0,0,1,0.97,key-release-grid+next-voice-onset+pedal-acoustic-grid,scarlatti_k79,RH,normal,notation-shortening,,,
66,66,1,86.75,0.6875,0.375,0.375,0.0,0.375,0.333333333,0.041666667,0.041666667,0,0,0,0.881838446,key-release-grid+pedal-acoustic-grid,scarlatti_k79,RH,normal,notation-shortening,,,
62,62,2,86.75,0.6875,0.125,0.125,0.0,0.375,0.125,0.0,0.0,0,0,0,0.95,key-release-grid+pedal-acoustic-grid,scarlatti_k79,RH,normal,notation-shortening,,,
62,62,2,86.75,0.6875,0.125,0.125,0.0,0.375,0.375,0.25,0.25,0,0,1,0.629776017,next-voice-onset,scarlatti_k79,RH,normal,notation-shortening,,,
69,73,4,86.75,0.6875,0.5,0.5,0.0,1.0,0.5,0.0,0.0,0,0,0,0.95,key-release-grid+pedal-acoustic-grid,scarlatti_k79,RH,normal,notation-shortening,,,
69,73,4,86.75,0.6875,0.5,0.5,0.0,1.0,0.666666667,0.166666667,0.166666667,0,0,0,0.706254605,key-release-grid+pedal-acoustic-grid,scarlatti_k79,RH,normal,notation-shortening,,,
69,73,4,86.75,0.6875,0.5,0.5,0.0,1.0,1.0,0.5,0.5,0,0,1,0.414718518,next-voice-onset,scarlatti_k79,RH,normal,notation-shortening,,,
74,63,1,87.125,0.78125,0.125,0.125,0.0,0.625,0.125,0.0,0.0,0,0,0,0.95,key-release-grid+pedal-acoustic-grid,scarlatti_k79,RH,normal,notation-shortening,,,
74,63,1,87.125,0.78125,0.125,0.125,0.0,0.625,0.625,0.5,0.5,0,0,1,0.414718518,next-voice-onset,scarlatti_k79,RH,normal,notation-shortening,,,
62,63,2,87.125,0.78125,0.125,0.125,0.0,0.375,0.125,0.0,0.0,0,0,0,0.95,key-release-grid+pedal-acoustic-grid,scarlatti_k79,RH,normal,notation-shortening,,,
62,63,2,87.125,0.78125,0.125,0.125,0.0,0.375,0.375,0.25,0.25,0,0,1,0.629776017,next-voice-onset,scarlatti_k79,RH,normal,notation-shortening,,,
64,69,2,87.5,0.875,0.125,0.125,0.0,0.25,0.125,0.0,0.0,0,0,0,0.95,key-release-grid+pedal-acoustic-grid,scarlatti_k79,RH,normal,notation-shortening,,,
64,69,2,87.5,0.875,0.125,0.125,0.0,0.25,0.25,0.125,0.125,0,0,1,0.780337542,next-voice-onset,scarlatti_k79,RH,normal,notation-shortening,,,
67,69,2,87.5,0.875,0.125,0.125,0.0,0.25,0.125,0.0,0.0,0,0,0,0.95,key-release-grid+pedal-acoustic-grid,scarlatti_k79,RH,normal,notation-shortening,,,
67,69,2,87.5,0.875,0.125,0.125,0.0,0.25,0.25,0.125,0.125,0,0,1,0.780337542,next-voice-onset,scarlatti_k79,RH,normal,notation-shortening,,,
69,80,1,87.75,0.9375,0.375,0.375,0.0,0.375,0.375,0.0,0.0,1,0,1,0.913511598,key-release-grid+next-voice-onset+pedal-acoustic-grid,scarlatti_k79,RH,normal,notation-shortening,,,
69,80,1,87.75,0.9375,0.375,0.375,0.0,0.375,0.333333333,0.041666667,0.041666667,1,0,0,0.830484173,key-release-grid+pedal-acoustic-grid,scarlatti_k79,RH,normal,notation-shortening,,,
69,80,1,87.75,0.9375,0.375,0.375,0.0,0.375,0.25,0.125,0.125,0,1,0,0.800337542,barline,scarlatti_k79,RH,normal,notation-shortening,,,
62,66,2,87.75,0.9375,0.125,0.125,0.0,0.375,0.125,0.0,0.0,0,0,0,0.95,key-release-grid+pedal-acoustic-grid,scarlatti_k79,RH,normal,notation-shortening,,,
62,66,2,87.75,0.9375,0.125,0.125,0.0,0.375,0.25,0.125,0.125,0,1,0,0.800337542,barline,scarlatti_k79,RH,normal,notation-shortening,,,
62,66,2,87.75,0.9375,0.125,0.125,0.0,0.375,0.375,0.25,0.25,1,0,1,0.593100717,next-voice-onset,scarlatti_k79,RH,normal,notation-shortening,,,
66,68,4,87.75,0.9375,0.333333333,0.333333333,-0.0,0.75,0.333333333,0.0,0.0,1,0,0,0.894676306,key-release-grid+pedal-acoustic-grid,scarlatti_k79,RH,normal,notation-shortening,,,
66,68,4,87.75,0.9375,0.333333333,0.333333333,-0.0,0.75,0.25,0.083333333,0.083333333,0,1,0,0.858746562,barline+key-release-grid+pedal-acoustic-grid,scarlatti_k79,RH,normal,notation-shortening,,,
66,68,4,87.75,0.9375,0.333333333,0.333333333,-0.0,0.75,0.375,0.041666667,0.041666667,1,0,0,0.830484173,key-release-grid+pedal-acoustic-grid,scarlatti_k79,RH,normal,notation-shortening,,,
66,68,4,87.75,0.9375,0.333333333,0.333333333,-0.0,0.75,0.75,0.416666667,0.416666667,1,0,1,0.448139982,next-voice-onset,scarlatti_k79,RH,normal,notation-shortening,,,
74,81,1,88.125,0.03125,0.125,0.125,0.0,1.125,0.125,0.0,0.0,0,0,0,0.95,key-release-grid+pedal-acoustic-grid,scarlatti_k79,RH,normal,notation-shortening,,,
74,81,1,88.125,0.03125,0.125,0.125,0.0,1.125,1.125,1.0,1.0,0,0,1,0.190033251,next-voice-onset,scarlatti_k79,RH,normal,notation-shortening,,,
62,66,2,88.125,0.03125,0.125,0.125,0.0,0.375,0.125,0.0,0.0,0,0,0,0.95,key-release-grid+pedal-acoustic-grid,scarlatti_k79,RH,normal,notation-shortening,,,
62,66,2,88.125,0.03125,0.125,0.125,0.0,0.375,0.375,0.25,0.25,0,0,1,0.629776017,next-voice-onset,scarlatti_k79,RH,normal,notation-shortening,,,
64,84,2,88.5,0.125,0.125,0.125,0.0,0.375,0.125,0.0,0.0,0,0,0,0.95,key-release-grid+pedal-acoustic-grid,scarlatti_k79,RH,normal,notation-shortening,,,
64,84,2,88.5,0.125,0.125,0.125,0.0,0.375,0.375,0.25,0.25,0,0,1,0.629776017,next-voice-onset,scarlatti_k79,RH,normal,notation-shortening,,,
67,77,4,88.5,0.125,0.125,0.125,0.0,0.375,0.125,0.0,0.0,0,0,0,0.95,key-release-grid+pedal-acoustic-grid,scarlatti_k79,RH,normal,notation-shortening,,,
67,77,4,88.5,0.125,0.125,0.125,0.0,0.375,0.375,0.25,0.25,0,0,1,0.629776017,next-voice-onset,scarlatti_k79,RH,normal,notation-shortening,,,
62,55,2,88.875,0.21875,0.375,0.375,0.0,0.458333333,0.375,0.0,0.0,0,0,0,0.95,key-release-grid+pedal-acoustic-grid,scarlatti_k79,RH,normal,notation-shortening,,,
62,55,2,88.875,0.21875,0.375,0.375,0.0,0.458333333,0.333333333,0.041666667,0.041666667,0,0,0,0.881838446,key-release-grid+pedal-acoustic-grid,scarlatti_k79,RH,normal,notation-shortening,,,
62,55,2,88.875,0.21875,0.375,0.375,0.0,0.458333333,0.458333333,0.083333333,0.083333333,0,0,1,0.838746562,next-voice-onset,scarlatti_k79,RH,normal,notation-shortening,,,
66,70,4,88.875,0.21875,0.5,0.5,0.0,0.75,0.5,0.0,0.0,0,0,0,0.95,key-release-grid+pedal-acoustic-grid,scarlatti_k79,RH,normal,notation-shortening,,,
66,70,4,88.875,0.21875,0.5,0.5,0.0,0.75,0.666666667,0.166666667,0.166666667,0,0,0,0.706254605,key-release-grid+pedal-acoustic-grid,scarlatti_k79,RH,normal,notation-shortening,,,
66,70,4,88.875,0.21875,0.5,0.5,0.0,0.75,0.75,0.25,0.25,0,0,1,0.629776017,next-voice-onset,scarlatti_k79,RH,normal,notation-shortening,,,
69,76,4,88.875,0.21875,0.5,0.5,0.0,0.75,0.5,0.0,0.0,0,0,0,0.95,key-release-grid+pedal-acoustic-grid,scarlatti_k79,RH,normal,notation-shortening,,,
69,76,4,88.875,0.21875,0.5,0.5,0.0,0.75,0.666666667,0.166666667,0.166666667,0,0,0,0.706254605,key-release-grid+pedal-acoustic-grid,scarlatti_k79,RH,normal,notation-shortening,,,
69,76,4,88.875,0.21875,0.5,0.5,0.0,0.75,0.75,0.25,0.25,0,0,1,0.629776017,next-voice-onset,scarlatti_k79,RH,normal,notation-shortening,,,
72,59,1,89.25,0.3125,0.125,0.125,0.0,0.375,0.125,0.0,0.0,0,0,0,0.95,key-release-grid+pedal-acoustic-grid,scarlatti_k79,RH,normal,notation-shortening,,,
72,59,1,89.25,0.3125,0.125,0.125,0.0,0.375,0.375,0.25,0.25,0,0,1,0.629776017,next-voice-onset,scarlatti_k79,RH,normal,notation-shortening,,,
74,80,1,89.25,0.3125,0.125,0.125,0.0,0.375,0.125,0.0,0.0,0,0,0,0.95,key-release-grid+pedal-acoustic-grid,scarlatti_k79,RH,normal,notation-shortening,,,
74,80,1,89.25,0.3125,0.125,0.125,0.0,0.375,0.375,0.25,0.25,0,0,1,0.629776017,next-voice-onset,scarlatti_k79,RH,normal,notation-shortening,,,
62,73,2,89.333333333,0.333333333,0.125,0.125,0.0,0.166666667,0.125,0.0,0.0,0,0,0,0.95,key-release-grid+pedal-acoustic-grid,scarlatti_k79,RH,normal,notation-shortening,,,
62,73,2,89.333333333,0.333333333,0.125,0.125,0.0,0.166666667,0.166666667,0.041666667,0.041666667,0,0,1,0.901838446,next-voice-onset,scarlatti_k79,RH,normal,notation-shortening,,,
64,72,2,89.5,0.375,0.125,0.125,0.0,0.25,0.125,0.0,0.0,0,0,0,0.95,key-release-grid+pedal-acoustic-grid,scarlatti_k79,RH,normal,notation-shortening,,,
64,72,2,89.5,0.375,0.125,0.125,0.0,0.25,0.25,0.125,0.125,0,0,1,0.780337542,next-voice-onset,scarlatti_k79,RH,normal,notation-shortening,,,
72,80,1,89.625,0.40625,0.125,0.125,0.0,0.375,0.125,0.0,0.0,0,0,0,0.95,key-release-grid+pedal-acoustic-grid,scarlatti_k79,RH,normal,notation-shortening,,,
72,80,1,89.625,0.40625,0.125,0.125,0.0,0.375,0.375,0.25,0.25,0,0,1,0.629776017,next-voice-onset,scarlatti_k79,RH,normal,notation-shortening,,,
66,74,4,89.625,0.40625,0.125,0.125,0.0,0.375,0.125,0.0,0.0,0,0,0,0.95,key-release-grid+pedal-acoustic-grid,scarlatti_k79,RH,normal,notation-shortening,,,
66,74,4,89.625,0.40625,0.125,0.125,0.0,0.375,0.375,0.25,0.25,0,0,1,0.629776017,next-voice-onset,scarlatti_k79,RH,normal,notation-shortening,,,
62,81,2,89.75,0.4375,0.125,0.125,0.0,1.125,0.125,0.0,0.0,0,0,0,0.95,key-release-grid+pedal-acoustic-grid,scarlatti_k79,RH,normal,notation-shortening,,,
62,81,2,89.75,0.4375,0.125,0.125,0.0,1.125,1.125,1.0,1.0,0,0,1,0.190033251,next-voice-onset,scarlatti_k79,RH,normal,notation-shortening,,,
83,94,1,90.0,0.5,0.125,0.125,0.0,0.625,0.125,0.0,0.0,0,0,0,0.95,key-release-grid+pedal-acoustic-grid,scarlatti_k79,RH,normal,notation-shortening,,,
83,94,1,90.0,0.5,0.125,0.125,0.0,0.625,0.625,0.5,0.5,0,0,1,0.414718518,next-voice-onset,scarlatti_k79,RH,normal,notation-shortening,,,
67,86,4,90.0,0.5,0.125,0.125,0.0,0.333333333,0.125,0.0,0.0,0,0,0,0.95,key-release-grid+pedal-acoustic-grid,scarlatti_k79,RH,normal,notation-shortening,,,
67,86,4,90.0,0.5,0.125,0.125,0.0,0.333333333,0.333333333,0.208333333,0.208333333,0,0,1,0.676168637,next-voice-onset,scarlatti_k79,RH,normal,notation-shortening,,,
74,80,4,90.333333333,0.583333333,0.125,0.125,0.0,0.166666667,0.125,0.0,0.0,0,0,0,0.95,key-release-grid+pedal-acoustic-grid,scarlatti_k79,RH,normal,notation-shortening,,,
74,80,4,90.333333333,0.583333333,0.125,0.125,0.0,0.166666667,0.166666667,0.041666667,0.041666667,0,0,1,0.901838446,next-voice-onset,scarlatti_k79,RH,normal,notation-shortening,,,
67,61,4,90.5,0.625,0.125,0.125,0.0,0.25,0.125,0.0,0.0,0,0,0,0.95,key-release-grid+pedal-acoustic-grid,scarlatti_k79,RH,normal,notation-shortening,,,
67,61,4,90.5,0.625,0.125,0.125,0.0,0.25,0.25,0.125,0.125,0,0,1,0.780337542,next-voice-onset,scarlatti_k79,RH,normal,notation-shortening,,,
84,80,1,90.625,0.65625,0.125,0.125,0.0,0.125,0.125,0.0,0.0,0,0,1,0.97,key-release-grid+next-voice-onset+pedal-acoustic-grid,scarlatti_k79,RH,normal,notation-shortening,,,
81,66,1,90.75,0.6875,0.125,0.125,0.0,0.25,0.125,0.0,0.0,0,0,0,0.95,key-release-grid+pedal-acoustic-grid,scarlatti_k79,RH,normal,notation-shortening,,,
81,66,1,90.75,0.6875,0.125,0.125,0.0,0.25,0.25,0.125,0.125,0,0,1,0.780337542,next-voice-onset,scarlatti_k79,RH,normal,notation-shortening,,,
66,63,4,90.75,0.6875,0.125,0.125,0.0,0.75,0.125,0.0,0.0,0,0,0,0.95,key-release-grid+pedal-acoustic-grid,scarlatti_k79,RH,normal,notation-shortening,,,
66,63,4,90.75,0.6875,0.125,0.125,0.0,0.75,0.75,0.625,0.625,0,0,1,0.338644996,next-voice-onset,scarlatti_k79,RH,normal,notation-shortening,,,
62,70,2,90.875,0.71875,0.125,0.125,0.0,1.125,0.125,0.0,0.0,0,0,0,0.95,key-release-grid+pedal-acoustic-grid,scarlatti_k79,RH,normal,notation-shortening,,,
62,70,2,90.875,0.71875,0.125,0.125,0.0,1.125,1.125,1.0,1.0,0,1,1,0.230033251,barline+next-voice-onset,scarlatti_k79,RH,normal,notation-shortening,,,
79,76,1,91.0,0.75,0.125,0.125,0.0,0.5,0.125,0.0,0.0,0,0,0,0.95,key-release-grid+pedal-acoustic-grid,scarlatti_k79,RH,normal,notation-shortening,,,
79,76,1,91.0,0.75,0.125,0.125,0.0,0.5,0.5,0.375,0.375,0,0,1,0.510063625,next-voice-onset,scarlatti_k79,RH,normal,notation-shortening,,,
83,85,1,91.0,0.75,0.125,0.125,0.0,0.5,0.125,0.0,0.0,0,0,0,0.95,key-release-grid+pedal-acoustic-grid,scarlatti_k79,RH,normal,notation-shortening,,,
83,85,1,91.0,0.75,0.125,0.125,0.0,0.5,0.5,0.375,0.375,0,0,1,0.510063625,next-voice-onset,scarlatti_k79,RH,normal,notation-shortening,,,
74,65,1,91.5,0.875,0.125,0.125,0.0,0.25,0.125,0.0,0.0,0,0,0,0.95,key-release-grid+pedal-acoustic-grid,scarlatti_k79,RH,normal,notation-shortening,,,
74,65,1,91.5,0.875,0.125,0.125,0.0,0.25,0.25,0.125,0.125,0,0,1,0.780337542,next-voice-onset,scarlatti_k79,RH,normal,notation-shortening,,,
67,29,4,91.5,0.875,0.125,0.125,0.0,0.25,0.125,0.0,0.0,0,0,0,0.95,key-release-grid+pedal-acoustic-grid,scarlatti_k79,RH,normal,notation-shortening,,,
67,29,4,91.5,0.875,0.125,0.125,0.0,0.25,0.25,0.125,0.125,0,0,1,0.780337542,next-voice-onset,scarlatti_k79,RH,normal,notation-shortening,,,
81,58,1,91.75,0.9375,0.125,0.125,0.0,0.375,0.125,0.0,0.0,0,0,0,0.95,key-release-grid+pedal-acoustic-grid,scarlatti_k79,RH,normal,notation-shortening,,,
81,58,1,91.75,0.9375,0.125,0.125,0.0,0.375,0.25,0.125,0.125,0,1,0,0.800337542,barline,scarlatti_k79,RH,normal,notation-shortening,,,
81,58,1,91.75,0.9375,0.125,0.125,0.0,0.375,0.375,0.25,0.25,1,0,1,0.593100717,next-voice-onset,scarlatti_k79,RH,normal,notation-shortening,,,
84,69,1,91.75,0.9375,0.125,0.125,0.0,0.375,0.125,0.0,0.0,0,0,0,0.95,key-release-grid+pedal-acoustic-grid,scarlatti_k79,RH,normal,notation-shortening,,,
84,69,1,91.75,0.9375,0.125,0.125,0.0,0.375,0.25,0.125,0.125,0,1,0,0.800337542,barline,scarlatti_k79,RH,normal,notation-shortening,,,
84,69,1,91.75,0.9375,0.125,0.125,0.0,0.375,0.375,0.25,0.25,1,0,1,0.593100717,next-voice-onset,scarlatti_k79,RH,normal,notation-shortening,,,
66,57,4,91.75,0.9375,0.125,0.125,0.0,0.916666667,0.125,0.0,0.0,0,0,0,0.95,key-release-grid+pedal-acoustic-grid,scarlatti_k79,RH,normal,notation-shortening,,,
66,57,4,91.75,0.9375,0.125,0.125,0.0,0.916666667,0.25,0.125,0.125,0,1,0,0.800337542,barline,scarlatti_k79,RH,normal,notation-shortening,,,
66,57,4,91.75,0.9375,0.125,0.125,0.0,0.916666667,0.916666667,0.791666667,0.791666667,1,0,1,0.245224198,next-voice-onset,scarlatti_k79,RH,normal,notation-shortening,,,
62,64,2,92.0,0.0,0.125,0.125,0.0,1.0,0.125,0.0,0.0,0,0,0,0.95,key-release-grid+pedal-acoustic-grid,scarlatti_k79,RH,normal,notation-shortening,,,
62,64,2,92.0,0.0,0.125,0.125,0.0,1.0,1.0,0.875,0.875,0,0,1,0.229126198,next-voice-onset,scarlatti_k79,RH,normal,notation-shortening,,,
79,80,1,92.125,0.03125,0.125,0.125,0.0,0.375,0.125,0.0,0.0,0,0,0,0.95,key-release-grid+pedal-acoustic-grid,scarlatti_k79,RH,normal,notation-shortening,,,
79,80,1,92.125,0.03125,0.125,0.125,0.0,0.375,0.375,0.25,0.25,0,0,1,0.629776017,next-voice-onset,scarlatti_k79,RH,normal,notation-shortening,,,
83,95,1,92.125,0.03125,0.125,0.125,0.0,0.375,0.125,0.0,0.0,0,0,0,0.95,key-release-grid+pedal-acoustic-grid,scarlatti_k79,RH,normal,notation-shortening,,,
83,95,1,92.125,0.03125,0.125,0.125,0.0,0.375,0.375,0.25,0.25,0,0,1,0.629776017,next-voice-onset,scarlatti_k79,RH,normal,notation-shortening,,,
74,61,1,92.5,0.125,0.125,0.125,0.0,0.125,0.125,0.0,0.0,0,0,1,0.97,key-release-grid+next-voice-onset+pedal-acoustic-grid,scarlatti_k79,RH,normal,notation-shortening,,,
70,30,1,92.625,0.15625,0.125,0.125,0.0,0.125,0.125,0.0,0.0,0,0,1,0.97,key-release-grid+next-voice-onset+pedal-acoustic-grid,scarlatti_k79,RH,normal,notation-shortening,,,
67,41,4,92.666666667,0.166666667,0.125,0.125,0.0,0.208333333,0.125,0.0,0.0,0,0,0,0.95,key-release-grid+pedal-acoustic-grid,scarlatti_k79,RH,high,independent-voice,,,
67,41,4,92.666666667,0.166666667,0.125,0.125,0.0,0.208333333,0.208333333,0.083333333,0.083333333,0,0,1,0.838746562,next-voice-onset,scarlatti_k79,RH,high,independent-voice,,,
81,74,1,92.75,0.1875,0.125,0.125,0.0,0.25,0.125,0.0,0.0,0,0,0,0.95,key-release-grid+pedal-acoustic-grid,scarlatti_k79,RH,normal,notation-shortening,,,
81,74,1,92.75,0.1875,0.125,0.125,0.0,0.25,0.25,0.125,0.125,0,0,1,0.780337542,next-voice-onset,scarlatti_k79,RH,normal,notation-shortening,,,
84,76,1,92.75,0.1875,0.125,0.125,0.0,0.25,0.125,0.0,0.0,0,0,0,0.95,key-release-grid+pedal-acoustic-grid,scarlatti_k79,RH,normal,notation-shortening,,,
84,76,1,92.75,0.1875,0.125,0.125,0.0,0.25,0.25,0.125,0.125,0,0,1,0.780337542,next-voice-onset,scarlatti_k79,RH,normal,notation-shortening,,,
66,63,4,92.875,0.21875,0.25,0.25,0.0,1.0,0.25,0.0,0.0,0,0,0,0.95,key-release-grid+pedal-acoustic-grid,scarlatti_k79,RH,normal,notation-shortening,,,
66,63,4,92.875,0.21875,0.25,0.25,0.0,1.0,0.333333333,0.083333333,0.083333333,0,0,0,0.818746562,key-release-grid+pedal-acoustic-grid,scarlatti_k79,RH,normal,notation-shortening,,,
66,63,4,92.875,0.21875,0.25,0.25,0.0,1.0,1.0,0.75,0.75,0,0,1,0.277833527,next-voice-onset,scarlatti_k79,RH,normal,notation-shortening,,,
73,54,1,93.0,0.25,0.125,0.125,0.0,0.125,0.125,0.0,0.0,0,0,1,0.97,key-release-grid+next-voice-onset+pedal-acoustic-grid,scarlatti_k79,RH,normal,notation-shortening,,,
62,74,2,93.0,0.25,0.125,0.125,0.0,0.75,0.125,0.0,0.0,0,0,0,0.95,key-release-grid+pedal-acoustic-grid,scarlatti_k79,RH,normal,notation-shortening,,,
62,74,2,93.0,0.25,0.125,0.125,0.0,0.75,0.75,0.625,0.625,0,0,1,0.338644996,next-voice-onset,scarlatti_k79,RH,normal,notation-shortening,,,
79,82,1,93.125,0.28125,0.125,0.125,0.0,0.375,0.125,0.0,0.0,0,0,0,0.95,key-release-grid+pedal-acoustic-grid,scarlatti_k79,RH,normal,notation-shortening,,,
79,82,1,93.125,0.28125,0.125,0.125,0.0,0.375,0.375,0.25,0.25,0,0,1,0.629776017,next-voice-onset,scarlatti_k79,RH,normal,notation-shortening,,,
83,89,1,93.125,0.28125,0.125,0.125,0.0,0.375,0.125,0.0,0.0,0,0,0,0.95,key-release-grid+pedal-acoustic-grid,scarlatti_k79,RH,normal,notation-shortening,,,
83,89,1,93.125,0.28125,0.125,0.125,0.0,0.375,0.375,0.25,0.25,0,0,1,0.629776017,next-voice-onset,scarlatti_k79,RH,normal,notation-shortening,,,
74,77,1,93.5,0.375,0.125,0.125,0.0,0.375,0.125,0.0,0.0,0,0,0,0.95,key-release-grid+pedal-acoustic-grid,scarlatti_k79,RH,normal,notation-shortening,,,
74,77,1,93.5,0.375,0.125,0.125,0.0,0.375,0.375,0.25,0.25,0,0,1,0.629776017,next-voice-onset,scarlatti_k79,RH,normal,notation-shortening,,,
62,58,2,93.75,0.4375,0.125,0.125,0.0,0.125,0.125,0.0,0.0,0,0,1,0.97,key-release-grid+next-voice-onset+pedal-acoustic-grid,scarlatti_k79,RH,normal,notation-shortening,,,
79,66,1,93.875,0.46875,0.125,0.125,0.0,0.375,0.125,0.0,0.0,0,0,0,0.95,key-release-grid+pedal-acoustic-grid,scarlatti_k79,RH,normal,notation-shortening,,,
79,66,1,93.875,0.46875,0.125,0.125,0.0,0.375,0.375,0.25,0.25,0,0,1,0.629776017,next-voice-onset,scarlatti_k79,RH,normal,notation-shortening,,,
61,79,2,93.875,0.46875,0.125,0.125,0.0,1.0,0.125,0.0,0.0,0,0,0,0.95,key-release-grid+pedal-acoustic-grid,scarlatti_k79,RH,normal,notation-shortening,,,
61,79,2,93.875,0.46875,0.125,0.125,0.0,1.0,1.0,0.875,0.875,0,0,1,0.229126198,next-voice-onset,scarlatti_k79,RH,normal,notation-shortening,,,
82,78,4,93.875,0.46875,0.333333333,0.333333333,-0.0,0.375,0.333333333,0.0,0.0,0,0,0,0.949999999,key-release-grid+pedal-acoustic-grid,scarlatti_k79,RH,normal,notation-shortening,,,
82,78,4,93.875,0.46875,0.333333333,0.333333333,-0.0,0.375,0.375,0.041666667,0.041666667,0,0,1,0.901838446,key-release-grid+next-voice-onset+pedal-acoustic-grid,scarlatti_k79,RH,normal,notation-shortening,,,
82,78,4,93.875,0.46875,0.333333333,0.333333333,-0.0,0.375,0.25,0.083333333,0.083333333,0,0,0,0.818746562,key-release-grid+pedal-acoustic-grid,scarlatti_k79,RH,normal,notation-shortening,,,
78,88,1,94.25,0.5625,0.125,0.125,0.0,0.416666667,0.125,0.0,0.0,0,0,0,0.95,key-release-grid+pedal-acoustic-grid,scarlatti_k79,RH,normal,notation-shortening,,,
78,88,1,94.25,0.5625,0.125,0.125,0.0,0.416666667,0.416666667,0.291666667,0.291666667,0,0,1,0.586796624,next-voice-onset,scarlatti_k79,RH,normal,notation-shortening,,,
81,91,4,94.25,0.5625,0.125,0.125,0.0,0.75,0.125,0.0,0.0,0,0,0,0.95,key-release-grid+pedal-acoustic-grid,scarlatti_k79,RH,normal,notation-shortening,,,
81,91,4,94.25,0.5625,0.125,0.125,0.0,0.75,0.75,0.625,0.625,0,0,1,0.338644996,next-voice-onset,scarlatti_k79,RH,normal,notation-shortening,,,
74,72,1,94.666666667,0.666666667,0.125,0.125,0.0,0.333333333,0.125,0.0,0.0,0,0,0,0.95,key-release-grid+pedal-acoustic-grid,scarlatti_k79,RH,normal,notation-shortening,,,
74,72,1,94.666666667,0.666666667,0.125,0.125,0.0,0.333333333,0.333333333,0.208333333,0.208333333,0,0,1,0.676168637,next-voice-onset,scarlatti_k79,RH,normal,notation-shortening,,,
62,61,2,94.875,0.71875,0.125,0.125,0.0,0.125,0.125,0.0,0.0,0,0,1,0.97,key-release-grid+next-voice-onset+pedal-acoustic-grid,scarlatti_k79,RH,normal,notation-shortening,,,
82,74,1,95.0,0.75,0.25,0.25,0.0,0.25,0.25,0.0,0.0,0,0,1,0.97,key-release-grid+next-voice-onset+pedal-acoustic-grid,scarlatti_k79,RH,normal,notation-shortening,,,
61,77,2,95.0,0.75,0.125,0.125,0.0,0.875,0.125,0.0,0.0,0,0,0,0.95,key-release-grid+pedal-acoustic-grid,scarlatti_k79,RH,normal,notation-shortening,,,
61,77,2,95.0,0.75,0.125,0.125,0.0,0.875,0.875,0.75,0.75,0,0,1,0.277833527,next-voice-onset,scarlatti_k79,RH,normal,notation-shortening,,,
79,67,4,95.0,0.75,0.125,0.125,0.0,0.25,0.125,0.0,0.0,0,0,0,0.95,key-release-grid+pedal-acoustic-grid,scarlatti_k79,RH,normal,notation-shortening,,,
79,67,4,95.0,0.75,0.125,0.125,0.0,0.25,0.25,0.125,0.125,0,0,1,0.780337542,next-voice-onset,scarlatti_k79,RH,normal,notation-shortening,,,
81,93,1,95.25,0.8125,0.125,0.125,0.0,1.875,0.125,0.0,0.0,0,0,0,0.95,key-release-grid+pedal-acoustic-grid,scarlatti_k79,RH,normal,notation-shortening,,,
81,93,1,95.25,0.8125,0.125,0.125,0.0,1.875,0.75,0.625,0.625,0,1,0,0.358644996,barline,scarlatti_k79,RH,normal,notation-shortening,,,
81,93,1,95.25,0.8125,0.125,0.125,0.0,1.875,1.875,1.75,1.75,1,0,1,0.067573748,next-voice-onset,scarlatti_k79,RH,normal,notation-shortening,,,
78,82,4,95.25,0.8125,0.125,0.125,0.0,0.416666667,0.125,0.0,0.0,0,0,0,0.95,key-release-grid+pedal-acoustic-grid,scarlatti_k79,RH,normal,notation-shortening,,,
78,82,4,95.25,0.8125,0.125,0.125,0.0,0.416666667,0.416666667,0.291666667,0.291666667,0,0,1,0.586796624,next-voice-onset,scarlatti_k79,RH,normal,notation-shortening,,,
74,80,4,95.666666667,0.916666667,0.125,0.125,0.0,0.333333333,0.125,0.0,0.0,0,0,0,0.95,key-release-grid+pedal-acoustic-grid,scarlatti_k79,RH,normal,notation-shortening,,,
74,80,4,95.666666667,0.916666667,0.125,0.125,0.0,0.333333333,0.333333333,0.208333333,0.208333333,0,1,1,0.716168637,barline+next-voice-onset,scarlatti_k79,RH,normal,notation-shortening,,,
60,68,2,95.875,0.96875,0.125,0.125,0.0,1.0,0.125,0.0,0.0,0,1,0,0.99,barline+key-release-grid+pedal-acoustic-grid,scarlatti_k79,RH,normal,notation-shortening,,,
60,68,2,95.875,0.96875,0.125,0.125,0.0,1.0,1.0,0.875,0.875,1,0,1,0.215782927,next-voice-onset,scarlatti_k79,RH,normal,notation-shortening,,,
77,86,4,96.0,0.0,0.125,0.125,0.0,0.125,0.125,0.0,0.0,0,0,1,0.97,key-release-grid+next-voice-onset+pedal-acoustic-grid,scarlatti_k79,RH,normal,notation-shortening,,,
80,81,4,96.0,0.0,0.125,0.125,0.0,0.125,0.125,0.0,0.0,0,0,1,0.97,key-release-grid+next-voice-onset+pedal-acoustic-grid,scarlatti_k79,RH,normal,notation-shortening,,,
79,72,4,96.125,0.03125,0.125,0.125,0.0,0.25,0.125,0.0,0.0,0,0,0,0.95,key-release-grid+pedal-acoustic-grid,scarlatti_k79,RH,normal,notation-shortening,,,
79,72,4,96.125,0.03125,0.125,0.125,0.0,0.25,0.25,0.125,0.125,0,0,1,0.780337542,next-voice-onset,scarlatti_k79,RH,normal,notation-shortening,,,
75,88,4,96.375,0.09375,0.125,0.125,0.0,0.375,0.125,0.0,0.0,0,0,0,0.95,key-release-grid+pedal-acoustic-grid,scarlatti_k79,RH,normal,notation-shortening,,,
75,88,4,96.375,0.09375,0.125,0.125,0.0,0.375,0.375,0.25,0.25,0,0,1,0.629776017,next-voice-onset,scarlatti_k79,RH,normal,notation-shortening,,,
79,82,4,96.375,0.09375,0.125,0.125,0.0,0.375,0.125,0.0,0.0,0,0,0,0.95,key-release-grid+pedal-acoustic-grid,scarlatti_k79,RH,normal,notation-shortening,,,
79,82,4,96.375,0.09375,0.125,0.125,0.0,0.375,0.375,0.25,0.25,0,0,1,0.629776017,next-voice-onset,scarlatti_k79,RH,normal,notation-shortening,,,
72,68,4,96.75,0.1875,0.125,0.125,0.0,0.375,0.125,0.0,0.0,0,0,0,0.95,key-release-grid+pedal-acoustic-grid,scarlatti_k79,RH,normal,notation-shortening,,,
72,68,4,96.75,0.1875,0.125,0.125,0.0,0.375,0.375,0.25,0.25,0,0,1,0.629776017,next-voice-onset,scarlatti_k79,RH,normal,notation-shortening,,,
60,62,2,96.875,0.21875,0.125,0.125,0.0,1.0,0.125,0.0,0.0,0,0,0,0.95,key-release-grid+pedal-acoustic-grid,scarlatti_k79,RH,normal,notation-shortening,,,
60,62,2,96.875,0.21875,0.125,0.125,0.0,1.0,1.0,0.875,0.875,0,0,1,0.229126198,next-voice-onset,scarlatti_k79,RH,normal,notation-shortening,,,
80,74,1,97.125,0.28125,0.25,0.25,0.0,0.25,0.25,0.0,0.0,0,0,1,0.97,key-release-grid+next-voice-onset+pedal-acoustic-grid,scarlatti_k79,RH,normal,notation-shortening,,,
77,82,4,97.125,0.28125,0.125,0.125,0.0,0.25,0.125,0.0,0.0,0,0,0,0.95,key-release-grid+pedal-acoustic-grid,scarlatti_k79,RH,normal,notation-shortening,,,
77,82,4,97.125,0.28125,0.125,0.125,0.0,0.25,0.25,0.125,0.125,0,0,1,0.780337542,next-voice-onset,scarlatti_k79,RH,normal,notation-shortening,,,
79,91,1,97.375,0.34375,0.125,0.125,0.0,0.75,0.125,0.0,0.0,0,0,0,0.95,key-release-grid+pedal-acoustic-grid,scarlatti_k79,RH,normal,notation-shortening,,,
79,91,1,97.375,0.34375,0.125,0.125,0.0,0.75,0.75,0.625,0.625,0,0,1,0.338644996,next-voice-onset,scarlatti_k79,RH,normal,notation-shortening,,,
75,96,4,97.375,0.34375,0.125,0.125,0.0,0.5,0.125,0.0,0.0,0,0,0,0.95,key-release-grid+pedal-acoustic-grid,scarlatti_k79,RH,normal,notation-shortening,,,
75,96,4,97.375,0.34375,0.125,0.125,0.0,0.5,0.5,0.375,0.375,0,0,1,0.510063625,next-voice-onset,scarlatti_k79,RH,normal,notation-shortening,,,
60,44,2,97.875,0.46875,0.125,0.125,0.0,8.5,0.125,0.0,0.0,0,0,0,0.95,key-release-grid+pedal-acoustic-grid,scarlatti_k79,RH,normal,notation-shortening,,,
60,44,2,97.875,0.46875,0.125,0.125,0.0,8.5,2.125,2.0,2.0,0,1,0,0.075500436,barline,scarlatti_k79,RH,normal,notation-shortening,,,
60,44,2,97.875,0.46875,0.125,0.125,0.0,8.5,8.5,8.375,8.375,1,0,1,0.018845493,next-voice-onset,scarlatti_k79,RH,normal,notation-shortening,,,
72,72,4,97.875,0.46875,0.125,0.125,0.0,0.25,0.125,0.0,0.0,0,0,0,0.95,key-release-grid+pedal-acoustic-grid,scarlatti_k79,RH,normal,notation-shortening,,,
72,72,4,97.875,0.46875,0.125,0.125,0.0,0.25,0.25,0.125,0.125,0,0,1,0.780337542,next-voice-onset,scarlatti_k79,RH,normal,notation-shortening,,,
75,76,1,98.125,0.53125,0.125,0.125,0.0,0.375,0.125,0.0,0.0,0,0,0,0.95,key-release-grid+pedal-acoustic-grid,scarlatti_k79,RH,normal,notation-shortening,,,
75,76,1,98.125,0.53125,0.125,0.125,0.0,0.375,0.375,0.25,0.25,0,0,1,0.629776017,next-voice-onset,scarlatti_k79,RH,normal,notation-shortening,,,
72,56,4,98.125,0.53125,0.5,0.5,0.0,1.125,0.5,0.0,0.0,0,0,0,0.95,key-release-grid+pedal-acoustic-grid,scarlatti_k79,RH,normal,notation-shortening,,,
72,56,4,98.125,0.53125,0.5,0.5,0.0,1.125,0.666666667,0.166666667,0.166666667,0,0,0,0.706254605,key-release-grid+pedal-acoustic-grid,scarlatti_k79,RH,normal,notation-shortening,,,
72,56,4,98.125,0.53125,0.5,0.5,0.0,1.125,1.125,0.625,0.625,0,0,1,0.338644996,next-voice-onset,scarlatti_k79,RH,normal,notation-shortening,,,
70,88,1,98.5,0.625,0.125,0.125,0.0,0.375,0.125,0.0,0.0,0,0,0,0.95,key-release-grid+pedal-acoustic-grid,scarlatti_k79,RH,normal,notation-shortening,,,
70,88,1,98.5,0.625,0.125,0.125,0.0,0.375,0.375,0.25,0.25,0,0,1,0.629776017,next-voice-onset,scarlatti_k79,RH,normal,notation-shortening,,,
74,82,1,98.5,0.625,0.125,0.125,0.0,0.375,0.125,0.0,0.0,0,0,0,0.95,key-release-grid+pedal-acoustic-grid,scarlatti_k79,RH,normal,notation-shortening,,,
74,82,1,98.5,0.625,0.125,0.125,0.0,0.375,0.375,0.25,0.25,0,0,1,0.629776017,next-voice-onset,scarlatti_k79,RH,normal,notation-shortening,,,
67,72,1,98.875,0.71875,0.125,0.125,0.0,1.125,0.125,0.0,0.0,0,0,0,0.95,key-release-grid+pedal-acoustic-grid,scarlatti_k79,RH,normal,notation-shortening,,,
67,72,1,98.875,0.71875,0.125,0.125,0.0,1.125,1.125,1.0,1.0,0,1,1,0.230033251,barline+next-voice-onset,scarlatti_k79,RH,normal,notation-shortening,,,
72,58,4,99.25,0.8125,0.125,0.125,0.0,0.25,0.125,0.0,0.0,0,0,0,0.95,key-release-grid+pedal-acoustic-grid,scarlatti_k79,RH,normal,notation-shortening,,,
72,58,4,99.25,0.8125,0.125,0.125,0.0,0.25,0.25,0.125,0.125,0,0,1,0.780337542,next-voice-onset,scarlatti_k79,RH,normal,notation-shortening,,,
75,75,4,99.25,0.8125,0.125,0.125,0.0,0.25,0.125,0.0,0.0,0,0,0,0.95,key-release-grid+pedal-acoustic-grid,scarlatti_k79,RH,normal,notation-shortening,,,
75,75,4,99.25,0.8125,0.125,0.125,0.0,0.25,0.25,0.125,0.125,0,0,1,0.780337542,next-voice-onset,scarlatti_k79,RH,normal,notation-shortening,,,
70,90,4,99.5,0.875,0.125,0.125,0.0,0.75,0.125,0.0,0.0,0,0,0,0.95,key-release-grid+pedal-acoustic-grid,scarlatti_k79,RH,normal,notation-shortening,,,
70,90,4,99.5,0.875,0.125,0.125,0.0,0.75,0.5,0.375,0.375,0,1,0,0.530063625,barline,scarlatti_k79,RH,normal,notation-shortening,,,
70,90,4,99.5,0.875,0.125,0.125,0.0,0.75,0.75,0.625,0.625,1,0,1,0.318923847,next-voice-onset,scarlatti_k79,RH,normal,notation-shortening,,,
74,80,4,99.5,0.875,0.125,0.125,0.0,0.75,0.125,0.0,0.0,0,0,0,0.95,key-release-grid+pedal-acoustic-grid,scarlatti_k79,RH,normal,notation-shortening,,,
74,80,4,99.5,0.875,0.125,0.125,0.0,0.75,0.5,0.375,0.375,0,1,0,0.530063625,barline,scarlatti_k79,RH,normal,notation-shortening,,,
74,80,4,99.5,0.875,0.125,0.125,0.0,0.75,0.75,0.625,0.625,1,0,1,0.318923847,next-voice-onset,scarlatti_k79,RH,normal,notation-shortening,,,
67,78,1,100.0,0.0,0.125,0.125,0.0,0.25,0.125,0.0,0.0,0,0,0,0.95,key-release-grid+pedal-acoustic-grid,scarlatti_k79,RH,normal,notation-shortening,,,
67,78,1,100.0,0.0,0.125,0.125,0.0,0.25,0.25,0.125,0.125,0,0,1,0.780337542,next-voice-onset,scarlatti_k79,RH,normal,notation-shortening,,,
67,63,1,100.25,0.0625,0.25,0.25,0.0,0.375,0.25,0.0,0.0,0,0,0,0.95,key-release-grid+pedal-acoustic-grid,scarlatti_k79,RH,normal,notation-shortening,,,
67,63,1,100.25,0.0625,0.25,0.25,0.0,0.375,0.333333333,0.083333333,0.083333333,0,0,0,0.818746562,key-release-grid+pedal-acoustic-grid,scarlatti_k79,RH,normal,notation-shortening,,,
67,63,1,100.25,0.0625,0.25,0.25,0.0,0.375,0.375,0.125,0.125,0,0,1,0.780337542,next-voice-onset,scarlatti_k79,RH,normal,notation-shortening,,,
70,81,4,100.25,0.0625,0.25,0.25,0.0,0.375,0.25,0.0,0.0,0,0,0,0.95,key-release-grid+pedal-acoustic-grid,scarlatti_k79,RH,normal,notation-shortening,,,
70,81,4,100.25,0.0625,0.25,0.25,0.0,0.375,0.333333333,0.083333333,0.083333333,0,0,0,0.818746562,key-release-grid+pedal-acoustic-grid,scarlatti_k79,RH,normal,notation-shortening,,,
70,81,4,100.25,0.0625,0.25,0.25,0.0,0.375,0.375,0.125,0.125,0,0,1,0.780337542,next-voice-onset,scarlatti_k79,RH,normal,notation-shortening,,,
66,84,1,100.625,0.15625,0.125,0.125,0.0,0.5,0.125,0.0,0.0,0,0,0,0.95,key-release-grid+pedal-acoustic-grid,scarlatti_k79,RH,normal,notation-shortening,,,
66,84,1,100.625,0.15625,0.125,0.125,0.0,0.5,0.5,0.375,0.375,0,0,1,0.510063625,next-voice-onset,scarlatti_k79,RH,normal,notation-shortening,,,
69,84,4,100.625,0.15625,0.125,0.125,0.0,0.75,0.125,0.0,0.0,0,0,0,0.95,key-release-grid+pedal-acoustic-grid,scarlatti_k79,RH,normal,notation-shortening,,,
69,84,4,100.625,0.15625,0.125,0.125,0.0,0.75,0.75,0.625,0.625,0,0,1,0.338644996,next-voice-onset,scarlatti_k79,RH,normal,notation-shortening,,,
62,61,1,101.125,0.28125,0.125,0.125,0.0,0.75,0.125,0.0,0.0,0,0,0,0.95,key-release-grid+pedal-acoustic-grid,scarlatti_k79,RH,normal,notation-shortening,,,
62,61,1,101.125,0.28125,0.125,0.125,0.0,0.75,0.75,0.625,0.625,0,0,1,0.338644996,next-voice-onset,scarlatti_k79,RH,normal,notation-shortening,,,
67,67,4,101.375,0.34375,0.125,0.125,0.0,0.375,0.125,0.0,0.0,0,0,0,0.95,key-release-grid+pedal-acoustic-grid,scarlatti_k79,RH,normal,notation-shortening,,,
67,67,4,101.375,0.34375,0.125,0.125,0.0,0.375,0.375,0.25,0.25,0,0,1,0.629776017,next-voice-onset,scarlatti_k79,RH,normal,notation-shortening,,,
70,71,4,101.375,0.34375,0.125,0.125,0.0,0.375,0.125,0.0,0.0,0,0,0,0.95,key-release-grid+pedal-acoustic-grid,scarlatti_k79,RH,normal,notation-shortening,,,
70,71,4,101.375,0.34375,0.125,0.125,0.0,0.375,0.375,0.25,0.25,0,0,1,0.629776017,next-voice-onset,scarlatti_k79,RH,normal,notation-shortening,,,
69,94,4,101.75,0.4375,0.25,0.25,0.0,1.0,0.25,0.0,0.0,0,0,0,0.95,key-release-grid+pedal-acoustic-grid,scarlatti_k79,RH,normal,notation-shortening,,,
69,94,4,101.75,0.4375,0.25,0.25,0.0,1.0,0.333333333,0.083333333,0.083333333,0,0,0,0.818746562,key-release-grid+pedal-acoustic-grid,scarlatti_k79,RH,normal,notation-shortening,,,
69,94,4,101.75,0.4375,0.25,0.25,0.0,1.0,1.0,0.75,0.75,0,0,1,0.277833527,next-voice-onset,scarlatti_k79,RH,normal,notation-shortening,,,
67,81,1,101.875,0.46875,0.125,0.125,0.0,0.25,0.125,0.0,0.0,0,0,0,0.95,key-release-grid+pedal-acoustic-grid,scarlatti_k79,RH,normal,notation-shortening,,,
67,81,1,101.875,0.46875,0.125,0.125,0.0,0.25,0.25,0.125,0.125,0,0,1,0.780337542,next-voice-onset,scarlatti_k79,RH,normal,notation-shortening,,,
66,75,1,102.125,0.53125,0.125,0.125,0.0,0.125,0.125,0.0,0.0,0,0,1,0.97,key-release-grid+next-voice-onset+pedal-acoustic-grid,scarlatti_k79,RH,normal,notation-shortening,,,
64,75,1,102.25,0.5625,0.125,0.125,0.0,0.25,0.125,0.0,0.0,0,0,0,0.95,key-release-grid+pedal-acoustic-grid,scarlatti_k79,RH,normal,notation-shortening,,,
64,75,1,102.25,0.5625,0.125,0.125,0.0,0.25,0.25,0.125,0.125,0,0,1,0.780337542,next-voice-onset,scarlatti_k79,RH,normal,notation-shortening,,,
62,77,1,102.5,0.625,0.125,0.125,0.0,0.125,0.125,0.0,0.0,0,0,1,0.97,key-release-grid+next-voice-onset+pedal-acoustic-grid,scarlatti_k79,RH,normal,notation-shortening,,,
60,70,1,102.625,0.65625,0.125,0.125,0.0,0.375,0.125,0.0,0.0,0,0,0,0.95,key-release-grid+pedal-acoustic-grid,scarlatti_k79,RH,normal,notation-shortening,,,
60,70,1,102.625,0.65625,0.125,0.125,0.0,0.375,0.375,0.25,0.25,0,0,1,0.629776017,next-voice-onset,scarlatti_k79,RH,normal,notation-shortening,,,
74,86,4,102.75,0.6875,0.375,0.375,0.0,2.583333333,0.375,0.0,0.0,0,0,0,0.95,key-release-grid+pedal-acoustic-grid,scarlatti_k79,RH,normal,notation-shortening,,,
74,86,4,102.75,0.6875,0.375,0.375,0.0,2.583333333,0.333333333,0.041666667,0.041666667,0,0,0,0.881838446,key-release-grid+pedal-acoustic-grid,scarlatti_k79,RH,normal,notation-shortening,,,
74,86,4,102.75,0.6875,0.375,0.375,0.0,2.583333333,0.5,0.125,0.125,0,0,0,0.760337542,key-release-grid+pedal-acoustic-grid,scarlatti_k79,RH,normal,notation-shortening,,,
74,86,4,102.75,0.6875,0.375,0.375,0.0,2.583333333,1.25,0.875,0.875,0,1,0,0.249126198,barline,scarlatti_k79,RH,normal,notation-shortening,,,
74,86,4,102.75,0.6875,0.375,0.375,0.0,2.583333333,2.583333333,2.208333333,2.208333333,1,0,1,0.04342937,next-voice-onset,scarlatti_k79,RH,normal,notation-shortening,,,
72,80,1,103.0,0.75,0.125,0.125,0.0,0.125,0.125,0.0,0.0,0,0,1,0.97,key-release-grid+next-voice-onset+pedal-acoustic-grid,scarlatti_k79,RH,normal,notation-shortening,,,
71,79,1,103.125,0.78125,0.125,0.125,0.0,0.208333333,0.125,0.0,0.0,0,0,0,0.95,key-release-grid+pedal-acoustic-grid,scarlatti_k79,RH,normal,notation-shortening,,,
71,79,1,103.125,0.78125,0.125,0.125,0.0,0.208333333,0.208333333,0.083333333,0.083333333,0,0,1,0.838746562,next-voice-onset,scarlatti_k79,RH,normal,notation-shortening,,,
69,82,1,103.333333333,0.833333333,0.125,0.125,0.0,0.166666667,0.125,0.0,0.0,0,0,0,0.95,key-release-grid+pedal-acoustic-grid,scarlatti_k79,RH,normal,notation-shortening,,,
69,82,1,103.333333333,0.833333333,0.125,0.125,0.0,0.166666667,0.166666667,0.041666667,0.041666667,0,0,1,0.901838446,next-voice-onset,scarlatti_k79,RH,normal,notation-shortening,,,
67,77,1,103.5,0.875,0.125,0.125,0.0,0.25,0.125,0.0,0.0,0,0,0,0.95,key-release-grid+pedal-acoustic-grid,scarlatti_k79,RH,normal,notation-shortening,,,
67,77,1,103.5,0.875,0.125,0.125,0.0,0.25,0.25,0.125,0.125,0,0,1,0.780337542,next-voice-onset,scarlatti_k79,RH,normal,notation-shortening,,,
71,79,1,103.75,0.9375,0.125,0.125,0.0,0.125,0.125,0.0,0.0,0,0,1,0.97,key-release-grid+next-voice-onset+pedal-acoustic-grid,scarlatti_k79,RH,normal,notation-shortening,,,
69,88,1,103.875,0.96875,0.125,0.125,0.0,0.25,0.125,0.0,0.0,0,1,0,0.99,barline+key-release-grid+pedal-acoustic-grid,scarlatti_k79,RH,normal,notation-shortening,,,
69,88,1,103.875,0.96875,0.125,0.125,0.0,0.25,0.25,0.125,0.125,1,0,1,0.734894222,next-voice-onset,scarlatti_k79,RH,normal,notation-shortening,,,
72,81,1,104.125,0.03125,0.125,0.125,0.0,0.125,0.125,0.0,0.0,0,0,1,0.97,key-release-grid+next-voice-onset+pedal-acoustic-grid,scarlatti_k79,RH,normal,notation-shortening,,,
71,83,1,104.25,0.0625,0.125,0.125,0.0,0.125,0.125,0.0,0.0,0,0,1,0.97,key-release-grid+next-voice-onset+pedal-acoustic-grid,scarlatti_k79,RH,normal,notation-shortening,,,
67,83,1,104.375,0.09375,0.125,0.125,0.0,0.25,0.125,0.0,0.0,0,0,0,0.95,key-release-grid+pedal-acoustic-grid,scarlatti_k79,RH,normal,notation-shortening,,,
67,83,1,104.375,0.09375,0.125,0.125,0.0,0.25,0.25,0.125,0.125,0,0,1,0.780337542,next-voice-onset,scarlatti_k79,RH,normal,notation-shortening,,,
69,89,1,104.625,0.15625,0.125,0.125,0.0,0.125,0.125,0.0,0.0,0,0,1,0.97,key-release-grid+next-voice-onset+pedal-acoustic-grid,scarlatti_k79,RH,normal,notation-shortening,,,
66,83,1,104.75,0.1875,0.125,0.125,0.0,0.25,0.125,0.0,0.0,0,0,0,0.95,key-release-grid+pedal-acoustic-grid,scarlatti_k79,RH,normal,notation-shortening,,,
66,83,1,104.75,0.1875,0.125,0.125,0.0,0.25,0.25,0.125,0.125,0,0,1,0.780337542,next-voice-onset,scarlatti_k79,RH,normal,notation-shortening,,,
67,88,1,105.0,0.25,0.125,0.125,0.0,0.125,0.125,0.0,0.0,0,0,1,0.97,key-release-grid+next-voice-onset+pedal-acoustic-grid,scarlatti_k79,RH,normal,notation-shortening,,,
62,83,1,105.125,0.28125,0.25,0.25,0.0,1.125,0.25,0.0,0.0,0,0,0,0.95,key-release-grid+pedal-acoustic-grid,scarlatti_k79,RH,normal,notation-shortening,,,
62,83,1,105.125,0.28125,0.25,0.25,0.0,1.125,0.333333333,0.083333333,0.083333333,0,0,0,0.818746562,key-release-grid+pedal-acoustic-grid,scarlatti_k79,RH,normal,notation-shortening,,,
62,83,1,105.125,0.28125,0.25,0.25,0.0,1.125,1.125,0.875,0.875,0,0,1,0.229126198,next-voice-onset,scarlatti_k79,RH,normal,notation-shortening,,,
71,92,4,105.333333333,0.333333333,0.125,0.125,0.0,0.166666667,0.125,0.0,0.0,0,0,0,0.95,key-release-grid+pedal-acoustic-grid,scarlatti_k79,RH,normal,notation-shortening,,,
71,92,4,105.333333333,0.333333333,0.125,0.125,0.0,0.166666667,0.166666667,0.041666667,0.041666667,0,0,1,0.901838446,next-voice-onset,scarlatti_k79,RH,normal,notation-shortening,,,
67,89,4,105.5,0.375,0.125,0.125,0.0,0.125,0.125,0.0,0.0,0,0,1,0.97,key-release-grid+next-voice-onset+pedal-acoustic-grid,scarlatti_k79,RH,normal,notation-shortening,,,
74,88,4,105.625,0.40625,0.125,0.125,0.0,0.125,0.125,0.0,0.0,0,0,1,0.97,key-release-grid+next-voice-onset+pedal-acoustic-grid,scarlatti_k79,RH,high,independent-voice,,,
71,88,4,105.75,0.4375,0.25,0.25,0.0,0.25,0.25,0.0,0.0,0,0,1,0.97,key-release-grid+next-voice-onset+pedal-acoustic-grid,scarlatti_k79,RH,normal,notation-shortening,,,
79,95,4,106.0,0.5,0.875,0.875,0.0,-1.0,0.875,0.0,0.0,0,0,0,0.95,key-release-grid+pedal-acoustic-grid,scarlatti_k79,RH,high,independent-voice,,,
79,95,4,106.0,0.5,0.875,0.875,0.0,-1.0,1.0,0.125,0.125,0,0,0,0.760337542,key-release-grid+pedal-acoustic-grid,scarlatti_k79,RH,high,independent-voice,,,
79,95,4,106.0,0.5,0.875,0.875,0.0,-1.0,2.0,1.125,1.125,0,1,0,0.178589522,barline,scarlatti_k79,RH,high,independent-voice,,,
74,85,1,106.25,0.5625,0.375,0.375,0.0,0.375,0.375,0.0,0.0,0,0,1,0.97,key-release-grid+next-voice-onset+pedal-acoustic-grid,scarlatti_k79,RH,normal,notation-shortening,,,
74,85,1,106.25,0.5625,0.375,0.375,0.0,0.375,0.333333333,0.041666667,0.041666667,0,0,0,0.881838446,key-release-grid+pedal-acoustic-grid,scarlatti_k79,RH,normal,notation-shortening,,,
71,87,2,106.375,0.59375,0.5,0.5,0.0,0.5,0.5,0.0,0.0,0,0,1,0.97,key-release-grid+next-voice-onset+pedal-acoustic-grid,scarlatti_k79,RH,normal,notation-shortening,,,
74,83,1,106.625,0.65625,0.125,0.125,0.0,0.125,0.125,0.0,0.0,0,0,1,0.97,key-release-grid+next-voice-onset+pedal-acoustic-grid,scarlatti_k79,RH,normal,notation-shortening,,,
67,90,1,106.75,0.6875,0.125,0.125,0.0,0.375,0.125,0.0,0.0,0,0,0,0.95,key-release-grid+pedal-acoustic-grid,scarlatti_k79,RH,normal,notation-shortening,,,
67,90,1,106.75,0.6875,0.125,0.125,0.0,0.375,0.375,0.25,0.25,0,0,1,0.629776017,next-voice-onset,scarlatti_k79,RH,normal,notation-shortening,,,
71,86,2,106.875,0.71875,0.25,0.25,0.0,0.375,0.25,0.0,0.0,0,0,0,0.95,key-release-grid+pedal-acoustic-grid,scarlatti_k79,RH,normal,notation-shortening,,,
71,86,2,106.875,0.71875,0.25,0.25,0.0,0.375,0.333333333,0.083333333,0.083333333,0,0,0,0.818746562,key-release-grid+pedal-acoustic-grid,scarlatti_k79,RH,normal,notation-shortening,,,
71,86,2,106.875,0.71875,0.25,0.25,0.0,0.375,0.375,0.125,0.125,0,0,1,0.780337542,next-voice-onset,scarlatti_k79,RH,normal,notation-shortening,,,
62,86,1,107.125,0.78125,0.125,0.125,0.0,0.541666667,0.125,0.0,0.0,0,0,0,0.95,key-release-grid+pedal-acoustic-grid,scarlatti_k79,RH,normal,notation-shortening,,,
62,86,1,107.125,0.78125,0.125,0.125,0.0,0.541666667,0.541666667,0.416666667,0.416666667,0,0,1,0.475851411,next-voice-onset,scarlatti_k79,RH,normal,notation-shortening,,,
67,93,2,107.25,0.8125,0.25,0.25,0.0,-1.0,0.25,0.0,0.0,0,0,0,0.95,key-release-grid+pedal-acoustic-grid,scarlatti_k79,RH,normal,notation-shortening,,,
67,93,2,107.25,0.8125,0.25,0.25,0.0,-1.0,0.333333333,0.083333333,0.083333333,0,0,0,0.818746562,key-release-grid+pedal-acoustic-grid,scarlatti_k79,RH,normal,notation-shortening,,,
67,93,2,107.25,0.8125,0.25,0.25,0.0,-1.0,0.75,0.5,0.5,0,1,0,0.434718518,barline,scarlatti_k79,RH,normal,notation-shortening,,,
62,90,1,107.666666667,0.916666667,0.25,0.25,0.0,-1.0,0.25,0.0,0.0,0,0,0,0.95,key-release-grid+pedal-acoustic-grid,scarlatti_k79,RH,normal,notation-shortening,,,
62,90,1,107.666666667,0.916666667,0.25,0.25,0.0,-1.0,0.333333333,0.083333333,0.083333333,0,1,0,0.858746562,barline+key-release-grid+pedal-acoustic-grid,scarlatti_k79,RH,normal,notation-shortening,,,
55,72,1,5.125,0.28125,0.125,0.125,0.0,0.375,0.125,0.0,0.0,0,0,0,0.95,key-release-grid+pedal-acoustic-grid,scarlatti_k79,LH,normal,notation-shortening,,,
55,72,1,5.125,0.28125,0.125,0.125,0.0,0.375,0.375,0.25,0.25,0,0,1,0.629776017,next-voice-onset,scarlatti_k79,LH,normal,notation-shortening,,,
55,64,1,5.5,0.375,0.125,0.125,0.0,0.375,0.125,0.0,0.0,0,0,0,0.95,key-release-grid+pedal-acoustic-grid,scarlatti_k79,LH,normal,notation-shortening,,,
55,64,1,5.5,0.375,0.125,0.125,0.0,0.375,0.375,0.25,0.25,0,0,1,0.629776017,next-voice-onset,scarlatti_k79,LH,normal,notation-shortening,,,
57,70,1,5.875,0.46875,0.333333333,0.333333333,-0.0,1.0,0.333333333,0.0,0.0,0,0,0,0.949999999,key-release-grid+pedal-acoustic-grid,scarlatti_k79,LH,normal,notation-shortening,,,
57,70,1,5.875,0.46875,0.333333333,0.333333333,-0.0,1.0,0.375,0.041666667,0.041666667,0,0,0,0.881838446,key-release-grid+pedal-acoustic-grid,scarlatti_k79,LH,normal,notation-shortening,,,
57,70,1,5.875,0.46875,0.333333333,0.333333333,-0.0,1.0,0.25,0.083333333,0.083333333,0,0,0,0.818746562,key-release-grid+pedal-acoustic-grid,scarlatti_k79,LH,normal,notation-shortening,,,
57,70,1,5.875,0.46875,0.333333333,0.333333333,-0.0,1.0,1.0,0.666666667,0.666666667,0,0,1,0.316850238,next-voice-onset,scarlatti_k79,LH,normal,notation-shortening,,,
55,70,2,6.125,0.53125,0.125,0.125,0.0,0.375,0.125,0.0,0.0,0,0,0,0.95,key-release-grid+pedal-acoustic-grid,scarlatti_k79,LH,normal,notation-shortening,,,
55,70,2,6.125,0.53125,0.125,0.125,0.0,0.375,0.375,0.25,0.25,0,0,1,0.629776017,next-voice-onset,scarlatti_k79,LH,normal,notation-shortening,,,
55,71,2,6.5,0.625,0.125,0.125,0.0,0.75,0.125,0.0,0.0,0,0,0,0.95,key-release-grid+pedal-acoustic-grid,scarlatti_k79,LH,normal,notation-shortening,,,
55,71,2,6.5,0.625,0.125,0.125,0.0,0.75,0.75,0.625,0.625,0,0,1,0.338644996,next-voice-onset,scarlatti_k79,LH,normal,notation-shortening,,,
57,70,1,6.875,0.71875,0.25,0.25,0.0,0.375,0.25,0.0,0.0,0,0,0,0.95,key-release-grid+pedal-acoustic-grid,scarlatti_k79,LH,normal,notation-shortening,,,
57,70,1,6.875,0.71875,0.25,0.25,0.0,0.375,0.333333333,0.083333333,0.083333333,0,0,0,0.818746562,key-release-grid+pedal-acoustic-grid,scarlatti_k79,LH,normal,notation-shortening,,,
57,70,1,6.875,0.71875,0.25,0.25,0.0,0.375,0.375,0.125,0.125,0,0,1,0.780337542,next-voice-onset,scarlatti_k79,LH,normal,notation-shortening,,,
43,72,1,7.25,0.8125,0.125,0.125,0.0,0.875,0.125,0.0,0.0,0,0,0,0.95,key-release-grid+pedal-acoustic-grid,scarlatti_k79,LH,normal,notation-shortening,,,
43,72,1,7.25,0.8125,0.125,0.125,0.0,0.875,0.75,0.625,0.625,0,1,0,0.358644996,barline,scarlatti_k79,LH,normal,notation-shortening,,,
43,72,1,7.25,0.8125,0.125,0.125,0.0,0.875,0.875,0.75,0.75,1,0,1,0.261653762,next-voice-onset,scarlatti_k79,LH,normal,notation-shortening,,,
55,80,2,7.25,0.8125,0.125,0.125,0.0,0.25,0.125,0.0,0.0,0,0,0,0.95,key-release-grid+pedal-acoustic-grid,scarlatti_k79,LH,normal,notation-shortening,,,
55,80,2,7.25,0.8125,0.125,0.125,0.0,0.25,0.25,0.125,0.125,0,0,1,0.780337542,next-voice-onset,scarlatti_k79,LH,normal,notation-shortening,,,
54,80,2,7.5,0.875,0.125,0.125,0.0,0.125,0.125,0.0,0.0,0,0,1,0.97,key-release-grid+next-voice-onset+pedal-acoustic-grid,scarlatti_k79,LH,normal,notation-shortening,,,
55,85,2,7.625,0.90625,0.125,0.125,0.0,0.125,0.125,0.0,0.0,0,0,1,0.97,key-release-grid+next-voice-onset+pedal-acoustic-grid,scarlatti_k79,LH,normal,notation-shortening,,,
50,78,2,7.75,0.9375,0.125,0.125,0.0,0.25,0.125,0.0,0.0,0,0,0,0.95,key-release-grid+pedal-acoustic-grid,scarlatti_k79,LH,normal,notation-shortening,,,
50,78,2,7.75,0.9375,0.125,0.125,0.0,0.25,0.25,0.125,0.125,0,1,1,0.820337542,barline+next-voice-onset,scarlatti_k79,LH,normal,notation-shortening,,,
52,79,2,8.0,0.0,0.25,0.25,0.0,2.375,0.25,0.0,0.0,0,0,0,0.95,key-release-grid+pedal-acoustic-grid,scarlatti_k79,LH,normal,notation-shortening,,,
52,79,2,8.0,0.0,0.25,0.25,0.0,2.375,0.333333333,0.083333333,0.083333333,0,0,0,0.818746562,key-release-grid+pedal-acoustic-grid,scarlatti_k79,LH,normal,notation-shortening,,,
52,79,2,8.0,0.0,0.25,0.25,0.0,2.375,2.375,2.125,2.125,0,0,1,0.04950538,next-voice-onset,scarlatti_k79,LH,normal,notation-shortening,,,
48,79,1,8.125,0.03125,0.25,0.25,0.0,0.25,0.25,0.0,0.0,0,0,1,0.97,key-release-grid+next-voice-onset+pedal-acoustic-grid,scarlatti_k79,LH,normal,notation-shortening,,,
50,76,1,8.375,0.09375,0.125,0.125,0.0,0.125,0.125,0.0,0.0,0,0,1,0.97,key-release-grid+next-voice-onset+pedal-acoustic-grid,scarlatti_k79,LH,normal,notation-shortening,,,
48,80,1,8.5,0.125,0.125,0.125,0.0,0.25,0.125,0.0,0.0,0,0,0,0.95,key-release-grid+pedal-acoustic-grid,scarlatti_k79,LH,normal,notation-shortening,,,
48,80,1,8.5,0.125,0.125,0.125,0.0,0.25,0.25,0.125,0.125,0,0,1,0.780337542,next-voice-onset,scarlatti_k79,LH,normal,notation-shortening,,,
50,74,1,8.75,0.1875,0.125,0.125,0.0,0.125,0.125,0.0,0.0,0,0,1,0.97,key-release-grid+next-voice-onset+pedal-acoustic-grid,scarlatti_k79,LH,normal,notation-shortening,,,
47,70,1,8.875,0.21875,0.125,0.125,0.0,0.125,0.125,0.0,0.0,0,0,1,0.97,key-release-grid+next-voice-onset+pedal-acoustic-grid,scarlatti_k79,LH,normal,notation-shortening,,,
48,72,1,9.0,0.25,0.125,0.125,0.0,0.25,0.125,0.0,0.0,0,0,0,0.95,key-release-grid+pedal-acoustic-grid,scarlatti_k79,LH,normal,notation-shortening,,,
48,72,1,9.0,0.25,0.125,0.125,0.0,0.25,0.25,0.125,0.125,0,0,1,0.780337542,next-voice-onset,scarlatti_k79,LH,normal,notation-shortening,,,
45,71,1,9.25,0.3125,0.125,0.125,0.0,0.125,0.125,0.0,0.0,0,0,1,0.97,key-release-grid+next-voice-onset+pedal-acoustic-grid,scarlatti_k79,LH,normal,notation-shortening,,,
47,81,1,9.375,0.34375,0.125,0.125,0.0,0.25,0.125,0.0,0.0,0,0,0,0.95,key-release-grid+pedal-acoustic-grid,scarlatti_k79,LH,normal,notation-shortening,,,
47,81,1,9.375,0.34375,0.125,0.125,0.0,0.25,0.25,0.125,0.125,0,0,1,0.780337542,next-voice-onset,scarlatti_k79,LH,normal,notation-shortening,,,
45,67,1,9.625,0.40625,0.125,0.125,0.0,0.125,0.125,0.0,0.0,0,0,1,0.97,key-release-grid+next-voice-onset+pedal-acoustic-grid,scarlatti_k79,LH,normal,notation-shortening,,,
47,72,1,9.75,0.4375,0.125,0.125,0.0,0.125,0.125,0.0,0.0,0,0,1,0.97,key-release-grid+next-voice-onset+pedal-acoustic-grid,scarlatti_k79,LH,normal,notation-shortening,,,
43,71,1,9.875,0.46875,0.125,0.125,0.0,0.25,0.125,0.0,0.0,0,0,0,0.95,key-release-grid+pedal-acoustic-grid,scarlatti_k79,LH,normal,notation-shortening,,,
43,71,1,9.875,0.46875,0.125,0.125,0.0,0.25,0.25,0.125,0.125,0,0,1,0.780337542,next-voice-onset,scarlatti_k79,LH,normal,notation-shortening,,,
45,73,1,10.125,0.53125,0.125,0.125,0.0,0.125,0.125,0.0,0.0,0,0,1,0.97,key-release-grid+next-voice-onset+pedal-acoustic-grid,scarlatti_k79,LH,normal,notation-shortening,,,
42,84,1,10.25,0.5625,0.125,0.125,0.0,2.416666667,0.125,0.0,0.0,0,0,0,0.95,key-release-grid+pedal-acoustic-grid,scarlatti_k79,LH,normal,notation-shortening,,,
42,84,1,10.25,0.5625,0.125,0.125,0.0,2.416666667,1.75,1.625,1.625,0,1,0,0.102710463,barline,scarlatti_k79,LH,normal,notation-shortening,,,
42,84,1,10.25,0.5625,0.125,0.125,0.0,2.416666667,2.416666667,2.291666667,2.291666667,1,0,1,0.04062443,next-voice-onset,scarlatti_k79,LH,normal,notation-shortening,,,
55,88,2,10.375,0.59375,0.125,0.125,0.0,0.5,0.125,0.0,0.0,0,0,0,0.95,key-release-grid+pedal-acoustic-grid,scarlatti_k79,LH,normal,notation-shortening,,,
55,88,2,10.375,0.59375,0.125,0.125,0.0,0.5,0.5,0.375,0.375,0,0,1,0.510063625,next-voice-onset,scarlatti_k79,LH,normal,notation-shortening,,,
55,58,2,10.875,0.71875,0.125,0.125,0.0,0.375,0.125,0.0,0.0,0,0,0,0.95,key-release-grid+pedal-acoustic-grid,scarlatti_k79,LH,normal,notation-shortening,,,
55,58,2,10.875,0.71875,0.125,0.125,0.0,0.375,0.375,0.25,0.25,0,0,1,0.629776017,next-voice-onset,scarlatti_k79,LH,normal,notation-shortening,,,
57,64,2,11.25,0.8125,0.375,0.375,0.0,0.375,0.375,0.0,0.0,0,0,1,0.97,key-release-grid+next-voice-onset+pedal-acoustic-grid,scarlatti_k79,LH,normal,notation-shortening,,,
57,64,2,11.25,0.8125,0.375,0.375,0.0,0.375,0.333333333,0.041666667,0.041666667,0,0,0,0.881838446,key-release-grid+pedal-acoustic-grid,scarlatti_k79,LH,normal,notation-shortening,,,
55,76,2,11.625,0.90625,0.125,0.125,0.0,0.25,0.125,0.0,0.0,0,0,0,0.95,key-release-grid+pedal-acoustic-grid,scarlatti_k79,LH,normal,notation-shortening,,,
55,76,2,11.625,0.90625,0.125,0.125,0.0,0.25,0.25,0.125,0.125,0,0,1,0.780337542,next-voice-onset,scarlatti_k79,LH,normal,notation-shortening,,,
55,66,2,11.875,0.96875,0.125,0.125,0.0,0.375,0.125,0.0,0.0,0,1,0,0.99,barline+key-release-grid+pedal-acoustic-grid,scarlatti_k79,LH,normal,notation-shortening,,,
55,66,2,11.875,0.96875,0.125,0.125,0.0,0.375,0.375,0.25,0.25,1,0,1,0.593100717,next-voice-onset,scarlatti_k79,LH,normal,notation-shortening,,,
57,75,2,12.25,0.0625,0.25,0.25,0.0,0.416666667,0.25,0.0,0.0,0,0,0,0.95,key-release-grid+pedal-acoustic-grid,scarlatti_k79,LH,normal,notation-shortening,,,
57,75,2,12.25,0.0625,0.25,0.25,0.0,0.416666667,0.333333333,0.083333333,0.083333333,0,0,0,0.818746562,key-release-grid+pedal-acoustic-grid,scarlatti_k79,LH,normal,notation-shortening,,,
57,75,2,12.25,0.0625,0.25,0.25,0.0,0.416666667,0.416666667,0.166666667,0.166666667,0,0,1,0.726254605,next-voice-onset,scarlatti_k79,LH,normal,notation-shortening,,,
43,62,1,12.666666667,0.166666667,0.125,0.125,0.0,0.458333333,0.125,0.0,0.0,0,0,0,0.95,key-release-grid+pedal-acoustic-grid,scarlatti_k79,LH,normal,notation-shortening,,,
43,62,1,12.666666667,0.166666667,0.125,0.125,0.0,0.458333333,0.458333333,0.333333333,0.333333333,0,0,1,0.546971995,next-voice-onset,scarlatti_k79,LH,normal,notation-shortening,,,
55,64,2,12.666666667,0.166666667,0.125,0.125,0.0,0.208333333,0.125,0.0,0.0,0,0,0,0.95,key-release-grid+pedal-acoustic-grid,scarlatti_k79,LH,normal,notation-shortening,,,
55,64,2,12.666666667,0.166666667,0.125,0.125,0.0,0.208333333,0.208333333,0.083333333,0.083333333,0,0,1,0.838746562,next-voice-onset,scarlatti_k79,LH,normal,notation-shortening,,,
54,73,2,12.875,0.21875,0.125,0.125,0.0,0.125,0.125,0.0,0.0,0,0,1,0.97,key-release-grid+next-voice-onset+pedal-acoustic-grid,scarlatti_k79,LH,normal,notation-shortening,,,
55,75,2,13.0,0.25,0.25,0.25,0.0,2.666666667,0.25,0.0,0.0,0,0,0,0.95,key-release-grid+pedal-acoustic-grid,scarlatti_k79,LH,normal,notation-shortening,,,
55,75,2,13.0,0.25,0.25,0.25,0.0,2.666666667,0.333333333,0.083333333,0.083333333,0,0,0,0.818746562,key-release-grid+pedal-acoustic-grid,scarlatti_k79,LH,normal,notation-shortening,,,
55,75,2,13.0,0.25,0.25,0.25,0.0,2.666666667,2.666666667,2.416666667,2.416666667,0,0,1,0.039327766,next-voice-onset,scarlatti_k79,LH,normal,notation-shortening,,,
50,71,1,13.125,0.28125,0.125,0.125,0.0,0.208333333,0.125,0.0,0.0,0,0,0,0.95,key-release-grid+pedal-acoustic-grid,scarlatti_k79,LH,normal,notation-shortening,,,
50,71,1,13.125,0.28125,0.125,0.125,0.0,0.208333333,0.208333333,0.083333333,0.083333333,0,0,1,0.838746562,next-voice-onset,scarlatti_k79,LH,normal,notation-shortening,,,
52,63,1,13.333333333,0.333333333,0.125,0.125,0.0,0.166666667,0.125,0.0,0.0,0,0,0,0.95,key-release-grid+pedal-acoustic-grid,scarlatti_k79,LH,normal,notation-shortening,,,
52,63,1,13.333333333,0.333333333,0.125,0.125,0.0,0.166666667,0.166666667,0.041666667,0.041666667,0,0,1,0.901838446,next-voice-onset,scarlatti_k79,LH,normal,notation-shortening,,,
48,60,1,13.5,0.375,0.125,0.125,0.0,0.25,0.125,0.0,0.0,0,0,0,0.95,key-release-grid+pedal-acoustic-grid,scarlatti_k79,LH,normal,notation-shortening,,,
48,60,1,13.5,0.375,0.125,0.125,0.0,0.25,0.25,0.125,0.125,0,0,1,0.780337542,next-voice-onset,scarlatti_k79,LH,normal,notation-shortening,,,
50,64,1,13.75,0.4375,0.125,0.125,0.0,0.25,0.125,0.0,0.0,0,0,0,0.95,key-release-grid+pedal-acoustic-grid,scarlatti_k79,LH,normal,notation-shortening,,,
50,64,1,13.75,0.4375,0.125,0.125,0.0,0.25,0.25,0.125,0.125,0,0,1,0.780337542,next-voice-onset,scarlatti_k79,LH,normal,notation-shortening,,,
48,62,1,14.0,0.5,0.125,0.125,0.0,0.125,0.125,0.0,0.0,0,0,1,0.97,key-release-grid+next-voice-onset+pedal-acoustic-grid,scarlatti_k79,LH,normal,notation-shortening,,,
50,67,1,14.125,0.53125,0.125,0.125,0.0,0.125,0.125,0.0,0.0,0,0,1,0.97,key-release-grid+next-voice-onset+pedal-acoustic-grid,scarlatti_k79,LH,normal,notation-shortening,,,
47,72,1,14.25,0.5625,0.125,0.125,0.0,0.25,0.125,0.0,0.0,0,0,0,0.95,key-release-grid+pedal-acoustic-grid,scarlatti_k79,LH,normal,notation-shortening,,,
47,72,1,14.25,0.5625,0.125,0.125,0.0,0.25,0.25,0.125,0.125,0,0,1,0.780337542,next-voice-onset,scarlatti_k79,LH,normal,notation-shortening,,,
48,71,1,14.5,0.625,0.125,0.125,0.0,0.125,0.125,0.0,0.0,0,0,1,0.97,key-release-grid+next-voice-onset+pedal-acoustic-grid,scarlatti_k79,LH,normal,notation-shortening,,,
45,73,1,14.625,0.65625,0.125,0.125,0.0,0.25,0.125,0.0,0.0,0,0,0,0.95,key-release-grid+pedal-acoustic-grid,scarlatti_k79,LH,normal,notation-shortening,,,
45,73,1,14.625,0.65625,0.125,0.125,0.0,0.25,0.25,0.125,0.125,0,0,1,0.780337542,next-voice-onset,scarlatti_k79,LH,normal,notation-shortening,,,
47,75,1,14.875,0.71875,0.125,0.125,0.0,0.125,0.125,0.0,0.0,0,0,1,0.97,key-release-grid+next-voice-onset+pedal-acoustic-grid,scarlatti_k79,LH,normal,notation-shortening,,,
45,69,1,15.0,0.75,0.125,0.125,0.0,0.125,0.125,0.0,0.0,0,0,1,0.97,key-release-grid+next-voice-onset+pedal-acoustic-grid,scarlatti_k79,LH,normal,notation-shortening,,,
47,77,1,15.125,0.78125,0.125,0.125,0.0,0.208333333,0.125,0.0,0.0,0,0,0,0.95,key-release-grid+pedal-acoustic-grid,scarlatti_k79,LH,normal,notation-shortening,,,
47,77,1,15.125,0.78125,0.125,0.125,0.0,0.208333333,0.208333333,0.083333333,0.083333333,0,0,1,0.838746562,next-voice-onset,scarlatti_k79,LH,normal,notation-shortening,,,
43,75,1,15.333333333,0.833333333,0.125,0.125,0.0,0.166666667,0.125,0.0,0.0,0,0,0,0.95,key-release-grid+pedal-acoustic-grid,scarlatti_k79,LH,normal,notation-shortening,,,
43,75,1,15.333333333,0.833333333,0.125,0.125,0.0,0.166666667,0.166666667,0.041666667,0.041666667,0,0,1,0.901838446,next-voice-onset,scarlatti_k79,LH,normal,notation-shortening,,,
45,78,1,15.5,0.875,0.25,0.25,0.0,0.375,0.25,0.0,0.0,0,0,0,0.95,key-release-grid+pedal-acoustic-grid,scarlatti_k79,LH,normal,notation-shortening,,,
45,78,1,15.5,0.875,0.25,0.25,0.0,0.375,0.333333333,0.083333333,0.083333333,0,0,0,0.818746562,key-release-grid+pedal-acoustic-grid,scarlatti_k79,LH,normal,notation-shortening,,,
45,78,1,15.5,0.875,0.25,0.25,0.0,0.375,0.375,0.125,0.125,0,0,1,0.780337542,next-voice-onset,scarlatti_k79,LH,normal,notation-shortening,,,
42,80,2,15.666666667,0.916666667,0.25,0.25,0.0,1.083333333,0.25,0.0,0.0,0,0,0,0.95,key-release-grid+pedal-acoustic-grid,scarlatti_k79,LH,normal,notation-shortening,,,
42,80,2,15.666666667,0.916666667,0.25,0.25,0.0,1.083333333,0.333333333,0.083333333,0.083333333,0,1,0,0.858746562,barline+key-release-grid+pedal-acoustic-grid,scarlatti_k79,LH,normal,notation-shortening,,,
42,80,2,15.666666667,0.916666667,0.25,0.25,0.0,1.083333333,1.083333333,0.833333333,0.833333333,1,0,1,0.229962684,next-voice-onset,scarlatti_k79,LH,normal,notation-shortening,,,
43,88,1,15.875,0.96875,0.125,0.125,0.0,0.625,0.125,0.0,0.0,0,1,0,0.99,barline+key-release-grid+pedal-acoustic-grid,scarlatti_k79,LH,normal,notation-shortening,,,
43,88,1,15.875,0.96875,0.125,0.125,0.0,0.625,0.625,0.5,0.5,1,0,1,0.390567192,next-voice-onset,scarlatti_k79,LH,normal,notation-shortening,,,
45,72,1,16.5,0.125,0.125,0.125,0.0,0.125,0.125,0.0,0.0,0,0,1,0.97,key-release-grid+next-voice-onset+pedal-acoustic-grid,scarlatti_k79,LH,normal,notation-shortening,,,
47,85,1,16.625,0.15625,0.25,0.25,0.0,1.708333333,0.25,0.0,0.0,0,0,0,0.95,key-release-grid+pedal-acoustic-grid,scarlatti_k79,LH,normal,notation-shortening,,,
47,85,1,16.625,0.15625,0.25,0.25,0.0,1.708333333,0.333333333,0.083333333,0.083333333,0,0,0,0.818746562,key-release-grid+pedal-acoustic-grid,scarlatti_k79,LH,normal,notation-shortening,,,
47,85,1,16.625,0.15625,0.25,0.25,0.0,1.708333333,1.708333333,1.458333333,1.458333333,0,0,1,0.101323122,next-voice-onset,scarlatti_k79,LH,normal,notation-shortening,,,
48,85,2,16.75,0.1875,0.125,0.125,0.0,0.25,0.125,0.0,0.0,0,0,0,0.95,key-release-grid+pedal-acoustic-grid,scarlatti_k79,LH,normal,notation-shortening,,,
48,85,2,16.75,0.1875,0.125,0.125,0.0,0.25,0.25,0.125,0.125,0,0,1,0.780337542,next-voice-onset,scarlatti_k79,LH,normal,notation-shortening,,,
50,85,2,17.0,0.25,0.125,0.125,0.0,0.333333333,0.125,0.0,0.0,0,0,0,0.95,key-release-grid+pedal-acoustic-grid,scarlatti_k79,LH,normal,notation-shortening,,,
50,85,2,17.0,0.25,0.125,0.125,0.0,0.333333333,0.333333333,0.208333333,0.208333333,0,0,1,0.676168637,next-voice-onset,scarlatti_k79,LH,normal,notation-shortening,,,
52,74,2,17.333333333,0.333333333,0.125,0.125,0.0,0.333333333,0.125,0.0,0.0,0,0,0,0.95,key-release-grid+pedal-acoustic-grid,scarlatti_k79,LH,normal,notation-shortening,,,
52,74,2,17.333333333,0.333333333,0.125,0.125,0.0,0.333333333,0.333333333,0.208333333,0.208333333,0,0,1,0.676168637,next-voice-onset,scarlatti_k79,LH,normal,notation-shortening,,,
54,68,2,17.666666667,0.416666667,0.25,0.25,0.0,0.333333333,0.25,0.0,0.0,0,0,0,0.95,key-release-grid+pedal-acoustic-grid,scarlatti_k79,LH,normal,notation-shortening,,,
54,68,2,17.666666667,0.416666667,0.25,0.25,0.0,0.333333333,0.333333333,0.083333333,0.083333333,0,0,1,0.838746562,key-release-grid+next-voice-onset+pedal-acoustic-grid,scarlatti_k79,LH,normal,notation-shortening,,,
55,96,2,18.0,0.5,0.125,0.125,0.0,0.75,0.125,0.0,0.0,0,0,0,0.95,key-release-grid+pedal-acoustic-grid,scarlatti_k79,LH,normal,notation-shortening,,,
55,96,2,18.0,0.5,0.125,0.125,0.0,0.75,0.75,0.625,0.625,0,0,1,0.338644996,next-voice-onset,scarlatti_k79,LH,normal,notation-shortening,,,
59,85,2,18.0,0.5,0.125,0.125,0.0,0.75,0.125,0.0,0.0,0,0,0,0.95,key-release-grid+pedal-acoustic-grid,scarlatti_k79,LH,normal,notation-shortening,,,
59,85,2,18.0,0.5,0.125,0.125,0.0,0.75,0.75,0.625,0.625,0,0,1,0.338644996,next-voice-onset,scarlatti_k79,LH,normal,notation-shortening,,,
43,82,1,18.333333333,0.583333333,0.125,0.125,0.0,0.916666667,0.125,0.0,0.0,0,0,0,0.95,key-release-grid+pedal-acoustic-grid,scarlatti_k79,LH,normal,notation-shortening,,,
43,82,1,18.333333333,0.583333333,0.125,0.125,0.0,0.916666667,0.916666667,0.791666667,0.791666667,0,0,1,0.260388016,next-voice-onset,scarlatti_k79,LH,normal,notation-shortening,,,
59,67,2,18.75,0.6875,0.125,0.125,0.0,0.375,0.125,0.0,0.0,0,0,0,0.95,key-release-grid+pedal-acoustic-grid,scarlatti_k79,LH,normal,notation-shortening,,,
59,67,2,18.75,0.6875,0.125,0.125,0.0,0.375,0.375,0.25,0.25,0,0,1,0.629776017,next-voice-onset,scarlatti_k79,LH,normal,notation-shortening,,,
57,72,2,19.125,0.78125,0.25,0.25,0.0,3.125,0.25,0.0,0.0,0,0,0,0.95,key-release-grid+pedal-acoustic-grid,scarlatti_k79,LH,normal,notation-shortening,,,
57,72,2,19.125,0.78125,0.25,0.25,0.0,3.125,0.333333333,0.083333333,0.083333333,0,0,0,0.818746562,key-release-grid+pedal-acoustic-grid,scarlatti_k79,LH,normal,notation-shortening,,,
57,72,2,19.125,0.78125,0.25,0.25,0.0,3.125,0.875,0.625,0.625,0,1,0,0.358644996,barline,scarlatti_k79,LH,normal,notation-shortening,,,
57,72,2,19.125,0.78125,0.25,0.25,0.0,3.125,3.125,2.875,2.875,1,0,1,0.02840772,next-voice-onset,scarlatti_k79,LH,normal,notation-shortening,,,
55,81,1,19.25,0.8125,0.25,0.25,0.0,0.25,0.25,0.0,0.0,0,0,1,0.97,key-release-grid+next-voice-onset+pedal-acoustic-grid,scarlatti_k79,LH,normal,notation-shortening,,,
54,82,1,19.5,0.875,0.125,0.125,0.0,0.125,0.125,0.0,0.0,0,0,1,0.97,key-release-grid+next-voice-onset+pedal-acoustic-grid,scarlatti_k79,LH,normal,notation-shortening,,,
52,74,1,19.625,0.90625,0.125,0.125,0.0,0.125,0.125,0.0,0.0,0,0,1,0.97,key-release-grid+next-voice-onset+pedal-acoustic-grid,scarlatti_k79,LH,normal,notation-shortening,,,
50,76,1,19.75,0.9375,0.125,0.125,0.0,0.25,0.125,0.0,0.0,0,0,0,0.95,key-release-grid+pedal-acoustic-grid,scarlatti_k79,LH,normal,notation-shortening,,,
50,76,1,19.75,0.9375,0.125,0.125,0.0,0.25,0.25,0.125,0.125,0,1,1,0.820337542,barline+next-voice-onset,scarlatti_k79,LH,normal,notation-shortening,,,
48,67,1,20.0,0.0,0.125,0.125,0.0,0.25,0.125,0.0,0.0,0,0,0,0.95,key-release-grid+pedal-acoustic-grid,scarlatti_k79,LH,normal,notation-shortening,,,
48,67,1,20.0,0.0,0.125,0.125,0.0,0.25,0.25,0.125,0.125,0,0,1,0.780337542,next-voice-onset,scarlatti_k79,LH,normal,notation-shortening,,,
47,70,1,20.25,0.0625,0.125,0.125,0.0,0.25,0.125,0.0,0.0,0,0,0,0.95,key-release-grid+pedal-acoustic-grid,scarlatti_k79,LH,normal,notation-shortening,,,
47,70,1,20.25,0.0625,0.125,0.125,0.0,0.25,0.25,0.125,0.125,0,0,1,0.780337542,next-voice-onset,scarlatti_k79,LH,normal,notation-shortening,,,
43,85,1,20.5,0.125,0.125,0.125,0.0,0.25,0.125,0.0,0.0,0,0,0,0.95,key-release-grid+pedal-acoustic-grid,scarlatti_k79,LH,normal,notation-shortening,,,
43,85,1,20.5,0.125,0.125,0.125,0.0,0.25,0.25,0.125,0.125,0,0,1,0.780337542,next-voice-onset,scarlatti_k79,LH,normal,notation-shortening,,,
45,82,1,20.75,0.1875,0.125,0.125,0.0,0.125,0.125,0.0,0.0,0,0,1,0.97,key-release-grid+next-voice-onset+pedal-acoustic-grid,scarlatti_k79,LH,normal,notation-shortening,,,
47,89,1,20.875,0.21875,0.25,0.25,0.0,0.25,0.25,0.0,0.0,0,0,1,0.97,key-release-grid+next-voice-onset+pedal-acoustic-grid,scarlatti_k79,LH,normal,notation-shortening,,,
48,80,1,21.125,0.28125,0.125,0.125,0.0,0.125,0.125,0.0,0.0,0,0,1,0.97,key-release-grid+next-voice-onset+pedal-acoustic-grid,scarlatti_k79,LH,normal,notation-shortening,,,
50,84,1,21.25,0.3125,0.125,0.125,0.0,0.375,0.125,0.0,0.0,0,0,0,0.95,key-release-grid+pedal-acoustic-grid,scarlatti_k79,LH,normal,notation-shortening,,,
50,84,1,21.25,0.3125,0.125,0.125,0.0,0.375,0.375,0.25,0.25,0,0,1,0.629776017,next-voice-onset,scarlatti_k79,LH,normal,notation-shortening,,,
38,77,1,21.625,0.40625,0.125,0.125,0.0,0.25,0.125,0.0,0.0,0,0,0,0.95,key-release-grid+pedal-acoustic-grid,scarlatti_k79,LH,normal,notation-shortening,,,
38,77,1,21.625,0.40625,0.125,0.125,0.0,0.25,0.25,0.125,0.125,0,0,1,0.780337542,next-voice-onset,scarlatti_k79,LH,normal,notation-shortening,,,
38,65,1,21.875,0.46875,0.125,0.125,0.0,0.375,0.125,0.0,0.0,0,0,0,0.95,key-release-grid+pedal-acoustic-grid,scarlatti_k79,LH,normal,notation-shortening,,,
38,65,1,21.875,0.46875,0.125,0.125,0.0,0.375,0.375,0.25,0.25,0,0,1,0.629776017,next-voice-onset,scarlatti_k79,LH,normal,notation-shortening,,,
43,90,1,22.25,0.5625,0.125,0.125,0.0,12.875,0.125,0.0,0.0,0,0,0,0.95,key-release-grid+pedal-acoustic-grid,scarlatti_k79,LH,normal,notation-shortening,,,
43,90,1,22.25,0.5625,0.125,0.125,0.0,12.875,1.75,1.625,1.625,0,1,0,0.102710463,barline,scarlatti_k79,LH,normal,notation-shortening,,,
43,90,1,22.25,0.5625,0.125,0.125,0.0,12.875,12.875,12.75,12.75,1,0,1,0.018835344,next-voice-onset,scarlatti_k79,LH,normal,notation-shortening,,,
59,97,2,22.25,0.5625,0.125,0.125,0.0,0.375,0.125,0.0,0.0,0,0,0,0.95,key-release-grid+pedal-acoustic-grid,scarlatti_k79,LH,normal,notation-shortening,,,
59,97,2,22.25,0.5625,0.125,0.125,0.0,0.375,0.375,0.25,0.25,0,0,1,0.629776017,next-voice-onset,scarlatti_k79,LH,normal,notation-shortening,,,
55,96,2,22.625,0.65625,0.125,0.125,0.0,0.375,0.125,0.0,0.0,0,0,0,0.95,key-release-grid+pedal-acoustic-grid,scarlatti_k79,LH,normal,notation-shortening,,,
55,96,2,22.625,0.65625,0.125,0.125,0.0,0.375,0.375,0.25,0.25,0,0,1,0.629776017,next-voice-onset,scarlatti_k79,LH,normal,notation-shortening,,,
58,87,2,23.0,0.75,0.125,0.125,0.0,0.375,0.125,0.0,0.0,0,0,0,0.95,key-release-grid+pedal-acoustic-grid,scarlatti_k79,LH,normal,notation-shortening,,,
58,87,2,23.0,0.75,0.125,0.125,0.0,0.375,0.375,0.25,0.25,0,0,1,0.629776017,next-voice-onset,scarlatti_k79,LH,normal,notation-shortening,,,
57,75,2,23.375,0.84375,0.125,0.125,0.0,9.75,0.125,0.0,0.0,0,0,0,0.95,key-release-grid+pedal-acoustic-grid,scarlatti_k79,LH,normal,notation-shortening,,,
57,75,2,23.375,0.84375,0.125,0.125,0.0,9.75,0.625,0.5,0.5,0,1,0,0.434718518,barline,scarlatti_k79,LH,normal,notation-shortening,,,
57,75,2,23.375,0.84375,0.125,0.125,0.0,9.75,9.75,9.625,9.625,1,0,1,0.018837562,next-voice-onset,scarlatti_k79,LH,normal,notation-shortening,,,
57,74,2,33.125,0.28125,0.125,0.125,0.0,0.375,0.125,0.0,0.0,0,0,0,0.95,key-release-grid+pedal-acoustic-grid,scarlatti_k79,LH,normal,notation-shortening,,,
57,74,2,33.125,0.28125,0.125,0.125,0.0,0.375,0.375,0.25,0.25,0,0,1,0.629776017,next-voice-onset,scarlatti_k79,LH,normal,notation-shortening,,,
57,58,2,33.5,0.375,0.125,0.125,0.0,0.25,0.125,0.0,0.0,0,0,0,0.95,key-release-grid+pedal-acoustic-grid,scarlatti_k79,LH,normal,notation-shortening,,,
57,58,2,33.5,0.375,0.125,0.125,0.0,0.25,0.25,0.125,0.125,0,0,1,0.780337542,next-voice-onset,scarlatti_k79,LH,normal,notation-shortening,,,
59,73,2,33.75,0.4375,0.333333333,0.333333333,0.0,0.375,0.333333333,0.0,0.0,0,0,0,0.949999999,key-release-grid+pedal-acoustic-grid,scarlatti_k79,LH,normal,notation-shortening,,,
59,73,2,33.75,0.4375,0.333333333,0.333333333,0.0,0.375,0.375,0.041666667,0.041666667,0,0,1,0.901838446,key-release-grid+next-voice-onset+pedal-acoustic-grid,scarlatti_k79,LH,normal,notation-shortening,,,
59,73,2,33.75,0.4375,0.333333333,0.333333333,0.0,0.375,0.25,0.083333333,0.083333333,0,0,0,0.818746562,key-release-grid+pedal-acoustic-grid,scarlatti_k79,LH,normal,notation-shortening,,,
57,73,2,34.125,0.53125,0.125,0.125,0.0,0.375,0.125,0.0,0.0,0,0,0,0.95,key-release-grid+pedal-acoustic-grid,scarlatti_k79,LH,normal,notation-shortening,,,
57,73,2,34.125,0.53125,0.125,0.125,0.0,0.375,0.375,0.25,0.25,0,0,1,0.629776017,next-voice-onset,scarlatti_k79,LH,normal,notation-shortening,,,
57,66,2,34.5,0.625,0.125,0.125,0.0,0.375,0.125,0.0,0.0,0,0,0,0.95,key-release-grid+pedal-acoustic-grid,scarlatti_k79,LH,normal,notation-shortening,,,
57,66,2,34.5,0.625,0.125,0.125,0.0,0.375,0.375,0.25,0.25,0,0,1,0.629776017,next-voice-onset,scarlatti_k79,LH,normal,notation-shortening,,,
59,63,2,34.875,0.71875,0.375,0.375,0.0,0.875,0.375,0.0,0.0,0,0,0,0.95,key-release-grid+pedal-acoustic-grid,scarlatti_k79,LH,normal,notation-shortening,,,
59,63,2,34.875,0.71875,0.375,0.375,0.0,0.875,0.333333333,0.041666667,0.041666667,0,0,0,0.881838446,key-release-grid+pedal-acoustic-grid,scarlatti_k79,LH,normal,notation-shortening,,,
59,63,2,34.875,0.71875,0.375,0.375,0.0,0.875,0.5,0.125,0.125,0,0,0,0.760337542,key-release-grid+pedal-acoustic-grid,scarlatti_k79,LH,normal,notation-shortening,,,
59,63,2,34.875,0.71875,0.375,0.375,0.0,0.875,0.875,0.5,0.5,0,0,1,0.414718518,next-voice-onset,scarlatti_k79,LH,normal,notation-shortening,,,
57,75,1,35.125,0.78125,0.125,0.125,0.0,0.375,0.125,0.0,0.0,0,0,0,0.95,key-release-grid+pedal-acoustic-grid,scarlatti_k79,LH,normal,notation-shortening,,,
57,75,1,35.125,0.78125,0.125,0.125,0.0,0.375,0.375,0.25,0.25,0,0,1,0.629776017,next-voice-onset,scarlatti_k79,LH,normal,notation-shortening,,,
57,76,1,35.5,0.875,0.125,0.125,0.0,0.5,0.125,0.0,0.0,0,0,0,0.95,key-release-grid+pedal-acoustic-grid,scarlatti_k79,LH,normal,notation-shortening,,,
57,76,1,35.5,0.875,0.125,0.125,0.0,0.5,0.5,0.375,0.375,0,1,1,0.550063625,barline+next-voice-onset,scarlatti_k79,LH,normal,notation-shortening,,,
59,69,2,35.75,0.9375,0.125,0.125,0.0,5.583333333,0.125,0.0,0.0,0,0,0,0.95,key-release-grid+pedal-acoustic-grid,scarlatti_k79,LH,normal,notation-shortening,,,
59,69,2,35.75,0.9375,0.125,0.125,0.0,5.583333333,0.25,0.125,0.125,0,1,0,0.800337542,barline,scarlatti_k79,LH,normal,notation-shortening,,,
59,69,2,35.75,0.9375,0.125,0.125,0.0,5.583333333,5.583333333,5.458333333,5.458333333,1,0,1,0.019183966,next-voice-onset,scarlatti_k79,LH,normal,notation-shortening,,,
57,74,1,36.0,0.0,0.125,0.125,0.0,1.125,0.125,0.0,0.0,0,0,0,0.95,key-release-grid+pedal-acoustic-grid,scarlatti_k79,LH,normal,notation-shortening,,,
57,74,1,36.0,0.0,0.125,0.125,0.0,1.125,1.125,1.0,1.0,0,0,1,0.190033251,next-voice-onset,scarlatti_k79,LH,normal,notation-shortening,,,
57,70,1,37.125,0.28125,0.125,0.125,0.0,0.208333333,0.125,0.0,0.0,0,0,0,0.95,key-release-grid+pedal-acoustic-grid,scarlatti_k79,LH,normal,notation-shortening,,,
57,70,1,37.125,0.28125,0.125,0.125,0.0,0.208333333,0.208333333,0.083333333,0.083333333,0,0,1,0.838746562,next-voice-onset,scarlatti_k79,LH,normal,notation-shortening,,,
50,65,1,37.333333333,0.333333333,0.125,0.125,0.0,0.916666667,0.125,0.0,0.0,0,0,0,0.95,key-release-grid+pedal-acoustic-grid,scarlatti_k79,LH,normal,notation-shortening,,,
50,65,1,37.333333333,0.333333333,0.125,0.125,0.0,0.916666667,0.916666667,0.791666667,0.791666667,0,0,1,0.260388016,next-voice-onset,scarlatti_k79,LH,normal,notation-shortening,,,
57,71,1,38.25,0.5625,0.125,0.125,0.0,0.125,0.125,0.0,0.0,0,0,1,0.97,key-release-grid+next-voice-onset+pedal-acoustic-grid,scarlatti_k79,LH,normal,notation-shortening,,,
50,59,1,38.375,0.59375,0.125,0.125,0.0,0.875,0.125,0.0,0.0,0,0,0,0.95,key-release-grid+pedal-acoustic-grid,scarlatti_k79,LH,normal,notation-shortening,,,
50,59,1,38.375,0.59375,0.125,0.125,0.0,0.875,0.875,0.75,0.75,0,0,1,0.277833527,next-voice-onset,scarlatti_k79,LH,normal,notation-shortening,,,
57,72,1,39.25,0.8125,0.125,0.125,0.0,0.25,0.125,0.0,0.0,0,0,0,0.95,key-release-grid+pedal-acoustic-grid,scarlatti_k79,LH,normal,notation-shortening,,,
57,72,1,39.25,0.8125,0.125,0.125,0.0,0.25,0.25,0.125,0.125,0,0,1,0.780337542,next-voice-onset,scarlatti_k79,LH,normal,notation-shortening,,,
50,64,1,39.5,0.875,0.125,0.125,0.0,0.5,0.125,0.0,0.0,0,0,0,0.95,key-release-grid+pedal-acoustic-grid,scarlatti_k79,LH,normal,notation-shortening,,,
50,64,1,39.5,0.875,0.125,0.125,0.0,0.5,0.5,0.375,0.375,0,1,1,0.550063625,barline+next-voice-onset,scarlatti_k79,LH,normal,notation-shortening,,,
57,57,1,40.0,0.0,0.125,0.125,0.0,0.25,0.125,0.0,0.0,0,0,0,0.95,key-release-grid+pedal-acoustic-grid,scarlatti_k79,LH,normal,notation-shortening,,,
57,57,1,40.0,0.0,0.125,0.125,0.0,0.25,0.25,0.125,0.125,0,0,1,0.780337542,next-voice-onset,scarlatti_k79,LH,normal,notation-shortening,,,
56,73,1,40.25,0.0625,0.125,0.125,0.0,0.125,0.125,0.0,0.0,0,0,1,0.97,key-release-grid+next-voice-onset+pedal-acoustic-grid,scarlatti_k79,LH,normal,notation-shortening,,,
52,66,1,40.375,0.09375,0.125,0.125,0.0,0.25,0.125,0.0,0.0,0,0,0,0.95,key-release-grid+pedal-acoustic-grid,scarlatti_k79,LH,normal,notation-shortening,,,
52,66,1,40.375,0.09375,0.125,0.125,0.0,0.25,0.25,0.125,0.125,0,0,1,0.780337542,next-voice-onset,scarlatti_k79,LH,normal,notation-shortening,,,
45,68,1,40.625,0.15625,0.125,0.125,0.0,0.5,0.125,0.0,0.0,0,0,0,0.95,key-release-grid+pedal-acoustic-grid,scarlatti_k79,LH,normal,notation-shortening,,,
45,68,1,40.625,0.15625,0.125,0.125,0.0,0.5,0.5,0.375,0.375,0,0,1,0.510063625,next-voice-onset,scarlatti_k79,LH,normal,notation-shortening,,,
57,65,1,41.125,0.28125,0.25,0.25,0.0,1.125,0.25,0.0,0.0,0,0,0,0.95,key-release-grid+pedal-acoustic-grid,scarlatti_k79,LH,normal,notation-shortening,,,
57,65,1,41.125,0.28125,0.25,0.25,0.0,1.125,0.333333333,0.083333333,0.083333333,0,0,0,0.818746562,key-release-grid+pedal-acoustic-grid,scarlatti_k79,LH,normal,notation-shortening,,,
57,65,1,41.125,0.28125,0.25,0.25,0.0,1.125,1.125,0.875,0.875,0,0,1,0.229126198,next-voice-onset,scarlatti_k79,LH,normal,notation-shortening,,,
56,77,2,41.333333333,0.333333333,0.125,0.125,0.0,0.166666667,0.125,0.0,0.0,0,0,0,0.95,key-release-grid+pedal-acoustic-grid,scarlatti_k79,LH,normal,notation-shortening,,,
56,77,2,41.333333333,0.333333333,0.125,0.125,0.0,0.166666667,0.166666667,0.041666667,0.041666667,0,0,1,0.901838446,next-voice-onset,scarlatti_k79,LH,normal,notation-shortening,,,
52,76,2,41.5,0.375,0.125,0.125,0.0,0.25,0.125,0.0,0.0,0,0,0,0.95,key-release-grid+pedal-acoustic-grid,scarlatti_k79,LH,normal,notation-shortening,,,
52,76,2,41.5,0.375,0.125,0.125,0.0,0.25,0.25,0.125,0.125,0,0,1,0.780337542,next-voice-onset,scarlatti_k79,LH,normal,notation-shortening,,,
45,77,2,41.75,0.4375,0.125,0.125,0.0,0.625,0.125,0.0,0.0,0,0,0,0.95,key-release-grid+pedal-acoustic-grid,scarlatti_k79,LH,normal,notation-shortening,,,
45,77,2,41.75,0.4375,0.125,0.125,0.0,0.625,0.625,0.5,0.5,0,0,1,0.414718518,next-voice-onset,scarlatti_k79,LH,normal,notation-shortening,,,
57,74,1,42.25,0.5625,0.25,0.25,0.0,1.0,0.25,0.0,0.0,0,0,0,0.95,key-release-grid+pedal-acoustic-grid,scarlatti_k79,LH,normal,notation-shortening,,,
57,74,1,42.25,0.5625,0.25,0.25,0.0,1.0,0.333333333,0.083333333,0.083333333,0,0,0,0.818746562,key-release-grid+pedal-acoustic-grid,scarlatti_k79,LH,normal,notation-shortening,,,
57,74,1,42.25,0.5625,0.25,0.25,0.0,1.0,1.0,0.75,0.75,0,0,1,0.277833527,next-voice-onset,scarlatti_k79,LH,normal,notation-shortening,,,
56,78,2,42.375,0.59375,0.125,0.125,0.0,0.125,0.125,0.0,0.0,0,0,1,0.97,key-release-grid+next-voice-onset+pedal-acoustic-grid,scarlatti_k79,LH,normal,notation-shortening,,,
52,76,2,42.5,0.625,0.125,0.125,0.0,0.25,0.125,0.0,0.0,0,0,0,0.95,key-release-grid+pedal-acoustic-grid,scarlatti_k79,LH,normal,notation-shortening,,,
52,76,2,42.5,0.625,0.125,0.125,0.0,0.25,0.25,0.125,0.125,0,0,1,0.780337542,next-voice-onset,scarlatti_k79,LH,normal,notation-shortening,,,
45,76,2,42.75,0.6875,0.125,0.125,0.0,0.625,0.125,0.0,0.0,0,0,0,0.95,key-release-grid+pedal-acoustic-grid,scarlatti_k79,LH,normal,notation-shortening,,,
45,76,2,42.75,0.6875,0.125,0.125,0.0,0.625,0.625,0.5,0.5,0,0,1,0.414718518,next-voice-onset,scarlatti_k79,LH,normal,notation-shortening,,,
57,64,1,43.25,0.8125,0.25,0.25,0.0,3.375,0.25,0.0,0.0,0,0,0,0.95,key-release-grid+pedal-acoustic-grid,scarlatti_k79,LH,normal,notation-shortening,,,
57,64,1,43.25,0.8125,0.25,0.25,0.0,3.375,0.333333333,0.083333333,0.083333333,0,0,0,0.818746562,key-release-grid+pedal-acoustic-grid,scarlatti_k79,LH,normal,notation-shortening,,,
57,64,1,43.25,0.8125,0.25,0.25,0.0,3.375,0.75,0.5,0.5,0,1,0,0.434718518,barline,scarlatti_k79,LH,normal,notation-shortening,,,
57,64,1,43.25,0.8125,0.25,0.25,0.0,3.375,3.375,3.125,3.125,1,0,1,0.025644959,next-voice-onset,scarlatti_k79,LH,normal,notation-shortening,,,
56,74,2,43.375,0.84375,0.125,0.125,0.0,0.25,0.125,0.0,0.0,0,0,0,0.95,key-release-grid+pedal-acoustic-grid,scarlatti_k79,LH,normal,notation-shortening,,,
56,74,2,43.375,0.84375,0.125,0.125,0.0,0.25,0.25,0.125,0.125,0,0,1,0.780337542,next-voice-onset,scarlatti_k79,LH,normal,notation-shortening,,,
52,75,2,43.625,0.90625,0.125,0.125,0.0,0.25,0.125,0.0,0.0,0,0,0,0.95,key-release-grid+pedal-acoustic-grid,scarlatti_k79,LH,normal,notation-shortening,,,
52,75,2,43.625,0.90625,0.125,0.125,0.0,0.25,0.25,0.125,0.125,0,0,1,0.780337542,next-voice-onset,scarlatti_k79,LH,normal,notation-shortening,,,
45,81,2,43.875,0.96875,0.125,0.125,0.0,0.25,0.125,0.0,0.0,0,1,0,0.99,barline+key-release-grid+pedal-acoustic-grid,scarlatti_k79,LH,normal,notation-shortening,,,
45,81,2,43.875,0.96875,0.125,0.125,0.0,0.25,0.25,0.125,0.125,1,0,1,0.734894222,next-voice-onset,scarlatti_k79,LH,normal,notation-shortening,,,
47,71,2,44.125,0.03125,0.125,0.125,0.0,0.5,0.125,0.0,0.0,0,0,0,0.95,key-release-grid+pedal-acoustic-grid,scarlatti_k79,LH,normal,notation-shortening,,,
47,71,2,44.125,0.03125,0.125,0.125,0.0,0.5,0.5,0.375,0.375,0,0,1,0.510063625,next-voice-onset,scarlatti_k79,LH,normal,notation-shortening,,,
49,58,2,44.625,0.15625,0.125,0.125,0.0,0.25,0.125,0.0,0.0,0,0,0,0.95,key-release-grid+pedal-acoustic-grid,scarlatti_k79,LH,normal,notation-shortening,,,
49,58,2,44.625,0.15625,0.125,0.125,0.0,0.25,0.25,0.125,0.125,0,0,1,0.780337542,next-voice-onset,scarlatti_k79,LH,normal,notation-shortening,,,
50,76,2,44.875,0.21875,0.125,0.125,0.0,0.375,0.125,0.0,0.0,0,0,0,0.95,key-release-grid+pedal-acoustic-grid,scarlatti_k79,LH,normal,notation-shortening,,,
50,76,2,44.875,0.21875,0.125,0.125,0.0,0.375,0.375,0.25,0.25,0,0,1,0.629776017,next-voice-onset,scarlatti_k79,LH,normal,notation-shortening,,,
55,82,2,45.25,0.3125,0.125,0.125,0.0,0.375,0.125,0.0,0.0,0,0,0,0.95,key-release-grid+pedal-acoustic-grid,scarlatti_k79,LH,normal,notation-shortening,,,
55,82,2,45.25,0.3125,0.125,0.125,0.0,0.375,0.375,0.25,0.25,0,0,1,0.629776017,next-voice-onset,scarlatti_k79,LH,normal,notation-shortening,,,
57,72,2,45.625,0.40625,0.125,0.125,0.0,0.375,0.125,0.0,0.0,0,0,0,0.95,key-release-grid+pedal-acoustic-grid,scarlatti_k79,LH,normal,notation-shortening,,,
57,72,2,45.625,0.40625,0.125,0.125,0.0,0.375,0.375,0.25,0.25,0,0,1,0.629776017,next-voice-onset,scarlatti_k79,LH,normal,notation-shortening,,,
38,81,2,46.0,0.5,0.125,0.125,0.0,0.5,0.125,0.0,0.0,0,0,0,0.95,key-release-grid+pedal-acoustic-grid,scarlatti_k79,LH,normal,notation-shortening,,,
38,81,2,46.0,0.5,0.125,0.125,0.0,0.5,0.5,0.375,0.375,0,0,1,0.510063625,next-voice-onset,scarlatti_k79,LH,normal,notation-shortening,,,
50,80,2,46.5,0.625,0.25,0.25,0.0,1.125,0.25,0.0,0.0,0,0,0,0.95,key-release-grid+pedal-acoustic-grid,scarlatti_k79,LH,normal,notation-shortening,,,
50,80,2,46.5,0.625,0.25,0.25,0.0,1.125,0.333333333,0.083333333,0.083333333,0,0,0,0.818746562,key-release-grid+pedal-acoustic-grid,scarlatti_k79,LH,normal,notation-shortening,,,
50,80,2,46.5,0.625,0.25,0.25,0.0,1.125,1.125,0.875,0.875,0,0,1,0.229126198,next-voice-onset,scarlatti_k79,LH,normal,notation-shortening,,,
49,75,1,46.625,0.65625,0.125,0.125,0.0,0.25,0.125,0.0,0.0,0,0,0,0.95,key-release-grid+pedal-acoustic-grid,scarlatti_k79,LH,normal,notation-shortening,,,
49,75,1,46.625,0.65625,0.125,0.125,0.0,0.25,0.25,0.125,0.125,0,0,1,0.780337542,next-voice-onset,scarlatti_k79,LH,normal,notation-shortening,,,
45,80,1,46.875,0.71875,0.125,0.125,0.0,0.125,0.125,0.0,0.0,0,0,1,0.97,key-release-grid+next-voice-onset+pedal-acoustic-grid,scarlatti_k79,LH,normal,notation-shortening,,,
38,81,1,47.0,0.75,0.125,0.125,0.0,1.125,0.125,0.0,0.0,0,0,0,0.95,key-release-grid+pedal-acoustic-grid,scarlatti_k79,LH,normal,notation-shortening,,,
38,81,1,47.0,0.75,0.125,0.125,0.0,1.125,1.0,0.875,0.875,0,1,0,0.249126198,barline,scarlatti_k79,LH,normal,notation-shortening,,,
38,81,1,47.0,0.75,0.125,0.125,0.0,1.125,1.125,1.0,1.0,1,0,1,0.178966576,next-voice-onset,scarlatti_k79,LH,normal,notation-shortening,,,
50,69,2,47.625,0.90625,0.125,0.125,0.0,0.125,0.125,0.0,0.0,0,0,1,0.97,key-release-grid+next-voice-onset+pedal-acoustic-grid,scarlatti_k79,LH,normal,notation-shortening,,,
49,65,2,47.75,0.9375,0.125,0.125,0.0,0.125,0.125,0.0,0.0,0,0,1,0.97,key-release-grid+next-voice-onset+pedal-acoustic-grid,scarlatti_k79,LH,normal,notation-shortening,,,
45,74,2,47.875,0.96875,0.125,0.125,0.0,0.75,0.125,0.0,0.0,0,1,0,0.99,barline+key-release-grid+pedal-acoustic-grid,scarlatti_k79,LH,normal,notation-shortening,,,
45,74,2,47.875,0.96875,0.125,0.125,0.0,0.75,0.75,0.625,0.625,1,0,1,0.318923847,next-voice-onset,scarlatti_k79,LH,normal,notation-shortening,,,
38,78,1,48.125,0.03125,0.125,0.125,0.0,1.0,0.125,0.0,0.0,0,0,0,0.95,key-release-grid+pedal-acoustic-grid,scarlatti_k79,LH,normal,notation-shortening,,,
38,78,1,48.125,0.03125,0.125,0.125,0.0,1.0,1.0,0.875,0.875,0,0,1,0.229126198,next-voice-onset,scarlatti_k79,LH,normal,notation-shortening,,,
50,64,2,48.625,0.15625,0.125,0.125,0.0,0.25,0.125,0.0,0.0,0,0,0,0.95,key-release-grid+pedal-acoustic-grid,scarlatti_k79,LH,normal,notation-shortening,,,
50,64,2,48.625,0.15625,0.125,0.125,0.0,0.25,0.25,0.125,0.125,0,0,1,0.780337542,next-voice-onset,scarlatti_k79,LH,normal,notation-shortening,,,
49,60,2,48.875,0.21875,0.125,0.125,0.0,0.125,0.125,0.0,0.0,0,0,1,0.97,key-release-grid+next-voice-onset+pedal-acoustic-grid,scarlatti_k79,LH,normal,notation-shortening,,,
45,71,2,49.0,0.25,0.125,0.125,0.0,0.666666667,0.125,0.0,0.0,0,0,0,0.95,key-release-grid+pedal-acoustic-grid,scarlatti_k79,LH,normal,notation-shortening,,,
45,71,2,49.0,0.25,0.125,0.125,0.0,0.666666667,0.666666667,0.541666667,0.541666667,0,0,1,0.387437242,next-voice-onset,scarlatti_k79,LH,normal,notation-shortening,,,
38,77,1,49.125,0.28125,0.125,0.125,0.0,0.75,0.125,0.0,0.0,0,0,0,0.95,key-release-grid+pedal-acoustic-grid,scarlatti_k79,LH,normal,notation-shortening,,,
38,77,1,49.125,0.28125,0.125,0.125,0.0,0.75,0.75,0.625,0.625,0,0,1,0.338644996,next-voice-onset,scarlatti_k79,LH,normal,notation-shortening,,,
50,58,2,49.666666667,0.416666667,0.25,0.25,0.0,0.583333333,0.25,0.0,0.0,0,0,0,0.95,key-release-grid+pedal-acoustic-grid,scarlatti_k79,LH,normal,notation-shortening,,,
50,58,2,49.666666667,0.416666667,0.25,0.25,0.0,0.583333333,0.333333333,0.083333333,0.083333333,0,0,0,0.818746562,key-release-grid+pedal-acoustic-grid,scarlatti_k79,LH,normal,notation-shortening,,,
50,58,2,49.666666667,0.416666667,0.25,0.25,0.0,0.583333333,0.583333333,0.333333333,0.333333333,0,0,1,0.546971995,next-voice-onset,scarlatti_k79,LH,normal,notation-shortening,,,
49,71,1,49.875,0.46875,0.25,0.25,0.0,0.25,0.25,0.0,0.0,0,0,1,0.97,key-release-grid+next-voice-onset+pedal-acoustic-grid,scarlatti_k79,LH,normal,notation-shortening,,,
45,74,1,50.125,0.53125,0.125,0.125,0.0,1.875,0.125,0.0,0.0,0,0,0,0.95,key-release-grid+pedal-acoustic-grid,scarlatti_k79,LH,normal,notation-shortening,,,
45,74,1,50.125,0.53125,0.125,0.125,0.0,1.875,1.875,1.75,1.75,0,1,1,0.111752275,barline+next-voice-onset,scarlatti_k79,LH,normal,notation-shortening,,,
50,78,2,50.25,0.5625,0.125,0.125,0.0,0.375,0.125,0.0,0.0,0,0,0,0.95,key-release-grid+pedal-acoustic-grid,scarlatti_k79,LH,normal,notation-shortening,,,
50,78,2,50.25,0.5625,0.125,0.125,0.0,0.375,0.375,0.25,0.25,0,0,1,0.629776017,next-voice-onset,scarlatti_k79,LH,normal,notation-shortening,,,
52,74,2,50.625,0.65625,0.125,0.125,0.0,0.375,0.125,0.0,0.0,0,0,0,0.95,key-release-grid+pedal-acoustic-grid,scarlatti_k79,LH,normal,notation-shortening,,,
52,74,2,50.625,0.65625,0.125,0.125,0.0,0.375,0.375,0.25,0.25,0,0,1,0.629776017,next-voice-onset,scarlatti_k79,LH,normal,notation-shortening,,,
54,76,2,51.0,0.75,0.125,0.125,0.0,0.25,0.125,0.0,0.0,0,0,0,0.95,key-release-grid+pedal-acoustic-grid,scarlatti_k79,LH,normal,notation-shortening,,,
54,76,2,51.0,0.75,0.125,0.125,0.0,0.25,0.25,0.125,0.125,0,0,1,0.780337542,next-voice-onset,scarlatti_k79,LH,normal,notation-shortening,,,
55,78,2,51.25,0.8125,0.125,0.125,0.0,0.375,0.125,0.0,0.0,0,0,0,0.95,key-release-grid+pedal-acoustic-grid,scarlatti_k79,LH,normal,notation-shortening,,,
55,78,2,51.25,0.8125,0.125,0.125,0.0,0.375,0.375,0.25,0.25,0,0,1,0.629776017,next-voice-onset,scarlatti_k79,LH,normal,notation-shortening,,,
57,71,2,51.625,0.90625,0.125,0.125,0.0,0.75,0.125,0.0,0.0,0,0,0,0.95,key-release-grid+pedal-acoustic-grid,scarlatti_k79,LH,normal,notation-shortening,,,
57,71,2,51.625,0.90625,0.125,0.125,0.0,0.75,0.375,0.25,0.25,0,1,0,0.649776017,barline,scarlatti_k79,LH,normal,notation-shortening,,,
57,71,2,51.625,0.90625,0.125,0.125,0.0,0.75,0.75,0.625,0.625,1,0,1,0.318923847,next-voice-onset,scarlatti_k79,LH,normal,notation-shortening,,,
45,77,1,52.0,0.0,0.125,0.125,0.0,0.375,0.125,0.0,0.0,0,0,0,0.95,key-release-grid+pedal-acoustic-grid,scarlatti_k79,LH,normal,notation-shortening,,,
45,77,1,52.0,0.0,0.125,0.125,0.0,0.375,0.375,0.25,0.25,0,0,1,0.629776017,next-voice-onset,scarlatti_k79,LH,normal,notation-shortening,,,
36,80,1,52.375,0.09375,0.25,0.25,0.0,56.291666667,0.25,0.0,0.0,0,0,0,0.95,key-release-grid+pedal-acoustic-grid,scarlatti_k79,LH,normal,notation-shortening,,,
36,80,1,52.375,0.09375,0.25,0.25,0.0,56.291666667,0.333333333,0.083333333,0.083333333,0,0,0,0.818746562,key-release-grid+pedal-acoustic-grid,scarlatti_k79,LH,normal,notation-shortening,,,
36,80,1,52.375,0.09375,0.25,0.25,0.0,56.291666667,3.625,3.375,3.375,0,1,0,0.045175209,barline,scarlatti_k79,LH,normal,notation-shortening,,,
36,80,1,52.375,0.09375,0.25,0.25,0.0,56.291666667,56.291666667,56.041666667,56.041666667,1,0,1,0.018835291,next-voice-onset,scarlatti_k79,LH,normal,notation-shortening,,,
38,77,2,52.375,0.09375,0.375,0.375,0.0,0.375,0.375,0.0,0.0,0,0,1,0.97,key-release-grid+next-voice-onset+pedal-acoustic-grid,scarlatti_k79,LH,normal,notation-shortening,,,
38,77,2,52.375,0.09375,0.375,0.375,0.0,0.375,0.333333333,0.041666667,0.041666667,0,0,0,0.881838446,key-release-grid+pedal-acoustic-grid,scarlatti_k79,LH,normal,notation-shortening,,,
57,78,3,52.5,0.125,0.125,0.125,0.0,12.75,0.125,0.0,0.0,0,0,0,0.95,key-release-grid+pedal-acoustic-grid,scarlatti_k79,LH,normal,notation-shortening,,,
57,78,3,52.5,0.125,0.125,0.125,0.0,12.75,3.5,3.375,3.375,0,1,0,0.045175209,barline,scarlatti_k79,LH,normal,notation-shortening,,,
57,78,3,52.5,0.125,0.125,0.125,0.0,12.75,12.75,12.625,12.625,1,0,1,0.018835353,next-voice-onset,scarlatti_k79,LH,normal,notation-shortening,,,
38,56,2,52.75,0.1875,0.375,0.375,0.0,0.625,0.375,0.0,0.0,0,0,0,0.95,key-release-grid+pedal-acoustic-grid,scarlatti_k79,LH,normal,notation-shortening,,,
38,56,2,52.75,0.1875,0.375,0.375,0.0,0.625,0.333333333,0.041666667,0.041666667,0,0,0,0.881838446,key-release-grid+pedal-acoustic-grid,scarlatti_k79,LH,normal,notation-shortening,,,
38,56,2,52.75,0.1875,0.375,0.375,0.0,0.625,0.5,0.125,0.125,0,0,0,0.760337542,key-release-grid+pedal-acoustic-grid,scarlatti_k79,LH,normal,notation-shortening,,,
38,56,2,52.75,0.1875,0.375,0.375,0.0,0.625,0.625,0.25,0.25,0,0,1,0.629776017,next-voice-onset,scarlatti_k79,LH,normal,notation-shortening,,,
38,89,2,53.375,0.34375,0.75,0.75,0.0,1.125,0.75,0.0,0.0,0,0,0,0.95,key-release-grid+pedal-acoustic-grid,scarlatti_k79,LH,normal,notation-shortening,,,
38,89,2,53.375,0.34375,0.75,0.75,0.0,1.125,0.666666667,0.083333333,0.083333333,0,0,0,0.818746562,key-release-grid+pedal-acoustic-grid,scarlatti_k79,LH,normal,notation-shortening,,,
38,89,2,53.375,0.34375,0.75,0.75,0.0,1.125,1.125,0.375,0.375,0,0,1,0.510063625,next-voice-onset,scarlatti_k79,LH,normal,notation-shortening,,,
38,92,2,54.5,0.625,0.666666667,0.692708333,0.026041667,11.833333333,0.666666667,0.0,0.026041666,0,0,0,0.942308308,key-release-grid+pedal-acoustic-grid,scarlatti_k79,LH,normal,notation-shortening,,,
38,92,2,54.5,0.625,0.666666667,0.692708333,0.026041667,11.833333333,0.625,0.041666667,0.067708333,0,0,0,0.874521883,key-release-grid,scarlatti_k79,LH,normal,notation-shortening,,,
38,92,2,54.5,0.625,0.666666667,0.692708333,0.026041667,11.833333333,0.75,0.083333333,0.057291667,0,0,0,0.825927218,key-release-grid+pedal-acoustic-grid,scarlatti_k79,LH,normal,notation-shortening,,,
38,92,2,54.5,0.625,0.666666667,0.692708333,0.026041667,11.833333333,1.5,0.833333333,0.807291667,0,1,0,0.267102219,barline,scarlatti_k79,LH,normal,notation-shortening,,,
38,92,2,54.5,0.625,0.666666667,0.692708333,0.026041667,11.833333333,11.833333333,11.166666666,11.140625,1,0,1,0.018835659,next-voice-onset,scarlatti_k79,LH,normal,notation-shortening,,,
55,79,3,65.25,0.3125,0.125,0.125,0.0,0.375,0.125,0.0,0.0,0,0,0,0.95,key-release-grid+pedal-acoustic-grid,scarlatti_k79,LH,normal,notation-shortening,,,
55,79,3,65.25,0.3125,0.125,0.125,0.0,0.375,0.375,0.25,0.25,0,0,1,0.629776017,next-voice-onset,scarlatti_k79,LH,normal,notation-shortening,,,
55,72,3,65.625,0.40625,0.125,0.125,0.0,0.375,0.125,0.0,0.0,0,0,0,0.95,key-release-grid+pedal-acoustic-grid,scarlatti_k79,LH,normal,notation-shortening,,,
55,72,3,65.625,0.40625,0.125,0.125,0.0,0.375,0.375,0.25,0.25,0,0,1,0.629776017,next-voice-onset,scarlatti_k79,LH,normal,notation-shortening,,,
57,79,3,66.0,0.5,0.375,0.375,0.0,1.625,0.375,0.0,0.0,0,0,0,0.95,key-release-grid+pedal-acoustic-grid,scarlatti_k79,LH,normal,notation-shortening,,,
57,79,3,66.0,0.5,0.375,0.375,0.0,1.625,0.333333333,0.041666667,0.041666667,0,0,0,0.881838446,key-release-grid+pedal-acoustic-grid,scarlatti_k79,LH,normal,notation-shortening,,,
57,79,3,66.0,0.5,0.375,0.375,0.0,1.625,0.5,0.125,0.125,0,0,0,0.760337542,key-release-grid+pedal-acoustic-grid,scarlatti_k79,LH,normal,notation-shortening,,,
57,79,3,66.0,0.5,0.375,0.375,0.0,1.625,1.625,1.25,1.25,0,0,1,0.133242039,next-voice-onset,scarlatti_k79,LH,normal,notation-shortening,,,
55,71,2,66.333333333,0.583333333,0.125,0.125,0.0,0.416666667,0.125,0.0,0.0,0,0,0,0.95,key-release-grid+pedal-acoustic-grid,scarlatti_k79,LH,normal,notation-shortening,,,
55,71,2,66.333333333,0.583333333,0.125,0.125,0.0,0.416666667,0.416666667,0.291666667,0.291666667,0,0,1,0.586796624,next-voice-onset,scarlatti_k79,LH,normal,notation-shortening,,,
55,68,2,66.75,0.6875,0.125,0.125,0.0,0.375,0.125,0.0,0.0,0,0,0,0.95,key-release-grid+pedal-acoustic-grid,scarlatti_k79,LH,normal,notation-shortening,,,
55,68,2,66.75,0.6875,0.125,0.125,0.0,0.375,0.375,0.25,0.25,0,0,1,0.629776017,next-voice-onset,scarlatti_k79,LH,normal,notation-shortening,,,
57,66,2,67.125,0.78125,0.375,0.375,0.0,0.375,0.375,0.0,0.0,0,0,1,0.97,key-release-grid+next-voice-onset+pedal-acoustic-grid,scarlatti_k79,LH,normal,notation-shortening,,,
57,66,2,67.125,0.78125,0.375,0.375,0.0,0.375,0.333333333,0.041666667,0.041666667,0,0,0,0.881838446,key-release-grid+pedal-acoustic-grid,scarlatti_k79,LH,normal,notation-shortening,,,
55,72,2,67.5,0.875,0.25,0.25,0.0,0.5,0.25,0.0,0.0,0,0,0,0.95,key-release-grid+pedal-acoustic-grid,scarlatti_k79,LH,normal,notation-shortening,,,
55,72,2,67.5,0.875,0.25,0.25,0.0,0.5,0.333333333,0.083333333,0.083333333,0,0,0,0.818746562,key-release-grid+pedal-acoustic-grid,scarlatti_k79,LH,normal,notation-shortening,,,
55,72,2,67.5,0.875,0.25,0.25,0.0,0.5,0.5,0.25,0.25,0,1,1,0.669776017,barline+next-voice-onset,scarlatti_k79,LH,normal,notation-shortening,,,
57,72,3,67.625,0.90625,0.125,0.125,0.0,0.25,0.125,0.0,0.0,0,0,0,0.95,key-release-grid+pedal-acoustic-grid,scarlatti_k79,LH,normal,notation-shortening,,,
57,72,3,67.625,0.90625,0.125,0.125,0.0,0.25,0.25,0.125,0.125,0,0,1,0.780337542,next-voice-onset,scarlatti_k79,LH,normal,notation-shortening,,,
59,65,3,67.875,0.96875,0.125,0.125,0.0,0.625,0.125,0.0,0.0,0,1,0,0.99,barline+key-release-grid+pedal-acoustic-grid,scarlatti_k79,LH,normal,notation-shortening,,,
59,65,3,67.875,0.96875,0.125,0.125,0.0,0.625,0.625,0.5,0.5,1,0,1,0.390567192,next-voice-onset,scarlatti_k79,LH,normal,notation-shortening,,,
55,53,2,68.0,0.0,0.125,0.125,0.0,0.333333333,0.125,0.0,0.0,0,0,0,0.95,key-release-grid+pedal-acoustic-grid,scarlatti_k79,LH,normal,notation-shortening,,,
55,53,2,68.0,0.0,0.125,0.125,0.0,0.333333333,0.333333333,0.208333333,0.208333333,0,0,1,0.676168637,next-voice-onset,scarlatti_k79,LH,normal,notation-shortening,,,
57,75,2,68.333333333,0.083333333,0.25,0.25,0.0,0.416666667,0.25,0.0,0.0,0,0,0,0.95,key-release-grid+pedal-acoustic-grid,scarlatti_k79,LH,normal,notation-shortening,,,
57,75,2,68.333333333,0.083333333,0.25,0.25,0.0,0.416666667,0.333333333,0.083333333,0.083333333,0,0,0,0.818746562,key-release-grid+pedal-acoustic-grid,scarlatti_k79,LH,normal,notation-shortening,,,
57,75,2,68.333333333,0.083333333,0.25,0.25,0.0,0.416666667,0.416666667,0.166666667,0.166666667,0,0,1,0.726254605,next-voice-onset,scarlatti_k79,LH,normal,notation-shortening,,,
59,75,3,68.5,0.125,0.125,0.125,0.0,0.375,0.125,0.0,0.0,0,0,0,0.95,key-release-grid+pedal-acoustic-grid,scarlatti_k79,LH,normal,notation-shortening,,,
59,75,3,68.5,0.125,0.125,0.125,0.0,0.375,0.375,0.25,0.25,0,0,1,0.629776017,next-voice-onset,scarlatti_k79,LH,normal,notation-shortening,,,
57,60,2,68.75,0.1875,0.125,0.125,0.0,0.25,0.125,0.0,0.0,0,0,0,0.95,key-release-grid+pedal-acoustic-grid,scarlatti_k79,LH,normal,notation-shortening,,,
57,60,2,68.75,0.1875,0.125,0.125,0.0,0.25,0.25,0.125,0.125,0,0,1,0.780337542,next-voice-onset,scarlatti_k79,LH,normal,notation-shortening,,,
59,61,3,68.875,0.21875,0.125,0.125,0.0,28.375,0.125,0.0,0.0,0,0,0,0.95,key-release-grid+pedal-acoustic-grid,scarlatti_k79,LH,normal,notation-shortening,,,
59,61,3,68.875,0.21875,0.125,0.125,0.0,28.375,3.125,3.0,3.0,0,1,0,0.048566057,barline,scarlatti_k79,LH,normal,notation-shortening,,,
59,61,3,68.875,0.21875,0.125,0.125,0.0,28.375,28.375,28.25,28.25,1,0,1,0.018835291,next-voice-onset,scarlatti_k79,LH,normal,notation-shortening,,,
55,69,2,69.0,0.25,0.25,0.25,0.0,0.375,0.25,0.0,0.0,0,0,0,0.95,key-release-grid+pedal-acoustic-grid,scarlatti_k79,LH,normal,notation-shortening,,,
55,69,2,69.0,0.25,0.25,0.25,0.0,0.375,0.333333333,0.083333333,0.083333333,0,0,0,0.818746562,key-release-grid+pedal-acoustic-grid,scarlatti_k79,LH,normal,notation-shortening,,,
55,69,2,69.0,0.25,0.25,0.25,0.0,0.375,0.375,0.125,0.125,0,0,1,0.780337542,next-voice-onset,scarlatti_k79,LH,normal,notation-shortening,,,
57,68,2,69.375,0.34375,0.125,0.125,0.0,0.25,0.125,0.0,0.0,0,0,0,0.95,key-release-grid+pedal-acoustic-grid,scarlatti_k79,LH,normal,notation-shortening,,,
57,68,2,69.375,0.34375,0.125,0.125,0.0,0.25,0.25,0.125,0.125,0,0,1,0.780337542,next-voice-onset,scarlatti_k79,LH,normal,notation-shortening,,,
59,65,2,69.625,0.40625,0.125,0.125,0.0,0.125,0.125,0.0,0.0,0,0,1,0.97,key-release-grid+next-voice-onset+pedal-acoustic-grid,scarlatti_k79,LH,high,independent-voice,,,
57,61,2,69.75,0.4375,0.125,0.125,0.0,0.25,0.125,0.0,0.0,0,0,0,0.95,key-release-grid+pedal-acoustic-grid,scarlatti_k79,LH,normal,notation-shortening,,,
57,61,2,69.75,0.4375,0.125,0.125,0.0,0.25,0.25,0.125,0.125,0,0,1,0.780337542,next-voice-onset,scarlatti_k79,LH,normal,notation-shortening,,,
59,59,2,70.0,0.5,0.125,0.125,0.0,0.125,0.125,0.0,0.0,0,0,1,0.97,key-release-grid+next-voice-onset+pedal-acoustic-grid,scarlatti_k79,LH,normal,notation-shortening,,,
55,70,2,70.125,0.53125,0.25,0.25,0.0,0.375,0.25,0.0,0.0,0,0,0,0.95,key-release-grid+pedal-acoustic-grid,scarlatti_k79,LH,normal,notation-shortening,,,
55,70,2,70.125,0.53125,0.25,0.25,0.0,0.375,0.333333333,0.083333333,0.083333333,0,0,0,0.818746562,key-release-grid+pedal-acoustic-grid,scarlatti_k79,LH,normal,notation-shortening,,,
55,70,2,70.125,0.53125,0.25,0.25,0.0,0.375,0.375,0.125,0.125,0,0,1,0.780337542,next-voice-onset,scarlatti_k79,LH,normal,notation-shortening,,,
57,69,2,70.5,0.625,0.125,0.125,0.0,0.166666667,0.125,0.0,0.0,0,0,0,0.95,key-release-grid+pedal-acoustic-grid,scarlatti_k79,LH,normal,notation-shortening,,,
57,69,2,70.5,0.625,0.125,0.125,0.0,0.166666667,0.166666667,0.041666667,0.041666667,0,0,1,0.901838446,next-voice-onset,scarlatti_k79,LH,normal,notation-shortening,,,
59,67,2,70.666666667,0.666666667,0.125,0.125,0.0,0.208333333,0.125,0.0,0.0,0,0,0,0.95,key-release-grid+pedal-acoustic-grid,scarlatti_k79,LH,normal,notation-shortening,,,
59,67,2,70.666666667,0.666666667,0.125,0.125,0.0,0.208333333,0.208333333,0.083333333,0.083333333,0,0,1,0.838746562,next-voice-onset,scarlatti_k79,LH,normal,notation-shortening,,,
57,70,2,70.875,0.71875,0.125,0.125,0.0,0.125,0.125,0.0,0.0,0,0,1,0.97,key-release-grid+next-voice-onset+pedal-acoustic-grid,scarlatti_k79,LH,normal,notation-shortening,,,
59,64,2,71.0,0.75,0.125,0.125,0.0,0.125,0.125,0.0,0.0,0,0,1,0.97,key-release-grid+next-voice-onset+pedal-acoustic-grid,scarlatti_k79,LH,normal,notation-shortening,,,
55,73,2,71.125,0.78125,0.25,0.25,0.0,0.375,0.25,0.0,0.0,0,0,0,0.95,key-release-grid+pedal-acoustic-grid,scarlatti_k79,LH,normal,notation-shortening,,,
55,73,2,71.125,0.78125,0.25,0.25,0.0,0.375,0.333333333,0.083333333,0.083333333,0,0,0,0.818746562,key-release-grid+pedal-acoustic-grid,scarlatti_k79,LH,normal,notation-shortening,,,
55,73,2,71.125,0.78125,0.25,0.25,0.0,0.375,0.375,0.125,0.125,0,0,1,0.780337542,next-voice-onset,scarlatti_k79,LH,normal,notation-shortening,,,
57,78,2,71.5,0.875,0.125,0.125,0.0,0.166666667,0.125,0.0,0.0,0,0,0,0.95,key-release-grid+pedal-acoustic-grid,scarlatti_k79,LH,normal,notation-shortening,,,
57,78,2,71.5,0.875,0.125,0.125,0.0,0.166666667,0.166666667,0.041666667,0.041666667,0,0,1,0.901838446,next-voice-onset,scarlatti_k79,LH,normal,notation-shortening,,,
59,78,2,71.666666667,0.916666667,0.125,0.125,0.0,0.333333333,0.125,0.0,0.0,0,0,0,0.95,key-release-grid+pedal-acoustic-grid,scarlatti_k79,LH,normal,notation-shortening,,,
59,78,2,71.666666667,0.916666667,0.125,0.125,0.0,0.333333333,0.333333333,0.208333333,0.208333333,0,1,1,0.716168637,barline+next-voice-onset,scarlatti_k79,LH,normal,notation-shortening,,,
57,74,2,72.0,0.0,0.125,0.125,0.0,0.375,0.125,0.0,0.0,0,0,0,0.95,key-release-grid+pedal-acoustic-grid,scarlatti_k79,LH,normal,notation-shortening,,,
57,74,2,72.0,0.0,0.125,0.125,0.0,0.375,0.375,0.25,0.25,0,0,1,0.629776017,next-voice-onset,scarlatti_k79,LH,normal,notation-shortening,,,
55,85,2,72.375,0.09375,0.125,0.125,0.0,0.75,0.125,0.0,0.0,0,0,0,0.95,key-release-grid+pedal-acoustic-grid,scarlatti_k79,LH,normal,notation-shortening,,,
55,85,2,72.375,0.09375,0.125,0.125,0.0,0.75,0.75,0.625,0.625,0,0,1,0.338644996,next-voice-onset,scarlatti_k79,LH,normal,notation-shortening,,,
48,70,2,73.125,0.28125,0.125,0.125,0.0,17.875,0.125,0.0,0.0,0,0,0,0.95,key-release-grid+pedal-acoustic-grid,scarlatti_k79,LH,normal,notation-shortening,,,
48,70,2,73.125,0.28125,0.125,0.125,0.0,17.875,2.875,2.75,2.75,0,1,0,0.052081532,barline,scarlatti_k79,LH,normal,notation-shortening,,,
48,70,2,73.125,0.28125,0.125,0.125,0.0,17.875,17.875,17.75,17.75,1,0,1,0.018835291,next-voice-onset,scarlatti_k79,LH,normal,notation-shortening,,,
55,95,2,91.0,0.75,0.125,0.125,0.0,1.125,0.125,0.0,0.0,0,0,0,0.95,key-release-grid+pedal-acoustic-grid,scarlatti_k79,LH,normal,notation-shortening,,,
55,95,2,91.0,0.75,0.125,0.125,0.0,1.125,1.0,0.875,0.875,0,1,0,0.249126198,barline,scarlatti_k79,LH,normal,notation-shortening,,,
55,95,2,91.0,0.75,0.125,0.125,0.0,1.125,1.125,1.0,1.0,1,0,1,0.178966576,next-voice-onset,scarlatti_k79,LH,normal,notation-shortening,,,
55,88,2,92.125,0.03125,0.125,0.125,0.0,1.0,0.125,0.0,0.0,0,0,0,0.95,key-release-grid+pedal-acoustic-grid,scarlatti_k79,LH,normal,notation-shortening,,,
55,88,2,92.125,0.03125,0.125,0.125,0.0,1.0,1.0,0.875,0.875,0,0,1,0.229126198,next-voice-onset,scarlatti_k79,LH,normal,notation-shortening,,,
55,83,2,93.125,0.28125,0.125,0.125,0.0,0.875,0.125,0.0,0.0,0,0,0,0.95,key-release-grid+pedal-acoustic-grid,scarlatti_k79,LH,normal,notation-shortening,,,
55,83,2,93.125,0.28125,0.125,0.125,0.0,0.875,0.875,0.75,0.75,0,0,1,0.277833527,next-voice-onset,scarlatti_k79,LH,normal,notation-shortening,,,
57,82,2,94.0,0.5,0.125,0.125,0.0,0.25,0.125,0.0,0.0,0,0,0,0.95,key-release-grid+pedal-acoustic-grid,scarlatti_k79,LH,normal,notation-shortening,,,
57,82,2,94.0,0.5,0.125,0.125,0.0,0.25,0.25,0.125,0.125,0,0,1,0.780337542,next-voice-onset,scarlatti_k79,LH,normal,notation-shortening,,,
50,82,2,94.25,0.5625,0.125,0.125,0.0,0.875,0.125,0.0,0.0,0,0,0,0.95,key-release-grid+pedal-acoustic-grid,scarlatti_k79,LH,normal,notation-shortening,,,
50,82,2,94.25,0.5625,0.125,0.125,0.0,0.875,0.875,0.75,0.75,0,0,1,0.277833527,next-voice-onset,scarlatti_k79,LH,normal,notation-shortening,,,
57,81,2,95.125,0.78125,0.125,0.125,0.0,0.125,0.125,0.0,0.0,0,0,1,0.97,key-release-grid+next-voice-onset+pedal-acoustic-grid,scarlatti_k79,LH,normal,notation-shortening,,,
50,83,2,95.25,0.8125,0.125,0.125,0.0,0.75,0.125,0.0,0.0,0,0,0,0.95,key-release-grid+pedal-acoustic-grid,scarlatti_k79,LH,normal,notation-shortening,,,
50,83,2,95.25,0.8125,0.125,0.125,0.0,0.75,0.75,0.625,0.625,0,1,1,0.378644996,barline+next-voice-onset,scarlatti_k79,LH,normal,notation-shortening,,,
59,79,2,96.0,0.0,0.125,0.125,0.0,0.125,0.125,0.0,0.0,0,0,1,0.97,key-release-grid+next-voice-onset+pedal-acoustic-grid,scarlatti_k79,LH,normal,notation-shortening,,,
55,86,2,96.125,0.03125,0.125,0.125,0.0,0.25,0.125,0.0,0.0,0,0,0,0.95,key-release-grid+pedal-acoustic-grid,scarlatti_k79,LH,normal,notation-shortening,,,
55,86,2,96.125,0.03125,0.125,0.125,0.0,0.25,0.25,0.125,0.125,0,0,1,0.780337542,next-voice-onset,scarlatti_k79,LH,normal,notation-shortening,,,
48,81,2,96.375,0.09375,0.125,0.125,0.0,0.75,0.125,0.0,0.0,0,0,0,0.95,key-release-grid+pedal-acoustic-grid,scarlatti_k79,LH,normal,notation-shortening,,,
48,81,2,96.375,0.09375,0.125,0.125,0.0,0.75,0.75,0.625,0.625,0,0,1,0.338644996,next-voice-onset,scarlatti_k79,LH,normal,notation-shortening,,,
59,71,2,97.125,0.28125,0.25,0.25,0.0,1.125,0.25,0.0,0.0,0,0,0,0.95,key-release-grid+pedal-acoustic-grid,scarlatti_k79,LH,normal,notation-shortening,,,
59,71,2,97.125,0.28125,0.25,0.25,0.0,1.125,0.333333333,0.083333333,0.083333333,0,0,0,0.818746562,key-release-grid+pedal-acoustic-grid,scarlatti_k79,LH,normal,notation-shortening,,,
59,71,2,97.125,0.28125,0.25,0.25,0.0,1.125,1.125,0.875,0.875,0,0,1,0.229126198,next-voice-onset,scarlatti_k79,LH,normal,notation-shortening,,,
55,59,3,97.25,0.3125,0.125,0.125,0.0,0.125,0.125,0.0,0.0,0,0,1,0.97,key-release-grid+next-voice-onset+pedal-acoustic-grid,scarlatti_k79,LH,normal,notation-shortening,,,
48,87,3,97.375,0.34375,0.125,0.125,0.0,1.0,0.125,0.0,0.0,0,0,0,0.95,key-release-grid+pedal-acoustic-grid,scarlatti_k79,LH,normal,notation-shortening,,,
48,87,3,97.375,0.34375,0.125,0.125,0.0,1.0,1.0,0.875,0.875,0,0,1,0.229126198,next-voice-onset,scarlatti_k79,LH,normal,notation-shortening,,,
54,70,2,98.25,0.5625,0.25,0.25,0.0,0.625,0.25,0.0,0.0,0,0,0,0.95,key-release-grid+pedal-acoustic-grid,scarlatti_k79,LH,normal,notation-shortening,,,
54,70,2,98.25,0.5625,0.25,0.25,0.0,0.625,0.333333333,0.083333333,0.083333333,0,0,0,0.818746562,key-release-grid+pedal-acoustic-grid,scarlatti_k79,LH,normal,notation-shortening,,,
54,70,2,98.25,0.5625,0.25,0.25,0.0,0.625,0.625,0.375,0.375,0,0,1,0.510063625,next-voice-onset,scarlatti_k79,LH,normal,notation-shortening,,,
50,72,3,98.375,0.59375,0.125,0.125,0.0,0.125,0.125,0.0,0.0,0,0,1,0.97,key-release-grid+next-voice-onset+pedal-acoustic-grid,scarlatti_k79,LH,normal,notation-shortening,,,
43,87,3,98.5,0.625,0.125,0.125,0.0,1.0,0.125,0.0,0.0,0,0,0,0.95,key-release-grid+pedal-acoustic-grid,scarlatti_k79,LH,normal,notation-shortening,,,
43,87,3,98.5,0.625,0.125,0.125,0.0,1.0,1.0,0.875,0.875,0,0,1,0.229126198,next-voice-onset,scarlatti_k79,LH,normal,notation-shortening,,,
55,60,2,98.875,0.71875,0.25,0.25,0.0,0.375,0.25,0.0,0.0,0,0,0,0.95,key-release-grid+pedal-acoustic-grid,scarlatti_k79,LH,normal,notation-shortening,,,
55,60,2,98.875,0.71875,0.25,0.25,0.0,0.375,0.333333333,0.083333333,0.083333333,0,0,0,0.818746562,key-release-grid+pedal-acoustic-grid,scarlatti_k79,LH,normal,notation-shortening,,,
55,60,2,98.875,0.71875,0.25,0.25,0.0,0.375,0.375,0.125,0.125,0,0,1,0.780337542,next-voice-onset,scarlatti_k79,LH,normal,notation-shortening,,,
54,69,2,99.25,0.8125,0.125,0.125,0.0,0.125,0.125,0.0,0.0,0,0,1,0.97,key-release-grid+next-voice-onset+pedal-acoustic-grid,scarlatti_k79,LH,normal,notation-shortening,,,
50,71,2,99.375,0.84375,0.125,0.125,0.0,0.75,0.125,0.0,0.0,0,0,0,0.95,key-release-grid+pedal-acoustic-grid,scarlatti_k79,LH,normal,notation-shortening,,,
50,71,2,99.375,0.84375,0.125,0.125,0.0,0.75,0.625,0.5,0.5,0,1,0,0.434718518,barline,scarlatti_k79,LH,normal,notation-shortening,,,
50,71,2,99.375,0.84375,0.125,0.125,0.0,0.75,0.75,0.625,0.625,1,0,1,0.318923847,next-voice-onset,scarlatti_k79,LH,normal,notation-shortening,,,
43,89,3,99.5,0.875,0.125,0.125,0.0,0.833333333,0.125,0.0,0.0,0,0,0,0.95,key-release-grid+pedal-acoustic-grid,scarlatti_k79,LH,normal,notation-shortening,,,
43,89,3,99.5,0.875,0.125,0.125,0.0,0.833333333,0.5,0.375,0.375,0,1,0,0.530063625,barline,scarlatti_k79,LH,normal,notation-shortening,,,
43,89,3,99.5,0.875,0.125,0.125,0.0,0.833333333,0.833333333,0.708333333,0.708333333,1,0,1,0.27934477,next-voice-onset,scarlatti_k79,LH,normal,notation-shortening,,,
50,70,2,100.125,0.03125,0.25,0.25,0.0,1.0,0.25,0.0,0.0,0,0,0,0.95,key-release-grid+pedal-acoustic-grid,scarlatti_k79,LH,normal,notation-shortening,,,
50,70,2,100.125,0.03125,0.25,0.25,0.0,1.0,0.333333333,0.083333333,0.083333333,0,0,0,0.818746562,key-release-grid+pedal-acoustic-grid,scarlatti_k79,LH,normal,notation-shortening,,,
50,70,2,100.125,0.03125,0.25,0.25,0.0,1.0,1.0,0.75,0.75,0,0,1,0.277833527,next-voice-onset,scarlatti_k79,LH,normal,notation-shortening,,,
49,72,3,100.333333333,0.083333333,0.125,0.125,0.0,0.166666667,0.125,0.0,0.0,0,0,0,0.95,key-release-grid+pedal-acoustic-grid,scarlatti_k79,LH,normal,notation-shortening,,,
49,72,3,100.333333333,0.083333333,0.125,0.125,0.0,0.166666667,0.166666667,0.041666667,0.041666667,0,0,1,0.901838446,next-voice-onset,scarlatti_k79,LH,normal,notation-shortening,,,
45,79,3,100.5,0.125,0.125,0.125,0.0,0.125,0.125,0.0,0.0,0,0,1,0.97,key-release-grid+next-voice-onset+pedal-acoustic-grid,scarlatti_k79,LH,normal,notation-shortening,,,
38,85,3,100.625,0.15625,0.125,0.125,0.0,0.75,0.125,0.0,0.0,0,0,0,0.95,key-release-grid+pedal-acoustic-grid,scarlatti_k79,LH,normal,notation-shortening,,,
38,85,3,100.625,0.15625,0.125,0.125,0.0,0.75,0.75,0.625,0.625,0,0,1,0.338644996,next-voice-onset,scarlatti_k79,LH,normal,notation-shortening,,,
50,63,2,101.125,0.28125,0.333333333,0.333333333,-0.0,3.125,0.333333333,0.0,0.0,0,0,0,0.949999999,key-release-grid+pedal-acoustic-grid,scarlatti_k79,LH,normal,notation-shortening,,,
50,63,2,101.125,0.28125,0.333333333,0.333333333,-0.0,3.125,0.375,0.041666667,0.041666667,0,0,0,0.881838446,key-release-grid+pedal-acoustic-grid,scarlatti_k79,LH,normal,notation-shortening,,,
50,63,2,101.125,0.28125,0.333333333,0.333333333,-0.0,3.125,0.25,0.083333333,0.083333333,0,0,0,0.818746562,key-release-grid+pedal-acoustic-grid,scarlatti_k79,LH,normal,notation-shortening,,,
50,63,2,101.125,0.28125,0.333333333,0.333333333,-0.0,3.125,2.875,2.541666667,2.541666667,0,1,0,0.056179178,barline,scarlatti_k79,LH,normal,notation-shortening,,,
50,63,2,101.125,0.28125,0.333333333,0.333333333,-0.0,3.125,3.125,2.791666667,2.791666667,1,0,1,0.029574322,next-voice-onset,scarlatti_k79,LH,normal,notation-shortening,,,
49,61,3,101.375,0.34375,0.125,0.125,0.0,0.125,0.125,0.0,0.0,0,0,1,0.97,key-release-grid+next-voice-onset+pedal-acoustic-grid,scarlatti_k79,LH,normal,notation-shortening,,,
45,76,3,101.5,0.375,0.125,0.125,0.0,0.25,0.125,0.0,0.0,0,0,0,0.95,key-release-grid+pedal-acoustic-grid,scarlatti_k79,LH,normal,notation-shortening,,,
45,76,3,101.5,0.375,0.125,0.125,0.0,0.25,0.25,0.125,0.125,0,0,1,0.780337542,next-voice-onset,scarlatti_k79,LH,normal,notation-shortening,,,
38,76,3,101.75,0.4375,0.125,0.125,0.0,0.375,0.125,0.0,0.0,0,0,0,0.95,key-release-grid+pedal-acoustic-grid,scarlatti_k79,LH,normal,notation-shortening,,,
38,76,3,101.75,0.4375,0.125,0.125,0.0,0.375,0.375,0.25,0.25,0,0,1,0.629776017,next-voice-onset,scarlatti_k79,LH,normal,notation-shortening,,,
40,65,3,102.125,0.53125,0.125,0.125,0.0,0.375,0.125,0.0,0.0,0,0,0,0.95,key-release-grid+pedal-acoustic-grid,scarlatti_k79,LH,normal,notation-shortening,,,
40,65,3,102.125,0.53125,0.125,0.125,0.0,0.375,0.375,0.25,0.25,0,0,1,0.629776017,next-voice-onset,scarlatti_k79,LH,normal,notation-shortening,,,
42,83,3,102.5,0.625,0.125,0.125,0.0,0.25,0.125,0.0,0.0,0,0,0,0.95,key-release-grid+pedal-acoustic-grid,scarlatti_k79,LH,normal,notation-shortening,,,
42,83,3,102.5,0.625,0.125,0.125,0.0,0.25,0.25,0.125,0.125,0,0,1,0.780337542,next-voice-onset,scarlatti_k79,LH,normal,notation-shortening,,,
43,84,3,102.75,0.6875,0.125,0.125,0.0,0.375,0.125,0.0,0.0,0,0,0,0.95,key-release-grid+pedal-acoustic-grid,scarlatti_k79,LH,normal,notation-shortening,,,
43,84,3,102.75,0.6875,0.125,0.125,0.0,0.375,0.375,0.25,0.25,0,0,1,0.629776017,next-voice-onset,scarlatti_k79,LH,normal,notation-shortening,,,
45,68,3,103.125,0.78125,0.125,0.125,0.0,0.375,0.125,0.0,0.0,0,0,0,0.95,key-release-grid+pedal-acoustic-grid,scarlatti_k79,LH,normal,notation-shortening,,,
45,68,3,103.125,0.78125,0.125,0.125,0.0,0.375,0.375,0.25,0.25,0,0,1,0.629776017,next-voice-onset,scarlatti_k79,LH,normal,notation-shortening,,,
47,80,3,103.5,0.875,0.125,0.125,0.0,0.375,0.125,0.0,0.0,0,0,0,0.95,key-release-grid+pedal-acoustic-grid,scarlatti_k79,LH,normal,notation-shortening,,,
47,80,3,103.5,0.875,0.125,0.125,0.0,0.375,0.375,0.25,0.25,0,0,1,0.629776017,next-voice-onset,scarlatti_k79,LH,normal,notation-shortening,,,
48,77,3,103.875,0.96875,0.125,0.125,0.0,0.375,0.125,0.0,0.0,0,1,0,0.99,barline+key-release-grid+pedal-acoustic-grid,scarlatti_k79,LH,normal,notation-shortening,,,
48,77,3,103.875,0.96875,0.125,0.125,0.0,0.375,0.375,0.25,0.25,1,0,1,0.593100717,next-voice-onset,scarlatti_k79,LH,normal,notation-shortening,,,
50,72,2,104.25,0.0625,0.125,0.125,0.0,3.25,0.125,0.0,0.0,0,0,0,0.95,key-release-grid+pedal-acoustic-grid,scarlatti_k79,LH,normal,notation-shortening,,,
50,72,2,104.25,0.0625,0.125,0.125,0.0,3.25,3.25,3.125,3.125,0,0,1,0.027230754,next-voice-onset,scarlatti_k79,LH,normal,notation-shortening,,,
38,67,3,104.25,0.0625,0.125,0.125,0.0,0.375,0.125,0.0,0.0,0,0,0,0.95,key-release-grid+pedal-acoustic-grid,scarlatti_k79,LH,normal,notation-shortening,,,
38,67,3,104.25,0.0625,0.125,0.125,0.0,0.375,0.375,0.25,0.25,0,0,1,0.629776017,next-voice-onset,scarlatti_k79,LH,normal,notation-shortening,,,
38,72,3,104.625,0.15625,0.125,0.125,0.0,0.375,0.125,0.0,0.0,0,0,0,0.95,key-release-grid+pedal-acoustic-grid,scarlatti_k79,LH,normal,notation-shortening,,,
38,72,3,104.625,0.15625,0.125,0.125,0.0,0.375,0.375,0.25,0.25,0,0,1,0.629776017,next-voice-onset,scarlatti_k79,LH,normal,notation-shortening,,,
43,87,3,105.0,0.25,0.75,0.75,0.0,1.0,0.75,0.0,0.0,0,0,0,0.95,key-release-grid+pedal-acoustic-grid,scarlatti_k79,LH,normal,notation-shortening,,,
43,87,3,105.0,0.25,0.75,0.75,0.0,1.0,0.666666667,0.083333333,0.083333333,0,0,0,0.818746562,key-release-grid+pedal-acoustic-grid,scarlatti_k79,LH,normal,notation-shortening,,,
43,87,3,105.0,0.25,0.75,0.75,0.0,1.0,1.0,0.25,0.25,0,0,1,0.629776017,next-voice-onset,scarlatti_k79,LH,normal,notation-shortening,,,
43,95,3,106.0,0.5,0.875,0.875,0.0,1.125,0.875,0.0,0.0,0,0,0,0.95,key-release-grid+pedal-acoustic-grid,scarlatti_k79,LH,normal,notation-shortening,,,
43,95,3,106.0,0.5,0.875,0.875,0.0,1.125,1.0,0.125,0.125,0,0,0,0.760337542,key-release-grid+pedal-acoustic-grid,scarlatti_k79,LH,normal,notation-shortening,,,
43,95,3,106.0,0.5,0.875,0.875,0.0,1.125,1.125,0.25,0.25,0,0,1,0.629776017,next-voice-onset,scarlatti_k79,LH,normal,notation-shortening,,,
43,91,3,107.125,0.78125,0.625,0.625,0.0,0.875,0.625,0.0,0.0,0,0,0,0.95,key-release-grid+pedal-acoustic-grid,scarlatti_k79,LH,normal,notation-shortening,,,
43,91,3,107.125,0.78125,0.625,0.625,0.0,0.875,0.666666667,0.041666667,0.041666667,0,0,0,0.881838446,key-release-grid+pedal-acoustic-grid,scarlatti_k79,LH,normal,notation-shortening,,,
43,91,3,107.125,0.78125,0.625,0.625,0.0,0.875,0.5,0.125,0.125,0,0,0,0.760337542,key-release-grid+pedal-acoustic-grid,scarlatti_k79,LH,normal,notation-shortening,,,
43,91,3,107.125,0.78125,0.625,0.625,0.0,0.875,0.875,0.25,0.25,0,1,1,0.669776017,barline+next-voice-onset,scarlatti_k79,LH,normal,notation-shortening,,,
59,87,2,107.5,0.875,0.125,0.125,0.0,0.375,0.125,0.0,0.0,0,0,0,0.95,key-release-grid+pedal-acoustic-grid,scarlatti_k79,LH,normal,notation-shortening,,,
59,87,2,107.5,0.875,0.125,0.125,0.0,0.375,0.375,0.25,0.25,0,0,1,0.629776017,next-voice-onset,scarlatti_k79,LH,normal,notation-shortening,,,
55,81,2,107.875,0.96875,0.25,0.25,0.0,0.458333333,0.25,0.0,0.0,1,0,0,0.894676307,key-release-grid+pedal-acoustic-grid,scarlatti_k79,LH,normal,notation-shortening,,,
55,81,2,107.875,0.96875,0.25,0.25,0.0,0.458333333,0.125,0.125,0.125,0,1,0,0.800337542,barline,scarlatti_k79,LH,normal,notation-shortening,,,
55,81,2,107.875,0.96875,0.25,0.25,0.0,0.458333333,0.333333333,0.083333333,0.083333333,1,0,0,0.771066474,key-release-grid+pedal-acoustic-grid,scarlatti_k79,LH,normal,notation-shortening,,,
55,81,2,107.875,0.96875,0.25,0.25,0.0,0.458333333,0.458333333,0.208333333,0.208333333,1,0,1,0.636791641,next-voice-onset,scarlatti_k79,LH,normal,notation-shortening,,,
59,92,3,108.0,0.0,0.333333333,0.333333333,-0.0,0.333333333,0.333333333,0.0,0.0,0,0,1,0.969999999,key-release-grid+next-voice-onset+pedal-acoustic-grid,scarlatti_k79,LH,normal,notation-shortening,,,
59,92,3,108.0,0.0,0.333333333,0.333333333,-0.0,0.333333333,0.25,0.083333333,0.083333333,0,0,0,0.818746562,key-release-grid+pedal-acoustic-grid,scarlatti_k79,LH,normal,notation-shortening,,,
31,101,2,108.333333333,0.083333333,2.875,2.875,0.0,-1.0,2.875,0.0,0.0,0,0,0,0.95,key-release-grid+pedal-acoustic-grid,scarlatti_k79,LH,normal,notation-shortening,,,
31,101,2,108.333333333,0.083333333,2.875,2.875,0.0,-1.0,3.0,0.125,0.125,0,0,0,0.760337542,key-release-grid+pedal-acoustic-grid,scarlatti_k79,LH,normal,notation-shortening,,,
31,101,2,108.333333333,0.083333333,2.875,2.875,0.0,-1.0,3.666666667,0.791666667,0.791666667,0,1,0,0.280388016,barline,scarlatti_k79,LH,normal,notation-shortening,,,
55,98,3,108.333333333,0.083333333,0.541666667,0.541666667,0.0,0.541666667,0.541666667,0.0,0.0,0,0,1,0.969999999,next-voice-onset,scarlatti_k79,LH,normal,notation-shortening,,,
55,98,3,108.333333333,0.083333333,0.541666667,0.541666667,0.0,0.541666667,0.5,0.041666667,0.041666667,0,0,0,0.881838446,key-release-grid+pedal-acoustic-grid,scarlatti_k79,LH,normal,notation-shortening,,,
57,88,1,108.666666667,0.166666667,0.25,0.25,0.0,0.333333333,0.25,0.0,0.0,0,0,0,0.95,key-release-grid+pedal-acoustic-grid,scarlatti_k79,LH,normal,notation-shortening,,,
57,88,1,108.666666667,0.166666667,0.25,0.25,0.0,0.333333333,0.333333333,0.083333333,0.083333333,0,0,1,0.838746562,key-release-grid+next-voice-onset+pedal-acoustic-grid,scarlatti_k79,LH,normal,notation-shortening,,,
55,85,3,108.875,0.21875,0.25,1.278645833,1.028645833,0.25,0.25,0.0,1.028645833,0,0,1,0.792754148,key-release-grid+next-voice-onset,scarlatti_k79,LH,medium,pedal-only,,,
57,75,1,109.0,0.25,0.125,1.153645833,1.028645833,0.125,0.125,0.0,1.028645833,0,0,1,0.792754148,key-release-grid+next-voice-onset,scarlatti_k79,LH,medium,pedal-only,,,
57,83,1,109.125,0.28125,0.208333333,1.028645833,0.8203125,0.208333333,0.208333333,0.0,0.8203125,0,0,1,0.813418174,next-voice-onset,scarlatti_k79,LH,medium,pedal-only,,,
55,75,3,109.125,0.28125,0.125,1.028645833,0.903645833,0.208333333,0.125,0.0,0.903645833,0,0,0,0.78452826,key-release-grid,scarlatti_k79,LH,medium,pedal-only,,,
55,75,3,109.125,0.28125,0.125,1.028645833,0.903645833,0.208333333,0.208333333,0.083333333,0.8203125,0,0,1,0.705955383,next-voice-onset,scarlatti_k79,LH,medium,pedal-only,,,
57,78,1,109.333333333,0.333333333,0.291666667,0.8203125,0.528645833,0.291666667,0.291666667,0.0,0.528645833,0,0,1,0.8525667,next-voice-onset,scarlatti_k79,LH,medium,pedal-only,,,
57,78,1,109.333333333,0.333333333,0.291666667,0.8203125,0.528645833,0.291666667,0.25,0.041666667,0.5703125,0,0,0,0.770132436,key-release-grid,scarlatti_k79,LH,medium,pedal-only,,,
55,72,3,109.333333333,0.333333333,0.166666667,0.8203125,0.653645833,0.166666667,0.166666667,0.0,0.653645833,0,0,1,0.834101216,next-voice-onset,scarlatti_k79,LH,medium,pedal-only,,,
55,72,3,109.333333333,0.333333333,0.166666667,0.8203125,0.653645833,0.166666667,0.125,0.041666667,0.6953125,0,0,0,0.752567525,key-release-grid,scarlatti_k79,LH,medium,pedal-only,,,
55,74,3,109.5,0.375,0.25,0.653645833,0.403645833,0.25,0.25,0.0,0.403645833,0,0,1,0.874020532,key-release-grid+next-voice-onset,scarlatti_k79,LH,medium,pedal-only,,,
57,82,1,109.625,0.40625,0.125,0.528645833,0.403645833,0.125,0.125,0.0,0.403645833,0,0,1,0.874020532,key-release-grid+next-voice-onset,scarlatti_k79,LH,medium,pedal-only,,,
57,75,1,109.75,0.4375,0.375,0.403645833,0.028645833,-1.0,0.375,0.0,0.028645833,0,0,0,0.941552277,key-release-grid+pedal-acoustic-grid,scarlatti_k79,LH,normal,notation-shortening,,,
57,75,1,109.75,0.4375,0.375,0.403645833,0.028645833,-1.0,0.333333333,0.041666667,0.0703125,0,0,0,0.873802723,key-release-grid+pedal-acoustic-grid,scarlatti_k79,LH,normal,notation-shortening,,,
57,75,1,109.75,0.4375,0.375,0.403645833,0.028645833,-1.0,0.5,0.125,0.096354167,0,0,0,0.767862852,key-release-grid+pedal-acoustic-grid,scarlatti_k79,LH,normal,notation-shortening,,,
57,75,1,109.75,0.4375,0.375,0.403645833,0.028645833,-1.0,2.25,1.875,1.846354167,0,1,0,0.083733751,barline,scarlatti_k79,LH,normal,notation-shortening,,,
55,78,3,109.75,0.4375,0.125,0.403645833,0.278645833,0.125,0.125,0.0,0.278645833,0,0,1,0.898946328,key-release-grid+next-voice-onset,scarlatti_k79,LH,medium,pedal-only,,,
55,86,3,109.875,0.46875,0.25,0.278645833,0.028645833,0.25,0.25,0.0,0.028645833,0,0,1,0.961552277,key-release-grid+next-voice-onset+pedal-acoustic-grid,scarlatti_k79,LH,normal,notation-shortening,,,
54,79,4,110.0,0.5,0.125,0.153645833,0.028645833,-1.0,0.125,0.0,0.028645833,0,0,0,0.941552277,key-release-grid+pedal-acoustic-grid,scarlatti_k79,LH,normal,notation-shortening,,,
54,79,4,110.0,0.5,0.125,0.153645833,0.028645833,-1.0,0.25,0.125,0.096354167,0,0,0,0.767862852,pedal-acoustic-grid,scarlatti_k79,LH,normal,notation-shortening,,,
54,79,4,110.0,0.5,0.125,0.153645833,0.028645833,-1.0,2.0,1.875,1.846354167,0,1,0,0.083733751,barline,scarlatti_k79,LH,normal,notation-shortening,,,
55,84,3,110.125,0.53125,5.5,5.5,0.0,-1.0,5.5,0.0,0.0,1,0,0,0.894676307,key-release-grid+pedal-acoustic-grid,scarlatti_k79,LH,normal,notation-shortening,,,
55,84,3,110.125,0.53125,5.5,5.5,0.0,-1.0,5.333333333,0.166666667,0.166666667,1,0,0,0.665125539,key-release-grid+pedal-acoustic-grid,scarlatti_k79,LH,normal,notation-shortening,,,
55,84,3,110.125,0.53125,5.5,5.5,0.0,-1.0,1.875,3.625,3.625,0,1,0,0.043723825,barline,scarlatti_k79,LH,normal,notation-shortening,,,
